bill_number,session,session_type,chamber,action_date,action,order
HB22-1001,2022,RS,House,2022-01-12,Introduced In House - Assigned to Business Affairs & Labor,1
HB22-1001,2022,RS,House,2022-02-16,House Committee on Business Affairs & Labor Refer Amended to Finance,2
HB22-1001,2022,RS,House,2022-03-07,House Committee on Finance Refer Amended to Appropriations,3
HB22-1001,2022,RS,House,2022-03-18,House Committee on Appropriations Refer Unamended to House Committee of the Whole,4
HB22-1001,2022,RS,House,2022-03-18,House Second Reading Special Order - Passed with Amendments - Committee,5
HB22-1001,2022,RS,House,2022-03-21,House Third Reading Passed - No Amendments,6
HB22-1001,2022,RS,Senate,2022-03-23,Introduced In Senate - Assigned to Finance,7
HB22-1001,2022,RS,Senate,2022-03-30,Senate Committee on Finance Refer Unamended to Appropriations,8
HB22-1001,2022,RS,Senate,2022-05-09,Senate Committee on Appropriations Refer Amended to Senate Committee of the Whole,9
HB22-1001,2022,RS,Senate,2022-05-09,Senate Second Reading Special Order - Passed with Amendments - Committee,10
HB22-1001,2022,RS,Senate,2022-05-10,Senate Third Reading Passed - No Amendments,11
HB22-1001,2022,RS,House,2022-05-11,House Considered Senate Amendments - Result was to Concur - Repass,12
HB22-1001,2022,RS,House,2022-05-14,Signed by the Speaker of the House,13
HB22-1001,2022,RS,Senate,2022-05-16,Signed by the President of the Senate,14
HB22-1001,2022,RS,Governor,2022-05-16,Sent to the Governor,15
HB22-1001,2022,RS,Governor,2022-05-16,Governor Signed,16
HB22-1002,2022,RS,House,2022-01-12,Introduced In House - Assigned to Education,1
HB22-1002,2022,RS,House,2022-02-03,House Committee on Education Refer Amended to Appropriations,2
HB22-1002,2022,RS,House,2022-05-12,House Committee on Appropriations Lay Over Unamended - Amendment(s) Failed,3
HB22-1003,2022,RS,House,2022-01-12,Introduced In House - Assigned to Judiciary,1
HB22-1003,2022,RS,House,2022-02-16,House Committee on Judiciary Refer Amended to Appropriations,2
HB22-1003,2022,RS,House,2022-03-15,House Committee on Appropriations Refer Amended to House Committee of the Whole,3
HB22-1003,2022,RS,House,2022-03-16,House Second Reading Special Order - Passed with Amendments - Committee,4
HB22-1003,2022,RS,House,2022-03-17,House Third Reading Passed - No Amendments,5
HB22-1003,2022,RS,Senate,2022-03-21,Introduced In Senate - Assigned to Judiciary,6
HB22-1003,2022,RS,Senate,2022-03-31,Senate Committee on Judiciary Refer Unamended to Appropriations,7
HB22-1003,2022,RS,Senate,2022-04-25,Senate Committee on Appropriations Refer Unamended to Senate Committee of the Whole,8
HB22-1003,2022,RS,Senate,2022-04-27,Senate Second Reading Passed - No Amendments,9
HB22-1003,2022,RS,Senate,2022-04-28,Senate Third Reading Passed - No Amendments,10
HB22-1003,2022,RS,House,2022-05-06,Signed by the Speaker of the House,11
HB22-1003,2022,RS,Senate,2022-05-09,Signed by the President of the Senate,12
HB22-1003,2022,RS,Governor,2022-05-09,Sent to the Governor,13
HB22-1003,2022,RS,Governor,2022-05-19,Governor Signed,14
HB22-1004,2022,RS,House,2022-01-12,Introduced In House - Assigned to Transportation & Local Government,1
HB22-1004,2022,RS,House,2022-02-01,House Committee on Transportation & Local Government Refer Unamended to Appropriations,2
HB22-1004,2022,RS,House,2022-03-18,House Committee on Appropriations Refer Unamended to House Committee of the Whole,3
HB22-1004,2022,RS,House,2022-03-22,House Second Reading Passed - No Amendments,4
HB22-1004,2022,RS,House,2022-03-23,House Third Reading Laid Over Daily - No Amendments,5
HB22-1004,2022,RS,House,2022-03-25,House Third Reading Passed - No Amendments,6
HB22-1004,2022,RS,Senate,2022-03-28,Introduced In Senate - Assigned to Appropriations,7
HB22-1004,2022,RS,Senate,2022-05-06,Senate Committee on Appropriations Refer Unamended to Senate Committee of the Whole,8
HB22-1004,2022,RS,Senate,2022-05-06,Senate Second Reading Special Order - Passed - No Amendments,9
HB22-1004,2022,RS,Senate,2022-05-09,Senate Third Reading Passed with Amendments - Floor,10
HB22-1004,2022,RS,House,2022-05-10,House Considered Senate Amendments - Result was to Concur - Repass,11
HB22-1004,2022,RS,House,2022-05-14,Signed by the Speaker of the House,12
HB22-1004,2022,RS,Senate,2022-05-16,Signed by the President of the Senate,13
HB22-1004,2022,RS,Governor,2022-05-16,Sent to the Governor,14
HB22-1004,2022,RS,Governor,2022-05-16,Governor Signed,15
HB22-1005,2022,RS,House,2022-01-12,Introduced In House - Assigned to Health & Insurance,1
HB22-1005,2022,RS,House,2022-02-01,House Committee on Health & Insurance Refer Amended to Finance,2
HB22-1005,2022,RS,House,2022-02-17,House Committee on Finance Refer Unamended to Appropriations,3
HB22-1005,2022,RS,House,2022-04-22,House Committee on Appropriations Refer Unamended to House Committee of the Whole,4
HB22-1005,2022,RS,House,2022-04-22,House Second Reading Special Order - Passed with Amendments - Committee,5
HB22-1005,2022,RS,House,2022-04-25,House Third Reading Passed - No Amendments,6
HB22-1005,2022,RS,Senate,2022-04-28,Introduced In Senate - Assigned to Finance,7
HB22-1005,2022,RS,Senate,2022-05-04,Senate Committee on Finance Refer Unamended to Appropriations,8
HB22-1005,2022,RS,Senate,2022-05-06,Senate Committee on Appropriations Refer Unamended - Consent Calendar to Senate Committee of the Whole,9
HB22-1005,2022,RS,Senate,2022-05-06,Senate Second Reading Special Order - Passed - No Amendments,10
HB22-1005,2022,RS,Senate,2022-05-09,Senate Third Reading Passed - No Amendments,11
HB22-1005,2022,RS,House,2022-05-14,Signed by the Speaker of the House,12
HB22-1005,2022,RS,Senate,2022-05-16,Signed by the President of the Senate,13
HB22-1005,2022,RS,Governor,2022-05-16,Sent to the Governor,14
HB22-1005,2022,RS,Governor,2022-06-01,Governor Signed,15
HB22-1006,2022,RS,House,2022-01-12,Introduced In House - Assigned to Public & Behavioral Health & Human Services,1
HB22-1006,2022,RS,House,2022-02-01,House Committee on Public & Behavioral Health & Human Services Refer Unamended to Appropriations,2
HB22-1006,2022,RS,House,2022-04-28,House Committee on Appropriations Refer Unamended to House Committee of the Whole,3
HB22-1006,2022,RS,House,2022-04-28,House Second Reading Special Order - Passed - No Amendments,4
HB22-1006,2022,RS,House,2022-04-29,House Third Reading Passed - No Amendments,5
HB22-1006,2022,RS,Senate,2022-04-29,Introduced In Senate - Assigned to Finance,6
HB22-1006,2022,RS,Senate,2022-05-04,Senate Committee on Finance Refer Amended to Appropriations,7
HB22-1006,2022,RS,Senate,2022-05-06,Senate Committee on Appropriations Refer Unamended - Consent Calendar to Senate Committee of the Whole,8
HB22-1006,2022,RS,Senate,2022-05-06,Senate Second Reading Special Order - Passed with Amendments - Committee,9
HB22-1006,2022,RS,Senate,2022-05-09,Senate Third Reading Passed - No Amendments,10
HB22-1006,2022,RS,House,2022-05-10,House Considered Senate Amendments - Result was to Concur - Repass,11
HB22-1006,2022,RS,House,2022-05-16,Signed by the Speaker of the House,12
HB22-1006,2022,RS,Senate,2022-05-16,Signed by the President of the Senate,13
HB22-1006,2022,RS,Governor,2022-05-16,Sent to the Governor,14
HB22-1006,2022,RS,Governor,2022-06-01,Governor Signed,15
HB22-1007,2022,RS,House,2022-01-12,Introduced In House - Assigned to Energy & Environment,1
HB22-1007,2022,RS,House,2022-02-17,House Committee on Energy & Environment Refer Amended to Finance,2
HB22-1007,2022,RS,House,2022-03-07,House Committee on Finance Refer Amended to Appropriations,3
HB22-1007,2022,RS,House,2022-04-21,House Committee on Appropriations Refer Amended to House Committee of the Whole,4
HB22-1007,2022,RS,House,2022-04-21,House Second Reading Special Order - Passed with Amendments - Committee,5
HB22-1007,2022,RS,House,2022-04-22,House Third Reading Passed - No Amendments,6
HB22-1007,2022,RS,Senate,2022-04-26,Introduced In Senate - Assigned to Finance,7
HB22-1007,2022,RS,Senate,2022-05-02,Senate Committee on Finance Refer Unamended to Appropriations,8
HB22-1007,2022,RS,Senate,2022-05-04,Senate Committee on Appropriations Refer Unamended to Senate Committee of the Whole,9
HB22-1007,2022,RS,Senate,2022-05-04,Senate Second Reading Special Order - Passed - No Amendments,10
HB22-1007,2022,RS,Senate,2022-05-05,Senate Third Reading Passed - No Amendments,11
HB22-1007,2022,RS,House,2022-05-20,Signed by the Speaker of the House,12
HB22-1007,2022,RS,Senate,2022-05-20,Signed by the President of the Senate,13
HB22-1007,2022,RS,Governor,2022-05-20,Sent to the Governor,14
HB22-1007,2022,RS,Governor,2022-06-03,Governor Signed,15
HB22-1008,2022,RS,House,2022-01-12,Introduced In House - Assigned to Health & Insurance,1
HB22-1008,2022,RS,House,2022-02-09,House Committee on Health & Insurance Refer Amended to House Committee of the Whole,2
HB22-1008,2022,RS,House,2022-02-14,House Second Reading Passed with Amendments - Committee,3
HB22-1008,2022,RS,House,2022-02-15,House Third Reading Passed - No Amendments,4
HB22-1008,2022,RS,Senate,2022-02-18,Introduced In Senate - Assigned to Health & Human Services,5
HB22-1008,2022,RS,Senate,2022-03-21,Senate Committee on Health & Human Services Refer Unamended to Senate Committee of the Whole,6
HB22-1008,2022,RS,Senate,2022-03-24,Senate Second Reading Laid Over Daily - No Amendments,7
HB22-1008,2022,RS,Senate,2022-03-25,Senate Second Reading Passed - No Amendments,8
HB22-1008,2022,RS,Senate,2022-03-28,Senate Third Reading Passed - No Amendments,9
HB22-1008,2022,RS,House,2022-04-07,Signed by the Speaker of the House,10
HB22-1008,2022,RS,Governor,2022-04-08,Sent to the Governor,11
HB22-1008,2022,RS,Senate,2022-04-08,Signed by the President of the Senate,12
HB22-1008,2022,RS,Governor,2022-04-13,Governor Signed,13
HB22-1009,2022,RS,House,2022-01-12,Introduced In House - Assigned to Education,1
HB22-1009,2022,RS,House,2022-04-14,House Committee on Education Refer Amended to Appropriations,2
HB22-1009,2022,RS,House,2022-05-12,House Committee on Appropriations Lay Over Unamended - Amendment(s) Failed,3
HB22-1010,2022,RS,House,2022-01-12,Introduced In House - Assigned to Education,1
HB22-1010,2022,RS,House,2022-02-03,House Committee on Education Refer Amended to Finance,2
HB22-1010,2022,RS,House,2022-02-10,House Committee on Finance Refer Unamended to Appropriations,3
HB22-1010,2022,RS,House,2022-04-14,House Committee on Appropriations Refer Amended to House Committee of the Whole,4
HB22-1010,2022,RS,House,2022-04-14,House Second Reading Special Order - Passed with Amendments - Committee,5
HB22-1010,2022,RS,House,2022-04-18,House Third Reading Passed - No Amendments,6
HB22-1010,2022,RS,Senate,2022-04-20,Introduced In Senate - Assigned to Finance,7
HB22-1010,2022,RS,Senate,2022-04-27,Senate Committee on Finance Refer Amended to Appropriations,8
HB22-1010,2022,RS,Senate,2022-05-03,Senate Committee on Appropriations Refer Unamended - Consent Calendar to Senate Committee of the Whole,9
HB22-1010,2022,RS,Senate,2022-05-03,Senate Second Reading Special Order - Laid Over Daily - No Amendments,10
HB22-1010,2022,RS,Senate,2022-05-04,"Senate Second Reading Special Order - Passed with Amendments - Committee, Floor",11
HB22-1010,2022,RS,Senate,2022-05-05,Senate Third Reading Passed - No Amendments,12
HB22-1010,2022,RS,House,2022-05-09,House Considered Senate Amendments - Result was to Laid Over Daily,13
HB22-1010,2022,RS,House,2022-05-10,House Considered Senate Amendments - Result was to Concur - Repass,14
HB22-1010,2022,RS,House,2022-06-01,Signed by the Speaker of the House,15
HB22-1010,2022,RS,Senate,2022-06-01,Signed by the President of the Senate,16
HB22-1010,2022,RS,Governor,2022-06-01,Sent to the Governor,17
HB22-1010,2022,RS,Governor,2022-06-03,Governor Signed,18
HB22-1011,2022,RS,House,2022-01-12,Introduced In House - Assigned to Energy & Environment,1
HB22-1011,2022,RS,House,2022-02-17,House Committee on Energy & Environment Refer Amended to Appropriations,2
HB22-1011,2022,RS,House,2022-04-28,House Committee on Appropriations Refer Amended to House Committee of the Whole,3
HB22-1011,2022,RS,House,2022-04-28,"House Second Reading Special Order - Passed with Amendments - Committee, Floor",4
HB22-1011,2022,RS,House,2022-04-29,House Third Reading Re-referred to House Committee of the Whole - No Amendments,5
HB22-1011,2022,RS,House,2022-04-29,House Second Reading Re-referred to Appropriations - No Amendments,6
HB22-1011,2022,RS,House,2022-05-02,House Third Reading Laid Over Daily - No Amendments,7
HB22-1011,2022,RS,House,2022-05-03,House Third Reading Passed - No Amendments,8
HB22-1011,2022,RS,Senate,2022-05-03,Introduced In Senate - Assigned to Appropriations,9
HB22-1011,2022,RS,Senate,2022-05-06,Senate Committee on Appropriations Refer Amended to Senate Committee of the Whole,10
HB22-1011,2022,RS,Senate,2022-05-06,Senate Second Reading Special Order - Passed with Amendments - Committee,11
HB22-1011,2022,RS,Senate,2022-05-09,Senate Third Reading Passed with Amendments - Floor,12
HB22-1011,2022,RS,House,2022-05-10,House Considered Senate Amendments - Result was to Concur - Repass,13
HB22-1011,2022,RS,House,2022-06-01,Signed by the Speaker of the House,14
HB22-1011,2022,RS,Senate,2022-06-01,Signed by the President of the Senate,15
HB22-1011,2022,RS,Governor,2022-06-01,Sent to the Governor,16
HB22-1011,2022,RS,Governor,2022-06-03,Governor Signed,17
HB22-1012,2022,RS,House,2022-01-12,Introduced In House - Assigned to Energy & Environment,1
HB22-1012,2022,RS,House,2022-02-17,House Committee on Energy & Environment Refer Amended to Appropriations,2
HB22-1012,2022,RS,House,2022-04-22,House Committee on Appropriations Refer Amended to House Committee of the Whole,3
HB22-1012,2022,RS,House,2022-04-22,House Second Reading Special Order - Laid Over Daily - No Amendments,4
HB22-1012,2022,RS,House,2022-04-26,House Second Reading Special Order - Passed with Amendments - Committee,5
HB22-1012,2022,RS,House,2022-04-27,House Third Reading Passed - No Amendments,6
HB22-1012,2022,RS,Senate,2022-04-27,Introduced In Senate - Assigned to Finance,7
HB22-1012,2022,RS,Senate,2022-05-02,Senate Committee on Finance Refer Unamended to Appropriations,8
HB22-1012,2022,RS,Senate,2022-05-06,Senate Committee on Appropriations Refer Amended to Senate Committee of the Whole,9
HB22-1012,2022,RS,Senate,2022-05-06,Senate Second Reading Special Order - Passed with Amendments - Committee,10
HB22-1012,2022,RS,Senate,2022-05-09,Senate Third Reading Passed - No Amendments,11
HB22-1012,2022,RS,House,2022-05-10,House Considered Senate Amendments - Result was to Concur - Repass,12
HB22-1012,2022,RS,House,2022-05-23,Signed by the Speaker of the House,13
HB22-1012,2022,RS,Senate,2022-05-25,Signed by the President of the Senate,14
HB22-1012,2022,RS,Governor,2022-05-25,Sent to the Governor,15
HB22-1012,2022,RS,Governor,2022-06-03,Governor Signed,16
HB22-1013,2022,RS,House,2022-01-12,Introduced In House - Assigned to Energy & Environment,1
HB22-1013,2022,RS,House,2022-02-03,House Committee on Energy & Environment Refer Amended to Appropriations,2
HB22-1013,2022,RS,House,2022-04-29,House Committee on Appropriations Refer Amended to House Committee of the Whole,3
HB22-1013,2022,RS,House,2022-04-29,"House Second Reading Special Order - Passed with Amendments - Committee, Floor",4
HB22-1013,2022,RS,House,2022-05-02,House Third Reading Passed - No Amendments,5
HB22-1013,2022,RS,Senate,2022-05-02,Introduced In Senate - Assigned to Transportation & Energy,6
HB22-1013,2022,RS,Senate,2022-05-03,Senate Committee on Transportation & Energy Refer Unamended to Appropriations,7
HB22-1013,2022,RS,Senate,2022-05-05,Senate Committee on Appropriations Refer Amended - Consent Calendar to Senate Committee of the Whole,8
HB22-1013,2022,RS,Senate,2022-05-05,Senate Second Reading Special Order - Passed with Amendments - Committee,9
HB22-1013,2022,RS,Senate,2022-05-06,Senate Third Reading Passed - No Amendments,10
HB22-1013,2022,RS,House,2022-05-09,House Considered Senate Amendments - Result was to Laid Over Daily,11
HB22-1013,2022,RS,House,2022-05-10,House Considered Senate Amendments - Result was to Concur - Repass,12
HB22-1013,2022,RS,House,2022-05-20,Signed by the Speaker of the House,13
HB22-1013,2022,RS,Senate,2022-05-20,Signed by the President of the Senate,14
HB22-1013,2022,RS,Governor,2022-05-20,Sent to the Governor,15
HB22-1013,2022,RS,Governor,2022-06-02,Governor Signed,16
HB22-1014,2022,RS,House,2022-01-12,Introduced In House - Assigned to Finance,1
HB22-1014,2022,RS,House,2022-02-07,House Committee on Finance Refer Unamended to Appropriations,2
HB22-1014,2022,RS,House,2022-04-05,House Committee on Appropriations Refer Amended to House Committee of the Whole,3
HB22-1014,2022,RS,House,2022-04-05,House Second Reading Special Order - Passed with Amendments - Committee,4
HB22-1014,2022,RS,House,2022-04-06,House Third Reading Passed - No Amendments,5
HB22-1014,2022,RS,Senate,2022-04-07,Introduced In Senate - Assigned to Finance,6
HB22-1014,2022,RS,Senate,2022-04-27,Senate Committee on Finance Refer Unamended to Appropriations,7
HB22-1014,2022,RS,Senate,2022-05-03,Senate Committee on Appropriations Refer Unamended to Senate Committee of the Whole,8
HB22-1014,2022,RS,Senate,2022-05-03,Senate Second Reading Laid Over Daily - No Amendments,9
HB22-1014,2022,RS,Senate,2022-05-04,Senate Second Reading Special Order - Passed with Amendments - Floor,10
HB22-1014,2022,RS,Senate,2022-05-05,Senate Third Reading Passed - No Amendments,11
HB22-1014,2022,RS,House,2022-05-09,House Considered Senate Amendments - Result was to Laid Over Daily,12
HB22-1014,2022,RS,House,2022-05-10,House Considered Senate Amendments - Result was to Concur - Repass,13
HB22-1014,2022,RS,House,2022-05-25,Signed by the Speaker of the House,14
HB22-1014,2022,RS,Senate,2022-05-25,Signed by the President of the Senate,15
HB22-1014,2022,RS,Governor,2022-05-25,Sent to the Governor,16
HB22-1014,2022,RS,Governor,2022-05-26,Governor Signed,17
HB22-1015,2022,RS,House,2022-01-12,Introduced In House - Assigned to Health & Insurance,1
HB22-1015,2022,RS,House,2022-03-16,House Committee on Health & Insurance Postpone Indefinitely,2
HB22-1016,2022,RS,House,2022-01-12,"Introduced In House - Assigned to Agriculture, Livestock, & Water",1
HB22-1016,2022,RS,House,2022-02-14,"House Committee on Agriculture, Livestock, & Water Refer Unamended to Appropriations",2
HB22-1016,2022,RS,House,2022-03-03,House Committee on Appropriations Refer Amended to House Committee of the Whole,3
HB22-1016,2022,RS,House,2022-03-03,House Second Reading Special Order - Passed with Amendments - Committee,4
HB22-1016,2022,RS,House,2022-03-04,House Third Reading Passed - No Amendments,5
HB22-1016,2022,RS,Senate,2022-03-07,Introduced In Senate - Assigned to Finance,6
HB22-1016,2022,RS,Senate,2022-03-16,Senate Committee on Finance Refer Unamended to Appropriations,7
HB22-1016,2022,RS,Senate,2022-04-01,Senate Committee on Appropriations Refer Unamended - Consent Calendar to Senate Committee of the Whole,8
HB22-1016,2022,RS,Senate,2022-04-01,Senate Second Reading Special Order - Passed - No Amendments,9
HB22-1016,2022,RS,Senate,2022-04-04,Senate Third Reading Passed - No Amendments,10
HB22-1016,2022,RS,House,2022-04-14,Signed by the Speaker of the House,11
HB22-1016,2022,RS,Senate,2022-04-14,Signed by the President of the Senate,12
HB22-1016,2022,RS,Governor,2022-04-14,Sent to the Governor,13
HB22-1016,2022,RS,Governor,2022-04-21,Governor Signed,14
HB22-1017,2022,RS,House,2022-01-12,Introduced In House - Assigned to Business Affairs & Labor,1
HB22-1017,2022,RS,House,2022-02-17,House Committee on Business Affairs & Labor Refer Amended to House Committee of the Whole,2
HB22-1017,2022,RS,House,2022-02-23,House Second Reading Passed with Amendments - Committee,3
HB22-1017,2022,RS,House,2022-02-24,House Third Reading Passed - No Amendments,4
HB22-1017,2022,RS,Senate,2022-02-28,"Introduced In Senate - Assigned to Business, Labor, & Technology",5
HB22-1017,2022,RS,Senate,2022-03-07,"Senate Committee on Business, Labor, & Technology Refer Unamended - Consent Calendar to Senate Committee of the Whole",6
HB22-1017,2022,RS,Senate,2022-03-09,Senate Second Reading Special Order - Passed - No Amendments,7
HB22-1017,2022,RS,Senate,2022-03-10,Senate Third Reading Passed - No Amendments,8
HB22-1017,2022,RS,House,2022-03-17,Signed by the Speaker of the House,9
HB22-1017,2022,RS,Senate,2022-03-18,Signed by the President of the Senate,10
HB22-1017,2022,RS,Governor,2022-03-18,Sent to the Governor,11
HB22-1017,2022,RS,Governor,2022-03-24,Governor Signed,12
HB22-1018,2022,RS,House,2022-01-12,Introduced In House - Assigned to Energy & Environment + Appropriations,1
HB22-1018,2022,RS,House,2022-02-10,House Committee on Energy & Environment Refer Amended to Finance,2
HB22-1018,2022,RS,House,2022-02-17,House Committee on Finance Refer Amended to Appropriations,3
HB22-1018,2022,RS,House,2022-03-03,House Committee on Appropriations Refer Unamended to House Committee of the Whole,4
HB22-1018,2022,RS,House,2022-03-03,House Second Reading Special Order - Laid Over Daily - No Amendments,5
HB22-1018,2022,RS,House,2022-03-04,House Second Reading Special Order - Passed with Amendments - Committee,6
HB22-1018,2022,RS,House,2022-03-07,House Third Reading Passed - No Amendments,7
HB22-1018,2022,RS,Senate,2022-03-10,Introduced In Senate - Assigned to Transportation & Energy,8
HB22-1018,2022,RS,Senate,2022-03-29,Senate Committee on Transportation & Energy Refer Unamended - Consent Calendar to Senate Committee of the Whole,9
HB22-1018,2022,RS,Senate,2022-04-01,Senate Second Reading Passed - No Amendments,10
HB22-1018,2022,RS,Senate,2022-04-04,Senate Third Reading Passed - No Amendments,11
HB22-1018,2022,RS,House,2022-04-18,Signed by the Speaker of the House,12
HB22-1018,2022,RS,Senate,2022-04-18,Signed by the President of the Senate,13
HB22-1018,2022,RS,Governor,2022-04-19,Sent to the Governor,14
HB22-1018,2022,RS,Governor,2022-04-21,Governor Signed,15
HB22-1019,2022,RS,House,2022-01-12,Introduced In House - Assigned to Education,1
HB22-1019,2022,RS,House,2022-03-31,House Committee on Education Postpone Indefinitely,2
HB22-1020,2022,RS,House,2022-01-12,Introduced In House - Assigned to Energy & Environment,1
HB22-1020,2022,RS,House,2022-02-03,House Committee on Energy & Environment Postpone Indefinitely,2
HB22-1021,2022,RS,House,2022-01-12,"Introduced In House - Assigned to State, Civic, Military, & Veterans Affairs",1
HB22-1021,2022,RS,House,2022-03-14,"House Committee on State, Civic, Military, & Veterans Affairs Postpone Indefinitely",2
HB22-1022,2022,RS,House,2022-01-12,"Introduced In House - Assigned to Agriculture, Livestock, & Water",1
HB22-1022,2022,RS,House,2022-02-03,"House Committee on Agriculture, Livestock, & Water Refer Unamended to House Committee of the Whole",2
HB22-1022,2022,RS,House,2022-02-07,House Second Reading Laid Over Daily - No Amendments,3
HB22-1022,2022,RS,House,2022-02-08,House Second Reading Laid Over to 02/22/2022 - No Amendments,4
HB22-1022,2022,RS,House,2022-02-23,House Second Reading Passed with Amendments - Floor,5
HB22-1022,2022,RS,House,2022-02-24,House Third Reading Laid Over to 03/01/2022 - No Amendments,6
HB22-1022,2022,RS,House,2022-03-01,House Third Reading Passed - No Amendments,7
HB22-1022,2022,RS,Senate,2022-03-04,Introduced In Senate - Assigned to Agriculture & Natural Resources,8
HB22-1022,2022,RS,Senate,2022-03-17,Senate Committee on Agriculture & Natural Resources Refer Unamended - Consent Calendar to Senate Committee of the Whole,9
HB22-1022,2022,RS,Senate,2022-03-22,Senate Second Reading Passed - No Amendments,10
HB22-1022,2022,RS,Senate,2022-03-23,Senate Third Reading Passed - No Amendments,11
HB22-1022,2022,RS,House,2022-04-01,Signed by the Speaker of the House,12
HB22-1022,2022,RS,Governor,2022-04-04,Sent to the Governor,13
HB22-1022,2022,RS,Senate,2022-04-04,Signed by the President of the Senate,14
HB22-1022,2022,RS,Governor,2022-04-12,Governor Signed,15
HB22-1023,2022,RS,House,2022-01-12,Introduced In House - Assigned to Finance,1
HB22-1023,2022,RS,House,2022-02-03,House Committee on Finance Postpone Indefinitely,2
HB22-1024,2022,RS,House,2022-01-12,Introduced In House - Assigned to Transportation & Local Government,1
HB22-1024,2022,RS,House,2022-02-08,House Committee on Transportation & Local Government Refer Amended to Appropriations,2
HB22-1024,2022,RS,House,2022-02-17,House Committee on Appropriations Refer Amended to House Committee of the Whole,3
HB22-1024,2022,RS,House,2022-02-22,House Second Reading Laid Over Daily - No Amendments,4
HB22-1024,2022,RS,House,2022-02-23,"House Second Reading Passed with Amendments - Committee, Floor",5
HB22-1024,2022,RS,House,2022-02-24,House Third Reading Passed - No Amendments,6
HB22-1024,2022,RS,Senate,2022-02-28,Introduced In Senate - Assigned to Finance,7
HB22-1024,2022,RS,Senate,2022-03-09,Senate Committee on Finance Refer Unamended to Appropriations,8
HB22-1024,2022,RS,Senate,2022-03-18,Senate Committee on Appropriations Refer Unamended to Senate Committee of the Whole,9
HB22-1024,2022,RS,Senate,2022-03-22,Senate Second Reading Laid Over Daily - No Amendments,10
HB22-1024,2022,RS,Senate,2022-03-25,Senate Second Reading Passed - No Amendments,11
HB22-1024,2022,RS,Senate,2022-03-28,Senate Third Reading Passed - No Amendments,12
HB22-1024,2022,RS,House,2022-04-07,Signed by the Speaker of the House,13
HB22-1024,2022,RS,Senate,2022-04-08,Signed by the President of the Senate,14
HB22-1024,2022,RS,Governor,2022-04-08,Sent to the Governor,15
HB22-1024,2022,RS,Governor,2022-04-18,Governor Signed,16
HB22-1025,2022,RS,House,2022-01-12,Introduced In House - Assigned to Finance,1
HB22-1025,2022,RS,House,2022-02-07,House Committee on Finance Refer Amended to Appropriations,2
HB22-1025,2022,RS,House,2022-03-11,House Committee on Appropriations Refer Amended to House Committee of the Whole,3
HB22-1025,2022,RS,House,2022-03-14,House Second Reading Laid Over Daily - No Amendments,4
HB22-1025,2022,RS,House,2022-03-15,House Second Reading Passed with Amendments - Committee,5
HB22-1025,2022,RS,House,2022-03-16,House Third Reading Passed - No Amendments,6
HB22-1025,2022,RS,Senate,2022-03-18,Introduced In Senate - Assigned to Finance,7
HB22-1025,2022,RS,Senate,2022-03-30,Senate Committee on Finance Refer Unamended to Appropriations,8
HB22-1025,2022,RS,Senate,2022-04-08,Senate Committee on Appropriations Refer Unamended to Senate Committee of the Whole,9
HB22-1025,2022,RS,Senate,2022-04-12,Senate Second Reading Passed - No Amendments,10
HB22-1025,2022,RS,Senate,2022-04-13,Senate Third Reading Passed - No Amendments,11
HB22-1025,2022,RS,House,2022-04-28,Signed by the Speaker of the House,12
HB22-1025,2022,RS,Senate,2022-04-29,Signed by the President of the Senate,13
HB22-1025,2022,RS,Governor,2022-04-29,Sent to the Governor,14
HB22-1025,2022,RS,Governor,2022-05-02,Governor Signed,15
HB22-1026,2022,RS,House,2022-01-12,Introduced In House - Assigned to Finance,1
HB22-1026,2022,RS,House,2022-02-03,House Committee on Finance Refer Amended to Appropriations,2
HB22-1026,2022,RS,House,2022-04-29,House Committee on Appropriations Refer Amended to House Committee of the Whole,3
HB22-1026,2022,RS,House,2022-05-02,House Second Reading Special Order - Laid Over Daily - No Amendments,4
HB22-1026,2022,RS,House,2022-05-03,"House Second Reading Passed with Amendments - Committee, Floor",5
HB22-1026,2022,RS,House,2022-05-04,House Third Reading Passed - No Amendments,6
HB22-1026,2022,RS,Senate,2022-05-04,Introduced In Senate - Assigned to Finance,7
HB22-1026,2022,RS,Senate,2022-05-09,Senate Committee on Finance Refer Amended to Appropriations,8
HB22-1026,2022,RS,Senate,2022-05-09,Senate Committee on Appropriations Refer Unamended to Senate Committee of the Whole,9
HB22-1026,2022,RS,Senate,2022-05-09,Senate Second Reading Special Order - Passed with Amendments - Committee,10
HB22-1026,2022,RS,Senate,2022-05-10,Senate Third Reading Passed - No Amendments,11
HB22-1026,2022,RS,House,2022-05-11,House Considered Senate Amendments - Result was to Concur - Repass,12
HB22-1026,2022,RS,House,2022-05-26,Signed by the Speaker of the House,13
HB22-1026,2022,RS,Senate,2022-05-31,Signed by the President of the Senate,14
HB22-1026,2022,RS,Governor,2022-05-31,Sent to the Governor,15
HB22-1026,2022,RS,Governor,2022-06-07,Governor Signed,16
HB22-1027,2022,RS,House,2022-01-12,Introduced In House - Assigned to Business Affairs & Labor,1
HB22-1027,2022,RS,House,2022-01-20,House Committee on Business Affairs & Labor Refer Unamended to House Committee of the Whole,2
HB22-1027,2022,RS,House,2022-01-21,House Second Reading Special Order - Passed - No Amendments,3
HB22-1027,2022,RS,House,2022-01-24,House Third Reading Passed - No Amendments,4
HB22-1027,2022,RS,Senate,2022-01-25,"Introduced In Senate - Assigned to Business, Labor, & Technology",5
HB22-1027,2022,RS,Senate,2022-01-26,"Senate Committee on Business, Labor, & Technology Refer Unamended - Consent Calendar to Senate Committee of the Whole",6
HB22-1027,2022,RS,Senate,2022-01-27,Senate Second Reading Special Order - Passed - No Amendments,7
HB22-1027,2022,RS,Senate,2022-01-28,Senate Third Reading Passed - No Amendments,8
HB22-1027,2022,RS,House,2022-01-28,Signed by the Speaker of the House,9
HB22-1027,2022,RS,Senate,2022-01-28,Signed by the President of the Senate,10
HB22-1027,2022,RS,Governor,2022-01-28,Sent to the Governor,11
HB22-1027,2022,RS,Governor,2022-01-31,Governor Signed,12
HB22-1028,2022,RS,House,2022-01-12,Introduced In House - Assigned to Transportation & Local Government,1
HB22-1028,2022,RS,House,2022-02-15,House Committee on Transportation & Local Government Refer Amended to House Committee of the Whole,2
HB22-1028,2022,RS,House,2022-02-18,House Second Reading Special Order - Passed with Amendments - Committee,3
HB22-1028,2022,RS,House,2022-02-22,House Third Reading Passed - No Amendments,4
HB22-1028,2022,RS,Senate,2022-02-25,Introduced In Senate - Assigned to Transportation & Energy,5
HB22-1028,2022,RS,Senate,2022-03-15,Senate Committee on Transportation & Energy Refer Amended to Senate Committee of the Whole,6
HB22-1028,2022,RS,Senate,2022-03-18,Senate Second Reading Passed with Amendments - Committee,7
HB22-1028,2022,RS,Senate,2022-03-21,Senate Third Reading Passed - No Amendments,8
HB22-1028,2022,RS,House,2022-03-22,House Considered Senate Amendments - Result was to Laid Over Daily,9
HB22-1028,2022,RS,House,2022-03-23,House Considered Senate Amendments - Result was to Concur - Repass,10
HB22-1028,2022,RS,House,2022-04-07,Signed by the Speaker of the House,11
HB22-1028,2022,RS,Senate,2022-04-08,Signed by the President of the Senate,12
HB22-1028,2022,RS,Governor,2022-04-08,Sent to the Governor,13
HB22-1028,2022,RS,Governor,2022-04-13,Governor Signed,14
HB22-1029,2022,RS,House,2022-01-12,Introduced In House - Assigned to Finance,1
HB22-1029,2022,RS,House,2022-04-25,House Committee on Finance Refer Amended to Appropriations,2
HB22-1029,2022,RS,House,2022-05-09,House Committee on Appropriations Refer Amended to House Committee of the Whole,3
HB22-1029,2022,RS,House,2022-05-09,House Second Reading Special Order - Passed with Amendments - Committee,4
HB22-1029,2022,RS,House,2022-05-10,House Third Reading Passed with Amendments - Floor,5
HB22-1029,2022,RS,Senate,2022-05-10,Introduced In Senate - Assigned to Appropriations,6
HB22-1029,2022,RS,Senate,2022-05-10,Senate Committee on Appropriations Refer Unamended - Consent Calendar to Senate Committee of the Whole,7
HB22-1029,2022,RS,Senate,2022-05-10,Senate Second Reading Special Order - Passed - No Amendments,8
HB22-1029,2022,RS,Senate,2022-05-11,Senate Third Reading Passed - No Amendments,9
HB22-1029,2022,RS,House,2022-06-01,Signed by the Speaker of the House,10
HB22-1029,2022,RS,Senate,2022-06-01,Signed by the President of the Senate,11
HB22-1029,2022,RS,Governor,2022-06-01,Sent to the Governor,12
HB22-1029,2022,RS,Governor,2022-06-07,Governor Signed,13
HB22-1030,2022,RS,House,2022-01-12,Introduced In House - Assigned to Finance,1
HB22-1030,2022,RS,House,2022-02-03,House Committee on Finance Lay Over Unamended - Amendment(s) Failed,2
HB22-1030,2022,RS,House,2022-03-07,House Committee on Finance Refer Amended to Appropriations,3
HB22-1030,2022,RS,House,2022-05-12,House Committee on Appropriations Lay Over Unamended - Amendment(s) Failed,4
HB22-1031,2022,RS,House,2022-01-12,Introduced In House - Assigned to Public & Behavioral Health & Human Services,1
HB22-1031,2022,RS,House,2022-03-22,House Committee on Public & Behavioral Health & Human Services Refer Unamended to House Committee of the Whole,2
HB22-1031,2022,RS,House,2022-03-25,House Second Reading Passed with Amendments - Floor,3
HB22-1031,2022,RS,House,2022-03-28,House Third Reading Laid Over Daily - No Amendments,4
HB22-1031,2022,RS,House,2022-03-29,House Third Reading Passed - No Amendments,5
HB22-1031,2022,RS,Senate,2022-03-30,"Introduced In Senate - Assigned to Business, Labor, & Technology",6
HB22-1031,2022,RS,Senate,2022-04-18,"Senate Committee on Business, Labor, & Technology Refer Amended to Senate Committee of the Whole",7
HB22-1031,2022,RS,Senate,2022-04-21,Senate Second Reading Passed with Amendments - Committee,8
HB22-1031,2022,RS,Senate,2022-04-22,Senate Third Reading Laid Over to 04/26/2022 - No Amendments,9
HB22-1031,2022,RS,Senate,2022-04-26,Senate Third Reading Passed with Amendments - Floor,10
HB22-1031,2022,RS,House,2022-04-27,House Considered Senate Amendments - Result was to Laid Over Daily,11
HB22-1031,2022,RS,House,2022-04-28,House Considered Senate Amendments - Result was to Concur - Repass,12
HB22-1031,2022,RS,House,2022-05-25,Signed by the Speaker of the House,13
HB22-1031,2022,RS,Senate,2022-05-25,Signed by the President of the Senate,14
HB22-1031,2022,RS,Governor,2022-05-25,Sent to the Governor,15
HB22-1031,2022,RS,Governor,2022-06-02,Governor Signed,16
HB22-1032,2022,RS,House,2022-01-12,Introduced In House - Assigned to Education,1
HB22-1032,2022,RS,House,2022-02-23,House Committee on Education Refer Unamended to House Committee of the Whole,2
HB22-1032,2022,RS,House,2022-02-28,House Second Reading Passed - No Amendments,3
HB22-1032,2022,RS,House,2022-03-01,House Third Reading Passed - No Amendments,4
HB22-1032,2022,RS,Senate,2022-03-03,Introduced In Senate - Assigned to Education,5
HB22-1032,2022,RS,Senate,2022-03-17,Senate Committee on Education Refer Unamended - Consent Calendar to Senate Committee of the Whole,6
HB22-1032,2022,RS,Senate,2022-03-22,Senate Second Reading Passed - No Amendments,7
HB22-1032,2022,RS,Senate,2022-03-23,Senate Third Reading Passed - No Amendments,8
HB22-1032,2022,RS,House,2022-04-01,Signed by the Speaker of the House,9
HB22-1032,2022,RS,Governor,2022-04-04,Sent to the Governor,10
HB22-1032,2022,RS,Senate,2022-04-04,Signed by the President of the Senate,11
HB22-1032,2022,RS,Governor,2022-04-07,Governor Signed,12
HB22-1033,2022,RS,House,2022-01-12,Introduced In House - Assigned to Public & Behavioral Health & Human Services,1
HB22-1033,2022,RS,House,2022-02-08,House Committee on Public & Behavioral Health & Human Services Postpone Indefinitely,2
HB22-1034,2022,RS,House,2022-01-12,Introduced In House - Assigned to Finance,1
HB22-1034,2022,RS,House,2022-02-14,House Committee on Finance Refer Unamended to House Committee of the Whole,2
HB22-1034,2022,RS,House,2022-02-17,House Second Reading Special Order - Passed - No Amendments,3
HB22-1034,2022,RS,House,2022-02-18,House Third Reading Passed - No Amendments,4
HB22-1034,2022,RS,Senate,2022-02-24,Introduced In Senate - Assigned to Finance,5
HB22-1034,2022,RS,Senate,2022-03-09,Senate Committee on Finance Refer Unamended - Consent Calendar to Senate Committee of the Whole,6
HB22-1034,2022,RS,Senate,2022-03-14,Senate Second Reading Passed - No Amendments,7
HB22-1034,2022,RS,Senate,2022-03-15,Senate Third Reading Passed - No Amendments,8
HB22-1034,2022,RS,House,2022-03-25,Signed by the Speaker of the House,9
HB22-1034,2022,RS,Senate,2022-03-25,Signed by the President of the Senate,10
HB22-1034,2022,RS,Governor,2022-03-25,Sent to the Governor,11
HB22-1034,2022,RS,Governor,2022-03-30,Governor Signed,12
HB22-1035,2022,RS,House,2022-01-12,Introduced In House - Assigned to Public & Behavioral Health & Human Services,1
HB22-1035,2022,RS,House,2022-02-04,House Committee on Public & Behavioral Health & Human Services Refer Amended to House Committee of the Whole,2
HB22-1035,2022,RS,House,2022-02-09,House Second Reading Laid Over Daily - No Amendments,3
HB22-1035,2022,RS,House,2022-02-11,House Second Reading Passed with Amendments - Committee,4
HB22-1035,2022,RS,House,2022-02-14,House Third Reading Passed - No Amendments,5
HB22-1035,2022,RS,Senate,2022-02-17,Introduced In Senate - Assigned to Health & Human Services,6
HB22-1035,2022,RS,Senate,2022-02-28,Senate Committee on Health & Human Services Refer Amended - Consent Calendar to Senate Committee of the Whole,7
HB22-1035,2022,RS,Senate,2022-03-03,Senate Second Reading Passed with Amendments - Committee,8
HB22-1035,2022,RS,Senate,2022-03-04,Senate Third Reading Passed - No Amendments,9
HB22-1035,2022,RS,House,2022-03-07,House Considered Senate Amendments - Result was to Laid Over Daily,10
HB22-1035,2022,RS,House,2022-03-08,House Considered Senate Amendments - Result was to Concur - Repass,11
HB22-1035,2022,RS,House,2022-03-17,Signed by the Speaker of the House,12
HB22-1035,2022,RS,Senate,2022-03-18,Signed by the President of the Senate,13
HB22-1035,2022,RS,Governor,2022-03-18,Sent to the Governor,14
HB22-1035,2022,RS,Governor,2022-03-24,Governor Signed,15
HB22-1036,2022,RS,House,2022-01-12,Introduced In House - Assigned to Business Affairs & Labor,1
HB22-1036,2022,RS,House,2022-02-03,House Committee on Business Affairs & Labor Refer Unamended to House Committee of the Whole,2
HB22-1036,2022,RS,House,2022-02-08,House Second Reading Laid Over Daily - No Amendments,3
HB22-1036,2022,RS,House,2022-02-11,House Second Reading Passed with Amendments - Floor,4
HB22-1036,2022,RS,House,2022-02-14,House Third Reading Passed - No Amendments,5
HB22-1036,2022,RS,Senate,2022-02-17,"Introduced In Senate - Assigned to Business, Labor, & Technology",6
HB22-1036,2022,RS,Senate,2022-04-11,"Senate Committee on Business, Labor, & Technology Postpone Indefinitely",7
HB22-1037,2022,RS,House,2022-01-12,Introduced In House - Assigned to Transportation & Local Government,1
HB22-1037,2022,RS,House,2022-02-16,House Committee on Transportation & Local Government Refer Unamended to House Committee of the Whole,2
HB22-1037,2022,RS,House,2022-02-18,House Second Reading Special Order - Passed - No Amendments,3
HB22-1037,2022,RS,House,2022-02-22,House Third Reading Passed - No Amendments,4
HB22-1037,2022,RS,Senate,2022-02-25,Introduced In Senate - Assigned to Local Government,5
HB22-1037,2022,RS,Senate,2022-03-15,Senate Committee on Local Government Refer Unamended - Consent Calendar to Senate Committee of the Whole,6
HB22-1037,2022,RS,Senate,2022-03-18,Senate Second Reading Passed - No Amendments,7
HB22-1037,2022,RS,Senate,2022-03-21,Senate Third Reading Passed - No Amendments,8
HB22-1037,2022,RS,House,2022-04-01,Signed by the Speaker of the House,9
HB22-1037,2022,RS,Governor,2022-04-04,Sent to the Governor,10
HB22-1037,2022,RS,Senate,2022-04-04,Signed by the President of the Senate,11
HB22-1037,2022,RS,Governor,2022-04-07,Governor Signed,12
HB22-1038,2022,RS,House,2022-01-12,Introduced In House - Assigned to Judiciary,1
HB22-1038,2022,RS,House,2022-02-16,House Committee on Judiciary Refer Amended to House Committee of the Whole,2
HB22-1038,2022,RS,House,2022-02-22,House Second Reading Laid Over Daily - No Amendments,3
HB22-1038,2022,RS,House,2022-02-25,"House Second Reading Passed with Amendments - Committee, Floor",4
HB22-1038,2022,RS,House,2022-02-28,House Third Reading Passed - No Amendments,5
HB22-1038,2022,RS,Senate,2022-03-03,Introduced In Senate - Assigned to Judiciary,6
HB22-1038,2022,RS,Senate,2022-03-16,Senate Committee on Judiciary Refer Amended - Consent Calendar to Senate Committee of the Whole,7
HB22-1038,2022,RS,Senate,2022-03-21,Senate Second Reading Passed with Amendments - Committee,8
HB22-1038,2022,RS,Senate,2022-03-22,Senate Third Reading Passed - No Amendments,9
HB22-1038,2022,RS,Senate,2022-03-23,House Considered Senate Amendments - Result was to Concur - Repass,10
HB22-1038,2022,RS,House,2022-04-01,Signed by the Speaker of the House,11
HB22-1038,2022,RS,Governor,2022-04-04,Sent to the Governor,12
HB22-1038,2022,RS,Senate,2022-04-04,Signed by the President of the Senate,13
HB22-1038,2022,RS,Governor,2022-04-12,Governor Signed,14
HB22-1039,2022,RS,House,2022-01-12,Introduced In House - Assigned to Business Affairs & Labor,1
HB22-1039,2022,RS,House,2022-02-17,House Committee on Business Affairs & Labor Refer Unamended to House Committee of the Whole,2
HB22-1039,2022,RS,House,2022-02-23,House Second Reading Passed - No Amendments,3
HB22-1039,2022,RS,House,2022-02-24,House Third Reading Passed - No Amendments,4
HB22-1039,2022,RS,Senate,2022-02-28,Introduced In Senate - Assigned to Finance,5
HB22-1039,2022,RS,Senate,2022-03-09,Senate Committee on Finance Refer Unamended - Consent Calendar to Senate Committee of the Whole,6
HB22-1039,2022,RS,Senate,2022-03-14,Senate Second Reading Passed - No Amendments,7
HB22-1039,2022,RS,Senate,2022-03-15,Senate Third Reading Passed - No Amendments,8
HB22-1039,2022,RS,House,2022-03-25,Signed by the Speaker of the House,9
HB22-1039,2022,RS,Senate,2022-03-25,Signed by the President of the Senate,10
HB22-1039,2022,RS,Governor,2022-03-25,Sent to the Governor,11
HB22-1039,2022,RS,Governor,2022-03-30,Governor Signed,12
HB22-1040,2022,RS,House,2022-01-12,Introduced In House - Assigned to Business Affairs & Labor,1
HB22-1040,2022,RS,House,2022-02-03,House Committee on Business Affairs & Labor Refer Amended to House Committee of the Whole,2
HB22-1040,2022,RS,House,2022-02-08,House Second Reading Passed with Amendments - Committee,3
HB22-1040,2022,RS,House,2022-02-09,House Third Reading Passed - No Amendments,4
HB22-1040,2022,RS,Senate,2022-02-14,Introduced In Senate - Assigned to Local Government,5
HB22-1040,2022,RS,Senate,2022-03-15,Senate Committee on Local Government Refer Unamended - Consent Calendar to Senate Committee of the Whole,6
HB22-1040,2022,RS,Senate,2022-03-18,Senate Second Reading Passed - No Amendments,7
HB22-1040,2022,RS,Senate,2022-03-21,Senate Third Reading Passed - No Amendments,8
HB22-1040,2022,RS,House,2022-04-01,Signed by the Speaker of the House,9
HB22-1040,2022,RS,Governor,2022-04-04,Sent to the Governor,10
HB22-1040,2022,RS,Senate,2022-04-04,Signed by the President of the Senate,11
HB22-1040,2022,RS,Governor,2022-04-12,Governor Signed,12
HB22-1041,2022,RS,House,2022-01-12,Introduced In House - Assigned to Public & Behavioral Health & Human Services,1
HB22-1041,2022,RS,House,2022-02-04,House Committee on Public & Behavioral Health & Human Services Refer Amended to House Committee of the Whole,2
HB22-1041,2022,RS,House,2022-02-09,House Second Reading Laid Over Daily - No Amendments,3
HB22-1041,2022,RS,House,2022-02-11,"House Second Reading Passed with Amendments - Committee, Floor",4
HB22-1041,2022,RS,House,2022-02-14,House Third Reading Passed - No Amendments,5
HB22-1041,2022,RS,Senate,2022-02-17,Introduced In Senate - Assigned to Health & Human Services,6
HB22-1041,2022,RS,Senate,2022-02-28,Senate Committee on Health & Human Services Refer Amended to Senate Committee of the Whole,7
HB22-1041,2022,RS,Senate,2022-03-03,Senate Second Reading Passed with Amendments - Committee,8
HB22-1041,2022,RS,Senate,2022-03-04,Senate Third Reading Passed - No Amendments,9
HB22-1041,2022,RS,House,2022-03-07,House Considered Senate Amendments - Result was to Laid Over Daily,10
HB22-1041,2022,RS,House,2022-03-08,House Considered Senate Amendments - Result was to Concur - Repass,11
HB22-1041,2022,RS,House,2022-03-17,Signed by the Speaker of the House,12
HB22-1041,2022,RS,Senate,2022-03-18,Signed by the President of the Senate,13
HB22-1041,2022,RS,Governor,2022-03-18,Sent to the Governor,14
HB22-1041,2022,RS,Governor,2022-03-24,Governor Signed,15
HB22-1042,2022,RS,House,2022-01-12,Introduced In House - Assigned to Transportation & Local Government,1
HB22-1042,2022,RS,House,2022-03-08,House Committee on Transportation & Local Government Refer Amended to Appropriations,2
HB22-1042,2022,RS,House,2022-04-22,House Committee on Appropriations Refer Amended to House Committee of the Whole,3
HB22-1042,2022,RS,House,2022-04-22,House Second Reading Special Order - Passed with Amendments - Committee,4
HB22-1042,2022,RS,House,2022-04-25,House Third Reading Passed - No Amendments,5
HB22-1042,2022,RS,Senate,2022-04-25,Introduced In Senate - Assigned to Transportation & Energy,6
HB22-1042,2022,RS,Senate,2022-04-28,Senate Committee on Transportation & Energy Refer Amended to Appropriations,7
HB22-1042,2022,RS,Senate,2022-05-03,Senate Committee on Appropriations Refer Amended to Senate Committee of the Whole,8
HB22-1042,2022,RS,Senate,2022-05-03,Senate Second Reading Laid Over Daily - No Amendments,9
HB22-1042,2022,RS,Senate,2022-05-04,Senate Second Reading Special Order - Passed with Amendments - Committee,10
HB22-1042,2022,RS,Senate,2022-05-05,Senate Third Reading Passed - No Amendments,11
HB22-1042,2022,RS,House,2022-05-09,House Considered Senate Amendments - Result was to Laid Over Daily,12
HB22-1042,2022,RS,House,2022-05-10,House Considered Senate Amendments - Result was to Concur - Repass,13
HB22-1042,2022,RS,House,2022-05-20,Signed by the Speaker of the House,14
HB22-1042,2022,RS,Senate,2022-05-20,Signed by the President of the Senate,15
HB22-1042,2022,RS,Governor,2022-05-20,Sent to the Governor,16
HB22-1042,2022,RS,Governor,2022-05-31,Governor Signed,17
HB22-1043,2022,RS,House,2022-01-12,Introduced In House - Assigned to Transportation & Local Government,1
HB22-1043,2022,RS,House,2022-02-01,House Committee on Transportation & Local Government Refer Amended to Appropriations,2
HB22-1043,2022,RS,House,2022-02-17,House Committee on Appropriations Refer Amended to House Committee of the Whole,3
HB22-1043,2022,RS,House,2022-02-18,House Second Reading Special Order - Passed with Amendments - Committee,4
HB22-1043,2022,RS,House,2022-02-22,House Third Reading Passed - No Amendments,5
HB22-1043,2022,RS,Senate,2022-02-25,Introduced In Senate - Assigned to Transportation & Energy,6
HB22-1043,2022,RS,Senate,2022-03-10,Senate Committee on Transportation & Energy Refer Amended to Appropriations,7
HB22-1043,2022,RS,Senate,2022-04-01,Senate Committee on Appropriations Refer Unamended to Senate Committee of the Whole,8
HB22-1043,2022,RS,Senate,2022-04-04,"Senate Second Reading Special Order - Passed with Amendments - Committee, Floor",9
HB22-1043,2022,RS,Senate,2022-04-05,Senate Third Reading Passed - No Amendments,10
HB22-1043,2022,RS,House,2022-04-06,House Considered Senate Amendments - Result was to Laid Over Daily,11
HB22-1043,2022,RS,House,2022-04-08,House Considered Senate Amendments - Result was to Concur - Repass,12
HB22-1043,2022,RS,House,2022-06-01,Signed by the Speaker of the House,13
HB22-1043,2022,RS,Senate,2022-06-01,Signed by the President of the Senate,14
HB22-1043,2022,RS,Governor,2022-06-01,Sent to the Governor,15
HB22-1043,2022,RS,Governor,2022-06-03,Governor Signed,16
HB22-1044,2022,RS,House,2022-01-12,"Introduced In House - Assigned to State, Civic, Military, & Veterans Affairs",1
HB22-1044,2022,RS,House,2022-02-14,"House Committee on State, Civic, Military, & Veterans Affairs Refer Amended to House Committee of the Whole",2
HB22-1044,2022,RS,House,2022-02-17,House Second Reading Laid Over Daily - No Amendments,3
HB22-1044,2022,RS,House,2022-02-18,House Second Reading Special Order - Passed with Amendments - Committee,4
HB22-1044,2022,RS,House,2022-02-22,House Third Reading Passed - No Amendments,5
HB22-1044,2022,RS,Senate,2022-02-25,"Introduced In Senate - Assigned to State, Veterans, & Military Affairs",6
HB22-1044,2022,RS,Senate,2022-03-15,"Senate Committee on State, Veterans, & Military Affairs Refer Unamended to Senate Committee of the Whole",7
HB22-1044,2022,RS,Senate,2022-03-18,Senate Second Reading Passed - No Amendments,8
HB22-1044,2022,RS,Senate,2022-03-21,Senate Third Reading Passed - No Amendments,9
HB22-1044,2022,RS,House,2022-04-01,Signed by the Speaker of the House,10
HB22-1044,2022,RS,Governor,2022-04-04,Sent to the Governor,11
HB22-1044,2022,RS,Senate,2022-04-04,Signed by the President of the Senate,12
HB22-1044,2022,RS,Governor,2022-04-12,Governor Signed,13
HB22-1045,2022,RS,House,2022-01-12,"Introduced In House - Assigned to State, Civic, Military, & Veterans Affairs",1
HB22-1045,2022,RS,House,2022-01-31,"House Committee on State, Civic, Military, & Veterans Affairs Postpone Indefinitely",2
HB22-1046,2022,RS,House,2022-01-12,Introduced In House - Assigned to Transportation & Local Government,1
HB22-1046,2022,RS,House,2022-02-09,House Committee on Transportation & Local Government Refer Amended to House Committee of the Whole,2
HB22-1046,2022,RS,House,2022-02-14,House Second Reading Laid Over Daily - No Amendments,3
HB22-1046,2022,RS,House,2022-02-17,"House Second Reading Special Order - Passed with Amendments - Committee, Floor",4
HB22-1046,2022,RS,House,2022-02-18,House Third Reading Passed - No Amendments,5
HB22-1046,2022,RS,Senate,2022-02-24,Introduced In Senate - Assigned to Transportation & Energy,6
HB22-1046,2022,RS,Senate,2022-03-08,Senate Committee on Transportation & Energy Refer Amended - Consent Calendar to Senate Committee of the Whole,7
HB22-1046,2022,RS,Senate,2022-03-11,Senate Second Reading Passed with Amendments - Committee,8
HB22-1046,2022,RS,Senate,2022-03-14,Senate Third Reading Passed - No Amendments,9
HB22-1046,2022,RS,Senate,2022-03-15,House Considered Senate Amendments - Result was to Laid Over Daily,10
HB22-1046,2022,RS,Senate,2022-03-21,House Considered Senate Amendments - Result was to Concur - Repass,11
HB22-1046,2022,RS,House,2022-04-01,Signed by the Speaker of the House,12
HB22-1046,2022,RS,Governor,2022-04-04,Sent to the Governor,13
HB22-1046,2022,RS,Senate,2022-04-04,Signed by the President of the Senate,14
HB22-1046,2022,RS,Governor,2022-04-12,Governor Signed,15
HB22-1047,2022,RS,House,2022-01-12,Introduced In House - Assigned to Health & Insurance,1
HB22-1047,2022,RS,House,2022-02-23,House Committee on Health & Insurance Postpone Indefinitely,2
HB22-1048,2022,RS,House,2022-01-12,Introduced In House - Assigned to Finance,1
HB22-1048,2022,RS,House,2022-02-17,House Committee on Finance Refer Unamended to Appropriations,2
HB22-1048,2022,RS,House,2022-05-09,House Second Reading Special Order - Laid Over Daily - No Amendments,3
HB22-1048,2022,RS,House,2022-05-09,House Committee on Appropriations Refer Amended to House Committee of the Whole,4
HB22-1048,2022,RS,House,2022-05-10,"House Second Reading Special Order - Passed with Amendments - Committee, Floor",5
HB22-1048,2022,RS,House,2022-05-11,House Third Reading Passed - No Amendments,6
HB22-1049,2022,RS,House,2022-01-13,Introduced In House - Assigned to Education,1
HB22-1049,2022,RS,House,2022-02-16,House Committee on Education Refer Amended to House Committee of the Whole,2
HB22-1049,2022,RS,House,2022-02-22,House Second Reading Laid Over Daily - No Amendments,3
HB22-1049,2022,RS,House,2022-02-24,"House Second Reading Passed with Amendments - Committee, Floor",4
HB22-1049,2022,RS,House,2022-02-25,House Third Reading Laid Over Daily - No Amendments,5
HB22-1049,2022,RS,House,2022-02-28,House Third Reading Passed - No Amendments,6
HB22-1049,2022,RS,Senate,2022-03-03,Introduced In Senate - Assigned to Education,7
HB22-1049,2022,RS,Senate,2022-03-17,Senate Committee on Education Refer Amended to Senate Committee of the Whole,8
HB22-1049,2022,RS,Senate,2022-03-22,Senate Second Reading Laid Over Daily - No Amendments,9
HB22-1049,2022,RS,Senate,2022-03-28,Senate Second Reading Passed with Amendments - Committee,10
HB22-1049,2022,RS,Senate,2022-03-29,Senate Third Reading Passed - No Amendments,11
HB22-1049,2022,RS,House,2022-03-30,House Considered Senate Amendments - Result was to Laid Over Daily,12
HB22-1049,2022,RS,House,2022-03-31,House Considered Senate Amendments - Result was to Concur - Repass,13
HB22-1049,2022,RS,House,2022-04-14,Signed by the Speaker of the House,14
HB22-1049,2022,RS,Senate,2022-04-14,Signed by the President of the Senate,15
HB22-1049,2022,RS,Governor,2022-04-14,Sent to the Governor,16
HB22-1049,2022,RS,Governor,2022-04-21,Governor Signed,17
HB22-1050,2022,RS,House,2022-01-13,Introduced In House - Assigned to Health & Insurance,1
HB22-1050,2022,RS,House,2022-02-09,House Committee on Health & Insurance Refer Amended to Appropriations,2
HB22-1050,2022,RS,House,2022-05-05,House Committee on Appropriations Refer Amended to House Committee of the Whole,3
HB22-1050,2022,RS,House,2022-05-05,House Second Reading Special Order - Passed with Amendments - Committee,4
HB22-1050,2022,RS,House,2022-05-06,House Third Reading Passed - No Amendments,5
HB22-1050,2022,RS,Senate,2022-05-06,Introduced In Senate - Assigned to Appropriations,6
HB22-1050,2022,RS,Senate,2022-05-09,Senate Committee on Appropriations Refer Unamended to Senate Committee of the Whole,7
HB22-1050,2022,RS,Senate,2022-05-09,Senate Second Reading Special Order - Passed - No Amendments,8
HB22-1050,2022,RS,Senate,2022-05-10,Senate Third Reading Passed - No Amendments,9
HB22-1050,2022,RS,House,2022-05-25,Signed by the Speaker of the House,10
HB22-1050,2022,RS,Senate,2022-05-25,Signed by the President of the Senate,11
HB22-1050,2022,RS,Governor,2022-05-25,Sent to the Governor,12
HB22-1050,2022,RS,Governor,2022-06-07,Governor Signed,13
HB22-1051,2022,RS,House,2022-01-13,Introduced In House - Assigned to Transportation & Local Government,1
HB22-1051,2022,RS,House,2022-02-16,House Committee on Transportation & Local Government Refer Unamended to Finance,2
HB22-1051,2022,RS,House,2022-02-28,House Committee on Finance Refer Amended to Appropriations,3
HB22-1051,2022,RS,House,2022-04-29,House Second Reading Special Order - Passed with Amendments - Committee,4
HB22-1051,2022,RS,House,2022-04-29,House Committee on Appropriations Refer Amended to House Committee of the Whole,5
HB22-1051,2022,RS,House,2022-05-02,House Third Reading Passed with Amendments - Floor,6
HB22-1051,2022,RS,Senate,2022-05-02,Introduced In Senate - Assigned to Finance,7
HB22-1051,2022,RS,Senate,2022-05-04,Senate Committee on Finance Refer Amended to Appropriations,8
HB22-1051,2022,RS,Senate,2022-05-06,Senate Committee on Appropriations Refer Unamended to Senate Committee of the Whole,9
HB22-1051,2022,RS,Senate,2022-05-06,Senate Second Reading Special Order - Passed - No Amendments,10
HB22-1051,2022,RS,Senate,2022-05-09,Senate Third Reading Passed - No Amendments,11
HB22-1051,2022,RS,House,2022-05-25,Signed by the Speaker of the House,12
HB22-1051,2022,RS,Senate,2022-05-25,Signed by the President of the Senate,13
HB22-1051,2022,RS,Governor,2022-05-25,Sent to the Governor,14
HB22-1051,2022,RS,Governor,2022-05-26,Governor Signed,15
HB22-1052,2022,RS,House,2022-01-13,Introduced In House - Assigned to Public & Behavioral Health & Human Services,1
HB22-1052,2022,RS,House,2022-02-01,House Committee on Public & Behavioral Health & Human Services Refer Amended to Appropriations,2
HB22-1052,2022,RS,House,2022-04-21,House Committee on Appropriations Refer Amended to House Committee of the Whole,3
HB22-1052,2022,RS,House,2022-04-21,"House Second Reading Special Order - Passed with Amendments - Committee, Floor",4
HB22-1052,2022,RS,House,2022-04-22,House Third Reading Passed - No Amendments,5
HB22-1052,2022,RS,Senate,2022-04-22,Introduced In Senate - Assigned to Education,6
HB22-1052,2022,RS,Senate,2022-04-28,Senate Committee on Education Refer Unamended to Appropriations,7
HB22-1052,2022,RS,Senate,2022-05-03,Senate Committee on Appropriations Refer Amended - Consent Calendar to Senate Committee of the Whole,8
HB22-1052,2022,RS,Senate,2022-05-03,Senate Second Reading Special Order - Passed with Amendments - Committee,9
HB22-1052,2022,RS,Senate,2022-05-04,Senate Third Reading Passed - No Amendments,10
HB22-1052,2022,RS,House,2022-05-06,House Considered Senate Amendments - Result was to Laid Over Daily,11
HB22-1052,2022,RS,House,2022-05-10,House Considered Senate Amendments - Result was to Concur - Repass,12
HB22-1052,2022,RS,House,2022-05-26,Signed by the Speaker of the House,13
HB22-1052,2022,RS,Senate,2022-05-31,Signed by the President of the Senate,14
HB22-1052,2022,RS,Governor,2022-05-31,Sent to the Governor,15
HB22-1052,2022,RS,Governor,2022-06-08,Governor Signed,16
HB22-1053,2022,RS,House,2022-01-13,Introduced In House - Assigned to Business Affairs & Labor,1
HB22-1053,2022,RS,House,2022-02-17,House Committee on Business Affairs & Labor Refer Amended to Appropriations,2
HB22-1053,2022,RS,House,2022-04-22,House Committee on Appropriations Refer Amended to House Committee of the Whole,3
HB22-1053,2022,RS,House,2022-04-22,House Second Reading Special Order - Passed with Amendments - Committee,4
HB22-1053,2022,RS,House,2022-04-25,House Third Reading Passed - No Amendments,5
HB22-1053,2022,RS,Senate,2022-04-25,"Introduced In Senate - Assigned to Business, Labor, & Technology",6
HB22-1053,2022,RS,Senate,2022-05-02,"Senate Committee on Business, Labor, & Technology Refer Unamended to Appropriations",7
HB22-1053,2022,RS,Senate,2022-05-04,Senate Committee on Appropriations Refer Unamended to Senate Committee of the Whole,8
HB22-1053,2022,RS,Senate,2022-05-04,Senate Second Reading Special Order - Passed - No Amendments,9
HB22-1053,2022,RS,Senate,2022-05-05,Senate Third Reading Passed - No Amendments,10
HB22-1053,2022,RS,House,2022-05-27,Signed by the Speaker of the House,11
HB22-1053,2022,RS,Senate,2022-05-31,Signed by the President of the Senate,12
HB22-1053,2022,RS,Governor,2022-05-31,Sent to the Governor,13
HB22-1053,2022,RS,Governor,2022-06-07,Governor Signed,14
HB22-1054,2022,RS,House,2022-01-13,"Introduced In House - Assigned to State, Civic, Military, & Veterans Affairs",1
HB22-1054,2022,RS,House,2022-02-10,"House Committee on State, Civic, Military, & Veterans Affairs Refer Amended to House Committee of the Whole",2
HB22-1054,2022,RS,House,2022-02-15,House Second Reading Passed with Amendments - Committee,3
HB22-1054,2022,RS,House,2022-02-16,House Third Reading Passed - No Amendments,4
HB22-1054,2022,RS,Senate,2022-02-18,"Introduced In Senate - Assigned to State, Veterans, & Military Affairs",5
HB22-1054,2022,RS,Senate,2022-04-26,"Senate Committee on State, Veterans, & Military Affairs Postpone Indefinitely",6
HB22-1055,2022,RS,House,2022-01-13,Introduced In House - Assigned to Finance,1
HB22-1055,2022,RS,House,2022-02-14,House Committee on Finance Refer Amended to Appropriations,2
HB22-1055,2022,RS,House,2022-03-15,House Committee on Appropriations Refer Unamended to House Committee of the Whole,3
HB22-1055,2022,RS,House,2022-03-16,House Second Reading Special Order - Passed with Amendments - Committee,4
HB22-1055,2022,RS,House,2022-03-17,House Third Reading Passed - No Amendments,5
HB22-1055,2022,RS,Senate,2022-03-21,Introduced In Senate - Assigned to Finance,6
HB22-1055,2022,RS,Senate,2022-04-04,Senate Committee on Finance Refer Unamended to Appropriations,7
HB22-1055,2022,RS,Senate,2022-04-29,Senate Committee on Appropriations Refer Unamended to Senate Committee of the Whole,8
HB22-1055,2022,RS,Senate,2022-04-29,Senate Second Reading Special Order - Passed - No Amendments,9
HB22-1055,2022,RS,Senate,2022-05-02,Senate Third Reading Passed - No Amendments,10
HB22-1055,2022,RS,House,2022-05-25,Signed by the Speaker of the House,11
HB22-1055,2022,RS,Senate,2022-05-25,Signed by the President of the Senate,12
HB22-1055,2022,RS,Governor,2022-05-25,Sent to the Governor,13
HB22-1055,2022,RS,Governor,2022-06-03,Governor Signed,14
HB22-1056,2022,RS,House,2022-01-13,Introduced In House - Assigned to Public & Behavioral Health & Human Services,1
HB22-1056,2022,RS,House,2022-02-15,House Committee on Public & Behavioral Health & Human Services Refer Amended to Appropriations,2
HB22-1056,2022,RS,House,2022-04-21,House Committee on Appropriations Refer Amended to House Committee of the Whole,3
HB22-1056,2022,RS,House,2022-04-21,House Second Reading Special Order - Passed with Amendments - Committee,4
HB22-1056,2022,RS,House,2022-04-22,House Third Reading Passed - No Amendments,5
HB22-1056,2022,RS,Senate,2022-04-22,Introduced In Senate - Assigned to Health & Human Services,6
HB22-1056,2022,RS,Senate,2022-04-28,Senate Committee on Health & Human Services Refer Unamended to Appropriations,7
HB22-1056,2022,RS,Senate,2022-05-03,Senate Committee on Appropriations Refer Unamended to Senate Committee of the Whole,8
HB22-1056,2022,RS,Senate,2022-05-03,Senate Second Reading Laid Over Daily - No Amendments,9
HB22-1056,2022,RS,Senate,2022-05-04,Senate Second Reading Special Order - Passed - No Amendments,10
HB22-1056,2022,RS,Senate,2022-05-05,Senate Third Reading Passed - No Amendments,11
HB22-1056,2022,RS,House,2022-05-26,Signed by the Speaker of the House,12
HB22-1056,2022,RS,Senate,2022-05-31,Signed by the President of the Senate,13
HB22-1056,2022,RS,Governor,2022-05-31,Sent to the Governor,14
HB22-1056,2022,RS,Governor,2022-06-07,Governor Signed,15
HB22-1057,2022,RS,House,2022-01-14,Introduced In House - Assigned to Education,1
HB22-1057,2022,RS,House,2022-02-10,House Committee on Education Refer Amended to House Committee of the Whole,2
HB22-1057,2022,RS,House,2022-02-15,House Second Reading Passed with Amendments - Committee,3
HB22-1057,2022,RS,House,2022-02-16,House Third Reading Passed - No Amendments,4
HB22-1057,2022,RS,Senate,2022-02-18,Introduced In Senate - Assigned to Education,5
HB22-1057,2022,RS,Senate,2022-03-02,Senate Committee on Education Refer Unamended to Senate Committee of the Whole,6
HB22-1057,2022,RS,Senate,2022-03-04,Senate Second Reading Passed - No Amendments,7
HB22-1057,2022,RS,Senate,2022-03-07,Senate Third Reading Passed - No Amendments,8
HB22-1057,2022,RS,House,2022-03-10,Signed by the Speaker of the House,9
HB22-1057,2022,RS,Senate,2022-03-11,Signed by the President of the Senate,10
HB22-1057,2022,RS,Governor,2022-03-11,Sent to the Governor,11
HB22-1057,2022,RS,Governor,2022-03-17,Governor Signed,12
HB22-1058,2022,RS,House,2022-01-14,Introduced In House - Assigned to Business Affairs & Labor,1
HB22-1058,2022,RS,House,2022-04-27,House Committee on Business Affairs & Labor Postpone Indefinitely,2
HB22-1059,2022,RS,House,2022-01-14,"Introduced In House - Assigned to State, Civic, Military, & Veterans Affairs",1
HB22-1059,2022,RS,House,2022-03-21,"House Committee on State, Civic, Military, & Veterans Affairs Postpone Indefinitely",2
HB22-1060,2022,RS,House,2022-01-14,"Introduced In House - Assigned to State, Civic, Military, & Veterans Affairs",1
HB22-1060,2022,RS,House,2022-01-31,"House Committee on State, Civic, Military, & Veterans Affairs Refer Unamended to Appropriations",2
HB22-1060,2022,RS,House,2022-02-17,House Committee on Appropriations Refer Amended to House Committee of the Whole,3
HB22-1060,2022,RS,House,2022-02-18,House Second Reading Special Order - Passed with Amendments - Committee,4
HB22-1060,2022,RS,House,2022-02-22,House Third Reading Passed - No Amendments,5
HB22-1060,2022,RS,Senate,2022-02-25,"Introduced In Senate - Assigned to State, Veterans, & Military Affairs",6
HB22-1060,2022,RS,Senate,2022-03-08,"Senate Committee on State, Veterans, & Military Affairs Refer Unamended to Appropriations",7
HB22-1060,2022,RS,Senate,2022-03-18,Senate Committee on Appropriations Refer Unamended to Senate Committee of the Whole,8
HB22-1060,2022,RS,Senate,2022-03-22,Senate Second Reading Laid Over Daily - No Amendments,9
HB22-1060,2022,RS,Senate,2022-03-25,Senate Second Reading Passed - No Amendments,10
HB22-1060,2022,RS,Senate,2022-03-28,Senate Third Reading Passed - No Amendments,11
HB22-1060,2022,RS,House,2022-04-07,Signed by the Speaker of the House,12
HB22-1060,2022,RS,Senate,2022-04-08,Signed by the President of the Senate,13
HB22-1060,2022,RS,Governor,2022-04-08,Sent to the Governor,14
HB22-1060,2022,RS,Governor,2022-04-13,Governor Signed,15
HB22-1061,2022,RS,House,2022-01-14,Introduced In House - Assigned to Judiciary,1
HB22-1061,2022,RS,House,2022-02-16,House Committee on Judiciary Refer Amended to Appropriations,2
HB22-1061,2022,RS,House,2022-05-05,House Committee on Appropriations Refer Amended to House Committee of the Whole,3
HB22-1061,2022,RS,House,2022-05-05,House Second Reading Special Order - Passed with Amendments - Committee,4
HB22-1061,2022,RS,House,2022-05-06,House Third Reading Passed - No Amendments,5
HB22-1061,2022,RS,Senate,2022-05-06,Introduced In Senate - Assigned to Appropriations,6
HB22-1061,2022,RS,Senate,2022-05-09,Senate Committee on Appropriations Refer Unamended to Senate Committee of the Whole,7
HB22-1061,2022,RS,Senate,2022-05-09,Senate Second Reading Special Order - Passed - No Amendments,8
HB22-1061,2022,RS,Senate,2022-05-10,Senate Third Reading Passed - No Amendments,9
HB22-1061,2022,RS,House,2022-06-03,Signed by the Speaker of the House,10
HB22-1061,2022,RS,Senate,2022-06-06,Signed by the President of the Senate,11
HB22-1061,2022,RS,Governor,2022-06-06,Sent to the Governor,12
HB22-1061,2022,RS,Governor,2022-06-08,Governor Signed,13
HB22-1062,2022,RS,House,2022-01-14,Introduced In House - Assigned to Finance,1
HB22-1062,2022,RS,House,2022-03-07,House Committee on Finance Witness Testimony and/or Committee Discussion Only,2
HB22-1062,2022,RS,House,2022-05-02,House Committee on Finance Postpone Indefinitely,3
HB22-1063,2022,RS,House,2022-01-14,Introduced In House - Assigned to Judiciary,1
HB22-1063,2022,RS,House,2022-02-09,House Committee on Judiciary Refer Amended to Appropriations,2
HB22-1063,2022,RS,House,2022-04-26,House Committee on Refer Amended to Legislative Council,3
HB22-1063,2022,RS,House,2022-04-29,House Committee on Legislative Council Refer Unamended to House Committee of the Whole,4
HB22-1063,2022,RS,House,2022-04-29,House Second Reading Special Order - Passed with Amendments - Committee,5
HB22-1063,2022,RS,House,2022-05-02,House Third Reading Passed - No Amendments,6
HB22-1063,2022,RS,Senate,2022-05-02,Introduced In Senate - Assigned to Judiciary,7
HB22-1063,2022,RS,Senate,2022-05-03,Senate Committee on Judiciary Refer Unamended to Appropriations,8
HB22-1063,2022,RS,Senate,2022-05-05,Senate Committee on Appropriations Refer Unamended to Senate Committee of the Whole,9
HB22-1063,2022,RS,Senate,2022-05-05,Senate Second Reading Special Order - Passed - No Amendments,10
HB22-1063,2022,RS,Senate,2022-05-06,Senate Third Reading Passed - No Amendments,11
HB22-1063,2022,RS,Senate,2022-05-06,Senate Third Reading Reconsidered - No Amendments,12
HB22-1063,2022,RS,House,2022-06-03,Signed by the Speaker of the House,13
HB22-1063,2022,RS,Senate,2022-06-06,Signed by the President of the Senate,14
HB22-1063,2022,RS,Governor,2022-06-06,Sent to the Governor,15
HB22-1063,2022,RS,Governor,2022-06-07,Governor Signed,16
HB22-1064,2022,RS,House,2022-01-14,Introduced In House - Assigned to Health & Insurance,1
HB22-1064,2022,RS,House,2022-03-16,House Committee on Health & Insurance Refer Amended to Finance,2
HB22-1064,2022,RS,House,2022-04-04,House Committee on Finance Refer Amended to Appropriations,3
HB22-1064,2022,RS,House,2022-05-03,House Committee on Appropriations Refer Amended to House Committee of the Whole,4
HB22-1064,2022,RS,House,2022-05-03,"House Second Reading Special Order - Passed with Amendments - Committee, Floor",5
HB22-1064,2022,RS,House,2022-05-04,House Third Reading Passed with Amendments - Floor,6
HB22-1064,2022,RS,Senate,2022-05-06,Introduced In Senate - Assigned to Finance,7
HB22-1064,2022,RS,Senate,2022-05-09,Senate Committee on Finance Refer Amended to Appropriations,8
HB22-1064,2022,RS,Senate,2022-05-10,Senate Committee on Appropriations Postpone Indefinitely,9
HB22-1065,2022,RS,House,2022-01-14,Introduced In House - Assigned to Judiciary,1
HB22-1065,2022,RS,House,2022-03-23,House Committee on Judiciary Refer Amended to Appropriations,2
HB22-1065,2022,RS,House,2022-05-12,House Committee on Appropriations Lay Over Unamended - Amendment(s) Failed,3
HB22-1066,2022,RS,House,2022-01-14,Introduced In House - Assigned to Education,1
HB22-1066,2022,RS,House,2022-03-03,House Committee on Education Postpone Indefinitely,2
HB22-1067,2022,RS,House,2022-01-14,Introduced In House - Assigned to Judiciary,1
HB22-1067,2022,RS,House,2022-02-15,House Committee on Judiciary Refer Amended to Appropriations,2
HB22-1067,2022,RS,House,2022-04-08,House Committee on Appropriations Refer Amended to House Committee of the Whole,3
HB22-1067,2022,RS,House,2022-04-08,"House Second Reading Special Order - Passed with Amendments - Committee, Floor",4
HB22-1067,2022,RS,House,2022-04-11,House Third Reading Passed - No Amendments,5
HB22-1067,2022,RS,Senate,2022-04-13,Introduced In Senate - Assigned to Judiciary,6
HB22-1067,2022,RS,Senate,2022-04-21,Senate Committee on Judiciary Refer Unamended to Appropriations,7
HB22-1067,2022,RS,Senate,2022-04-29,Senate Committee on Appropriations Refer Amended to Senate Committee of the Whole,8
HB22-1067,2022,RS,Senate,2022-04-29,Senate Second Reading Special Order - Passed with Amendments - Committee,9
HB22-1067,2022,RS,Senate,2022-05-02,Senate Third Reading Passed - No Amendments,10
HB22-1067,2022,RS,House,2022-05-03,House Considered Senate Amendments - Result was to Laid Over Daily,11
HB22-1067,2022,RS,House,2022-05-10,House Considered Senate Amendments - Result was to Concur - Repass,12
HB22-1067,2022,RS,House,2022-05-20,Signed by the Speaker of the House,13
HB22-1067,2022,RS,Senate,2022-05-20,Signed by the President of the Senate,14
HB22-1067,2022,RS,Governor,2022-05-20,Sent to the Governor,15
HB22-1067,2022,RS,Governor,2022-05-27,Governor Signed,16
HB22-1068,2022,RS,House,2022-01-18,Introduced In House - Assigned to Public & Behavioral Health & Human Services,1
HB22-1068,2022,RS,House,2022-02-01,House Committee on Public & Behavioral Health & Human Services Refer Amended to Appropriations,2
HB22-1068,2022,RS,House,2022-03-15,House Committee on Appropriations Refer Unamended to House Committee of the Whole,3
HB22-1068,2022,RS,House,2022-03-16,House Second Reading Special Order - Passed with Amendments - Committee,4
HB22-1068,2022,RS,House,2022-03-17,House Third Reading Passed - No Amendments,5
HB22-1068,2022,RS,Senate,2022-03-21,Introduced In Senate - Assigned to Health & Human Services,6
HB22-1068,2022,RS,Senate,2022-03-30,Senate Committee on Health & Human Services Refer Unamended to Appropriations,7
HB22-1068,2022,RS,Senate,2022-04-19,Senate Committee on Appropriations Refer Unamended - Consent Calendar to Senate Committee of the Whole,8
HB22-1068,2022,RS,Senate,2022-04-19,Senate Second Reading Special Order - Passed - No Amendments,9
HB22-1068,2022,RS,Senate,2022-04-20,Senate Third Reading Passed - No Amendments,10
HB22-1068,2022,RS,House,2022-05-26,Signed by the Speaker of the House,11
HB22-1068,2022,RS,Senate,2022-05-31,Signed by the President of the Senate,12
HB22-1068,2022,RS,Governor,2022-05-31,Sent to the Governor,13
HB22-1068,2022,RS,Governor,2022-06-02,Governor Signed,14
HB22-1069,2022,RS,House,2022-01-18,Introduced In House - Assigned to Education,1
HB22-1069,2022,RS,House,2022-03-03,House Committee on Education Postpone Indefinitely,2
HB22-1070,2022,RS,House,2022-01-18,Introduced In House - Assigned to Education,1
HB22-1070,2022,RS,House,2022-02-17,House Committee on Education Refer Unamended to House Committee of the Whole,2
HB22-1070,2022,RS,House,2022-02-23,House Second Reading Passed - No Amendments,3
HB22-1070,2022,RS,House,2022-02-24,House Third Reading Passed - No Amendments,4
HB22-1070,2022,RS,Senate,2022-02-28,Introduced In Senate - Assigned to Education,5
HB22-1070,2022,RS,Senate,2022-03-03,Senate Committee on Education Refer Unamended - Consent Calendar to Senate Committee of the Whole,6
HB22-1070,2022,RS,Senate,2022-03-04,Senate Second Reading Special Order - Passed - No Amendments,7
HB22-1070,2022,RS,Senate,2022-03-07,Senate Third Reading Passed - No Amendments,8
HB22-1070,2022,RS,House,2022-03-10,Signed by the Speaker of the House,9
HB22-1070,2022,RS,Senate,2022-03-11,Signed by the President of the Senate,10
HB22-1070,2022,RS,Governor,2022-03-11,Sent to the Governor,11
HB22-1070,2022,RS,Governor,2022-03-17,Governor Signed,12
HB22-1071,2022,RS,House,2022-01-18,Introduced In House - Assigned to Judiciary,1
HB22-1071,2022,RS,House,2022-02-08,House Committee on Judiciary Refer Unamended to House Committee of the Whole,2
HB22-1071,2022,RS,House,2022-02-10,House Second Reading Laid Over Daily - No Amendments,3
HB22-1071,2022,RS,House,2022-02-11,House Second Reading Passed - No Amendments,4
HB22-1071,2022,RS,House,2022-02-14,House Third Reading Passed - No Amendments,5
HB22-1071,2022,RS,Senate,2022-02-17,Introduced In Senate - Assigned to Judiciary,6
HB22-1071,2022,RS,Senate,2022-03-02,Senate Committee on Judiciary Refer Unamended to Senate Committee of the Whole,7
HB22-1071,2022,RS,Senate,2022-03-04,Senate Second Reading Laid Over Daily - No Amendments,8
HB22-1071,2022,RS,Senate,2022-03-07,Senate Second Reading Passed - No Amendments,9
HB22-1071,2022,RS,Senate,2022-03-08,Senate Third Reading Passed - No Amendments,10
HB22-1071,2022,RS,House,2022-03-10,Signed by the Speaker of the House,11
HB22-1071,2022,RS,Senate,2022-03-11,Signed by the President of the Senate,12
HB22-1071,2022,RS,Governor,2022-03-11,Sent to the Governor,13
HB22-1071,2022,RS,Governor,2022-03-21,Governor Signed,14
HB22-1072,2022,RS,House,2022-01-18,"Introduced In House - Assigned to Agriculture, Livestock, & Water",1
HB22-1072,2022,RS,House,2022-02-07,"House Committee on Agriculture, Livestock, & Water Refer Unamended to Appropriations",2
HB22-1072,2022,RS,House,2022-02-17,House Committee on Appropriations Refer Unamended to House Committee of the Whole,3
HB22-1072,2022,RS,House,2022-02-18,House Second Reading Special Order - Passed - No Amendments,4
HB22-1072,2022,RS,House,2022-02-22,House Third Reading Passed - No Amendments,5
HB22-1072,2022,RS,Senate,2022-02-25,Introduced In Senate - Assigned to Agriculture & Natural Resources,6
HB22-1072,2022,RS,Senate,2022-03-24,Senate Committee on Agriculture & Natural Resources Refer Unamended to Appropriations,7
HB22-1072,2022,RS,Senate,2022-04-01,Senate Committee on Appropriations Refer Unamended - Consent Calendar to Senate Committee of the Whole,8
HB22-1072,2022,RS,Senate,2022-04-01,Senate Second Reading Special Order - Passed - No Amendments,9
HB22-1072,2022,RS,Senate,2022-04-04,Senate Third Reading Passed - No Amendments,10
HB22-1072,2022,RS,House,2022-04-18,Signed by the Speaker of the House,11
HB22-1072,2022,RS,Senate,2022-04-18,Signed by the President of the Senate,12
HB22-1072,2022,RS,Governor,2022-04-19,Sent to the Governor,13
HB22-1072,2022,RS,Governor,2022-04-21,Governor Signed,14
HB22-1073,2022,RS,House,2022-01-18,Introduced In House - Assigned to Business Affairs & Labor,1
HB22-1073,2022,RS,House,2022-02-10,House Committee on Business Affairs & Labor Refer Unamended to House Committee of the Whole,2
HB22-1073,2022,RS,House,2022-02-15,House Second Reading Passed - No Amendments,3
HB22-1073,2022,RS,House,2022-02-16,House Third Reading Passed - No Amendments,4
HB22-1073,2022,RS,Senate,2022-02-22,"Introduced In Senate - Assigned to Business, Labor, & Technology",5
HB22-1073,2022,RS,Senate,2022-03-02,"Senate Committee on Business, Labor, & Technology Refer Unamended to Senate Committee of the Whole",6
HB22-1073,2022,RS,Senate,2022-03-07,Senate Second Reading Laid Over Daily - No Amendments,7
HB22-1073,2022,RS,Senate,2022-03-08,Senate Second Reading Passed - No Amendments,8
HB22-1073,2022,RS,Senate,2022-03-09,Senate Third Reading Passed - No Amendments,9
HB22-1073,2022,RS,House,2022-03-17,Signed by the Speaker of the House,10
HB22-1073,2022,RS,Senate,2022-03-18,Signed by the President of the Senate,11
HB22-1073,2022,RS,Governor,2022-03-18,Sent to the Governor,12
HB22-1073,2022,RS,Governor,2022-03-21,Governor Signed,13
HB22-1074,2022,RS,House,2022-01-18,Introduced In House - Assigned to Transportation & Local Government,1
HB22-1074,2022,RS,House,2022-02-09,House Committee on Transportation & Local Government Refer Unamended to House Committee of the Whole,2
HB22-1074,2022,RS,House,2022-02-14,House Second Reading Passed - No Amendments,3
HB22-1074,2022,RS,House,2022-02-15,House Third Reading Passed - No Amendments,4
HB22-1074,2022,RS,Senate,2022-02-18,Introduced In Senate - Assigned to Transportation & Energy,5
HB22-1074,2022,RS,Senate,2022-02-22,Senate Committee on Transportation & Energy Refer Unamended - Consent Calendar to Senate Committee of the Whole,6
HB22-1074,2022,RS,Senate,2022-02-25,Senate Second Reading Passed - No Amendments,7
HB22-1074,2022,RS,Senate,2022-02-28,Senate Third Reading Passed - No Amendments,8
HB22-1074,2022,RS,House,2022-03-04,Signed by the Speaker of the House,9
HB22-1074,2022,RS,Senate,2022-03-07,Signed by the President of the Senate,10
HB22-1074,2022,RS,Governor,2022-03-07,Sent to the Governor,11
HB22-1074,2022,RS,Governor,2022-03-15,Governor Signed,12
HB22-1075,2022,RS,House,2022-01-18,Introduced In House - Assigned to Health & Insurance,1
HB22-1075,2022,RS,House,2022-02-23,House Committee on Health & Insurance Postpone Indefinitely,2
HB22-1076,2022,RS,House,2022-01-19,Introduced In House - Assigned to Health & Insurance,1
HB22-1076,2022,RS,House,2022-02-16,House Committee on Health & Insurance Refer Unamended to House Committee of the Whole,2
HB22-1076,2022,RS,House,2022-02-18,House Second Reading Special Order - Passed - No Amendments,3
HB22-1076,2022,RS,House,2022-02-22,House Third Reading Passed - No Amendments,4
HB22-1076,2022,RS,Senate,2022-02-25,Introduced In Senate - Assigned to Health & Human Services,5
HB22-1076,2022,RS,Senate,2022-03-09,Senate Committee on Health & Human Services Refer Unamended - Consent Calendar to Senate Committee of the Whole,6
HB22-1076,2022,RS,Senate,2022-03-14,Senate Second Reading Passed - No Amendments,7
HB22-1076,2022,RS,Senate,2022-03-15,Senate Third Reading Passed - No Amendments,8
HB22-1076,2022,RS,House,2022-03-25,Signed by the Speaker of the House,9
HB22-1076,2022,RS,Senate,2022-03-25,Signed by the President of the Senate,10
HB22-1076,2022,RS,Governor,2022-03-25,Sent to the Governor,11
HB22-1076,2022,RS,Governor,2022-04-04,Governor Signed,12
HB22-1077,2022,RS,House,2022-01-19,Introduced In House - Assigned to Public & Behavioral Health & Human Services,1
HB22-1077,2022,RS,House,2022-02-15,House Committee on Public & Behavioral Health & Human Services Refer Amended to Appropriations,2
HB22-1077,2022,RS,House,2022-04-26,House Committee on Appropriations Refer Amended to House Committee of the Whole,3
HB22-1077,2022,RS,House,2022-04-26,House Second Reading Special Order - Passed with Amendments - Committee,4
HB22-1077,2022,RS,House,2022-04-27,House Third Reading Passed - No Amendments,5
HB22-1077,2022,RS,Senate,2022-04-27,"Introduced In Senate - Assigned to Business, Labor, & Technology",6
HB22-1077,2022,RS,Senate,2022-05-02,"Senate Committee on Business, Labor, & Technology Refer Unamended to Appropriations",7
HB22-1077,2022,RS,Senate,2022-05-05,Senate Committee on Appropriations Refer Unamended to Senate Committee of the Whole,8
HB22-1077,2022,RS,Senate,2022-05-05,Senate Second Reading Special Order - Passed - No Amendments,9
HB22-1077,2022,RS,Senate,2022-05-06,Senate Third Reading Passed with Amendments - Floor,10
HB22-1077,2022,RS,Senate,2022-05-06,Senate Third Reading Reconsidered - No Amendments,11
HB22-1077,2022,RS,Senate,2022-05-06,Senate Third Reading Passed - No Amendments,12
HB22-1077,2022,RS,House,2022-05-09,House Considered Senate Amendments - Result was to Laid Over Daily,13
HB22-1077,2022,RS,House,2022-05-10,House Considered Senate Amendments - Result was to Concur - Repass,14
HB22-1077,2022,RS,House,2022-05-20,Signed by the Speaker of the House,15
HB22-1077,2022,RS,Senate,2022-05-20,Signed by the President of the Senate,16
HB22-1077,2022,RS,Governor,2022-05-20,Sent to the Governor,17
HB22-1077,2022,RS,Governor,2022-06-07,Governor Signed,18
HB22-1078,2022,RS,House,2022-01-19,"Introduced In House - Assigned to State, Civic, Military, & Veterans Affairs",1
HB22-1078,2022,RS,House,2022-02-14,"House Committee on State, Civic, Military, & Veterans Affairs Postpone Indefinitely",2
HB22-1079,2022,RS,House,2022-01-19,Introduced In House - Assigned to Health & Insurance,1
HB22-1079,2022,RS,House,2022-02-23,House Committee on Health & Insurance Postpone Indefinitely,2
HB22-1080,2022,RS,House,2022-01-19,Introduced In House - Assigned to Transportation & Local Government,1
HB22-1080,2022,RS,House,2022-02-15,House Committee on Transportation & Local Government Postpone Indefinitely,2
HB22-1081,2022,RS,House,2022-01-19,"Introduced In House - Assigned to State, Civic, Military, & Veterans Affairs",1
HB22-1081,2022,RS,House,2022-02-17,"House Committee on State, Civic, Military, & Veterans Affairs Postpone Indefinitely",2
HB22-1082,2022,RS,House,2022-01-19,Introduced In House - Assigned to Judiciary,1
HB22-1082,2022,RS,House,2022-02-09,House Committee on Judiciary Refer Amended to Appropriations,2
HB22-1082,2022,RS,House,2022-03-03,House Committee on Appropriations Refer Unamended to House Committee of the Whole,3
HB22-1082,2022,RS,House,2022-03-03,House Second Reading Special Order - Laid Over Daily - No Amendments,4
HB22-1082,2022,RS,House,2022-03-04,House Second Reading Special Order - Passed with Amendments - Committee,5
HB22-1082,2022,RS,House,2022-03-07,House Third Reading Laid Over to 03/10/2022 - No Amendments,6
HB22-1082,2022,RS,House,2022-03-10,House Third Reading Laid Over Daily - No Amendments,7
HB22-1082,2022,RS,House,2022-03-11,House Third Reading Passed - No Amendments,8
HB22-1082,2022,RS,Senate,2022-03-14,Introduced In Senate - Assigned to Judiciary,9
HB22-1082,2022,RS,Senate,2022-03-31,Senate Committee on Judiciary Refer Amended to Appropriations,10
HB22-1082,2022,RS,Senate,2022-04-19,Senate Committee on Appropriations Refer Unamended to Senate Committee of the Whole,11
HB22-1082,2022,RS,Senate,2022-04-21,Senate Second Reading Passed with Amendments - Committee,12
HB22-1082,2022,RS,Senate,2022-04-22,Senate Third Reading Passed - No Amendments,13
HB22-1082,2022,RS,House,2022-04-25,House Considered Senate Amendments - Result was to Laid Over Daily,14
HB22-1082,2022,RS,House,2022-04-28,House Considered Senate Amendments - Result was to Concur - Repass,15
HB22-1082,2022,RS,House,2022-05-14,Signed by the Speaker of the House,16
HB22-1082,2022,RS,Senate,2022-05-16,Signed by the President of the Senate,17
HB22-1082,2022,RS,Governor,2022-05-16,Sent to the Governor,18
HB22-1082,2022,RS,Governor,2022-05-17,Governor Signed,19
HB22-1083,2022,RS,House,2022-01-19,Introduced In House - Assigned to Finance,1
HB22-1083,2022,RS,House,2022-02-10,House Committee on Finance Refer Amended to Appropriations,2
HB22-1083,2022,RS,House,2022-04-14,House Committee on Appropriations Refer Amended to House Committee of the Whole,3
HB22-1083,2022,RS,House,2022-04-14,"House Second Reading Special Order - Passed with Amendments - Committee, Floor",4
HB22-1083,2022,RS,House,2022-04-18,House Third Reading Passed - No Amendments,5
HB22-1083,2022,RS,Senate,2022-04-20,Introduced In Senate - Assigned to Finance,6
HB22-1083,2022,RS,Senate,2022-04-25,Senate Committee on Finance Refer Unamended to Appropriations,7
HB22-1083,2022,RS,Senate,2022-04-28,Senate Committee on Appropriations Refer Amended - Consent Calendar to Senate Committee of the Whole,8
HB22-1083,2022,RS,Senate,2022-04-28,Senate Second Reading Special Order - Passed with Amendments - Committee,9
HB22-1083,2022,RS,Senate,2022-04-29,Senate Third Reading Passed with Amendments - Floor,10
HB22-1083,2022,RS,House,2022-05-02,House Considered Senate Amendments - Result was to Laid Over Daily,11
HB22-1083,2022,RS,House,2022-05-10,House Considered Senate Amendments - Result was to Concur - Repass,12
HB22-1083,2022,RS,House,2022-05-19,Signed by the Speaker of the House,13
HB22-1083,2022,RS,Senate,2022-05-19,Signed by the President of the Senate,14
HB22-1083,2022,RS,Governor,2022-05-19,Sent to the Governor,15
HB22-1083,2022,RS,Governor,2022-05-31,Governor Signed,16
HB22-1084,2022,RS,House,2022-01-19,"Introduced In House - Assigned to State, Civic, Military, & Veterans Affairs",1
HB22-1084,2022,RS,House,2022-02-14,"House Committee on State, Civic, Military, & Veterans Affairs Postpone Indefinitely",2
HB22-1085,2022,RS,House,2022-01-19,"Introduced In House - Assigned to State, Civic, Military, & Veterans Affairs",1
HB22-1085,2022,RS,House,2022-02-14,"House Committee on State, Civic, Military, & Veterans Affairs Postpone Indefinitely",2
HB22-1086,2022,RS,House,2022-01-19,"Introduced In House - Assigned to State, Civic, Military, & Veterans Affairs",1
HB22-1086,2022,RS,House,2022-02-14,"House Committee on State, Civic, Military, & Veterans Affairs Refer Unamended to House Committee of the Whole",2
HB22-1086,2022,RS,House,2022-02-17,House Second Reading Laid Over to 02/22/2022 - No Amendments,3
HB22-1086,2022,RS,House,2022-02-22,House Second Reading Laid Over Daily - No Amendments,4
HB22-1086,2022,RS,House,2022-02-23,House Second Reading Laid Over to 02/25/2022 - No Amendments,5
HB22-1086,2022,RS,House,2022-02-25,House Second Reading Passed with Amendments - Floor,6
HB22-1086,2022,RS,House,2022-02-28,House Third Reading Passed - No Amendments,7
HB22-1086,2022,RS,Senate,2022-03-03,"Introduced In Senate - Assigned to State, Veterans, & Military Affairs",8
HB22-1086,2022,RS,Senate,2022-03-15,"Senate Committee on State, Veterans, & Military Affairs Refer Unamended to Senate Committee of the Whole",9
HB22-1086,2022,RS,Senate,2022-03-18,Senate Second Reading Passed - No Amendments,10
HB22-1086,2022,RS,Senate,2022-03-21,Senate Third Reading Passed - No Amendments,11
HB22-1086,2022,RS,House,2022-03-25,Signed by the Speaker of the House,12
HB22-1086,2022,RS,Senate,2022-03-25,Signed by the President of the Senate,13
HB22-1086,2022,RS,Governor,2022-03-25,Sent to the Governor,14
HB22-1086,2022,RS,Governor,2022-03-30,Governor Signed,15
HB22-1087,2022,RS,House,2022-01-19,Introduced In House - Assigned to Transportation & Local Government,1
HB22-1087,2022,RS,House,2022-02-08,House Committee on Transportation & Local Government Refer Unamended to House Committee of the Whole,2
HB22-1087,2022,RS,House,2022-02-10,House Second Reading Laid Over Daily - No Amendments,3
HB22-1087,2022,RS,House,2022-02-11,House Second Reading Passed - No Amendments,4
HB22-1087,2022,RS,House,2022-02-14,House Third Reading Passed - No Amendments,5
HB22-1087,2022,RS,Senate,2022-02-17,Introduced In Senate - Assigned to Local Government,6
HB22-1087,2022,RS,Senate,2022-03-08,Senate Committee on Local Government Refer Unamended - Consent Calendar to Senate Committee of the Whole,7
HB22-1087,2022,RS,Senate,2022-03-11,Senate Second Reading Passed - No Amendments,8
HB22-1087,2022,RS,Senate,2022-03-14,Senate Third Reading Passed - No Amendments,9
HB22-1087,2022,RS,House,2022-03-17,Signed by the Speaker of the House,10
HB22-1087,2022,RS,Senate,2022-03-18,Signed by the President of the Senate,11
HB22-1087,2022,RS,Governor,2022-03-18,Sent to the Governor,12
HB22-1087,2022,RS,Governor,2022-03-24,Governor Signed,13
HB22-1088,2022,RS,House,2022-01-20,Introduced In House - Assigned to Transportation & Local Government,1
HB22-1088,2022,RS,House,2022-02-08,House Committee on Transportation & Local Government Refer Unamended to House Committee of the Whole,2
HB22-1088,2022,RS,House,2022-02-10,House Second Reading Laid Over Daily - No Amendments,3
HB22-1088,2022,RS,House,2022-02-14,House Second Reading Passed - No Amendments,4
HB22-1088,2022,RS,House,2022-02-15,House Third Reading Laid Over Daily - No Amendments,5
HB22-1088,2022,RS,House,2022-02-16,House Third Reading Passed - No Amendments,6
HB22-1088,2022,RS,Senate,2022-02-18,Introduced In Senate - Assigned to Judiciary,7
HB22-1088,2022,RS,Senate,2022-03-10,Senate Committee on Judiciary Refer Unamended to Senate Committee of the Whole,8
HB22-1088,2022,RS,Senate,2022-03-15,Senate Second Reading Passed - No Amendments,9
HB22-1088,2022,RS,Senate,2022-03-16,Senate Third Reading Passed - No Amendments,10
HB22-1088,2022,RS,House,2022-03-25,Signed by the Speaker of the House,11
HB22-1088,2022,RS,Senate,2022-03-25,Signed by the President of the Senate,12
HB22-1088,2022,RS,Governor,2022-03-25,Sent to the Governor,13
HB22-1088,2022,RS,Governor,2022-03-30,Governor Signed,14
HB22-1089,2022,RS,House,2022-01-20,Introduced In House - Assigned to Judiciary,1
HB22-1089,2022,RS,House,2022-02-09,House Committee on Judiciary Refer Amended to House Committee of the Whole,2
HB22-1089,2022,RS,House,2022-02-14,House Second Reading Laid Over Daily - No Amendments,3
HB22-1089,2022,RS,House,2022-02-17,"House Second Reading Special Order - Passed with Amendments - Committee, Floor",4
HB22-1089,2022,RS,House,2022-02-18,House Third Reading Passed - No Amendments,5
HB22-1089,2022,RS,Senate,2022-02-24,Introduced In Senate - Assigned to Transportation & Energy,6
HB22-1089,2022,RS,Senate,2022-03-15,Senate Committee on Transportation & Energy Refer Amended to Senate Committee of the Whole,7
HB22-1089,2022,RS,Senate,2022-03-18,Senate Second Reading Laid Over to 03/23/2022 - No Amendments,8
HB22-1089,2022,RS,Senate,2022-03-23,Senate Second Reading Laid Over Daily - No Amendments,9
HB22-1089,2022,RS,Senate,2022-03-31,"Senate Second Reading Passed with Amendments - Committee, Floor",10
HB22-1089,2022,RS,Senate,2022-04-01,Senate Third Reading Passed - No Amendments,11
HB22-1089,2022,RS,House,2022-04-04,House Considered Senate Amendments - Result was to Laid Over Daily,12
HB22-1089,2022,RS,House,2022-04-05,House Considered Senate Amendments - Result was to Concur - Repass,13
HB22-1089,2022,RS,House,2022-05-06,Signed by the Speaker of the House,14
HB22-1089,2022,RS,Senate,2022-05-09,Signed by the President of the Senate,15
HB22-1089,2022,RS,Governor,2022-05-09,Sent to the Governor,16
HB22-1089,2022,RS,Governor,2022-05-17,Governor Signed,17
HB22-1090,2022,RS,House,2022-01-20,Introduced In House - Assigned to Public & Behavioral Health & Human Services,1
HB22-1090,2022,RS,House,2022-02-11,House Committee on Public & Behavioral Health & Human Services Refer Unamended to House Committee of the Whole,2
HB22-1090,2022,RS,House,2022-02-16,House Second Reading Laid Over Daily - No Amendments,3
HB22-1090,2022,RS,House,2022-02-17,House Second Reading Special Order - Passed - No Amendments,4
HB22-1090,2022,RS,House,2022-02-18,House Third Reading Passed - No Amendments,5
HB22-1090,2022,RS,Senate,2022-02-24,Introduced In Senate - Assigned to Health & Human Services,6
HB22-1090,2022,RS,Senate,2022-03-09,Senate Committee on Health & Human Services Refer Unamended - Consent Calendar to Senate Committee of the Whole,7
HB22-1090,2022,RS,Senate,2022-03-14,Senate Second Reading Passed - No Amendments,8
HB22-1090,2022,RS,Senate,2022-03-15,Senate Third Reading Passed - No Amendments,9
HB22-1090,2022,RS,House,2022-03-25,Signed by the Speaker of the House,10
HB22-1090,2022,RS,Senate,2022-03-25,Signed by the President of the Senate,11
HB22-1090,2022,RS,Governor,2022-03-25,Sent to the Governor,12
HB22-1090,2022,RS,Governor,2022-03-30,Governor Signed,13
HB22-1091,2022,RS,House,2022-01-20,Introduced In House - Assigned to Judiciary,1
HB22-1091,2022,RS,House,2022-02-08,House Committee on Judiciary Refer Unamended to Appropriations,2
HB22-1091,2022,RS,House,2022-04-22,House Committee on Appropriations Refer Amended to House Committee of the Whole,3
HB22-1091,2022,RS,House,2022-04-22,House Second Reading Special Order - Passed with Amendments - Committee,4
HB22-1091,2022,RS,House,2022-04-25,House Third Reading Passed - No Amendments,5
HB22-1091,2022,RS,Senate,2022-04-25,Introduced In Senate - Assigned to Judiciary,6
HB22-1091,2022,RS,Senate,2022-04-28,Senate Committee on Judiciary Refer Unamended to Appropriations,7
HB22-1091,2022,RS,Senate,2022-05-03,Senate Committee on Appropriations Refer Unamended - Consent Calendar to Senate Committee of the Whole,8
HB22-1091,2022,RS,Senate,2022-05-03,Senate Second Reading Special Order - Passed - No Amendments,9
HB22-1091,2022,RS,Senate,2022-05-04,Senate Third Reading Passed - No Amendments,10
HB22-1091,2022,RS,House,2022-05-19,Signed by the Speaker of the House,11
HB22-1091,2022,RS,Senate,2022-05-19,Signed by the President of the Senate,12
HB22-1091,2022,RS,Governor,2022-05-19,Sent to the Governor,13
HB22-1091,2022,RS,Governor,2022-05-20,Governor Signed,14
HB22-1092,2022,RS,House,2022-01-20,"Introduced In House - Assigned to Agriculture, Livestock, & Water",1
HB22-1092,2022,RS,House,2022-02-24,"House Committee on Agriculture, Livestock, & Water Refer Amended to House Committee of the Whole",2
HB22-1092,2022,RS,House,2022-03-01,House Second Reading Laid Over Daily - No Amendments,3
HB22-1092,2022,RS,House,2022-03-02,House Second Reading Passed with Amendments - Committee,4
HB22-1092,2022,RS,House,2022-03-03,House Third Reading Passed - No Amendments,5
HB22-1092,2022,RS,Senate,2022-03-07,Introduced In Senate - Assigned to Agriculture & Natural Resources,6
HB22-1092,2022,RS,Senate,2022-03-17,Senate Committee on Agriculture & Natural Resources Refer Amended - Consent Calendar to Senate Committee of the Whole,7
HB22-1092,2022,RS,Senate,2022-03-22,Senate Second Reading Passed with Amendments - Committee,8
HB22-1092,2022,RS,Senate,2022-03-23,Senate Third Reading Passed - No Amendments,9
HB22-1092,2022,RS,House,2022-03-24,House Considered Senate Amendments - Result was to Laid Over Daily,10
HB22-1092,2022,RS,House,2022-03-31,House Considered Senate Amendments - Result was to Concur - Repass,11
HB22-1092,2022,RS,House,2022-04-07,Signed by the Speaker of the House,12
HB22-1092,2022,RS,Senate,2022-04-08,Signed by the President of the Senate,13
HB22-1092,2022,RS,Governor,2022-04-08,Sent to the Governor,14
HB22-1092,2022,RS,Governor,2022-04-12,Governor Signed,15
HB22-1093,2022,RS,House,2022-01-20,Introduced In House - Assigned to Business Affairs & Labor + Finance,1
HB22-1093,2022,RS,House,2022-02-10,House Committee on Business Affairs & Labor Refer Amended to Finance,2
HB22-1093,2022,RS,House,2022-02-24,House Committee on Finance Refer Unamended to Appropriations,3
HB22-1093,2022,RS,House,2022-03-11,House Committee on Appropriations Refer Amended to House Committee of the Whole,4
HB22-1093,2022,RS,House,2022-03-14,House Second Reading Laid Over Daily - No Amendments,5
HB22-1093,2022,RS,House,2022-03-15,House Second Reading Passed with Amendments - Committee,6
HB22-1093,2022,RS,House,2022-03-16,House Third Reading Passed - No Amendments,7
HB22-1093,2022,RS,Senate,2022-03-18,"Introduced In Senate - Assigned to State, Veterans, & Military Affairs",8
HB22-1093,2022,RS,Senate,2022-03-31,"Senate Committee on State, Veterans, & Military Affairs Refer Amended to Appropriations",9
HB22-1093,2022,RS,Senate,2022-04-08,Senate Committee on Appropriations Refer Amended - Consent Calendar to Senate Committee of the Whole,10
HB22-1093,2022,RS,Senate,2022-04-08,Senate Second Reading Special Order - Passed with Amendments - Committee,11
HB22-1093,2022,RS,Senate,2022-04-11,Senate Third Reading Passed - No Amendments,12
HB22-1093,2022,RS,House,2022-04-12,House Considered Senate Amendments - Result was to Laid Over Daily,13
HB22-1093,2022,RS,House,2022-04-13,House Considered Senate Amendments - Result was to Concur - Repass,14
HB22-1093,2022,RS,House,2022-06-01,Signed by the Speaker of the House,15
HB22-1093,2022,RS,Senate,2022-06-01,Signed by the President of the Senate,16
HB22-1093,2022,RS,Governor,2022-06-01,Sent to the Governor,17
HB22-1093,2022,RS,Governor,2022-06-03,Governor Signed,18
HB22-1094,2022,RS,House,2022-01-20,Introduced In House - Assigned to Health & Insurance,1
HB22-1094,2022,RS,House,2022-02-16,House Committee on Health & Insurance Refer Amended to Appropriations,2
HB22-1094,2022,RS,House,2022-05-12,House Committee on Appropriations Lay Over Unamended - Amendment(s) Failed,3
HB22-1095,2022,RS,House,2022-01-20,Introduced In House - Assigned to Health & Insurance,1
HB22-1095,2022,RS,House,2022-02-23,House Committee on Health & Insurance Refer Amended to House Committee of the Whole,2
HB22-1095,2022,RS,House,2022-02-28,House Second Reading Laid Over to 03/04/2022 - No Amendments,3
HB22-1095,2022,RS,House,2022-03-04,"House Second Reading Special Order - Passed with Amendments - Committee, Floor",4
HB22-1095,2022,RS,House,2022-03-07,House Third Reading Laid Over to 03/10/2022 - No Amendments,5
HB22-1095,2022,RS,House,2022-03-10,House Third Reading Laid Over Daily - No Amendments,6
HB22-1095,2022,RS,House,2022-03-11,House Third Reading Re-referred to House Committee of the Whole - No Amendments,7
HB22-1095,2022,RS,House,2022-03-14,House Second Reading Laid Over Daily - No Amendments,8
HB22-1095,2022,RS,House,2022-03-15,"House Second Reading Lost with Amendments - Committee, Floor",9
HB22-1096,2022,RS,House,2022-01-20,"Introduced In House - Assigned to State, Civic, Military, & Veterans Affairs",1
HB22-1096,2022,RS,House,2022-02-10,"House Committee on State, Civic, Military, & Veterans Affairs Postpone Indefinitely",2
HB22-1097,2022,RS,House,2022-01-20,Introduced In House - Assigned to Transportation & Local Government,1
HB22-1097,2022,RS,House,2022-02-08,House Committee on Transportation & Local Government Refer Amended to House Committee of the Whole,2
HB22-1097,2022,RS,House,2022-02-11,House Second Reading Passed with Amendments - Committee,3
HB22-1097,2022,RS,House,2022-02-14,House Third Reading Passed - No Amendments,4
HB22-1097,2022,RS,Senate,2022-02-17,Introduced In Senate - Assigned to Local Government,5
HB22-1097,2022,RS,Senate,2022-03-01,Senate Committee on Local Government Refer Unamended - Consent Calendar to Senate Committee of the Whole,6
HB22-1097,2022,RS,Senate,2022-03-04,Senate Second Reading Passed - No Amendments,7
HB22-1097,2022,RS,Senate,2022-03-07,Senate Third Reading Passed - No Amendments,8
HB22-1097,2022,RS,House,2022-03-10,Signed by the Speaker of the House,9
HB22-1097,2022,RS,Senate,2022-03-11,Signed by the President of the Senate,10
HB22-1097,2022,RS,Governor,2022-03-11,Sent to the Governor,11
HB22-1097,2022,RS,Governor,2022-03-17,Governor Signed,12
HB22-1098,2022,RS,House,2022-01-20,Introduced In House - Assigned to Business Affairs & Labor,1
HB22-1098,2022,RS,House,2022-02-17,House Committee on Business Affairs & Labor Refer Amended to Finance,2
HB22-1098,2022,RS,House,2022-02-28,House Committee on Finance Refer Unamended to Appropriations,3
HB22-1098,2022,RS,House,2022-03-11,House Committee on Appropriations Refer Amended to House Committee of the Whole,4
HB22-1098,2022,RS,House,2022-03-14,House Second Reading Laid Over Daily - No Amendments,5
HB22-1098,2022,RS,House,2022-03-15,House Second Reading Passed with Amendments - Committee,6
HB22-1098,2022,RS,House,2022-03-16,House Third Reading Passed - No Amendments,7
HB22-1098,2022,RS,Senate,2022-03-18,Introduced In Senate - Assigned to Finance,8
HB22-1098,2022,RS,Senate,2022-03-30,Senate Committee on Finance Refer Unamended to Appropriations,9
HB22-1098,2022,RS,Senate,2022-04-08,Senate Committee on Appropriations Refer Unamended - Consent Calendar to Senate Committee of the Whole,10
HB22-1098,2022,RS,Senate,2022-04-08,Senate Second Reading Special Order - Passed - No Amendments,11
HB22-1098,2022,RS,Senate,2022-04-11,Senate Third Reading Passed - No Amendments,12
HB22-1098,2022,RS,House,2022-05-19,Signed by the Speaker of the House,13
HB22-1098,2022,RS,Senate,2022-05-19,Signed by the President of the Senate,14
HB22-1098,2022,RS,Governor,2022-05-19,Sent to the Governor,15
HB22-1098,2022,RS,Governor,2022-05-25,Governor Signed,16
HB22-1099,2022,RS,House,2022-01-20,Introduced In House - Assigned to Business Affairs & Labor,1
HB22-1099,2022,RS,House,2022-02-10,House Committee on Business Affairs & Labor Refer Amended to House Committee of the Whole,2
HB22-1099,2022,RS,House,2022-02-15,House Second Reading Passed with Amendments - Committee,3
HB22-1099,2022,RS,House,2022-02-16,House Third Reading Passed - No Amendments,4
HB22-1099,2022,RS,Senate,2022-02-22,"Introduced In Senate - Assigned to Business, Labor, & Technology",5
HB22-1099,2022,RS,Senate,2022-03-02,"Senate Committee on Business, Labor, & Technology Refer Unamended - Consent Calendar to Senate Committee of the Whole",6
HB22-1099,2022,RS,Senate,2022-03-04,Senate Second Reading Special Order - Passed - No Amendments,7
HB22-1099,2022,RS,Senate,2022-03-07,Senate Third Reading Passed - No Amendments,8
HB22-1099,2022,RS,House,2022-03-10,Signed by the Speaker of the House,9
HB22-1099,2022,RS,Senate,2022-03-11,Signed by the President of the Senate,10
HB22-1099,2022,RS,Governor,2022-03-11,Sent to the Governor,11
HB22-1099,2022,RS,Governor,2022-03-17,Governor Signed,12
HB22-1100,2022,RS,House,2022-01-20,Introduced In House - Assigned to Health & Insurance,1
HB22-1100,2022,RS,House,2022-04-06,House Committee on Health & Insurance Postpone Indefinitely,2
HB22-1101,2022,RS,House,2022-01-20,Introduced In House - Assigned to Education,1
HB22-1101,2022,RS,House,2022-02-17,House Committee on Education Refer Amended to House Committee of the Whole,2
HB22-1101,2022,RS,House,2022-02-23,House Second Reading Passed with Amendments - Committee,3
HB22-1101,2022,RS,House,2022-02-24,House Third Reading Passed - No Amendments,4
HB22-1101,2022,RS,Senate,2022-02-28,Introduced In Senate - Assigned to Education,5
HB22-1101,2022,RS,Senate,2022-03-02,Senate Committee on Education Refer Unamended to Senate Committee of the Whole,6
HB22-1101,2022,RS,Senate,2022-03-04,Senate Second Reading Passed - No Amendments,7
HB22-1101,2022,RS,Senate,2022-03-07,Senate Third Reading Passed - No Amendments,8
HB22-1101,2022,RS,House,2022-03-10,Signed by the Speaker of the House,9
HB22-1101,2022,RS,Senate,2022-03-11,Signed by the President of the Senate,10
HB22-1101,2022,RS,Governor,2022-03-11,Sent to the Governor,11
HB22-1101,2022,RS,Governor,2022-03-18,Governor Signed,12
HB22-1102,2022,RS,House,2022-01-20,"Introduced In House - Assigned to State, Civic, Military, & Veterans Affairs",1
HB22-1102,2022,RS,House,2022-02-03,"House Committee on State, Civic, Military, & Veterans Affairs Refer Unamended to House Committee of the Whole",2
HB22-1102,2022,RS,House,2022-02-08,House Second Reading Passed with Amendments - Floor,3
HB22-1102,2022,RS,House,2022-02-09,House Third Reading Passed - No Amendments,4
HB22-1102,2022,RS,Senate,2022-02-14,Introduced In Senate - Assigned to Judiciary,5
HB22-1102,2022,RS,Senate,2022-03-10,Senate Committee on Judiciary Refer Amended - Consent Calendar to Senate Committee of the Whole,6
HB22-1102,2022,RS,Senate,2022-03-15,Senate Second Reading Passed with Amendments - Committee,7
HB22-1102,2022,RS,Senate,2022-03-16,Senate Third Reading Passed - No Amendments,8
HB22-1102,2022,RS,House,2022-03-17,House Considered Senate Amendments - Result was to Laid Over Daily,9
HB22-1102,2022,RS,House,2022-03-21,House Considered Senate Amendments - Result was to Concur - Repass,10
HB22-1102,2022,RS,House,2022-03-25,Signed by the Speaker of the House,11
HB22-1102,2022,RS,Senate,2022-03-25,Signed by the President of the Senate,12
HB22-1102,2022,RS,Governor,2022-03-25,Sent to the Governor,13
HB22-1102,2022,RS,Governor,2022-04-04,Governor Signed,14
HB22-1103,2022,RS,House,2022-01-20,Introduced In House - Assigned to Transportation & Local Government,1
HB22-1103,2022,RS,House,2022-02-01,House Committee on Transportation & Local Government Refer Unamended to Finance,2
HB22-1103,2022,RS,House,2022-02-24,House Committee on Finance Refer Unamended to Appropriations,3
HB22-1103,2022,RS,House,2022-04-05,House Committee on Appropriations Refer Amended to House Committee of the Whole,4
HB22-1103,2022,RS,House,2022-04-05,House Second Reading Special Order - Passed with Amendments - Committee,5
HB22-1103,2022,RS,House,2022-04-06,House Third Reading Laid Over to 04/08/2022 - No Amendments,6
HB22-1103,2022,RS,House,2022-04-08,House Third Reading Passed - No Amendments,7
HB22-1103,2022,RS,Senate,2022-04-11,Introduced In Senate - Assigned to Finance,8
HB22-1103,2022,RS,Senate,2022-04-20,Senate Committee on Finance Refer Unamended to Appropriations,9
HB22-1103,2022,RS,Senate,2022-04-25,Senate Committee on Appropriations Refer Unamended to Senate Committee of the Whole,10
HB22-1103,2022,RS,Senate,2022-04-25,Senate Second Reading Special Order - Passed - No Amendments,11
HB22-1103,2022,RS,Senate,2022-04-26,Senate Third Reading Passed - No Amendments,12
HB22-1103,2022,RS,House,2022-05-20,Signed by the Speaker of the House,13
HB22-1103,2022,RS,Senate,2022-05-20,Signed by the President of the Senate,14
HB22-1103,2022,RS,Governor,2022-05-20,Sent to the Governor,15
HB22-1103,2022,RS,Governor,2022-05-27,Governor Signed,16
HB22-1104,2022,RS,House,2022-01-20,Introduced In House - Assigned to Transportation & Local Government,1
HB22-1104,2022,RS,House,2022-02-16,House Committee on Transportation & Local Government Refer Amended to House Committee of the Whole,2
HB22-1104,2022,RS,House,2022-02-22,House Second Reading Laid Over Daily - No Amendments,3
HB22-1104,2022,RS,House,2022-02-23,"House Second Reading Passed with Amendments - Committee, Floor",4
HB22-1104,2022,RS,House,2022-02-24,House Third Reading Passed - No Amendments,5
HB22-1104,2022,RS,Senate,2022-02-28,Introduced In Senate - Assigned to Transportation & Energy,6
HB22-1104,2022,RS,Senate,2022-03-15,Senate Committee on Transportation & Energy Refer Unamended to Senate Committee of the Whole,7
HB22-1104,2022,RS,Senate,2022-03-18,Senate Second Reading Passed with Amendments - Floor,8
HB22-1104,2022,RS,Senate,2022-03-21,Senate Third Reading Passed - No Amendments,9
HB22-1104,2022,RS,House,2022-03-22,House Considered Senate Amendments - Result was to Laid Over Daily,10
HB22-1104,2022,RS,House,2022-03-23,House Considered Senate Amendments - Result was to Concur - Repass,11
HB22-1104,2022,RS,House,2022-04-07,Signed by the Speaker of the House,12
HB22-1104,2022,RS,Senate,2022-04-08,Signed by the President of the Senate,13
HB22-1104,2022,RS,Governor,2022-04-08,Sent to the Governor,14
HB22-1104,2022,RS,Governor,2022-04-13,Governor Signed,15
HB22-1105,2022,RS,House,2022-01-20,"Introduced In House - Assigned to State, Civic, Military, & Veterans Affairs",1
HB22-1105,2022,RS,House,2022-02-28,"House Committee on State, Civic, Military, & Veterans Affairs Postpone Indefinitely",2
HB22-1106,2022,RS,House,2022-01-20,"Introduced In House - Assigned to State, Civic, Military, & Veterans Affairs",1
HB22-1106,2022,RS,House,2022-02-28,"House Committee on State, Civic, Military, & Veterans Affairs Postpone Indefinitely",2
HB22-1107,2022,RS,House,2022-01-20,Introduced In House - Assigned to Education,1
HB22-1107,2022,RS,House,2022-02-17,House Committee on Education Refer Unamended to Appropriations,2
HB22-1107,2022,RS,House,2022-04-29,House Second Reading Special Order - Passed with Amendments - Committee,3
HB22-1107,2022,RS,House,2022-04-29,House Committee on Appropriations Refer Amended to House Committee of the Whole,4
HB22-1107,2022,RS,House,2022-05-02,House Third Reading Passed - No Amendments,5
HB22-1107,2022,RS,Senate,2022-05-02,Introduced In Senate - Assigned to Appropriations,6
HB22-1107,2022,RS,Senate,2022-05-09,Senate Committee on Appropriations Refer Amended - Consent Calendar to Senate Committee of the Whole,7
HB22-1107,2022,RS,Senate,2022-05-09,Senate Second Reading Special Order - Passed with Amendments - Committee,8
HB22-1107,2022,RS,Senate,2022-05-10,Senate Third Reading Passed - No Amendments,9
HB22-1107,2022,RS,House,2022-05-11,House Considered Senate Amendments - Result was to Concur - Repass,10
HB22-1107,2022,RS,House,2022-05-20,Signed by the Speaker of the House,11
HB22-1107,2022,RS,Senate,2022-05-20,Signed by the President of the Senate,12
HB22-1107,2022,RS,Governor,2022-05-20,Sent to the Governor,13
HB22-1107,2022,RS,Governor,2022-05-26,Governor Signed,14
HB22-1108,2022,RS,House,2022-01-20,"Introduced In House - Assigned to State, Civic, Military, & Veterans Affairs",1
HB22-1108,2022,RS,House,2022-03-07,"House Committee on State, Civic, Military, & Veterans Affairs Refer Amended to House Committee of the Whole",2
HB22-1108,2022,RS,House,2022-03-10,"House Second Reading Passed with Amendments - Committee, Floor",3
HB22-1108,2022,RS,House,2022-03-11,House Third Reading Passed - No Amendments,4
HB22-1108,2022,RS,Senate,2022-03-14,"Introduced In Senate - Assigned to State, Veterans, & Military Affairs",5
HB22-1108,2022,RS,Senate,2022-03-29,"Senate Committee on State, Veterans, & Military Affairs Refer Unamended - Consent Calendar to Senate Committee of the Whole",6
HB22-1108,2022,RS,Senate,2022-04-01,Senate Second Reading Passed - No Amendments,7
HB22-1108,2022,RS,Senate,2022-04-04,Senate Third Reading Passed - No Amendments,8
HB22-1108,2022,RS,House,2022-04-14,Signed by the Speaker of the House,9
HB22-1108,2022,RS,Senate,2022-04-14,Signed by the President of the Senate,10
HB22-1108,2022,RS,Governor,2022-04-14,Sent to the Governor,11
HB22-1108,2022,RS,Governor,2022-04-18,Governor Signed,12
HB22-1109,2022,RS,House,2022-01-21,Introduced In House - Assigned to Business Affairs & Labor,1
HB22-1109,2022,RS,House,2022-02-17,House Committee on Business Affairs & Labor Refer Amended to Finance,2
HB22-1109,2022,RS,House,2022-03-03,House Committee on Finance Refer Unamended to Appropriations,3
HB22-1109,2022,RS,House,2022-05-12,House Committee on Appropriations Lay Over Unamended - Amendment(s) Failed,4
HB22-1110,2022,RS,House,2022-01-21,Introduced In House - Assigned to Education,1
HB22-1110,2022,RS,House,2022-02-16,House Committee on Education Refer Unamended to House Committee of the Whole,2
HB22-1110,2022,RS,House,2022-02-22,House Second Reading Laid Over Daily - No Amendments,3
HB22-1110,2022,RS,House,2022-02-23,House Second Reading Passed - No Amendments,4
HB22-1110,2022,RS,House,2022-02-24,House Third Reading Passed - No Amendments,5
HB22-1110,2022,RS,Senate,2022-02-28,Introduced In Senate - Assigned to Education,6
HB22-1110,2022,RS,Senate,2022-03-10,Senate Committee on Education Refer Amended to Senate Committee of the Whole,7
HB22-1110,2022,RS,Senate,2022-03-14,Senate Second Reading Passed with Amendments - Committee,8
HB22-1110,2022,RS,Senate,2022-03-15,Senate Third Reading Passed - No Amendments,9
HB22-1110,2022,RS,House,2022-03-16,House Considered Senate Amendments - Result was to Laid Over Daily,10
HB22-1110,2022,RS,House,2022-03-21,House Considered Senate Amendments - Result was to Concur - Repass,11
HB22-1110,2022,RS,House,2022-03-25,Signed by the Speaker of the House,12
HB22-1110,2022,RS,Senate,2022-03-25,Signed by the President of the Senate,13
HB22-1110,2022,RS,Governor,2022-03-25,Sent to the Governor,14
HB22-1110,2022,RS,Governor,2022-04-04,Governor Signed,15
HB22-1111,2022,RS,House,2022-01-21,Introduced In House - Assigned to Business Affairs & Labor,1
HB22-1111,2022,RS,House,2022-02-10,House Committee on Business Affairs & Labor Refer Amended to Appropriations,2
HB22-1111,2022,RS,House,2022-03-11,House Committee on Appropriations Refer Amended to House Committee of the Whole,3
HB22-1111,2022,RS,House,2022-03-14,House Second Reading Laid Over Daily - No Amendments,4
HB22-1111,2022,RS,House,2022-03-15,"House Second Reading Passed with Amendments - Committee, Floor",5
HB22-1111,2022,RS,House,2022-03-16,House Third Reading Passed - No Amendments,6
HB22-1111,2022,RS,Senate,2022-03-21,"Introduced In Senate - Assigned to Business, Labor, & Technology",7
HB22-1111,2022,RS,Senate,2022-04-11,"Senate Committee on Business, Labor, & Technology Refer Amended to Appropriations",8
HB22-1111,2022,RS,Senate,2022-04-19,Senate Committee on Appropriations Refer Unamended - Consent Calendar to Senate Committee of the Whole,9
HB22-1111,2022,RS,Senate,2022-04-19,Senate Second Reading Special Order - Passed with Amendments - Committee,10
HB22-1111,2022,RS,Senate,2022-04-20,Senate Third Reading Passed - No Amendments,11
HB22-1111,2022,RS,House,2022-04-21,House Considered Senate Amendments - Result was to Laid Over Daily,12
HB22-1111,2022,RS,House,2022-04-22,House Considered Senate Amendments - Result was to Concur - Repass,13
HB22-1111,2022,RS,House,2022-05-26,Signed by the Speaker of the House,14
HB22-1111,2022,RS,Senate,2022-05-31,Signed by the President of the Senate,15
HB22-1111,2022,RS,Governor,2022-05-31,Sent to the Governor,16
HB22-1111,2022,RS,Governor,2022-06-02,Governor Signed,17
HB22-1112,2022,RS,House,2022-01-21,Introduced In House - Assigned to Business Affairs & Labor,1
HB22-1112,2022,RS,House,2022-02-17,House Committee on Business Affairs & Labor Refer Amended to House Committee of the Whole,2
HB22-1112,2022,RS,House,2022-02-23,House Second Reading Passed with Amendments - Committee,3
HB22-1112,2022,RS,House,2022-02-24,House Third Reading Passed - No Amendments,4
HB22-1112,2022,RS,Senate,2022-02-28,"Introduced In Senate - Assigned to Business, Labor, & Technology",5
HB22-1112,2022,RS,Senate,2022-03-07,"Senate Committee on Business, Labor, & Technology Refer Unamended to Senate Committee of the Whole",6
HB22-1112,2022,RS,Senate,2022-03-10,Senate Second Reading Passed - No Amendments,7
HB22-1112,2022,RS,Senate,2022-03-11,Senate Third Reading Passed - No Amendments,8
HB22-1112,2022,RS,House,2022-03-17,Signed by the Speaker of the House,9
HB22-1112,2022,RS,Senate,2022-03-18,Signed by the President of the Senate,10
HB22-1112,2022,RS,Governor,2022-03-18,Sent to the Governor,11
HB22-1112,2022,RS,Governor,2022-03-24,Governor Signed,12
HB22-1113,2022,RS,House,2022-01-21,Introduced In House - Assigned to Public & Behavioral Health & Human Services,1
HB22-1113,2022,RS,House,2022-02-22,House Committee on Public & Behavioral Health & Human Services Refer Unamended to House Committee of the Whole,2
HB22-1113,2022,RS,House,2022-02-25,House Second Reading Laid Over to 03/02/2022 - No Amendments,3
HB22-1113,2022,RS,House,2022-03-02,House Second Reading Passed - No Amendments,4
HB22-1113,2022,RS,House,2022-03-03,House Third Reading Passed - No Amendments,5
HB22-1113,2022,RS,Senate,2022-03-07,Introduced In Senate - Assigned to Health & Human Services,6
HB22-1113,2022,RS,Senate,2022-03-14,Senate Committee on Health & Human Services Refer Unamended - Consent Calendar to Senate Committee of the Whole,7
HB22-1113,2022,RS,Senate,2022-03-16,Senate Second Reading Special Order - Passed - No Amendments,8
HB22-1113,2022,RS,Senate,2022-03-17,Senate Third Reading Passed - No Amendments,9
HB22-1113,2022,RS,House,2022-03-25,Signed by the Speaker of the House,10
HB22-1113,2022,RS,Senate,2022-03-25,Signed by the President of the Senate,11
HB22-1113,2022,RS,Governor,2022-03-25,Sent to the Governor,12
HB22-1113,2022,RS,Governor,2022-03-30,Governor Signed,13
HB22-1114,2022,RS,House,2022-01-21,Introduced In House - Assigned to Public & Behavioral Health & Human Services,1
HB22-1114,2022,RS,House,2022-03-18,House Committee on Public & Behavioral Health & Human Services Refer Amended to Appropriations,2
HB22-1114,2022,RS,House,2022-04-22,House Committee on Appropriations Refer Amended to House Committee of the Whole,3
HB22-1114,2022,RS,House,2022-04-22,House Second Reading Special Order - Passed with Amendments - Committee,4
HB22-1114,2022,RS,House,2022-04-25,House Third Reading Passed - No Amendments,5
HB22-1114,2022,RS,Senate,2022-04-25,Introduced In Senate - Assigned to Transportation & Energy,6
HB22-1114,2022,RS,Senate,2022-04-28,Senate Committee on Transportation & Energy Refer Amended to Appropriations,7
HB22-1114,2022,RS,Senate,2022-04-29,Senate Committee on Appropriations Refer Unamended - Consent Calendar to Senate Committee of the Whole,8
HB22-1114,2022,RS,Senate,2022-04-29,Senate Second Reading Special Order - Passed with Amendments - Committee,9
HB22-1114,2022,RS,Senate,2022-05-02,Senate Third Reading Passed - No Amendments,10
HB22-1114,2022,RS,House,2022-05-03,House Considered Senate Amendments - Result was to Laid Over Daily,11
HB22-1114,2022,RS,House,2022-05-10,House Considered Senate Amendments - Result was to Concur - Repass,12
HB22-1114,2022,RS,House,2022-06-03,Signed by the Speaker of the House,13
HB22-1114,2022,RS,Senate,2022-06-06,Signed by the President of the Senate,14
HB22-1114,2022,RS,Governor,2022-06-06,Sent to the Governor,15
HB22-1114,2022,RS,Governor,2022-06-07,Governor Signed,16
HB22-1115,2022,RS,House,2022-01-21,Introduced In House - Assigned to Health & Insurance,1
HB22-1115,2022,RS,House,2022-02-16,House Committee on Health & Insurance Refer Amended to Appropriations,2
HB22-1115,2022,RS,House,2022-05-04,House Committee on Appropriations Refer Amended to House Committee of the Whole,3
HB22-1115,2022,RS,House,2022-05-04,"House Second Reading Special Order - Passed with Amendments - Committee, Floor",4
HB22-1115,2022,RS,House,2022-05-05,House Third Reading Passed - No Amendments,5
HB22-1115,2022,RS,Senate,2022-05-05,Introduced In Senate - Assigned to Appropriations,6
HB22-1115,2022,RS,Senate,2022-05-06,Senate Committee on Appropriations Refer Amended to Senate Committee of the Whole,7
HB22-1115,2022,RS,Senate,2022-05-06,Senate Second Reading Special Order - Passed with Amendments - Committee,8
HB22-1115,2022,RS,Senate,2022-05-09,Senate Third Reading Passed - No Amendments,9
HB22-1115,2022,RS,House,2022-05-10,House Considered Senate Amendments - Result was to Concur - Repass,10
HB22-1115,2022,RS,House,2022-05-23,Signed by the Speaker of the House,11
HB22-1115,2022,RS,Senate,2022-05-25,Signed by the President of the Senate,12
HB22-1115,2022,RS,Governor,2022-05-25,Sent to the Governor,13
HB22-1115,2022,RS,Governor,2022-06-07,Governor Signed,14
HB22-1116,2022,RS,House,2022-01-21,Introduced In House - Assigned to Public & Behavioral Health & Human Services,1
HB22-1116,2022,RS,House,2022-04-05,House Committee on Public & Behavioral Health & Human Services Postpone Indefinitely,2
HB22-1117,2022,RS,House,2022-01-21,Introduced In House - Assigned to Finance,1
HB22-1117,2022,RS,House,2022-02-10,House Committee on Finance Refer Amended to House Committee of the Whole,2
HB22-1117,2022,RS,House,2022-02-15,"House Second Reading Passed with Amendments - Committee, Floor",3
HB22-1117,2022,RS,House,2022-02-16,House Third Reading Passed - No Amendments,4
HB22-1117,2022,RS,Senate,2022-02-18,Introduced In Senate - Assigned to Finance,5
HB22-1117,2022,RS,Senate,2022-03-09,Senate Committee on Finance Refer Unamended to Senate Committee of the Whole,6
HB22-1117,2022,RS,Senate,2022-03-14,Senate Second Reading Passed - No Amendments,7
HB22-1117,2022,RS,Senate,2022-03-15,Senate Third Reading Passed - No Amendments,8
HB22-1117,2022,RS,House,2022-03-28,Signed by the Speaker of the House,9
HB22-1117,2022,RS,Senate,2022-03-29,Signed by the President of the Senate,10
HB22-1117,2022,RS,Governor,2022-03-29,Sent to the Governor,11
HB22-1117,2022,RS,Governor,2022-03-31,Governor Signed,12
HB22-1118,2022,RS,House,2022-01-21,Introduced In House - Assigned to Finance,1
HB22-1118,2022,RS,Governor,2022-02-21,Governor Signed,2
HB22-1118,2022,RS,House,2022-03-03,House Committee on Finance Refer Amended to Appropriations,3
HB22-1118,2022,RS,House,2022-03-18,House Committee on Appropriations Refer Unamended to House Committee of the Whole,4
HB22-1118,2022,RS,House,2022-03-18,"House Second Reading Special Order - Passed with Amendments - Committee, Floor",5
HB22-1118,2022,RS,House,2022-03-21,House Third Reading Passed - No Amendments,6
HB22-1118,2022,RS,Senate,2022-03-23,Introduced In Senate - Assigned to Finance,7
HB22-1118,2022,RS,Senate,2022-03-30,Senate Committee on Finance Refer Unamended - Consent Calendar to Senate Committee of the Whole,8
HB22-1118,2022,RS,Senate,2022-04-01,Senate Second Reading Special Order - Passed - No Amendments,9
HB22-1118,2022,RS,Senate,2022-04-04,Senate Third Reading Passed - No Amendments,10
HB22-1118,2022,RS,House,2022-04-18,Signed by the Speaker of the House,11
HB22-1118,2022,RS,Senate,2022-04-18,Signed by the President of the Senate,12
HB22-1118,2022,RS,Governor,2022-04-19,Sent to the Governor,13
HB22-1119,2022,RS,House,2022-01-21,Introduced In House - Assigned to Judiciary,1
HB22-1119,2022,RS,House,2022-03-15,House Committee on Judiciary Witness Testimony and/or Committee Discussion Only,2
HB22-1119,2022,RS,House,2022-04-05,House Committee on Judiciary Refer Amended to Finance,3
HB22-1119,2022,RS,House,2022-04-14,House Committee on Finance Refer Amended to Appropriations,4
HB22-1119,2022,RS,House,2022-04-22,House Committee on Appropriations Refer Amended to House Committee of the Whole,5
HB22-1119,2022,RS,House,2022-04-26,House Second Reading Laid Over Daily - No Amendments,6
HB22-1119,2022,RS,House,2022-04-27,House Second Reading Special Order - Passed with Amendments - Committee,7
HB22-1119,2022,RS,House,2022-04-28,House Third Reading Passed - No Amendments,8
HB22-1119,2022,RS,Senate,2022-04-28,Introduced In Senate - Assigned to Judiciary,9
HB22-1119,2022,RS,Senate,2022-05-03,Senate Committee on Judiciary Refer Amended to Finance,10
HB22-1119,2022,RS,Senate,2022-05-06,Senate Committee on Finance Refer Amended to Appropriations,11
HB22-1119,2022,RS,Senate,2022-05-06,Senate Committee on Appropriations Refer Unamended to Senate Committee of the Whole,12
HB22-1119,2022,RS,Senate,2022-05-06,Senate Second Reading Special Order - Passed with Amendments - Committee,13
HB22-1119,2022,RS,Senate,2022-05-09,Senate Third Reading Passed - No Amendments,14
HB22-1119,2022,RS,House,2022-05-10,House Considered Senate Amendments - Result was to Concur - Repass,15
HB22-1119,2022,RS,House,2022-06-03,Signed by the Speaker of the House,16
HB22-1119,2022,RS,Senate,2022-06-06,Signed by the President of the Senate,17
HB22-1119,2022,RS,Governor,2022-06-06,Sent to the Governor,18
HB22-1119,2022,RS,Governor,2022-06-07,Governor Signed,19
HB22-1120,2022,RS,House,2022-01-21,Introduced In House - Assigned to Education,1
HB22-1120,2022,RS,House,2022-03-10,House Committee on Education Refer Amended to Appropriations,2
HB22-1120,2022,RS,House,2022-04-12,House Committee on Appropriations Refer Unamended to House Committee of the Whole,3
HB22-1120,2022,RS,House,2022-04-13,House Second Reading Special Order - Passed with Amendments - Committee,4
HB22-1120,2022,RS,House,2022-04-14,House Third Reading Passed - No Amendments,5
HB22-1120,2022,RS,Senate,2022-04-20,Introduced In Senate - Assigned to Education,6
HB22-1120,2022,RS,Senate,2022-04-28,Senate Committee on Education Refer Unamended to Appropriations,7
HB22-1120,2022,RS,Senate,2022-05-03,Senate Committee on Appropriations Refer Unamended - Consent Calendar to Senate Committee of the Whole,8
HB22-1120,2022,RS,Senate,2022-05-03,Senate Second Reading Special Order - Passed - No Amendments,9
HB22-1120,2022,RS,Senate,2022-05-04,Senate Third Reading Passed - No Amendments,10
HB22-1120,2022,RS,House,2022-05-14,Signed by the Speaker of the House,11
HB22-1120,2022,RS,Senate,2022-05-16,Signed by the President of the Senate,12
HB22-1120,2022,RS,Governor,2022-05-16,Sent to the Governor,13
HB22-1120,2022,RS,Governor,2022-05-19,Governor Signed,14
HB22-1121,2022,RS,House,2022-01-21,Introduced In House - Assigned to Business Affairs & Labor,1
HB22-1121,2022,RS,House,2022-03-10,House Committee on Business Affairs & Labor Refer Amended to Finance,2
HB22-1121,2022,RS,House,2022-03-21,House Committee on Finance Refer Amended to Appropriations,3
HB22-1121,2022,RS,House,2022-05-12,House Committee on Appropriations Lay Over Unamended - Amendment(s) Failed,4
HB22-1122,2022,RS,House,2022-01-21,Introduced In House - Assigned to Health & Insurance,1
HB22-1122,2022,RS,House,2022-03-02,House Committee on Health & Insurance Witness Testimony and/or Committee Discussion Only,2
HB22-1122,2022,RS,House,2022-04-01,House Committee on Health & Insurance Refer Amended to Appropriations,3
HB22-1122,2022,RS,House,2022-04-19,House Committee on Appropriations Refer Amended to House Committee of the Whole,4
HB22-1122,2022,RS,House,2022-04-19,"House Second Reading Special Order - Passed with Amendments - Committee, Floor",5
HB22-1122,2022,RS,House,2022-04-20,House Third Reading Laid Over Daily - No Amendments,6
HB22-1122,2022,RS,House,2022-04-22,House Third Reading Passed - No Amendments,7
HB22-1122,2022,RS,Senate,2022-04-22,Introduced In Senate - Assigned to Health & Human Services,8
HB22-1122,2022,RS,Senate,2022-04-28,Senate Committee on Health & Human Services Lay Over Unamended - Amendment(s) Failed,9
HB22-1122,2022,RS,Senate,2022-05-02,Senate Committee on Health & Human Services Refer Amended to Appropriations,10
HB22-1122,2022,RS,Senate,2022-05-06,Senate Committee on Appropriations Refer Amended to Senate Committee of the Whole,11
HB22-1122,2022,RS,Senate,2022-05-06,"Senate Second Reading Special Order - Passed with Amendments - Committee, Floor",12
HB22-1122,2022,RS,Senate,2022-05-09,Senate Third Reading Passed - No Amendments,13
HB22-1122,2022,RS,House,2022-05-10,House Considered Senate Amendments - Result was to Concur - Repass,14
HB22-1122,2022,RS,House,2022-05-26,Signed by the Speaker of the House,15
HB22-1122,2022,RS,Senate,2022-05-31,Signed by the President of the Senate,16
HB22-1122,2022,RS,Governor,2022-05-31,Sent to the Governor,17
HB22-1122,2022,RS,Governor,2022-06-02,Governor Signed,18
HB22-1123,2022,RS,House,2022-01-21,Introduced In House - Assigned to Finance,1
HB22-1123,2022,RS,House,2022-04-25,House Committee on Finance Postpone Indefinitely,2
HB22-1124,2022,RS,House,2022-01-21,Introduced In House - Assigned to Finance,1
HB22-1124,2022,RS,House,2022-03-10,House Committee on Finance Postpone Indefinitely,2
HB22-1125,2022,RS,House,2022-01-21,"Introduced In House - Assigned to State, Civic, Military, & Veterans Affairs",1
HB22-1125,2022,RS,House,2022-03-14,"House Committee on State, Civic, Military, & Veterans Affairs Postpone Indefinitely",2
HB22-1126,2022,RS,House,2022-01-21,Introduced In House - Assigned to Finance,1
HB22-1126,2022,RS,House,2022-02-28,House Committee on Finance Postpone Indefinitely,2
HB22-1126,2022,RS,House,2022-03-03,House Committee on Finance Reconsider to Finance,3
HB22-1126,2022,RS,House,2022-03-03,House Committee on Finance Refer Unamended to Appropriations,4
HB22-1126,2022,RS,House,2022-05-12,House Committee on Appropriations Lay Over Unamended - Amendment(s) Failed,5
HB22-1127,2022,RS,House,2022-01-21,Introduced In House - Assigned to Finance,1
HB22-1127,2022,RS,House,2022-03-24,House Committee on Finance Postpone Indefinitely,2
HB22-1128,2022,RS,House,2022-01-21,"Introduced In House - Assigned to State, Civic, Military, & Veterans Affairs",1
HB22-1128,2022,RS,House,2022-02-07,"House Committee on State, Civic, Military, & Veterans Affairs Postpone Indefinitely",2
HB22-1129,2022,RS,House,2022-01-21,Introduced In House - Assigned to Finance,1
HB22-1129,2022,RS,House,2022-03-17,House Committee on Finance Refer Amended to Appropriations,2
HB22-1129,2022,RS,House,2022-05-12,House Committee on Appropriations Lay Over Unamended - Amendment(s) Failed,3
HB22-1130,2022,RS,House,2022-01-21,"Introduced In House - Assigned to State, Civic, Military, & Veterans Affairs",1
HB22-1130,2022,RS,House,2022-02-07,"House Committee on State, Civic, Military, & Veterans Affairs Postpone Indefinitely",2
HB22-1131,2022,RS,House,2022-01-21,Introduced In House - Assigned to Judiciary,1
HB22-1131,2022,RS,House,2022-02-16,House Committee on Judiciary Witness Testimony and/or Committee Discussion Only,2
HB22-1131,2022,RS,House,2022-03-09,House Committee on Judiciary Refer Amended to Appropriations,3
HB22-1131,2022,RS,House,2022-04-22,House Committee on Appropriations Refer Amended to House Committee of the Whole,4
HB22-1131,2022,RS,House,2022-04-26,House Second Reading Laid Over Daily - No Amendments,5
HB22-1131,2022,RS,House,2022-04-27,House Second Reading Special Order - Passed with Amendments - Floor,6
HB22-1131,2022,RS,House,2022-04-28,House Third Reading Passed - No Amendments,7
HB22-1131,2022,RS,Senate,2022-04-28,Introduced In Senate - Assigned to Judiciary,8
HB22-1131,2022,RS,Senate,2022-05-03,Senate Committee on Judiciary Refer Unamended to Appropriations,9
HB22-1131,2022,RS,Senate,2022-05-06,Senate Committee on Appropriations Refer Amended to Senate Committee of the Whole,10
HB22-1131,2022,RS,Senate,2022-05-06,Senate Second Reading Special Order - Passed with Amendments - Committee,11
HB22-1131,2022,RS,Senate,2022-05-09,Senate Third Reading Passed - No Amendments,12
HB22-1131,2022,RS,House,2022-05-10,House Considered Senate Amendments - Result was to Concur - Repass,13
HB22-1131,2022,RS,House,2022-06-01,Signed by the Speaker of the House,14
HB22-1131,2022,RS,Senate,2022-06-01,Signed by the President of the Senate,15
HB22-1131,2022,RS,Governor,2022-06-01,Sent to the Governor,16
HB22-1131,2022,RS,Governor,2022-06-07,Governor Signed,17
HB22-1132,2022,RS,House,2022-01-21,Introduced In House - Assigned to Energy & Environment,1
HB22-1132,2022,RS,House,2022-03-10,House Committee on Energy & Environment Refer Amended to Appropriations,2
HB22-1132,2022,RS,House,2022-04-28,House Committee on Appropriations Refer Amended to House Committee of the Whole,3
HB22-1132,2022,RS,House,2022-04-28,"House Second Reading Special Order - Passed with Amendments - Committee, Floor",4
HB22-1132,2022,RS,House,2022-04-29,House Third Reading Passed - No Amendments,5
HB22-1132,2022,RS,Senate,2022-04-29,Introduced In Senate - Assigned to Transportation & Energy,6
HB22-1132,2022,RS,Senate,2022-05-03,Senate Committee on Transportation & Energy Refer Amended to Appropriations,7
HB22-1132,2022,RS,Senate,2022-05-09,Senate Committee on Appropriations Refer Amended - Consent Calendar to Senate Committee of the Whole,8
HB22-1132,2022,RS,Senate,2022-05-09,Senate Second Reading Special Order - Passed with Amendments - Committee,9
HB22-1132,2022,RS,Senate,2022-05-10,Senate Third Reading Passed - No Amendments,10
HB22-1132,2022,RS,House,2022-05-11,House Considered Senate Amendments - Result was to Concur - Repass,11
HB22-1132,2022,RS,House,2022-05-23,Signed by the Speaker of the House,12
HB22-1132,2022,RS,Senate,2022-05-25,Signed by the President of the Senate,13
HB22-1132,2022,RS,Governor,2022-05-25,Sent to the Governor,14
HB22-1132,2022,RS,Governor,2022-06-03,Governor Signed,15
HB22-1133,2022,RS,House,2022-01-21,Introduced In House - Assigned to Business Affairs & Labor,1
HB22-1133,2022,RS,House,2022-02-03,House Committee on Business Affairs & Labor Refer Unamended to Appropriations,2
HB22-1133,2022,RS,House,2022-04-01,House Committee on Appropriations Refer Amended to House Committee of the Whole,3
HB22-1133,2022,RS,House,2022-04-01,"House Second Reading Special Order - Passed with Amendments - Committee, Floor",4
HB22-1133,2022,RS,House,2022-04-04,House Third Reading Passed - No Amendments,5
HB22-1133,2022,RS,Senate,2022-04-07,Introduced In Senate - Assigned to Appropriations,6
HB22-1133,2022,RS,Senate,2022-04-26,Senate Committee on Appropriations Refer Amended to Senate Committee of the Whole,7
HB22-1133,2022,RS,Senate,2022-04-28,Senate Second Reading Passed with Amendments - Committee,8
HB22-1133,2022,RS,Senate,2022-04-29,Senate Third Reading Passed - No Amendments,9
HB22-1133,2022,RS,House,2022-05-02,House Considered Senate Amendments - Result was to Laid Over Daily,10
HB22-1133,2022,RS,House,2022-05-10,House Considered Senate Amendments - Result was to Concur - Repass,11
HB22-1133,2022,RS,House,2022-05-16,Signed by the Speaker of the House,12
HB22-1133,2022,RS,Senate,2022-05-16,Signed by the President of the Senate,13
HB22-1133,2022,RS,Governor,2022-05-16,Sent to the Governor,14
HB22-1133,2022,RS,Governor,2022-05-17,Governor Signed,15
HB22-1134,2022,RS,House,2022-01-28,Introduced In House - Assigned to Business Affairs & Labor,1
HB22-1134,2022,RS,House,2022-02-16,House Committee on Business Affairs & Labor Postpone Indefinitely,2
HB22-1135,2022,RS,House,2022-01-31,Introduced In House - Assigned to Business Affairs & Labor,1
HB22-1135,2022,RS,House,2022-02-17,House Committee on Business Affairs & Labor Refer Unamended to House Committee of the Whole,2
HB22-1135,2022,RS,House,2022-02-23,House Second Reading Passed - No Amendments,3
HB22-1135,2022,RS,House,2022-02-24,House Third Reading Passed - No Amendments,4
HB22-1135,2022,RS,Senate,2022-02-28,"Introduced In Senate - Assigned to Business, Labor, & Technology",5
HB22-1135,2022,RS,Senate,2022-03-07,"Senate Committee on Business, Labor, & Technology Refer Unamended - Consent Calendar to Senate Committee of the Whole",6
HB22-1135,2022,RS,Senate,2022-03-10,Senate Second Reading Passed - No Amendments,7
HB22-1135,2022,RS,Senate,2022-03-11,Senate Third Reading Passed - No Amendments,8
HB22-1135,2022,RS,House,2022-03-17,Signed by the Speaker of the House,9
HB22-1135,2022,RS,Senate,2022-03-18,Signed by the President of the Senate,10
HB22-1135,2022,RS,Governor,2022-03-18,Sent to the Governor,11
HB22-1135,2022,RS,Governor,2022-03-24,Governor Signed,12
HB22-1136,2022,RS,House,2022-01-31,Introduced In House - Assigned to Health & Insurance,1
HB22-1136,2022,RS,House,2022-03-16,House Committee on Health & Insurance Postpone Indefinitely,2
HB22-1137,2022,RS,House,2022-02-04,Introduced In House - Assigned to Transportation & Local Government,1
HB22-1137,2022,RS,House,2022-03-09,House Committee on Transportation & Local Government Witness Testimony and/or Committee Discussion Only,2
HB22-1137,2022,RS,House,2022-04-13,House Committee on Transportation & Local Government Refer Amended to House Committee of the Whole,3
HB22-1137,2022,RS,House,2022-04-19,House Second Reading Laid Over Daily - No Amendments,4
HB22-1137,2022,RS,House,2022-04-20,"House Second Reading Special Order - Passed with Amendments - Committee, Floor",5
HB22-1137,2022,RS,House,2022-04-21,House Third Reading Laid Over Daily - No Amendments,6
HB22-1137,2022,RS,House,2022-04-22,House Third Reading Passed - No Amendments,7
HB22-1137,2022,RS,Senate,2022-04-26,Introduced In Senate - Assigned to Judiciary,8
HB22-1137,2022,RS,Senate,2022-04-28,Senate Committee on Judiciary Refer Unamended to Finance,9
HB22-1137,2022,RS,Senate,2022-04-29,Senate Committee on Finance Refer Unamended - Consent Calendar to Senate Committee of the Whole,10
HB22-1137,2022,RS,Senate,2022-04-29,Senate Second Reading Special Order - Passed - No Amendments,11
HB22-1137,2022,RS,Senate,2022-05-02,Senate Third Reading Passed - No Amendments,12
HB22-1137,2022,RS,Senate,2022-05-02,Senate Third Reading Reconsidered - No Amendments,13
HB22-1137,2022,RS,House,2022-06-01,Signed by the Speaker of the House,14
HB22-1137,2022,RS,Senate,2022-06-01,Signed by the President of the Senate,15
HB22-1137,2022,RS,Governor,2022-06-01,Sent to the Governor,16
HB22-1137,2022,RS,Governor,2022-06-03,Governor Signed,17
HB22-1138,2022,RS,House,2022-02-04,Introduced In House - Assigned to Finance,1
HB22-1138,2022,RS,House,2022-02-28,House Committee on Finance Postpone Indefinitely,2
HB22-1139,2022,RS,House,2022-02-04,Introduced In House - Assigned to Transportation & Local Government,1
HB22-1139,2022,RS,House,2022-03-09,House Committee on Transportation & Local Government Refer Amended to House Committee of the Whole,2
HB22-1139,2022,RS,House,2022-03-12,House Second Reading Special Order - Passed with Amendments - Committee,3
HB22-1139,2022,RS,House,2022-03-14,House Third Reading Laid Over Daily - No Amendments,4
HB22-1139,2022,RS,House,2022-03-16,House Third Reading Passed - No Amendments,5
HB22-1139,2022,RS,Senate,2022-03-21,Introduced In Senate - Assigned to Transportation & Energy,6
HB22-1139,2022,RS,Senate,2022-03-31,Senate Committee on Transportation & Energy Refer Amended - Consent Calendar to Senate Committee of the Whole,7
HB22-1139,2022,RS,Senate,2022-04-04,Senate Second Reading Special Order - Passed with Amendments - Committee,8
HB22-1139,2022,RS,Senate,2022-04-05,Senate Third Reading Passed - No Amendments,9
HB22-1139,2022,RS,House,2022-04-06,House Considered Senate Amendments - Result was to Laid Over Daily,10
HB22-1139,2022,RS,House,2022-04-08,House Considered Senate Amendments - Result was to Concur - Repass,11
HB22-1139,2022,RS,House,2022-04-28,Signed by the Speaker of the House,12
HB22-1139,2022,RS,Senate,2022-04-29,Signed by the President of the Senate,13
HB22-1139,2022,RS,Governor,2022-04-29,Sent to the Governor,14
HB22-1139,2022,RS,Governor,2022-05-06,Governor Signed,15
HB22-1140,2022,RS,House,2022-02-04,Introduced In House - Assigned to Energy & Environment,1
HB22-1140,2022,RS,House,2022-04-13,House Committee on Energy & Environment Postpone Indefinitely,2
HB22-1141,2022,RS,House,2022-02-04,Introduced In House - Assigned to Judiciary,1
HB22-1141,2022,RS,House,2022-02-15,House Committee on Judiciary Postpone Indefinitely,2
HB22-1142,2022,RS,House,2022-02-04,Introduced In House - Assigned to Business Affairs & Labor,1
HB22-1142,2022,RS,House,2022-03-17,House Committee on Business Affairs & Labor Postpone Indefinitely,2
HB22-1143,2022,RS,House,2022-02-04,Introduced In House - Assigned to Public & Behavioral Health & Human Services,1
HB22-1143,2022,RS,House,2022-02-18,House Committee on Public & Behavioral Health & Human Services Refer Unamended to Finance,2
HB22-1143,2022,RS,House,2022-03-03,House Committee on Finance Refer Amended to Appropriations,3
HB22-1143,2022,RS,House,2022-05-12,House Committee on Appropriations Lay Over Unamended - Amendment(s) Failed,4
HB22-1144,2022,RS,House,2022-02-04,Introduced In House - Assigned to Health & Insurance,1
HB22-1144,2022,RS,House,2022-03-02,House Committee on Health & Insurance Postpone Indefinitely,2
HB22-1145,2022,RS,House,2022-02-04,"Introduced In House - Assigned to State, Civic, Military, & Veterans Affairs",1
HB22-1145,2022,RS,House,2022-02-28,"House Committee on State, Civic, Military, & Veterans Affairs Postpone Indefinitely",2
HB22-1146,2022,RS,House,2022-02-04,Introduced In House - Assigned to Education,1
HB22-1146,2022,RS,House,2022-04-06,House Committee on Education Refer Amended to Appropriations,2
HB22-1146,2022,RS,House,2022-04-21,House Committee on Appropriations Refer Unamended to House Committee of the Whole,3
HB22-1146,2022,RS,House,2022-04-21,House Second Reading Special Order - Passed with Amendments - Committee,4
HB22-1146,2022,RS,House,2022-04-22,House Third Reading Passed - No Amendments,5
HB22-1146,2022,RS,Senate,2022-04-25,Introduced In Senate - Assigned to Education,6
HB22-1146,2022,RS,Senate,2022-04-28,Senate Committee on Education Refer Unamended to Appropriations,7
HB22-1146,2022,RS,Senate,2022-05-03,Senate Committee on Appropriations Refer Unamended - Consent Calendar to Senate Committee of the Whole,8
HB22-1146,2022,RS,Senate,2022-05-03,Senate Second Reading Special Order - Passed - No Amendments,9
HB22-1146,2022,RS,Senate,2022-05-04,Senate Third Reading Passed - No Amendments,10
HB22-1146,2022,RS,House,2022-05-25,Signed by the Speaker of the House,11
HB22-1146,2022,RS,Senate,2022-05-25,Signed by the President of the Senate,12
HB22-1146,2022,RS,Governor,2022-05-25,Sent to the Governor,13
HB22-1146,2022,RS,Governor,2022-05-26,Governor Signed,14
HB22-1147,2022,RS,House,2022-02-04,Introduced In House - Assigned to Judiciary,1
HB22-1147,2022,RS,House,2022-03-16,House Committee on Judiciary Postpone Indefinitely,2
HB22-1148,2022,RS,House,2022-02-04,"Introduced In House - Assigned to Agriculture, Livestock, & Water",1
HB22-1148,2022,RS,House,2022-02-28,"House Committee on Agriculture, Livestock, & Water Refer Amended to Appropriations",2
HB22-1148,2022,RS,House,2022-05-12,House Committee on Appropriations Lay Over Unamended - Amendment(s) Failed,3
HB22-1149,2022,RS,House,2022-02-04,Introduced In House - Assigned to Finance,1
HB22-1149,2022,RS,House,2022-02-28,House Committee on Finance Refer Amended to Appropriations,2
HB22-1149,2022,RS,House,2022-04-27,House Committee on Appropriations Refer Amended to House Committee of the Whole,3
HB22-1149,2022,RS,House,2022-04-27,House Second Reading Special Order - Passed with Amendments - Committee,4
HB22-1149,2022,RS,House,2022-04-28,House Third Reading Passed - No Amendments,5
HB22-1149,2022,RS,Senate,2022-04-28,Introduced In Senate - Assigned to Finance,6
HB22-1149,2022,RS,Senate,2022-05-04,Senate Committee on Finance Refer Amended to Appropriations,7
HB22-1149,2022,RS,Senate,2022-05-06,Senate Committee on Appropriations Refer Unamended - Consent Calendar to Senate Committee of the Whole,8
HB22-1149,2022,RS,Senate,2022-05-06,Senate Second Reading Special Order - Passed with Amendments - Committee,9
HB22-1149,2022,RS,Senate,2022-05-09,Senate Third Reading Passed - No Amendments,10
HB22-1149,2022,RS,House,2022-05-10,House Considered Senate Amendments - Result was to Concur - Repass,11
HB22-1149,2022,RS,House,2022-05-27,Signed by the Speaker of the House,12
HB22-1149,2022,RS,Senate,2022-05-31,Signed by the President of the Senate,13
HB22-1149,2022,RS,Governor,2022-05-31,Sent to the Governor,14
HB22-1149,2022,RS,Governor,2022-06-03,Governor Signed,15
HB22-1150,2022,RS,House,2022-02-04,Introduced In House - Assigned to Judiciary,1
HB22-1150,2022,RS,House,2022-02-15,House Committee on Judiciary Refer Unamended to House Committee of the Whole,2
HB22-1150,2022,RS,House,2022-02-18,House Second Reading Special Order - Passed - No Amendments,3
HB22-1150,2022,RS,House,2022-02-22,House Third Reading Passed - No Amendments,4
HB22-1150,2022,RS,Senate,2022-02-25,Introduced In Senate - Assigned to Judiciary,5
HB22-1150,2022,RS,Senate,2022-03-09,Senate Committee on Judiciary Refer Amended - Consent Calendar to Senate Committee of the Whole,6
HB22-1150,2022,RS,Senate,2022-03-11,Senate Second Reading Passed with Amendments - Committee,7
HB22-1150,2022,RS,Senate,2022-03-14,Senate Third Reading Passed - No Amendments,8
HB22-1150,2022,RS,House,2022-03-15,House Considered Senate Amendments - Result was to Laid Over Daily,9
HB22-1150,2022,RS,House,2022-03-21,House Considered Senate Amendments - Result was to Concur - Repass,10
HB22-1150,2022,RS,House,2022-03-25,Signed by the Speaker of the House,11
HB22-1150,2022,RS,Senate,2022-03-25,Signed by the President of the Senate,12
HB22-1150,2022,RS,Governor,2022-03-25,Sent to the Governor,13
HB22-1150,2022,RS,Governor,2022-03-30,Governor Signed,14
HB22-1151,2022,RS,House,2022-02-04,"Introduced In House - Assigned to Agriculture, Livestock, & Water",1
HB22-1151,2022,RS,House,2022-02-28,"House Committee on Agriculture, Livestock, & Water Refer Amended to Appropriations",2
HB22-1151,2022,RS,House,2022-05-03,House Committee on Appropriations Refer Amended to House Committee of the Whole,3
HB22-1151,2022,RS,House,2022-05-03,House Second Reading Special Order - Passed with Amendments - Committee,4
HB22-1151,2022,RS,House,2022-05-04,House Third Reading Passed - No Amendments,5
HB22-1151,2022,RS,Senate,2022-05-04,Introduced In Senate - Assigned to Appropriations,6
HB22-1151,2022,RS,Senate,2022-05-06,Senate Committee on Appropriations Refer Amended to Senate Committee of the Whole,7
HB22-1151,2022,RS,Senate,2022-05-06,Senate Second Reading Special Order - Passed with Amendments - Committee,8
HB22-1151,2022,RS,Senate,2022-05-09,Senate Third Reading Passed - No Amendments,9
HB22-1151,2022,RS,House,2022-05-10,House Considered Senate Amendments - Result was to Concur - Repass,10
HB22-1151,2022,RS,House,2022-05-25,Signed by the Speaker of the House,11
HB22-1151,2022,RS,Senate,2022-05-25,Signed by the President of the Senate,12
HB22-1151,2022,RS,Governor,2022-05-25,Sent to the Governor,13
HB22-1151,2022,RS,Governor,2022-06-08,Governor Signed,14
HB22-1152,2022,RS,House,2022-02-04,Introduced In House - Assigned to Business Affairs & Labor,1
HB22-1152,2022,RS,House,2022-03-24,House Committee on Business Affairs & Labor Postpone Indefinitely,2
HB22-1153,2022,RS,House,2022-02-04,Introduced In House - Assigned to Public & Behavioral Health & Human Services,1
HB22-1153,2022,RS,House,2022-02-22,House Committee on Public & Behavioral Health & Human Services Refer Amended to House Committee of the Whole,2
HB22-1153,2022,RS,House,2022-02-25,House Second Reading Passed with Amendments - Committee,3
HB22-1153,2022,RS,House,2022-02-28,House Third Reading Passed - No Amendments,4
HB22-1153,2022,RS,Senate,2022-03-03,Introduced In Senate - Assigned to Health & Human Services,5
HB22-1153,2022,RS,Senate,2022-03-23,Senate Committee on Health & Human Services Refer Amended - Consent Calendar to Senate Committee of the Whole,6
HB22-1153,2022,RS,Senate,2022-03-28,Senate Second Reading Laid Over Daily - No Amendments,7
HB22-1153,2022,RS,Senate,2022-03-31,"Senate Second Reading Passed with Amendments - Committee, Floor",8
HB22-1153,2022,RS,Senate,2022-04-01,Senate Third Reading Passed with Amendments - Floor,9
HB22-1153,2022,RS,House,2022-04-04,House Considered Senate Amendments - Result was to Laid Over Daily,10
HB22-1153,2022,RS,House,2022-04-05,House Considered Senate Amendments - Result was to Laid Over to 04/08/2022,11
HB22-1153,2022,RS,House,2022-04-08,House Considered Senate Amendments - Result was to Concur - Repass,12
HB22-1153,2022,RS,House,2022-05-06,Signed by the Speaker of the House,13
HB22-1153,2022,RS,Governor,2022-05-09,Sent to the Governor,14
HB22-1153,2022,RS,Senate,2022-05-09,Signed by the President of the Senate,15
HB22-1153,2022,RS,Governor,2022-05-23,Governor Signed,16
HB22-1154,2022,RS,House,2022-02-04,Introduced In House - Assigned to Transportation & Local Government,1
HB22-1154,2022,RS,House,2022-03-08,House Committee on Transportation & Local Government Refer Amended to Appropriations,2
HB22-1154,2022,RS,House,2022-04-05,House Committee on Appropriations Refer Amended to House Committee of the Whole,3
HB22-1154,2022,RS,House,2022-04-05,House Second Reading Special Order - Passed with Amendments - Committee,4
HB22-1154,2022,RS,House,2022-04-06,House Third Reading Passed - No Amendments,5
HB22-1154,2022,RS,Senate,2022-04-07,Introduced In Senate - Assigned to Finance,6
HB22-1154,2022,RS,Senate,2022-04-20,Senate Committee on Finance Refer Unamended to Appropriations,7
HB22-1154,2022,RS,Senate,2022-04-25,Senate Committee on Appropriations Refer Unamended to Senate Committee of the Whole,8
HB22-1154,2022,RS,Senate,2022-04-25,Senate Second Reading Special Order - Passed - No Amendments,9
HB22-1154,2022,RS,Senate,2022-04-26,Senate Third Reading Passed - No Amendments,10
HB22-1154,2022,RS,House,2022-05-19,Signed by the Speaker of the House,11
HB22-1154,2022,RS,Senate,2022-05-19,Signed by the President of the Senate,12
HB22-1154,2022,RS,Governor,2022-05-19,Sent to the Governor,13
HB22-1154,2022,RS,Governor,2022-05-24,Governor Signed,14
HB22-1155,2022,RS,House,2022-02-04,Introduced In House - Assigned to Education,1
HB22-1155,2022,RS,House,2022-04-06,House Committee on Education Refer Amended to House Committee of the Whole,2
HB22-1155,2022,RS,House,2022-04-11,House Second Reading Special Order - Passed with Amendments - Committee,3
HB22-1155,2022,RS,House,2022-04-12,House Third Reading Passed - No Amendments,4
HB22-1155,2022,RS,Senate,2022-04-14,Introduced In Senate - Assigned to Education,5
HB22-1155,2022,RS,Senate,2022-04-21,Senate Committee on Education Refer Unamended to Senate Committee of the Whole,6
HB22-1155,2022,RS,Senate,2022-04-25,Senate Second Reading Laid Over Daily - No Amendments,7
HB22-1155,2022,RS,Senate,2022-04-26,Senate Second Reading Passed with Amendments - Floor,8
HB22-1155,2022,RS,Senate,2022-04-27,Senate Third Reading Passed - No Amendments,9
HB22-1155,2022,RS,Senate,2022-04-27,Senate Third Reading Reconsidered - No Amendments,10
HB22-1155,2022,RS,House,2022-04-28,House Considered Senate Amendments - Result was to Concur - Repass,11
HB22-1155,2022,RS,House,2022-05-25,Signed by the Speaker of the House,12
HB22-1155,2022,RS,Senate,2022-05-25,Signed by the President of the Senate,13
HB22-1155,2022,RS,Governor,2022-05-25,Sent to the Governor,14
HB22-1155,2022,RS,Governor,2022-05-26,Governor Signed,15
HB22-1156,2022,RS,House,2022-02-04,"Introduced In House - Assigned to State, Civic, Military, & Veterans Affairs",1
HB22-1156,2022,RS,House,2022-02-24,"House Committee on State, Civic, Military, & Veterans Affairs Refer Amended to House Committee of the Whole",2
HB22-1156,2022,RS,House,2022-03-01,House Second Reading Passed with Amendments - Committee,3
HB22-1156,2022,RS,House,2022-03-02,House Third Reading Laid Over Daily - No Amendments,4
HB22-1156,2022,RS,House,2022-03-03,House Third Reading Passed - No Amendments,5
HB22-1156,2022,RS,Senate,2022-03-08,"Introduced In Senate - Assigned to State, Veterans, & Military Affairs",6
HB22-1156,2022,RS,Senate,2022-03-29,"Senate Committee on State, Veterans, & Military Affairs Refer Unamended - Consent Calendar to Senate Committee of the Whole",7
HB22-1156,2022,RS,Senate,2022-04-01,Senate Second Reading Passed - No Amendments,8
HB22-1156,2022,RS,Senate,2022-04-04,Senate Third Reading Passed - No Amendments,9
HB22-1156,2022,RS,House,2022-04-14,Signed by the Speaker of the House,10
HB22-1156,2022,RS,Senate,2022-04-14,Signed by the President of the Senate,11
HB22-1156,2022,RS,Governor,2022-04-14,Sent to the Governor,12
HB22-1156,2022,RS,Governor,2022-04-18,Governor Signed,13
HB22-1157,2022,RS,House,2022-02-04,Introduced In House - Assigned to Public & Behavioral Health & Human Services,1
HB22-1157,2022,RS,House,2022-02-22,House Committee on Public & Behavioral Health & Human Services Refer Amended to Appropriations,2
HB22-1157,2022,RS,House,2022-03-18,House Committee on Appropriations Refer Amended to House Committee of the Whole,3
HB22-1157,2022,RS,House,2022-03-22,"House Second Reading Passed with Amendments - Committee, Floor",4
HB22-1157,2022,RS,House,2022-03-23,House Third Reading Laid Over Daily - No Amendments,5
HB22-1157,2022,RS,House,2022-03-25,House Third Reading Passed - No Amendments,6
HB22-1157,2022,RS,Senate,2022-03-29,Introduced In Senate - Assigned to Health & Human Services,7
HB22-1157,2022,RS,Senate,2022-04-13,Senate Committee on Health & Human Services Refer Unamended to Appropriations,8
HB22-1157,2022,RS,Senate,2022-04-21,Senate Committee on Appropriations Refer Unamended to Senate Committee of the Whole,9
HB22-1157,2022,RS,Senate,2022-04-25,Senate Second Reading Passed with Amendments - Floor,10
HB22-1157,2022,RS,Senate,2022-04-26,Senate Third Reading Passed - No Amendments,11
HB22-1157,2022,RS,House,2022-04-27,House Considered Senate Amendments - Result was to Laid Over Daily,12
HB22-1157,2022,RS,House,2022-04-28,House Considered Senate Amendments - Result was to Concur - Repass,13
HB22-1157,2022,RS,House,2022-05-26,Signed by the Speaker of the House,14
HB22-1157,2022,RS,Senate,2022-05-31,Signed by the President of the Senate,15
HB22-1157,2022,RS,Governor,2022-05-31,Sent to the Governor,16
HB22-1157,2022,RS,Governor,2022-06-02,Governor Signed,17
HB22-1158,2022,RS,House,2022-02-04,Introduced In House - Assigned to Public & Behavioral Health & Human Services,1
HB22-1158,2022,RS,House,2022-04-19,House Committee on Public & Behavioral Health & Human Services Postpone Indefinitely,2
HB22-1159,2022,RS,House,2022-02-04,Introduced In House - Assigned to Energy & Environment,1
HB22-1159,2022,RS,House,2022-03-03,House Committee on Energy & Environment Refer Amended to House Committee of the Whole,2
HB22-1159,2022,RS,House,2022-03-08,House Second Reading Special Order - Passed with Amendments - Committee,3
HB22-1159,2022,RS,House,2022-03-09,House Third Reading Passed - No Amendments,4
HB22-1159,2022,RS,Senate,2022-03-14,Introduced In Senate - Assigned to Finance,5
HB22-1159,2022,RS,Senate,2022-05-02,Senate Committee on Finance Refer Unamended to Senate Committee of the Whole,6
HB22-1159,2022,RS,Senate,2022-05-03,Senate Second Reading Laid Over Daily - No Amendments,7
HB22-1159,2022,RS,Senate,2022-05-04,Senate Second Reading Special Order - Passed - No Amendments,8
HB22-1159,2022,RS,Senate,2022-05-05,Senate Third Reading Passed - No Amendments,9
HB22-1159,2022,RS,House,2022-05-27,Signed by the Speaker of the House,10
HB22-1159,2022,RS,Senate,2022-05-31,Signed by the President of the Senate,11
HB22-1159,2022,RS,Governor,2022-05-31,Sent to the Governor,12
HB22-1159,2022,RS,Governor,2022-06-03,Governor Signed,13
HB22-1160,2022,RS,House,2022-02-04,Introduced In House - Assigned to Public & Behavioral Health & Human Services,1
HB22-1160,2022,RS,House,2022-03-08,House Committee on Public & Behavioral Health & Human Services Postpone Indefinitely,2
HB22-1161,2022,RS,House,2022-02-04,"Introduced In House - Assigned to State, Civic, Military, & Veterans Affairs",1
HB22-1161,2022,RS,House,2022-03-03,"House Committee on State, Civic, Military, & Veterans Affairs Postpone Indefinitely",2
HB22-1162,2022,RS,House,2022-02-04,Introduced In House - Assigned to Transportation & Local Government,1
HB22-1162,2022,RS,House,2022-02-23,House Committee on Transportation & Local Government Refer Amended to House Committee of the Whole,2
HB22-1162,2022,RS,House,2022-02-28,House Second Reading Passed with Amendments - Committee,3
HB22-1162,2022,RS,House,2022-03-01,House Third Reading Passed - No Amendments,4
HB22-1162,2022,RS,Senate,2022-03-04,Introduced In Senate - Assigned to Transportation & Energy,5
HB22-1162,2022,RS,Senate,2022-03-29,Senate Committee on Transportation & Energy Refer Amended to Senate Committee of the Whole,6
HB22-1162,2022,RS,Senate,2022-04-01,Senate Second Reading Passed with Amendments - Committee,7
HB22-1162,2022,RS,Senate,2022-04-04,Senate Third Reading Passed - No Amendments,8
HB22-1162,2022,RS,House,2022-04-05,House Considered Senate Amendments - Result was to Concur - Repass,9
HB22-1162,2022,RS,House,2022-04-21,Signed by the Speaker of the House,10
HB22-1162,2022,RS,Senate,2022-04-22,Signed by the President of the Senate,11
HB22-1162,2022,RS,Governor,2022-04-22,Sent to the Governor,12
HB22-1162,2022,RS,Governor,2022-04-22,Governor Signed,13
HB22-1163,2022,RS,House,2022-02-04,Introduced In House - Assigned to Finance,1
HB22-1163,2022,RS,House,2022-04-07,House Committee on Finance Postpone Indefinitely,2
HB22-1164,2022,RS,House,2022-02-04,Introduced In House - Assigned to Judiciary,1
HB22-1164,2022,RS,House,2022-03-23,House Committee on Judiciary Postpone Indefinitely,2
HB22-1165,2022,RS,House,2022-02-04,Introduced In House - Assigned to Legal Services,1
HB22-1165,2022,RS,House,2022-02-17,House Committee on Legal Services Refer Unamended to House Committee of the Whole,2
HB22-1165,2022,RS,House,2022-02-24,House Second Reading Laid Over Daily - No Amendments,3
HB22-1165,2022,RS,House,2022-02-25,House Second Reading Passed - No Amendments,4
HB22-1165,2022,RS,House,2022-02-28,House Third Reading Passed - No Amendments,5
HB22-1165,2022,RS,Senate,2022-03-03,Introduced In Senate - Assigned to Legal Services,6
HB22-1165,2022,RS,Senate,2022-03-17,Senate Committee on Legal Services Refer Unamended to Senate Committee of the Whole,7
HB22-1165,2022,RS,Senate,2022-03-21,Senate Second Reading Laid Over to 03/23/2022 - No Amendments,8
HB22-1165,2022,RS,Senate,2022-03-23,Senate Second Reading Laid Over Daily - No Amendments,9
HB22-1165,2022,RS,Senate,2022-03-31,Senate Second Reading Passed with Amendments - Floor,10
HB22-1165,2022,RS,Senate,2022-04-01,Senate Third Reading Passed - No Amendments,11
HB22-1165,2022,RS,House,2022-04-04,House Considered Senate Amendments - Result was to Laid Over Daily,12
HB22-1165,2022,RS,House,2022-04-05,House Considered Senate Amendments - Result was to Concur - Repass,13
HB22-1165,2022,RS,House,2022-04-18,Signed by the Speaker of the House,14
HB22-1165,2022,RS,Senate,2022-04-18,Signed by the President of the Senate,15
HB22-1165,2022,RS,Governor,2022-04-19,Sent to the Governor,16
HB22-1165,2022,RS,Governor,2022-04-25,Governor Signed,17
HB22-1166,2022,RS,House,2022-02-04,Introduced In House - Assigned to Energy & Environment,1
HB22-1166,2022,RS,House,2022-03-31,House Committee on Energy & Environment Refer Amended to Finance,2
HB22-1166,2022,RS,House,2022-04-21,House Committee on Finance Refer Unamended to Appropriations,3
HB22-1166,2022,RS,House,2022-05-12,House Committee on Appropriations Lay Over Unamended - Amendment(s) Failed,4
HB22-1167,2022,RS,House,2022-02-04,Introduced In House - Assigned to Public & Behavioral Health & Human Services,1
HB22-1167,2022,RS,House,2022-02-22,House Committee on Public & Behavioral Health & Human Services Postpone Indefinitely,2
HB22-1168,2022,RS,House,2022-02-04,"Introduced In House - Assigned to Agriculture, Livestock, & Water",1
HB22-1168,2022,RS,House,2022-02-24,"House Committee on Agriculture, Livestock, & Water Refer Amended to House Committee of the Whole",2
HB22-1168,2022,RS,House,2022-03-01,House Second Reading Laid Over Daily - No Amendments,3
HB22-1168,2022,RS,House,2022-03-02,House Second Reading Passed with Amendments - Committee,4
HB22-1168,2022,RS,House,2022-03-03,House Third Reading Passed - No Amendments,5
HB22-1168,2022,RS,Senate,2022-03-07,Introduced In Senate - Assigned to Agriculture & Natural Resources,6
HB22-1168,2022,RS,Senate,2022-03-17,Senate Committee on Agriculture & Natural Resources Refer Amended to Senate Committee of the Whole,7
HB22-1168,2022,RS,Senate,2022-03-22,Senate Second Reading Laid Over Daily - No Amendments,8
HB22-1168,2022,RS,Senate,2022-03-25,"Senate Second Reading Passed with Amendments - Committee, Floor",9
HB22-1168,2022,RS,Senate,2022-03-28,Senate Third Reading Laid Over Daily - No Amendments,10
HB22-1168,2022,RS,Senate,2022-03-29,Senate Third Reading Passed - No Amendments,11
HB22-1168,2022,RS,House,2022-03-30,House Considered Senate Amendments - Result was to Laid Over Daily,12
HB22-1168,2022,RS,House,2022-03-31,House Considered Senate Amendments - Result was to Concur - Repass,13
HB22-1168,2022,RS,House,2022-04-18,Signed by the Speaker of the House,14
HB22-1168,2022,RS,Senate,2022-04-18,Signed by the President of the Senate,15
HB22-1168,2022,RS,Governor,2022-04-19,Sent to the Governor,16
HB22-1168,2022,RS,Governor,2022-04-21,Governor Signed,17
HB22-1169,2022,RS,House,2022-02-04,Introduced In House - Assigned to Judiciary,1
HB22-1169,2022,RS,House,2022-02-15,House Committee on Judiciary Refer Unamended to House Committee of the Whole,2
HB22-1169,2022,RS,House,2022-02-18,House Second Reading Special Order - Passed - No Amendments,3
HB22-1169,2022,RS,House,2022-02-22,House Third Reading Passed - No Amendments,4
HB22-1169,2022,RS,Senate,2022-02-25,Introduced In Senate - Assigned to Judiciary,5
HB22-1169,2022,RS,Senate,2022-03-09,Senate Committee on Judiciary Refer Unamended - Consent Calendar to Senate Committee of the Whole,6
HB22-1169,2022,RS,Senate,2022-03-11,Senate Second Reading Passed - No Amendments,7
HB22-1169,2022,RS,Senate,2022-03-14,Senate Third Reading Passed - No Amendments,8
HB22-1169,2022,RS,House,2022-03-17,Signed by the Speaker of the House,9
HB22-1169,2022,RS,Senate,2022-03-18,Signed by the President of the Senate,10
HB22-1169,2022,RS,Governor,2022-03-18,Sent to the Governor,11
HB22-1169,2022,RS,Governor,2022-03-24,Governor Signed,12
HB22-1170,2022,RS,House,2022-02-07,Introduced In House - Assigned to Appropriations,1
HB22-1170,2022,RS,House,2022-02-08,House Committee on Appropriations Refer Unamended to House Committee of the Whole,2
HB22-1170,2022,RS,House,2022-02-09,House Second Reading Special Order - Passed - No Amendments,3
HB22-1170,2022,RS,House,2022-02-10,House Third Reading Passed - No Amendments,4
HB22-1170,2022,RS,Senate,2022-02-14,Introduced In Senate - Assigned to Appropriations,5
HB22-1170,2022,RS,Senate,2022-02-15,Senate Committee on Appropriations Refer Unamended - Consent Calendar to Senate Committee of the Whole,6
HB22-1170,2022,RS,Senate,2022-02-16,Senate Second Reading Special Order - Passed - No Amendments,7
HB22-1170,2022,RS,Senate,2022-02-17,Senate Third Reading Passed - No Amendments,8
HB22-1170,2022,RS,House,2022-02-25,Signed by the Speaker of the House,9
HB22-1170,2022,RS,Senate,2022-02-25,Signed by the President of the Senate,10
HB22-1170,2022,RS,Governor,2022-02-25,Sent to the Governor,11
HB22-1170,2022,RS,Governor,2022-03-01,Governor Signed,12
HB22-1171,2022,RS,House,2022-02-07,Introduced In House - Assigned to Appropriations,1
HB22-1171,2022,RS,House,2022-02-08,House Committee on Appropriations Refer Unamended to House Committee of the Whole,2
HB22-1171,2022,RS,House,2022-02-09,House Second Reading Special Order - Passed - No Amendments,3
HB22-1171,2022,RS,House,2022-02-10,House Third Reading Passed - No Amendments,4
HB22-1171,2022,RS,Senate,2022-02-14,Introduced In Senate - Assigned to Appropriations,5
HB22-1171,2022,RS,Senate,2022-02-15,Senate Committee on Appropriations Refer Unamended to Senate Committee of the Whole,6
HB22-1171,2022,RS,Senate,2022-02-16,Senate Second Reading Special Order - Passed - No Amendments,7
HB22-1171,2022,RS,Senate,2022-02-17,Senate Third Reading Passed - No Amendments,8
HB22-1171,2022,RS,House,2022-02-25,Signed by the Speaker of the House,9
HB22-1171,2022,RS,Senate,2022-02-25,Signed by the President of the Senate,10
HB22-1171,2022,RS,Governor,2022-02-25,Sent to the Governor,11
HB22-1171,2022,RS,Governor,2022-03-01,Governor Signed,12
HB22-1172,2022,RS,House,2022-02-07,Introduced In House - Assigned to Appropriations,1
HB22-1172,2022,RS,House,2022-02-08,House Committee on Appropriations Refer Unamended to House Committee of the Whole,2
HB22-1172,2022,RS,House,2022-02-09,House Second Reading Special Order - Passed - No Amendments,3
HB22-1172,2022,RS,House,2022-02-10,House Third Reading Passed - No Amendments,4
HB22-1172,2022,RS,Senate,2022-02-14,Introduced In Senate - Assigned to Appropriations,5
HB22-1172,2022,RS,Senate,2022-02-15,Senate Committee on Appropriations Refer Unamended to Senate Committee of the Whole,6
HB22-1172,2022,RS,Senate,2022-02-16,Senate Second Reading Special Order - Passed - No Amendments,7
HB22-1172,2022,RS,Senate,2022-02-17,Senate Third Reading Passed - No Amendments,8
HB22-1172,2022,RS,House,2022-02-25,Signed by the Speaker of the House,9
HB22-1172,2022,RS,Senate,2022-02-25,Signed by the President of the Senate,10
HB22-1172,2022,RS,Governor,2022-02-25,Sent to the Governor,11
HB22-1172,2022,RS,Governor,2022-03-03,Governor Signed,12
HB22-1173,2022,RS,House,2022-02-07,Introduced In House - Assigned to Appropriations,1
HB22-1173,2022,RS,House,2022-02-08,House Committee on Appropriations Refer Unamended to House Committee of the Whole,2
HB22-1173,2022,RS,House,2022-02-09,House Second Reading Special Order - Passed - No Amendments,3
HB22-1173,2022,RS,House,2022-02-10,House Third Reading Passed - No Amendments,4
HB22-1173,2022,RS,Senate,2022-02-14,Introduced In Senate - Assigned to Appropriations,5
HB22-1173,2022,RS,Senate,2022-02-15,Senate Committee on Appropriations Refer Unamended to Senate Committee of the Whole,6
HB22-1173,2022,RS,Senate,2022-02-16,Senate Second Reading Special Order - Passed - No Amendments,7
HB22-1173,2022,RS,Senate,2022-02-17,Senate Third Reading Passed - No Amendments,8
HB22-1173,2022,RS,House,2022-02-25,Signed by the Speaker of the House,9
HB22-1173,2022,RS,Senate,2022-02-25,Signed by the President of the Senate,10
HB22-1173,2022,RS,Governor,2022-02-25,Sent to the Governor,11
HB22-1173,2022,RS,Governor,2022-03-07,Governor Signed,12
HB22-1174,2022,RS,House,2022-02-07,Introduced In House - Assigned to Appropriations,1
HB22-1174,2022,RS,House,2022-02-08,House Committee on Appropriations Refer Unamended to House Committee of the Whole,2
HB22-1174,2022,RS,House,2022-02-09,House Second Reading Special Order - Passed - No Amendments,3
HB22-1174,2022,RS,House,2022-02-10,House Third Reading Passed - No Amendments,4
HB22-1174,2022,RS,Senate,2022-02-14,Introduced In Senate - Assigned to Appropriations,5
HB22-1174,2022,RS,Senate,2022-02-15,Senate Committee on Appropriations Refer Unamended to Senate Committee of the Whole,6
HB22-1174,2022,RS,Senate,2022-02-16,Senate Second Reading Special Order - Passed - No Amendments,7
HB22-1174,2022,RS,Senate,2022-02-17,Senate Third Reading Passed - No Amendments,8
HB22-1174,2022,RS,House,2022-02-25,Signed by the Speaker of the House,9
HB22-1174,2022,RS,Senate,2022-02-25,Signed by the President of the Senate,10
HB22-1174,2022,RS,Governor,2022-02-25,Sent to the Governor,11
HB22-1174,2022,RS,Governor,2022-03-01,Governor Signed,12
HB22-1175,2022,RS,House,2022-02-07,Introduced In House - Assigned to Appropriations,1
HB22-1175,2022,RS,House,2022-02-08,House Committee on Appropriations Refer Unamended to House Committee of the Whole,2
HB22-1175,2022,RS,House,2022-02-09,House Second Reading Special Order - Passed - No Amendments,3
HB22-1175,2022,RS,House,2022-02-10,House Third Reading Passed - No Amendments,4
HB22-1175,2022,RS,Senate,2022-02-14,Introduced In Senate - Assigned to Appropriations,5
HB22-1175,2022,RS,Senate,2022-02-15,Senate Committee on Appropriations Refer Unamended - Consent Calendar to Senate Committee of the Whole,6
HB22-1175,2022,RS,Senate,2022-02-16,Senate Second Reading Special Order - Passed - No Amendments,7
HB22-1175,2022,RS,Senate,2022-02-17,Senate Third Reading Passed - No Amendments,8
HB22-1175,2022,RS,House,2022-02-25,Signed by the Speaker of the House,9
HB22-1175,2022,RS,Senate,2022-02-25,Signed by the President of the Senate,10
HB22-1175,2022,RS,Governor,2022-02-25,Sent to the Governor,11
HB22-1175,2022,RS,Governor,2022-03-07,Governor Signed,12
HB22-1176,2022,RS,House,2022-02-07,Introduced In House - Assigned to Appropriations,1
HB22-1176,2022,RS,House,2022-02-08,House Committee on Appropriations Refer Unamended to House Committee of the Whole,2
HB22-1176,2022,RS,House,2022-02-09,House Second Reading Special Order - Passed - No Amendments,3
HB22-1176,2022,RS,House,2022-02-10,House Third Reading Passed - No Amendments,4
HB22-1176,2022,RS,Senate,2022-02-14,Introduced In Senate - Assigned to Appropriations,5
HB22-1176,2022,RS,Senate,2022-02-15,Senate Committee on Appropriations Refer Unamended to Senate Committee of the Whole,6
HB22-1176,2022,RS,Senate,2022-02-16,Senate Second Reading Special Order - Passed - No Amendments,7
HB22-1176,2022,RS,Senate,2022-02-17,Senate Third Reading Passed - No Amendments,8
HB22-1176,2022,RS,House,2022-02-25,Signed by the Speaker of the House,9
HB22-1176,2022,RS,Senate,2022-02-25,Signed by the President of the Senate,10
HB22-1176,2022,RS,Governor,2022-02-25,Sent to the Governor,11
HB22-1176,2022,RS,Governor,2022-03-01,Governor Signed,12
HB22-1177,2022,RS,House,2022-02-07,Introduced In House - Assigned to Appropriations,1
HB22-1177,2022,RS,House,2022-02-08,House Committee on Appropriations Refer Unamended to House Committee of the Whole,2
HB22-1177,2022,RS,House,2022-02-09,House Second Reading Special Order - Passed - No Amendments,3
HB22-1177,2022,RS,House,2022-02-10,House Third Reading Passed - No Amendments,4
HB22-1177,2022,RS,Senate,2022-02-14,Introduced In Senate - Assigned to Appropriations,5
HB22-1177,2022,RS,Senate,2022-02-15,Senate Committee on Appropriations Refer Unamended to Senate Committee of the Whole,6
HB22-1177,2022,RS,Senate,2022-02-16,Senate Second Reading Special Order - Passed - No Amendments,7
HB22-1177,2022,RS,Senate,2022-02-17,Senate Third Reading Passed - No Amendments,8
HB22-1177,2022,RS,House,2022-02-25,Signed by the Speaker of the House,9
HB22-1177,2022,RS,Senate,2022-02-25,Signed by the President of the Senate,10
HB22-1177,2022,RS,Governor,2022-02-25,Sent to the Governor,11
HB22-1177,2022,RS,Governor,2022-03-01,Governor Signed,12
HB22-1178,2022,RS,House,2022-02-07,Introduced In House - Assigned to Appropriations,1
HB22-1178,2022,RS,House,2022-02-08,House Committee on Appropriations Refer Unamended to House Committee of the Whole,2
HB22-1178,2022,RS,House,2022-02-09,House Second Reading Special Order - Passed - No Amendments,3
HB22-1178,2022,RS,House,2022-02-10,House Third Reading Passed - No Amendments,4
HB22-1178,2022,RS,Senate,2022-02-14,Introduced In Senate - Assigned to Appropriations,5
HB22-1178,2022,RS,Senate,2022-02-15,Senate Committee on Appropriations Refer Unamended to Senate Committee of the Whole,6
HB22-1178,2022,RS,Senate,2022-02-16,Senate Second Reading Special Order - Passed - No Amendments,7
HB22-1178,2022,RS,Senate,2022-02-17,Senate Third Reading Passed - No Amendments,8
HB22-1178,2022,RS,House,2022-02-25,Signed by the Speaker of the House,9
HB22-1178,2022,RS,Senate,2022-02-25,Signed by the President of the Senate,10
HB22-1178,2022,RS,Governor,2022-02-25,Sent to the Governor,11
HB22-1178,2022,RS,Governor,2022-03-01,Governor Signed,12
HB22-1179,2022,RS,House,2022-02-07,Introduced In House - Assigned to Appropriations,1
HB22-1179,2022,RS,House,2022-02-08,House Committee on Appropriations Refer Unamended to House Committee of the Whole,2
HB22-1179,2022,RS,House,2022-02-09,House Second Reading Special Order - Passed - No Amendments,3
HB22-1179,2022,RS,House,2022-02-10,House Third Reading Passed - No Amendments,4
HB22-1179,2022,RS,Senate,2022-02-14,Introduced In Senate - Assigned to Appropriations,5
HB22-1179,2022,RS,Senate,2022-02-15,Senate Committee on Appropriations Refer Unamended to Senate Committee of the Whole,6
HB22-1179,2022,RS,Senate,2022-02-16,Senate Second Reading Special Order - Passed - No Amendments,7
HB22-1179,2022,RS,Senate,2022-02-17,Senate Third Reading Passed - No Amendments,8
HB22-1179,2022,RS,House,2022-02-25,Signed by the Speaker of the House,9
HB22-1179,2022,RS,Senate,2022-02-25,Signed by the President of the Senate,10
HB22-1179,2022,RS,Governor,2022-02-25,Sent to the Governor,11
HB22-1179,2022,RS,Governor,2022-03-07,Governor Signed,12
HB22-1180,2022,RS,House,2022-02-07,Introduced In House - Assigned to Appropriations,1
HB22-1180,2022,RS,House,2022-02-08,House Committee on Appropriations Refer Unamended to House Committee of the Whole,2
HB22-1180,2022,RS,House,2022-02-09,House Second Reading Special Order - Passed - No Amendments,3
HB22-1180,2022,RS,House,2022-02-10,House Third Reading Passed - No Amendments,4
HB22-1180,2022,RS,Senate,2022-02-14,Introduced In Senate - Assigned to Appropriations,5
HB22-1180,2022,RS,Senate,2022-02-15,Senate Committee on Appropriations Refer Unamended to Senate Committee of the Whole,6
HB22-1180,2022,RS,Senate,2022-02-16,Senate Second Reading Special Order - Passed - No Amendments,7
HB22-1180,2022,RS,Senate,2022-02-17,Senate Third Reading Passed - No Amendments,8
HB22-1180,2022,RS,House,2022-02-25,Signed by the Speaker of the House,9
HB22-1180,2022,RS,Senate,2022-02-25,Signed by the President of the Senate,10
HB22-1180,2022,RS,Governor,2022-02-25,Sent to the Governor,11
HB22-1180,2022,RS,Governor,2022-03-01,Governor Signed,12
HB22-1181,2022,RS,House,2022-02-07,Introduced In House - Assigned to Appropriations,1
HB22-1181,2022,RS,House,2022-02-08,House Committee on Appropriations Refer Unamended to House Committee of the Whole,2
HB22-1181,2022,RS,House,2022-02-09,House Second Reading Special Order - Passed - No Amendments,3
HB22-1181,2022,RS,House,2022-02-10,House Third Reading Passed - No Amendments,4
HB22-1181,2022,RS,Senate,2022-02-14,Introduced In Senate - Assigned to Appropriations,5
HB22-1181,2022,RS,Senate,2022-02-15,Senate Committee on Appropriations Refer Unamended to Senate Committee of the Whole,6
HB22-1181,2022,RS,Senate,2022-02-16,Senate Second Reading Special Order - Passed - No Amendments,7
HB22-1181,2022,RS,Senate,2022-02-17,Senate Third Reading Passed - No Amendments,8
HB22-1181,2022,RS,House,2022-02-25,Signed by the Speaker of the House,9
HB22-1181,2022,RS,Senate,2022-02-25,Signed by the President of the Senate,10
HB22-1181,2022,RS,Governor,2022-02-25,Sent to the Governor,11
HB22-1181,2022,RS,Governor,2022-03-01,Governor Signed,12
HB22-1182,2022,RS,House,2022-02-07,Introduced In House - Assigned to Appropriations,1
HB22-1182,2022,RS,House,2022-02-08,House Committee on Appropriations Refer Unamended to House Committee of the Whole,2
HB22-1182,2022,RS,House,2022-02-09,House Second Reading Special Order - Passed - No Amendments,3
HB22-1182,2022,RS,House,2022-02-10,House Third Reading Passed - No Amendments,4
HB22-1182,2022,RS,Senate,2022-02-14,Introduced In Senate - Assigned to Appropriations,5
HB22-1182,2022,RS,Senate,2022-02-15,Senate Committee on Appropriations Refer Unamended to Senate Committee of the Whole,6
HB22-1182,2022,RS,Senate,2022-02-16,Senate Second Reading Special Order - Passed - No Amendments,7
HB22-1182,2022,RS,Senate,2022-02-17,Senate Third Reading Passed - No Amendments,8
HB22-1182,2022,RS,House,2022-02-25,Signed by the Speaker of the House,9
HB22-1182,2022,RS,Senate,2022-02-25,Signed by the President of the Senate,10
HB22-1182,2022,RS,Governor,2022-02-25,Sent to the Governor,11
HB22-1182,2022,RS,Governor,2022-03-07,Governor Signed,12
HB22-1183,2022,RS,House,2022-02-07,Introduced In House - Assigned to Appropriations,1
HB22-1183,2022,RS,House,2022-02-08,House Committee on Appropriations Refer Unamended to House Committee of the Whole,2
HB22-1183,2022,RS,House,2022-02-09,House Second Reading Special Order - Passed - No Amendments,3
HB22-1183,2022,RS,House,2022-02-10,House Third Reading Passed - No Amendments,4
HB22-1183,2022,RS,Senate,2022-02-14,Introduced In Senate - Assigned to Appropriations,5
HB22-1183,2022,RS,Senate,2022-02-15,Senate Committee on Appropriations Refer Unamended to Senate Committee of the Whole,6
HB22-1183,2022,RS,Senate,2022-02-16,Senate Second Reading Special Order - Passed - No Amendments,7
HB22-1183,2022,RS,Senate,2022-02-17,Senate Third Reading Passed - No Amendments,8
HB22-1183,2022,RS,House,2022-02-25,Signed by the Speaker of the House,9
HB22-1183,2022,RS,Senate,2022-02-25,Signed by the President of the Senate,10
HB22-1183,2022,RS,Governor,2022-02-25,Sent to the Governor,11
HB22-1183,2022,RS,Governor,2022-03-01,Governor Signed,12
HB22-1184,2022,RS,House,2022-02-07,Introduced In House - Assigned to Appropriations,1
HB22-1184,2022,RS,House,2022-02-08,House Committee on Appropriations Refer Unamended to House Committee of the Whole,2
HB22-1184,2022,RS,House,2022-02-09,House Second Reading Special Order - Passed - No Amendments,3
HB22-1184,2022,RS,House,2022-02-10,House Third Reading Passed - No Amendments,4
HB22-1184,2022,RS,Senate,2022-02-14,Introduced In Senate - Assigned to Appropriations,5
HB22-1184,2022,RS,Senate,2022-02-15,Senate Committee on Appropriations Refer Unamended - Consent Calendar to Senate Committee of the Whole,6
HB22-1184,2022,RS,Senate,2022-02-16,Senate Second Reading Special Order - Passed - No Amendments,7
HB22-1184,2022,RS,Senate,2022-02-17,Senate Third Reading Passed - No Amendments,8
HB22-1184,2022,RS,House,2022-02-25,Signed by the Speaker of the House,9
HB22-1184,2022,RS,Senate,2022-02-25,Signed by the President of the Senate,10
HB22-1184,2022,RS,Governor,2022-02-25,Sent to the Governor,11
HB22-1184,2022,RS,Governor,2022-03-07,Governor Signed,12
HB22-1185,2022,RS,House,2022-02-07,Introduced In House - Assigned to Appropriations,1
HB22-1185,2022,RS,House,2022-02-08,House Committee on Appropriations Refer Unamended to House Committee of the Whole,2
HB22-1185,2022,RS,House,2022-02-09,House Second Reading Special Order - Passed - No Amendments,3
HB22-1185,2022,RS,House,2022-02-10,House Third Reading Passed - No Amendments,4
HB22-1185,2022,RS,Senate,2022-02-14,Introduced In Senate - Assigned to Appropriations,5
HB22-1185,2022,RS,Senate,2022-02-15,Senate Committee on Appropriations Refer Unamended - Consent Calendar to Senate Committee of the Whole,6
HB22-1185,2022,RS,Senate,2022-02-16,Senate Second Reading Special Order - Passed - No Amendments,7
HB22-1185,2022,RS,Senate,2022-02-17,Senate Third Reading Passed - No Amendments,8
HB22-1185,2022,RS,House,2022-02-25,Signed by the Speaker of the House,9
HB22-1185,2022,RS,Senate,2022-02-25,Signed by the President of the Senate,10
HB22-1185,2022,RS,Governor,2022-02-25,Sent to the Governor,11
HB22-1185,2022,RS,Governor,2022-03-07,Governor Signed,12
HB22-1186,2022,RS,House,2022-02-07,Introduced In House - Assigned to Appropriations,1
HB22-1186,2022,RS,House,2022-02-08,House Committee on Appropriations Refer Unamended to House Committee of the Whole,2
HB22-1186,2022,RS,House,2022-02-09,House Second Reading Special Order - Passed - No Amendments,3
HB22-1186,2022,RS,House,2022-02-10,House Third Reading Passed - No Amendments,4
HB22-1186,2022,RS,Senate,2022-02-14,Introduced In Senate - Assigned to Appropriations,5
HB22-1186,2022,RS,Senate,2022-02-15,Senate Committee on Appropriations Refer Unamended to Senate Committee of the Whole,6
HB22-1186,2022,RS,Senate,2022-02-16,Senate Second Reading Special Order - Passed - No Amendments,7
HB22-1186,2022,RS,Senate,2022-02-17,Senate Third Reading Passed - No Amendments,8
HB22-1186,2022,RS,House,2022-02-25,Signed by the Speaker of the House,9
HB22-1186,2022,RS,Senate,2022-02-25,Signed by the President of the Senate,10
HB22-1186,2022,RS,Governor,2022-02-25,Sent to the Governor,11
HB22-1186,2022,RS,Governor,2022-03-01,Governor Signed,12
HB22-1187,2022,RS,House,2022-02-07,Introduced In House - Assigned to Appropriations,1
HB22-1187,2022,RS,House,2022-02-08,House Committee on Appropriations Refer Unamended to House Committee of the Whole,2
HB22-1187,2022,RS,House,2022-02-09,House Second Reading Special Order - Passed - No Amendments,3
HB22-1187,2022,RS,House,2022-02-10,House Third Reading Passed - No Amendments,4
HB22-1187,2022,RS,Senate,2022-02-14,Introduced In Senate - Assigned to Appropriations,5
HB22-1187,2022,RS,Senate,2022-02-15,Senate Committee on Appropriations Refer Unamended - Consent Calendar to Senate Committee of the Whole,6
HB22-1187,2022,RS,Senate,2022-02-16,Senate Second Reading Special Order - Passed - No Amendments,7
HB22-1187,2022,RS,Senate,2022-02-17,Senate Third Reading Passed - No Amendments,8
HB22-1187,2022,RS,House,2022-02-25,Signed by the Speaker of the House,9
HB22-1187,2022,RS,Senate,2022-02-25,Signed by the President of the Senate,10
HB22-1187,2022,RS,Governor,2022-02-25,Sent to the Governor,11
HB22-1187,2022,RS,Governor,2022-03-07,Governor Signed,12
HB22-1188,2022,RS,House,2022-02-07,Introduced In House - Assigned to Appropriations,1
HB22-1188,2022,RS,House,2022-02-08,House Committee on Appropriations Refer Unamended to House Committee of the Whole,2
HB22-1188,2022,RS,House,2022-02-09,House Second Reading Special Order - Passed - No Amendments,3
HB22-1188,2022,RS,House,2022-02-10,House Third Reading Passed - No Amendments,4
HB22-1188,2022,RS,Senate,2022-02-14,Introduced In Senate - Assigned to Appropriations,5
HB22-1188,2022,RS,Senate,2022-02-15,Senate Committee on Appropriations Refer Unamended - Consent Calendar to Senate Committee of the Whole,6
HB22-1188,2022,RS,Senate,2022-02-16,Senate Second Reading Special Order - Passed - No Amendments,7
HB22-1188,2022,RS,Senate,2022-02-17,Senate Third Reading Passed - No Amendments,8
HB22-1188,2022,RS,House,2022-02-25,Signed by the Speaker of the House,9
HB22-1188,2022,RS,Senate,2022-02-25,Signed by the President of the Senate,10
HB22-1188,2022,RS,Governor,2022-02-25,Sent to the Governor,11
HB22-1188,2022,RS,Governor,2022-03-07,Governor Signed,12
HB22-1189,2022,RS,House,2022-02-07,Introduced In House - Assigned to Appropriations,1
HB22-1189,2022,RS,House,2022-02-08,House Committee on Appropriations Refer Unamended to House Committee of the Whole,2
HB22-1189,2022,RS,House,2022-02-09,House Second Reading Special Order - Passed - No Amendments,3
HB22-1189,2022,RS,House,2022-02-10,House Third Reading Passed - No Amendments,4
HB22-1189,2022,RS,Senate,2022-02-14,Introduced In Senate - Assigned to Appropriations,5
HB22-1189,2022,RS,Senate,2022-02-15,Senate Committee on Appropriations Refer Unamended - Consent Calendar to Senate Committee of the Whole,6
HB22-1189,2022,RS,Senate,2022-02-16,Senate Second Reading Special Order - Passed - No Amendments,7
HB22-1189,2022,RS,Senate,2022-02-17,Senate Third Reading Passed - No Amendments,8
HB22-1189,2022,RS,House,2022-02-25,Signed by the Speaker of the House,9
HB22-1189,2022,RS,Senate,2022-02-25,Signed by the President of the Senate,10
HB22-1189,2022,RS,Governor,2022-02-25,Sent to the Governor,11
HB22-1189,2022,RS,Governor,2022-03-07,Governor Signed,12
HB22-1190,2022,RS,House,2022-02-07,Introduced In House - Assigned to Appropriations,1
HB22-1190,2022,RS,House,2022-02-08,House Committee on Appropriations Refer Unamended to House Committee of the Whole,2
HB22-1190,2022,RS,House,2022-02-09,House Second Reading Special Order - Passed - No Amendments,3
HB22-1190,2022,RS,House,2022-02-10,House Third Reading Passed - No Amendments,4
HB22-1190,2022,RS,Senate,2022-02-14,Introduced In Senate - Assigned to Appropriations,5
HB22-1190,2022,RS,Senate,2022-02-15,Senate Committee on Appropriations Refer Unamended - Consent Calendar to Senate Committee of the Whole,6
HB22-1190,2022,RS,Senate,2022-02-16,Senate Second Reading Special Order - Passed - No Amendments,7
HB22-1190,2022,RS,Senate,2022-02-17,Senate Third Reading Passed - No Amendments,8
HB22-1190,2022,RS,House,2022-02-25,Signed by the Speaker of the House,9
HB22-1190,2022,RS,Senate,2022-02-25,Signed by the President of the Senate,10
HB22-1190,2022,RS,Governor,2022-02-25,Sent to the Governor,11
HB22-1190,2022,RS,Governor,2022-03-07,Governor Signed,12
HB22-1191,2022,RS,House,2022-02-07,Introduced In House - Assigned to Appropriations,1
HB22-1191,2022,RS,House,2022-02-08,House Committee on Appropriations Refer Unamended to House Committee of the Whole,2
HB22-1191,2022,RS,House,2022-02-09,House Second Reading Special Order - Passed - No Amendments,3
HB22-1191,2022,RS,House,2022-02-10,House Third Reading Passed - No Amendments,4
HB22-1191,2022,RS,Senate,2022-02-14,Introduced In Senate - Assigned to Appropriations,5
HB22-1191,2022,RS,Senate,2022-02-15,Senate Committee on Appropriations Refer Unamended to Senate Committee of the Whole,6
HB22-1191,2022,RS,Senate,2022-02-16,Senate Second Reading Special Order - Passed - No Amendments,7
HB22-1191,2022,RS,Senate,2022-02-17,Senate Third Reading Passed - No Amendments,8
HB22-1191,2022,RS,Senate,2022-02-17,Senate Third Reading Reconsidered - No Amendments,9
HB22-1191,2022,RS,House,2022-02-25,Signed by the Speaker of the House,10
HB22-1191,2022,RS,Senate,2022-02-25,Signed by the President of the Senate,11
HB22-1191,2022,RS,Governor,2022-02-25,Sent to the Governor,12
HB22-1191,2022,RS,Governor,2022-03-07,Governor Signed,13
HB22-1192,2022,RS,House,2022-02-07,Introduced In House - Assigned to Appropriations,1
HB22-1192,2022,RS,House,2022-02-08,House Committee on Appropriations Refer Unamended to House Committee of the Whole,2
HB22-1192,2022,RS,House,2022-02-09,House Second Reading Special Order - Passed - No Amendments,3
HB22-1192,2022,RS,House,2022-02-10,House Third Reading Passed - No Amendments,4
HB22-1192,2022,RS,Senate,2022-02-14,Introduced In Senate - Assigned to Appropriations,5
HB22-1192,2022,RS,Senate,2022-02-15,Senate Committee on Appropriations Refer Unamended - Consent Calendar to Senate Committee of the Whole,6
HB22-1192,2022,RS,Senate,2022-02-16,Senate Second Reading Special Order - Passed - No Amendments,7
HB22-1192,2022,RS,Senate,2022-02-17,Senate Third Reading Passed - No Amendments,8
HB22-1192,2022,RS,House,2022-02-25,Signed by the Speaker of the House,9
HB22-1192,2022,RS,Senate,2022-02-25,Signed by the President of the Senate,10
HB22-1192,2022,RS,Governor,2022-02-25,Sent to the Governor,11
HB22-1192,2022,RS,Governor,2022-03-07,Governor Signed,12
HB22-1193,2022,RS,House,2022-02-07,Introduced In House - Assigned to Appropriations,1
HB22-1193,2022,RS,House,2022-02-08,House Committee on Appropriations Refer Unamended to House Committee of the Whole,2
HB22-1193,2022,RS,House,2022-02-09,House Second Reading Special Order - Passed - No Amendments,3
HB22-1193,2022,RS,House,2022-02-10,House Third Reading Passed - No Amendments,4
HB22-1193,2022,RS,Senate,2022-02-14,Introduced In Senate - Assigned to Appropriations,5
HB22-1193,2022,RS,Senate,2022-02-15,Senate Committee on Appropriations Refer Unamended - Consent Calendar to Senate Committee of the Whole,6
HB22-1193,2022,RS,Senate,2022-02-16,Senate Second Reading Special Order - Passed - No Amendments,7
HB22-1193,2022,RS,Senate,2022-02-17,Senate Third Reading Passed - No Amendments,8
HB22-1193,2022,RS,House,2022-02-25,Signed by the Speaker of the House,9
HB22-1193,2022,RS,Senate,2022-02-25,Signed by the President of the Senate,10
HB22-1193,2022,RS,Governor,2022-02-25,Sent to the Governor,11
HB22-1193,2022,RS,Governor,2022-03-07,Governor Signed,12
HB22-1194,2022,RS,House,2022-02-07,Introduced In House - Assigned to Appropriations,1
HB22-1194,2022,RS,House,2022-02-08,House Committee on Appropriations Refer Unamended to House Committee of the Whole,2
HB22-1194,2022,RS,House,2022-02-09,House Second Reading Special Order - Passed - No Amendments,3
HB22-1194,2022,RS,House,2022-02-10,House Third Reading Passed - No Amendments,4
HB22-1194,2022,RS,Senate,2022-02-14,Introduced In Senate - Assigned to Appropriations,5
HB22-1194,2022,RS,Senate,2022-02-15,Senate Committee on Appropriations Refer Unamended - Consent Calendar to Senate Committee of the Whole,6
HB22-1194,2022,RS,Senate,2022-02-16,Senate Second Reading Special Order - Passed - No Amendments,7
HB22-1194,2022,RS,Senate,2022-02-17,Senate Third Reading Passed - No Amendments,8
HB22-1194,2022,RS,House,2022-02-25,Signed by the Speaker of the House,9
HB22-1194,2022,RS,Senate,2022-02-25,Signed by the President of the Senate,10
HB22-1194,2022,RS,Governor,2022-02-25,Sent to the Governor,11
HB22-1194,2022,RS,Governor,2022-03-01,Governor Signed,12
HB22-1195,2022,RS,House,2022-02-07,Introduced In House - Assigned to Appropriations,1
HB22-1195,2022,RS,House,2022-02-08,House Committee on Appropriations Refer Unamended to House Committee of the Whole,2
HB22-1195,2022,RS,House,2022-02-09,House Second Reading Special Order - Passed - No Amendments,3
HB22-1195,2022,RS,House,2022-02-10,House Third Reading Passed - No Amendments,4
HB22-1195,2022,RS,Senate,2022-02-14,Introduced In Senate - Assigned to Appropriations,5
HB22-1195,2022,RS,Senate,2022-02-15,Senate Committee on Appropriations Refer Unamended - Consent Calendar to Senate Committee of the Whole,6
HB22-1195,2022,RS,Senate,2022-02-16,Senate Second Reading Special Order - Passed - No Amendments,7
HB22-1195,2022,RS,Senate,2022-02-17,Senate Third Reading Passed - No Amendments,8
HB22-1195,2022,RS,House,2022-02-25,Signed by the Speaker of the House,9
HB22-1195,2022,RS,Senate,2022-02-25,Signed by the President of the Senate,10
HB22-1195,2022,RS,Governor,2022-02-25,Sent to the Governor,11
HB22-1195,2022,RS,Governor,2022-03-07,Governor Signed,12
HB22-1196,2022,RS,House,2022-02-07,Introduced In House - Assigned to Appropriations,1
HB22-1196,2022,RS,House,2022-02-08,House Committee on Appropriations Refer Amended to House Committee of the Whole,2
HB22-1196,2022,RS,House,2022-02-09,House Second Reading Special Order - Passed with Amendments - Committee,3
HB22-1196,2022,RS,House,2022-02-10,House Third Reading Passed - No Amendments,4
HB22-1196,2022,RS,Senate,2022-02-14,Introduced In Senate - Assigned to Appropriations,5
HB22-1196,2022,RS,Senate,2022-02-15,Senate Committee on Appropriations Refer Unamended to Senate Committee of the Whole,6
HB22-1196,2022,RS,Senate,2022-02-16,Senate Second Reading Special Order - Passed - No Amendments,7
HB22-1196,2022,RS,Senate,2022-02-17,Senate Third Reading Passed - No Amendments,8
HB22-1196,2022,RS,House,2022-02-25,Signed by the Speaker of the House,9
HB22-1196,2022,RS,Senate,2022-02-25,Signed by the President of the Senate,10
HB22-1196,2022,RS,Governor,2022-02-25,Sent to the Governor,11
HB22-1196,2022,RS,Governor,2022-03-01,Governor Signed,12
HB22-1197,2022,RS,House,2022-02-07,Introduced In House - Assigned to Appropriations,1
HB22-1197,2022,RS,House,2022-02-08,House Committee on Appropriations Refer Amended to House Committee of the Whole,2
HB22-1197,2022,RS,House,2022-02-09,House Second Reading Special Order - Passed with Amendments - Committee,3
HB22-1197,2022,RS,House,2022-02-10,House Third Reading Passed - No Amendments,4
HB22-1197,2022,RS,Senate,2022-02-14,Introduced In Senate - Assigned to Appropriations,5
HB22-1197,2022,RS,Senate,2022-02-15,Senate Committee on Appropriations Refer Unamended to Senate Committee of the Whole,6
HB22-1197,2022,RS,Senate,2022-02-16,Senate Second Reading Special Order - Passed - No Amendments,7
HB22-1197,2022,RS,Senate,2022-02-17,Senate Third Reading Passed - No Amendments,8
HB22-1197,2022,RS,House,2022-02-25,Signed by the Speaker of the House,9
HB22-1197,2022,RS,Senate,2022-02-25,Signed by the President of the Senate,10
HB22-1197,2022,RS,Governor,2022-02-25,Sent to the Governor,11
HB22-1197,2022,RS,Governor,2022-03-01,Governor Signed,12
HB22-1198,2022,RS,House,2022-02-07,Introduced In House - Assigned to Health & Insurance,1
HB22-1198,2022,RS,House,2022-04-01,House Committee on Health & Insurance Postpone Indefinitely,2
HB22-1199,2022,RS,House,2022-02-07,Introduced In House - Assigned to Health & Insurance,1
HB22-1199,2022,RS,House,2022-03-23,House Committee on Health & Insurance Postpone Indefinitely,2
HB22-1200,2022,RS,House,2022-02-07,Introduced In House - Assigned to Business Affairs & Labor,1
HB22-1200,2022,RS,House,2022-03-03,House Committee on Business Affairs & Labor Postpone Indefinitely,2
HB22-1201,2022,RS,House,2022-02-07,Introduced In House - Assigned to Business Affairs & Labor,1
HB22-1201,2022,RS,House,2022-03-03,House Committee on Business Affairs & Labor Postpone Indefinitely,2
HB22-1202,2022,RS,House,2022-02-07,Introduced In House - Assigned to Education,1
HB22-1202,2022,RS,House,2022-03-03,House Committee on Education Refer Amended to Appropriations,2
HB22-1202,2022,RS,House,2022-03-18,House Committee on Appropriations Refer Amended to House Committee of the Whole,3
HB22-1202,2022,RS,House,2022-03-18,House Second Reading Special Order - Passed with Amendments - Committee,4
HB22-1202,2022,RS,House,2022-03-21,House Third Reading Passed - No Amendments,5
HB22-1202,2022,RS,Senate,2022-03-23,Introduced In Senate - Assigned to Education,6
HB22-1202,2022,RS,Senate,2022-03-31,Senate Committee on Education Refer Unamended to Appropriations,7
HB22-1202,2022,RS,Senate,2022-04-08,Senate Committee on Appropriations Refer Unamended - Consent Calendar to Senate Committee of the Whole,8
HB22-1202,2022,RS,Senate,2022-04-08,Senate Second Reading Special Order - Passed - No Amendments,9
HB22-1202,2022,RS,Senate,2022-04-11,Senate Third Reading Passed - No Amendments,10
HB22-1202,2022,RS,House,2022-04-28,Signed by the Speaker of the House,11
HB22-1202,2022,RS,Senate,2022-04-29,Signed by the President of the Senate,12
HB22-1202,2022,RS,Governor,2022-04-29,Sent to the Governor,13
HB22-1202,2022,RS,Governor,2022-05-03,Governor Signed,14
HB22-1203,2022,RS,House,2022-02-07,Introduced In House - Assigned to Education,1
HB22-1203,2022,RS,House,2022-02-24,House Committee on Education Postpone Indefinitely,2
HB22-1204,2022,RS,House,2022-02-07,"Introduced In House - Assigned to State, Civic, Military, & Veterans Affairs",1
HB22-1204,2022,RS,House,2022-03-14,"House Committee on State, Civic, Military, & Veterans Affairs Postpone Indefinitely",2
HB22-1205,2022,RS,House,2022-02-08,Introduced In House - Assigned to Finance,1
HB22-1205,2022,RS,House,2022-04-18,House Committee on Finance Refer Amended to Appropriations,2
HB22-1205,2022,RS,House,2022-04-27,House Committee on Appropriations Refer Amended to House Committee of the Whole,3
HB22-1205,2022,RS,House,2022-04-27,House Second Reading Special Order - Passed with Amendments - Committee,4
HB22-1205,2022,RS,House,2022-04-28,House Third Reading Passed - No Amendments,5
HB22-1205,2022,RS,Senate,2022-04-28,Introduced In Senate - Assigned to Finance,6
HB22-1205,2022,RS,Senate,2022-05-04,Senate Committee on Finance Refer Unamended to Appropriations,7
HB22-1205,2022,RS,Senate,2022-05-06,Senate Committee on Appropriations Refer Unamended - Consent Calendar to Senate Committee of the Whole,8
HB22-1205,2022,RS,Senate,2022-05-06,Senate Second Reading Special Order - Passed - No Amendments,9
HB22-1205,2022,RS,Senate,2022-05-09,Senate Third Reading Passed - No Amendments,10
HB22-1205,2022,RS,House,2022-06-01,Signed by the Speaker of the House,11
HB22-1205,2022,RS,Senate,2022-06-01,Signed by the President of the Senate,12
HB22-1205,2022,RS,Governor,2022-06-01,Sent to the Governor,13
HB22-1205,2022,RS,Governor,2022-06-08,Governor Signed,14
HB22-1206,2022,RS,House,2022-02-08,Introduced In House - Assigned to Judiciary,1
HB22-1206,2022,RS,House,2022-03-22,House Committee on Judiciary Postpone Indefinitely,2
HB22-1207,2022,RS,House,2022-02-08,Introduced In House - Assigned to Education,1
HB22-1207,2022,RS,House,2022-03-03,House Committee on Education Postpone Indefinitely,2
HB22-1208,2022,RS,House,2022-02-08,Introduced In House - Assigned to Judiciary,1
HB22-1208,2022,RS,House,2022-02-22,House Committee on Judiciary Refer Unamended to Appropriations,2
HB22-1208,2022,RS,House,2022-03-03,House Committee on Appropriations Refer Amended to House Committee of the Whole,3
HB22-1208,2022,RS,House,2022-03-03,House Second Reading Special Order - Passed with Amendments - Committee,4
HB22-1208,2022,RS,House,2022-03-04,House Third Reading Passed - No Amendments,5
HB22-1208,2022,RS,Senate,2022-03-07,Introduced In Senate - Assigned to Judiciary,6
HB22-1208,2022,RS,Senate,2022-03-16,Senate Committee on Judiciary Refer Unamended to Appropriations,7
HB22-1208,2022,RS,Senate,2022-04-01,Senate Committee on Appropriations Refer Unamended - Consent Calendar to Senate Committee of the Whole,8
HB22-1208,2022,RS,Senate,2022-04-01,Senate Second Reading Special Order - Passed - No Amendments,9
HB22-1208,2022,RS,Senate,2022-04-04,Senate Third Reading Passed - No Amendments,10
HB22-1208,2022,RS,House,2022-04-18,Signed by the Speaker of the House,11
HB22-1208,2022,RS,Senate,2022-04-18,Signed by the President of the Senate,12
HB22-1208,2022,RS,Governor,2022-04-19,Sent to the Governor,13
HB22-1208,2022,RS,Governor,2022-04-25,Governor Signed,14
HB22-1209,2022,RS,House,2022-02-08,Introduced In House - Assigned to Public & Behavioral Health & Human Services,1
HB22-1209,2022,RS,House,2022-03-04,House Committee on Public & Behavioral Health & Human Services Refer Unamended to House Committee of the Whole,2
HB22-1209,2022,RS,House,2022-03-08,House Second Reading Special Order - Passed - No Amendments,3
HB22-1209,2022,RS,House,2022-03-09,House Third Reading Passed - No Amendments,4
HB22-1209,2022,RS,Senate,2022-03-10,Introduced In Senate - Assigned to Health & Human Services,5
HB22-1209,2022,RS,Senate,2022-03-23,Senate Committee on Health & Human Services Refer Amended - Consent Calendar to Senate Committee of the Whole,6
HB22-1209,2022,RS,Senate,2022-03-28,Senate Second Reading Passed with Amendments - Committee,7
HB22-1209,2022,RS,Senate,2022-03-29,Senate Third Reading Passed - No Amendments,8
HB22-1209,2022,RS,House,2022-03-30,House Considered Senate Amendments - Result was to Laid Over Daily,9
HB22-1209,2022,RS,House,2022-03-31,House Considered Senate Amendments - Result was to Concur - Repass,10
HB22-1209,2022,RS,House,2022-04-07,Signed by the Speaker of the House,11
HB22-1209,2022,RS,Senate,2022-04-08,Signed by the President of the Senate,12
HB22-1209,2022,RS,Governor,2022-04-08,Sent to the Governor,13
HB22-1209,2022,RS,Governor,2022-04-12,Governor Signed,14
HB22-1210,2022,RS,House,2022-02-08,Introduced In House - Assigned to Judiciary,1
HB22-1210,2022,RS,House,2022-03-29,House Committee on Judiciary Refer Amended to Appropriations,2
HB22-1210,2022,RS,House,2022-04-08,House Committee on Appropriations Refer Amended to House Committee of the Whole,3
HB22-1210,2022,RS,House,2022-04-08,"House Second Reading Special Order - Passed with Amendments - Committee, Floor",4
HB22-1210,2022,RS,House,2022-04-11,House Third Reading Passed - No Amendments,5
HB22-1210,2022,RS,Senate,2022-04-13,Introduced In Senate - Assigned to Judiciary,6
HB22-1210,2022,RS,Senate,2022-04-20,Senate Committee on Judiciary Refer Unamended to Appropriations,7
HB22-1210,2022,RS,Senate,2022-04-25,Senate Committee on Appropriations Refer Unamended - Consent Calendar to Senate Committee of the Whole,8
HB22-1210,2022,RS,Senate,2022-04-25,Senate Second Reading Special Order - Passed - No Amendments,9
HB22-1210,2022,RS,Senate,2022-04-26,Senate Third Reading Passed - No Amendments,10
HB22-1210,2022,RS,House,2022-05-26,Signed by the Speaker of the House,11
HB22-1210,2022,RS,Senate,2022-05-31,Signed by the President of the Senate,12
HB22-1210,2022,RS,Governor,2022-05-31,Sent to the Governor,13
HB22-1210,2022,RS,Governor,2022-06-02,Governor Signed,14
HB22-1211,2022,RS,House,2022-02-08,Introduced In House - Assigned to Judiciary,1
HB22-1211,2022,RS,House,2022-02-23,House Committee on Judiciary Refer Unamended to House Committee of the Whole,2
HB22-1211,2022,RS,House,2022-02-28,House Second Reading Laid Over Daily - No Amendments,3
HB22-1211,2022,RS,House,2022-03-02,House Second Reading Passed with Amendments - Floor,4
HB22-1211,2022,RS,House,2022-03-03,House Third Reading Passed with Amendments - Floor,5
HB22-1211,2022,RS,Senate,2022-03-07,Introduced In Senate - Assigned to Judiciary,6
HB22-1211,2022,RS,Senate,2022-03-16,Senate Committee on Judiciary Refer Amended - Consent Calendar to Senate Committee of the Whole,7
HB22-1211,2022,RS,Senate,2022-03-21,Senate Second Reading Passed with Amendments - Committee,8
HB22-1211,2022,RS,Senate,2022-03-22,Senate Third Reading Passed - No Amendments,9
HB22-1211,2022,RS,House,2022-03-23,House Considered Senate Amendments - Result was to Concur - Repass,10
HB22-1211,2022,RS,House,2022-04-01,Signed by the Speaker of the House,11
HB22-1211,2022,RS,Governor,2022-04-04,Sent to the Governor,12
HB22-1211,2022,RS,Senate,2022-04-04,Signed by the President of the Senate,13
HB22-1211,2022,RS,Governor,2022-04-07,Governor Signed,14
HB22-1212,2022,RS,House,2022-02-08,Introduced In House - Assigned to Public & Behavioral Health & Human Services,1
HB22-1212,2022,RS,House,2022-03-01,House Committee on Public & Behavioral Health & Human Services Refer Amended to Finance,2
HB22-1212,2022,RS,House,2022-03-17,House Committee on Finance Refer Unamended to Appropriations,3
HB22-1212,2022,RS,House,2022-04-01,House Committee on Appropriations Refer Unamended to House Committee of the Whole,4
HB22-1212,2022,RS,House,2022-04-01,House Second Reading Special Order - Passed with Amendments - Committee,5
HB22-1212,2022,RS,House,2022-04-04,House Third Reading Laid Over Daily - No Amendments,6
HB22-1212,2022,RS,House,2022-04-06,House Third Reading Passed - No Amendments,7
HB22-1212,2022,RS,Senate,2022-04-07,Introduced In Senate - Assigned to Finance,8
HB22-1212,2022,RS,Senate,2022-04-20,Senate Committee on Finance Refer Unamended to Appropriations,9
HB22-1212,2022,RS,Senate,2022-04-25,Senate Committee on Appropriations Refer Unamended to Senate Committee of the Whole,10
HB22-1212,2022,RS,Senate,2022-04-27,Senate Second Reading Passed - No Amendments,11
HB22-1212,2022,RS,Senate,2022-04-28,Senate Third Reading Passed - No Amendments,12
HB22-1212,2022,RS,House,2022-05-23,Signed by the Speaker of the House,13
HB22-1212,2022,RS,Senate,2022-05-25,Signed by the President of the Senate,14
HB22-1212,2022,RS,Governor,2022-05-25,Sent to the Governor,15
HB22-1212,2022,RS,Governor,2022-05-26,Governor Signed,16
HB22-1213,2022,RS,House,2022-02-08,Introduced In House - Assigned to Public & Behavioral Health & Human Services,1
HB22-1213,2022,RS,House,2022-03-01,House Committee on Public & Behavioral Health & Human Services Refer Unamended to Finance,2
HB22-1213,2022,RS,House,2022-03-14,House Committee on Finance Refer Unamended to Appropriations,3
HB22-1213,2022,RS,House,2022-03-23,House Committee on Appropriations Refer Unamended to House Committee of the Whole,4
HB22-1213,2022,RS,House,2022-03-23,House Second Reading Special Order - Passed - No Amendments,5
HB22-1213,2022,RS,House,2022-03-24,House Third Reading Laid Over Daily - No Amendments,6
HB22-1213,2022,RS,House,2022-03-25,House Third Reading Passed - No Amendments,7
HB22-1213,2022,RS,Senate,2022-03-29,Introduced In Senate - Assigned to Finance,8
HB22-1213,2022,RS,Senate,2022-04-04,Senate Committee on Finance Refer Unamended to Appropriations,9
HB22-1213,2022,RS,Senate,2022-04-12,Senate Committee on Appropriations Refer Unamended - Consent Calendar to Senate Committee of the Whole,10
HB22-1213,2022,RS,Senate,2022-04-12,Senate Second Reading Special Order - Passed - No Amendments,11
HB22-1213,2022,RS,Senate,2022-04-13,Senate Third Reading Passed - No Amendments,12
HB22-1213,2022,RS,House,2022-05-14,Signed by the Speaker of the House,13
HB22-1213,2022,RS,Senate,2022-05-16,Signed by the President of the Senate,14
HB22-1213,2022,RS,Governor,2022-05-16,Sent to the Governor,15
HB22-1213,2022,RS,Governor,2022-05-31,Governor Signed,16
HB22-1214,2022,RS,House,2022-02-08,Introduced In House - Assigned to Public & Behavioral Health & Human Services,1
HB22-1214,2022,RS,House,2022-03-08,House Committee on Public & Behavioral Health & Human Services Refer Amended to House Committee of the Whole,2
HB22-1214,2022,RS,House,2022-03-11,House Second Reading Passed with Amendments - Committee,3
HB22-1214,2022,RS,House,2022-03-14,House Third Reading Passed - No Amendments,4
HB22-1214,2022,RS,Senate,2022-03-15,Introduced In Senate - Assigned to Health & Human Services,5
HB22-1214,2022,RS,Senate,2022-03-28,Senate Committee on Health & Human Services Refer Unamended to Senate Committee of the Whole,6
HB22-1214,2022,RS,Senate,2022-03-31,Senate Second Reading Laid Over Daily - No Amendments,7
HB22-1214,2022,RS,Senate,2022-04-01,Senate Second Reading Passed with Amendments - Floor,8
HB22-1214,2022,RS,Senate,2022-04-04,Senate Third Reading Passed - No Amendments,9
HB22-1214,2022,RS,Senate,2022-04-05,House Considered Senate Amendments - Result was to Concur - Repass,10
HB22-1214,2022,RS,House,2022-04-18,Signed by the Speaker of the House,11
HB22-1214,2022,RS,Senate,2022-04-18,Signed by the President of the Senate,12
HB22-1214,2022,RS,Governor,2022-04-19,Sent to the Governor,13
HB22-1214,2022,RS,Governor,2022-04-27,Governor Signed,14
HB22-1215,2022,RS,House,2022-02-08,Introduced In House - Assigned to Education,1
HB22-1215,2022,RS,House,2022-04-13,House Committee on Education Refer Amended to Appropriations,2
HB22-1215,2022,RS,House,2022-04-22,House Committee on Appropriations Refer Amended to House Committee of the Whole,3
HB22-1215,2022,RS,House,2022-04-22,House Second Reading Special Order - Passed with Amendments - Committee,4
HB22-1215,2022,RS,House,2022-04-25,House Third Reading Passed - No Amendments,5
HB22-1215,2022,RS,Senate,2022-04-25,Introduced In Senate - Assigned to Education,6
HB22-1215,2022,RS,Senate,2022-04-28,Senate Committee on Education Refer Unamended to Appropriations,7
HB22-1215,2022,RS,Senate,2022-05-03,Senate Committee on Appropriations Refer Unamended to Senate Committee of the Whole,8
HB22-1215,2022,RS,Senate,2022-05-03,Senate Second Reading Laid Over Daily - No Amendments,9
HB22-1215,2022,RS,Senate,2022-05-04,Senate Second Reading Special Order - Passed - No Amendments,10
HB22-1215,2022,RS,Senate,2022-05-05,Senate Third Reading Passed - No Amendments,11
HB22-1215,2022,RS,House,2022-05-26,Signed by the Speaker of the House,12
HB22-1215,2022,RS,Senate,2022-05-31,Signed by the President of the Senate,13
HB22-1215,2022,RS,Governor,2022-05-31,Sent to the Governor,14
HB22-1215,2022,RS,Governor,2022-06-03,Governor Signed,15
HB22-1216,2022,RS,House,2022-02-09,Introduced In House - Assigned to Judiciary,1
HB22-1216,2022,RS,House,2022-04-06,House Committee on Judiciary Postpone Indefinitely,2
HB22-1217,2022,RS,House,2022-02-09,Introduced In House - Assigned to Judiciary,1
HB22-1217,2022,RS,House,2022-02-22,House Committee on Judiciary Refer Amended to Appropriations,2
HB22-1217,2022,RS,House,2022-03-23,House Committee on Appropriations Refer Amended to House Committee of the Whole,3
HB22-1217,2022,RS,House,2022-03-23,House Second Reading Special Order - Passed with Amendments - Committee,4
HB22-1217,2022,RS,House,2022-03-24,House Third Reading Laid Over Daily - No Amendments,5
HB22-1217,2022,RS,House,2022-03-25,House Third Reading Passed - No Amendments,6
HB22-1217,2022,RS,Senate,2022-03-29,Introduced In Senate - Assigned to Judiciary,7
HB22-1217,2022,RS,Senate,2022-04-14,Senate Committee on Judiciary Refer Unamended to Appropriations,8
HB22-1217,2022,RS,Senate,2022-05-04,Senate Committee on Appropriations Refer Amended to Senate Committee of the Whole,9
HB22-1217,2022,RS,Senate,2022-05-04,Senate Second Reading Special Order - Passed with Amendments - Committee,10
HB22-1217,2022,RS,Senate,2022-05-05,Senate Third Reading Passed - No Amendments,11
HB22-1217,2022,RS,House,2022-05-09,House Considered Senate Amendments - Result was to Laid Over Daily,12
HB22-1217,2022,RS,House,2022-05-10,House Considered Senate Amendments - Result was to Concur - Repass,13
HB22-1217,2022,RS,House,2022-06-03,Signed by the Speaker of the House,14
HB22-1217,2022,RS,Senate,2022-06-06,Signed by the President of the Senate,15
HB22-1217,2022,RS,Governor,2022-06-06,Sent to the Governor,16
HB22-1217,2022,RS,Governor,2022-06-07,Governor Signed,17
HB22-1218,2022,RS,House,2022-02-09,Introduced In House - Assigned to Business Affairs & Labor,1
HB22-1218,2022,RS,House,2022-02-16,House Committee on Business Affairs & Labor Refer Unamended to Energy & Environment,2
HB22-1218,2022,RS,House,2022-04-14,House Committee on Energy & Environment Refer Amended to House Committee of the Whole,3
HB22-1218,2022,RS,House,2022-04-19,House Second Reading Special Order - Passed with Amendments - Committee,4
HB22-1218,2022,RS,House,2022-04-20,House Third Reading Passed - No Amendments,5
HB22-1218,2022,RS,Senate,2022-04-22,Introduced In Senate - Assigned to Transportation & Energy,6
HB22-1218,2022,RS,Senate,2022-04-26,Senate Committee on Transportation & Energy Refer Amended to Senate Committee of the Whole,7
HB22-1218,2022,RS,Senate,2022-04-28,Senate Second Reading Laid Over to 05/02/2022 - No Amendments,8
HB22-1218,2022,RS,Senate,2022-04-29,"Senate Second Reading Special Order - Passed with Amendments - Committee, Floor",9
HB22-1218,2022,RS,Senate,2022-05-02,Senate Third Reading Laid Over Daily - No Amendments,10
HB22-1218,2022,RS,Senate,2022-05-04,Senate Third Reading Passed with Amendments - Floor,11
HB22-1218,2022,RS,House,2022-05-06,House Considered Senate Amendments - Result was to Laid Over Daily,12
HB22-1218,2022,RS,House,2022-05-10,House Considered Senate Amendments - Result was to Concur - Repass,13
HB22-1218,2022,RS,House,2022-05-20,Signed by the Speaker of the House,14
HB22-1218,2022,RS,Senate,2022-05-20,Signed by the President of the Senate,15
HB22-1218,2022,RS,Governor,2022-05-20,Sent to the Governor,16
HB22-1218,2022,RS,Governor,2022-06-07,Governor Vetoed,17
HB22-1219,2022,RS,House,2022-02-09,"Introduced In House - Assigned to State, Civic, Military, & Veterans Affairs",1
HB22-1219,2022,RS,House,2022-03-07,"House Committee on State, Civic, Military, & Veterans Affairs Refer Amended to Appropriations",2
HB22-1219,2022,RS,House,2022-05-12,House Committee on Appropriations Lay Over Unamended - Amendment(s) Failed,3
HB22-1220,2022,RS,House,2022-02-10,Introduced In House - Assigned to Education,1
HB22-1220,2022,RS,House,2022-03-02,House Committee on Education Refer Amended to Appropriations,2
HB22-1220,2022,RS,House,2022-03-29,House Committee on Appropriations Re-Refer Unamended to Education,3
HB22-1220,2022,RS,House,2022-04-07,House Committee on Education Re-Refer Amended to Appropriations,4
HB22-1220,2022,RS,House,2022-04-21,House Committee on Appropriations Refer Amended to House Committee of the Whole,5
HB22-1220,2022,RS,House,2022-04-21,"House Second Reading Special Order - Passed with Amendments - Committee, Floor",6
HB22-1220,2022,RS,House,2022-04-22,House Third Reading Passed - No Amendments,7
HB22-1220,2022,RS,Senate,2022-04-22,Introduced In Senate - Assigned to Education,8
HB22-1220,2022,RS,Senate,2022-04-28,Senate Committee on Education Refer Amended to Appropriations,9
HB22-1220,2022,RS,Senate,2022-05-03,Senate Committee on Appropriations Refer Unamended to Senate Committee of the Whole,10
HB22-1220,2022,RS,Senate,2022-05-03,Senate Second Reading Laid Over Daily - No Amendments,11
HB22-1220,2022,RS,Senate,2022-05-04,Senate Second Reading Special Order - Passed with Amendments - Committee,12
HB22-1220,2022,RS,Senate,2022-05-05,Senate Third Reading Passed - No Amendments,13
HB22-1220,2022,RS,House,2022-05-09,House Considered Senate Amendments - Result was to Laid Over Daily,14
HB22-1220,2022,RS,House,2022-05-10,House Considered Senate Amendments - Result was to Concur - Repass,15
HB22-1220,2022,RS,House,2022-05-20,Signed by the Speaker of the House,16
HB22-1220,2022,RS,Senate,2022-05-20,Signed by the President of the Senate,17
HB22-1220,2022,RS,Governor,2022-05-20,Sent to the Governor,18
HB22-1220,2022,RS,Governor,2022-05-26,Governor Signed,19
HB22-1221,2022,RS,House,2022-02-10,Introduced In House - Assigned to Public & Behavioral Health & Human Services,1
HB22-1221,2022,RS,House,2022-03-04,House Committee on Public & Behavioral Health & Human Services Refer Unamended to Appropriations,2
HB22-1221,2022,RS,House,2022-05-05,House Committee on Appropriations Refer Amended to House Committee of the Whole,3
HB22-1221,2022,RS,House,2022-05-05,House Second Reading Special Order - Passed with Amendments - Committee,4
HB22-1221,2022,RS,House,2022-05-06,House Third Reading Passed - No Amendments,5
HB22-1221,2022,RS,Senate,2022-05-06,Introduced In Senate - Assigned to Appropriations,6
HB22-1221,2022,RS,Senate,2022-05-06,Senate Committee on Appropriations Refer Unamended to Senate Committee of the Whole,7
HB22-1221,2022,RS,Senate,2022-05-06,Senate Second Reading Special Order - Passed - No Amendments,8
HB22-1221,2022,RS,Senate,2022-05-09,Senate Third Reading Passed - No Amendments,9
HB22-1221,2022,RS,House,2022-05-26,Signed by the Speaker of the House,10
HB22-1221,2022,RS,Senate,2022-05-27,Signed by the President of the Senate,11
HB22-1221,2022,RS,Governor,2022-05-27,Sent to the Governor,12
HB22-1221,2022,RS,Governor,2022-05-27,Governor Vetoed,13
HB22-1222,2022,RS,House,2022-02-10,Introduced In House - Assigned to Business Affairs & Labor,1
HB22-1222,2022,RS,House,2022-03-17,House Committee on Business Affairs & Labor Refer Amended to House Committee of the Whole,2
HB22-1222,2022,RS,House,2022-03-18,House Second Reading Special Order - Passed with Amendments - Committee,3
HB22-1222,2022,RS,House,2022-03-21,House Third Reading Passed - No Amendments,4
HB22-1222,2022,RS,Senate,2022-03-23,"Introduced In Senate - Assigned to Business, Labor, & Technology",5
HB22-1222,2022,RS,Senate,2022-04-04,"Senate Committee on Business, Labor, & Technology Refer Unamended - Consent Calendar to Senate Committee of the Whole",6
HB22-1222,2022,RS,Senate,2022-04-06,Senate Second Reading Special Order - Passed - No Amendments,7
HB22-1222,2022,RS,Senate,2022-04-07,Senate Third Reading Passed - No Amendments,8
HB22-1222,2022,RS,House,2022-04-18,Signed by the Speaker of the House,9
HB22-1222,2022,RS,Senate,2022-04-18,Signed by the President of the Senate,10
HB22-1222,2022,RS,Governor,2022-04-19,Sent to the Governor,11
HB22-1222,2022,RS,Governor,2022-04-21,Governor Signed,12
HB22-1223,2022,RS,House,2022-02-10,Introduced In House - Assigned to Transportation & Local Government,1
HB22-1223,2022,RS,House,2022-03-01,House Committee on Transportation & Local Government Refer Amended to Appropriations,2
HB22-1223,2022,RS,House,2022-05-05,House Committee on Appropriations Refer Amended to House Committee of the Whole,3
HB22-1223,2022,RS,House,2022-05-05,House Second Reading Special Order - Passed with Amendments - Committee,4
HB22-1223,2022,RS,House,2022-05-06,House Third Reading Passed - No Amendments,5
HB22-1223,2022,RS,Senate,2022-05-06,Introduced In Senate - Assigned to Appropriations,6
HB22-1223,2022,RS,Senate,2022-05-09,Senate Committee on Appropriations Refer Unamended - Consent Calendar to Senate Committee of the Whole,7
HB22-1223,2022,RS,Senate,2022-05-09,Senate Second Reading Special Order - Passed - No Amendments,8
HB22-1223,2022,RS,Senate,2022-05-10,Senate Third Reading Passed - No Amendments,9
HB22-1223,2022,RS,House,2022-05-23,Signed by the Speaker of the House,10
HB22-1223,2022,RS,Senate,2022-05-25,Signed by the President of the Senate,11
HB22-1223,2022,RS,Governor,2022-05-25,Sent to the Governor,12
HB22-1223,2022,RS,Governor,2022-06-02,Governor Signed,13
HB22-1224,2022,RS,House,2022-02-10,Introduced In House - Assigned to Judiciary,1
HB22-1224,2022,RS,House,2022-03-09,House Committee on Judiciary Refer Amended to House Committee of the Whole,2
HB22-1224,2022,RS,House,2022-03-14,House Second Reading Laid Over Daily - No Amendments,3
HB22-1224,2022,RS,House,2022-03-15,House Second Reading Passed with Amendments - Committee,4
HB22-1224,2022,RS,House,2022-03-16,House Third Reading Passed - No Amendments,5
HB22-1224,2022,RS,Senate,2022-03-18,Introduced In Senate - Assigned to Judiciary,6
HB22-1224,2022,RS,Senate,2022-03-31,Senate Committee on Judiciary Refer Unamended - Consent Calendar to Senate Committee of the Whole,7
HB22-1224,2022,RS,Senate,2022-04-04,Senate Second Reading Special Order - Passed - No Amendments,8
HB22-1224,2022,RS,Senate,2022-04-05,Senate Third Reading Passed - No Amendments,9
HB22-1224,2022,RS,House,2022-04-18,Signed by the Speaker of the House,10
HB22-1224,2022,RS,Senate,2022-04-18,Signed by the President of the Senate,11
HB22-1224,2022,RS,Governor,2022-04-19,Sent to the Governor,12
HB22-1224,2022,RS,Governor,2022-04-21,Governor Signed,13
HB22-1225,2022,RS,House,2022-02-11,Introduced In House - Assigned to Energy & Environment,1
HB22-1225,2022,RS,House,2022-03-02,House Committee on Energy & Environment Refer Unamended to Appropriations,2
HB22-1225,2022,RS,House,2022-03-11,House Committee on Appropriations Refer Unamended to House Committee of the Whole,3
HB22-1225,2022,RS,House,2022-03-14,House Second Reading Laid Over Daily - No Amendments,4
HB22-1225,2022,RS,House,2022-03-15,House Second Reading Passed - No Amendments,5
HB22-1225,2022,RS,House,2022-03-16,House Third Reading Passed - No Amendments,6
HB22-1225,2022,RS,Senate,2022-03-21,Introduced In Senate - Assigned to Local Government,7
HB22-1225,2022,RS,Senate,2022-04-12,Senate Committee on Local Government Refer Unamended to Appropriations,8
HB22-1225,2022,RS,Senate,2022-04-19,Senate Committee on Appropriations Refer Unamended to Senate Committee of the Whole,9
HB22-1225,2022,RS,Senate,2022-04-21,Senate Second Reading Passed - No Amendments,10
HB22-1225,2022,RS,Senate,2022-04-22,Senate Third Reading Passed - No Amendments,11
HB22-1225,2022,RS,House,2022-05-17,Signed by the Speaker of the House,12
HB22-1225,2022,RS,Senate,2022-05-17,Signed by the President of the Senate,13
HB22-1225,2022,RS,Governor,2022-05-17,Sent to the Governor,14
HB22-1225,2022,RS,Governor,2022-06-02,Governor Signed,15
HB22-1226,2022,RS,House,2022-02-11,Introduced In House - Assigned to Judiciary,1
HB22-1226,2022,RS,House,2022-03-02,House Committee on Judiciary Refer Amended to House Committee of the Whole,2
HB22-1226,2022,RS,House,2022-03-07,House Second Reading Passed with Amendments - Committee,3
HB22-1226,2022,RS,House,2022-03-08,House Third Reading Passed - No Amendments,4
HB22-1226,2022,RS,Senate,2022-03-11,Introduced In Senate - Assigned to Judiciary,5
HB22-1226,2022,RS,Senate,2022-03-24,Senate Committee on Judiciary Refer Unamended - Consent Calendar to Senate Committee of the Whole,6
HB22-1226,2022,RS,Senate,2022-03-29,Senate Second Reading Passed - No Amendments,7
HB22-1226,2022,RS,Senate,2022-03-30,Senate Third Reading Passed - No Amendments,8
HB22-1226,2022,RS,House,2022-04-07,Signed by the Speaker of the House,9
HB22-1226,2022,RS,Senate,2022-04-08,Signed by the President of the Senate,10
HB22-1226,2022,RS,Governor,2022-04-08,Sent to the Governor,11
HB22-1226,2022,RS,Governor,2022-04-12,Governor Signed,12
HB22-1227,2022,RS,House,2022-02-11,Introduced In House - Assigned to Health & Insurance,1
HB22-1227,2022,RS,House,2022-03-08,House Committee on Health & Insurance Refer Unamended to House Committee of the Whole,2
HB22-1227,2022,RS,House,2022-03-11,House Second Reading Passed - No Amendments,3
HB22-1227,2022,RS,House,2022-03-14,House Third Reading Passed - No Amendments,4
HB22-1227,2022,RS,Senate,2022-03-15,Introduced In Senate - Assigned to Health & Human Services,5
HB22-1227,2022,RS,Senate,2022-03-28,Senate Committee on Health & Human Services Refer Unamended - Consent Calendar to Senate Committee of the Whole,6
HB22-1227,2022,RS,Senate,2022-03-30,Senate Second Reading Special Order - Passed - No Amendments,7
HB22-1227,2022,RS,Senate,2022-03-31,Senate Third Reading Passed - No Amendments,8
HB22-1227,2022,RS,House,2022-04-07,Signed by the Speaker of the House,9
HB22-1227,2022,RS,Senate,2022-04-08,Signed by the President of the Senate,10
HB22-1227,2022,RS,Governor,2022-04-08,Sent to the Governor,11
HB22-1227,2022,RS,Governor,2022-04-12,Governor Signed,12
HB22-1228,2022,RS,House,2022-02-11,Introduced In House - Assigned to Judiciary,1
HB22-1228,2022,RS,House,2022-02-23,House Committee on Judiciary Refer Amended to House Committee of the Whole,2
HB22-1228,2022,RS,House,2022-02-28,House Second Reading Laid Over Daily - No Amendments,3
HB22-1228,2022,RS,House,2022-03-01,House Second Reading Laid Over to 03/03/2022 - No Amendments,4
HB22-1228,2022,RS,House,2022-03-03,"House Second Reading Special Order - Passed with Amendments - Committee, Floor",5
HB22-1228,2022,RS,House,2022-03-04,House Third Reading Passed - No Amendments,6
HB22-1228,2022,RS,Senate,2022-03-07,Introduced In Senate - Assigned to Judiciary,7
HB22-1228,2022,RS,Senate,2022-03-24,Senate Committee on Judiciary Refer Unamended to Finance,8
HB22-1228,2022,RS,Senate,2022-04-13,Senate Committee on Finance Refer Unamended to Appropriations,9
HB22-1228,2022,RS,Senate,2022-04-21,Senate Committee on Appropriations Refer Amended - Consent Calendar to Senate Committee of the Whole,10
HB22-1228,2022,RS,Senate,2022-04-21,Senate Second Reading Special Order - Passed with Amendments - Committee,11
HB22-1228,2022,RS,Senate,2022-04-22,Senate Third Reading Passed - No Amendments,12
HB22-1228,2022,RS,House,2022-04-25,House Considered Senate Amendments - Result was to Laid Over Daily,13
HB22-1228,2022,RS,House,2022-04-28,House Considered Senate Amendments - Result was to Concur - Repass,14
HB22-1228,2022,RS,House,2022-05-26,Signed by the Speaker of the House,15
HB22-1228,2022,RS,Senate,2022-05-31,Signed by the President of the Senate,16
HB22-1228,2022,RS,Governor,2022-05-31,Sent to the Governor,17
HB22-1228,2022,RS,Governor,2022-06-02,Governor Signed,18
HB22-1229,2022,RS,House,2022-02-11,Introduced In House - Assigned to Judiciary,1
HB22-1229,2022,RS,House,2022-02-15,House Committee on Judiciary Refer Unamended to Appropriations,2
HB22-1229,2022,RS,House,2022-03-03,House Committee on Appropriations Refer Amended to House Committee of the Whole,3
HB22-1229,2022,RS,House,2022-03-03,"House Second Reading Special Order - Passed with Amendments - Committee, Floor",4
HB22-1229,2022,RS,House,2022-03-04,House Third Reading Passed - No Amendments,5
HB22-1229,2022,RS,Senate,2022-03-07,Introduced In Senate - Assigned to Judiciary,6
HB22-1229,2022,RS,Senate,2022-03-10,Senate Committee on Judiciary Refer Amended to Appropriations,7
HB22-1229,2022,RS,Senate,2022-03-18,Senate Committee on Appropriations Refer Unamended - Consent Calendar to Senate Committee of the Whole,8
HB22-1229,2022,RS,Senate,2022-03-18,Senate Second Reading Special Order - Passed with Amendments - Committee,9
HB22-1229,2022,RS,Senate,2022-03-21,Senate Third Reading Passed - No Amendments,10
HB22-1229,2022,RS,House,2022-03-22,House Considered Senate Amendments - Result was to Laid Over Daily,11
HB22-1229,2022,RS,House,2022-03-23,House Considered Senate Amendments - Result was to Concur - Repass,12
HB22-1229,2022,RS,House,2022-04-01,Signed by the Speaker of the House,13
HB22-1229,2022,RS,Governor,2022-04-04,Sent to the Governor,14
HB22-1229,2022,RS,Senate,2022-04-04,Signed by the President of the Senate,15
HB22-1229,2022,RS,Governor,2022-04-07,Governor Signed,16
HB22-1230,2022,RS,House,2022-02-11,Introduced In House - Assigned to Business Affairs & Labor,1
HB22-1230,2022,RS,House,2022-03-09,House Committee on Business Affairs & Labor Witness Testimony and/or Committee Discussion Only,2
HB22-1230,2022,RS,House,2022-03-17,House Committee on Business Affairs & Labor Refer Amended to Appropriations,3
HB22-1230,2022,RS,House,2022-05-03,House Committee on Appropriations Refer Amended to House Committee of the Whole,4
HB22-1230,2022,RS,House,2022-05-03,House Second Reading Special Order - Passed with Amendments - Committee,5
HB22-1230,2022,RS,House,2022-05-04,House Third Reading Passed - No Amendments,6
HB22-1230,2022,RS,Senate,2022-05-04,Introduced In Senate - Assigned to Appropriations,7
HB22-1230,2022,RS,Senate,2022-05-09,Senate Committee on Appropriations Refer Amended to Senate Committee of the Whole,8
HB22-1230,2022,RS,Senate,2022-05-09,Senate Second Reading Special Order - Passed - No Amendments,9
HB22-1230,2022,RS,Senate,2022-05-10,Senate Third Reading Passed - No Amendments,10
HB22-1230,2022,RS,House,2022-05-14,Signed by the Speaker of the House,11
HB22-1230,2022,RS,Senate,2022-05-16,Signed by the President of the Senate,12
HB22-1230,2022,RS,Governor,2022-05-16,Sent to the Governor,13
HB22-1230,2022,RS,Governor,2022-05-16,Governor Signed,14
HB22-1231,2022,RS,House,2022-02-11,Introduced In House - Assigned to Public & Behavioral Health & Human Services,1
HB22-1231,2022,RS,House,2022-03-04,House Committee on Public & Behavioral Health & Human Services Refer Amended to House Committee of the Whole,2
HB22-1231,2022,RS,House,2022-03-08,House Second Reading Special Order - Passed with Amendments - Committee,3
HB22-1231,2022,RS,House,2022-03-09,House Third Reading Laid Over Daily - No Amendments,4
HB22-1231,2022,RS,House,2022-03-11,House Third Reading Passed - No Amendments,5
HB22-1231,2022,RS,Senate,2022-03-14,Introduced In Senate - Assigned to Health & Human Services,6
HB22-1231,2022,RS,Senate,2022-03-30,Senate Committee on Health & Human Services Refer Amended - Consent Calendar to Senate Committee of the Whole,7
HB22-1231,2022,RS,Senate,2022-04-01,Senate Second Reading Special Order - Passed with Amendments - Committee,8
HB22-1231,2022,RS,Senate,2022-04-04,Senate Third Reading Passed - No Amendments,9
HB22-1231,2022,RS,House,2022-04-05,House Considered Senate Amendments - Result was to Laid Over to 04/08/2022,10
HB22-1231,2022,RS,House,2022-04-08,House Considered Senate Amendments - Result was to Concur - Repass,11
HB22-1231,2022,RS,House,2022-04-28,Signed by the Speaker of the House,12
HB22-1231,2022,RS,Senate,2022-04-29,Signed by the President of the Senate,13
HB22-1231,2022,RS,Governor,2022-04-29,Sent to the Governor,14
HB22-1231,2022,RS,Governor,2022-05-03,Governor Signed,15
HB22-1232,2022,RS,House,2022-02-11,Introduced In House - Assigned to Energy & Environment,1
HB22-1232,2022,RS,House,2022-03-02,House Committee on Energy & Environment Refer Unamended to Finance,2
HB22-1232,2022,RS,House,2022-03-17,House Committee on Finance Refer Unamended to Appropriations,3
HB22-1232,2022,RS,House,2022-04-01,House Committee on Appropriations Refer Unamended to House Committee of the Whole,4
HB22-1232,2022,RS,House,2022-04-01,House Second Reading Special Order - Passed - No Amendments,5
HB22-1232,2022,RS,House,2022-04-04,House Third Reading Passed - No Amendments,6
HB22-1232,2022,RS,Senate,2022-04-05,Introduced In Senate - Assigned to Finance,7
HB22-1232,2022,RS,Senate,2022-04-13,Senate Committee on Finance Refer Amended to Appropriations,8
HB22-1232,2022,RS,Senate,2022-04-21,Senate Committee on Appropriations Refer Unamended to Senate Committee of the Whole,9
HB22-1232,2022,RS,Senate,2022-04-25,Senate Second Reading Passed with Amendments - Committee,10
HB22-1232,2022,RS,Senate,2022-04-26,Senate Third Reading Passed - No Amendments,11
HB22-1232,2022,RS,House,2022-04-27,House Considered Senate Amendments - Result was to Laid Over Daily,12
HB22-1232,2022,RS,House,2022-04-28,House Considered Senate Amendments - Result was to Concur - Repass,13
HB22-1232,2022,RS,House,2022-06-01,Signed by the Speaker of the House,14
HB22-1232,2022,RS,Senate,2022-06-01,Signed by the President of the Senate,15
HB22-1232,2022,RS,Governor,2022-06-01,Sent to the Governor,16
HB22-1232,2022,RS,Governor,2022-06-03,Governor Signed,17
HB22-1233,2022,RS,House,2022-02-11,Introduced In House - Assigned to Health & Insurance,1
HB22-1233,2022,RS,House,2022-04-06,House Committee on Health & Insurance Refer Amended to Finance,2
HB22-1233,2022,RS,House,2022-04-14,House Committee on Finance Refer Amended to Appropriations,3
HB22-1233,2022,RS,House,2022-04-21,House Committee on Appropriations Refer Unamended to House Committee of the Whole,4
HB22-1233,2022,RS,House,2022-04-21,"House Second Reading Special Order - Laid Over Daily with Amendments - Committee, Floor",5
HB22-1233,2022,RS,House,2022-04-22,"House Second Reading Special Order - Passed with Amendments - Committee, Floor",6
HB22-1233,2022,RS,House,2022-04-25,House Third Reading Passed - No Amendments,7
HB22-1233,2022,RS,Senate,2022-04-25,Introduced In Senate - Assigned to Finance,8
HB22-1233,2022,RS,Senate,2022-05-02,Senate Committee on Finance Refer Amended to Appropriations,9
HB22-1233,2022,RS,Senate,2022-05-05,Senate Committee on Appropriations Refer Unamended to Senate Committee of the Whole,10
HB22-1233,2022,RS,Senate,2022-05-05,Senate Second Reading Special Order - Laid Over Daily with Amendments - Committee,11
HB22-1233,2022,RS,Senate,2022-05-06,Senate Second Reading Special Order - Passed with Amendments - Committee,12
HB22-1233,2022,RS,Senate,2022-05-09,Senate Third Reading Passed - No Amendments,13
HB22-1233,2022,RS,House,2022-05-10,House Considered Senate Amendments - Result was to Concur - Repass,14
HB22-1233,2022,RS,Senate,2022-05-23,Signed by the President of the Senate,15
HB22-1233,2022,RS,House,2022-05-25,Signed by the Speaker of the House,16
HB22-1233,2022,RS,Governor,2022-05-25,Sent to the Governor,17
HB22-1233,2022,RS,Governor,2022-06-07,Governor Signed,18
HB22-1234,2022,RS,House,2022-02-11,Introduced In House - Assigned to Judiciary,1
HB22-1234,2022,RS,House,2022-03-02,House Committee on Judiciary Refer Amended to Appropriations,2
HB22-1234,2022,RS,House,2022-03-18,House Committee on Appropriations Refer Amended to House Committee of the Whole,3
HB22-1234,2022,RS,House,2022-03-22,House Second Reading Laid Over Daily - No Amendments,4
HB22-1234,2022,RS,House,2022-03-23,"House Second Reading Passed with Amendments - Committee, Floor",5
HB22-1234,2022,RS,House,2022-03-24,House Third Reading Laid Over Daily - No Amendments,6
HB22-1234,2022,RS,House,2022-03-25,House Third Reading Passed - No Amendments,7
HB22-1234,2022,RS,Senate,2022-03-29,Introduced In Senate - Assigned to Judiciary,8
HB22-1234,2022,RS,Senate,2022-04-20,Senate Committee on Judiciary Refer Unamended to Appropriations,9
HB22-1234,2022,RS,Senate,2022-04-25,Senate Committee on Appropriations Refer Unamended to Senate Committee of the Whole,10
HB22-1234,2022,RS,Senate,2022-04-27,Senate Second Reading Passed - No Amendments,11
HB22-1234,2022,RS,Senate,2022-04-28,Senate Third Reading Passed - No Amendments,12
HB22-1234,2022,RS,House,2022-05-06,Signed by the Speaker of the House,13
HB22-1234,2022,RS,Senate,2022-05-09,Signed by the President of the Senate,14
HB22-1234,2022,RS,Governor,2022-05-09,Sent to the Governor,15
HB22-1234,2022,RS,Governor,2022-05-19,Governor Signed,16
HB22-1235,2022,RS,House,2022-02-11,"Introduced In House - Assigned to Agriculture, Livestock, & Water",1
HB22-1235,2022,RS,House,2022-03-07,"House Committee on Agriculture, Livestock, & Water Refer Amended to Finance",2
HB22-1235,2022,RS,House,2022-03-17,House Committee on Finance Refer Unamended to Appropriations,3
HB22-1235,2022,RS,House,2022-04-08,House Committee on Appropriations Refer Amended to House Committee of the Whole,4
HB22-1235,2022,RS,House,2022-04-08,"House Second Reading Special Order - Passed with Amendments - Committee, Floor",5
HB22-1235,2022,RS,House,2022-04-11,House Third Reading Passed - No Amendments,6
HB22-1235,2022,RS,Senate,2022-04-18,Introduced In Senate - Assigned to Finance,7
HB22-1235,2022,RS,Senate,2022-04-27,Senate Committee on Finance Refer Unamended to Appropriations,8
HB22-1235,2022,RS,Senate,2022-05-03,Senate Committee on Appropriations Refer Unamended to Senate Committee of the Whole,9
HB22-1235,2022,RS,Senate,2022-05-03,Senate Second Reading Laid Over Daily - No Amendments,10
HB22-1235,2022,RS,Senate,2022-05-04,Senate Second Reading Special Order - Passed - No Amendments,11
HB22-1235,2022,RS,Senate,2022-05-05,Senate Third Reading Passed - No Amendments,12
HB22-1235,2022,RS,House,2022-06-03,Signed by the Speaker of the House,13
HB22-1235,2022,RS,Senate,2022-06-06,Signed by the President of the Senate,14
HB22-1235,2022,RS,Governor,2022-06-06,Sent to the Governor,15
HB22-1235,2022,RS,Governor,2022-06-08,Governor Signed,16
HB22-1236,2022,RS,House,2022-02-15,Introduced In House - Assigned to Health & Insurance,1
HB22-1236,2022,RS,House,2022-03-23,House Committee on Health & Insurance Postpone Indefinitely,2
HB22-1237,2022,RS,House,2022-02-15,Introduced In House - Assigned to Judiciary,1
HB22-1237,2022,RS,House,2022-03-01,House Committee on Judiciary Refer Unamended to House Committee of the Whole,2
HB22-1237,2022,RS,House,2022-03-03,House Second Reading Special Order - Passed - No Amendments,3
HB22-1237,2022,RS,House,2022-03-04,House Third Reading Passed - No Amendments,4
HB22-1237,2022,RS,Senate,2022-03-07,Introduced In Senate - Assigned to Judiciary,5
HB22-1237,2022,RS,Senate,2022-03-31,Senate Committee on Judiciary Refer Unamended - Consent Calendar to Senate Committee of the Whole,6
HB22-1237,2022,RS,Senate,2022-04-04,Senate Second Reading Special Order - Passed - No Amendments,7
HB22-1237,2022,RS,Senate,2022-04-05,Senate Third Reading Passed - No Amendments,8
HB22-1237,2022,RS,House,2022-04-18,Signed by the Speaker of the House,9
HB22-1237,2022,RS,Senate,2022-04-18,Signed by the President of the Senate,10
HB22-1237,2022,RS,Governor,2022-04-19,Sent to the Governor,11
HB22-1237,2022,RS,Governor,2022-04-21,Governor Signed,12
HB22-1238,2022,RS,House,2022-02-15,"Introduced In House - Assigned to State, Civic, Military, & Veterans Affairs",1
HB22-1238,2022,RS,House,2022-03-28,"House Committee on State, Civic, Military, & Veterans Affairs Postpone Indefinitely",2
HB22-1239,2022,RS,House,2022-02-16,Introduced In House - Assigned to Transportation & Local Government,1
HB22-1239,2022,RS,House,2022-03-09,House Committee on Transportation & Local Government Refer Amended to Finance,2
HB22-1239,2022,RS,House,2022-03-21,House Committee on Finance Postpone Indefinitely,3
HB22-1240,2022,RS,House,2022-02-16,Introduced In House - Assigned to Judiciary,1
HB22-1240,2022,RS,House,2022-03-02,House Committee on Judiciary Witness Testimony and/or Committee Discussion Only,2
HB22-1240,2022,RS,House,2022-03-22,House Committee on Judiciary Refer Amended to Appropriations,3
HB22-1240,2022,RS,House,2022-04-28,House Committee on Appropriations Refer Amended to House Committee of the Whole,4
HB22-1240,2022,RS,House,2022-04-28,"House Second Reading Special Order - Passed with Amendments - Committee, Floor",5
HB22-1240,2022,RS,House,2022-04-29,House Third Reading Passed - No Amendments,6
HB22-1240,2022,RS,Senate,2022-04-29,Introduced In Senate - Assigned to Judiciary,7
HB22-1240,2022,RS,Senate,2022-05-03,Senate Committee on Judiciary Refer Unamended to Appropriations,8
HB22-1240,2022,RS,Senate,2022-05-06,Senate Committee on Appropriations Refer Unamended to Senate Committee of the Whole,9
HB22-1240,2022,RS,Senate,2022-05-06,Senate Second Reading Special Order - Passed - No Amendments,10
HB22-1240,2022,RS,Senate,2022-05-09,Senate Third Reading Passed - No Amendments,11
HB22-1240,2022,RS,House,2022-05-26,Signed by the Speaker of the House,12
HB22-1240,2022,RS,Senate,2022-05-31,Signed by the President of the Senate,13
HB22-1240,2022,RS,Governor,2022-05-31,Sent to the Governor,14
HB22-1240,2022,RS,Governor,2022-06-02,Governor Signed,15
HB22-1241,2022,RS,House,2022-02-16,Introduced In House - Assigned to Transportation & Local Government,1
HB22-1241,2022,RS,House,2022-03-08,House Committee on Transportation & Local Government Refer Unamended to Finance,2
HB22-1241,2022,RS,House,2022-03-14,House Committee on Finance Refer Unamended to Appropriations,3
HB22-1241,2022,RS,House,2022-04-05,House Committee on Appropriations Refer Amended to House Committee of the Whole,4
HB22-1241,2022,RS,House,2022-04-05,House Second Reading Special Order - Passed with Amendments - Committee,5
HB22-1241,2022,RS,House,2022-04-06,House Third Reading Passed - No Amendments,6
HB22-1241,2022,RS,Senate,2022-04-07,Introduced In Senate - Assigned to Finance,7
HB22-1241,2022,RS,Senate,2022-04-20,Senate Committee on Finance Refer Unamended to Appropriations,8
HB22-1241,2022,RS,Senate,2022-04-25,Senate Committee on Appropriations Refer Unamended to Senate Committee of the Whole,9
HB22-1241,2022,RS,Senate,2022-04-25,Senate Second Reading Special Order - Passed - No Amendments,10
HB22-1241,2022,RS,Senate,2022-04-26,Senate Third Reading Passed - No Amendments,11
HB22-1241,2022,RS,House,2022-05-26,Signed by the Speaker of the House,12
HB22-1241,2022,RS,Senate,2022-05-31,Signed by the President of the Senate,13
HB22-1241,2022,RS,Governor,2022-05-31,Sent to the Governor,14
HB22-1241,2022,RS,Governor,2022-06-02,Governor Signed,15
HB22-1242,2022,RS,House,2022-02-16,Introduced In House - Assigned to Transportation & Local Government,1
HB22-1242,2022,RS,House,2022-03-01,House Committee on Transportation & Local Government Refer Amended to Finance,2
HB22-1242,2022,RS,House,2022-03-14,House Committee on Finance Refer Amended to Appropriations,3
HB22-1242,2022,RS,House,2022-04-22,House Committee on Appropriations Refer Amended to House Committee of the Whole,4
HB22-1242,2022,RS,House,2022-04-26,House Second Reading Special Order - Passed with Amendments - No Amendments,5
HB22-1242,2022,RS,House,2022-04-27,House Third Reading Passed - No Amendments,6
HB22-1242,2022,RS,Senate,2022-04-27,"Introduced In Senate - Assigned to Business, Labor, & Technology",7
HB22-1242,2022,RS,Senate,2022-05-02,"Senate Committee on Business, Labor, & Technology Refer Unamended to Finance",8
HB22-1242,2022,RS,Senate,2022-05-05,Senate Committee on Finance Refer Unamended to Appropriations,9
HB22-1242,2022,RS,Senate,2022-05-06,Senate Committee on Appropriations Refer Unamended to Senate Committee of the Whole,10
HB22-1242,2022,RS,Senate,2022-05-06,Senate Second Reading Special Order - Passed - No Amendments,11
HB22-1242,2022,RS,Senate,2022-05-09,Senate Third Reading Passed - No Amendments,12
HB22-1242,2022,RS,House,2022-05-16,Signed by the Speaker of the House,13
HB22-1242,2022,RS,Senate,2022-05-16,Signed by the President of the Senate,14
HB22-1242,2022,RS,Governor,2022-05-16,Sent to the Governor,15
HB22-1242,2022,RS,Governor,2022-05-17,Governor Signed,16
HB22-1243,2022,RS,House,2022-02-16,Introduced In House - Assigned to Education,1
HB22-1243,2022,RS,House,2022-03-10,House Committee on Education Refer Unamended to Appropriations,2
HB22-1243,2022,RS,House,2022-04-12,House Committee on Appropriations Refer Amended to House Committee of the Whole,3
HB22-1243,2022,RS,House,2022-04-13,House Second Reading Special Order - Passed with Amendments - Committee,4
HB22-1243,2022,RS,House,2022-04-14,House Third Reading Passed - No Amendments,5
HB22-1243,2022,RS,Senate,2022-04-19,Introduced In Senate - Assigned to Appropriations,6
HB22-1243,2022,RS,Senate,2022-04-25,Senate Committee on Appropriations Refer Unamended to Senate Committee of the Whole,7
HB22-1243,2022,RS,Senate,2022-04-27,Senate Second Reading Passed with Amendments - Floor,8
HB22-1243,2022,RS,Senate,2022-04-28,Senate Third Reading Laid Over Daily - No Amendments,9
HB22-1243,2022,RS,Senate,2022-04-29,Senate Third Reading Passed with Amendments - Floor,10
HB22-1243,2022,RS,Senate,2022-04-29,Senate Third Reading Reconsidered - No Amendments,11
HB22-1243,2022,RS,House,2022-05-04,House Considered Senate Amendments - Result was to Laid Over Daily,12
HB22-1243,2022,RS,House,2022-05-10,House Considered Senate Amendments - Result was to Concur - Repass,13
HB22-1243,2022,RS,House,2022-05-17,Signed by the Speaker of the House,14
HB22-1243,2022,RS,Senate,2022-05-17,Signed by the President of the Senate,15
HB22-1243,2022,RS,Governor,2022-05-17,Sent to the Governor,16
HB22-1243,2022,RS,Governor,2022-05-19,Governor Signed,17
HB22-1244,2022,RS,House,2022-02-16,Introduced In House - Assigned to Energy & Environment,1
HB22-1244,2022,RS,House,2022-04-07,House Committee on Energy & Environment Refer Amended to Appropriations,2
HB22-1244,2022,RS,House,2022-05-03,House Committee on Appropriations Refer Amended to House Committee of the Whole,3
HB22-1244,2022,RS,House,2022-05-05,"House Second Reading Special Order - Passed with Amendments - Committee, Floor",4
HB22-1244,2022,RS,House,2022-05-06,House Third Reading Passed - No Amendments,5
HB22-1244,2022,RS,Senate,2022-05-06,"Introduced In Senate - Assigned to State, Veterans, & Military Affairs",6
HB22-1244,2022,RS,Senate,2022-05-09,"Senate Committee on State, Veterans, & Military Affairs Refer Amended to Appropriations",7
HB22-1244,2022,RS,Senate,2022-05-10,Senate Committee on Appropriations Refer Amended to Senate Committee of the Whole,8
HB22-1244,2022,RS,Senate,2022-05-10,"Senate Second Reading Special Order - Passed with Amendments - Committee, Floor",9
HB22-1244,2022,RS,Senate,2022-05-11,Senate Third Reading Passed - No Amendments,10
HB22-1244,2022,RS,House,2022-05-11,House Considered Senate Amendments - Result was to Concur - Repass,11
HB22-1244,2022,RS,House,2022-05-20,Signed by the Speaker of the House,12
HB22-1244,2022,RS,Senate,2022-05-20,Signed by the President of the Senate,13
HB22-1244,2022,RS,Governor,2022-05-20,Sent to the Governor,14
HB22-1244,2022,RS,Governor,2022-06-02,Governor Signed,15
HB22-1245,2022,RS,House,2022-02-17,Introduced In House - Assigned to Judiciary,1
HB22-1245,2022,RS,House,2022-03-02,House Committee on Judiciary Refer Amended to House Committee of the Whole,2
HB22-1245,2022,RS,House,2022-03-07,House Second Reading Passed with Amendments - Committee,3
HB22-1245,2022,RS,House,2022-03-08,House Third Reading Passed - No Amendments,4
HB22-1245,2022,RS,Senate,2022-03-10,Introduced In Senate - Assigned to Judiciary,5
HB22-1245,2022,RS,Senate,2022-03-16,Senate Committee on Judiciary Refer Unamended - Consent Calendar to Senate Committee of the Whole,6
HB22-1245,2022,RS,Senate,2022-03-21,Senate Second Reading Passed - No Amendments,7
HB22-1245,2022,RS,Senate,2022-03-22,Senate Third Reading Passed - No Amendments,8
HB22-1245,2022,RS,House,2022-04-05,Signed by the Speaker of the House,9
HB22-1245,2022,RS,Senate,2022-04-05,Signed by the President of the Senate,10
HB22-1245,2022,RS,Governor,2022-04-06,Sent to the Governor,11
HB22-1245,2022,RS,Governor,2022-04-12,Governor Signed,12
HB22-1246,2022,RS,House,2022-02-17,Introduced In House - Assigned to Health & Insurance,1
HB22-1246,2022,RS,House,2022-04-01,House Committee on Health & Insurance Refer Unamended to Finance,2
HB22-1246,2022,RS,House,2022-04-11,House Committee on Finance Refer Unamended to Appropriations,3
HB22-1246,2022,RS,House,2022-04-22,House Committee on Appropriations Refer Amended to House Committee of the Whole,4
HB22-1246,2022,RS,House,2022-04-22,House Second Reading Special Order - Passed with Amendments - Committee,5
HB22-1246,2022,RS,House,2022-04-25,House Third Reading Passed - No Amendments,6
HB22-1246,2022,RS,Senate,2022-04-25,Introduced In Senate - Assigned to Health & Human Services,7
HB22-1246,2022,RS,Senate,2022-04-28,Senate Committee on Health & Human Services Refer Unamended to Finance,8
HB22-1246,2022,RS,Senate,2022-05-04,Senate Committee on Finance Refer Amended to Appropriations,9
HB22-1246,2022,RS,Senate,2022-05-06,Senate Committee on Appropriations Refer Unamended - Consent Calendar to Senate Committee of the Whole,10
HB22-1246,2022,RS,Senate,2022-05-06,Senate Second Reading Special Order - Passed with Amendments - Committee,11
HB22-1246,2022,RS,Senate,2022-05-09,Senate Third Reading Passed - No Amendments,12
HB22-1246,2022,RS,House,2022-05-10,House Considered Senate Amendments - Result was to Concur - Repass,13
HB22-1246,2022,RS,House,2022-05-23,Signed by the Speaker of the House,14
HB22-1246,2022,RS,Senate,2022-05-25,Signed by the President of the Senate,15
HB22-1246,2022,RS,Governor,2022-05-25,Sent to the Governor,16
HB22-1246,2022,RS,Governor,2022-06-08,Governor Signed,17
HB22-1247,2022,RS,House,2022-02-18,Introduced In House - Assigned to Public & Behavioral Health & Human Services,1
HB22-1247,2022,RS,House,2022-03-01,House Committee on Public & Behavioral Health & Human Services Refer Amended to Appropriations,2
HB22-1247,2022,RS,House,2022-03-15,House Committee on Appropriations Refer Unamended to House Committee of the Whole,3
HB22-1247,2022,RS,House,2022-03-16,House Second Reading Special Order - Passed with Amendments - Committee,4
HB22-1247,2022,RS,House,2022-03-17,House Third Reading Passed - No Amendments,5
HB22-1247,2022,RS,Senate,2022-03-21,Introduced In Senate - Assigned to Appropriations,6
HB22-1247,2022,RS,Senate,2022-03-29,Senate Committee on Appropriations Refer Unamended - Consent Calendar to Senate Committee of the Whole,7
HB22-1247,2022,RS,Senate,2022-03-31,Senate Second Reading Laid Over Daily - No Amendments,8
HB22-1247,2022,RS,Senate,2022-04-01,Senate Second Reading Passed - No Amendments,9
HB22-1247,2022,RS,Senate,2022-04-04,Senate Third Reading Passed - No Amendments,10
HB22-1247,2022,RS,House,2022-04-18,Signed by the Speaker of the House,11
HB22-1247,2022,RS,Senate,2022-04-18,Signed by the President of the Senate,12
HB22-1247,2022,RS,Governor,2022-04-19,Sent to the Governor,13
HB22-1247,2022,RS,Governor,2022-04-25,Governor Signed,14
HB22-1248,2022,RS,House,2022-02-18,Introduced In House - Assigned to Education,1
HB22-1248,2022,RS,House,2022-03-16,House Committee on Education Refer Unamended to Appropriations,2
HB22-1248,2022,RS,House,2022-05-05,House Committee on Appropriations Refer Amended to House Committee of the Whole,3
HB22-1248,2022,RS,House,2022-05-05,House Second Reading Special Order - Passed with Amendments - Committee,4
HB22-1248,2022,RS,House,2022-05-06,House Third Reading Passed - No Amendments,5
HB22-1248,2022,RS,Senate,2022-05-06,Introduced In Senate - Assigned to Appropriations,6
HB22-1248,2022,RS,Senate,2022-05-09,Senate Committee on Appropriations Refer Unamended to Senate Committee of the Whole,7
HB22-1248,2022,RS,Senate,2022-05-09,Senate Second Reading Special Order - Passed - No Amendments,8
HB22-1248,2022,RS,Senate,2022-05-10,Senate Third Reading Passed - No Amendments,9
HB22-1248,2022,RS,House,2022-05-20,Signed by the Speaker of the House,10
HB22-1248,2022,RS,Senate,2022-05-20,Signed by the President of the Senate,11
HB22-1248,2022,RS,Governor,2022-05-20,Sent to the Governor,12
HB22-1248,2022,RS,Governor,2022-05-24,Governor Signed,13
HB22-1249,2022,RS,House,2022-02-18,Introduced In House - Assigned to Energy & Environment,1
HB22-1249,2022,RS,House,2022-03-17,House Committee on Energy & Environment Refer Amended to Appropriations,2
HB22-1249,2022,RS,House,2022-04-01,House Committee on Appropriations Refer Amended to House Committee of the Whole,3
HB22-1249,2022,RS,House,2022-04-01,"House Second Reading Special Order - Passed with Amendments - Committee, Floor",4
HB22-1249,2022,RS,House,2022-04-04,House Third Reading Passed - No Amendments,5
HB22-1249,2022,RS,Senate,2022-04-07,Introduced In Senate - Assigned to Transportation & Energy,6
HB22-1249,2022,RS,Senate,2022-04-12,Senate Committee on Transportation & Energy Refer Unamended to Appropriations,7
HB22-1249,2022,RS,Senate,2022-04-19,Senate Committee on Appropriations Refer Unamended to Senate Committee of the Whole,8
HB22-1249,2022,RS,Senate,2022-04-19,Senate Second Reading Special Order - Passed - No Amendments,9
HB22-1249,2022,RS,Senate,2022-04-20,Senate Third Reading Passed - No Amendments,10
HB22-1249,2022,RS,Senate,2022-04-20,Senate Third Reading Reconsidered - No Amendments,11
HB22-1249,2022,RS,House,2022-05-17,Signed by the Speaker of the House,12
HB22-1249,2022,RS,Senate,2022-05-17,Signed by the President of the Senate,13
HB22-1249,2022,RS,Governor,2022-05-17,Sent to the Governor,14
HB22-1249,2022,RS,Governor,2022-06-02,Governor Signed,15
HB22-1250,2022,RS,House,2022-02-18,Introduced In House - Assigned to Judiciary,1
HB22-1250,2022,RS,House,2022-03-08,House Committee on Judiciary Refer Unamended to House Committee of the Whole,2
HB22-1250,2022,RS,House,2022-03-10,House Second Reading Passed - No Amendments,3
HB22-1250,2022,RS,House,2022-03-11,House Third Reading Passed - No Amendments,4
HB22-1250,2022,RS,Senate,2022-03-14,Introduced In Senate - Assigned to Judiciary,5
HB22-1250,2022,RS,Senate,2022-03-16,Senate Committee on Judiciary Refer Unamended - Consent Calendar to Senate Committee of the Whole,6
HB22-1250,2022,RS,Senate,2022-03-21,Senate Second Reading Passed - No Amendments,7
HB22-1250,2022,RS,Senate,2022-03-22,Senate Third Reading Passed - No Amendments,8
HB22-1250,2022,RS,House,2022-04-01,Signed by the Speaker of the House,9
HB22-1250,2022,RS,Governor,2022-04-04,Sent to the Governor,10
HB22-1250,2022,RS,Senate,2022-04-04,Signed by the President of the Senate,11
HB22-1250,2022,RS,Governor,2022-04-07,Governor Signed,12
HB22-1251,2022,RS,House,2022-02-18,Introduced In House - Assigned to Health & Insurance,1
HB22-1251,2022,RS,House,2022-04-05,House Committee on Health & Insurance Refer Amended to Appropriations,2
HB22-1251,2022,RS,House,2022-04-29,House Committee on Appropriations Refer Amended to House Committee of the Whole,3
HB22-1251,2022,RS,House,2022-04-29,House Second Reading Special Order - Passed with Amendments - Committee,4
HB22-1251,2022,RS,House,2022-05-02,House Third Reading Passed - No Amendments,5
HB22-1251,2022,RS,Senate,2022-05-02,Introduced In Senate - Assigned to Appropriations,6
HB22-1251,2022,RS,Senate,2022-05-04,Senate Committee on Appropriations Refer Unamended to Senate Committee of the Whole,7
HB22-1251,2022,RS,Senate,2022-05-04,Senate Second Reading Special Order - Passed - No Amendments,8
HB22-1251,2022,RS,Senate,2022-05-05,Senate Third Reading Passed - No Amendments,9
HB22-1251,2022,RS,House,2022-05-27,Signed by the Speaker of the House,10
HB22-1251,2022,RS,Senate,2022-05-31,Signed by the President of the Senate,11
HB22-1251,2022,RS,Governor,2022-05-31,Sent to the Governor,12
HB22-1251,2022,RS,Governor,2022-06-01,Governor Signed,13
HB22-1252,2022,RS,House,2022-02-18,Introduced In House - Assigned to Education,1
HB22-1252,2022,RS,House,2022-03-10,House Committee on Education Refer Amended to House Committee of the Whole,2
HB22-1252,2022,RS,House,2022-03-14,House Second Reading Laid Over Daily - No Amendments,3
HB22-1252,2022,RS,House,2022-03-15,House Second Reading Passed with Amendments - Committee,4
HB22-1252,2022,RS,House,2022-03-16,House Third Reading Passed - No Amendments,5
HB22-1252,2022,RS,Senate,2022-03-18,Introduced In Senate - Assigned to Education,6
HB22-1252,2022,RS,Senate,2022-03-24,Senate Committee on Education Refer Amended to Senate Committee of the Whole,7
HB22-1252,2022,RS,Senate,2022-03-29,Senate Second Reading Passed with Amendments - Committee,8
HB22-1252,2022,RS,Senate,2022-03-30,Senate Third Reading Passed - No Amendments,9
HB22-1252,2022,RS,House,2022-03-31,House Considered Senate Amendments - Result was to Concur - Repass,10
HB22-1252,2022,RS,House,2022-04-05,Signed by the Speaker of the House,11
HB22-1252,2022,RS,Senate,2022-04-05,Signed by the President of the Senate,12
HB22-1252,2022,RS,Governor,2022-04-06,Sent to the Governor,13
HB22-1252,2022,RS,Governor,2022-04-12,Governor Signed,14
HB22-1253,2022,RS,House,2022-02-18,Introduced In House - Assigned to Transportation & Local Government,1
HB22-1253,2022,RS,House,2022-03-22,House Committee on Transportation & Local Government Refer Amended to House Committee of the Whole,2
HB22-1253,2022,RS,House,2022-03-25,"House Second Reading Passed with Amendments - Committee, Floor",3
HB22-1253,2022,RS,House,2022-03-28,House Third Reading Laid Over Daily - No Amendments,4
HB22-1253,2022,RS,House,2022-03-29,House Third Reading Passed - No Amendments,5
HB22-1253,2022,RS,Senate,2022-04-01,Introduced In Senate - Assigned to Transportation & Energy,6
HB22-1253,2022,RS,Senate,2022-04-12,Senate Committee on Transportation & Energy Refer Amended to Senate Committee of the Whole,7
HB22-1253,2022,RS,Senate,2022-04-18,Senate Second Reading Passed with Amendments - Committee,8
HB22-1253,2022,RS,Senate,2022-04-19,Senate Third Reading Passed - No Amendments,9
HB22-1253,2022,RS,House,2022-04-20,House Considered Senate Amendments - Result was to Laid Over Daily,10
HB22-1253,2022,RS,House,2022-04-22,House Considered Senate Amendments - Result was to Concur - Repass,11
HB22-1253,2022,RS,House,2022-05-23,Signed by the Speaker of the House,12
HB22-1253,2022,RS,Senate,2022-05-25,Signed by the President of the Senate,13
HB22-1253,2022,RS,Governor,2022-05-25,Sent to the Governor,14
HB22-1253,2022,RS,Governor,2022-06-02,Governor Signed,15
HB22-1254,2022,RS,House,2022-02-22,Introduced In House - Assigned to Transportation & Local Government,1
HB22-1254,2022,RS,House,2022-03-22,House Committee on Transportation & Local Government Refer Unamended to Finance,2
HB22-1254,2022,RS,House,2022-03-31,House Committee on Finance Refer Unamended to Appropriations,3
HB22-1254,2022,RS,House,2022-04-26,House Committee on Appropriations Refer Amended to House Committee of the Whole,4
HB22-1254,2022,RS,House,2022-04-26,House Second Reading Special Order - Passed with Amendments - Committee,5
HB22-1254,2022,RS,House,2022-04-27,House Third Reading Passed - No Amendments,6
HB22-1254,2022,RS,Senate,2022-04-27,Introduced In Senate - Assigned to Transportation & Energy,7
HB22-1254,2022,RS,Senate,2022-05-03,Senate Committee on Transportation & Energy Refer Unamended to Finance,8
HB22-1254,2022,RS,Senate,2022-05-06,Senate Committee on Finance Refer Unamended to Appropriations,9
HB22-1254,2022,RS,Senate,2022-05-06,Senate Committee on Appropriations Refer Unamended to Senate Committee of the Whole,10
HB22-1254,2022,RS,Senate,2022-05-06,Senate Second Reading Special Order - Passed - No Amendments,11
HB22-1254,2022,RS,Senate,2022-05-09,Senate Third Reading Passed - No Amendments,12
HB22-1254,2022,RS,House,2022-05-25,Signed by the Speaker of the House,13
HB22-1254,2022,RS,Senate,2022-05-25,Signed by the President of the Senate,14
HB22-1254,2022,RS,Governor,2022-05-25,Sent to the Governor,15
HB22-1254,2022,RS,Governor,2022-06-07,Governor Signed,16
HB22-1255,2022,RS,House,2022-02-22,Introduced In House - Assigned to Education,1
HB22-1255,2022,RS,House,2022-03-16,House Committee on Education Refer Amended to House Committee of the Whole,2
HB22-1255,2022,RS,House,2022-03-21,House Second Reading Passed with Amendments - Committee,3
HB22-1255,2022,RS,House,2022-03-22,House Third Reading Passed - No Amendments,4
HB22-1255,2022,RS,Senate,2022-03-23,Introduced In Senate - Assigned to Education,5
HB22-1255,2022,RS,Senate,2022-03-31,Senate Committee on Education Refer Unamended - Consent Calendar to Senate Committee of the Whole,6
HB22-1255,2022,RS,Senate,2022-04-04,Senate Second Reading Special Order - Passed - No Amendments,7
HB22-1255,2022,RS,Senate,2022-04-05,Senate Third Reading Passed - No Amendments,8
HB22-1255,2022,RS,House,2022-04-18,Signed by the Speaker of the House,9
HB22-1255,2022,RS,Senate,2022-04-18,Signed by the President of the Senate,10
HB22-1255,2022,RS,Governor,2022-04-19,Sent to the Governor,11
HB22-1255,2022,RS,Governor,2022-04-21,Governor Signed,12
HB22-1256,2022,RS,House,2022-02-22,Introduced In House - Assigned to Public & Behavioral Health & Human Services,1
HB22-1256,2022,RS,House,2022-03-22,House Committee on Public & Behavioral Health & Human Services Refer Amended to Appropriations,2
HB22-1256,2022,RS,House,2022-04-29,House Committee on Appropriations Refer Amended to House Committee of the Whole,3
HB22-1256,2022,RS,House,2022-05-02,"House Second Reading Special Order - Passed with Amendments - Committee, Floor",4
HB22-1256,2022,RS,House,2022-05-03,House Third Reading Passed - No Amendments,5
HB22-1256,2022,RS,Senate,2022-05-03,Introduced In Senate - Assigned to Appropriations,6
HB22-1256,2022,RS,Senate,2022-05-05,Senate Committee on Appropriations Refer Amended - Consent Calendar to Senate Committee of the Whole,7
HB22-1256,2022,RS,Senate,2022-05-05,Senate Second Reading Special Order - Passed with Amendments - Committee,8
HB22-1256,2022,RS,Senate,2022-05-06,Senate Third Reading Passed - No Amendments,9
HB22-1256,2022,RS,House,2022-05-09,House Considered Senate Amendments - Result was to Laid Over Daily,10
HB22-1256,2022,RS,House,2022-05-10,House Considered Senate Amendments - Result was to Concur - Repass,11
HB22-1256,2022,RS,House,2022-06-01,Signed by the Speaker of the House,12
HB22-1256,2022,RS,Senate,2022-06-01,Signed by the President of the Senate,13
HB22-1256,2022,RS,Governor,2022-06-01,Sent to the Governor,14
HB22-1256,2022,RS,Governor,2022-06-08,Governor Signed,15
HB22-1257,2022,RS,House,2022-02-22,"Introduced In House - Assigned to State, Civic, Military, & Veterans Affairs",1
HB22-1257,2022,RS,House,2022-02-24,"House Committee on State, Civic, Military, & Veterans Affairs Refer Unamended to Judiciary",2
HB22-1257,2022,RS,House,2022-03-01,House Committee on Judiciary Refer Amended to Appropriations,3
HB22-1257,2022,RS,House,2022-03-03,House Committee on Appropriations Refer Amended to House Committee of the Whole,4
HB22-1257,2022,RS,House,2022-03-03,"House Second Reading Special Order - Passed with Amendments - Committee, Floor",5
HB22-1257,2022,RS,House,2022-03-04,House Third Reading Passed - No Amendments,6
HB22-1257,2022,RS,Senate,2022-03-07,Introduced In Senate - Assigned to Judiciary,7
HB22-1257,2022,RS,Senate,2022-03-10,Senate Committee on Judiciary Refer Amended to Appropriations,8
HB22-1257,2022,RS,Senate,2022-03-18,Senate Committee on Appropriations Refer Unamended - Consent Calendar to Senate Committee of the Whole,9
HB22-1257,2022,RS,Senate,2022-03-18,Senate Second Reading Special Order - Passed with Amendments - Committee,10
HB22-1257,2022,RS,Senate,2022-03-21,Senate Third Reading Passed - No Amendments,11
HB22-1257,2022,RS,House,2022-03-22,House Considered Senate Amendments - Result was to Laid Over Daily,12
HB22-1257,2022,RS,House,2022-03-23,House Considered Senate Amendments - Result was to Concur - Repass,13
HB22-1257,2022,RS,House,2022-03-31,Signed by the Speaker of the House,14
HB22-1257,2022,RS,Senate,2022-03-31,Signed by the President of the Senate,15
HB22-1257,2022,RS,Governor,2022-04-01,Sent to the Governor,16
HB22-1257,2022,RS,Governor,2022-04-07,Governor Signed,17
HB22-1258,2022,RS,House,2022-02-23,Introduced In House - Assigned to Judiciary,1
HB22-1258,2022,RS,House,2022-03-23,House Committee on Judiciary Refer Amended to Appropriations,2
HB22-1258,2022,RS,House,2022-05-04,House Committee on Appropriations Refer Amended to House Committee of the Whole,3
HB22-1258,2022,RS,House,2022-05-04,"House Second Reading Special Order - Passed with Amendments - Committee, Floor",4
HB22-1258,2022,RS,House,2022-05-05,House Third Reading Lost - No Amendments,5
HB22-1259,2022,RS,House,2022-02-23,Introduced In House - Assigned to Public & Behavioral Health & Human Services,1
HB22-1259,2022,RS,House,2022-04-12,House Committee on Public & Behavioral Health & Human Services Refer Amended to Appropriations,2
HB22-1259,2022,RS,House,2022-04-28,House Committee on Appropriations Refer Amended to House Committee of the Whole,3
HB22-1259,2022,RS,House,2022-04-28,House Second Reading Special Order - Passed with Amendments - Committee,4
HB22-1259,2022,RS,House,2022-04-29,House Third Reading Passed - No Amendments,5
HB22-1259,2022,RS,Senate,2022-04-29,Introduced In Senate - Assigned to Finance,6
HB22-1259,2022,RS,Senate,2022-05-04,Senate Committee on Finance Refer Amended to Appropriations,7
HB22-1259,2022,RS,Senate,2022-05-06,Senate Committee on Appropriations Refer Amended to Senate Committee of the Whole,8
HB22-1259,2022,RS,Senate,2022-05-06,Senate Second Reading Special Order - Passed with Amendments - Committee,9
HB22-1259,2022,RS,Senate,2022-05-09,Senate Third Reading Passed - No Amendments,10
HB22-1259,2022,RS,House,2022-05-10,House Considered Senate Amendments - Result was to Laid Over Daily,11
HB22-1259,2022,RS,House,2022-05-11,House Considered Senate Amendments - Result was to Concur - Repass,12
HB22-1259,2022,RS,House,2022-05-26,Signed by the Speaker of the House,13
HB22-1259,2022,RS,Senate,2022-05-31,Signed by the President of the Senate,14
HB22-1259,2022,RS,Governor,2022-05-31,Sent to the Governor,15
HB22-1259,2022,RS,Governor,2022-06-03,Governor Signed,16
HB22-1260,2022,RS,House,2022-02-23,Introduced In House - Assigned to Education,1
HB22-1260,2022,RS,House,2022-04-21,House Committee on Education Refer Amended to House Committee of the Whole,2
HB22-1260,2022,RS,House,2022-04-26,House Second Reading Special Order - Passed with Amendments - Committee,3
HB22-1260,2022,RS,House,2022-04-27,House Third Reading Passed - No Amendments,4
HB22-1260,2022,RS,Senate,2022-04-27,Introduced In Senate - Assigned to Education,5
HB22-1260,2022,RS,Senate,2022-04-28,Senate Committee on Education Refer Unamended to Appropriations,6
HB22-1260,2022,RS,Senate,2022-05-03,Senate Committee on Appropriations Refer Unamended - Consent Calendar to Senate Committee of the Whole,7
HB22-1260,2022,RS,Senate,2022-05-03,Senate Second Reading Special Order - Passed - No Amendments,8
HB22-1260,2022,RS,Senate,2022-05-04,Senate Third Reading Passed - No Amendments,9
HB22-1260,2022,RS,House,2022-05-26,Signed by the Speaker of the House,10
HB22-1260,2022,RS,Senate,2022-05-31,Signed by the President of the Senate,11
HB22-1260,2022,RS,Governor,2022-05-31,Sent to the Governor,12
HB22-1260,2022,RS,Governor,2022-06-02,Governor Signed,13
HB22-1261,2022,RS,House,2022-02-24,Introduced In House - Assigned to Business Affairs & Labor,1
HB22-1261,2022,RS,House,2022-03-16,House Committee on Business Affairs & Labor Refer Amended to Finance,2
HB22-1261,2022,RS,House,2022-03-21,House Committee on Finance Refer Unamended to Appropriations,3
HB22-1261,2022,RS,House,2022-04-01,House Committee on Appropriations Refer Unamended to House Committee of the Whole,4
HB22-1261,2022,RS,House,2022-04-01,House Second Reading Special Order - Passed with Amendments - Committee,5
HB22-1261,2022,RS,House,2022-04-04,House Third Reading Passed - No Amendments,6
HB22-1261,2022,RS,Senate,2022-04-07,"Introduced In Senate - Assigned to Business, Labor, & Technology",7
HB22-1261,2022,RS,Senate,2022-04-18,"Senate Committee on Business, Labor, & Technology Refer Unamended to Appropriations",8
HB22-1261,2022,RS,Senate,2022-04-25,Senate Committee on Appropriations Refer Unamended - Consent Calendar to Senate Committee of the Whole,9
HB22-1261,2022,RS,Senate,2022-04-25,Senate Second Reading Special Order - Passed - No Amendments,10
HB22-1261,2022,RS,Senate,2022-04-26,Senate Third Reading Passed - No Amendments,11
HB22-1261,2022,RS,House,2022-05-27,Signed by the Speaker of the House,12
HB22-1261,2022,RS,Senate,2022-05-31,Signed by the President of the Senate,13
HB22-1261,2022,RS,Governor,2022-05-31,Sent to the Governor,14
HB22-1261,2022,RS,Governor,2022-06-02,Governor Signed,15
HB22-1262,2022,RS,House,2022-02-24,Introduced In House - Assigned to Business Affairs & Labor,1
HB22-1262,2022,RS,House,2022-03-16,House Committee on Business Affairs & Labor Refer Unamended to House Committee of the Whole,2
HB22-1262,2022,RS,House,2022-03-21,House Second Reading Passed - No Amendments,3
HB22-1262,2022,RS,House,2022-03-22,House Third Reading Passed - No Amendments,4
HB22-1262,2022,RS,Senate,2022-03-23,"Introduced In Senate - Assigned to Business, Labor, & Technology",5
HB22-1262,2022,RS,Senate,2022-03-28,"Senate Committee on Business, Labor, & Technology Refer Unamended - Consent Calendar to Senate Committee of the Whole",6
HB22-1262,2022,RS,Senate,2022-03-30,Senate Second Reading Special Order - Passed - No Amendments,7
HB22-1262,2022,RS,Senate,2022-03-31,Senate Third Reading Passed - No Amendments,8
HB22-1262,2022,RS,House,2022-04-07,Signed by the Speaker of the House,9
HB22-1262,2022,RS,Senate,2022-04-08,Signed by the President of the Senate,10
HB22-1262,2022,RS,Governor,2022-04-08,Sent to the Governor,11
HB22-1262,2022,RS,Governor,2022-04-12,Governor Signed,12
HB22-1263,2022,RS,House,2022-02-24,Introduced In House - Assigned to Health & Insurance,1
HB22-1263,2022,RS,House,2022-03-16,House Committee on Health & Insurance Refer Amended to Finance,2
HB22-1263,2022,RS,House,2022-03-28,House Committee on Finance Refer Unamended to Appropriations,3
HB22-1263,2022,RS,House,2022-04-05,House Committee on Appropriations Refer Unamended to House Committee of the Whole,4
HB22-1263,2022,RS,House,2022-04-05,House Second Reading Special Order - Passed with Amendments - Committee,5
HB22-1263,2022,RS,House,2022-04-06,House Third Reading Passed - No Amendments,6
HB22-1263,2022,RS,Senate,2022-04-07,Introduced In Senate - Assigned to Finance,7
HB22-1263,2022,RS,Senate,2022-04-20,Senate Committee on Finance Refer Unamended to Appropriations,8
HB22-1263,2022,RS,Senate,2022-04-25,Senate Committee on Appropriations Refer Unamended - Consent Calendar to Senate Committee of the Whole,9
HB22-1263,2022,RS,Senate,2022-04-25,Senate Second Reading Special Order - Passed - No Amendments,10
HB22-1263,2022,RS,Senate,2022-04-26,Senate Third Reading Passed - No Amendments,11
HB22-1263,2022,RS,House,2022-05-25,Signed by the Speaker of the House,12
HB22-1263,2022,RS,Senate,2022-05-25,Signed by the President of the Senate,13
HB22-1263,2022,RS,Governor,2022-05-25,Sent to the Governor,14
HB22-1263,2022,RS,Governor,2022-05-26,Governor Signed,15
HB22-1264,2022,RS,House,2022-02-24,"Introduced In House - Assigned to Agriculture, Livestock, & Water",1
HB22-1264,2022,RS,House,2022-03-14,"House Committee on Agriculture, Livestock, & Water Refer Unamended to House Committee of the Whole",2
HB22-1264,2022,RS,House,2022-03-16,House Second Reading Special Order - Passed - No Amendments,3
HB22-1264,2022,RS,House,2022-03-17,House Third Reading Passed - No Amendments,4
HB22-1264,2022,RS,Senate,2022-03-21,Introduced In Senate - Assigned to Health & Human Services,5
HB22-1264,2022,RS,Senate,2022-04-04,Senate Committee on Health & Human Services Refer Unamended - Consent Calendar to Senate Committee of the Whole,6
HB22-1264,2022,RS,Senate,2022-04-06,Senate Second Reading Special Order - Passed - No Amendments,7
HB22-1264,2022,RS,Senate,2022-04-07,Senate Third Reading Passed - No Amendments,8
HB22-1264,2022,RS,House,2022-04-18,Signed by the Speaker of the House,9
HB22-1264,2022,RS,Senate,2022-04-18,Signed by the President of the Senate,10
HB22-1264,2022,RS,Governor,2022-04-19,Sent to the Governor,11
HB22-1264,2022,RS,Governor,2022-04-25,Governor Signed,12
HB22-1265,2022,RS,House,2022-02-25,Introduced In House - Assigned to Education,1
HB22-1265,2022,RS,House,2022-03-17,House Committee on Education Refer Amended to Appropriations,2
HB22-1265,2022,RS,House,2022-04-01,House Committee on Appropriations Refer Unamended to House Committee of the Whole,3
HB22-1265,2022,RS,House,2022-04-01,House Second Reading Special Order - Passed with Amendments - Committee,4
HB22-1265,2022,RS,House,2022-04-04,House Third Reading Passed - No Amendments,5
HB22-1265,2022,RS,Senate,2022-04-05,Introduced In Senate - Assigned to Education,6
HB22-1265,2022,RS,Senate,2022-04-14,Senate Committee on Education Refer Unamended to Appropriations,7
HB22-1265,2022,RS,Senate,2022-04-21,Senate Committee on Appropriations Refer Unamended - Consent Calendar to Senate Committee of the Whole,8
HB22-1265,2022,RS,Senate,2022-04-21,Senate Second Reading Special Order - Passed - No Amendments,9
HB22-1265,2022,RS,Senate,2022-04-22,Senate Third Reading Passed - No Amendments,10
HB22-1265,2022,RS,House,2022-05-25,Signed by the Speaker of the House,11
HB22-1265,2022,RS,Senate,2022-05-25,Signed by the President of the Senate,12
HB22-1265,2022,RS,Governor,2022-05-25,Sent to the Governor,13
HB22-1265,2022,RS,Governor,2022-06-08,Governor Signed,14
HB22-1266,2022,RS,House,2022-02-25,"Introduced In House - Assigned to State, Civic, Military, & Veterans Affairs",1
HB22-1266,2022,RS,House,2022-03-03,"House Committee on State, Civic, Military, & Veterans Affairs Refer Unamended to House Committee of the Whole",2
HB22-1266,2022,RS,House,2022-03-04,House Second Reading Special Order - Passed - No Amendments,3
HB22-1266,2022,RS,House,2022-03-07,House Third Reading Passed - No Amendments,4
HB22-1266,2022,RS,Senate,2022-03-08,"Introduced In Senate - Assigned to State, Veterans, & Military Affairs",5
HB22-1266,2022,RS,Senate,2022-03-15,"Senate Committee on State, Veterans, & Military Affairs Refer Unamended to Senate Committee of the Whole",6
HB22-1266,2022,RS,Senate,2022-03-18,Senate Second Reading Passed with Amendments - Floor,7
HB22-1266,2022,RS,Senate,2022-03-21,Senate Third Reading Passed - No Amendments,8
HB22-1266,2022,RS,House,2022-03-22,House Considered Senate Amendments - Result was to Laid Over Daily,9
HB22-1266,2022,RS,House,2022-03-23,House Considered Senate Amendments - Result was to Concur - Repass,10
HB22-1266,2022,RS,House,2022-03-25,Signed by the Speaker of the House,11
HB22-1266,2022,RS,Senate,2022-03-25,Signed by the President of the Senate,12
HB22-1266,2022,RS,Governor,2022-03-25,Sent to the Governor,13
HB22-1266,2022,RS,Governor,2022-03-30,Governor Signed,14
HB22-1267,2022,RS,House,2022-02-25,Introduced In House - Assigned to Public & Behavioral Health & Human Services,1
HB22-1267,2022,RS,House,2022-03-15,House Committee on Public & Behavioral Health & Human Services Refer Amended to Appropriations,2
HB22-1267,2022,RS,House,2022-04-08,House Committee on Appropriations Refer Amended to House Committee of the Whole,3
HB22-1267,2022,RS,House,2022-04-08,House Second Reading Special Order - Passed with Amendments - Committee,4
HB22-1267,2022,RS,House,2022-04-11,House Third Reading Passed - No Amendments,5
HB22-1267,2022,RS,Senate,2022-04-13,Introduced In Senate - Assigned to Health & Human Services,6
HB22-1267,2022,RS,Senate,2022-04-20,Senate Committee on Health & Human Services Refer Amended to Appropriations,7
HB22-1267,2022,RS,Senate,2022-05-03,Senate Committee on Appropriations Refer Amended to Senate Committee of the Whole,8
HB22-1267,2022,RS,Senate,2022-05-03,Senate Second Reading Laid Over Daily - No Amendments,9
HB22-1267,2022,RS,Senate,2022-05-04,"Senate Second Reading Special Order - Passed with Amendments - Committee, Floor",10
HB22-1267,2022,RS,Senate,2022-05-05,Senate Third Reading Passed - No Amendments,11
HB22-1267,2022,RS,House,2022-05-09,House Considered Senate Amendments - Result was to Laid Over Daily,12
HB22-1267,2022,RS,House,2022-05-10,House Considered Senate Amendments - Result was to Concur - Repass,13
HB22-1267,2022,RS,House,2022-06-03,Signed by the Speaker of the House,14
HB22-1267,2022,RS,Senate,2022-06-06,Signed by the President of the Senate,15
HB22-1267,2022,RS,Governor,2022-06-06,Sent to the Governor,16
HB22-1267,2022,RS,Governor,2022-06-08,Governor Signed,17
HB22-1268,2022,RS,House,2022-02-25,Introduced In House - Assigned to Public & Behavioral Health & Human Services,1
HB22-1268,2022,RS,House,2022-03-15,House Committee on Public & Behavioral Health & Human Services Witness Testimony and/or Committee Discussion Only,2
HB22-1268,2022,RS,House,2022-03-18,House Committee on Public & Behavioral Health & Human Services Refer Amended to Appropriations,3
HB22-1268,2022,RS,House,2022-04-05,House Committee on Appropriations Refer Unamended to House Committee of the Whole,4
HB22-1268,2022,RS,House,2022-04-05,House Second Reading Special Order - Passed with Amendments - Committee,5
HB22-1268,2022,RS,House,2022-04-06,House Third Reading Passed - No Amendments,6
HB22-1268,2022,RS,Senate,2022-04-07,Introduced In Senate - Assigned to Health & Human Services,7
HB22-1268,2022,RS,Senate,2022-04-20,Senate Committee on Health & Human Services Refer Unamended to Appropriations,8
HB22-1268,2022,RS,Senate,2022-04-25,Senate Committee on Appropriations Refer Unamended - Consent Calendar to Senate Committee of the Whole,9
HB22-1268,2022,RS,Senate,2022-04-25,Senate Second Reading Special Order - Passed - No Amendments,10
HB22-1268,2022,RS,Senate,2022-04-26,Senate Third Reading Passed - No Amendments,11
HB22-1268,2022,RS,House,2022-06-01,Signed by the Speaker of the House,12
HB22-1268,2022,RS,Senate,2022-06-01,Signed by the President of the Senate,13
HB22-1268,2022,RS,Governor,2022-06-01,Sent to the Governor,14
HB22-1268,2022,RS,Governor,2022-06-03,Governor Signed,15
HB22-1269,2022,RS,House,2022-02-25,Introduced In House - Assigned to Health & Insurance,1
HB22-1269,2022,RS,House,2022-04-01,House Committee on Health & Insurance Refer Amended to Appropriations,2
HB22-1269,2022,RS,House,2022-04-21,House Committee on Appropriations Refer Amended to House Committee of the Whole,3
HB22-1269,2022,RS,House,2022-04-21,"House Second Reading Special Order - Passed with Amendments - Committee, Floor",4
HB22-1269,2022,RS,House,2022-04-22,House Third Reading Passed - No Amendments,5
HB22-1269,2022,RS,Senate,2022-04-22,"Introduced In Senate - Assigned to Business, Labor, & Technology",6
HB22-1269,2022,RS,Senate,2022-05-02,"Senate Committee on Business, Labor, & Technology Refer Unamended to Appropriations",7
HB22-1269,2022,RS,Senate,2022-05-04,Senate Committee on Appropriations Refer Unamended to Senate Committee of the Whole,8
HB22-1269,2022,RS,Senate,2022-05-04,Senate Second Reading Special Order - Passed - No Amendments,9
HB22-1269,2022,RS,Senate,2022-05-05,Senate Third Reading Passed - No Amendments,10
HB22-1269,2022,RS,House,2022-06-01,Signed by the Speaker of the House,11
HB22-1269,2022,RS,Senate,2022-06-01,Signed by the President of the Senate,12
HB22-1269,2022,RS,Governor,2022-06-01,Sent to the Governor,13
HB22-1269,2022,RS,Governor,2022-06-08,Governor Signed,14
HB22-1270,2022,RS,House,2022-02-25,Introduced In House - Assigned to Judiciary,1
HB22-1270,2022,RS,House,2022-03-16,House Committee on Judiciary Refer Unamended to House Committee of the Whole,2
HB22-1270,2022,RS,House,2022-03-21,House Second Reading Passed - No Amendments,3
HB22-1270,2022,RS,House,2022-03-22,House Third Reading Passed - No Amendments,4
HB22-1270,2022,RS,Senate,2022-03-23,Introduced In Senate - Assigned to Judiciary,5
HB22-1270,2022,RS,Senate,2022-03-31,Senate Committee on Judiciary Refer Unamended - Consent Calendar to Senate Committee of the Whole,6
HB22-1270,2022,RS,Senate,2022-04-04,Senate Second Reading Special Order - Passed - No Amendments,7
HB22-1270,2022,RS,Senate,2022-04-05,Senate Third Reading Passed - No Amendments,8
HB22-1270,2022,RS,House,2022-04-18,Signed by the Speaker of the House,9
HB22-1270,2022,RS,Senate,2022-04-18,Signed by the President of the Senate,10
HB22-1270,2022,RS,Governor,2022-04-19,Sent to the Governor,11
HB22-1270,2022,RS,Governor,2022-04-21,Governor Signed,12
HB22-1271,2022,RS,House,2022-02-25,Introduced In House - Assigned to Public & Behavioral Health & Human Services,1
HB22-1271,2022,RS,House,2022-03-22,House Committee on Public & Behavioral Health & Human Services Witness Testimony and/or Committee Discussion Only,2
HB22-1271,2022,RS,House,2022-04-26,House Committee on Public & Behavioral Health & Human Services Refer Amended to Appropriations,3
HB22-1271,2022,RS,House,2022-05-12,House Committee on Appropriations Lay Over Unamended - Amendment(s) Failed,4
HB22-1272,2022,RS,House,2022-02-25,Introduced In House - Assigned to Judiciary,1
HB22-1272,2022,RS,House,2022-03-16,House Committee on Judiciary Refer Unamended to House Committee of the Whole,2
HB22-1272,2022,RS,House,2022-03-21,House Second Reading Laid Over to 03/23/2022 - No Amendments,3
HB22-1272,2022,RS,House,2022-03-23,House Second Reading Special Order - Laid Over Daily - No Amendments,4
HB22-1272,2022,RS,House,2022-03-24,House Second Reading Special Order - Passed with Amendments - Floor,5
HB22-1272,2022,RS,House,2022-03-25,House Third Reading Passed - No Amendments,6
HB22-1272,2022,RS,Senate,2022-03-29,Introduced In Senate - Assigned to Judiciary,7
HB22-1272,2022,RS,Senate,2022-04-21,Senate Committee on Judiciary Refer Amended to Senate Committee of the Whole,8
HB22-1272,2022,RS,Senate,2022-04-25,Senate Second Reading Laid Over Daily - No Amendments,9
HB22-1272,2022,RS,Senate,2022-04-26,Senate Second Reading Passed with Amendments - Committee,10
HB22-1272,2022,RS,Senate,2022-04-27,Senate Third Reading Passed - No Amendments,11
HB22-1272,2022,RS,House,2022-04-28,House Considered Senate Amendments - Result was to Laid Over Daily,12
HB22-1272,2022,RS,House,2022-05-10,House Considered Senate Amendments - Result was to Concur - Repass,13
HB22-1272,2022,RS,House,2022-05-25,Signed by the Speaker of the House,14
HB22-1272,2022,RS,Senate,2022-05-25,Signed by the President of the Senate,15
HB22-1272,2022,RS,Governor,2022-05-25,Sent to the Governor,16
HB22-1272,2022,RS,Governor,2022-06-08,Governor Signed,17
HB22-1273,2022,RS,House,2022-02-25,"Introduced In House - Assigned to State, Civic, Military, & Veterans Affairs",1
HB22-1273,2022,RS,House,2022-04-07,"House Committee on State, Civic, Military, & Veterans Affairs Refer Amended to House Committee of the Whole",2
HB22-1273,2022,RS,House,2022-04-08,House Second Reading Special Order - Passed with Amendments - Committee,3
HB22-1273,2022,RS,House,2022-04-11,House Third Reading Passed - No Amendments,4
HB22-1273,2022,RS,Senate,2022-04-13,"Introduced In Senate - Assigned to State, Veterans, & Military Affairs",5
HB22-1273,2022,RS,Senate,2022-04-19,"Senate Committee on State, Veterans, & Military Affairs Refer Unamended - Consent Calendar to Senate Committee of the Whole",6
HB22-1273,2022,RS,Senate,2022-04-21,Senate Second Reading Special Order - Passed - No Amendments,7
HB22-1273,2022,RS,Senate,2022-04-22,Senate Third Reading Passed - No Amendments,8
HB22-1273,2022,RS,House,2022-05-25,Signed by the Speaker of the House,9
HB22-1273,2022,RS,Senate,2022-05-25,Signed by the President of the Senate,10
HB22-1273,2022,RS,Governor,2022-05-25,Sent to the Governor,11
HB22-1273,2022,RS,Governor,2022-06-02,Governor Signed,12
HB22-1274,2022,RS,House,2022-02-28,Introduced In House - Assigned to Education,1
HB22-1274,2022,RS,House,2022-03-10,House Committee on Education Refer Unamended to Appropriations,2
HB22-1274,2022,RS,House,2022-04-05,House Committee on Appropriations Refer Amended to House Committee of the Whole,3
HB22-1274,2022,RS,House,2022-04-05,House Second Reading Special Order - Passed with Amendments - Committee,4
HB22-1274,2022,RS,House,2022-04-06,House Third Reading Passed - No Amendments,5
HB22-1274,2022,RS,Senate,2022-04-07,Introduced In Senate - Assigned to Education,6
HB22-1274,2022,RS,Senate,2022-04-14,Senate Committee on Education Refer Unamended to Appropriations,7
HB22-1274,2022,RS,Senate,2022-05-09,Senate Committee on Appropriations Refer Amended to Senate Committee of the Whole,8
HB22-1274,2022,RS,Senate,2022-05-09,Senate Second Reading Special Order - Passed with Amendments - Committee,9
HB22-1274,2022,RS,Senate,2022-05-10,Senate Third Reading Passed - No Amendments,10
HB22-1274,2022,RS,House,2022-05-11,House Considered Senate Amendments - Result was to Concur - Repass,11
HB22-1274,2022,RS,House,2022-05-26,Signed by the Speaker of the House,12
HB22-1274,2022,RS,Senate,2022-05-31,Signed by the President of the Senate,13
HB22-1274,2022,RS,Governor,2022-05-31,Sent to the Governor,14
HB22-1274,2022,RS,Governor,2022-06-08,Governor Signed,15
HB22-1275,2022,RS,House,2022-02-28,Introduced In House - Assigned to Education,1
HB22-1275,2022,RS,House,2022-03-10,House Committee on Education Refer Unamended to House Committee of the Whole,2
HB22-1275,2022,RS,House,2022-03-14,House Second Reading Laid Over Daily - No Amendments,3
HB22-1275,2022,RS,House,2022-03-15,House Second Reading Passed - No Amendments,4
HB22-1275,2022,RS,House,2022-03-16,House Third Reading Passed - No Amendments,5
HB22-1275,2022,RS,Senate,2022-03-18,Introduced In Senate - Assigned to Education,6
HB22-1275,2022,RS,Senate,2022-03-24,Senate Committee on Education Refer Unamended to Senate Committee of the Whole,7
HB22-1275,2022,RS,Senate,2022-03-29,Senate Second Reading Passed - No Amendments,8
HB22-1275,2022,RS,Senate,2022-03-30,Senate Third Reading Passed - No Amendments,9
HB22-1275,2022,RS,House,2022-04-05,Signed by the Speaker of the House,10
HB22-1275,2022,RS,Senate,2022-04-05,Signed by the President of the Senate,11
HB22-1275,2022,RS,Governor,2022-04-06,Sent to the Governor,12
HB22-1275,2022,RS,Governor,2022-04-12,Governor Signed,13
HB22-1276,2022,RS,House,2022-02-28,Introduced In House - Assigned to Education,1
HB22-1276,2022,RS,House,2022-03-17,House Committee on Education Refer Unamended to House Committee of the Whole,2
HB22-1276,2022,RS,House,2022-03-22,House Second Reading Passed - No Amendments,3
HB22-1276,2022,RS,House,2022-03-23,House Third Reading Laid Over Daily - No Amendments,4
HB22-1276,2022,RS,House,2022-03-25,House Third Reading Passed - No Amendments,5
HB22-1276,2022,RS,Senate,2022-03-30,Introduced In Senate - Assigned to Education,6
HB22-1276,2022,RS,Senate,2022-04-07,Senate Committee on Education Refer Unamended - Consent Calendar to Senate Committee of the Whole,7
HB22-1276,2022,RS,Senate,2022-04-08,Senate Second Reading Special Order - Passed - No Amendments,8
HB22-1276,2022,RS,Senate,2022-04-11,Senate Third Reading Passed - No Amendments,9
HB22-1276,2022,RS,House,2022-04-21,Signed by the Speaker of the House,10
HB22-1276,2022,RS,Senate,2022-04-22,Signed by the President of the Senate,11
HB22-1276,2022,RS,Governor,2022-04-22,Sent to the Governor,12
HB22-1276,2022,RS,Governor,2022-04-25,Governor Signed,13
HB22-1277,2022,RS,House,2022-03-01,Introduced In House - Assigned to Business Affairs & Labor,1
HB22-1277,2022,RS,House,2022-03-24,House Committee on Business Affairs & Labor Postpone Indefinitely,2
HB22-1278,2022,RS,House,2022-03-02,Introduced In House - Assigned to Public & Behavioral Health & Human Services,1
HB22-1278,2022,RS,House,2022-03-25,House Committee on Public & Behavioral Health & Human Services Refer Amended to Appropriations,2
HB22-1278,2022,RS,House,2022-03-25,House Committee on Public & Behavioral Health & Human Services Reconsider,3
HB22-1278,2022,RS,House,2022-04-08,House Committee on Appropriations Refer Amended to House Committee of the Whole,4
HB22-1278,2022,RS,House,2022-04-11,"House Second Reading Special Order - Passed with Amendments - Committee, Floor",5
HB22-1278,2022,RS,House,2022-04-12,House Third Reading Passed - No Amendments,6
HB22-1278,2022,RS,Senate,2022-04-18,Introduced In Senate - Assigned to Health & Human Services,7
HB22-1278,2022,RS,Senate,2022-04-27,Senate Committee on Health & Human Services Refer Amended to Appropriations,8
HB22-1278,2022,RS,Senate,2022-05-03,Senate Committee on Appropriations Refer Amended to Senate Committee of the Whole,9
HB22-1278,2022,RS,Senate,2022-05-03,Senate Second Reading Laid Over Daily - No Amendments,10
HB22-1278,2022,RS,Senate,2022-05-04,Senate Second Reading Special Order - Passed with Amendments - Committee,11
HB22-1278,2022,RS,Senate,2022-05-05,Senate Third Reading Passed with Amendments - Floor,12
HB22-1278,2022,RS,House,2022-05-09,House Considered Senate Amendments - Result was to Laid Over Daily,13
HB22-1278,2022,RS,House,2022-05-10,House Considered Senate Amendments - Result was to Concur - Repass,14
HB22-1278,2022,RS,House,2022-05-25,Signed by the Speaker of the House,15
HB22-1278,2022,RS,Senate,2022-05-25,Signed by the President of the Senate,16
HB22-1278,2022,RS,Governor,2022-05-25,Sent to the Governor,17
HB22-1278,2022,RS,Governor,2022-05-25,Governor Signed,18
HB22-1279,2022,RS,House,2022-03-03,Introduced In House - Assigned to Health & Insurance,1
HB22-1279,2022,RS,House,2022-03-09,House Committee on Health & Insurance Refer Unamended to House Committee of the Whole,2
HB22-1279,2022,RS,House,2022-03-12,House Second Reading Special Order - Passed - No Amendments,3
HB22-1279,2022,RS,House,2022-03-14,House Third Reading Passed - No Amendments,4
HB22-1279,2022,RS,Senate,2022-03-14,Introduced In Senate - Assigned to Judiciary,5
HB22-1279,2022,RS,Senate,2022-03-17,Senate Committee on Judiciary Refer Unamended to Senate Committee of the Whole,6
HB22-1279,2022,RS,Senate,2022-03-22,Senate Second Reading Passed - No Amendments,7
HB22-1279,2022,RS,Senate,2022-03-23,Senate Third Reading Passed - No Amendments,8
HB22-1279,2022,RS,House,2022-03-28,Signed by the Speaker of the House,9
HB22-1279,2022,RS,Senate,2022-03-29,Signed by the President of the Senate,10
HB22-1279,2022,RS,Governor,2022-03-29,Sent to the Governor,11
HB22-1279,2022,RS,Governor,2022-04-04,Governor Signed,12
HB22-1280,2022,RS,House,2022-03-04,Introduced In House - Assigned to Education,1
HB22-1280,2022,RS,House,2022-03-24,House Committee on Education Refer Unamended to House Committee of the Whole,2
HB22-1280,2022,RS,House,2022-03-28,House Second Reading Special Order - Passed - No Amendments,3
HB22-1280,2022,RS,House,2022-03-29,House Third Reading Passed - No Amendments,4
HB22-1280,2022,RS,Senate,2022-03-30,Introduced In Senate - Assigned to Education,5
HB22-1280,2022,RS,Senate,2022-04-07,Senate Committee on Education Refer Unamended - Consent Calendar to Senate Committee of the Whole,6
HB22-1280,2022,RS,Senate,2022-04-08,Senate Second Reading Special Order - Passed - No Amendments,7
HB22-1280,2022,RS,Senate,2022-04-11,Senate Third Reading Passed - No Amendments,8
HB22-1280,2022,RS,House,2022-04-21,Signed by the Speaker of the House,9
HB22-1280,2022,RS,Senate,2022-04-22,Signed by the President of the Senate,10
HB22-1280,2022,RS,Governor,2022-04-22,Sent to the Governor,11
HB22-1280,2022,RS,Governor,2022-04-22,Governor Signed,12
HB22-1281,2022,RS,House,2022-03-07,Introduced In House - Assigned to Public & Behavioral Health & Human Services,1
HB22-1281,2022,RS,House,2022-04-05,House Committee on Public & Behavioral Health & Human Services Refer Amended to Appropriations,2
HB22-1281,2022,RS,House,2022-04-19,House Committee on Appropriations Refer Amended to House Committee of the Whole,3
HB22-1281,2022,RS,House,2022-04-21,House Second Reading Special Order - Laid Over Daily - No Amendments,4
HB22-1281,2022,RS,House,2022-04-22,"House Second Reading Special Order - Passed with Amendments - Committee, Floor",5
HB22-1281,2022,RS,House,2022-04-25,House Third Reading Passed - No Amendments,6
HB22-1281,2022,RS,Senate,2022-04-25,Introduced In Senate - Assigned to Appropriations,7
HB22-1281,2022,RS,Senate,2022-05-06,Senate Committee on Appropriations Refer Amended to Senate Committee of the Whole,8
HB22-1281,2022,RS,Senate,2022-05-06,"Senate Second Reading Special Order - Passed with Amendments - Committee, Floor",9
HB22-1281,2022,RS,Senate,2022-05-09,Senate Third Reading Passed - No Amendments,10
HB22-1281,2022,RS,House,2022-05-10,House Considered Senate Amendments - Result was to Concur - Repass,11
HB22-1281,2022,RS,House,2022-05-16,Signed by the Speaker of the House,12
HB22-1281,2022,RS,Senate,2022-05-16,Signed by the President of the Senate,13
HB22-1281,2022,RS,Governor,2022-05-16,Sent to the Governor,14
HB22-1281,2022,RS,Governor,2022-05-18,Governor Signed,15
HB22-1282,2022,RS,House,2022-03-07,Introduced In House - Assigned to Business Affairs & Labor,1
HB22-1282,2022,RS,House,2022-03-24,House Committee on Business Affairs & Labor Refer Amended to Appropriations,2
HB22-1282,2022,RS,House,2022-04-12,House Committee on Appropriations Refer Amended to House Committee of the Whole,3
HB22-1282,2022,RS,House,2022-04-12,House Second Reading Special Order - Passed with Amendments - Committee,4
HB22-1282,2022,RS,House,2022-04-13,House Third Reading Passed - No Amendments,5
HB22-1282,2022,RS,Senate,2022-04-18,"Introduced In Senate - Assigned to Business, Labor, & Technology",6
HB22-1282,2022,RS,Senate,2022-04-25,"Senate Committee on Business, Labor, & Technology Refer Unamended to Appropriations",7
HB22-1282,2022,RS,Senate,2022-04-28,Senate Committee on Appropriations Refer Unamended to Senate Committee of the Whole,8
HB22-1282,2022,RS,Senate,2022-04-28,Senate Second Reading Special Order - Passed - No Amendments,9
HB22-1282,2022,RS,Senate,2022-04-29,Senate Third Reading Passed - No Amendments,10
HB22-1282,2022,RS,House,2022-05-06,Signed by the Speaker of the House,11
HB22-1282,2022,RS,Senate,2022-05-09,Signed by the President of the Senate,12
HB22-1282,2022,RS,Governor,2022-05-09,Sent to the Governor,13
HB22-1282,2022,RS,Governor,2022-05-20,Governor Signed,14
HB22-1283,2022,RS,House,2022-03-07,Introduced In House - Assigned to Public & Behavioral Health & Human Services,1
HB22-1283,2022,RS,House,2022-04-05,House Committee on Public & Behavioral Health & Human Services Refer Amended to Appropriations,2
HB22-1283,2022,RS,House,2022-04-19,House Committee on Appropriations Refer Amended to House Committee of the Whole,3
HB22-1283,2022,RS,House,2022-04-19,"House Second Reading Special Order - Passed with Amendments - Committee, Floor",4
HB22-1283,2022,RS,House,2022-04-20,House Third Reading Passed with Amendments - Floor,5
HB22-1283,2022,RS,Senate,2022-04-21,Introduced In Senate - Assigned to Health & Human Services,6
HB22-1283,2022,RS,Senate,2022-04-27,Senate Committee on Health & Human Services Refer Unamended to Appropriations,7
HB22-1283,2022,RS,Senate,2022-05-06,Senate Committee on Appropriations Refer Amended - Consent Calendar to Senate Committee of the Whole,8
HB22-1283,2022,RS,Senate,2022-05-06,Senate Second Reading Special Order - Passed with Amendments - Committee,9
HB22-1283,2022,RS,Senate,2022-05-09,Senate Third Reading Passed - No Amendments,10
HB22-1283,2022,RS,House,2022-05-10,House Considered Senate Amendments - Result was to Concur - Repass,11
HB22-1283,2022,RS,House,2022-05-16,Signed by the Speaker of the House,12
HB22-1283,2022,RS,Senate,2022-05-16,Signed by the President of the Senate,13
HB22-1283,2022,RS,Governor,2022-05-16,Sent to the Governor,14
HB22-1283,2022,RS,Governor,2022-05-18,Governor Signed,15
HB22-1284,2022,RS,House,2022-03-08,Introduced In House - Assigned to Health & Insurance,1
HB22-1284,2022,RS,House,2022-04-13,House Committee on Health & Insurance Refer Amended to Appropriations,2
HB22-1284,2022,RS,House,2022-04-21,House Committee on Appropriations Refer Amended to House Committee of the Whole,3
HB22-1284,2022,RS,House,2022-04-22,"House Second Reading Special Order - Passed with Amendments - Committee, Floor",4
HB22-1284,2022,RS,House,2022-04-25,House Third Reading Passed - No Amendments,5
HB22-1284,2022,RS,Senate,2022-04-25,Introduced In Senate - Assigned to Health & Human Services,6
HB22-1284,2022,RS,Senate,2022-04-28,Senate Committee on Health & Human Services Refer Unamended to Appropriations,7
HB22-1284,2022,RS,Senate,2022-05-03,Senate Committee on Appropriations Refer Amended - Consent Calendar to Senate Committee of the Whole,8
HB22-1284,2022,RS,Senate,2022-05-03,Senate Second Reading Special Order - Passed with Amendments - Committee,9
HB22-1284,2022,RS,Senate,2022-05-04,Senate Third Reading Passed - No Amendments,10
HB22-1284,2022,RS,House,2022-05-06,House Considered Senate Amendments - Result was to Laid Over Daily,11
HB22-1284,2022,RS,House,2022-05-10,House Considered Senate Amendments - Result was to Concur - Repass,12
HB22-1284,2022,RS,House,2022-06-03,Signed by the Speaker of the House,13
HB22-1284,2022,RS,Senate,2022-06-06,Signed by the President of the Senate,14
HB22-1284,2022,RS,Governor,2022-06-06,Sent to the Governor,15
HB22-1284,2022,RS,Governor,2022-06-08,Governor Signed,16
HB22-1285,2022,RS,House,2022-03-08,Introduced In House - Assigned to Health & Insurance,1
HB22-1285,2022,RS,House,2022-04-13,House Committee on Health & Insurance Refer Amended to House Committee of the Whole,2
HB22-1285,2022,RS,House,2022-04-19,House Second Reading Laid Over Daily - No Amendments,3
HB22-1285,2022,RS,House,2022-04-22,"House Second Reading Special Order - Passed with Amendments - Committee, Floor",4
HB22-1285,2022,RS,House,2022-04-25,House Third Reading Laid Over Daily - No Amendments,5
HB22-1285,2022,RS,House,2022-04-26,House Third Reading Passed with Amendments - Floor,6
HB22-1285,2022,RS,Senate,2022-04-26,Introduced In Senate - Assigned to Health & Human Services,7
HB22-1285,2022,RS,Senate,2022-04-28,Senate Committee on Health & Human Services Refer Unamended - Consent Calendar to Senate Committee of the Whole,8
HB22-1285,2022,RS,Senate,2022-05-02,Senate Second Reading Special Order - Passed with Amendments - Floor,9
HB22-1285,2022,RS,Senate,2022-05-03,Senate Third Reading Passed - No Amendments,10
HB22-1285,2022,RS,House,2022-05-04,House Considered Senate Amendments - Result was to Laid Over Daily,11
HB22-1285,2022,RS,House,2022-05-10,House Considered Senate Amendments - Result was to Concur - Repass,12
HB22-1285,2022,RS,House,2022-06-01,Signed by the Speaker of the House,13
HB22-1285,2022,RS,Senate,2022-06-01,Signed by the President of the Senate,14
HB22-1285,2022,RS,Governor,2022-06-01,Sent to the Governor,15
HB22-1285,2022,RS,Governor,2022-06-08,Governor Signed,16
HB22-1286,2022,RS,House,2022-03-08,Introduced In House - Assigned to Appropriations,1
HB22-1286,2022,RS,House,2022-03-11,House Committee on Appropriations Refer Amended to House Committee of the Whole,2
HB22-1286,2022,RS,House,2022-03-14,House Second Reading Laid Over Daily - No Amendments,3
HB22-1286,2022,RS,House,2022-03-16,House Second Reading Special Order - Passed with Amendments - Committee,4
HB22-1286,2022,RS,House,2022-03-17,House Third Reading Passed - No Amendments,5
HB22-1286,2022,RS,Senate,2022-03-21,Introduced In Senate - Assigned to Appropriations,6
HB22-1286,2022,RS,Senate,2022-03-29,Senate Committee on Appropriations Refer Unamended to Senate Committee of the Whole,7
HB22-1286,2022,RS,Senate,2022-03-31,Senate Second Reading Passed - No Amendments,8
HB22-1286,2022,RS,Senate,2022-04-01,Senate Third Reading Passed - No Amendments,9
HB22-1286,2022,RS,House,2022-04-05,Signed by the Speaker of the House,10
HB22-1286,2022,RS,Senate,2022-04-05,Signed by the President of the Senate,11
HB22-1286,2022,RS,Governor,2022-04-06,Sent to the Governor,12
HB22-1286,2022,RS,Governor,2022-04-12,Governor Signed,13
HB22-1287,2022,RS,House,2022-03-08,Introduced In House - Assigned to Transportation & Local Government,1
HB22-1287,2022,RS,House,2022-03-23,House Committee on Transportation & Local Government Refer Amended to Appropriations,2
HB22-1287,2022,RS,House,2022-04-19,House Committee on Appropriations Refer Amended to House Committee of the Whole,3
HB22-1287,2022,RS,House,2022-04-21,House Second Reading Laid Over Daily - No Amendments,4
HB22-1287,2022,RS,House,2022-04-22,"House Second Reading Special Order - Passed with Amendments - Committee, Floor",5
HB22-1287,2022,RS,House,2022-04-25,House Third Reading Passed - No Amendments,6
HB22-1287,2022,RS,Senate,2022-04-25,Introduced In Senate - Assigned to Finance,7
HB22-1287,2022,RS,Senate,2022-05-02,Senate Committee on Finance Refer Amended to Appropriations,8
HB22-1287,2022,RS,Senate,2022-05-05,Senate Committee on Appropriations Refer Amended to Senate Committee of the Whole,9
HB22-1287,2022,RS,Senate,2022-05-05,"Senate Second Reading Special Order - Passed with Amendments - Committee, Floor",10
HB22-1287,2022,RS,Senate,2022-05-06,Senate Third Reading Passed with Amendments - Floor,11
HB22-1287,2022,RS,House,2022-05-09,House Considered Senate Amendments - Result was to Laid Over Daily,12
HB22-1287,2022,RS,House,2022-05-10,House Considered Senate Amendments - Result was to Concur - Repass,13
HB22-1287,2022,RS,House,2022-05-14,Signed by the Speaker of the House,14
HB22-1287,2022,RS,Senate,2022-05-16,Signed by the President of the Senate,15
HB22-1287,2022,RS,Governor,2022-05-16,Sent to the Governor,16
HB22-1287,2022,RS,Governor,2022-05-26,Governor Signed,17
HB22-1288,2022,RS,House,2022-03-09,Introduced In House - Assigned to Judiciary,1
HB22-1288,2022,RS,House,2022-03-16,House Committee on Judiciary Refer Unamended to House Committee of the Whole,2
HB22-1288,2022,RS,House,2022-03-18,House Second Reading Special Order - Passed with Amendments - Floor,3
HB22-1288,2022,RS,House,2022-03-21,House Third Reading Passed - No Amendments,4
HB22-1288,2022,RS,Senate,2022-03-23,Introduced In Senate - Assigned to Judiciary,5
HB22-1288,2022,RS,Senate,2022-04-07,Senate Committee on Judiciary Refer Unamended - Consent Calendar to Senate Committee of the Whole,6
HB22-1288,2022,RS,Senate,2022-04-12,Senate Second Reading Passed - No Amendments,7
HB22-1288,2022,RS,Senate,2022-04-13,Senate Third Reading Passed - No Amendments,8
HB22-1288,2022,RS,House,2022-04-21,Signed by the Speaker of the House,9
HB22-1288,2022,RS,Senate,2022-04-22,Signed by the President of the Senate,10
HB22-1288,2022,RS,Governor,2022-04-22,Sent to the Governor,11
HB22-1288,2022,RS,Governor,2022-05-02,Governor Signed,12
HB22-1289,2022,RS,House,2022-03-09,Introduced In House - Assigned to Public & Behavioral Health & Human Services,1
HB22-1289,2022,RS,House,2022-03-25,House Committee on Public & Behavioral Health & Human Services Refer Amended to Appropriations,2
HB22-1289,2022,RS,House,2022-04-19,House Committee on Appropriations Refer Amended to House Committee of the Whole,3
HB22-1289,2022,RS,House,2022-04-19,House Second Reading Special Order - Laid Over Daily - No Amendments,4
HB22-1289,2022,RS,House,2022-04-20,"House Second Reading Special Order - Passed with Amendments - Committee, Floor",5
HB22-1289,2022,RS,House,2022-04-21,House Third Reading Laid Over Daily - No Amendments,6
HB22-1289,2022,RS,House,2022-04-22,House Third Reading Passed - No Amendments,7
HB22-1289,2022,RS,Senate,2022-04-22,Introduced In Senate - Assigned to Health & Human Services,8
HB22-1289,2022,RS,Senate,2022-04-28,Senate Committee on Health & Human Services Refer Amended to Appropriations,9
HB22-1289,2022,RS,Senate,2022-05-03,Senate Committee on Appropriations Refer Amended to Senate Committee of the Whole,10
HB22-1289,2022,RS,Senate,2022-05-03,Senate Second Reading Laid Over Daily - No Amendments,11
HB22-1289,2022,RS,Senate,2022-05-04,Senate Second Reading Special Order - Passed with Amendments - Committee,12
HB22-1289,2022,RS,Senate,2022-05-05,Senate Third Reading Passed - No Amendments,13
HB22-1289,2022,RS,House,2022-05-09,House Considered Senate Amendments - Result was to Laid Over Daily,14
HB22-1289,2022,RS,House,2022-05-10,House Considered Senate Amendments - Result was to Concur - Repass,15
HB22-1289,2022,RS,House,2022-06-03,Signed by the Speaker of the House,16
HB22-1289,2022,RS,Senate,2022-06-06,Signed by the President of the Senate,17
HB22-1289,2022,RS,Governor,2022-06-06,Sent to the Governor,18
HB22-1289,2022,RS,Governor,2022-06-07,Governor Signed,19
HB22-1290,2022,RS,House,2022-03-09,Introduced In House - Assigned to Health & Insurance,1
HB22-1290,2022,RS,House,2022-03-22,House Committee on Health & Insurance Refer Unamended to Appropriations,2
HB22-1290,2022,RS,House,2022-04-21,House Committee on Appropriations Refer Amended to House Committee of the Whole,3
HB22-1290,2022,RS,House,2022-04-21,House Second Reading Special Order - Laid Over Daily - No Amendments,4
HB22-1290,2022,RS,House,2022-04-22,"House Second Reading Special Order - Passed with Amendments - Committee, Floor",5
HB22-1290,2022,RS,House,2022-04-25,House Third Reading Passed - No Amendments,6
HB22-1290,2022,RS,Senate,2022-04-25,Introduced In Senate - Assigned to Health & Human Services,7
HB22-1290,2022,RS,Senate,2022-04-28,Senate Committee on Health & Human Services Refer Unamended to Appropriations,8
HB22-1290,2022,RS,Senate,2022-05-03,Senate Committee on Appropriations Refer Unamended to Senate Committee of the Whole,9
HB22-1290,2022,RS,Senate,2022-05-03,Senate Second Reading Laid Over Daily - No Amendments,10
HB22-1290,2022,RS,Senate,2022-05-04,Senate Second Reading Special Order - Passed - No Amendments,11
HB22-1290,2022,RS,Senate,2022-05-05,Senate Third Reading Passed - No Amendments,12
HB22-1290,2022,RS,House,2022-05-25,Signed by the Speaker of the House,13
HB22-1290,2022,RS,Senate,2022-05-25,Signed by the President of the Senate,14
HB22-1290,2022,RS,Governor,2022-05-25,Sent to the Governor,15
HB22-1290,2022,RS,Governor,2022-06-02,Governor Signed,16
HB22-1291,2022,RS,House,2022-03-09,"Introduced In House - Assigned to State, Civic, Military, & Veterans Affairs",1
HB22-1291,2022,RS,House,2022-04-04,"House Committee on State, Civic, Military, & Veterans Affairs Refer Unamended to House Committee of the Whole",2
HB22-1291,2022,RS,House,2022-04-07,House Second Reading Special Order - Passed - No Amendments,3
HB22-1291,2022,RS,House,2022-04-08,House Third Reading Passed - No Amendments,4
HB22-1291,2022,RS,Senate,2022-04-13,"Introduced In Senate - Assigned to Business, Labor, & Technology",5
HB22-1291,2022,RS,Senate,2022-04-20,"Senate Committee on Business, Labor, & Technology Refer Unamended to Senate Committee of the Whole",6
HB22-1291,2022,RS,Senate,2022-04-22,Senate Second Reading Passed - No Amendments,7
HB22-1291,2022,RS,Senate,2022-04-25,Senate Third Reading Passed - No Amendments,8
HB22-1291,2022,RS,House,2022-05-14,Signed by the Speaker of the House,9
HB22-1291,2022,RS,Senate,2022-05-16,Signed by the President of the Senate,10
HB22-1291,2022,RS,Governor,2022-05-16,Sent to the Governor,11
HB22-1291,2022,RS,Governor,2022-05-25,Governor Signed,12
HB22-1292,2022,RS,House,2022-03-09,Introduced In House - Assigned to Public & Behavioral Health & Human Services,1
HB22-1292,2022,RS,House,2022-03-18,House Committee on Public & Behavioral Health & Human Services Refer Amended to House Committee of the Whole,2
HB22-1292,2022,RS,House,2022-03-23,"House Second Reading Passed with Amendments - Committee, Floor",3
HB22-1292,2022,RS,House,2022-03-24,House Third Reading Laid Over Daily - No Amendments,4
HB22-1292,2022,RS,House,2022-03-25,House Third Reading Passed - No Amendments,5
HB22-1292,2022,RS,Senate,2022-03-29,Introduced In Senate - Assigned to Health & Human Services,6
HB22-1292,2022,RS,Senate,2022-04-13,Senate Committee on Health & Human Services Refer Unamended - Consent Calendar to Senate Committee of the Whole,7
HB22-1292,2022,RS,Senate,2022-04-19,Senate Second Reading Passed - No Amendments,8
HB22-1292,2022,RS,Senate,2022-04-20,Senate Third Reading Passed - No Amendments,9
HB22-1292,2022,RS,House,2022-05-14,Signed by the Speaker of the House,10
HB22-1292,2022,RS,Senate,2022-05-16,Signed by the President of the Senate,11
HB22-1292,2022,RS,Governor,2022-05-16,Sent to the Governor,12
HB22-1292,2022,RS,Governor,2022-05-18,Governor Signed,13
HB22-1293,2022,RS,House,2022-03-10,Introduced In House - Assigned to Health & Insurance,1
HB22-1293,2022,RS,House,2022-04-20,House Committee on Health & Insurance Refer Amended to House Committee of the Whole,2
HB22-1293,2022,RS,House,2022-04-21,House Second Reading Special Order - Laid Over Daily - No Amendments,3
HB22-1293,2022,RS,House,2022-04-26,House Second Reading Laid Over to 05/12/2022 - No Amendments,4
HB22-1294,2022,RS,House,2022-03-10,Introduced In House - Assigned to Education,1
HB22-1294,2022,RS,House,2022-03-24,House Committee on Education Refer Amended to House Committee of the Whole,2
HB22-1294,2022,RS,House,2022-03-28,"House Second Reading Special Order - Passed with Amendments - Committee, Floor",3
HB22-1294,2022,RS,House,2022-03-29,House Third Reading Passed - No Amendments,4
HB22-1294,2022,RS,Senate,2022-04-01,Introduced In Senate - Assigned to Education,5
HB22-1294,2022,RS,Senate,2022-04-07,Senate Committee on Education Refer Amended to Senate Committee of the Whole,6
HB22-1294,2022,RS,Senate,2022-04-11,Senate Second Reading Laid Over Daily - No Amendments,7
HB22-1294,2022,RS,Senate,2022-04-12,Senate Second Reading Referred to Appropriations - No Amendments,8
HB22-1294,2022,RS,Senate,2022-04-21,Senate Committee on Appropriations Refer Amended - Consent Calendar to Senate Committee of the Whole,9
HB22-1294,2022,RS,Senate,2022-04-21,Senate Second Reading Special Order - Passed with Amendments - Committee,10
HB22-1294,2022,RS,Senate,2022-04-22,Senate Third Reading Passed - No Amendments,11
HB22-1294,2022,RS,House,2022-04-25,House Considered Senate Amendments - Result was to Laid Over Daily,12
HB22-1294,2022,RS,House,2022-04-28,House Considered Senate Amendments - Result was to Concur - Repass,13
HB22-1294,2022,RS,House,2022-05-17,Signed by the Speaker of the House,14
HB22-1294,2022,RS,Senate,2022-05-17,Signed by the President of the Senate,15
HB22-1294,2022,RS,Governor,2022-05-17,Sent to the Governor,16
HB22-1294,2022,RS,Governor,2022-05-26,Governor Signed,17
HB22-1295,2022,RS,House,2022-03-11,Introduced In House - Assigned to Education,1
HB22-1295,2022,RS,House,2022-03-17,House Committee on Education Refer Amended to Appropriations,2
HB22-1295,2022,RS,House,2022-03-23,House Committee on Appropriations Refer Amended to House Committee of the Whole,3
HB22-1295,2022,RS,House,2022-03-23,"House Second Reading Special Order - Laid Over Daily with Amendments - Committee, Floor",4
HB22-1295,2022,RS,House,2022-03-24,"House Second Reading Special Order - Passed with Amendments - Committee, Floor",5
HB22-1295,2022,RS,House,2022-03-25,House Third Reading Passed - No Amendments,6
HB22-1295,2022,RS,Senate,2022-03-25,Introduced In Senate - Assigned to Education,7
HB22-1295,2022,RS,Senate,2022-03-31,Senate Committee on Education Refer Amended to Appropriations,8
HB22-1295,2022,RS,Senate,2022-04-08,Senate Committee on Appropriations Refer Amended to Senate Committee of the Whole,9
HB22-1295,2022,RS,Senate,2022-04-12,"Senate Second Reading Passed with Amendments - Committee, Floor",10
HB22-1295,2022,RS,Senate,2022-04-13,Senate Third Reading Laid Over Daily - No Amendments,11
HB22-1295,2022,RS,Senate,2022-04-14,Senate Third Reading Passed with Amendments - Floor,12
HB22-1295,2022,RS,House,2022-04-18,House Considered Senate Amendments - Result was to Concur - Repass,13
HB22-1295,2022,RS,House,2022-04-25,Signed by the Speaker of the House,14
HB22-1295,2022,RS,Senate,2022-04-25,Signed by the President of the Senate,15
HB22-1295,2022,RS,Governor,2022-04-25,Sent to the Governor,16
HB22-1295,2022,RS,Governor,2022-04-25,Governor Signed,17
HB22-1296,2022,RS,House,2022-03-11,Introduced In House - Assigned to Health & Insurance,1
HB22-1296,2022,RS,House,2022-04-12,House Committee on Health & Insurance Refer Amended to House Committee of the Whole,2
HB22-1296,2022,RS,House,2022-04-13,House Second Reading Special Order - Passed with Amendments - Committee,3
HB22-1296,2022,RS,House,2022-04-14,House Third Reading Passed - No Amendments,4
HB22-1296,2022,RS,Senate,2022-04-18,Introduced In Senate - Assigned to Finance,5
HB22-1296,2022,RS,Senate,2022-04-25,Senate Committee on Finance Refer Unamended - Consent Calendar to Senate Committee of the Whole,6
HB22-1296,2022,RS,Senate,2022-04-26,Senate Second Reading Special Order - Passed - No Amendments,7
HB22-1296,2022,RS,Senate,2022-04-27,Senate Third Reading Passed - No Amendments,8
HB22-1296,2022,RS,House,2022-05-26,Signed by the Speaker of the House,9
HB22-1296,2022,RS,Senate,2022-05-31,Signed by the President of the Senate,10
HB22-1296,2022,RS,Governor,2022-05-31,Sent to the Governor,11
HB22-1296,2022,RS,Governor,2022-06-02,Governor Signed,12
HB22-1297,2022,RS,House,2022-03-11,"Introduced In House - Assigned to State, Civic, Military, & Veterans Affairs",1
HB22-1297,2022,RS,House,2022-03-28,"House Committee on State, Civic, Military, & Veterans Affairs Refer Amended to House Committee of the Whole",2
HB22-1297,2022,RS,House,2022-03-31,House Second Reading Special Order - Passed with Amendments - Committee,3
HB22-1297,2022,RS,House,2022-04-01,House Third Reading Passed - No Amendments,4
HB22-1297,2022,RS,Senate,2022-04-04,"Introduced In Senate - Assigned to State, Veterans, & Military Affairs",5
HB22-1297,2022,RS,Senate,2022-04-12,"Senate Committee on State, Veterans, & Military Affairs Refer Unamended to Senate Committee of the Whole",6
HB22-1297,2022,RS,Senate,2022-04-18,Senate Second Reading Passed - No Amendments,7
HB22-1297,2022,RS,Senate,2022-04-19,Senate Third Reading Passed - No Amendments,8
HB22-1297,2022,RS,House,2022-05-23,Signed by the Speaker of the House,9
HB22-1297,2022,RS,Senate,2022-05-25,Signed by the President of the Senate,10
HB22-1297,2022,RS,Governor,2022-05-25,Sent to the Governor,11
HB22-1297,2022,RS,Governor,2022-06-02,Governor Signed,12
HB22-1298,2022,RS,House,2022-03-14,Introduced In House - Assigned to Finance,1
HB22-1298,2022,RS,House,2022-03-24,House Committee on Finance Refer Unamended to Appropriations,2
HB22-1298,2022,RS,House,2022-04-05,House Committee on Appropriations Refer Unamended to House Committee of the Whole,3
HB22-1298,2022,RS,House,2022-04-05,House Second Reading Special Order - Passed - No Amendments,4
HB22-1298,2022,RS,House,2022-04-06,House Third Reading Passed - No Amendments,5
HB22-1298,2022,RS,Senate,2022-04-07,Introduced In Senate - Assigned to Finance,6
HB22-1298,2022,RS,Senate,2022-04-20,Senate Committee on Finance Refer Unamended to Appropriations,7
HB22-1298,2022,RS,Senate,2022-04-25,Senate Committee on Appropriations Refer Unamended to Senate Committee of the Whole,8
HB22-1298,2022,RS,Senate,2022-04-25,Senate Second Reading Special Order - Passed - No Amendments,9
HB22-1298,2022,RS,Senate,2022-04-26,Senate Third Reading Passed - No Amendments,10
HB22-1298,2022,RS,House,2022-05-06,Signed by the Speaker of the House,11
HB22-1298,2022,RS,Senate,2022-05-09,Signed by the President of the Senate,12
HB22-1298,2022,RS,Governor,2022-05-09,Sent to the Governor,13
HB22-1298,2022,RS,Governor,2022-05-18,Governor Signed,14
HB22-1299,2022,RS,House,2022-03-14,Introduced In House - Assigned to Finance,1
HB22-1299,2022,RS,House,2022-03-28,House Committee on Finance Refer Unamended to Appropriations,2
HB22-1299,2022,RS,House,2022-04-05,House Committee on Appropriations Refer Unamended to House Committee of the Whole,3
HB22-1299,2022,RS,House,2022-04-05,House Second Reading Special Order - Passed - No Amendments,4
HB22-1299,2022,RS,House,2022-04-06,House Third Reading Passed - No Amendments,5
HB22-1299,2022,RS,Senate,2022-04-07,Introduced In Senate - Assigned to Finance,6
HB22-1299,2022,RS,Senate,2022-04-20,Senate Committee on Finance Refer Unamended to Appropriations,7
HB22-1299,2022,RS,Senate,2022-04-25,Senate Committee on Appropriations Refer Unamended - Consent Calendar to Senate Committee of the Whole,8
HB22-1299,2022,RS,Senate,2022-04-25,Senate Second Reading Special Order - Passed - No Amendments,9
HB22-1299,2022,RS,Senate,2022-04-26,Senate Third Reading Passed - No Amendments,10
HB22-1299,2022,RS,House,2022-05-06,Signed by the Speaker of the House,11
HB22-1299,2022,RS,Senate,2022-05-09,Signed by the President of the Senate,12
HB22-1299,2022,RS,Governor,2022-05-09,Sent to the Governor,13
HB22-1299,2022,RS,Governor,2022-05-17,Governor Signed,14
HB22-1300,2022,RS,House,2022-03-15,Introduced In House - Assigned to Judiciary,1
HB22-1300,2022,RS,House,2022-03-23,House Committee on Judiciary Refer Amended to House Committee of the Whole,2
HB22-1300,2022,RS,House,2022-03-28,"House Second Reading Special Order - Passed with Amendments - Committee, Floor",3
HB22-1300,2022,RS,House,2022-03-29,House Third Reading Passed - No Amendments,4
HB22-1300,2022,RS,Senate,2022-03-30,Introduced In Senate - Assigned to Local Government,5
HB22-1300,2022,RS,Senate,2022-04-19,Senate Committee on Local Government Refer Unamended - Consent Calendar to Senate Committee of the Whole,6
HB22-1300,2022,RS,Senate,2022-04-21,Senate Second Reading Special Order - Passed - No Amendments,7
HB22-1300,2022,RS,Senate,2022-04-22,Senate Third Reading Passed - No Amendments,8
HB22-1300,2022,RS,House,2022-05-27,Signed by the Speaker of the House,9
HB22-1300,2022,RS,Senate,2022-05-31,Signed by the President of the Senate,10
HB22-1300,2022,RS,Governor,2022-05-31,Sent to the Governor,11
HB22-1300,2022,RS,Governor,2022-06-08,Governor Signed,12
HB22-1301,2022,RS,House,2022-03-15,Introduced In House - Assigned to Transportation & Local Government,1
HB22-1301,2022,RS,House,2022-04-13,House Committee on Transportation & Local Government Refer Amended to House Committee of the Whole,2
HB22-1301,2022,RS,House,2022-04-14,House Second Reading Special Order - Passed with Amendments - Committee,3
HB22-1301,2022,RS,House,2022-04-18,House Third Reading Passed - No Amendments,4
HB22-1301,2022,RS,Senate,2022-04-20,Introduced In Senate - Assigned to Finance,5
HB22-1301,2022,RS,Senate,2022-04-27,Senate Committee on Finance Refer Unamended to Senate Committee of the Whole,6
HB22-1301,2022,RS,Senate,2022-04-28,Senate Second Reading Special Order - Laid Over Daily - No Amendments,7
HB22-1301,2022,RS,Senate,2022-04-29,Senate Second Reading Special Order - Passed with Amendments - Floor,8
HB22-1301,2022,RS,Senate,2022-05-02,Senate Third Reading Passed - No Amendments,9
HB22-1301,2022,RS,House,2022-05-03,House Considered Senate Amendments - Result was to Laid Over Daily,10
HB22-1301,2022,RS,House,2022-05-10,House Considered Senate Amendments - Result was to Concur - Repass,11
HB22-1301,2022,RS,House,2022-05-19,Signed by the Speaker of the House,12
HB22-1301,2022,RS,Senate,2022-05-19,Signed by the President of the Senate,13
HB22-1301,2022,RS,Governor,2022-05-19,Sent to the Governor,14
HB22-1301,2022,RS,Governor,2022-05-20,Governor Signed,15
HB22-1302,2022,RS,House,2022-03-16,Introduced In House - Assigned to Public & Behavioral Health & Human Services,1
HB22-1302,2022,RS,House,2022-03-29,House Committee on Public & Behavioral Health & Human Services Refer Amended to Appropriations,2
HB22-1302,2022,RS,House,2022-04-08,House Committee on Appropriations Refer Amended to House Committee of the Whole,3
HB22-1302,2022,RS,House,2022-04-08,"House Second Reading Special Order - Passed with Amendments - Committee, Floor",4
HB22-1302,2022,RS,House,2022-04-11,House Third Reading Passed - No Amendments,5
HB22-1302,2022,RS,Senate,2022-04-13,Introduced In Senate - Assigned to Health & Human Services,6
HB22-1302,2022,RS,Senate,2022-04-25,Senate Committee on Health & Human Services Refer Amended to Appropriations,7
HB22-1302,2022,RS,Senate,2022-05-06,Senate Committee on Appropriations Refer Amended to Senate Committee of the Whole,8
HB22-1302,2022,RS,Senate,2022-05-06,Senate Second Reading Special Order - Passed with Amendments - Committee,9
HB22-1302,2022,RS,Senate,2022-05-09,Senate Third Reading Passed - No Amendments,10
HB22-1302,2022,RS,House,2022-05-10,House Considered Senate Amendments - Result was to Concur - Repass,11
HB22-1302,2022,RS,House,2022-05-16,Signed by the Speaker of the House,12
HB22-1302,2022,RS,Senate,2022-05-16,Signed by the President of the Senate,13
HB22-1302,2022,RS,Governor,2022-05-16,Sent to the Governor,14
HB22-1302,2022,RS,Governor,2022-05-18,Governor Signed,15
HB22-1303,2022,RS,House,2022-03-16,Introduced In House - Assigned to Public & Behavioral Health & Human Services,1
HB22-1303,2022,RS,House,2022-03-29,House Committee on Public & Behavioral Health & Human Services Refer Amended to Appropriations,2
HB22-1303,2022,RS,House,2022-04-19,House Committee on Appropriations Refer Amended to House Committee of the Whole,3
HB22-1303,2022,RS,House,2022-04-19,"House Second Reading Special Order - Passed with Amendments - Committee, Floor",4
HB22-1303,2022,RS,House,2022-04-20,House Third Reading Passed - No Amendments,5
HB22-1303,2022,RS,Senate,2022-04-21,Introduced In Senate - Assigned to Health & Human Services,6
HB22-1303,2022,RS,Senate,2022-04-27,Senate Committee on Health & Human Services Refer Unamended to Appropriations,7
HB22-1303,2022,RS,Senate,2022-05-06,Senate Committee on Appropriations Refer Amended to Senate Committee of the Whole,8
HB22-1303,2022,RS,Senate,2022-05-06,Senate Second Reading Special Order - Passed with Amendments - Committee,9
HB22-1303,2022,RS,Senate,2022-05-09,Senate Third Reading Passed - No Amendments,10
HB22-1303,2022,RS,House,2022-05-10,House Considered Senate Amendments - Result was to Concur - Repass,11
HB22-1303,2022,RS,House,2022-05-18,Signed by the Speaker of the House,12
HB22-1303,2022,RS,Senate,2022-05-18,Signed by the President of the Senate,13
HB22-1303,2022,RS,Governor,2022-05-18,Sent to the Governor,14
HB22-1303,2022,RS,Governor,2022-05-18,Governor Signed,15
HB22-1304,2022,RS,House,2022-03-16,Introduced In House - Assigned to Transportation & Local Government,1
HB22-1304,2022,RS,House,2022-03-29,House Committee on Transportation & Local Government Refer Amended to Appropriations,2
HB22-1304,2022,RS,House,2022-04-08,House Committee on Appropriations Refer Amended to House Committee of the Whole,3
HB22-1304,2022,RS,House,2022-04-12,House Second Reading Laid Over Daily - No Amendments,4
HB22-1304,2022,RS,House,2022-04-14,"House Second Reading Special Order - Passed with Amendments - Committee, Floor",5
HB22-1304,2022,RS,House,2022-04-18,House Third Reading Laid Over Daily - No Amendments,6
HB22-1304,2022,RS,House,2022-04-20,House Third Reading Passed - No Amendments,7
HB22-1304,2022,RS,Senate,2022-04-20,Introduced In Senate - Assigned to Local Government,8
HB22-1304,2022,RS,Senate,2022-04-28,Senate Committee on Local Government Refer Amended to Appropriations,9
HB22-1304,2022,RS,Senate,2022-05-03,Senate Committee on Appropriations Refer Amended to Senate Committee of the Whole,10
HB22-1304,2022,RS,Senate,2022-05-03,Senate Second Reading Laid Over Daily - No Amendments,11
HB22-1304,2022,RS,Senate,2022-05-04,Senate Second Reading Special Order - Passed with Amendments - Committee,12
HB22-1304,2022,RS,Senate,2022-05-05,Senate Third Reading Passed - No Amendments,13
HB22-1304,2022,RS,House,2022-05-09,House Considered Senate Amendments - Result was to Laid Over Daily,14
HB22-1304,2022,RS,House,2022-05-10,House Considered Senate Amendments - Result was to Concur - Repass,15
HB22-1304,2022,RS,House,2022-05-16,Signed by the Speaker of the House,16
HB22-1304,2022,RS,Senate,2022-05-16,Signed by the President of the Senate,17
HB22-1304,2022,RS,Governor,2022-05-16,Sent to the Governor,18
HB22-1304,2022,RS,Governor,2022-06-01,Governor Signed,19
HB22-1305,2022,RS,House,2022-03-18,Introduced In House - Assigned to Finance,1
HB22-1305,2022,RS,House,2022-03-28,House Committee on Finance Refer Unamended to Appropriations,2
HB22-1305,2022,RS,House,2022-04-08,House Committee on Appropriations Refer Unamended to House Committee of the Whole,3
HB22-1305,2022,RS,House,2022-04-08,House Second Reading Special Order - Passed - No Amendments,4
HB22-1305,2022,RS,House,2022-04-11,House Third Reading Passed - No Amendments,5
HB22-1305,2022,RS,Senate,2022-04-13,Introduced In Senate - Assigned to Finance,6
HB22-1305,2022,RS,Senate,2022-05-02,Senate Committee on Finance Postpone Indefinitely,7
HB22-1306,2022,RS,House,2022-03-18,Introduced In House - Assigned to Transportation & Local Government,1
HB22-1306,2022,RS,House,2022-04-05,House Committee on Transportation & Local Government Refer Amended to House Committee of the Whole,2
HB22-1306,2022,RS,House,2022-04-08,House Second Reading Laid Over Daily - No Amendments,3
HB22-1306,2022,RS,House,2022-04-12,"House Second Reading Special Order - Passed with Amendments - Committee, Floor",4
HB22-1306,2022,RS,House,2022-04-13,House Third Reading Passed - No Amendments,5
HB22-1306,2022,RS,Senate,2022-04-18,"Introduced In Senate - Assigned to Business, Labor, & Technology",6
HB22-1306,2022,RS,Senate,2022-04-25,"Senate Committee on Business, Labor, & Technology Refer Unamended - Consent Calendar to Senate Committee of the Whole",7
HB22-1306,2022,RS,Senate,2022-04-26,Senate Second Reading Special Order - Passed - No Amendments,8
HB22-1306,2022,RS,Senate,2022-04-27,Senate Third Reading Laid Over Daily - No Amendments,9
HB22-1306,2022,RS,Senate,2022-04-28,Senate Third Reading Passed - No Amendments,10
HB22-1306,2022,RS,House,2022-05-27,Signed by the Speaker of the House,11
HB22-1306,2022,RS,Senate,2022-05-31,Signed by the President of the Senate,12
HB22-1306,2022,RS,Governor,2022-05-31,Sent to the Governor,13
HB22-1306,2022,RS,Governor,2022-06-02,Governor Signed,14
HB22-1307,2022,RS,House,2022-03-18,Introduced In House - Assigned to Public & Behavioral Health & Human Services,1
HB22-1307,2022,RS,House,2022-03-29,House Committee on Public & Behavioral Health & Human Services Refer Unamended to House Committee of the Whole,2
HB22-1307,2022,RS,House,2022-03-31,House Second Reading Special Order - Passed - No Amendments,3
HB22-1307,2022,RS,House,2022-04-01,House Third Reading Passed - No Amendments,4
HB22-1307,2022,RS,Senate,2022-04-04,"Introduced In Senate - Assigned to State, Veterans, & Military Affairs",5
HB22-1307,2022,RS,Senate,2022-04-12,"Senate Committee on State, Veterans, & Military Affairs Refer Unamended - Consent Calendar to Senate Committee of the Whole",6
HB22-1307,2022,RS,Senate,2022-04-18,Senate Second Reading Passed - No Amendments,7
HB22-1307,2022,RS,Senate,2022-04-19,Senate Third Reading Passed - No Amendments,8
HB22-1307,2022,RS,House,2022-05-14,Signed by the Speaker of the House,9
HB22-1307,2022,RS,Senate,2022-05-16,Signed by the President of the Senate,10
HB22-1307,2022,RS,Governor,2022-05-16,Sent to the Governor,11
HB22-1307,2022,RS,Governor,2022-05-20,Governor Signed,12
HB22-1308,2022,RS,House,2022-03-18,"Introduced In House - Assigned to Agriculture, Livestock, & Water",1
HB22-1308,2022,RS,House,2022-04-04,"House Committee on Agriculture, Livestock, & Water Refer Amended to Appropriations",2
HB22-1308,2022,RS,House,2022-04-29,House Committee on Appropriations Refer Amended to House Committee of the Whole,3
HB22-1308,2022,RS,House,2022-04-29,House Second Reading Special Order - Passed with Amendments - Committee,4
HB22-1308,2022,RS,House,2022-05-02,House Third Reading Passed - No Amendments,5
HB22-1308,2022,RS,Senate,2022-05-02,Introduced In Senate - Assigned to Appropriations,6
HB22-1308,2022,RS,Senate,2022-05-06,Senate Committee on Appropriations Refer Amended to Senate Committee of the Whole,7
HB22-1308,2022,RS,Senate,2022-05-06,Senate Second Reading Special Order - Passed with Amendments - Committee,8
HB22-1308,2022,RS,Senate,2022-05-09,Senate Third Reading Passed - No Amendments,9
HB22-1308,2022,RS,House,2022-05-10,House Considered Senate Amendments - Result was to Concur - Repass,10
HB22-1308,2022,RS,House,2022-06-01,Signed by the Speaker of the House,11
HB22-1308,2022,RS,Senate,2022-06-01,Signed by the President of the Senate,12
HB22-1308,2022,RS,Governor,2022-06-01,Sent to the Governor,13
HB22-1308,2022,RS,Governor,2022-06-03,Governor Signed,14
HB22-1309,2022,RS,House,2022-03-21,Introduced In House - Assigned to Public & Behavioral Health & Human Services,1
HB22-1309,2022,RS,House,2022-04-12,House Committee on Public & Behavioral Health & Human Services Refer Unamended to House Committee of the Whole,2
HB22-1309,2022,RS,House,2022-04-14,House Second Reading Special Order - Passed with Amendments - Floor,3
HB22-1309,2022,RS,House,2022-04-18,House Third Reading Passed - No Amendments,4
HB22-1309,2022,RS,Senate,2022-04-19,Introduced In Senate - Assigned to Health & Human Services,5
HB22-1309,2022,RS,Senate,2022-04-27,Senate Committee on Health & Human Services Refer Unamended - Consent Calendar to Senate Committee of the Whole,6
HB22-1309,2022,RS,Senate,2022-04-28,Senate Second Reading Special Order - Passed - No Amendments,7
HB22-1309,2022,RS,Senate,2022-04-29,Senate Third Reading Passed - No Amendments,8
HB22-1309,2022,RS,House,2022-05-23,Signed by the Speaker of the House,9
HB22-1309,2022,RS,Senate,2022-05-25,Signed by the President of the Senate,10
HB22-1309,2022,RS,Governor,2022-05-25,Sent to the Governor,11
HB22-1309,2022,RS,Governor,2022-05-26,Governor Signed,12
HB22-1310,2022,RS,House,2022-03-21,Introduced In House - Assigned to Education,1
HB22-1310,2022,RS,House,2022-03-31,House Committee on Education Refer Unamended to Finance,2
HB22-1310,2022,RS,House,2022-04-14,House Committee on Finance Refer Unamended to Appropriations,3
HB22-1310,2022,RS,House,2022-04-21,House Committee on Appropriations Refer Unamended to House Committee of the Whole,4
HB22-1310,2022,RS,House,2022-04-21,House Second Reading Special Order - Laid Over Daily - No Amendments,5
HB22-1310,2022,RS,House,2022-04-22,House Second Reading Special Order - Passed with Amendments - Floor,6
HB22-1310,2022,RS,House,2022-04-25,House Third Reading Passed - No Amendments,7
HB22-1310,2022,RS,Senate,2022-04-25,Introduced In Senate - Assigned to Finance,8
HB22-1310,2022,RS,Senate,2022-04-27,Senate Committee on Finance Refer Unamended to Appropriations,9
HB22-1310,2022,RS,Senate,2022-05-03,Senate Committee on Appropriations Refer Unamended - Consent Calendar to Senate Committee of the Whole,10
HB22-1310,2022,RS,Senate,2022-05-03,Senate Second Reading Special Order - Passed - No Amendments,11
HB22-1310,2022,RS,Senate,2022-05-04,Senate Third Reading Passed - No Amendments,12
HB22-1310,2022,RS,House,2022-06-01,Signed by the Speaker of the House,13
HB22-1310,2022,RS,Senate,2022-06-01,Signed by the President of the Senate,14
HB22-1310,2022,RS,Governor,2022-06-01,Sent to the Governor,15
HB22-1310,2022,RS,Governor,2022-06-03,Governor Signed,16
HB22-1311,2022,RS,House,2022-03-21,Introduced In House - Assigned to Transportation & Local Government,1
HB22-1311,2022,RS,House,2022-04-05,House Committee on Transportation & Local Government Refer Unamended to House Committee of the Whole,2
HB22-1311,2022,RS,House,2022-04-07,House Second Reading Special Order - Passed - No Amendments,3
HB22-1311,2022,RS,House,2022-04-08,House Third Reading Passed - No Amendments,4
HB22-1311,2022,RS,Senate,2022-04-13,Introduced In Senate - Assigned to Transportation & Energy,5
HB22-1311,2022,RS,Senate,2022-04-19,Senate Committee on Transportation & Energy Refer Unamended - Consent Calendar to Senate Committee of the Whole,6
HB22-1311,2022,RS,Senate,2022-04-21,Senate Second Reading Special Order - Passed - No Amendments,7
HB22-1311,2022,RS,Senate,2022-04-22,Senate Third Reading Passed - No Amendments,8
HB22-1311,2022,RS,House,2022-05-14,Signed by the Speaker of the House,9
HB22-1311,2022,RS,Senate,2022-05-16,Signed by the President of the Senate,10
HB22-1311,2022,RS,Governor,2022-05-16,Sent to the Governor,11
HB22-1311,2022,RS,Governor,2022-06-08,Governor Signed,12
HB22-1312,2022,RS,House,2022-03-21,Introduced In House - Assigned to Business Affairs & Labor,1
HB22-1312,2022,RS,House,2022-04-07,House Committee on Business Affairs & Labor Refer Unamended to House Committee of the Whole,2
HB22-1312,2022,RS,House,2022-04-11,House Second Reading Special Order - Passed - No Amendments,3
HB22-1312,2022,RS,House,2022-04-12,House Third Reading Passed - No Amendments,4
HB22-1312,2022,RS,Senate,2022-04-18,"Introduced In Senate - Assigned to Business, Labor, & Technology",5
HB22-1312,2022,RS,Senate,2022-04-25,"Senate Committee on Business, Labor, & Technology Refer Unamended - Consent Calendar to Senate Committee of the Whole",6
HB22-1312,2022,RS,Senate,2022-04-26,Senate Second Reading Special Order - Passed - No Amendments,7
HB22-1312,2022,RS,Senate,2022-04-27,Senate Third Reading Passed - No Amendments,8
HB22-1312,2022,RS,House,2022-05-14,Signed by the Speaker of the House,9
HB22-1312,2022,RS,Senate,2022-05-16,Signed by the President of the Senate,10
HB22-1312,2022,RS,Governor,2022-05-16,Sent to the Governor,11
HB22-1312,2022,RS,Governor,2022-05-20,Governor Signed,12
HB22-1313,2022,RS,House,2022-03-21,"Introduced In House - Assigned to Agriculture, Livestock, & Water",1
HB22-1313,2022,RS,House,2022-04-04,"House Committee on Agriculture, Livestock, & Water Refer Amended to House Committee of the Whole",2
HB22-1313,2022,RS,House,2022-04-07,House Second Reading Special Order - Passed with Amendments - Committee,3
HB22-1313,2022,RS,House,2022-04-08,House Third Reading Passed - No Amendments,4
HB22-1313,2022,RS,Senate,2022-04-13,Introduced In Senate - Assigned to Agriculture & Natural Resources,5
HB22-1313,2022,RS,Senate,2022-04-21,Senate Committee on Agriculture & Natural Resources Refer Unamended to Senate Committee of the Whole,6
HB22-1313,2022,RS,Senate,2022-04-25,Senate Second Reading Passed - No Amendments,7
HB22-1313,2022,RS,Senate,2022-04-26,Senate Third Reading Passed - No Amendments,8
HB22-1313,2022,RS,House,2022-05-27,Signed by the Speaker of the House,9
HB22-1313,2022,RS,Senate,2022-05-31,Signed by the President of the Senate,10
HB22-1313,2022,RS,Governor,2022-05-31,Sent to the Governor,11
HB22-1313,2022,RS,Governor,2022-06-03,Governor Signed,12
HB22-1314,2022,RS,House,2022-03-21,Introduced In House - Assigned to Business Affairs & Labor,1
HB22-1314,2022,RS,House,2022-04-07,House Committee on Business Affairs & Labor Witness Testimony and/or Committee Discussion Only,2
HB22-1314,2022,RS,House,2022-04-21,House Committee on Business Affairs & Labor Refer Amended to Appropriations,3
HB22-1314,2022,RS,House,2022-04-28,House Committee on Appropriations Refer Amended to House Committee of the Whole,4
HB22-1314,2022,RS,House,2022-04-28,"House Second Reading Special Order - Passed with Amendments - Committee, Floor",5
HB22-1314,2022,RS,House,2022-04-29,House Third Reading Passed - No Amendments,6
HB22-1314,2022,RS,Senate,2022-04-29,Introduced In Senate - Assigned to Finance,7
HB22-1314,2022,RS,Senate,2022-05-02,Senate Committee on Finance Refer Amended to Appropriations,8
HB22-1314,2022,RS,Senate,2022-05-04,Senate Committee on Appropriations Refer Amended to Senate Committee of the Whole,9
HB22-1314,2022,RS,Senate,2022-05-04,Senate Second Reading Special Order - Laid Over Daily - No Amendments,10
HB22-1314,2022,RS,Senate,2022-05-06,"Senate Second Reading Special Order - Passed with Amendments - Committee, Floor",11
HB22-1314,2022,RS,Senate,2022-05-09,Senate Third Reading Passed - No Amendments,12
HB22-1314,2022,RS,House,2022-05-10,House Considered Senate Amendments - Result was to Laid Over Daily,13
HB22-1314,2022,RS,House,2022-05-11,House Considered Senate Amendments - Result was to Concur - Repass,14
HB22-1314,2022,RS,House,2022-06-03,Signed by the Speaker of the House,15
HB22-1314,2022,RS,Senate,2022-06-06,Signed by the President of the Senate,16
HB22-1314,2022,RS,Governor,2022-06-06,Sent to the Governor,17
HB22-1314,2022,RS,Governor,2022-06-07,Governor Signed,18
HB22-1315,2022,RS,House,2022-03-23,Introduced In House - Assigned to Transportation & Local Government,1
HB22-1315,2022,RS,House,2022-04-06,House Committee on Transportation & Local Government Refer Unamended to Appropriations,2
HB22-1315,2022,RS,House,2022-05-04,House Committee on Appropriations Refer Amended to House Committee of the Whole,3
HB22-1315,2022,RS,House,2022-05-04,House Second Reading Special Order - Passed with Amendments - Committee,4
HB22-1315,2022,RS,House,2022-05-05,House Third Reading Passed - No Amendments,5
HB22-1315,2022,RS,Senate,2022-05-05,Introduced In Senate - Assigned to Appropriations,6
HB22-1315,2022,RS,Senate,2022-05-06,Senate Committee on Appropriations Refer Unamended to Senate Committee of the Whole,7
HB22-1315,2022,RS,Senate,2022-05-06,Senate Second Reading Special Order - Passed - No Amendments,8
HB22-1315,2022,RS,Senate,2022-05-09,Senate Third Reading Passed - No Amendments,9
HB22-1315,2022,RS,House,2022-05-23,Signed by the Speaker of the House,10
HB22-1315,2022,RS,Senate,2022-05-25,Signed by the President of the Senate,11
HB22-1315,2022,RS,Governor,2022-05-25,Sent to the Governor,12
HB22-1315,2022,RS,Governor,2022-06-03,Governor Signed,13
HB22-1316,2022,RS,House,2022-03-23,"Introduced In House - Assigned to Agriculture, Livestock, & Water",1
HB22-1316,2022,RS,House,2022-04-04,"House Committee on Agriculture, Livestock, & Water Refer Unamended to Appropriations",2
HB22-1316,2022,RS,House,2022-04-12,House Committee on Appropriations Refer Unamended to House Committee of the Whole,3
HB22-1316,2022,RS,House,2022-04-12,House Second Reading Special Order - Passed - No Amendments,4
HB22-1316,2022,RS,House,2022-04-13,House Third Reading Passed - No Amendments,5
HB22-1316,2022,RS,Senate,2022-04-18,Introduced In Senate - Assigned to Appropriations,6
HB22-1316,2022,RS,Senate,2022-04-29,Senate Committee on Appropriations Refer Unamended - Consent Calendar to Senate Committee of the Whole,7
HB22-1316,2022,RS,Senate,2022-04-29,Senate Second Reading Special Order - Passed - No Amendments,8
HB22-1316,2022,RS,Senate,2022-05-02,Senate Third Reading Passed - No Amendments,9
HB22-1316,2022,RS,House,2022-05-20,Signed by the Speaker of the House,10
HB22-1316,2022,RS,Senate,2022-05-20,Signed by the President of the Senate,11
HB22-1316,2022,RS,Governor,2022-05-20,Sent to the Governor,12
HB22-1316,2022,RS,Governor,2022-05-23,Governor Signed,13
HB22-1317,2022,RS,House,2022-03-24,Introduced In House - Assigned to Judiciary,1
HB22-1317,2022,RS,House,2022-04-06,House Committee on Judiciary Refer Amended to House Committee of the Whole,2
HB22-1317,2022,RS,House,2022-04-12,House Second Reading Laid Over Daily - No Amendments,3
HB22-1317,2022,RS,House,2022-04-14,"House Second Reading Special Order - Passed with Amendments - Committee, Floor",4
HB22-1317,2022,RS,House,2022-04-18,House Third Reading Passed - No Amendments,5
HB22-1317,2022,RS,Senate,2022-04-19,"Introduced In Senate - Assigned to Business, Labor, & Technology",6
HB22-1317,2022,RS,Senate,2022-04-27,"Senate Committee on Business, Labor, & Technology Refer Amended to Senate Committee of the Whole",7
HB22-1317,2022,RS,Senate,2022-04-29,Senate Second Reading Laid Over Daily - No Amendments,8
HB22-1317,2022,RS,Senate,2022-05-02,Senate Second Reading Special Order - Passed with Amendments - Committee,9
HB22-1317,2022,RS,Senate,2022-05-03,Senate Third Reading Passed - No Amendments,10
HB22-1317,2022,RS,House,2022-05-04,House Considered Senate Amendments - Result was to Laid Over Daily,11
HB22-1317,2022,RS,House,2022-05-10,House Considered Senate Amendments - Result was to Concur - Repass,12
HB22-1317,2022,RS,House,2022-06-03,Signed by the Speaker of the House,13
HB22-1317,2022,RS,Senate,2022-06-06,Signed by the President of the Senate,14
HB22-1317,2022,RS,Governor,2022-06-06,Sent to the Governor,15
HB22-1317,2022,RS,Governor,2022-06-08,Governor Signed,16
HB22-1318,2022,RS,House,2022-03-24,Introduced In House - Assigned to Judiciary,1
HB22-1318,2022,RS,House,2022-04-06,House Committee on Judiciary Refer Unamended to Appropriations,2
HB22-1318,2022,RS,House,2022-04-19,House Committee on Appropriations Refer Unamended to House Committee of the Whole,3
HB22-1318,2022,RS,House,2022-04-19,House Second Reading Special Order - Laid Over Daily - No Amendments,4
HB22-1318,2022,RS,House,2022-04-20,House Second Reading Special Order - Passed - No Amendments,5
HB22-1318,2022,RS,House,2022-04-21,House Third Reading Laid Over Daily - No Amendments,6
HB22-1318,2022,RS,House,2022-04-22,House Third Reading Passed - No Amendments,7
HB22-1318,2022,RS,Senate,2022-04-22,Introduced In Senate - Assigned to Judiciary,8
HB22-1318,2022,RS,Senate,2022-04-28,Senate Committee on Judiciary Refer Unamended to Appropriations,9
HB22-1318,2022,RS,Senate,2022-05-03,Senate Committee on Appropriations Refer Unamended to Senate Committee of the Whole,10
HB22-1318,2022,RS,Senate,2022-05-03,Senate Second Reading Laid Over Daily - No Amendments,11
HB22-1318,2022,RS,Senate,2022-05-04,Senate Second Reading Special Order - Passed - No Amendments,12
HB22-1318,2022,RS,Senate,2022-05-05,Senate Third Reading Passed - No Amendments,13
HB22-1318,2022,RS,House,2022-05-23,Signed by the Speaker of the House,14
HB22-1318,2022,RS,Senate,2022-05-25,Signed by the President of the Senate,15
HB22-1318,2022,RS,Governor,2022-05-25,Sent to the Governor,16
HB22-1318,2022,RS,Governor,2022-06-08,Governor Signed,17
HB22-1319,2022,RS,House,2022-03-24,Introduced In House - Assigned to Judiciary,1
HB22-1319,2022,RS,House,2022-04-13,House Committee on Judiciary Refer Unamended to House Committee of the Whole,2
HB22-1319,2022,RS,House,2022-04-19,House Second Reading Special Order - Passed - No Amendments,3
HB22-1319,2022,RS,House,2022-04-20,House Third Reading Passed - No Amendments,4
HB22-1319,2022,RS,Senate,2022-04-21,Introduced In Senate - Assigned to Judiciary,5
HB22-1319,2022,RS,Senate,2022-04-28,Senate Committee on Judiciary Refer Unamended to Senate Committee of the Whole,6
HB22-1319,2022,RS,Senate,2022-04-29,Senate Second Reading Special Order - Passed - No Amendments,7
HB22-1319,2022,RS,Senate,2022-05-02,Senate Third Reading Passed - No Amendments,8
HB22-1319,2022,RS,House,2022-05-23,Signed by the Speaker of the House,9
HB22-1319,2022,RS,Senate,2022-05-25,Signed by the President of the Senate,10
HB22-1319,2022,RS,Governor,2022-05-25,Sent to the Governor,11
HB22-1319,2022,RS,Governor,2022-06-07,Governor Signed,12
HB22-1320,2022,RS,House,2022-03-24,Introduced In House - Assigned to Public & Behavioral Health & Human Services,1
HB22-1320,2022,RS,House,2022-04-12,House Committee on Public & Behavioral Health & Human Services Refer Amended to Finance,2
HB22-1320,2022,RS,House,2022-04-14,House Committee on Finance Refer Amended to Appropriations,3
HB22-1320,2022,RS,House,2022-04-21,House Committee on Appropriations Refer Amended to House Committee of the Whole,4
HB22-1320,2022,RS,House,2022-04-21,House Second Reading Special Order - Laid Over Daily - No Amendments,5
HB22-1320,2022,RS,House,2022-04-22,"House Second Reading Special Order - Passed with Amendments - Committee, Floor",6
HB22-1320,2022,RS,House,2022-04-25,House Third Reading Passed - No Amendments,7
HB22-1320,2022,RS,Senate,2022-04-25,Introduced In Senate - Assigned to Finance,8
HB22-1320,2022,RS,Senate,2022-04-27,Senate Committee on Finance Refer Unamended to Appropriations,9
HB22-1320,2022,RS,Senate,2022-05-03,Senate Committee on Appropriations Refer Unamended - Consent Calendar to Senate Committee of the Whole,10
HB22-1320,2022,RS,Senate,2022-05-03,Senate Second Reading Special Order - Passed - No Amendments,11
HB22-1320,2022,RS,Senate,2022-05-04,Senate Third Reading Passed - No Amendments,12
HB22-1320,2022,RS,House,2022-05-23,Signed by the Speaker of the House,13
HB22-1320,2022,RS,Senate,2022-05-25,Signed by the President of the Senate,14
HB22-1320,2022,RS,Governor,2022-05-25,Sent to the Governor,15
HB22-1320,2022,RS,Governor,2022-05-26,Governor Signed,16
HB22-1321,2022,RS,House,2022-03-24,Introduced In House - Assigned to Judiciary,1
HB22-1321,2022,RS,House,2022-04-05,House Committee on Judiciary Refer Amended to Appropriations,2
HB22-1321,2022,RS,House,2022-04-29,House Committee on Appropriations Refer Amended to House Committee of the Whole,3
HB22-1321,2022,RS,House,2022-04-29,House Second Reading Special Order - Passed with Amendments - Committee,4
HB22-1321,2022,RS,House,2022-05-02,House Third Reading Passed - No Amendments,5
HB22-1321,2022,RS,Senate,2022-05-02,Introduced In Senate - Assigned to Appropriations,6
HB22-1321,2022,RS,Senate,2022-05-09,Senate Committee on Appropriations Refer Unamended - Consent Calendar to Senate Committee of the Whole,7
HB22-1321,2022,RS,Senate,2022-05-09,Senate Second Reading Special Order - Passed - No Amendments,8
HB22-1321,2022,RS,Senate,2022-05-10,Senate Third Reading Passed - No Amendments,9
HB22-1321,2022,RS,House,2022-05-26,Signed by the Speaker of the House,10
HB22-1321,2022,RS,Senate,2022-05-31,Signed by the President of the Senate,11
HB22-1321,2022,RS,Governor,2022-05-31,Sent to the Governor,12
HB22-1321,2022,RS,Governor,2022-06-08,Governor Signed,13
HB22-1322,2022,RS,House,2022-03-24,Introduced In House - Assigned to Energy & Environment,1
HB22-1322,2022,RS,House,2022-04-06,House Committee on Energy & Environment Refer Amended to Appropriations,2
HB22-1322,2022,RS,House,2022-05-04,House Committee on Appropriations Refer Amended to House Committee of the Whole,3
HB22-1322,2022,RS,House,2022-05-04,House Second Reading Special Order - Passed with Amendments - Committee,4
HB22-1322,2022,RS,House,2022-05-05,House Third Reading Passed - No Amendments,5
HB22-1322,2022,RS,Senate,2022-05-05,Introduced In Senate - Assigned to Appropriations,6
HB22-1322,2022,RS,Senate,2022-05-10,Senate Committee on Appropriations Refer Unamended to Senate Committee of the Whole,7
HB22-1322,2022,RS,Senate,2022-05-10,Senate Second Reading Special Order - Passed - No Amendments,8
HB22-1322,2022,RS,Senate,2022-05-11,Senate Third Reading Passed - No Amendments,9
HB22-1322,2022,RS,House,2022-05-27,Signed by the Speaker of the House,10
HB22-1322,2022,RS,Senate,2022-05-31,Signed by the President of the Senate,11
HB22-1322,2022,RS,Governor,2022-05-31,Sent to the Governor,12
HB22-1322,2022,RS,Governor,2022-06-08,Governor Signed,13
HB22-1323,2022,RS,House,2022-03-24,Introduced In House - Assigned to Energy & Environment,1
HB22-1323,2022,RS,House,2022-04-06,House Committee on Energy & Environment Refer Unamended to Appropriations,2
HB22-1323,2022,RS,House,2022-04-29,House Committee on Appropriations Refer Amended to House Committee of the Whole,3
HB22-1323,2022,RS,House,2022-04-29,House Second Reading Special Order - Passed with Amendments - Committee,4
HB22-1323,2022,RS,House,2022-05-02,House Third Reading Passed - No Amendments,5
HB22-1323,2022,RS,Senate,2022-05-02,"Introduced In Senate - Assigned to State, Veterans, & Military Affairs",6
HB22-1323,2022,RS,Senate,2022-05-05,"Senate Committee on State, Veterans, & Military Affairs Refer Unamended to Appropriations",7
HB22-1323,2022,RS,Senate,2022-05-06,Senate Committee on Appropriations Refer Unamended to Senate Committee of the Whole,8
HB22-1323,2022,RS,Senate,2022-05-06,Senate Second Reading Special Order - Passed - No Amendments,9
HB22-1323,2022,RS,Senate,2022-05-09,Senate Third Reading Passed - No Amendments,10
HB22-1323,2022,RS,House,2022-05-25,Signed by the Speaker of the House,11
HB22-1323,2022,RS,Senate,2022-05-25,Signed by the President of the Senate,12
HB22-1323,2022,RS,Governor,2022-05-25,Sent to the Governor,13
HB22-1323,2022,RS,Governor,2022-06-08,Governor Signed,14
HB22-1324,2022,RS,House,2022-03-24,Introduced In House - Assigned to Business Affairs & Labor,1
HB22-1324,2022,RS,House,2022-04-07,House Committee on Business Affairs & Labor Refer Amended to House Committee of the Whole,2
HB22-1324,2022,RS,House,2022-04-11,"House Second Reading Special Order - Passed with Amendments - Committee, Floor",3
HB22-1324,2022,RS,House,2022-04-12,House Third Reading Passed - No Amendments,4
HB22-1324,2022,RS,Senate,2022-04-18,"Introduced In Senate - Assigned to Business, Labor, & Technology",5
HB22-1324,2022,RS,Senate,2022-04-25,"Senate Committee on Business, Labor, & Technology Refer Unamended - Consent Calendar to Senate Committee of the Whole",6
HB22-1324,2022,RS,Senate,2022-04-26,Senate Second Reading Special Order - Passed - No Amendments,7
HB22-1324,2022,RS,Senate,2022-04-27,Senate Third Reading Passed - No Amendments,8
HB22-1324,2022,RS,House,2022-05-23,Signed by the Speaker of the House,9
HB22-1324,2022,RS,Senate,2022-05-25,Signed by the President of the Senate,10
HB22-1324,2022,RS,Governor,2022-05-25,Sent to the Governor,11
HB22-1324,2022,RS,Governor,2022-05-26,Governor Signed,12
HB22-1325,2022,RS,House,2022-03-24,Introduced In House - Assigned to Health & Insurance,1
HB22-1325,2022,RS,House,2022-04-13,House Committee on Health & Insurance Refer Amended to Appropriations,2
HB22-1325,2022,RS,House,2022-04-21,House Committee on Appropriations Refer Amended to House Committee of the Whole,3
HB22-1325,2022,RS,House,2022-04-21,House Second Reading Special Order - Laid Over Daily - No Amendments,4
HB22-1325,2022,RS,House,2022-04-22,"House Second Reading Special Order - Passed with Amendments - Committee, Floor",5
HB22-1325,2022,RS,House,2022-04-25,House Third Reading Passed - No Amendments,6
HB22-1325,2022,RS,Senate,2022-04-25,Introduced In Senate - Assigned to Health & Human Services,7
HB22-1325,2022,RS,Senate,2022-04-28,Senate Committee on Health & Human Services Refer Amended to Appropriations,8
HB22-1325,2022,RS,Senate,2022-05-03,Senate Committee on Appropriations Refer Amended to Senate Committee of the Whole,9
HB22-1325,2022,RS,Senate,2022-05-03,Senate Second Reading Laid Over Daily - No Amendments,10
HB22-1325,2022,RS,Senate,2022-05-04,"Senate Second Reading Special Order - Passed with Amendments - Committee, Floor",11
HB22-1325,2022,RS,Senate,2022-05-05,Senate Third Reading Passed - No Amendments,12
HB22-1325,2022,RS,House,2022-05-09,House Considered Senate Amendments - Result was to Laid Over Daily,13
HB22-1325,2022,RS,House,2022-05-10,House Considered Senate Amendments - Result was to Concur - Repass,14
HB22-1325,2022,RS,House,2022-05-18,Signed by the Speaker of the House,15
HB22-1325,2022,RS,Senate,2022-05-18,Signed by the President of the Senate,16
HB22-1325,2022,RS,Governor,2022-05-18,Sent to the Governor,17
HB22-1325,2022,RS,Governor,2022-05-18,Governor Signed,18
HB22-1326,2022,RS,House,2022-03-25,Introduced In House - Assigned to Judiciary,1
HB22-1326,2022,RS,House,2022-04-12,House Committee on Judiciary Witness Testimony and/or Committee Discussion Only,2
HB22-1326,2022,RS,House,2022-04-13,House Committee on Judiciary Refer Amended to Appropriations,3
HB22-1326,2022,RS,House,2022-04-22,House Committee on Appropriations Refer Amended to House Committee of the Whole,4
HB22-1326,2022,RS,House,2022-04-22,"House Second Reading Special Order - Passed with Amendments - Committee, Floor",5
HB22-1326,2022,RS,House,2022-04-25,House Third Reading Passed - No Amendments,6
HB22-1326,2022,RS,Senate,2022-04-25,Introduced In Senate - Assigned to Judiciary,7
HB22-1326,2022,RS,Senate,2022-04-26,Senate Committee on Judiciary Lay Over Unamended - Amendment(s) Failed,8
HB22-1326,2022,RS,Senate,2022-04-28,Senate Committee on Judiciary Refer Amended to Appropriations,9
HB22-1326,2022,RS,Senate,2022-05-04,Senate Committee on Appropriations Refer Amended to Senate Committee of the Whole,10
HB22-1326,2022,RS,Senate,2022-05-05,"Senate Second Reading Special Order - Passed with Amendments - Committee, Floor",11
HB22-1326,2022,RS,Senate,2022-05-06,Senate Third Reading Passed with Amendments - Floor,12
HB22-1326,2022,RS,House,2022-05-09,House Considered Senate Amendments - Result was to Laid Over Daily,13
HB22-1326,2022,RS,House,2022-05-10,House Considered Senate Amendments - Result was to Not Concur - Request Conference Committee,14
HB22-1326,2022,RS,ConfComm,2022-05-11,First Conference Committee Result was to Adopt Rerevised w/ Amendments,15
HB22-1326,2022,RS,Senate,2022-05-11,Senate Consideration of First Conference Committee Report result was to Adopt Committee Report - Repass,16
HB22-1326,2022,RS,House,2022-05-11,House Consideration of First Conference Committee Report result was to Adopt Committee Report - Repass,17
HB22-1326,2022,RS,House,2022-05-23,Signed by the Speaker of the House,18
HB22-1326,2022,RS,Senate,2022-05-25,Signed by the President of the Senate,19
HB22-1326,2022,RS,Governor,2022-05-25,Sent to the Governor,20
HB22-1326,2022,RS,Governor,2022-05-25,Governor Signed,21
HB22-1327,2022,RS,House,2022-03-25,"Introduced In House - Assigned to State, Civic, Military, & Veterans Affairs",1
HB22-1327,2022,RS,House,2022-04-25,"House Committee on State, Civic, Military, & Veterans Affairs Refer Amended to Appropriations",2
HB22-1327,2022,RS,House,2022-04-27,House Committee on Appropriations Refer Amended to House Committee of the Whole,3
HB22-1327,2022,RS,House,2022-04-27,House Second Reading Special Order - Passed with Amendments - Committee,4
HB22-1327,2022,RS,House,2022-04-28,House Third Reading Passed - No Amendments,5
HB22-1327,2022,RS,Senate,2022-04-28,"Introduced In Senate - Assigned to State, Veterans, & Military Affairs",6
HB22-1327,2022,RS,Senate,2022-05-03,"Senate Committee on State, Veterans, & Military Affairs Refer Unamended to Appropriations",7
HB22-1327,2022,RS,Senate,2022-05-05,Senate Committee on Appropriations Refer Unamended to Senate Committee of the Whole,8
HB22-1327,2022,RS,Senate,2022-05-05,Senate Second Reading Special Order - Passed - No Amendments,9
HB22-1327,2022,RS,Senate,2022-05-06,Senate Third Reading Passed - No Amendments,10
HB22-1327,2022,RS,House,2022-05-20,Signed by the Speaker of the House,11
HB22-1327,2022,RS,Senate,2022-05-20,Signed by the President of the Senate,12
HB22-1327,2022,RS,Governor,2022-05-20,Sent to the Governor,13
HB22-1327,2022,RS,Governor,2022-05-24,Governor Signed,14
HB22-1328,2022,RS,House,2022-03-28,Introduced In House - Assigned to Business Affairs & Labor,1
HB22-1328,2022,RS,House,2022-04-07,House Committee on Business Affairs & Labor Refer Unamended to Finance,2
HB22-1328,2022,RS,House,2022-04-18,House Committee on Finance Refer Unamended to Appropriations,3
HB22-1328,2022,RS,House,2022-05-04,House Committee on Appropriations Refer Unamended to House Committee of the Whole,4
HB22-1328,2022,RS,House,2022-05-04,House Second Reading Special Order - Passed - No Amendments,5
HB22-1328,2022,RS,House,2022-05-05,House Third Reading Passed - No Amendments,6
HB22-1328,2022,RS,Senate,2022-05-05,Introduced In Senate - Assigned to Finance,7
HB22-1328,2022,RS,Senate,2022-05-09,Senate Committee on Finance Refer Unamended to Appropriations,8
HB22-1328,2022,RS,Senate,2022-05-09,Senate Committee on Appropriations Refer Unamended to Senate Committee of the Whole,9
HB22-1328,2022,RS,Senate,2022-05-09,Senate Second Reading Special Order - Passed - No Amendments,10
HB22-1328,2022,RS,Senate,2022-05-10,Senate Third Reading Passed - No Amendments,11
HB22-1328,2022,RS,House,2022-05-26,Signed by the Speaker of the House,12
HB22-1328,2022,RS,Senate,2022-05-31,Signed by the President of the Senate,13
HB22-1328,2022,RS,Governor,2022-05-31,Sent to the Governor,14
HB22-1328,2022,RS,Governor,2022-06-03,Governor Signed,15
HB22-1329,2022,RS,House,2022-03-28,Introduced In House - Assigned to Appropriations,1
HB22-1329,2022,RS,House,2022-03-29,House Committee on Appropriations Refer Unamended to House Committee of the Whole,2
HB22-1329,2022,RS,House,2022-03-30,House Second Reading Special Order - Passed with Amendments - Floor,3
HB22-1329,2022,RS,House,2022-03-31,House Third Reading Passed - No Amendments,4
HB22-1329,2022,RS,Senate,2022-04-04,Introduced In Senate - Assigned to Appropriations,5
HB22-1329,2022,RS,Senate,2022-04-05,Senate Committee on Appropriations Refer Amended to Senate Committee of the Whole,6
HB22-1329,2022,RS,Senate,2022-04-06,"Senate Second Reading Special Order - Passed with Amendments - Committee, Floor",7
HB22-1329,2022,RS,Senate,2022-04-07,Senate Third Reading Passed - No Amendments,8
HB22-1329,2022,RS,House,2022-04-08,House Considered Senate Amendments - Result was to Not Concur - Request Conference Committee,9
HB22-1329,2022,RS,ConfComm,2022-04-13,First Conference Committee Result was to Adopt Reengrossed w/ Amendments,10
HB22-1329,2022,RS,Senate,2022-04-14,Senate Consideration of First Conference Committee Report result was to Adopt Committee Report - Repass,11
HB22-1329,2022,RS,House,2022-04-14,House Consideration of First Conference Committee Report result was to Adopt Committee Report - Repass,12
HB22-1329,2022,RS,House,2022-04-22,Signed by the Speaker of the House,13
HB22-1329,2022,RS,Senate,2022-04-25,Signed by the President of the Senate,14
HB22-1329,2022,RS,Governor,2022-04-25,Sent to the Governor,15
HB22-1329,2022,RS,Governor,2022-04-25,Governor Signed,16
HB22-1330,2022,RS,House,2022-03-28,Introduced In House - Assigned to Appropriations,1
HB22-1330,2022,RS,House,2022-03-29,House Committee on Appropriations Refer Amended to House Committee of the Whole,2
HB22-1330,2022,RS,House,2022-03-30,House Second Reading Special Order - Passed with Amendments - Committee,3
HB22-1330,2022,RS,House,2022-03-31,House Third Reading Passed - No Amendments,4
HB22-1330,2022,RS,Senate,2022-04-04,Introduced In Senate - Assigned to Appropriations,5
HB22-1330,2022,RS,Senate,2022-04-05,Senate Committee on Appropriations Refer Unamended - Consent Calendar to Senate Committee of the Whole,6
HB22-1330,2022,RS,Senate,2022-04-06,Senate Second Reading Special Order - Passed - No Amendments,7
HB22-1330,2022,RS,Senate,2022-04-07,Senate Third Reading Passed - No Amendments,8
HB22-1330,2022,RS,House,2022-04-14,Signed by the Speaker of the House,9
HB22-1330,2022,RS,Senate,2022-04-14,Signed by the President of the Senate,10
HB22-1330,2022,RS,Governor,2022-04-14,Sent to the Governor,11
HB22-1330,2022,RS,Governor,2022-04-15,Governor Signed,12
HB22-1331,2022,RS,House,2022-03-28,Introduced In House - Assigned to Appropriations,1
HB22-1331,2022,RS,House,2022-03-29,House Committee on Appropriations Refer Unamended to House Committee of the Whole,2
HB22-1331,2022,RS,House,2022-03-30,House Second Reading Special Order - Passed - No Amendments,3
HB22-1331,2022,RS,House,2022-03-31,House Third Reading Passed - No Amendments,4
HB22-1331,2022,RS,Senate,2022-04-04,Introduced In Senate - Assigned to Appropriations,5
HB22-1331,2022,RS,Senate,2022-04-05,Senate Committee on Appropriations Refer Unamended - Consent Calendar to Senate Committee of the Whole,6
HB22-1331,2022,RS,Senate,2022-04-06,Senate Second Reading Special Order - Passed - No Amendments,7
HB22-1331,2022,RS,Senate,2022-04-07,Senate Third Reading Passed - No Amendments,8
HB22-1331,2022,RS,House,2022-04-19,Signed by the Speaker of the House,9
HB22-1331,2022,RS,Senate,2022-04-19,Signed by the President of the Senate,10
HB22-1331,2022,RS,Governor,2022-04-20,Sent to the Governor,11
HB22-1331,2022,RS,Governor,2022-04-25,Governor Signed,12
HB22-1332,2022,RS,House,2022-03-28,Introduced In House - Assigned to Appropriations,1
HB22-1332,2022,RS,House,2022-03-29,House Committee on Appropriations Refer Unamended to House Committee of the Whole,2
HB22-1332,2022,RS,House,2022-03-30,House Second Reading Special Order - Passed - No Amendments,3
HB22-1332,2022,RS,House,2022-03-31,House Third Reading Passed - No Amendments,4
HB22-1332,2022,RS,Senate,2022-04-04,Introduced In Senate - Assigned to Appropriations,5
HB22-1332,2022,RS,Senate,2022-04-05,Senate Committee on Appropriations Refer Unamended - Consent Calendar to Senate Committee of the Whole,6
HB22-1332,2022,RS,Senate,2022-04-06,Senate Second Reading Special Order - Passed - No Amendments,7
HB22-1332,2022,RS,Senate,2022-04-07,Senate Third Reading Passed - No Amendments,8
HB22-1332,2022,RS,House,2022-04-19,Signed by the Speaker of the House,9
HB22-1332,2022,RS,Senate,2022-04-19,Signed by the President of the Senate,10
HB22-1332,2022,RS,Governor,2022-04-20,Sent to the Governor,11
HB22-1332,2022,RS,Governor,2022-04-25,Governor Signed,12
HB22-1333,2022,RS,House,2022-03-28,Introduced In House - Assigned to Appropriations,1
HB22-1333,2022,RS,House,2022-03-29,House Committee on Appropriations Refer Unamended to House Committee of the Whole,2
HB22-1333,2022,RS,House,2022-03-30,House Second Reading Special Order - Passed - No Amendments,3
HB22-1333,2022,RS,House,2022-03-31,House Third Reading Passed - No Amendments,4
HB22-1333,2022,RS,Senate,2022-04-04,Introduced In Senate - Assigned to Appropriations,5
HB22-1333,2022,RS,Senate,2022-04-05,Senate Committee on Appropriations Refer Unamended to Senate Committee of the Whole,6
HB22-1333,2022,RS,Senate,2022-04-06,Senate Second Reading Special Order - Passed - No Amendments,7
HB22-1333,2022,RS,Senate,2022-04-07,Senate Third Reading Passed - No Amendments,8
HB22-1333,2022,RS,House,2022-04-21,Signed by the Speaker of the House,9
HB22-1333,2022,RS,Senate,2022-04-22,Signed by the President of the Senate,10
HB22-1333,2022,RS,Governor,2022-04-22,Sent to the Governor,11
HB22-1333,2022,RS,Governor,2022-04-25,Governor Signed,12
HB22-1334,2022,RS,House,2022-03-28,Introduced In House - Assigned to Appropriations,1
HB22-1334,2022,RS,House,2022-03-29,House Committee on Appropriations Refer Unamended to House Committee of the Whole,2
HB22-1334,2022,RS,House,2022-03-30,House Second Reading Special Order - Passed - No Amendments,3
HB22-1334,2022,RS,House,2022-03-31,House Third Reading Passed - No Amendments,4
HB22-1334,2022,RS,Senate,2022-04-04,Introduced In Senate - Assigned to Appropriations,5
HB22-1334,2022,RS,Senate,2022-04-05,Senate Committee on Appropriations Refer Unamended to Senate Committee of the Whole,6
HB22-1334,2022,RS,Senate,2022-04-06,Senate Second Reading Special Order - Passed - No Amendments,7
HB22-1334,2022,RS,Senate,2022-04-07,Senate Third Reading Passed - No Amendments,8
HB22-1334,2022,RS,House,2022-04-19,Signed by the Speaker of the House,9
HB22-1334,2022,RS,Senate,2022-04-19,Signed by the President of the Senate,10
HB22-1334,2022,RS,Governor,2022-04-20,Sent to the Governor,11
HB22-1334,2022,RS,Governor,2022-04-25,Governor Signed,12
HB22-1335,2022,RS,House,2022-03-28,Introduced In House - Assigned to Appropriations,1
HB22-1335,2022,RS,House,2022-03-29,House Committee on Appropriations Refer Unamended to House Committee of the Whole,2
HB22-1335,2022,RS,House,2022-03-30,House Second Reading Special Order - Passed - No Amendments,3
HB22-1335,2022,RS,House,2022-03-31,House Third Reading Passed - No Amendments,4
HB22-1335,2022,RS,Senate,2022-04-04,Introduced In Senate - Assigned to Appropriations,5
HB22-1335,2022,RS,Senate,2022-04-05,Senate Committee on Appropriations Refer Unamended - Consent Calendar to Senate Committee of the Whole,6
HB22-1335,2022,RS,Senate,2022-04-06,Senate Second Reading Special Order - Passed - No Amendments,7
HB22-1335,2022,RS,Senate,2022-04-07,Senate Third Reading Passed - No Amendments,8
HB22-1335,2022,RS,House,2022-04-19,Signed by the Speaker of the House,9
HB22-1335,2022,RS,Senate,2022-04-19,Signed by the President of the Senate,10
HB22-1335,2022,RS,Governor,2022-04-20,Sent to the Governor,11
HB22-1335,2022,RS,Governor,2022-04-25,Governor Signed,12
HB22-1336,2022,RS,House,2022-03-28,Introduced In House - Assigned to Appropriations,1
HB22-1336,2022,RS,House,2022-03-29,House Committee on Appropriations Refer Unamended to House Committee of the Whole,2
HB22-1336,2022,RS,House,2022-03-30,House Second Reading Special Order - Passed - No Amendments,3
HB22-1336,2022,RS,House,2022-03-31,House Third Reading Passed - No Amendments,4
HB22-1336,2022,RS,Senate,2022-04-04,Introduced In Senate - Assigned to Appropriations,5
HB22-1336,2022,RS,Senate,2022-04-05,Senate Committee on Appropriations Refer Unamended - Consent Calendar to Senate Committee of the Whole,6
HB22-1336,2022,RS,Senate,2022-04-06,Senate Second Reading Special Order - Passed - No Amendments,7
HB22-1336,2022,RS,Senate,2022-04-07,Senate Third Reading Passed - No Amendments,8
HB22-1336,2022,RS,House,2022-04-19,Signed by the Speaker of the House,9
HB22-1336,2022,RS,Senate,2022-04-19,Signed by the President of the Senate,10
HB22-1336,2022,RS,Governor,2022-04-20,Sent to the Governor,11
HB22-1336,2022,RS,Governor,2022-04-25,Governor Signed,12
HB22-1337,2022,RS,House,2022-03-28,Introduced In House - Assigned to Appropriations,1
HB22-1337,2022,RS,House,2022-03-29,House Committee on Appropriations Refer Unamended to House Committee of the Whole,2
HB22-1337,2022,RS,House,2022-03-30,House Second Reading Special Order - Passed - No Amendments,3
HB22-1337,2022,RS,House,2022-03-31,House Third Reading Passed - No Amendments,4
HB22-1337,2022,RS,House,2022-04-02,Signed by the Speaker of the House,5
HB22-1337,2022,RS,Senate,2022-04-04,Introduced In Senate - Assigned to Appropriations,6
HB22-1337,2022,RS,Senate,2022-04-05,Senate Committee on Appropriations Refer Unamended - Consent Calendar to Senate Committee of the Whole,7
HB22-1337,2022,RS,Senate,2022-04-06,Senate Second Reading Laid Over to 04/08/2022 - No Amendments,8
HB22-1337,2022,RS,Senate,2022-04-08,Senate Second Reading Laid Over Daily - No Amendments,9
HB22-1337,2022,RS,Senate,2022-04-13,Senate Second Reading Special Order - Passed - No Amendments,10
HB22-1337,2022,RS,Senate,2022-04-14,Senate Third Reading Passed - No Amendments,11
HB22-1337,2022,RS,Senate,2022-04-22,Signed by the President of the Senate,12
HB22-1337,2022,RS,Governor,2022-04-22,Sent to the Governor,13
HB22-1337,2022,RS,Governor,2022-04-25,Governor Signed,14
HB22-1338,2022,RS,House,2022-03-28,Introduced In House - Assigned to Appropriations,1
HB22-1338,2022,RS,House,2022-03-29,House Committee on Appropriations Refer Unamended to House Committee of the Whole,2
HB22-1338,2022,RS,House,2022-03-30,House Second Reading Special Order - Passed - No Amendments,3
HB22-1338,2022,RS,House,2022-03-31,House Third Reading Passed - No Amendments,4
HB22-1338,2022,RS,Senate,2022-04-04,Introduced In Senate - Assigned to Appropriations,5
HB22-1338,2022,RS,Senate,2022-04-05,Senate Committee on Appropriations Refer Unamended to Senate Committee of the Whole,6
HB22-1338,2022,RS,Senate,2022-04-06,Senate Second Reading Special Order - Passed with Amendments - Floor,7
HB22-1338,2022,RS,Senate,2022-04-07,Senate Third Reading Passed - No Amendments,8
HB22-1338,2022,RS,House,2022-04-08,House Considered Senate Amendments - Result was to Concur - Repass,9
HB22-1338,2022,RS,House,2022-04-21,Signed by the Speaker of the House,10
HB22-1338,2022,RS,Senate,2022-04-22,Signed by the President of the Senate,11
HB22-1338,2022,RS,Governor,2022-04-22,Sent to the Governor,12
HB22-1338,2022,RS,Governor,2022-04-25,Governor Signed,13
HB22-1339,2022,RS,House,2022-03-28,Introduced In House - Assigned to Appropriations,1
HB22-1339,2022,RS,House,2022-03-29,House Committee on Appropriations Refer Amended to House Committee of the Whole,2
HB22-1339,2022,RS,House,2022-03-30,House Second Reading Special Order - Passed with Amendments - Committee,3
HB22-1339,2022,RS,House,2022-03-31,House Third Reading Passed - No Amendments,4
HB22-1339,2022,RS,Senate,2022-04-04,Introduced In Senate - Assigned to Appropriations,5
HB22-1339,2022,RS,Senate,2022-04-05,Senate Committee on Appropriations Refer Unamended to Senate Committee of the Whole,6
HB22-1339,2022,RS,Senate,2022-04-06,Senate Second Reading Special Order - Passed - No Amendments,7
HB22-1339,2022,RS,Senate,2022-04-07,Senate Third Reading Passed - No Amendments,8
HB22-1339,2022,RS,Governor,2022-04-21,Governor Signed,9
HB22-1339,2022,RS,House,2022-04-25,Signed by the Speaker of the House,10
HB22-1339,2022,RS,Senate,2022-04-25,Signed by the President of the Senate,11
HB22-1339,2022,RS,Governor,2022-04-25,Sent to the Governor,12
HB22-1340,2022,RS,House,2022-03-28,Introduced In House - Assigned to Appropriations,1
HB22-1340,2022,RS,House,2022-03-29,House Committee on Appropriations Refer Unamended to House Committee of the Whole,2
HB22-1340,2022,RS,House,2022-03-30,House Second Reading Special Order - Passed - No Amendments,3
HB22-1340,2022,RS,House,2022-03-31,House Third Reading Passed - No Amendments,4
HB22-1340,2022,RS,Senate,2022-04-04,Introduced In Senate - Assigned to Appropriations,5
HB22-1340,2022,RS,Senate,2022-04-05,Senate Committee on Appropriations Refer Unamended to Senate Committee of the Whole,6
HB22-1340,2022,RS,Senate,2022-04-06,Senate Second Reading Laid Over to 04/08/2022 - No Amendments,7
HB22-1340,2022,RS,Senate,2022-04-08,Senate Second Reading Laid Over Daily - No Amendments,8
HB22-1340,2022,RS,Senate,2022-04-11,Senate Second Reading Special Order - Passed with Amendments - Floor,9
HB22-1340,2022,RS,Senate,2022-04-12,Senate Third Reading Passed - No Amendments,10
HB22-1340,2022,RS,Senate,2022-04-13,House Considered Senate Amendments - Result was to Not Concur - Request Conference Committee,11
HB22-1340,2022,RS,ConfComm,2022-04-13,First Conference Committee Result was to Adopt Rerevised w/ Amendments,12
HB22-1340,2022,RS,Senate,2022-04-18,Senate Consideration of First Conference Committee Report result was to Adopt Committee Report - Repass,13
HB22-1340,2022,RS,House,2022-04-20,House Consideration of First Conference Committee Report result was to Adopt Committee Report - Repass,14
HB22-1340,2022,RS,House,2022-04-25,Signed by the Speaker of the House,15
HB22-1340,2022,RS,Senate,2022-04-25,Signed by the President of the Senate,16
HB22-1340,2022,RS,Governor,2022-04-25,Sent to the Governor,17
HB22-1340,2022,RS,Governor,2022-04-25,Governor Signed,18
HB22-1341,2022,RS,House,2022-03-28,Introduced In House - Assigned to Appropriations,1
HB22-1341,2022,RS,House,2022-03-29,House Committee on Appropriations Refer Unamended to House Committee of the Whole,2
HB22-1341,2022,RS,House,2022-03-30,House Second Reading Special Order - Passed - No Amendments,3
HB22-1341,2022,RS,House,2022-03-31,House Third Reading Passed - No Amendments,4
HB22-1341,2022,RS,Senate,2022-04-04,Introduced In Senate - Assigned to Appropriations,5
HB22-1341,2022,RS,Senate,2022-04-05,Senate Committee on Appropriations Refer Unamended to Senate Committee of the Whole,6
HB22-1341,2022,RS,Senate,2022-04-06,Senate Second Reading Special Order - Passed - No Amendments,7
HB22-1341,2022,RS,Senate,2022-04-07,Senate Third Reading Passed - No Amendments,8
HB22-1341,2022,RS,House,2022-04-19,Signed by the Speaker of the House,9
HB22-1341,2022,RS,Senate,2022-04-19,Signed by the President of the Senate,10
HB22-1341,2022,RS,Governor,2022-04-20,Sent to the Governor,11
HB22-1341,2022,RS,Governor,2022-04-25,Governor Signed,12
HB22-1342,2022,RS,House,2022-03-28,Introduced In House - Assigned to Appropriations,1
HB22-1342,2022,RS,House,2022-03-29,House Committee on Appropriations Refer Unamended to House Committee of the Whole,2
HB22-1342,2022,RS,House,2022-03-30,House Second Reading Special Order - Passed - No Amendments,3
HB22-1342,2022,RS,House,2022-03-31,House Third Reading Passed - No Amendments,4
HB22-1342,2022,RS,Senate,2022-04-04,Introduced In Senate - Assigned to Appropriations,5
HB22-1342,2022,RS,Senate,2022-04-05,Senate Committee on Appropriations Refer Unamended - Consent Calendar to Senate Committee of the Whole,6
HB22-1342,2022,RS,Senate,2022-04-06,Senate Second Reading Special Order - Passed - No Amendments,7
HB22-1342,2022,RS,Senate,2022-04-07,Senate Third Reading Passed - No Amendments,8
HB22-1342,2022,RS,House,2022-04-19,Signed by the Speaker of the House,9
HB22-1342,2022,RS,Senate,2022-04-19,Signed by the President of the Senate,10
HB22-1342,2022,RS,Governor,2022-04-20,Sent to the Governor,11
HB22-1342,2022,RS,Governor,2022-04-25,Governor Signed,12
HB22-1343,2022,RS,House,2022-03-28,Introduced In House - Assigned to Appropriations,1
HB22-1343,2022,RS,House,2022-03-29,House Committee on Appropriations Refer Unamended to House Committee of the Whole,2
HB22-1343,2022,RS,House,2022-03-30,House Second Reading Special Order - Passed - No Amendments,3
HB22-1343,2022,RS,House,2022-03-31,House Third Reading Passed - No Amendments,4
HB22-1343,2022,RS,Senate,2022-04-04,Introduced In Senate - Assigned to Appropriations,5
HB22-1343,2022,RS,Senate,2022-04-05,Senate Committee on Appropriations Refer Unamended to Senate Committee of the Whole,6
HB22-1343,2022,RS,Senate,2022-04-06,Senate Second Reading Special Order - Passed - No Amendments,7
HB22-1343,2022,RS,Senate,2022-04-07,Senate Third Reading Passed - No Amendments,8
HB22-1343,2022,RS,House,2022-04-19,Signed by the Speaker of the House,9
HB22-1343,2022,RS,Senate,2022-04-19,Signed by the President of the Senate,10
HB22-1343,2022,RS,Governor,2022-04-20,Sent to the Governor,11
HB22-1343,2022,RS,Governor,2022-04-25,Governor Signed,12
HB22-1344,2022,RS,House,2022-03-28,Introduced In House - Assigned to Public & Behavioral Health & Human Services,1
HB22-1344,2022,RS,House,2022-04-05,House Committee on Public & Behavioral Health & Human Services Refer Amended to House Committee of the Whole,2
HB22-1344,2022,RS,House,2022-04-07,House Second Reading Special Order - Passed with Amendments - Committee,3
HB22-1344,2022,RS,House,2022-04-08,House Third Reading Passed - No Amendments,4
HB22-1344,2022,RS,Senate,2022-04-13,Introduced In Senate - Assigned to Health & Human Services,5
HB22-1344,2022,RS,Senate,2022-04-27,Senate Committee on Health & Human Services Refer Unamended - Consent Calendar to Senate Committee of the Whole,6
HB22-1344,2022,RS,Senate,2022-04-28,Senate Second Reading Special Order - Passed - No Amendments,7
HB22-1344,2022,RS,Senate,2022-04-29,Senate Third Reading Passed - No Amendments,8
HB22-1344,2022,RS,House,2022-05-27,Signed by the Speaker of the House,9
HB22-1344,2022,RS,Senate,2022-05-31,Signed by the President of the Senate,10
HB22-1344,2022,RS,Governor,2022-05-31,Sent to the Governor,11
HB22-1344,2022,RS,Governor,2022-06-08,Governor Signed,12
HB22-1345,2022,RS,House,2022-03-28,Introduced In House - Assigned to Energy & Environment,1
HB22-1345,2022,RS,House,2022-04-14,House Committee on Energy & Environment Refer Amended to Finance,2
HB22-1345,2022,RS,House,2022-04-25,House Committee on Finance Refer Unamended to Appropriations,3
HB22-1345,2022,RS,House,2022-04-27,House Committee on Appropriations Refer Unamended to House Committee of the Whole,4
HB22-1345,2022,RS,House,2022-04-29,"House Second Reading Special Order - Passed with Amendments - Committee, Floor",5
HB22-1345,2022,RS,House,2022-05-02,House Third Reading Passed - No Amendments,6
HB22-1345,2022,RS,Senate,2022-05-02,Introduced In Senate - Assigned to Finance,7
HB22-1345,2022,RS,Senate,2022-05-05,Senate Committee on Finance Refer Amended to Appropriations,8
HB22-1345,2022,RS,Senate,2022-05-06,Senate Committee on Appropriations Refer Unamended to Senate Committee of the Whole,9
HB22-1345,2022,RS,Senate,2022-05-06,Senate Second Reading Special Order - Passed with Amendments - Committee,10
HB22-1345,2022,RS,Senate,2022-05-09,Senate Third Reading Passed with Amendments - Floor,11
HB22-1345,2022,RS,House,2022-05-10,House Considered Senate Amendments - Result was to Laid Over Daily,12
HB22-1345,2022,RS,House,2022-05-11,House Considered Senate Amendments - Result was to Concur - Repass,13
HB22-1345,2022,RS,House,2022-06-01,Signed by the Speaker of the House,14
HB22-1345,2022,RS,Senate,2022-06-01,Signed by the President of the Senate,15
HB22-1345,2022,RS,Governor,2022-06-01,Sent to the Governor,16
HB22-1345,2022,RS,Governor,2022-06-03,Governor Signed,17
HB22-1346,2022,RS,House,2022-03-28,Introduced In House - Assigned to Business Affairs & Labor,1
HB22-1346,2022,RS,House,2022-04-14,House Committee on Business Affairs & Labor Refer Amended to Finance,2
HB22-1346,2022,RS,House,2022-04-25,House Committee on Finance Refer Amended to Appropriations,3
HB22-1346,2022,RS,House,2022-04-29,House Committee on Appropriations Refer Amended to House Committee of the Whole,4
HB22-1346,2022,RS,House,2022-04-29,House Second Reading Special Order - Passed with Amendments - Committee,5
HB22-1346,2022,RS,House,2022-05-02,House Third Reading Passed - No Amendments,6
HB22-1346,2022,RS,Senate,2022-05-02,Introduced In Senate - Assigned to Finance,7
HB22-1346,2022,RS,Senate,2022-05-05,Senate Committee on Finance Refer Unamended to Appropriations,8
HB22-1346,2022,RS,Senate,2022-05-06,Senate Committee on Appropriations Refer Amended to Senate Committee of the Whole,9
HB22-1346,2022,RS,Senate,2022-05-06,Senate Second Reading Special Order - Passed with Amendments - Committee,10
HB22-1346,2022,RS,Senate,2022-05-09,Senate Third Reading Passed - No Amendments,11
HB22-1346,2022,RS,House,2022-05-10,House Considered Senate Amendments - Result was to Laid Over Daily,12
HB22-1346,2022,RS,House,2022-05-11,House Considered Senate Amendments - Result was to Concur - Repass,13
HB22-1346,2022,RS,House,2022-05-26,Signed by the Speaker of the House,14
HB22-1346,2022,RS,Senate,2022-05-31,Signed by the President of the Senate,15
HB22-1346,2022,RS,Governor,2022-05-31,Sent to the Governor,16
HB22-1346,2022,RS,Governor,2022-06-08,Governor Signed,17
HB22-1347,2022,RS,House,2022-03-28,Introduced In House - Assigned to Business Affairs & Labor,1
HB22-1347,2022,RS,House,2022-04-13,House Committee on Business Affairs & Labor Refer Unamended to House Committee of the Whole,2
HB22-1347,2022,RS,House,2022-04-14,House Second Reading Special Order - Passed - No Amendments,3
HB22-1347,2022,RS,House,2022-04-18,House Third Reading Passed - No Amendments,4
HB22-1347,2022,RS,Senate,2022-04-19,"Introduced In Senate - Assigned to Business, Labor, & Technology",5
HB22-1347,2022,RS,Senate,2022-04-27,"Senate Committee on Business, Labor, & Technology Refer Amended to Senate Committee of the Whole",6
HB22-1347,2022,RS,Senate,2022-04-28,Senate Second Reading Special Order - Passed with Amendments - Committee,7
HB22-1347,2022,RS,Senate,2022-04-29,Senate Third Reading Passed - No Amendments,8
HB22-1347,2022,RS,House,2022-05-02,House Considered Senate Amendments - Result was to Laid Over Daily,9
HB22-1347,2022,RS,House,2022-05-10,House Considered Senate Amendments - Result was to Concur - Repass,10
HB22-1347,2022,RS,House,2022-06-03,Signed by the Speaker of the House,11
HB22-1347,2022,RS,Senate,2022-06-06,Signed by the President of the Senate,12
HB22-1347,2022,RS,Governor,2022-06-06,Sent to the Governor,13
HB22-1347,2022,RS,Governor,2022-06-08,Governor Signed,14
HB22-1348,2022,RS,House,2022-03-28,Introduced In House - Assigned to Energy & Environment,1
HB22-1348,2022,RS,House,2022-04-14,House Committee on Energy & Environment Refer Amended to Appropriations,2
HB22-1348,2022,RS,House,2022-04-22,House Committee on Appropriations Refer Amended to House Committee of the Whole,3
HB22-1348,2022,RS,House,2022-04-26,"House Second Reading Special Order - Passed with Amendments - Committee, Floor",4
HB22-1348,2022,RS,House,2022-04-27,House Third Reading Passed - No Amendments,5
HB22-1348,2022,RS,Senate,2022-04-27,Introduced In Senate - Assigned to Transportation & Energy,6
HB22-1348,2022,RS,Senate,2022-05-03,Senate Committee on Transportation & Energy Refer Amended to Appropriations,7
HB22-1348,2022,RS,Senate,2022-05-10,Senate Committee on Appropriations Refer Unamended to Senate Committee of the Whole,8
HB22-1348,2022,RS,Senate,2022-05-10,"Senate Second Reading Special Order - Passed with Amendments - Committee, Floor",9
HB22-1348,2022,RS,Senate,2022-05-11,Senate Third Reading Passed with Amendments - Floor,10
HB22-1348,2022,RS,House,2022-05-11,House Considered Senate Amendments - Result was to Concur - Repass,11
HB22-1348,2022,RS,House,2022-06-01,Signed by the Speaker of the House,12
HB22-1348,2022,RS,Senate,2022-06-01,Signed by the President of the Senate,13
HB22-1348,2022,RS,Governor,2022-06-01,Sent to the Governor,14
HB22-1348,2022,RS,Governor,2022-06-08,Governor Signed,15
HB22-1349,2022,RS,House,2022-03-29,Introduced In House - Assigned to Education,1
HB22-1349,2022,RS,House,2022-04-07,House Committee on Education Refer Amended to Appropriations,2
HB22-1349,2022,RS,House,2022-04-19,House Committee on Appropriations Refer Amended to House Committee of the Whole,3
HB22-1349,2022,RS,House,2022-04-19,House Second Reading Special Order - Laid Over Daily - No Amendments,4
HB22-1349,2022,RS,House,2022-04-20,House Second Reading Special Order - Passed with Amendments - Committee,5
HB22-1349,2022,RS,House,2022-04-21,House Third Reading Laid Over Daily - No Amendments,6
HB22-1349,2022,RS,House,2022-04-22,House Third Reading Passed - No Amendments,7
HB22-1349,2022,RS,Senate,2022-04-25,Introduced In Senate - Assigned to Education,8
HB22-1349,2022,RS,Senate,2022-04-28,Senate Committee on Education Refer Unamended to Appropriations,9
HB22-1349,2022,RS,Senate,2022-05-03,Senate Committee on Appropriations Refer Unamended to Senate Committee of the Whole,10
HB22-1349,2022,RS,Senate,2022-05-03,Senate Second Reading Laid Over Daily - No Amendments,11
HB22-1349,2022,RS,Senate,2022-05-04,Senate Second Reading Special Order - Passed with Amendments - Floor,12
HB22-1349,2022,RS,Senate,2022-05-05,Senate Third Reading Passed - No Amendments,13
HB22-1349,2022,RS,House,2022-05-09,House Considered Senate Amendments - Result was to Laid Over Daily,14
HB22-1349,2022,RS,House,2022-05-10,House Considered Senate Amendments - Result was to Concur - Repass,15
HB22-1349,2022,RS,House,2022-05-27,Signed by the Speaker of the House,16
HB22-1349,2022,RS,Senate,2022-05-31,Signed by the President of the Senate,17
HB22-1349,2022,RS,Governor,2022-05-31,Sent to the Governor,18
HB22-1349,2022,RS,Governor,2022-06-03,Governor Signed,19
HB22-1350,2022,RS,House,2022-03-29,Introduced In House - Assigned to Education,1
HB22-1350,2022,RS,House,2022-04-13,House Committee on Education Refer Amended to Appropriations,2
HB22-1350,2022,RS,House,2022-04-21,House Committee on Appropriations Refer Unamended to House Committee of the Whole,3
HB22-1350,2022,RS,House,2022-04-21,House Second Reading Special Order - Laid Over Daily - No Amendments,4
HB22-1350,2022,RS,House,2022-04-22,House Second Reading Special Order - Passed with Amendments - Committee,5
HB22-1350,2022,RS,House,2022-04-25,House Third Reading Passed - No Amendments,6
HB22-1350,2022,RS,Senate,2022-04-25,"Introduced In Senate - Assigned to Business, Labor, & Technology",7
HB22-1350,2022,RS,Senate,2022-05-02,"Senate Committee on Business, Labor, & Technology Refer Amended to Appropriations",8
HB22-1350,2022,RS,Senate,2022-05-04,Senate Committee on Appropriations Refer Amended - Consent Calendar to Senate Committee of the Whole,9
HB22-1350,2022,RS,Senate,2022-05-04,Senate Second Reading Special Order - Passed with Amendments - Committee,10
HB22-1350,2022,RS,Senate,2022-05-05,Senate Third Reading Passed - No Amendments,11
HB22-1350,2022,RS,House,2022-05-06,House Considered Senate Amendments - Result was to Laid Over Daily,12
HB22-1350,2022,RS,House,2022-05-10,House Considered Senate Amendments - Result was to Concur - Repass,13
HB22-1350,2022,RS,House,2022-05-17,Signed by the Speaker of the House,14
HB22-1350,2022,RS,Senate,2022-05-17,Signed by the President of the Senate,15
HB22-1350,2022,RS,Governor,2022-05-17,Sent to the Governor,16
HB22-1350,2022,RS,Governor,2022-05-26,Governor Signed,17
HB22-1351,2022,RS,House,2022-03-31,Introduced In House - Assigned to Finance,1
HB22-1351,2022,RS,House,2022-04-21,House Committee on Finance Refer Amended to Appropriations,2
HB22-1351,2022,RS,House,2022-04-22,House Committee on Appropriations Refer Amended to House Committee of the Whole,3
HB22-1351,2022,RS,House,2022-04-22,House Second Reading Special Order - Passed with Amendments - Committee,4
HB22-1351,2022,RS,House,2022-04-25,House Third Reading Passed - No Amendments,5
HB22-1351,2022,RS,Senate,2022-04-25,Introduced In Senate - Assigned to Appropriations,6
HB22-1351,2022,RS,Senate,2022-04-29,Senate Committee on Appropriations Refer Unamended to Senate Committee of the Whole,7
HB22-1351,2022,RS,Senate,2022-04-29,Senate Second Reading Special Order - Passed - No Amendments,8
HB22-1351,2022,RS,Senate,2022-05-02,Senate Third Reading Passed - No Amendments,9
HB22-1351,2022,RS,House,2022-05-14,Signed by the Speaker of the House,10
HB22-1351,2022,RS,Senate,2022-05-16,Signed by the President of the Senate,11
HB22-1351,2022,RS,Governor,2022-05-16,Sent to the Governor,12
HB22-1351,2022,RS,Governor,2022-05-16,Governor Signed,13
HB22-1352,2022,RS,House,2022-03-31,"Introduced In House - Assigned to State, Civic, Military, & Veterans Affairs",1
HB22-1352,2022,RS,House,2022-04-14,"House Committee on State, Civic, Military, & Veterans Affairs Refer Unamended to Appropriations",2
HB22-1352,2022,RS,House,2022-04-22,House Committee on Appropriations Refer Amended to House Committee of the Whole,3
HB22-1352,2022,RS,House,2022-04-22,"House Second Reading Special Order - Passed with Amendments - Committee, Floor",4
HB22-1352,2022,RS,House,2022-04-25,House Third Reading Passed - No Amendments,5
HB22-1352,2022,RS,Senate,2022-04-25,"Introduced In Senate - Assigned to State, Veterans, & Military Affairs",6
HB22-1352,2022,RS,Senate,2022-04-28,"Senate Committee on State, Veterans, & Military Affairs Refer Unamended to Appropriations",7
HB22-1352,2022,RS,Senate,2022-05-03,Senate Committee on Appropriations Refer Unamended to Senate Committee of the Whole,8
HB22-1352,2022,RS,Senate,2022-05-03,Senate Second Reading Laid Over Daily - No Amendments,9
HB22-1352,2022,RS,Senate,2022-05-04,Senate Second Reading Special Order - Passed - No Amendments,10
HB22-1352,2022,RS,Senate,2022-05-05,Senate Third Reading Passed - No Amendments,11
HB22-1352,2022,RS,House,2022-05-14,Signed by the Speaker of the House,12
HB22-1352,2022,RS,Senate,2022-05-16,Signed by the President of the Senate,13
HB22-1352,2022,RS,Governor,2022-05-16,Sent to the Governor,14
HB22-1352,2022,RS,Governor,2022-05-18,Governor Signed,15
HB22-1353,2022,RS,House,2022-03-31,Introduced In House - Assigned to Judiciary,1
HB22-1353,2022,RS,House,2022-04-13,House Committee on Judiciary Refer Amended to Appropriations,2
HB22-1353,2022,RS,House,2022-04-29,House Committee on Appropriations Refer Amended to House Committee of the Whole,3
HB22-1353,2022,RS,House,2022-04-29,House Second Reading Special Order - Passed with Amendments - Committee,4
HB22-1353,2022,RS,House,2022-05-02,House Third Reading Passed - No Amendments,5
HB22-1353,2022,RS,Senate,2022-05-02,Introduced In Senate - Assigned to Judiciary,6
HB22-1353,2022,RS,Senate,2022-05-03,Senate Committee on Judiciary Refer Unamended - Consent Calendar to Senate Committee of the Whole,7
HB22-1353,2022,RS,Senate,2022-05-05,Senate Second Reading Special Order - Passed - No Amendments,8
HB22-1353,2022,RS,Senate,2022-05-06,Senate Third Reading Passed - No Amendments,9
HB22-1353,2022,RS,House,2022-05-27,Signed by the Speaker of the House,10
HB22-1353,2022,RS,Senate,2022-05-31,Signed by the President of the Senate,11
HB22-1353,2022,RS,Governor,2022-05-31,Sent to the Governor,12
HB22-1353,2022,RS,Governor,2022-06-08,Governor Signed,13
HB22-1354,2022,RS,House,2022-03-31,Introduced In House - Assigned to Public & Behavioral Health & Human Services,1
HB22-1354,2022,RS,House,2022-04-12,House Committee on Public & Behavioral Health & Human Services Refer Amended to Appropriations,2
HB22-1354,2022,RS,House,2022-04-21,House Committee on Appropriations Refer Unamended to House Committee of the Whole,3
HB22-1354,2022,RS,House,2022-04-21,House Second Reading Special Order - Laid Over Daily - No Amendments,4
HB22-1354,2022,RS,House,2022-04-22,"House Second Reading Special Order - Passed with Amendments - Committee, Floor",5
HB22-1354,2022,RS,House,2022-04-25,House Third Reading Passed - No Amendments,6
HB22-1354,2022,RS,Senate,2022-04-25,"Introduced In Senate - Assigned to Business, Labor, & Technology",7
HB22-1354,2022,RS,Senate,2022-05-02,"Senate Committee on Business, Labor, & Technology Refer Amended to Senate Committee of the Whole",8
HB22-1354,2022,RS,Senate,2022-05-03,Senate Second Reading Laid Over Daily - No Amendments,9
HB22-1354,2022,RS,Senate,2022-05-04,Senate Second Reading Special Order - Passed with Amendments - Committee,10
HB22-1354,2022,RS,Senate,2022-05-05,Senate Third Reading Passed - No Amendments,11
HB22-1354,2022,RS,House,2022-05-09,House Considered Senate Amendments - Result was to Laid Over Daily,12
HB22-1354,2022,RS,House,2022-05-10,House Considered Senate Amendments - Result was to Concur - Repass,13
HB22-1354,2022,RS,House,2022-06-01,Signed by the Speaker of the House,14
HB22-1354,2022,RS,Senate,2022-06-01,Signed by the President of the Senate,15
HB22-1354,2022,RS,Governor,2022-06-01,Sent to the Governor,16
HB22-1354,2022,RS,Governor,2022-06-08,Governor Signed,17
HB22-1355,2022,RS,House,2022-03-31,Introduced In House - Assigned to Energy & Environment,1
HB22-1355,2022,RS,House,2022-04-13,House Committee on Energy & Environment Refer Amended to Appropriations,2
HB22-1355,2022,RS,House,2022-04-26,House Committee on Appropriations Refer Amended to House Committee of the Whole,3
HB22-1355,2022,RS,House,2022-04-28,House Second Reading Laid Over Daily - No Amendments,4
HB22-1355,2022,RS,House,2022-04-29,"House Second Reading Special Order - Passed with Amendments - Committee, Floor",5
HB22-1355,2022,RS,House,2022-05-02,House Third Reading Passed - No Amendments,6
HB22-1355,2022,RS,Senate,2022-05-02,Introduced In Senate - Assigned to Finance,7
HB22-1355,2022,RS,Senate,2022-05-04,Senate Committee on Finance Refer Amended to Appropriations,8
HB22-1355,2022,RS,Senate,2022-05-06,Senate Committee on Appropriations Refer Amended to Senate Committee of the Whole,9
HB22-1355,2022,RS,Senate,2022-05-06,Senate Second Reading Special Order - Laid Over Daily - No Amendments,10
HB22-1355,2022,RS,Senate,2022-05-09,Senate Second Reading Laid Over Daily - No Amendments,11
HB22-1355,2022,RS,Senate,2022-05-10,"Senate Second Reading Passed with Amendments - Committee, Floor",12
HB22-1355,2022,RS,Senate,2022-05-11,Senate Third Reading Passed with Amendments - Floor,13
HB22-1355,2022,RS,House,2022-05-11,House Considered Senate Amendments - Result was to Concur - Repass,14
HB22-1355,2022,RS,House,2022-05-27,Signed by the Speaker of the House,15
HB22-1355,2022,RS,Senate,2022-05-31,Signed by the President of the Senate,16
HB22-1355,2022,RS,Governor,2022-05-31,Sent to the Governor,17
HB22-1355,2022,RS,Governor,2022-06-03,Governor Signed,18
HB22-1356,2022,RS,House,2022-03-31,Introduced In House - Assigned to Transportation & Local Government,1
HB22-1356,2022,RS,House,2022-04-13,House Committee on Transportation & Local Government Refer Amended to Appropriations,2
HB22-1356,2022,RS,House,2022-04-21,House Committee on Appropriations Refer Amended to House Committee of the Whole,3
HB22-1356,2022,RS,House,2022-04-22,"House Second Reading Special Order - Passed with Amendments - Committee, Floor",4
HB22-1356,2022,RS,House,2022-04-25,House Third Reading Passed - No Amendments,5
HB22-1356,2022,RS,Senate,2022-04-25,Introduced In Senate - Assigned to Appropriations,6
HB22-1356,2022,RS,Senate,2022-04-28,Senate Committee on Appropriations Refer Unamended - Consent Calendar to Senate Committee of the Whole,7
HB22-1356,2022,RS,Senate,2022-04-28,Senate Second Reading Special Order - Passed - No Amendments,8
HB22-1356,2022,RS,Senate,2022-04-29,Senate Third Reading Passed - No Amendments,9
HB22-1356,2022,RS,House,2022-05-27,Signed by the Speaker of the House,10
HB22-1356,2022,RS,Senate,2022-05-31,Signed by the President of the Senate,11
HB22-1356,2022,RS,Governor,2022-05-31,Sent to the Governor,12
HB22-1356,2022,RS,Governor,2022-06-03,Governor Signed,13
HB22-1357,2022,RS,House,2022-04-01,Introduced In House - Assigned to Finance,1
HB22-1357,2022,RS,House,2022-04-25,House Committee on Finance Postpone Indefinitely,2
HB22-1358,2022,RS,House,2022-04-01,Introduced In House - Assigned to Public & Behavioral Health & Human Services,1
HB22-1358,2022,RS,House,2022-04-12,House Committee on Public & Behavioral Health & Human Services Refer Amended to Appropriations,2
HB22-1358,2022,RS,House,2022-05-03,House Committee on Appropriations Refer Amended to House Committee of the Whole,3
HB22-1358,2022,RS,House,2022-05-03,"House Second Reading Special Order - Passed with Amendments - Committee, Floor",4
HB22-1358,2022,RS,House,2022-05-04,House Third Reading Passed - No Amendments,5
HB22-1358,2022,RS,Senate,2022-05-04,Introduced In Senate - Assigned to Appropriations,6
HB22-1358,2022,RS,Senate,2022-05-06,Senate Committee on Appropriations Refer Amended to Senate Committee of the Whole,7
HB22-1358,2022,RS,Senate,2022-05-06,"Senate Second Reading Special Order - Passed with Amendments - Committee, Floor",8
HB22-1358,2022,RS,Senate,2022-05-09,Senate Third Reading Passed - No Amendments,9
HB22-1358,2022,RS,Senate,2022-05-10,House Considered Senate Amendments - Result was to Laid Over Daily,10
HB22-1358,2022,RS,Senate,2022-05-10,Senate Recalled Bill From House,11
HB22-1358,2022,RS,Senate,2022-05-10,Senate Third Reading Reconsidered - No Amendments,12
HB22-1358,2022,RS,Senate,2022-05-10,Senate Third Reading Passed with Amendments - Floor,13
HB22-1358,2022,RS,Senate,2022-05-11,House Considered Senate Amendments - Result was to Concur - Repass,14
HB22-1358,2022,RS,House,2022-05-27,Signed by the Speaker of the House,15
HB22-1358,2022,RS,Senate,2022-05-31,Signed by the President of the Senate,16
HB22-1358,2022,RS,Governor,2022-05-31,Sent to the Governor,17
HB22-1358,2022,RS,Governor,2022-06-07,Governor Signed,18
HB22-1359,2022,RS,House,2022-04-04,Introduced In House - Assigned to Finance,1
HB22-1359,2022,RS,House,2022-04-21,House Committee on Finance Refer Amended to Appropriations,2
HB22-1359,2022,RS,House,2022-04-26,House Committee on Appropriations Refer Amended to House Committee of the Whole,3
HB22-1359,2022,RS,House,2022-04-26,"House Second Reading Special Order - Passed with Amendments - Committee, Floor",4
HB22-1359,2022,RS,House,2022-04-27,House Third Reading Passed - No Amendments,5
HB22-1359,2022,RS,Senate,2022-04-27,Introduced In Senate - Assigned to Finance,6
HB22-1359,2022,RS,Senate,2022-04-29,Senate Committee on Finance Refer Amended to Appropriations,7
HB22-1359,2022,RS,Senate,2022-05-03,Senate Committee on Appropriations Refer Unamended to Senate Committee of the Whole,8
HB22-1359,2022,RS,Senate,2022-05-03,Senate Second Reading Laid Over Daily - No Amendments,9
HB22-1359,2022,RS,Senate,2022-05-04,Senate Second Reading Special Order - Passed with Amendments - Committee,10
HB22-1359,2022,RS,Senate,2022-05-05,Senate Third Reading Passed - No Amendments,11
HB22-1359,2022,RS,House,2022-05-09,House Considered Senate Amendments - Result was to Laid Over Daily,12
HB22-1359,2022,RS,House,2022-05-10,House Considered Senate Amendments - Result was to Concur - Repass,13
HB22-1359,2022,RS,House,2022-05-26,Signed by the Speaker of the House,14
HB22-1359,2022,RS,Senate,2022-05-31,Signed by the President of the Senate,15
HB22-1359,2022,RS,Governor,2022-05-31,Sent to the Governor,16
HB22-1359,2022,RS,Governor,2022-06-03,Governor Signed,17
HB22-1360,2022,RS,House,2022-04-04,Introduced In House - Assigned to Public & Behavioral Health & Human Services,1
HB22-1360,2022,RS,House,2022-04-19,House Committee on Public & Behavioral Health & Human Services Refer Amended to House Committee of the Whole,2
HB22-1360,2022,RS,House,2022-04-21,House Second Reading Special Order - Laid Over Daily - No Amendments,3
HB22-1360,2022,RS,House,2022-04-22,House Second Reading Special Order - Passed with Amendments - Committee,4
HB22-1360,2022,RS,House,2022-04-25,House Third Reading Passed - No Amendments,5
HB22-1360,2022,RS,Senate,2022-04-25,Introduced In Senate - Assigned to Finance,6
HB22-1360,2022,RS,Senate,2022-04-27,Senate Committee on Finance Refer Unamended - Consent Calendar to Senate Committee of the Whole,7
HB22-1360,2022,RS,Senate,2022-04-28,Senate Second Reading Special Order - Passed - No Amendments,8
HB22-1360,2022,RS,Senate,2022-04-29,Senate Third Reading Passed - No Amendments,9
HB22-1360,2022,RS,House,2022-06-01,Signed by the Speaker of the House,10
HB22-1360,2022,RS,Senate,2022-06-01,Signed by the President of the Senate,11
HB22-1360,2022,RS,Governor,2022-06-01,Sent to the Governor,12
HB22-1360,2022,RS,Governor,2022-06-03,Governor Signed,13
HB22-1361,2022,RS,House,2022-04-04,Introduced In House - Assigned to Energy & Environment,1
HB22-1361,2022,RS,House,2022-04-20,House Committee on Energy & Environment Refer Amended to Appropriations,2
HB22-1361,2022,RS,House,2022-04-26,House Committee on Appropriations Refer Unamended to House Committee of the Whole,3
HB22-1361,2022,RS,House,2022-04-26,House Second Reading Special Order - Passed with Amendments - Committee,4
HB22-1361,2022,RS,House,2022-04-27,House Third Reading Laid Over Daily - No Amendments,5
HB22-1361,2022,RS,House,2022-04-28,House Third Reading Passed - No Amendments,6
HB22-1361,2022,RS,Senate,2022-04-28,Introduced In Senate - Assigned to Transportation & Energy,7
HB22-1361,2022,RS,Senate,2022-05-03,Senate Committee on Transportation & Energy Refer Unamended to Appropriations,8
HB22-1361,2022,RS,Senate,2022-05-09,Senate Committee on Appropriations Refer Unamended to Senate Committee of the Whole,9
HB22-1361,2022,RS,Senate,2022-05-09,Senate Second Reading Special Order - Passed - No Amendments,10
HB22-1361,2022,RS,Senate,2022-05-10,Senate Third Reading Passed - No Amendments,11
HB22-1361,2022,RS,House,2022-06-01,Signed by the Speaker of the House,12
HB22-1361,2022,RS,Senate,2022-06-01,Signed by the President of the Senate,13
HB22-1361,2022,RS,Governor,2022-06-01,Sent to the Governor,14
HB22-1361,2022,RS,Governor,2022-06-08,Governor Signed,15
HB22-1362,2022,RS,House,2022-04-07,Introduced In House - Assigned to Energy & Environment,1
HB22-1362,2022,RS,House,2022-04-14,House Committee on Energy & Environment Refer Amended to Appropriations,2
HB22-1362,2022,RS,House,2022-04-22,House Committee on Appropriations Refer Unamended to House Committee of the Whole,3
HB22-1362,2022,RS,House,2022-04-26,House Second Reading Laid Over Daily - No Amendments,4
HB22-1362,2022,RS,House,2022-04-29,"House Second Reading Special Order - Passed with Amendments - Committee, Floor",5
HB22-1362,2022,RS,House,2022-05-02,House Third Reading Passed - No Amendments,6
HB22-1362,2022,RS,Senate,2022-05-02,"Introduced In Senate - Assigned to State, Veterans, & Military Affairs",7
HB22-1362,2022,RS,Senate,2022-05-05,"Senate Committee on State, Veterans, & Military Affairs Refer Amended to Appropriations",8
HB22-1362,2022,RS,Senate,2022-05-06,Senate Committee on Appropriations Refer Unamended to Senate Committee of the Whole,9
HB22-1362,2022,RS,Senate,2022-05-06,"Senate Second Reading Special Order - Passed with Amendments - Committee, Floor",10
HB22-1362,2022,RS,Senate,2022-05-09,Senate Third Reading Passed with Amendments - Floor,11
HB22-1362,2022,RS,House,2022-05-10,House Considered Senate Amendments - Result was to Laid Over Daily,12
HB22-1362,2022,RS,House,2022-05-11,House Considered Senate Amendments - Result was to Concur - Repass,13
HB22-1362,2022,RS,House,2022-05-20,Signed by the Speaker of the House,14
HB22-1362,2022,RS,Senate,2022-05-20,Signed by the President of the Senate,15
HB22-1362,2022,RS,Governor,2022-05-20,Sent to the Governor,16
HB22-1362,2022,RS,Governor,2022-06-02,Governor Signed,17
HB22-1363,2022,RS,House,2022-04-07,Introduced In House - Assigned to Transportation & Local Government,1
HB22-1363,2022,RS,House,2022-04-26,House Committee on Transportation & Local Government Refer Amended to House Committee of the Whole,2
HB22-1363,2022,RS,House,2022-04-28,House Second Reading Special Order - Laid Over Daily - No Amendments,3
HB22-1363,2022,RS,House,2022-04-29,"House Second Reading Passed with Amendments - Committee, Floor",4
HB22-1363,2022,RS,House,2022-05-02,House Third Reading Passed - No Amendments,5
HB22-1363,2022,RS,Senate,2022-05-02,"Introduced In Senate - Assigned to State, Veterans, & Military Affairs",6
HB22-1363,2022,RS,Senate,2022-05-05,"Senate Committee on State, Veterans, & Military Affairs Postpone Indefinitely",7
HB22-1364,2022,RS,House,2022-04-08,"Introduced In House - Assigned to Agriculture, Livestock, & Water",1
HB22-1364,2022,RS,House,2022-04-18,"House Committee on Agriculture, Livestock, & Water Refer Unamended to Appropriations",2
HB22-1364,2022,RS,House,2022-04-22,House Committee on Appropriations Refer Amended to House Committee of the Whole,3
HB22-1364,2022,RS,House,2022-04-22,"House Second Reading Special Order - Passed with Amendments - Committee, Floor",4
HB22-1364,2022,RS,House,2022-04-25,House Third Reading Passed - No Amendments,5
HB22-1364,2022,RS,Senate,2022-04-26,Introduced In Senate - Assigned to Appropriations,6
HB22-1364,2022,RS,Senate,2022-05-04,Senate Committee on Appropriations Refer Amended to Senate Committee of the Whole,7
HB22-1364,2022,RS,Senate,2022-05-04,"Senate Second Reading Special Order - Passed with Amendments - Committee, Floor",8
HB22-1364,2022,RS,Senate,2022-05-05,Senate Third Reading Passed - No Amendments,9
HB22-1364,2022,RS,House,2022-05-09,House Considered Senate Amendments - Result was to Laid Over Daily,10
HB22-1364,2022,RS,House,2022-05-10,House Considered Senate Amendments - Result was to Concur - Repass,11
HB22-1364,2022,RS,House,2022-05-27,Signed by the Speaker of the House,12
HB22-1364,2022,RS,Senate,2022-05-31,Signed by the President of the Senate,13
HB22-1364,2022,RS,Governor,2022-05-31,Sent to the Governor,14
HB22-1364,2022,RS,Governor,2022-06-03,Governor Signed,15
HB22-1365,2022,RS,House,2022-04-11,Introduced In House - Assigned to Education,1
HB22-1365,2022,RS,House,2022-04-21,House Committee on Education Refer Amended to House Committee of the Whole,2
HB22-1365,2022,RS,House,2022-04-26,House Second Reading Special Order - Passed with Amendments - No Amendments,3
HB22-1365,2022,RS,House,2022-04-27,House Third Reading Passed - No Amendments,4
HB22-1365,2022,RS,Senate,2022-04-27,Introduced In Senate - Assigned to Transportation & Energy,5
HB22-1365,2022,RS,Senate,2022-05-03,Senate Committee on Transportation & Energy Refer Amended to Senate Committee of the Whole,6
HB22-1365,2022,RS,Senate,2022-05-04,Senate Second Reading Special Order - Passed with Amendments - Committee,7
HB22-1365,2022,RS,Senate,2022-05-05,Senate Third Reading Passed - No Amendments,8
HB22-1365,2022,RS,House,2022-05-09,House Considered Senate Amendments - Result was to Laid Over Daily,9
HB22-1365,2022,RS,House,2022-05-10,House Considered Senate Amendments - Result was to Concur - Repass,10
HB22-1365,2022,RS,House,2022-05-20,Signed by the Speaker of the House,11
HB22-1365,2022,RS,Senate,2022-05-20,Signed by the President of the Senate,12
HB22-1365,2022,RS,Governor,2022-05-20,Sent to the Governor,13
HB22-1365,2022,RS,Governor,2022-05-27,Governor Signed,14
HB22-1366,2022,RS,House,2022-04-11,Introduced In House - Assigned to Education,1
HB22-1366,2022,RS,House,2022-04-21,House Committee on Education Refer Amended to Appropriations,2
HB22-1366,2022,RS,House,2022-04-29,House Second Reading Special Order - Passed with Amendments - Committee,3
HB22-1366,2022,RS,House,2022-04-29,House Committee on Appropriations Refer Amended to House Committee of the Whole,4
HB22-1366,2022,RS,House,2022-05-02,House Third Reading Passed - No Amendments,5
HB22-1366,2022,RS,Senate,2022-05-02,Introduced In Senate - Assigned to Appropriations,6
HB22-1366,2022,RS,Senate,2022-05-05,Senate Committee on Appropriations Refer Unamended to Senate Committee of the Whole,7
HB22-1366,2022,RS,Senate,2022-05-05,Senate Second Reading Special Order - Passed - No Amendments,8
HB22-1366,2022,RS,Senate,2022-05-06,Senate Third Reading Passed - No Amendments,9
HB22-1366,2022,RS,House,2022-05-23,Signed by the Speaker of the House,10
HB22-1366,2022,RS,Senate,2022-05-25,Signed by the President of the Senate,11
HB22-1366,2022,RS,Governor,2022-05-25,Sent to the Governor,12
HB22-1366,2022,RS,Governor,2022-05-26,Governor Signed,13
HB22-1367,2022,RS,House,2022-04-11,Introduced In House - Assigned to Judiciary,1
HB22-1367,2022,RS,House,2022-04-19,House Committee on Judiciary Refer Amended to Appropriations,2
HB22-1367,2022,RS,House,2022-04-27,House Committee on Appropriations Refer Amended to House Committee of the Whole,3
HB22-1367,2022,RS,House,2022-04-27,"House Second Reading Special Order - Passed with Amendments - Committee, Floor",4
HB22-1367,2022,RS,House,2022-04-28,House Third Reading Passed - No Amendments,5
HB22-1367,2022,RS,Senate,2022-04-28,Introduced In Senate - Assigned to Judiciary,6
HB22-1367,2022,RS,Senate,2022-05-03,Senate Committee on Judiciary Refer Unamended to Appropriations,7
HB22-1367,2022,RS,Senate,2022-05-06,Senate Committee on Appropriations Refer Unamended to Senate Committee of the Whole,8
HB22-1367,2022,RS,Senate,2022-05-06,Senate Second Reading Special Order - Passed - No Amendments,9
HB22-1367,2022,RS,Senate,2022-05-09,Senate Third Reading Passed - No Amendments,10
HB22-1367,2022,RS,House,2022-06-01,Signed by the Speaker of the House,11
HB22-1367,2022,RS,Senate,2022-06-01,Signed by the President of the Senate,12
HB22-1367,2022,RS,Governor,2022-06-01,Sent to the Governor,13
HB22-1367,2022,RS,Governor,2022-06-08,Governor Signed,14
HB22-1368,2022,RS,House,2022-04-11,Introduced In House - Assigned to Judiciary,1
HB22-1368,2022,RS,House,2022-04-20,House Committee on Judiciary Refer Amended to House Committee of the Whole,2
HB22-1368,2022,RS,House,2022-04-21,House Second Reading Special Order - Laid Over Daily - No Amendments,3
HB22-1368,2022,RS,House,2022-04-22,House Second Reading Special Order - Passed with Amendments - Committee,4
HB22-1368,2022,RS,House,2022-04-25,House Third Reading Passed - No Amendments,5
HB22-1368,2022,RS,Senate,2022-04-25,Introduced In Senate - Assigned to Judiciary,6
HB22-1368,2022,RS,Senate,2022-04-28,Senate Committee on Judiciary Refer Unamended - Consent Calendar to Senate Committee of the Whole,7
HB22-1368,2022,RS,Senate,2022-04-29,Senate Second Reading Special Order - Passed - No Amendments,8
HB22-1368,2022,RS,Senate,2022-05-02,Senate Third Reading Passed - No Amendments,9
HB22-1368,2022,RS,House,2022-05-27,Signed by the Speaker of the House,10
HB22-1368,2022,RS,Senate,2022-05-31,Signed by the President of the Senate,11
HB22-1368,2022,RS,Governor,2022-05-31,Sent to the Governor,12
HB22-1368,2022,RS,Governor,2022-06-08,Governor Signed,13
HB22-1369,2022,RS,House,2022-04-12,Introduced In House - Assigned to Public & Behavioral Health & Human Services,1
HB22-1369,2022,RS,House,2022-04-26,House Committee on Public & Behavioral Health & Human Services Refer Amended to Appropriations,2
HB22-1369,2022,RS,House,2022-04-27,House Committee on Appropriations Refer Amended to House Committee of the Whole,3
HB22-1369,2022,RS,House,2022-04-27,House Second Reading Special Order - Passed with Amendments - Committee,4
HB22-1369,2022,RS,House,2022-04-28,House Third Reading Passed - No Amendments,5
HB22-1369,2022,RS,Senate,2022-04-28,Introduced In Senate - Assigned to Health & Human Services,6
HB22-1369,2022,RS,Senate,2022-05-02,Senate Committee on Health & Human Services Refer Unamended to Appropriations,7
HB22-1369,2022,RS,Senate,2022-05-04,Senate Committee on Appropriations Refer Unamended - Consent Calendar to Senate Committee of the Whole,8
HB22-1369,2022,RS,Senate,2022-05-04,Senate Second Reading Special Order - Passed - No Amendments,9
HB22-1369,2022,RS,Senate,2022-05-05,Senate Third Reading Passed - No Amendments,10
HB22-1369,2022,RS,House,2022-05-16,Signed by the Speaker of the House,11
HB22-1369,2022,RS,Senate,2022-05-16,Signed by the President of the Senate,12
HB22-1369,2022,RS,Governor,2022-05-16,Sent to the Governor,13
HB22-1369,2022,RS,Governor,2022-06-03,Governor Signed,14
HB22-1370,2022,RS,House,2022-04-13,Introduced In House - Assigned to Health & Insurance,1
HB22-1370,2022,RS,House,2022-04-27,House Committee on Health & Insurance Refer Amended to Appropriations,2
HB22-1370,2022,RS,House,2022-04-29,House Committee on Appropriations Refer Amended to House Committee of the Whole,3
HB22-1370,2022,RS,House,2022-04-29,"House Second Reading Special Order - Passed with Amendments - Committee, Floor",4
HB22-1370,2022,RS,House,2022-05-02,House Third Reading Passed - No Amendments,5
HB22-1370,2022,RS,Senate,2022-05-02,"Introduced In Senate - Assigned to State, Veterans, & Military Affairs",6
HB22-1370,2022,RS,Senate,2022-05-05,"Senate Committee on State, Veterans, & Military Affairs Witness Testimony and/or Committee Discussion Only",7
HB22-1370,2022,RS,Senate,2022-05-06,"Senate Committee on State, Veterans, & Military Affairs Refer Amended to Appropriations",8
HB22-1370,2022,RS,Senate,2022-05-06,Senate Committee on Appropriations Refer Amended to Senate Committee of the Whole,9
HB22-1370,2022,RS,Senate,2022-05-06,Senate Second Reading Special Order - Passed with Amendments - Committee,10
HB22-1370,2022,RS,Senate,2022-05-09,Senate Third Reading Passed - No Amendments,11
HB22-1370,2022,RS,House,2022-05-10,House Considered Senate Amendments - Result was to Laid Over Daily,12
HB22-1370,2022,RS,House,2022-05-11,House Considered Senate Amendments - Result was to Concur - Repass,13
HB22-1370,2022,RS,House,2022-05-17,Signed by the Speaker of the House,14
HB22-1370,2022,RS,Senate,2022-05-17,Signed by the President of the Senate,15
HB22-1370,2022,RS,Governor,2022-05-17,Sent to the Governor,16
HB22-1370,2022,RS,Governor,2022-05-18,Governor Signed,17
HB22-1371,2022,RS,House,2022-04-13,Introduced In House - Assigned to Judiciary,1
HB22-1371,2022,RS,House,2022-04-19,House Committee on Judiciary Refer Unamended to House Committee of the Whole,2
HB22-1371,2022,RS,House,2022-04-21,House Second Reading Special Order - Passed with Amendments - Floor,3
HB22-1371,2022,RS,House,2022-04-22,House Third Reading Passed - No Amendments,4
HB22-1371,2022,RS,Senate,2022-04-22,Introduced In Senate - Assigned to Judiciary,5
HB22-1371,2022,RS,Senate,2022-04-28,Senate Committee on Judiciary Refer Unamended to Senate Committee of the Whole,6
HB22-1371,2022,RS,Senate,2022-04-29,Senate Second Reading Special Order - Passed - No Amendments,7
HB22-1371,2022,RS,Senate,2022-05-02,Senate Third Reading Passed - No Amendments,8
HB22-1371,2022,RS,House,2022-05-23,Signed by the Speaker of the House,9
HB22-1371,2022,RS,Senate,2022-05-25,Signed by the President of the Senate,10
HB22-1371,2022,RS,Governor,2022-05-25,Sent to the Governor,11
HB22-1371,2022,RS,Governor,2022-05-26,Governor Signed,12
HB22-1372,2022,RS,House,2022-04-13,"Introduced In House - Assigned to State, Civic, Military, & Veterans Affairs",1
HB22-1372,2022,RS,House,2022-04-27,"House Committee on State, Civic, Military, & Veterans Affairs Refer Amended to House Committee of the Whole",2
HB22-1372,2022,RS,House,2022-04-28,House Second Reading Special Order - Passed with Amendments - Committee,3
HB22-1372,2022,RS,House,2022-04-29,House Third Reading Passed - No Amendments,4
HB22-1372,2022,RS,Senate,2022-04-29,Introduced In Senate - Assigned to Transportation & Energy,5
HB22-1372,2022,RS,Senate,2022-05-03,Senate Committee on Transportation & Energy Refer Unamended - Consent Calendar to Senate Committee of the Whole,6
HB22-1372,2022,RS,Senate,2022-05-04,Senate Second Reading Special Order - Passed - No Amendments,7
HB22-1372,2022,RS,Senate,2022-05-05,Senate Third Reading Passed - No Amendments,8
HB22-1372,2022,RS,House,2022-05-27,Signed by the Speaker of the House,9
HB22-1372,2022,RS,Senate,2022-05-31,Signed by the President of the Senate,10
HB22-1372,2022,RS,Governor,2022-05-31,Sent to the Governor,11
HB22-1372,2022,RS,Governor,2022-06-02,Governor Signed,12
HB22-1373,2022,RS,House,2022-04-13,Introduced In House - Assigned to Judiciary,1
HB22-1373,2022,RS,House,2022-04-20,House Committee on Judiciary Refer Unamended to House Committee of the Whole,2
HB22-1373,2022,RS,House,2022-04-21,House Second Reading Special Order - Laid Over Daily - No Amendments,3
HB22-1373,2022,RS,House,2022-04-22,House Second Reading Special Order - Passed - No Amendments,4
HB22-1373,2022,RS,House,2022-04-25,House Third Reading Passed - No Amendments,5
HB22-1373,2022,RS,Senate,2022-04-25,Introduced In Senate - Assigned to Judiciary,6
HB22-1373,2022,RS,Senate,2022-04-28,Senate Committee on Judiciary Refer Unamended to Senate Committee of the Whole,7
HB22-1373,2022,RS,Senate,2022-04-29,Senate Second Reading Special Order - Passed - No Amendments,8
HB22-1373,2022,RS,Senate,2022-05-02,Senate Third Reading Passed - No Amendments,9
HB22-1373,2022,RS,House,2022-05-23,Signed by the Speaker of the House,10
HB22-1373,2022,RS,Senate,2022-05-25,Signed by the President of the Senate,11
HB22-1373,2022,RS,Governor,2022-05-25,Sent to the Governor,12
HB22-1373,2022,RS,Governor,2022-06-07,Governor Signed,13
HB22-1374,2022,RS,House,2022-04-14,Introduced In House - Assigned to Public & Behavioral Health & Human Services,1
HB22-1374,2022,RS,House,2022-04-26,House Committee on Public & Behavioral Health & Human Services Refer Amended to Appropriations,2
HB22-1374,2022,RS,House,2022-04-29,House Committee on Appropriations Refer Amended to House Committee of the Whole,3
HB22-1374,2022,RS,House,2022-04-29,House Second Reading Special Order - Passed with Amendments - Committee,4
HB22-1374,2022,RS,House,2022-05-02,House Third Reading Passed - No Amendments,5
HB22-1374,2022,RS,Senate,2022-05-02,Introduced In Senate - Assigned to Appropriations,6
HB22-1374,2022,RS,Senate,2022-05-05,Senate Committee on Appropriations Refer Unamended - Consent Calendar to Senate Committee of the Whole,7
HB22-1374,2022,RS,Senate,2022-05-05,Senate Second Reading Special Order - Passed - No Amendments,8
HB22-1374,2022,RS,Senate,2022-05-06,Senate Third Reading Passed - No Amendments,9
HB22-1374,2022,RS,House,2022-05-20,Signed by the Speaker of the House,10
HB22-1374,2022,RS,Senate,2022-05-20,Signed by the President of the Senate,11
HB22-1374,2022,RS,Governor,2022-05-20,Sent to the Governor,12
HB22-1374,2022,RS,Governor,2022-05-31,Governor Signed,13
HB22-1375,2022,RS,House,2022-04-14,Introduced In House - Assigned to Public & Behavioral Health & Human Services,1
HB22-1375,2022,RS,House,2022-04-26,House Committee on Public & Behavioral Health & Human Services Refer Amended to Appropriations,2
HB22-1375,2022,RS,House,2022-04-29,House Committee on Appropriations Refer Amended to House Committee of the Whole,3
HB22-1375,2022,RS,House,2022-04-29,House Second Reading Special Order - Passed with Amendments - Committee,4
HB22-1375,2022,RS,House,2022-05-02,House Third Reading Passed - No Amendments,5
HB22-1375,2022,RS,Senate,2022-05-02,Introduced In Senate - Assigned to Appropriations,6
HB22-1375,2022,RS,Senate,2022-05-04,Senate Committee on Appropriations Refer Unamended to Senate Committee of the Whole,7
HB22-1375,2022,RS,Senate,2022-05-04,Senate Second Reading Special Order - Passed - No Amendments,8
HB22-1375,2022,RS,Senate,2022-05-05,Senate Third Reading Passed - No Amendments,9
HB22-1375,2022,RS,House,2022-06-01,Signed by the Speaker of the House,10
HB22-1375,2022,RS,Senate,2022-06-01,Signed by the President of the Senate,11
HB22-1375,2022,RS,Governor,2022-06-01,Sent to the Governor,12
HB22-1375,2022,RS,Governor,2022-06-07,Governor Signed,13
HB22-1376,2022,RS,House,2022-04-14,Introduced In House - Assigned to Education,1
HB22-1376,2022,RS,House,2022-04-21,House Committee on Education Refer Amended to Appropriations,2
HB22-1376,2022,RS,House,2022-04-28,House Committee on Appropriations Refer Amended to House Committee of the Whole,3
HB22-1376,2022,RS,House,2022-04-29,"House Second Reading Special Order - Passed with Amendments - Committee, Floor",4
HB22-1376,2022,RS,House,2022-05-02,House Third Reading Passed - No Amendments,5
HB22-1376,2022,RS,Senate,2022-05-02,Introduced In Senate - Assigned to Judiciary,6
HB22-1376,2022,RS,Senate,2022-05-03,Senate Committee on Judiciary Refer Amended to Finance,7
HB22-1376,2022,RS,Senate,2022-05-06,Senate Committee on Finance Refer Amended to Appropriations,8
HB22-1376,2022,RS,Senate,2022-05-10,Senate Committee on Appropriations Refer Amended to Senate Committee of the Whole,9
HB22-1376,2022,RS,Senate,2022-05-10,"Senate Second Reading Special Order - Passed with Amendments - Committee, Floor",10
HB22-1376,2022,RS,Senate,2022-05-11,Senate Third Reading Passed - No Amendments,11
HB22-1376,2022,RS,House,2022-05-11,House Considered Senate Amendments - Result was to Concur - Repass,12
HB22-1376,2022,RS,House,2022-05-23,Signed by the Speaker of the House,13
HB22-1376,2022,RS,Senate,2022-05-25,Signed by the President of the Senate,14
HB22-1376,2022,RS,Governor,2022-05-25,Sent to the Governor,15
HB22-1376,2022,RS,Governor,2022-05-26,Governor Signed,16
HB22-1377,2022,RS,House,2022-04-18,Introduced In House - Assigned to Transportation & Local Government,1
HB22-1377,2022,RS,House,2022-04-26,House Committee on Transportation & Local Government Refer Amended to Appropriations,2
HB22-1377,2022,RS,House,2022-04-29,House Committee on Appropriations Refer Amended to House Committee of the Whole,3
HB22-1377,2022,RS,House,2022-04-29,House Second Reading Special Order - Passed with Amendments - Committee,4
HB22-1377,2022,RS,House,2022-05-02,House Third Reading Passed - No Amendments,5
HB22-1377,2022,RS,Senate,2022-05-02,Introduced In Senate - Assigned to Finance,6
HB22-1377,2022,RS,Senate,2022-05-05,Senate Committee on Finance Refer Unamended to Appropriations,7
HB22-1377,2022,RS,Senate,2022-05-06,Senate Committee on Appropriations Refer Unamended to Senate Committee of the Whole,8
HB22-1377,2022,RS,Senate,2022-05-06,Senate Second Reading Special Order - Passed - No Amendments,9
HB22-1377,2022,RS,Senate,2022-05-09,Senate Third Reading Passed - No Amendments,10
HB22-1377,2022,RS,House,2022-05-20,Signed by the Speaker of the House,11
HB22-1377,2022,RS,Senate,2022-05-20,Signed by the President of the Senate,12
HB22-1377,2022,RS,Governor,2022-05-20,Sent to the Governor,13
HB22-1377,2022,RS,Governor,2022-05-31,Governor Signed,14
HB22-1378,2022,RS,House,2022-04-18,Introduced In House - Assigned to Transportation & Local Government,1
HB22-1378,2022,RS,House,2022-04-26,House Committee on Transportation & Local Government Refer Amended to Appropriations,2
HB22-1378,2022,RS,House,2022-04-28,House Committee on Appropriations Refer Amended to House Committee of the Whole,3
HB22-1378,2022,RS,House,2022-04-28,House Second Reading Special Order - Passed with Amendments - Committee,4
HB22-1378,2022,RS,House,2022-04-29,House Third Reading Passed - No Amendments,5
HB22-1378,2022,RS,Senate,2022-04-29,Introduced In Senate - Assigned to Transportation & Energy,6
HB22-1378,2022,RS,Senate,2022-05-03,Senate Committee on Transportation & Energy Refer Unamended to Appropriations,7
HB22-1378,2022,RS,Senate,2022-05-05,Senate Committee on Appropriations Refer Unamended to Senate Committee of the Whole,8
HB22-1378,2022,RS,Senate,2022-05-05,Senate Second Reading Special Order - Passed - No Amendments,9
HB22-1378,2022,RS,Senate,2022-05-06,Senate Third Reading Passed - No Amendments,10
HB22-1378,2022,RS,House,2022-05-23,Signed by the Speaker of the House,11
HB22-1378,2022,RS,Senate,2022-05-25,Signed by the President of the Senate,12
HB22-1378,2022,RS,Governor,2022-05-25,Sent to the Governor,13
HB22-1378,2022,RS,Governor,2022-05-31,Governor Signed,14
HB22-1379,2022,RS,House,2022-04-18,"Introduced In House - Assigned to Agriculture, Livestock, & Water",1
HB22-1379,2022,RS,House,2022-04-21,"House Committee on Agriculture, Livestock, & Water Refer Amended to Appropriations",2
HB22-1379,2022,RS,House,2022-04-22,House Committee on Appropriations Refer Amended to House Committee of the Whole,3
HB22-1379,2022,RS,House,2022-04-22,House Second Reading Special Order - Passed with Amendments - Committee,4
HB22-1379,2022,RS,House,2022-04-25,House Third Reading Passed - No Amendments,5
HB22-1379,2022,RS,Senate,2022-04-25,Introduced In Senate - Assigned to Appropriations,6
HB22-1379,2022,RS,Senate,2022-04-28,Senate Committee on Appropriations Refer Unamended - Consent Calendar to Senate Committee of the Whole,7
HB22-1379,2022,RS,Senate,2022-04-28,Senate Second Reading Special Order - Passed - No Amendments,8
HB22-1379,2022,RS,Senate,2022-04-29,Senate Third Reading Passed - No Amendments,9
HB22-1379,2022,RS,House,2022-05-26,Signed by the Speaker of the House,10
HB22-1379,2022,RS,Senate,2022-05-31,Signed by the President of the Senate,11
HB22-1379,2022,RS,Governor,2022-05-31,Sent to the Governor,12
HB22-1379,2022,RS,Governor,2022-06-02,Governor Signed,13
HB22-1380,2022,RS,House,2022-04-18,Introduced In House - Assigned to Public & Behavioral Health & Human Services,1
HB22-1380,2022,RS,House,2022-04-26,House Committee on Public & Behavioral Health & Human Services Refer Amended to Appropriations,2
HB22-1380,2022,RS,House,2022-04-27,House Committee on Appropriations Refer Amended to House Committee of the Whole,3
HB22-1380,2022,RS,House,2022-04-27,"House Second Reading Special Order - Passed with Amendments - Committee, Floor",4
HB22-1380,2022,RS,House,2022-04-28,House Third Reading Passed - No Amendments,5
HB22-1380,2022,RS,Senate,2022-04-28,Introduced In Senate - Assigned to Finance,6
HB22-1380,2022,RS,Senate,2022-05-04,Senate Committee on Finance Refer Amended to Appropriations,7
HB22-1380,2022,RS,Senate,2022-05-06,Senate Committee on Appropriations Refer Unamended to Senate Committee of the Whole,8
HB22-1380,2022,RS,Senate,2022-05-06,Senate Second Reading Special Order - Passed with Amendments - Committee,9
HB22-1380,2022,RS,Senate,2022-05-09,Senate Third Reading Passed - No Amendments,10
HB22-1380,2022,RS,House,2022-05-10,House Considered Senate Amendments - Result was to Laid Over Daily,11
HB22-1380,2022,RS,House,2022-05-11,House Considered Senate Amendments - Result was to Concur - Repass,12
HB22-1380,2022,RS,House,2022-05-27,Signed by the Speaker of the House,13
HB22-1380,2022,RS,Senate,2022-05-31,Signed by the President of the Senate,14
HB22-1380,2022,RS,Governor,2022-05-31,Sent to the Governor,15
HB22-1380,2022,RS,Governor,2022-06-03,Governor Signed,16
HB22-1381,2022,RS,House,2022-04-18,Introduced In House - Assigned to Energy & Environment,1
HB22-1381,2022,RS,House,2022-04-21,House Committee on Energy & Environment Refer Amended to Finance,2
HB22-1381,2022,RS,House,2022-04-28,House Committee on Finance Refer Amended to Appropriations,3
HB22-1381,2022,RS,House,2022-04-29,House Committee on Appropriations Refer Unamended to House Committee of the Whole,4
HB22-1381,2022,RS,House,2022-04-29,House Second Reading Special Order - Passed with Amendments - Committee,5
HB22-1381,2022,RS,House,2022-05-02,House Third Reading Passed - No Amendments,6
HB22-1381,2022,RS,Senate,2022-05-02,Introduced In Senate - Assigned to Finance,7
HB22-1381,2022,RS,Senate,2022-05-06,Senate Committee on Finance Refer Unamended to Appropriations,8
HB22-1381,2022,RS,Senate,2022-05-10,Senate Committee on Appropriations Refer Amended to Senate Committee of the Whole,9
HB22-1381,2022,RS,Senate,2022-05-10,Senate Second Reading Special Order - Passed with Amendments - Committee,10
HB22-1381,2022,RS,Senate,2022-05-11,Senate Third Reading Passed - No Amendments,11
HB22-1381,2022,RS,House,2022-05-11,House Considered Senate Amendments - Result was to Concur - Repass,12
HB22-1381,2022,RS,House,2022-05-20,Signed by the Speaker of the House,13
HB22-1381,2022,RS,Senate,2022-05-20,Signed by the President of the Senate,14
HB22-1381,2022,RS,Governor,2022-05-20,Sent to the Governor,15
HB22-1381,2022,RS,Governor,2022-06-02,Governor Signed,16
HB22-1382,2022,RS,House,2022-04-18,"Introduced In House - Assigned to Agriculture, Livestock, & Water",1
HB22-1382,2022,RS,House,2022-04-21,"House Committee on Agriculture, Livestock, & Water Refer Amended to Appropriations",2
HB22-1382,2022,RS,House,2022-04-22,House Committee on Appropriations Refer Unamended to House Committee of the Whole,3
HB22-1382,2022,RS,House,2022-04-22,House Second Reading Special Order - Passed with Amendments - Committee,4
HB22-1382,2022,RS,House,2022-04-25,House Third Reading Passed - No Amendments,5
HB22-1382,2022,RS,Senate,2022-04-25,"Introduced In Senate - Assigned to State, Veterans, & Military Affairs",6
HB22-1382,2022,RS,Senate,2022-04-28,"Senate Committee on State, Veterans, & Military Affairs Refer Unamended to Appropriations",7
HB22-1382,2022,RS,Senate,2022-05-03,Senate Committee on Appropriations Refer Unamended - Consent Calendar to Senate Committee of the Whole,8
HB22-1382,2022,RS,Senate,2022-05-03,Senate Second Reading Special Order - Passed - No Amendments,9
HB22-1382,2022,RS,Senate,2022-05-04,Senate Third Reading Passed - No Amendments,10
HB22-1382,2022,RS,House,2022-05-17,Signed by the Speaker of the House,11
HB22-1382,2022,RS,Senate,2022-05-17,Signed by the President of the Senate,12
HB22-1382,2022,RS,Governor,2022-05-17,Sent to the Governor,13
HB22-1382,2022,RS,Governor,2022-05-27,Governor Signed,14
HB22-1383,2022,RS,House,2022-04-18,Introduced In House - Assigned to Judiciary,1
HB22-1383,2022,RS,House,2022-04-26,House Committee on Judiciary Refer Amended to Appropriations,2
HB22-1383,2022,RS,House,2022-04-29,House Committee on Appropriations Refer Unamended to House Committee of the Whole,3
HB22-1383,2022,RS,House,2022-04-29,"House Second Reading Special Order - Passed with Amendments - Committee, Floor",4
HB22-1383,2022,RS,House,2022-05-02,House Third Reading Passed - No Amendments,5
HB22-1383,2022,RS,Senate,2022-05-02,Introduced In Senate - Assigned to Judiciary,6
HB22-1383,2022,RS,Senate,2022-05-03,Senate Committee on Judiciary Refer Unamended to Senate Committee of the Whole,7
HB22-1383,2022,RS,Senate,2022-05-05,Senate Second Reading Special Order - Passed - No Amendments,8
HB22-1383,2022,RS,Senate,2022-05-06,Senate Third Reading Passed - No Amendments,9
HB22-1383,2022,RS,House,2022-06-01,Signed by the Speaker of the House,10
HB22-1383,2022,RS,Senate,2022-06-01,Signed by the President of the Senate,11
HB22-1383,2022,RS,Governor,2022-06-01,Sent to the Governor,12
HB22-1383,2022,RS,Governor,2022-06-03,Governor Signed,13
HB22-1384,2022,RS,House,2022-04-18,Introduced In House - Assigned to Health & Insurance,1
HB22-1384,2022,RS,House,2022-05-02,House Committee on Health & Insurance Postpone Indefinitely,2
HB22-1385,2022,RS,House,2022-04-18,Introduced In House - Assigned to Business Affairs & Labor,1
HB22-1385,2022,RS,House,2022-04-21,House Committee on Business Affairs & Labor Refer Amended to Finance,2
HB22-1385,2022,RS,House,2022-04-28,House Committee on Finance Refer Unamended to Appropriations,3
HB22-1385,2022,RS,House,2022-04-29,House Committee on Appropriations Refer Unamended to House Committee of the Whole,4
HB22-1385,2022,RS,House,2022-04-29,House Second Reading Special Order - Passed with Amendments - Committee,5
HB22-1385,2022,RS,House,2022-05-02,House Third Reading Passed - No Amendments,6
HB22-1385,2022,RS,Senate,2022-05-02,Introduced In Senate - Assigned to Finance,7
HB22-1385,2022,RS,Senate,2022-05-06,Senate Committee on Finance Refer Unamended to Appropriations,8
HB22-1385,2022,RS,Senate,2022-05-06,Senate Committee on Appropriations Refer Unamended to Senate Committee of the Whole,9
HB22-1385,2022,RS,Senate,2022-05-06,Senate Second Reading Special Order - Passed - No Amendments,10
HB22-1385,2022,RS,Senate,2022-05-09,Senate Third Reading Passed - No Amendments,11
HB22-1385,2022,RS,House,2022-05-20,Signed by the Speaker of the House,12
HB22-1385,2022,RS,Senate,2022-05-20,Signed by the President of the Senate,13
HB22-1385,2022,RS,Governor,2022-05-20,Sent to the Governor,14
HB22-1385,2022,RS,Governor,2022-05-27,Governor Signed,15
HB22-1386,2022,RS,House,2022-04-18,Introduced In House - Assigned to Judiciary,1
HB22-1386,2022,RS,House,2022-04-26,House Committee on Judiciary Refer Amended to Appropriations,2
HB22-1386,2022,RS,House,2022-04-28,House Committee on Appropriations Refer Amended to House Committee of the Whole,3
HB22-1386,2022,RS,House,2022-04-28,House Second Reading Special Order - Passed with Amendments - Committee,4
HB22-1386,2022,RS,House,2022-04-29,House Third Reading Passed - No Amendments,5
HB22-1386,2022,RS,Senate,2022-04-29,Introduced In Senate - Assigned to Judiciary,6
HB22-1386,2022,RS,Senate,2022-05-03,Senate Committee on Judiciary Refer Unamended to Appropriations,7
HB22-1386,2022,RS,Senate,2022-05-05,Senate Committee on Appropriations Refer Unamended - Consent Calendar to Senate Committee of the Whole,8
HB22-1386,2022,RS,Senate,2022-05-05,Senate Second Reading Special Order - Passed - No Amendments,9
HB22-1386,2022,RS,Senate,2022-05-06,Senate Third Reading Passed - No Amendments,10
HB22-1386,2022,RS,House,2022-05-26,Signed by the Speaker of the House,11
HB22-1386,2022,RS,Senate,2022-05-31,Signed by the President of the Senate,12
HB22-1386,2022,RS,Governor,2022-05-31,Sent to the Governor,13
HB22-1386,2022,RS,Governor,2022-06-02,Governor Signed,14
HB22-1387,2022,RS,House,2022-04-18,Introduced In House - Assigned to Transportation & Local Government,1
HB22-1387,2022,RS,House,2022-04-26,House Committee on Transportation & Local Government Refer Amended to House Committee of the Whole,2
HB22-1387,2022,RS,House,2022-04-27,House Second Reading Special Order - Passed with Amendments - Committee,3
HB22-1387,2022,RS,House,2022-04-28,House Third Reading Passed - No Amendments,4
HB22-1387,2022,RS,Senate,2022-04-28,"Introduced In Senate - Assigned to State, Veterans, & Military Affairs",5
HB22-1387,2022,RS,Senate,2022-05-03,"Senate Committee on State, Veterans, & Military Affairs Refer Unamended to Senate Committee of the Whole",6
HB22-1387,2022,RS,Senate,2022-05-05,Senate Second Reading Special Order - Passed with Amendments - Floor,7
HB22-1387,2022,RS,Senate,2022-05-06,Senate Third Reading Passed - No Amendments,8
HB22-1387,2022,RS,House,2022-05-09,House Considered Senate Amendments - Result was to Laid Over Daily,9
HB22-1387,2022,RS,House,2022-05-10,House Considered Senate Amendments - Result was to Concur - Repass,10
HB22-1387,2022,RS,House,2022-05-26,Signed by the Speaker of the House,11
HB22-1387,2022,RS,Governor,2022-05-27,Sent to the Governor,12
HB22-1387,2022,RS,Senate,2022-05-27,Signed by the President of the Senate,13
HB22-1387,2022,RS,Governor,2022-05-27,Governor Vetoed,14
HB22-1388,2022,RS,House,2022-04-19,Introduced In House - Assigned to Transportation & Local Government,1
HB22-1388,2022,RS,House,2022-04-26,House Committee on Transportation & Local Government Refer Amended to Finance,2
HB22-1388,2022,RS,House,2022-05-02,House Committee on Finance Refer Amended to Appropriations,3
HB22-1388,2022,RS,House,2022-05-03,House Committee on Appropriations Refer Amended to House Committee of the Whole,4
HB22-1388,2022,RS,House,2022-05-03,House Second Reading Special Order - Passed with Amendments - Committee,5
HB22-1388,2022,RS,House,2022-05-04,House Third Reading Passed with Amendments - Floor,6
HB22-1388,2022,RS,Senate,2022-05-04,Introduced In Senate - Assigned to Finance,7
HB22-1388,2022,RS,Senate,2022-05-09,Senate Committee on Finance Refer Unamended to Appropriations,8
HB22-1388,2022,RS,Senate,2022-05-09,Senate Committee on Appropriations Refer Unamended to Senate Committee of the Whole,9
HB22-1388,2022,RS,Senate,2022-05-09,Senate Second Reading Special Order - Passed - No Amendments,10
HB22-1388,2022,RS,Senate,2022-05-10,Senate Third Reading Passed - No Amendments,11
HB22-1388,2022,RS,House,2022-06-03,Signed by the Speaker of the House,12
HB22-1388,2022,RS,Senate,2022-06-06,Signed by the President of the Senate,13
HB22-1388,2022,RS,Governor,2022-06-06,Sent to the Governor,14
HB22-1388,2022,RS,Governor,2022-06-08,Governor Signed,15
HB22-1389,2022,RS,House,2022-04-19,Introduced In House - Assigned to Business Affairs & Labor,1
HB22-1389,2022,RS,House,2022-04-27,House Committee on Business Affairs & Labor Refer Amended to Appropriations,2
HB22-1389,2022,RS,House,2022-04-29,House Committee on Appropriations Refer Amended to House Committee of the Whole,3
HB22-1389,2022,RS,House,2022-04-29,House Second Reading Special Order - Passed with Amendments - Committee,4
HB22-1389,2022,RS,House,2022-05-02,House Third Reading Passed - No Amendments,5
HB22-1389,2022,RS,Senate,2022-05-02,Introduced In Senate - Assigned to Appropriations,6
HB22-1389,2022,RS,Senate,2022-05-05,Senate Committee on Appropriations Refer Unamended to Senate Committee of the Whole,7
HB22-1389,2022,RS,Senate,2022-05-05,Senate Second Reading Special Order - Passed - No Amendments,8
HB22-1389,2022,RS,Senate,2022-05-06,Senate Third Reading Passed - No Amendments,9
HB22-1389,2022,RS,House,2022-05-27,Signed by the Speaker of the House,10
HB22-1389,2022,RS,Senate,2022-05-31,Signed by the President of the Senate,11
HB22-1389,2022,RS,Governor,2022-05-31,Sent to the Governor,12
HB22-1389,2022,RS,Governor,2022-06-02,Governor Signed,13
HB22-1390,2022,RS,House,2022-04-19,Introduced In House - Assigned to Education,1
HB22-1390,2022,RS,House,2022-04-21,House Committee on Education Refer Amended to Appropriations,2
HB22-1390,2022,RS,House,2022-04-26,House Committee on Appropriations Refer Amended to House Committee of the Whole,3
HB22-1390,2022,RS,House,2022-04-26,"House Second Reading Special Order - Passed with Amendments - Committee, Floor",4
HB22-1390,2022,RS,House,2022-04-27,House Third Reading Passed - No Amendments,5
HB22-1390,2022,RS,Senate,2022-04-27,Introduced In Senate - Assigned to Education,6
HB22-1390,2022,RS,Senate,2022-04-28,Senate Committee on Education Refer Amended to Appropriations,7
HB22-1390,2022,RS,Senate,2022-05-05,Senate Committee on Appropriations Refer Amended to Senate Committee of the Whole,8
HB22-1390,2022,RS,Senate,2022-05-05,"Senate Second Reading Special Order - Passed with Amendments - Committee, Floor",9
HB22-1390,2022,RS,Senate,2022-05-06,Senate Third Reading Passed - No Amendments,10
HB22-1390,2022,RS,House,2022-05-09,House Considered Senate Amendments - Result was to Laid Over Daily,11
HB22-1390,2022,RS,House,2022-05-10,House Considered Senate Amendments - Result was to Not Concur - Request Conference Committee,12
HB22-1390,2022,RS,Senate,2022-05-11,Senate Consideration of First Conference Committee Report result was to Adopt Committee Report - Repass,13
HB22-1390,2022,RS,House,2022-05-11,House Consideration of First Conference Committee Report result was to Adopt Committee Report - Repass,14
HB22-1390,2022,RS,House,2022-05-20,Signed by the Speaker of the House,15
HB22-1390,2022,RS,Senate,2022-05-20,Signed by the President of the Senate,16
HB22-1390,2022,RS,Governor,2022-05-20,Sent to the Governor,17
HB22-1390,2022,RS,Governor,2022-05-26,Governor Signed,18
HB22-1391,2022,RS,House,2022-04-19,Introduced In House - Assigned to Finance,1
HB22-1391,2022,RS,House,2022-04-28,House Committee on Finance Refer Amended to Appropriations,2
HB22-1391,2022,RS,House,2022-05-03,House Committee on Appropriations Refer Amended to House Committee of the Whole,3
HB22-1391,2022,RS,House,2022-05-03,House Second Reading Special Order - Passed with Amendments - Committee,4
HB22-1391,2022,RS,House,2022-05-04,House Third Reading Passed - No Amendments,5
HB22-1391,2022,RS,Senate,2022-05-04,Introduced In Senate - Assigned to Finance,6
HB22-1391,2022,RS,Senate,2022-05-09,Senate Committee on Finance Refer Unamended to Appropriations,7
HB22-1391,2022,RS,Senate,2022-05-09,Senate Committee on Appropriations Refer Unamended to Senate Committee of the Whole,8
HB22-1391,2022,RS,Senate,2022-05-09,Senate Second Reading Special Order - Passed - No Amendments,9
HB22-1391,2022,RS,Senate,2022-05-10,Senate Third Reading Passed - No Amendments,10
HB22-1391,2022,RS,House,2022-05-26,Signed by the Speaker of the House,11
HB22-1391,2022,RS,Senate,2022-05-31,Signed by the President of the Senate,12
HB22-1391,2022,RS,Governor,2022-05-31,Sent to the Governor,13
HB22-1391,2022,RS,Governor,2022-06-07,Governor Signed,14
HB22-1392,2022,RS,House,2022-04-20,Introduced In House - Assigned to Finance,1
HB22-1392,2022,RS,House,2022-04-25,House Committee on Finance Refer Unamended to Appropriations,2
HB22-1392,2022,RS,House,2022-04-29,House Committee on Appropriations Refer Amended to House Committee of the Whole,3
HB22-1392,2022,RS,House,2022-04-29,"House Second Reading Special Order - Passed with Amendments - Committee, Floor",4
HB22-1392,2022,RS,House,2022-05-02,House Third Reading Passed - No Amendments,5
HB22-1392,2022,RS,Senate,2022-05-02,Introduced In Senate - Assigned to Finance,6
HB22-1392,2022,RS,Senate,2022-05-06,Senate Committee on Finance Refer Unamended to Appropriations,7
HB22-1392,2022,RS,Senate,2022-05-06,Senate Committee on Appropriations Refer Amended to Senate Committee of the Whole,8
HB22-1392,2022,RS,Senate,2022-05-06,Senate Second Reading Special Order - Passed with Amendments - Committee,9
HB22-1392,2022,RS,Senate,2022-05-09,Senate Third Reading Passed - No Amendments,10
HB22-1392,2022,RS,House,2022-05-10,House Considered Senate Amendments - Result was to Laid Over Daily,11
HB22-1392,2022,RS,House,2022-05-11,House Considered Senate Amendments - Result was to Concur - Repass,12
HB22-1392,2022,RS,House,2022-06-01,Signed by the Speaker of the House,13
HB22-1392,2022,RS,Senate,2022-06-01,Signed by the President of the Senate,14
HB22-1392,2022,RS,Governor,2022-06-01,Sent to the Governor,15
HB22-1392,2022,RS,Governor,2022-06-07,Governor Signed,16
HB22-1393,2022,RS,House,2022-04-20,"Introduced In House - Assigned to State, Civic, Military, & Veterans Affairs",1
HB22-1393,2022,RS,House,2022-04-25,"House Committee on State, Civic, Military, & Veterans Affairs Refer Unamended to Appropriations",2
HB22-1393,2022,RS,House,2022-04-28,House Committee on Appropriations Refer Amended to House Committee of the Whole,3
HB22-1393,2022,RS,House,2022-04-28,"House Second Reading Special Order - Passed with Amendments - Committee, Floor",4
HB22-1393,2022,RS,House,2022-04-29,House Third Reading Passed - No Amendments,5
HB22-1393,2022,RS,Senate,2022-04-29,"Introduced In Senate - Assigned to State, Veterans, & Military Affairs",6
HB22-1393,2022,RS,Senate,2022-05-03,"Senate Committee on State, Veterans, & Military Affairs Refer Unamended to Appropriations",7
HB22-1393,2022,RS,Senate,2022-05-06,Senate Committee on Appropriations Refer Unamended to Senate Committee of the Whole,8
HB22-1393,2022,RS,Senate,2022-05-06,Senate Second Reading Special Order - Passed - No Amendments,9
HB22-1393,2022,RS,Senate,2022-05-09,Senate Third Reading Passed - No Amendments,10
HB22-1393,2022,RS,House,2022-05-23,Signed by the Speaker of the House,11
HB22-1393,2022,RS,Senate,2022-05-25,Signed by the President of the Senate,12
HB22-1393,2022,RS,Governor,2022-05-25,Sent to the Governor,13
HB22-1393,2022,RS,Governor,2022-06-08,Governor Signed,14
HB22-1394,2022,RS,House,2022-04-20,Introduced In House - Assigned to Transportation & Local Government,1
HB22-1394,2022,RS,House,2022-04-26,House Committee on Transportation & Local Government Refer Amended to Appropriations,2
HB22-1394,2022,RS,House,2022-04-27,House Committee on Appropriations Refer Amended to House Committee of the Whole,3
HB22-1394,2022,RS,House,2022-04-27,House Second Reading Special Order - Passed with Amendments - Committee,4
HB22-1394,2022,RS,House,2022-04-28,House Third Reading Passed - No Amendments,5
HB22-1394,2022,RS,Senate,2022-04-28,"Introduced In Senate - Assigned to Business, Labor, & Technology",6
HB22-1394,2022,RS,Senate,2022-05-02,"Senate Committee on Business, Labor, & Technology Refer Unamended to Appropriations",7
HB22-1394,2022,RS,Senate,2022-05-04,Senate Committee on Appropriations Refer Amended to Senate Committee of the Whole,8
HB22-1394,2022,RS,Senate,2022-05-04,Senate Second Reading Special Order - Laid Over Daily - No Amendments,9
HB22-1394,2022,RS,Senate,2022-05-06,"Senate Second Reading Special Order - Passed with Amendments - Committee, Floor",10
HB22-1394,2022,RS,Senate,2022-05-09,Senate Third Reading Passed - No Amendments,11
HB22-1394,2022,RS,House,2022-05-10,House Considered Senate Amendments - Result was to Laid Over Daily,12
HB22-1394,2022,RS,House,2022-05-11,House Considered Senate Amendments - Result was to Concur - Repass,13
HB22-1394,2022,RS,House,2022-06-01,Signed by the Speaker of the House,14
HB22-1394,2022,RS,Senate,2022-06-01,Signed by the President of the Senate,15
HB22-1394,2022,RS,Governor,2022-06-01,Sent to the Governor,16
HB22-1394,2022,RS,Governor,2022-06-08,Governor Signed,17
HB22-1395,2022,RS,House,2022-04-20,Introduced In House - Assigned to Education,1
HB22-1395,2022,RS,House,2022-04-27,House Committee on Education Refer Unamended to Appropriations,2
HB22-1395,2022,RS,House,2022-05-12,House Committee on Appropriations Lay Over Unamended - Amendment(s) Failed,3
HB22-1396,2022,RS,House,2022-04-21,Introduced In House - Assigned to Education,1
HB22-1396,2022,RS,House,2022-04-27,House Committee on Education Refer Amended to Appropriations,2
HB22-1396,2022,RS,House,2022-05-12,House Committee on Appropriations Lay Over Unamended - Amendment(s) Failed,3
HB22-1397,2022,RS,House,2022-04-22,"Introduced In House - Assigned to State, Civic, Military, & Veterans Affairs",1
HB22-1397,2022,RS,House,2022-04-27,"House Committee on State, Civic, Military, & Veterans Affairs Refer Unamended to Appropriations",2
HB22-1397,2022,RS,House,2022-04-28,House Committee on Appropriations Refer Amended to House Committee of the Whole,3
HB22-1397,2022,RS,House,2022-04-28,"House Second Reading Special Order - Passed with Amendments - Committee, Floor",4
HB22-1397,2022,RS,House,2022-04-29,House Third Reading Passed - No Amendments,5
HB22-1397,2022,RS,Senate,2022-04-29,"Introduced In Senate - Assigned to State, Veterans, & Military Affairs",6
HB22-1397,2022,RS,Senate,2022-05-03,"Senate Committee on State, Veterans, & Military Affairs Refer Unamended to Appropriations",7
HB22-1397,2022,RS,Senate,2022-05-06,Senate Committee on Appropriations Refer Unamended to Senate Committee of the Whole,8
HB22-1397,2022,RS,Senate,2022-05-06,Senate Second Reading Special Order - Passed - No Amendments,9
HB22-1397,2022,RS,Senate,2022-05-09,Senate Third Reading Passed - No Amendments,10
HB22-1397,2022,RS,House,2022-05-23,Signed by the Speaker of the House,11
HB22-1397,2022,RS,Senate,2022-05-25,Signed by the President of the Senate,12
HB22-1397,2022,RS,Governor,2022-05-25,Sent to the Governor,13
HB22-1397,2022,RS,Governor,2022-06-07,Governor Signed,14
HB22-1398,2022,RS,House,2022-04-25,Introduced In House - Assigned to Business Affairs & Labor,1
HB22-1398,2022,RS,House,2022-04-27,House Committee on Business Affairs & Labor Refer Unamended to House Committee of the Whole,2
HB22-1398,2022,RS,House,2022-04-28,House Second Reading Special Order - Passed - No Amendments,3
HB22-1398,2022,RS,House,2022-04-29,House Third Reading Passed - No Amendments,4
HB22-1398,2022,RS,Senate,2022-04-29,"Introduced In Senate - Assigned to Business, Labor, & Technology",5
HB22-1398,2022,RS,Senate,2022-05-02,"Senate Committee on Business, Labor, & Technology Refer Unamended - Consent Calendar to Senate Committee of the Whole",6
HB22-1398,2022,RS,Senate,2022-05-03,Senate Second Reading Special Order - Passed - No Amendments,7
HB22-1398,2022,RS,Senate,2022-05-04,Senate Third Reading Passed - No Amendments,8
HB22-1398,2022,RS,House,2022-05-20,Signed by the Speaker of the House,9
HB22-1398,2022,RS,Senate,2022-05-20,Signed by the President of the Senate,10
HB22-1398,2022,RS,Governor,2022-05-20,Sent to the Governor,11
HB22-1398,2022,RS,Governor,2022-05-27,Governor Signed,12
HB22-1399,2022,RS,House,2022-04-25,Introduced In House - Assigned to Health & Insurance,1
HB22-1399,2022,RS,House,2022-04-27,House Committee on Health & Insurance Refer Unamended to House Committee of the Whole,2
HB22-1399,2022,RS,House,2022-04-28,House Second Reading Special Order - Passed with Amendments - Floor,3
HB22-1399,2022,RS,House,2022-04-29,House Third Reading Passed - No Amendments,4
HB22-1399,2022,RS,Senate,2022-04-29,Introduced In Senate - Assigned to Health & Human Services,5
HB22-1399,2022,RS,Senate,2022-05-02,Senate Committee on Health & Human Services Refer Unamended to Senate Committee of the Whole,6
HB22-1399,2022,RS,Senate,2022-05-03,Senate Second Reading Laid Over Daily - No Amendments,7
HB22-1399,2022,RS,Senate,2022-05-04,Senate Second Reading Special Order - Passed - No Amendments,8
HB22-1399,2022,RS,Senate,2022-05-05,Senate Third Reading Passed - No Amendments,9
HB22-1399,2022,RS,House,2022-05-26,Signed by the Speaker of the House,10
HB22-1399,2022,RS,Senate,2022-05-27,Signed by the President of the Senate,11
HB22-1399,2022,RS,Governor,2022-05-27,Sent to the Governor,12
HB22-1399,2022,RS,Governor,2022-05-27,Governor Vetoed,13
HB22-1400,2022,RS,House,2022-04-25,Introduced In House - Assigned to Finance,1
HB22-1400,2022,RS,House,2022-04-28,House Committee on Finance Refer Unamended to House Committee of the Whole,2
HB22-1400,2022,RS,House,2022-04-29,House Second Reading Special Order - Passed - No Amendments,3
HB22-1400,2022,RS,House,2022-05-02,House Third Reading Passed - No Amendments,4
HB22-1400,2022,RS,Senate,2022-05-02,Introduced In Senate - Assigned to Appropriations,5
HB22-1400,2022,RS,Senate,2022-05-04,Senate Committee on Appropriations Refer Unamended to Senate Committee of the Whole,6
HB22-1400,2022,RS,Senate,2022-05-05,Senate Second Reading Special Order - Laid Over Daily - No Amendments,7
HB22-1400,2022,RS,Senate,2022-05-09,Senate Second Reading Passed with Amendments - Floor,8
HB22-1400,2022,RS,Senate,2022-05-10,Senate Third Reading Passed - No Amendments,9
HB22-1400,2022,RS,House,2022-05-11,House Considered Senate Amendments - Result was to Concur - Repass,10
HB22-1400,2022,RS,House,2022-05-27,Signed by the Speaker of the House,11
HB22-1400,2022,RS,Senate,2022-05-31,Signed by the President of the Senate,12
HB22-1400,2022,RS,Governor,2022-05-31,Sent to the Governor,13
HB22-1400,2022,RS,Governor,2022-06-07,Governor Signed,14
HB22-1401,2022,RS,House,2022-04-26,Introduced In House - Assigned to Health & Insurance,1
HB22-1401,2022,RS,House,2022-05-02,House Committee on Health & Insurance Refer Amended to Appropriations,2
HB22-1401,2022,RS,House,2022-05-04,House Committee on Appropriations Refer Amended to House Committee of the Whole,3
HB22-1401,2022,RS,House,2022-05-04,"House Second Reading Special Order - Passed with Amendments - Committee, Floor",4
HB22-1401,2022,RS,House,2022-05-05,House Third Reading Passed - No Amendments,5
HB22-1401,2022,RS,Senate,2022-05-05,"Introduced In Senate - Assigned to State, Veterans, & Military Affairs",6
HB22-1401,2022,RS,Senate,2022-05-06,"Senate Committee on State, Veterans, & Military Affairs Refer Unamended to Finance",7
HB22-1401,2022,RS,Senate,2022-05-06,Senate Committee on Finance Refer Amended to Appropriations,8
HB22-1401,2022,RS,Senate,2022-05-09,Senate Committee on Appropriations Refer Unamended to Senate Committee of the Whole,9
HB22-1401,2022,RS,Senate,2022-05-09,Senate Second Reading Special Order - Laid Over Daily - No Amendments,10
HB22-1401,2022,RS,Senate,2022-05-10,Senate Second Reading Passed - No Amendments,11
HB22-1401,2022,RS,Senate,2022-05-11,Senate Third Reading Passed - No Amendments,12
HB22-1401,2022,RS,House,2022-05-17,Signed by the Speaker of the House,13
HB22-1401,2022,RS,Senate,2022-05-17,Signed by the President of the Senate,14
HB22-1401,2022,RS,Governor,2022-05-17,Sent to the Governor,15
HB22-1401,2022,RS,Governor,2022-05-18,Governor Signed,16
HB22-1402,2022,RS,House,2022-04-26,Introduced In House - Assigned to Finance,1
HB22-1402,2022,RS,House,2022-04-28,House Committee on Finance Refer Unamended to Appropriations,2
HB22-1402,2022,RS,House,2022-04-29,House Committee on Appropriations Refer Amended to House Committee of the Whole,3
HB22-1402,2022,RS,House,2022-04-29,House Second Reading Special Order - Passed with Amendments - Committee,4
HB22-1402,2022,RS,House,2022-05-02,House Third Reading Passed - No Amendments,5
HB22-1402,2022,RS,Senate,2022-05-02,Introduced In Senate - Assigned to Appropriations,6
HB22-1402,2022,RS,Senate,2022-05-04,Senate Committee on Appropriations Refer Unamended to Senate Committee of the Whole,7
HB22-1402,2022,RS,Senate,2022-05-04,Senate Second Reading Special Order - Passed with Amendments - Floor,8
HB22-1402,2022,RS,Senate,2022-05-05,Senate Third Reading Passed with Amendments - Floor,9
HB22-1402,2022,RS,House,2022-05-09,House Considered Senate Amendments - Result was to Laid Over Daily,10
HB22-1402,2022,RS,House,2022-05-10,House Considered Senate Amendments - Result was to Concur - Repass,11
HB22-1402,2022,RS,House,2022-06-01,Signed by the Speaker of the House,12
HB22-1402,2022,RS,Senate,2022-06-01,Signed by the President of the Senate,13
HB22-1402,2022,RS,Governor,2022-06-01,Sent to the Governor,14
HB22-1402,2022,RS,Governor,2022-06-07,Governor Signed,15
HB22-1403,2022,RS,House,2022-04-26,Introduced In House - Assigned to Health & Insurance,1
HB22-1403,2022,RS,House,2022-04-27,House Committee on Health & Insurance Refer Unamended to House Committee of the Whole,2
HB22-1403,2022,RS,House,2022-04-28,House Second Reading Special Order - Passed - No Amendments,3
HB22-1403,2022,RS,House,2022-04-29,House Third Reading Passed - No Amendments,4
HB22-1403,2022,RS,Senate,2022-04-29,Introduced In Senate - Assigned to Health & Human Services,5
HB22-1403,2022,RS,Senate,2022-05-02,Senate Committee on Health & Human Services Refer Unamended - Consent Calendar to Senate Committee of the Whole,6
HB22-1403,2022,RS,Senate,2022-05-03,Senate Second Reading Special Order - Passed - No Amendments,7
HB22-1403,2022,RS,Senate,2022-05-04,Senate Third Reading Passed - No Amendments,8
HB22-1403,2022,RS,House,2022-05-17,Signed by the Speaker of the House,9
HB22-1403,2022,RS,Senate,2022-05-17,Signed by the President of the Senate,10
HB22-1403,2022,RS,Governor,2022-05-17,Sent to the Governor,11
HB22-1403,2022,RS,Governor,2022-05-20,Governor Signed,12
HB22-1404,2022,RS,House,2022-04-26,Introduced In House - Assigned to Energy & Environment,1
HB22-1404,2022,RS,House,2022-04-28,House Committee on Energy & Environment Postpone Indefinitely,2
HB22-1405,2022,RS,House,2022-04-26,Introduced In House - Assigned to Energy & Environment,1
HB22-1405,2022,RS,House,2022-04-28,House Committee on Energy & Environment Refer Unamended to House Committee of the Whole,2
HB22-1405,2022,RS,House,2022-04-29,House Second Reading Special Order - Passed - No Amendments,3
HB22-1405,2022,RS,House,2022-05-02,House Third Reading Passed - No Amendments,4
HB22-1405,2022,RS,Senate,2022-05-02,"Introduced In Senate - Assigned to State, Veterans, & Military Affairs",5
HB22-1405,2022,RS,Senate,2022-05-05,"Senate Committee on State, Veterans, & Military Affairs Refer Unamended - Consent Calendar to Senate Committee of the Whole",6
HB22-1405,2022,RS,Senate,2022-05-06,Senate Second Reading Special Order - Passed - No Amendments,7
HB22-1405,2022,RS,Senate,2022-05-09,Senate Third Reading Passed - No Amendments,8
HB22-1405,2022,RS,House,2022-06-01,Signed by the Speaker of the House,9
HB22-1405,2022,RS,Senate,2022-06-01,Signed by the President of the Senate,10
HB22-1405,2022,RS,Governor,2022-06-01,Sent to the Governor,11
HB22-1405,2022,RS,Governor,2022-06-07,Governor Signed,12
HB22-1406,2022,RS,House,2022-04-26,Introduced In House - Assigned to Finance,1
HB22-1406,2022,RS,House,2022-04-28,House Committee on Finance Refer Unamended to Appropriations,2
HB22-1406,2022,RS,House,2022-04-29,House Committee on Appropriations Refer Amended to House Committee of the Whole,3
HB22-1406,2022,RS,House,2022-04-29,House Second Reading Special Order - Passed with Amendments - Committee,4
HB22-1406,2022,RS,House,2022-05-02,House Third Reading Passed - No Amendments,5
HB22-1406,2022,RS,Senate,2022-05-02,Introduced In Senate - Assigned to Finance,6
HB22-1406,2022,RS,Senate,2022-05-06,Senate Committee on Finance Refer Unamended to Appropriations,7
HB22-1406,2022,RS,Senate,2022-05-06,Senate Committee on Appropriations Refer Unamended - Consent Calendar to Senate Committee of the Whole,8
HB22-1406,2022,RS,Senate,2022-05-06,Senate Second Reading Special Order - Passed - No Amendments,9
HB22-1406,2022,RS,Senate,2022-05-09,Senate Third Reading Passed - No Amendments,10
HB22-1406,2022,RS,House,2022-05-20,Signed by the Speaker of the House,11
HB22-1406,2022,RS,Senate,2022-05-20,Signed by the President of the Senate,12
HB22-1406,2022,RS,Governor,2022-05-20,Sent to the Governor,13
HB22-1406,2022,RS,Governor,2022-06-03,Governor Signed,14
HB22-1407,2022,RS,House,2022-04-26,Introduced In House - Assigned to Business Affairs & Labor,1
HB22-1407,2022,RS,House,2022-04-28,House Committee on Business Affairs & Labor Refer Amended to House Committee of the Whole,2
HB22-1407,2022,RS,House,2022-04-29,House Second Reading Special Order - Passed with Amendments - Committee,3
HB22-1407,2022,RS,House,2022-05-02,House Third Reading Passed - No Amendments,4
HB22-1407,2022,RS,Senate,2022-05-02,"Introduced In Senate - Assigned to State, Veterans, & Military Affairs",5
HB22-1407,2022,RS,Senate,2022-05-05,"Senate Committee on State, Veterans, & Military Affairs Refer Unamended - Consent Calendar to Senate Committee of the Whole",6
HB22-1407,2022,RS,Senate,2022-05-06,Senate Second Reading Special Order - Passed - No Amendments,7
HB22-1407,2022,RS,Senate,2022-05-09,Senate Third Reading Passed - No Amendments,8
HB22-1407,2022,RS,House,2022-05-20,Signed by the Speaker of the House,9
HB22-1407,2022,RS,Senate,2022-05-20,Signed by the President of the Senate,10
HB22-1407,2022,RS,Governor,2022-05-20,Sent to the Governor,11
HB22-1407,2022,RS,Governor,2022-05-27,Governor Signed,12
HB22-1408,2022,RS,House,2022-04-26,Introduced In House - Assigned to Business Affairs & Labor,1
HB22-1408,2022,RS,House,2022-04-28,House Committee on Business Affairs & Labor Refer Amended to Appropriations,2
HB22-1408,2022,RS,House,2022-04-29,House Committee on Appropriations Refer Amended to House Committee of the Whole,3
HB22-1408,2022,RS,House,2022-04-29,"House Second Reading Special Order - Passed with Amendments - Committee, Floor",4
HB22-1408,2022,RS,House,2022-05-02,House Third Reading Passed - No Amendments,5
HB22-1408,2022,RS,Senate,2022-05-02,Introduced In Senate - Assigned to Appropriations,6
HB22-1408,2022,RS,Senate,2022-05-04,Senate Committee on Appropriations Refer Unamended to Senate Committee of the Whole,7
HB22-1408,2022,RS,Senate,2022-05-04,Senate Second Reading Special Order - Passed - No Amendments,8
HB22-1408,2022,RS,Senate,2022-05-05,Senate Third Reading Passed - No Amendments,9
HB22-1408,2022,RS,House,2022-05-23,Signed by the Speaker of the House,10
HB22-1408,2022,RS,Senate,2022-05-25,Signed by the President of the Senate,11
HB22-1408,2022,RS,Governor,2022-05-25,Sent to the Governor,12
HB22-1408,2022,RS,Governor,2022-06-03,Governor Signed,13
HB22-1409,2022,RS,House,2022-04-26,Introduced In House - Assigned to Business Affairs & Labor,1
HB22-1409,2022,RS,House,2022-04-28,House Committee on Business Affairs & Labor Refer Unamended to Appropriations,2
HB22-1409,2022,RS,House,2022-04-29,House Committee on Appropriations Refer Unamended to House Committee of the Whole,3
HB22-1409,2022,RS,House,2022-04-29,House Second Reading Special Order - Passed - No Amendments,4
HB22-1409,2022,RS,House,2022-05-02,House Third Reading Passed - No Amendments,5
HB22-1409,2022,RS,Senate,2022-05-02,Introduced In Senate - Assigned to Appropriations,6
HB22-1409,2022,RS,Senate,2022-05-06,Senate Committee on Appropriations Refer Amended to Senate Committee of the Whole,7
HB22-1409,2022,RS,Senate,2022-05-06,Senate Second Reading Special Order - Passed with Amendments - Committee,8
HB22-1409,2022,RS,Senate,2022-05-09,Senate Third Reading Passed - No Amendments,9
HB22-1409,2022,RS,House,2022-05-10,House Considered Senate Amendments - Result was to Laid Over Daily,10
HB22-1409,2022,RS,House,2022-05-11,House Considered Senate Amendments - Result was to Concur - Repass,11
HB22-1409,2022,RS,House,2022-05-27,Signed by the Speaker of the House,12
HB22-1409,2022,RS,Senate,2022-05-31,Signed by the President of the Senate,13
HB22-1409,2022,RS,Governor,2022-05-31,Sent to the Governor,14
HB22-1409,2022,RS,Governor,2022-06-03,Governor Signed,15
HB22-1410,2022,RS,House,2022-04-26,Introduced In House - Assigned to Business Affairs & Labor,1
HB22-1410,2022,RS,House,2022-04-28,House Committee on Business Affairs & Labor Refer Amended to House Committee of the Whole,2
HB22-1410,2022,RS,House,2022-04-29,House Second Reading Special Order - Passed with Amendments - Committee,3
HB22-1410,2022,RS,House,2022-05-02,House Third Reading Passed - No Amendments,4
HB22-1410,2022,RS,Senate,2022-05-02,"Introduced In Senate - Assigned to State, Veterans, & Military Affairs",5
HB22-1410,2022,RS,Senate,2022-05-05,"Senate Committee on State, Veterans, & Military Affairs Refer Unamended - Consent Calendar to Senate Committee of the Whole",6
HB22-1410,2022,RS,Senate,2022-05-06,Senate Second Reading Special Order - Passed - No Amendments,7
HB22-1410,2022,RS,Senate,2022-05-09,Senate Third Reading Passed - No Amendments,8
HB22-1410,2022,RS,House,2022-05-27,Signed by the Speaker of the House,9
HB22-1410,2022,RS,Senate,2022-05-31,Signed by the President of the Senate,10
HB22-1410,2022,RS,Governor,2022-05-31,Sent to the Governor,11
HB22-1410,2022,RS,Governor,2022-06-07,Governor Signed,12
HB22-1411,2022,RS,House,2022-04-27,Introduced In House - Assigned to Appropriations,1
HB22-1411,2022,RS,House,2022-05-02,House Committee on Appropriations Refer Amended to House Committee of the Whole,2
HB22-1411,2022,RS,House,2022-05-02,House Second Reading Special Order - Passed with Amendments - Committee,3
HB22-1411,2022,RS,House,2022-05-03,House Third Reading Passed - No Amendments,4
HB22-1411,2022,RS,Senate,2022-05-03,Introduced In Senate - Assigned to Appropriations,5
HB22-1411,2022,RS,Senate,2022-05-09,Senate Committee on Appropriations Refer Amended to Senate Committee of the Whole,6
HB22-1411,2022,RS,Senate,2022-05-09,Senate Second Reading Special Order - Laid Over Daily - No Amendments,7
HB22-1411,2022,RS,Senate,2022-05-10,"Senate Second Reading Passed with Amendments - Committee, Floor",8
HB22-1411,2022,RS,Senate,2022-05-11,Senate Third Reading Passed with Amendments - Floor,9
HB22-1411,2022,RS,Senate,2022-05-11,House Considered Senate Amendments - Result was to Concur - Repass,10
HB22-1411,2022,RS,House,2022-05-20,Signed by the Speaker of the House,11
HB22-1411,2022,RS,Senate,2022-05-20,Signed by the President of the Senate,12
HB22-1411,2022,RS,Governor,2022-05-20,Sent to the Governor,13
HB22-1411,2022,RS,Governor,2022-05-27,Governor Signed,14
HB22-1412,2022,RS,House,2022-04-28,Introduced In House - Assigned to Business Affairs & Labor,1
HB22-1412,2022,RS,House,2022-05-04,House Committee on Business Affairs & Labor Refer Amended to Finance,2
HB22-1412,2022,RS,House,2022-05-05,House Committee on Finance Refer Amended to Appropriations,3
HB22-1412,2022,RS,House,2022-05-05,House Committee on Appropriations Refer Unamended to House Committee of the Whole,4
HB22-1412,2022,RS,House,2022-05-05,"House Second Reading Special Order - Passed with Amendments - Committee, Floor",5
HB22-1412,2022,RS,House,2022-05-06,House Third Reading Passed - No Amendments,6
HB22-1412,2022,RS,Senate,2022-05-06,Introduced In Senate - Assigned to Finance,7
HB22-1412,2022,RS,Senate,2022-05-09,Senate Committee on Finance Refer Amended to Appropriations,8
HB22-1412,2022,RS,Senate,2022-05-09,Senate Committee on Appropriations Refer Unamended to Senate Committee of the Whole,9
HB22-1412,2022,RS,Senate,2022-05-09,Senate Second Reading Special Order - Passed with Amendments - Committee,10
HB22-1412,2022,RS,Senate,2022-05-10,Senate Third Reading Passed - No Amendments,11
HB22-1412,2022,RS,House,2022-05-11,House Considered Senate Amendments - Result was to Concur - Repass,12
HB22-1412,2022,RS,House,2022-05-27,Signed by the Speaker of the House,13
HB22-1412,2022,RS,Senate,2022-05-31,Signed by the President of the Senate,14
HB22-1412,2022,RS,Governor,2022-05-31,Sent to the Governor,15
HB22-1412,2022,RS,Governor,2022-06-07,Governor Signed,16
HB22-1413,2022,RS,House,2022-04-29,"Introduced In House - Assigned to State, Civic, Military, & Veterans Affairs",1
HB22-1413,2022,RS,House,2022-05-04,"House Committee on State, Civic, Military, & Veterans Affairs Refer Unamended to Appropriations",2
HB22-1413,2022,RS,House,2022-05-05,House Committee on Appropriations Refer Amended to House Committee of the Whole,3
HB22-1413,2022,RS,House,2022-05-05,House Second Reading Special Order - Passed with Amendments - Committee,4
HB22-1413,2022,RS,House,2022-05-06,House Third Reading Passed - No Amendments,5
HB22-1413,2022,RS,Senate,2022-05-06,Introduced In Senate - Assigned to Appropriations,6
HB22-1413,2022,RS,Senate,2022-05-09,Senate Committee on Appropriations Refer Unamended - Consent Calendar to Senate Committee of the Whole,7
HB22-1413,2022,RS,Senate,2022-05-09,Senate Second Reading Special Order - Passed - No Amendments,8
HB22-1413,2022,RS,Senate,2022-05-10,Senate Third Reading Passed - No Amendments,9
HB22-1413,2022,RS,House,2022-05-23,Signed by the Speaker of the House,10
HB22-1413,2022,RS,Governor,2022-05-23,Sent to the Governor,11
HB22-1413,2022,RS,Senate,2022-05-25,Signed by the President of the Senate,12
HB22-1413,2022,RS,Governor,2022-06-07,Governor Signed,13
HB22-1414,2022,RS,House,2022-04-29,Introduced In House - Assigned to Public & Behavioral Health & Human Services,1
HB22-1414,2022,RS,House,2022-05-03,House Committee on Public & Behavioral Health & Human Services Refer Unamended to Finance,2
HB22-1414,2022,RS,House,2022-05-05,House Committee on Finance Refer Unamended to Appropriations,3
HB22-1414,2022,RS,House,2022-05-05,House Committee on Appropriations Refer Unamended to House Committee of the Whole,4
HB22-1414,2022,RS,House,2022-05-05,House Second Reading Special Order - Passed - No Amendments,5
HB22-1414,2022,RS,House,2022-05-06,House Third Reading Passed - No Amendments,6
HB22-1414,2022,RS,Senate,2022-05-06,Introduced In Senate - Assigned to Finance,7
HB22-1414,2022,RS,Senate,2022-05-09,Senate Committee on Finance Refer Unamended to Appropriations,8
HB22-1414,2022,RS,Senate,2022-05-09,Senate Committee on Appropriations Refer Unamended to Senate Committee of the Whole,9
HB22-1414,2022,RS,Senate,2022-05-09,Senate Second Reading Special Order - Passed - No Amendments,10
HB22-1414,2022,RS,Senate,2022-05-10,Senate Third Reading Passed - No Amendments,11
HB22-1414,2022,RS,Senate,2022-05-10,Senate Third Reading Reconsidered - No Amendments,12
HB22-1414,2022,RS,House,2022-05-26,Signed by the Speaker of the House,13
HB22-1414,2022,RS,Senate,2022-05-31,Signed by the President of the Senate,14
HB22-1415,2022,RS,House,2022-05-02,Introduced In House - Assigned to Business Affairs & Labor,1
HB22-1415,2022,RS,House,2022-05-04,House Committee on Business Affairs & Labor Refer Unamended to Finance,2
HB22-1415,2022,RS,House,2022-05-05,House Committee on Finance Refer Amended to Appropriations,3
HB22-1415,2022,RS,House,2022-05-05,House Committee on Appropriations Refer Unamended to House Committee of the Whole,4
HB22-1415,2022,RS,House,2022-05-05,House Second Reading Special Order - Passed with Amendments - Committee,5
HB22-1415,2022,RS,House,2022-05-06,House Third Reading Passed - No Amendments,6
HB22-1415,2022,RS,Senate,2022-05-06,Introduced In Senate - Assigned to Finance,7
HB22-1415,2022,RS,Senate,2022-05-09,Senate Committee on Finance Refer Unamended - Consent Calendar to Senate Committee of the Whole,8
HB22-1415,2022,RS,Senate,2022-05-09,Senate Second Reading Special Order - Passed - No Amendments,9
HB22-1415,2022,RS,Senate,2022-05-10,Senate Third Reading Passed - No Amendments,10
HB22-1415,2022,RS,House,2022-06-01,Signed by the Speaker of the House,11
HB22-1415,2022,RS,Senate,2022-06-01,Signed by the President of the Senate,12
HB22-1415,2022,RS,Governor,2022-06-01,Sent to the Governor,13
HB22-1415,2022,RS,Governor,2022-06-07,Governor Signed,14
HB22-1416,2022,RS,House,2022-05-02,"Introduced In House - Assigned to State, Civic, Military, & Veterans Affairs",1
HB22-1416,2022,RS,House,2022-05-04,"House Committee on State, Civic, Military, & Veterans Affairs Refer Amended to Appropriations",2
HB22-1416,2022,RS,House,2022-05-05,House Committee on Appropriations Refer Amended to House Committee of the Whole,3
HB22-1416,2022,RS,House,2022-05-05,House Second Reading Special Order - Passed with Amendments - Committee,4
HB22-1416,2022,RS,House,2022-05-06,House Third Reading Passed - No Amendments,5
HB22-1416,2022,RS,Senate,2022-05-06,Introduced In Senate - Assigned to Appropriations,6
HB22-1416,2022,RS,Senate,2022-05-06,Senate Committee on Appropriations Refer Unamended - Consent Calendar to Senate Committee of the Whole,7
HB22-1416,2022,RS,Senate,2022-05-06,Senate Second Reading Special Order - Passed - No Amendments,8
HB22-1416,2022,RS,Senate,2022-05-09,Senate Third Reading Passed - No Amendments,9
HB22-1416,2022,RS,House,2022-05-14,Signed by the Speaker of the House,10
HB22-1416,2022,RS,Senate,2022-05-16,Signed by the President of the Senate,11
HB22-1416,2022,RS,Governor,2022-05-16,Sent to the Governor,12
HB22-1416,2022,RS,Governor,2022-05-16,Governor Signed,13
HB22-1417,2022,RS,House,2022-05-02,Introduced In House - Assigned to Business Affairs & Labor,1
HB22-1417,2022,RS,House,2022-05-04,House Committee on Business Affairs & Labor Refer Amended to Finance,2
HB22-1417,2022,RS,House,2022-05-05,House Committee on Finance Refer Amended to House Committee of the Whole,3
HB22-1417,2022,RS,House,2022-05-06,House Second Reading Special Order - Laid Over Daily - No Amendments,4
HB22-1417,2022,RS,House,2022-05-09,"House Second Reading Special Order - Passed with Amendments - Committee, Floor",5
HB22-1417,2022,RS,House,2022-05-10,House Third Reading Passed - No Amendments,6
HB22-1417,2022,RS,Senate,2022-05-10,Introduced In Senate - Assigned to Finance,7
HB22-1417,2022,RS,Senate,2022-05-10,Senate Committee on Finance Refer Unamended to Senate Committee of the Whole,8
HB22-1417,2022,RS,Senate,2022-05-10,Senate Second Reading Special Order - Laid Over Daily with Amendments - Floor,9
HB22-1418,2022,RS,House,2022-05-05,Introduced In House - Assigned to Finance,1
HB22-1418,2022,RS,House,2022-05-06,House Committee on Finance Refer Amended to Appropriations,2
HB22-1418,2022,RS,House,2022-05-09,House Committee on Appropriations Refer Amended to House Committee of the Whole,3
HB22-1418,2022,RS,House,2022-05-09,House Second Reading Special Order - Passed with Amendments - Committee,4
HB22-1418,2022,RS,House,2022-05-10,House Third Reading Passed - No Amendments,5
HB22-1418,2022,RS,Senate,2022-05-10,Introduced In Senate - Assigned to Finance,6
HB22-1418,2022,RS,Senate,2022-05-10,Senate Committee on Finance Refer Unamended to Appropriations,7
HB22-1418,2022,RS,Senate,2022-05-10,Senate Committee on Appropriations Refer Unamended - Consent Calendar to Senate Committee of the Whole,8
HB22-1418,2022,RS,Senate,2022-05-10,Senate Second Reading Special Order - Passed - No Amendments,9
HB22-1418,2022,RS,Senate,2022-05-11,Senate Third Reading Passed - No Amendments,10
HB22-1418,2022,RS,House,2022-05-23,Signed by the Speaker of the House,11
HB22-1418,2022,RS,Senate,2022-05-25,Signed by the President of the Senate,12
HB22-1418,2022,RS,Governor,2022-05-25,Sent to the Governor,13
HB22-1418,2022,RS,Governor,2022-06-07,Governor Signed,14
HCR22-1001,2022,RS,House,2022-01-12,"Introduced In House - Assigned to State, Civic, Military, & Veterans Affairs",1
HCR22-1001,2022,RS,House,2022-01-31,"House Committee on State, Civic, Military, & Veterans Affairs Postpone Indefinitely",2
HCR22-1002,2022,RS,House,2022-01-28,"Introduced In House - Assigned to State, Civic, Military, & Veterans Affairs",1
HCR22-1002,2022,RS,House,2022-05-10,"House Committee on State, Civic, Military, & Veterans Affairs Refer Unamended to House Committee of the Whole",2
HCR22-1003,2022,RS,House,2022-02-04,"Introduced In House - Assigned to State, Civic, Military, & Veterans Affairs",1
HCR22-1003,2022,RS,House,2022-03-10,"House Committee on State, Civic, Military, & Veterans Affairs Refer Unamended to Appropriations",2
HCR22-1003,2022,RS,House,2022-04-22,House Committee on Appropriations Refer Unamended to House Committee of the Whole,3
HCR22-1003,2022,RS,House,2022-04-22,House Second Reading Special Order - Passed - No Amendments,4
HCR22-1003,2022,RS,House,2022-04-25,House Third Reading Passed - No Amendments,5
HCR22-1003,2022,RS,Senate,2022-04-25,"Introduced In Senate - Assigned to State, Veterans, & Military Affairs",6
HCR22-1003,2022,RS,Senate,2022-04-28,"Senate Committee on State, Veterans, & Military Affairs Refer Unamended to Appropriations",7
HCR22-1003,2022,RS,Senate,2022-05-03,Senate Committee on Appropriations Refer Unamended to Senate Committee of the Whole,8
HCR22-1003,2022,RS,Senate,2022-05-05,Senate Second Reading Special Order - Passed - No Amendments,9
HCR22-1003,2022,RS,Senate,2022-05-06,Senate Third Reading Passed - No Amendments,10
HCR22-1003,2022,RS,House,2022-06-03,Signed by the Speaker of the House,11
HCR22-1003,2022,RS,Senate,2022-06-06,Signed by the President of the Senate,12
HCR22-1004,2022,RS,House,2022-02-06,"Introduced In House - Assigned to State, Civic, Military, & Veterans Affairs",1
HCR22-1004,2022,RS,House,2022-03-03,"House Committee on State, Civic, Military, & Veterans Affairs Postpone Indefinitely",2
HCR22-1005,2022,RS,House,2022-04-07,Introduced In House - Assigned to Judiciary,1
HCR22-1005,2022,RS,House,2022-04-13,House Committee on Judiciary Refer Unamended to House Committee of the Whole,2
HCR22-1005,2022,RS,House,2022-04-14,House Second Reading Special Order - Passed - No Amendments,3
HCR22-1005,2022,RS,House,2022-04-18,House Third Reading Passed - No Amendments,4
HCR22-1005,2022,RS,Senate,2022-04-19,Introduced In Senate - Assigned to Judiciary,5
HCR22-1005,2022,RS,Senate,2022-04-21,Senate Committee on Judiciary Refer Unamended to Senate Committee of the Whole,6
HCR22-1005,2022,RS,Senate,2022-04-25,Senate Second Reading Passed - No Amendments,7
HCR22-1005,2022,RS,Senate,2022-04-26,Senate Third Reading Passed - No Amendments,8
HCR22-1005,2022,RS,House,2022-05-14,Signed by the Speaker of the House,9
HCR22-1005,2022,RS,Senate,2022-05-16,Signed by the President of the Senate,10
HCR22-1006,2022,RS,House,2022-04-11,Introduced In House - Assigned to Business Affairs & Labor,1
HCR22-1006,2022,RS,House,2022-04-20,House Committee on Business Affairs & Labor Refer Amended to Finance,2
HCR22-1006,2022,RS,House,2022-04-25,House Committee on Finance Refer Unamended to Appropriations,3
HCR22-1006,2022,RS,House,2022-04-29,House Committee on Appropriations Refer Unamended to House Committee of the Whole,4
HCR22-1006,2022,RS,House,2022-04-29,"House Second Reading Special Order - Passed with Amendments - Committee, Floor",5
HCR22-1006,2022,RS,House,2022-05-02,House Third Reading Passed - No Amendments,6
HCR22-1006,2022,RS,Senate,2022-05-02,"Introduced In Senate - Assigned to State, Veterans, & Military Affairs",7
HCR22-1006,2022,RS,Senate,2022-05-05,"Senate Committee on State, Veterans, & Military Affairs Refer Unamended to Finance",8
HCR22-1006,2022,RS,Senate,2022-05-06,Senate Committee on Finance Refer Unamended to Appropriations,9
HCR22-1006,2022,RS,Senate,2022-05-09,Senate Committee on Appropriations Refer Unamended - Consent Calendar to Senate Committee of the Whole,10
HCR22-1006,2022,RS,Senate,2022-05-09,Senate Second Reading Special Order - Passed - No Amendments,11
HCR22-1006,2022,RS,Senate,2022-05-10,Senate Third Reading Passed - No Amendments,12
HCR22-1006,2022,RS,House,2022-05-27,Signed by the Speaker of the House,13
HCR22-1006,2022,RS,Senate,2022-05-31,Signed by the President of the Senate,14
HJR22-1001,2022,RS,House,2022-01-12,Introduced In House - Assigned to,1
HJR22-1001,2022,RS,House,2022-01-12,House Third Reading Passed - No Amendments,2
HJR22-1001,2022,RS,Senate,2022-01-12,Senate Third Reading Passed - No Amendments,3
HJR22-1001,2022,RS,Senate,2022-01-12,Introduced In Senate - Assigned to,4
HJR22-1001,2022,RS,House,2022-01-19,Signed by the Speaker of the House,5
HJR22-1001,2022,RS,Senate,2022-01-20,Signed by the President of the Senate,6
HJR22-1002,2022,RS,House,2022-01-12,Introduced In House - Assigned to Transportation & Local Government,1
HJR22-1002,2022,RS,House,2022-02-09,House Committee on Transportation & Local Government Refer Unamended to House Committee of the Whole,2
HJR22-1002,2022,RS,House,2022-02-14,House Third Reading Passed - No Amendments,3
HJR22-1002,2022,RS,Senate,2022-02-17,Introduced In Senate - Assigned to Transportation & Energy,4
HJR22-1002,2022,RS,Senate,2022-02-22,Senate Committee on Transportation & Energy Refer Unamended to Senate Committee of the Whole,5
HJR22-1002,2022,RS,Senate,2022-02-25,Senate Third Reading Passed - No Amendments,6
HJR22-1002,2022,RS,House,2022-03-04,Signed by the Speaker of the House,7
HJR22-1002,2022,RS,Senate,2022-03-07,Signed by the President of the Senate,8
HJR22-1003,2022,RS,House,2022-01-13,Introduced In House - Assigned to,1
HJR22-1003,2022,RS,Senate,2022-01-14,Introduced In Senate - Assigned to,2
HJR22-1003,2022,RS,Senate,2022-01-14,Senate Third Reading Passed - No Amendments,3
HJR22-1003,2022,RS,House,2022-01-14,House Third Reading Passed - No Amendments,4
HJR22-1003,2022,RS,House,2022-01-19,Signed by the Speaker of the House,5
HJR22-1003,2022,RS,Senate,2022-01-20,Signed by the President of the Senate,6
HJR22-1004,2022,RS,House,2022-01-27,Introduced In House - Assigned to,1
HJR22-1004,2022,RS,House,2022-01-28,House Third Reading Laid Over Daily - No Amendments,2
HJR22-1004,2022,RS,House,2022-02-01,House Third Reading Laid Over to 04/01/2022 - No Amendments,3
HJR22-1004,2022,RS,House,2022-03-28,House Third Reading Laid Over to 05/12/2022 - No Amendments,4
HJR22-1005,2022,RS,House,2022-01-31,Introduced In House - Assigned to,1
HJR22-1005,2022,RS,House,2022-02-01,House Third Reading Passed - No Amendments,2
HJR22-1005,2022,RS,Senate,2022-02-03,Introduced In Senate - Assigned to,3
HJR22-1005,2022,RS,Senate,2022-02-03,Senate Third Reading Laid Over to 02/011/2022 - No Amendments,4
HJR22-1005,2022,RS,Senate,2022-02-11,Senate Third Reading Passed - No Amendments,5
HJR22-1005,2022,RS,House,2022-02-25,Signed by the Speaker of the House,6
HJR22-1005,2022,RS,Senate,2022-02-25,Signed by the President of the Senate,7
HJR22-1006,2022,RS,House,2022-02-03,Introduced In House - Assigned to,1
HJR22-1006,2022,RS,House,2022-02-04,House Third Reading Passed - No Amendments,2
HJR22-1006,2022,RS,Senate,2022-02-07,Introduced In Senate - Assigned to,3
HJR22-1006,2022,RS,Senate,2022-02-07,Senate Third Reading Passed - No Amendments,4
HJR22-1006,2022,RS,House,2022-02-10,Signed by the Speaker of the House,5
HJR22-1006,2022,RS,Senate,2022-02-10,Signed by the President of the Senate,6
HJR22-1007,2022,RS,House,2022-02-03,Introduced In House - Assigned to,1
HJR22-1007,2022,RS,House,2022-02-04,House Third Reading Passed - No Amendments,2
HJR22-1007,2022,RS,Senate,2022-02-07,Introduced In Senate - Assigned to,3
HJR22-1007,2022,RS,Senate,2022-02-07,Senate Third Reading Passed - No Amendments,4
HJR22-1007,2022,RS,House,2022-02-10,Signed by the Speaker of the House,5
HJR22-1007,2022,RS,Senate,2022-02-10,Signed by the President of the Senate,6
HJR22-1008,2022,RS,House,2022-02-03,Introduced In House - Assigned to,1
HJR22-1008,2022,RS,House,2022-02-04,House Third Reading Passed - No Amendments,2
HJR22-1008,2022,RS,Senate,2022-02-07,Introduced In Senate - Assigned to,3
HJR22-1008,2022,RS,Senate,2022-02-07,Senate Third Reading Passed - No Amendments,4
HJR22-1008,2022,RS,House,2022-02-10,Signed by the Speaker of the House,5
HJR22-1008,2022,RS,Senate,2022-02-10,Signed by the President of the Senate,6
HJR22-1009,2022,RS,House,2022-02-03,Introduced In House - Assigned to,1
HJR22-1009,2022,RS,House,2022-02-04,House Third Reading Passed - No Amendments,2
HJR22-1009,2022,RS,Senate,2022-02-07,Introduced In Senate - Assigned to,3
HJR22-1009,2022,RS,Senate,2022-02-07,Senate Third Reading Passed - No Amendments,4
HJR22-1009,2022,RS,House,2022-02-10,Signed by the Speaker of the House,5
HJR22-1009,2022,RS,Senate,2022-02-10,Signed by the President of the Senate,6
HJR22-1010,2022,RS,House,2022-02-03,Introduced In House - Assigned to,1
HJR22-1010,2022,RS,House,2022-02-04,House Third Reading Passed - No Amendments,2
HJR22-1010,2022,RS,Senate,2022-02-07,Introduced In Senate - Assigned to,3
HJR22-1010,2022,RS,Senate,2022-02-07,Senate Third Reading Passed - No Amendments,4
HJR22-1010,2022,RS,Senate,2022-02-10,Signed by the President of the Senate,5
HJR22-1010,2022,RS,House,2022-02-10,Signed by the Speaker of the House,6
HJR22-1011,2022,RS,House,2022-02-03,Introduced In House - Assigned to,1
HJR22-1011,2022,RS,House,2022-02-04,House Third Reading Passed - No Amendments,2
HJR22-1011,2022,RS,Senate,2022-02-07,Introduced In Senate - Assigned to,3
HJR22-1011,2022,RS,Senate,2022-02-07,Senate Third Reading Passed - No Amendments,4
HJR22-1011,2022,RS,Senate,2022-02-10,Signed by the President of the Senate,5
HJR22-1011,2022,RS,House,2022-02-10,Signed by the Speaker of the House,6
HJR22-1012,2022,RS,House,2022-02-03,Introduced In House - Assigned to,1
HJR22-1012,2022,RS,House,2022-02-04,House Third Reading Passed - No Amendments,2
HJR22-1012,2022,RS,Senate,2022-02-07,Introduced In Senate - Assigned to,3
HJR22-1012,2022,RS,Senate,2022-02-07,Senate Third Reading Passed - No Amendments,4
HJR22-1012,2022,RS,Senate,2022-02-07,Senate Third Reading Reconsidered - No Amendments,5
HJR22-1012,2022,RS,Senate,2022-02-07,Senate Third Reading Passed with Amendments - Floor,6
HJR22-1012,2022,RS,Senate,2022-02-10,Signed by the President of the Senate,7
HJR22-1012,2022,RS,House,2022-02-10,Signed by the Speaker of the House,8
HJR22-1013,2022,RS,House,2022-02-03,Introduced In House - Assigned to,1
HJR22-1013,2022,RS,House,2022-02-04,House Third Reading Passed - No Amendments,2
HJR22-1013,2022,RS,Senate,2022-02-07,Introduced In Senate - Assigned to,3
HJR22-1013,2022,RS,Senate,2022-02-07,Senate Third Reading Passed - No Amendments,4
HJR22-1013,2022,RS,Senate,2022-02-10,Signed by the President of the Senate,5
HJR22-1013,2022,RS,House,2022-02-10,Signed by the Speaker of the House,6
HJR22-1014,2022,RS,House,2022-02-03,Introduced In House - Assigned to,1
HJR22-1014,2022,RS,House,2022-02-04,House Third Reading Passed - No Amendments,2
HJR22-1014,2022,RS,Senate,2022-02-07,Introduced In Senate - Assigned to,3
HJR22-1014,2022,RS,Senate,2022-02-07,Senate Third Reading Passed - No Amendments,4
HJR22-1014,2022,RS,Senate,2022-02-10,Signed by the President of the Senate,5
HJR22-1014,2022,RS,House,2022-02-10,Signed by the Speaker of the House,6
HJR22-1015,2022,RS,House,2022-03-09,Introduced In House - Assigned to,1
HJR22-1015,2022,RS,House,2022-03-10,House Third Reading Laid Over Daily - No Amendments,2
HJR22-1015,2022,RS,House,2022-03-11,House Third Reading Passed - No Amendments,3
HJR22-1015,2022,RS,Senate,2022-03-11,Introduced In Senate - Assigned to,4
HJR22-1015,2022,RS,Senate,2022-03-11,Senate Third Reading Laid Over to 03/18/2022 - No Amendments,5
HJR22-1015,2022,RS,Senate,2022-03-18,Senate Third Reading Passed - No Amendments,6
HJR22-1015,2022,RS,House,2022-03-25,Signed by the Speaker of the House,7
HJR22-1015,2022,RS,Senate,2022-03-25,Signed by the President of the Senate,8
HJR22-1016,2022,RS,House,2022-03-17,Introduced In House - Assigned to,1
HJR22-1016,2022,RS,House,2022-03-18,House Third Reading Passed - No Amendments,2
HJR22-1016,2022,RS,Senate,2022-03-18,Introduced In Senate - Assigned to,3
HJR22-1016,2022,RS,Senate,2022-03-18,Senate Third Reading Passed - No Amendments,4
HJR22-1016,2022,RS,House,2022-03-25,Signed by the Speaker of the House,5
HJR22-1016,2022,RS,Senate,2022-03-25,Signed by the President of the Senate,6
HJR22-1017,2022,RS,House,2022-04-11,Introduced In House - Assigned to,1
HJR22-1017,2022,RS,House,2022-04-12,House Third Reading Laid Over Daily - No Amendments,2
HJR22-1017,2022,RS,House,2022-04-21,House Third Reading Passed - No Amendments,3
HJR22-1017,2022,RS,Senate,2022-04-21,Introduced In Senate - Assigned to,4
HJR22-1017,2022,RS,Senate,2022-04-21,Senate Third Reading Passed - No Amendments,5
HJR22-1017,2022,RS,House,2022-06-03,Signed by the Speaker of the House,6
HJR22-1017,2022,RS,Senate,2022-06-06,Signed by the President of the Senate,7
HJR22-1018,2022,RS,House,2022-04-11,Introduced In House - Assigned to,1
HJR22-1018,2022,RS,House,2022-04-12,House Third Reading Laid Over Daily - No Amendments,2
HJR22-1018,2022,RS,House,2022-04-27,House Third Reading Laid Over to 04/29/2022 - No Amendments,3
HJR22-1018,2022,RS,House,2022-04-29,House Third Reading Passed - No Amendments,4
HJR22-1018,2022,RS,Senate,2022-04-29,Introduced In Senate - Assigned to,5
HJR22-1018,2022,RS,Senate,2022-04-29,Senate Third Reading Passed - No Amendments,6
HJR22-1018,2022,RS,House,2022-06-01,Signed by the Speaker of the House,7
HJR22-1018,2022,RS,Senate,2022-06-01,Signed by the President of the Senate,8
HJR22-1019,2022,RS,House,2022-04-11,Introduced In House - Assigned to,1
HJR22-1019,2022,RS,House,2022-04-12,House Third Reading Laid Over Daily - No Amendments,2
HJR22-1019,2022,RS,House,2022-04-27,House Third Reading Laid Over to 05/02/2022 - No Amendments,3
HJR22-1019,2022,RS,House,2022-05-02,House Third Reading Passed - No Amendments,4
HJR22-1019,2022,RS,Senate,2022-05-02,Introduced In Senate - Assigned to,5
HJR22-1019,2022,RS,Senate,2022-05-02,Senate Third Reading Passed - No Amendments,6
HJR22-1019,2022,RS,House,2022-06-03,Signed by the Speaker of the House,7
HJR22-1019,2022,RS,Senate,2022-06-06,Signed by the President of the Senate,8
HJR22-1020,2022,RS,House,2022-04-11,Introduced In House - Assigned to,1
HJR22-1020,2022,RS,House,2022-04-12,House Third Reading Laid Over Daily - No Amendments,2
HJR22-1020,2022,RS,House,2022-04-28,House Third Reading Passed - No Amendments,3
HJR22-1020,2022,RS,Senate,2022-04-28,Introduced In Senate - Assigned to,4
HJR22-1020,2022,RS,Senate,2022-04-28,Senate Third Reading Laid Over to 05/05/2022 - No Amendments,5
HJR22-1020,2022,RS,Senate,2022-05-05,Senate Third Reading Laid Over Daily - No Amendments,6
HJR22-1020,2022,RS,Senate,2022-05-06,Senate Third Reading Passed - No Amendments,7
HJR22-1020,2022,RS,House,2022-06-03,Signed by the Speaker of the House,8
HJR22-1020,2022,RS,Senate,2022-06-06,Signed by the President of the Senate,9
HJR22-1021,2022,RS,House,2022-04-11,"Introduced In House - Assigned to State, Civic, Military, & Veterans Affairs",1
HJR22-1021,2022,RS,House,2022-05-10,"House Committee on State, Civic, Military, & Veterans Affairs Postpone Indefinitely",2
HJR22-1022,2022,RS,House,2022-04-11,"Introduced In House - Assigned to State, Civic, Military, & Veterans Affairs",1
HJR22-1022,2022,RS,House,2022-05-10,"House Committee on State, Civic, Military, & Veterans Affairs Postpone Indefinitely",2
HJR22-1023,2022,RS,House,2022-04-11,"Introduced In House - Assigned to State, Civic, Military, & Veterans Affairs",1
HJR22-1023,2022,RS,House,2022-05-10,"House Committee on State, Civic, Military, & Veterans Affairs Refer Unamended to House Committee of the Whole",2
HJR22-1024,2022,RS,House,2022-04-26,Introduced In House - Assigned to,1
HJR22-1024,2022,RS,House,2022-04-26,House Third Reading Laid Over Daily - No Amendments,2
HJR22-1024,2022,RS,House,2022-04-27,House Third Reading Passed - No Amendments,3
HJR22-1024,2022,RS,Senate,2022-04-27,Introduced In Senate - Assigned to,4
HJR22-1024,2022,RS,Senate,2022-04-27,Senate Third Reading Passed - No Amendments,5
HJR22-1024,2022,RS,House,2022-06-03,Signed by the Speaker of the House,6
HJR22-1024,2022,RS,Senate,2022-06-06,Signed by the President of the Senate,7
HJR22-1025,2022,RS,House,2022-04-29,Introduced In House - Assigned to,1
HJR22-1025,2022,RS,House,2022-05-02,House Third Reading Laid Over Daily - No Amendments,2
HJR22-1025,2022,RS,House,2022-05-11,House Third Reading Passed - No Amendments,3
HJR22-1025,2022,RS,Senate,2022-05-11,Introduced In Senate - Assigned to,4
HJR22-1025,2022,RS,Senate,2022-05-11,Senate Third Reading Passed - No Amendments,5
HJR22-1025,2022,RS,House,2022-06-01,Signed by the Speaker of the House,6
HJR22-1025,2022,RS,Senate,2022-06-01,Signed by the President of the Senate,7
HJR22-1026,2022,RS,House,2022-05-10,Introduced In House - Assigned to,1
HJR22-1026,2022,RS,House,2022-05-11,House Third Reading Passed - No Amendments,2
HJR22-1026,2022,RS,Senate,2022-05-11,Introduced In Senate - Assigned to,3
HJR22-1026,2022,RS,Senate,2022-05-11,Senate Third Reading Passed - No Amendments,4
HJR22-1026,2022,RS,House,2022-06-01,Signed by the Speaker of the House,5
HJR22-1026,2022,RS,Senate,2022-06-01,Signed by the President of the Senate,6
HM22-1001,2022,RS,House,2022-04-05,Introduced In House - Assigned to,1
HM22-1001,2022,RS,House,2022-04-05,House Third Reading Laid Over to 04/11/2022 - No Amendments,2
HM22-1001,2022,RS,House,2022-04-11,House Third Reading Passed - No Amendments,3
HM22-1001,2022,RS,House,2022-04-15,Signed by the Speaker of the House,4
HM22-1002,2022,RS,House,2022-04-11,Introduced In House - Assigned to,1
HM22-1002,2022,RS,House,2022-04-12,House Third Reading Laid Over Daily - No Amendments,2
HM22-1002,2022,RS,House,2022-04-25,House Third Reading Passed - No Amendments,3
HM22-1002,2022,RS,House,2022-06-01,Signed by the Speaker of the House,4
HR22-1001,2022,RS,House,2022-01-12,House Third Reading Laid Over Daily - No Amendments,1
HR22-1001,2022,RS,House,2022-01-12,Introduced In House - Assigned to,2
HR22-1001,2022,RS,House,2022-01-14,House Third Reading Passed - No Amendments,3
HR22-1001,2022,RS,House,2022-01-19,Signed by the Speaker of the House,4
HR22-1002,2022,RS,House,2022-01-12,House Third Reading Laid Over Daily - No Amendments,1
HR22-1002,2022,RS,House,2022-01-12,Introduced In House - Assigned to,2
HR22-1002,2022,RS,House,2022-01-13,House Third Reading Passed - No Amendments,3
HR22-1002,2022,RS,House,2022-01-19,Signed by the Speaker of the House,4
HR22-1003,2022,RS,House,2022-01-13,Introduced In House - Assigned to,1
HR22-1003,2022,RS,House,2022-01-14,House Third Reading Passed - No Amendments,2
HR22-1003,2022,RS,House,2022-01-19,Signed by the Speaker of the House,3
HR22-1004,2022,RS,House,2022-01-14,Introduced In House - Assigned to,1
HR22-1004,2022,RS,House,2022-01-18,House Third Reading Passed with Amendments - Floor,2
HR22-1004,2022,RS,House,2022-01-19,Signed by the Speaker of the House,3
SB22-001,2022,RS,Senate,2022-01-12,Introduced In Senate - Assigned to Local Government,1
SB22-001,2022,RS,Senate,2022-03-03,Senate Committee on Local Government Refer Amended to Appropriations,2
SB22-001,2022,RS,Senate,2022-03-18,Senate Committee on Appropriations Refer Amended to Senate Committee of the Whole,3
SB22-001,2022,RS,Senate,2022-03-22,Senate Second Reading Laid Over Daily - No Amendments,4
SB22-001,2022,RS,Senate,2022-03-24,"Senate Second Reading Passed with Amendments - Committee, Floor",5
SB22-001,2022,RS,Senate,2022-03-25,Senate Third Reading Passed - No Amendments,6
SB22-001,2022,RS,House,2022-04-01,Introduced In House - Assigned to Judiciary,7
SB22-001,2022,RS,House,2022-04-13,House Committee on Judiciary Refer Amended to Appropriations,8
SB22-001,2022,RS,House,2022-04-26,House Committee on Appropriations Refer Unamended to House Committee of the Whole,9
SB22-001,2022,RS,House,2022-04-26,House Second Reading Special Order - Laid Over Daily - No Amendments,10
SB22-001,2022,RS,House,2022-04-27,"House Second Reading Special Order - Passed with Amendments - Committee, Floor",11
SB22-001,2022,RS,House,2022-04-28,House Third Reading Laid Over Daily - No Amendments,12
SB22-001,2022,RS,House,2022-04-29,House Third Reading Passed - No Amendments,13
SB22-001,2022,RS,Senate,2022-05-02,Senate Considered House Amendments - Result was to Laid Over Daily,14
SB22-001,2022,RS,Senate,2022-05-04,Senate Considered House Amendments - Result was to Concur - Repass,15
SB22-001,2022,RS,Senate,2022-05-09,Signed by the President of the Senate,16
SB22-001,2022,RS,House,2022-05-10,Signed by the Speaker of the House,17
SB22-001,2022,RS,Governor,2022-05-10,Sent to the Governor,18
SB22-001,2022,RS,Governor,2022-05-19,Governor Signed,19
SB22-002,2022,RS,Senate,2022-01-12,Introduced In Senate - Assigned to Local Government,1
SB22-002,2022,RS,Senate,2022-02-22,Senate Committee on Local Government Refer Amended to Appropriations,2
SB22-002,2022,RS,Senate,2022-04-01,Senate Committee on Appropriations Refer Amended to Senate Committee of the Whole,3
SB22-002,2022,RS,Senate,2022-04-04,Senate Second Reading Special Order - Passed with Amendments - Committee,4
SB22-002,2022,RS,Senate,2022-04-05,Senate Third Reading Passed - No Amendments,5
SB22-002,2022,RS,House,2022-04-05,Introduced In House - Assigned to Transportation & Local Government,6
SB22-002,2022,RS,House,2022-04-19,House Committee on Transportation & Local Government Refer Amended to Appropriations,7
SB22-002,2022,RS,House,2022-04-26,House Committee on Appropriations Refer Amended to House Committee of the Whole,8
SB22-002,2022,RS,House,2022-04-26,House Second Reading Special Order - Laid Over Daily - No Amendments,9
SB22-002,2022,RS,House,2022-04-27,House Second Reading Special Order - Passed with Amendments - Committee,10
SB22-002,2022,RS,House,2022-04-28,House Third Reading Laid Over Daily - No Amendments,11
SB22-002,2022,RS,House,2022-04-29,House Third Reading Passed - No Amendments,12
SB22-002,2022,RS,Senate,2022-05-02,Senate Considered House Amendments - Result was to Laid Over Daily,13
SB22-002,2022,RS,Senate,2022-05-04,Senate Considered House Amendments - Result was to Concur - Repass,14
SB22-002,2022,RS,Senate,2022-05-10,Signed by the President of the Senate,15
SB22-002,2022,RS,House,2022-05-10,Signed by the Speaker of the House,16
SB22-002,2022,RS,Governor,2022-05-11,Sent to the Governor,17
SB22-002,2022,RS,Governor,2022-06-03,Governor Signed,18
SB22-003,2022,RS,Senate,2022-01-12,Introduced In Senate - Assigned to Education,1
SB22-003,2022,RS,Senate,2022-02-09,Senate Committee on Education Refer Amended to Senate Committee of the Whole,2
SB22-003,2022,RS,Senate,2022-02-11,Senate Second Reading Passed with Amendments - Committee,3
SB22-003,2022,RS,Senate,2022-02-14,Senate Third Reading Passed - No Amendments,4
SB22-003,2022,RS,House,2022-02-14,Introduced In House - Assigned to Education,5
SB22-003,2022,RS,House,2022-03-17,House Committee on Education Refer Unamended to House Committee of the Whole,6
SB22-003,2022,RS,House,2022-03-22,House Second Reading Passed - No Amendments,7
SB22-003,2022,RS,House,2022-03-23,House Third Reading Laid Over Daily - No Amendments,8
SB22-003,2022,RS,House,2022-03-25,House Third Reading Passed - No Amendments,9
SB22-003,2022,RS,Senate,2022-03-30,Signed by the President of the Senate,10
SB22-003,2022,RS,House,2022-04-01,Signed by the Speaker of the House,11
SB22-003,2022,RS,Governor,2022-04-01,Sent to the Governor,12
SB22-003,2022,RS,Governor,2022-04-07,Governor Signed,13
SB22-004,2022,RS,Senate,2022-01-12,Introduced In Senate - Assigned to Education,1
SB22-004,2022,RS,Senate,2022-02-10,Senate Committee on Education Refer Amended to Appropriations,2
SB22-004,2022,RS,Senate,2022-04-01,Senate Committee on Appropriations Refer Unamended to Senate Committee of the Whole,3
SB22-004,2022,RS,Senate,2022-04-05,"Senate Second Reading Passed with Amendments - Committee, Floor",4
SB22-004,2022,RS,Senate,2022-04-06,Senate Third Reading Passed - No Amendments,5
SB22-004,2022,RS,House,2022-04-06,Introduced In House - Assigned to Education,6
SB22-004,2022,RS,House,2022-04-21,House Committee on Education Refer Amended to Appropriations,7
SB22-004,2022,RS,House,2022-05-04,House Committee on Appropriations Refer Amended to House Committee of the Whole,8
SB22-004,2022,RS,House,2022-05-04,House Second Reading Special Order - Passed with Amendments - Committee,9
SB22-004,2022,RS,House,2022-05-06,House Third Reading Laid Over Daily - No Amendments,10
SB22-004,2022,RS,House,2022-05-10,House Third Reading Passed - No Amendments,11
SB22-004,2022,RS,Senate,2022-05-10,Senate Considered House Amendments - Result was to Concur - Repass,12
SB22-004,2022,RS,Senate,2022-05-17,Signed by the President of the Senate,13
SB22-004,2022,RS,Governor,2022-05-17,Sent to the Governor,14
SB22-004,2022,RS,House,2022-05-17,Signed by the Speaker of the House,15
SB22-004,2022,RS,Governor,2022-05-31,Governor Signed,16
SB22-005,2022,RS,Senate,2022-01-12,Introduced In Senate - Assigned to Judiciary,1
SB22-005,2022,RS,Senate,2022-03-24,Senate Committee on Judiciary Lay Over Unamended - Amendment(s) Failed,2
SB22-005,2022,RS,Senate,2022-03-31,Senate Committee on Judiciary Refer Amended to Appropriations,3
SB22-005,2022,RS,Senate,2022-04-22,Senate Committee on Appropriations Refer Amended to Senate Committee of the Whole,4
SB22-005,2022,RS,Senate,2022-04-26,"Senate Second Reading Passed with Amendments - Committee, Floor",5
SB22-005,2022,RS,Senate,2022-04-27,Senate Third Reading Passed - No Amendments,6
SB22-005,2022,RS,House,2022-04-27,Introduced In House - Assigned to Judiciary,7
SB22-005,2022,RS,House,2022-05-03,House Committee on Judiciary Refer Unamended to Appropriations,8
SB22-005,2022,RS,House,2022-05-05,House Committee on Appropriations Refer Amended to House Committee of the Whole,9
SB22-005,2022,RS,House,2022-05-05,House Second Reading Special Order - Passed with Amendments - Committee,10
SB22-005,2022,RS,House,2022-05-06,House Third Reading Laid Over Daily - No Amendments,11
SB22-005,2022,RS,House,2022-05-10,House Third Reading Passed - No Amendments,12
SB22-005,2022,RS,Senate,2022-05-10,Senate Considered House Amendments - Result was to Concur - Repass,13
SB22-005,2022,RS,Senate,2022-05-17,Signed by the President of the Senate,14
SB22-005,2022,RS,Governor,2022-05-17,Sent to the Governor,15
SB22-005,2022,RS,House,2022-05-17,Signed by the Speaker of the House,16
SB22-005,2022,RS,Governor,2022-05-31,Governor Signed,17
SB22-006,2022,RS,Senate,2022-01-12,Introduced In Senate - Assigned to Finance,1
SB22-006,2022,RS,Senate,2022-02-16,Senate Committee on Finance Refer Unamended to Appropriations,2
SB22-006,2022,RS,Senate,2022-03-11,Senate Committee on Appropriations Refer Amended - Consent Calendar to Senate Committee of the Whole,3
SB22-006,2022,RS,Senate,2022-03-11,Senate Second Reading Special Order - Passed with Amendments - Committee,4
SB22-006,2022,RS,Senate,2022-03-14,Senate Third Reading Passed - No Amendments,5
SB22-006,2022,RS,House,2022-03-14,Introduced In House - Assigned to Finance,6
SB22-006,2022,RS,House,2022-03-28,House Committee on Finance Refer Unamended to Appropriations,7
SB22-006,2022,RS,House,2022-05-05,House Second Reading Special Order - Passed with Amendments - Committee,8
SB22-006,2022,RS,House,2022-05-05,House Committee on Appropriations Refer Amended to House Committee of the Whole,9
SB22-006,2022,RS,House,2022-05-06,House Third Reading Laid Over Daily - No Amendments,10
SB22-006,2022,RS,House,2022-05-09,House Third Reading Passed - No Amendments,11
SB22-006,2022,RS,Senate,2022-05-10,Senate Considered House Amendments - Result was to Concur - Repass,12
SB22-006,2022,RS,Senate,2022-05-11,Signed by the President of the Senate,13
SB22-006,2022,RS,House,2022-05-11,Signed by the Speaker of the House,14
SB22-006,2022,RS,Governor,2022-05-11,Sent to the Governor,15
SB22-006,2022,RS,Governor,2022-05-16,Governor Signed,16
SB22-007,2022,RS,Senate,2022-01-12,Introduced In Senate - Assigned to Local Government,1
SB22-007,2022,RS,Senate,2022-02-01,Senate Committee on Local Government Refer Amended to Appropriations,2
SB22-007,2022,RS,Senate,2022-03-18,Senate Committee on Appropriations Refer Amended to Senate Committee of the Whole,3
SB22-007,2022,RS,Senate,2022-03-22,Senate Second Reading Laid Over Daily - No Amendments,4
SB22-007,2022,RS,Senate,2022-03-24,Senate Second Reading Passed with Amendments - Committee,5
SB22-007,2022,RS,Senate,2022-03-25,Senate Third Reading Passed - No Amendments,6
SB22-007,2022,RS,House,2022-03-25,Introduced In House - Assigned to Energy & Environment,7
SB22-007,2022,RS,House,2022-04-13,House Committee on Energy & Environment Refer Unamended to Appropriations,8
SB22-007,2022,RS,House,2022-05-05,House Committee on Appropriations Refer Amended to House Committee of the Whole,9
SB22-007,2022,RS,House,2022-05-06,House Second Reading Special Order - Passed with Amendments - Committee,10
SB22-007,2022,RS,House,2022-05-09,House Third Reading Laid Over Daily - No Amendments,11
SB22-007,2022,RS,House,2022-05-10,House Third Reading Passed - No Amendments,12
SB22-007,2022,RS,Senate,2022-05-10,Senate Considered House Amendments - Result was to Concur - Repass,13
SB22-007,2022,RS,Senate,2022-05-18,Signed by the President of the Senate,14
SB22-007,2022,RS,House,2022-05-18,Signed by the Speaker of the House,15
SB22-007,2022,RS,Governor,2022-05-18,Sent to the Governor,16
SB22-007,2022,RS,Governor,2022-06-03,Governor Signed,17
SB22-008,2022,RS,Senate,2022-01-12,Introduced In Senate - Assigned to Education,1
SB22-008,2022,RS,Senate,2022-02-03,Senate Committee on Education Refer Amended to Appropriations,2
SB22-008,2022,RS,Senate,2022-03-18,Senate Committee on Appropriations Refer Amended to Senate Committee of the Whole,3
SB22-008,2022,RS,Senate,2022-03-22,Senate Second Reading Laid Over Daily - No Amendments,4
SB22-008,2022,RS,Senate,2022-03-24,Senate Second Reading Passed with Amendments - Committee,5
SB22-008,2022,RS,Senate,2022-03-25,Senate Third Reading Passed - No Amendments,6
SB22-008,2022,RS,House,2022-03-25,Introduced In House - Assigned to Education,7
SB22-008,2022,RS,House,2022-04-14,House Committee on Education Refer Amended to Appropriations,8
SB22-008,2022,RS,House,2022-04-26,House Committee on Appropriations Refer Amended to House Committee of the Whole,9
SB22-008,2022,RS,House,2022-04-26,House Second Reading Special Order - Passed with Amendments - Committee,10
SB22-008,2022,RS,House,2022-04-27,House Third Reading Laid Over Daily - No Amendments,11
SB22-008,2022,RS,House,2022-04-29,House Third Reading Passed - No Amendments,12
SB22-008,2022,RS,Senate,2022-05-02,Senate Considered House Amendments - Result was to Laid Over Daily,13
SB22-008,2022,RS,Senate,2022-05-04,Senate Considered House Amendments - Result was to Concur - Repass,14
SB22-008,2022,RS,Senate,2022-05-16,Signed by the President of the Senate,15
SB22-008,2022,RS,House,2022-05-16,Signed by the Speaker of the House,16
SB22-008,2022,RS,Governor,2022-05-16,Sent to the Governor,17
SB22-008,2022,RS,Governor,2022-05-26,Governor Signed,18
SB22-009,2022,RS,Senate,2022-01-12,Introduced In Senate - Assigned to Transportation & Energy,1
SB22-009,2022,RS,Senate,2022-02-08,Senate Committee on Transportation & Energy Refer Amended to Appropriations,2
SB22-009,2022,RS,Senate,2022-03-04,Senate Committee on Appropriations Refer Unamended to Senate Committee of the Whole,3
SB22-009,2022,RS,Senate,2022-03-08,Senate Second Reading Passed with Amendments - Committee,4
SB22-009,2022,RS,Senate,2022-03-09,Senate Third Reading Passed - No Amendments,5
SB22-009,2022,RS,House,2022-03-09,Introduced In House - Assigned to Energy & Environment,6
SB22-009,2022,RS,House,2022-04-07,House Committee on Energy & Environment Refer Amended to House Committee of the Whole,7
SB22-009,2022,RS,House,2022-04-11,"House Second Reading Special Order - Passed with Amendments - Committee, Floor",8
SB22-009,2022,RS,House,2022-04-12,House Third Reading Laid Over Daily - No Amendments,9
SB22-009,2022,RS,House,2022-05-04,House Third Reading Passed - No Amendments,10
SB22-009,2022,RS,Senate,2022-05-05,Senate Considered House Amendments - Result was to Not Concur - Request Conference Committee,11
SB22-009,2022,RS,House,2022-05-11,House Consideration of First Conference Committee Report result was to Adopt Committee Report - Repass,12
SB22-009,2022,RS,Senate,2022-05-11,Senate Consideration of First Conference Committee Report result was to Adopt Committee Report - Repass,13
SB22-009,2022,RS,Senate,2022-05-25,Signed by the President of the Senate,14
SB22-009,2022,RS,House,2022-05-25,Signed by the Speaker of the House,15
SB22-009,2022,RS,Governor,2022-05-25,Sent to the Governor,16
SB22-009,2022,RS,Governor,2022-06-07,Governor Signed,17
SB22-010,2022,RS,Senate,2022-01-12,Introduced In Senate - Assigned to Judiciary,1
SB22-010,2022,RS,Senate,2022-02-03,Senate Committee on Judiciary Refer Amended to Appropriations,2
SB22-010,2022,RS,Senate,2022-03-18,Senate Committee on Appropriations Refer Unamended - Consent Calendar to Senate Committee of the Whole,3
SB22-010,2022,RS,Senate,2022-03-18,Senate Second Reading Special Order - Passed with Amendments - Committee,4
SB22-010,2022,RS,Senate,2022-03-21,Senate Third Reading Passed - No Amendments,5
SB22-010,2022,RS,House,2022-03-21,Introduced In House - Assigned to Judiciary,6
SB22-010,2022,RS,House,2022-04-06,House Committee on Judiciary Refer Amended to House Committee of the Whole,7
SB22-010,2022,RS,House,2022-04-11,House Second Reading Special Order - Passed with Amendments - Committee,8
SB22-010,2022,RS,House,2022-04-12,House Third Reading Passed - No Amendments,9
SB22-010,2022,RS,Senate,2022-04-13,Senate Considered House Amendments - Result was to Concur - Repass,10
SB22-010,2022,RS,Senate,2022-04-21,Signed by the President of the Senate,11
SB22-010,2022,RS,House,2022-04-21,Signed by the Speaker of the House,12
SB22-010,2022,RS,Governor,2022-04-21,Sent to the Governor,13
SB22-010,2022,RS,Governor,2022-05-02,Governor Signed,14
SB22-011,2022,RS,Senate,2022-01-12,"Introduced In Senate - Assigned to State, Veterans, & Military Affairs",1
SB22-011,2022,RS,Senate,2022-02-01,"Senate Committee on State, Veterans, & Military Affairs Refer Amended to Appropriations",2
SB22-011,2022,RS,Senate,2022-03-04,Senate Committee on Appropriations Refer Amended - Consent Calendar to Senate Committee of the Whole,3
SB22-011,2022,RS,Senate,2022-03-04,Senate Second Reading Special Order - Passed with Amendments - Committee,4
SB22-011,2022,RS,Senate,2022-03-07,Senate Third Reading Passed - No Amendments,5
SB22-011,2022,RS,House,2022-03-07,"Introduced In House - Assigned to State, Civic, Military, & Veterans Affairs",6
SB22-011,2022,RS,House,2022-03-24,"House Committee on State, Civic, Military, & Veterans Affairs Refer Unamended to Appropriations",7
SB22-011,2022,RS,House,2022-04-26,House Committee on Appropriations Refer Unamended to House Committee of the Whole,8
SB22-011,2022,RS,House,2022-04-26,House Second Reading Special Order - Passed - No Amendments,9
SB22-011,2022,RS,House,2022-04-27,House Third Reading Laid Over Daily - No Amendments,10
SB22-011,2022,RS,House,2022-04-29,House Third Reading Passed - No Amendments,11
SB22-011,2022,RS,Senate,2022-05-06,Signed by the President of the Senate,12
SB22-011,2022,RS,House,2022-05-06,Signed by the Speaker of the House,13
SB22-011,2022,RS,Governor,2022-05-09,Sent to the Governor,14
SB22-011,2022,RS,Governor,2022-05-26,Governor Signed,15
SB22-012,2022,RS,Senate,2022-01-12,"Introduced In Senate - Assigned to State, Veterans, & Military Affairs",1
SB22-012,2022,RS,Senate,2022-02-15,"Senate Committee on State, Veterans, & Military Affairs Refer Amended to Appropriations",2
SB22-012,2022,RS,Senate,2022-03-11,Senate Committee on Appropriations Refer Unamended - Consent Calendar to Senate Committee of the Whole,3
SB22-012,2022,RS,Senate,2022-03-11,Senate Second Reading Special Order - Passed with Amendments - Committee,4
SB22-012,2022,RS,Senate,2022-03-14,Senate Third Reading Passed - No Amendments,5
SB22-012,2022,RS,House,2022-03-14,"Introduced In House - Assigned to State, Civic, Military, & Veterans Affairs",6
SB22-012,2022,RS,House,2022-04-18,"House Committee on State, Civic, Military, & Veterans Affairs Refer Amended to Appropriations",7
SB22-012,2022,RS,House,2022-05-05,House Committee on Appropriations Refer Unamended to House Committee of the Whole,8
SB22-012,2022,RS,House,2022-05-05,"House Second Reading Special Order - Passed with Amendments - Committee, Floor",9
SB22-012,2022,RS,House,2022-05-06,House Third Reading Laid Over Daily - No Amendments,10
SB22-012,2022,RS,House,2022-05-09,House Third Reading Passed - No Amendments,11
SB22-012,2022,RS,Senate,2022-05-10,Senate Considered House Amendments - Result was to Concur - Repass,12
SB22-012,2022,RS,Senate,2022-05-16,Signed by the President of the Senate,13
SB22-012,2022,RS,House,2022-05-16,Signed by the Speaker of the House,14
SB22-012,2022,RS,Governor,2022-05-16,Sent to the Governor,15
SB22-012,2022,RS,Governor,2022-05-20,Governor Signed,16
SB22-013,2022,RS,Senate,2022-01-12,"Introduced In Senate - Assigned to State, Veterans, & Military Affairs",1
SB22-013,2022,RS,Senate,2022-01-27,"Senate Committee on State, Veterans, & Military Affairs Refer Amended to Appropriations",2
SB22-013,2022,RS,Senate,2022-02-01,Senate Committee on Appropriations Refer Amended to Senate Committee of the Whole,3
SB22-013,2022,RS,Senate,2022-02-01,"Senate Second Reading Special Order - Passed with Amendments - Committee, Floor",4
SB22-013,2022,RS,Senate,2022-02-03,Senate Third Reading Passed with Amendments - Floor,5
SB22-013,2022,RS,House,2022-02-04,Introduced In House - Assigned to Transportation & Local Government,6
SB22-013,2022,RS,House,2022-02-09,House Committee on Transportation & Local Government Refer Unamended to Appropriations,7
SB22-013,2022,RS,House,2022-02-17,House Committee on Appropriations Refer Unamended to House Committee of the Whole,8
SB22-013,2022,RS,House,2022-02-17,House Second Reading Special Order - Passed with Amendments - Floor,9
SB22-013,2022,RS,House,2022-02-18,House Third Reading Passed - No Amendments,10
SB22-013,2022,RS,Senate,2022-02-23,Senate Considered House Amendments - Result was to Concur - Repass,11
SB22-013,2022,RS,Senate,2022-02-24,Signed by the President of the Senate,12
SB22-013,2022,RS,House,2022-02-24,Signed by the Speaker of the House,13
SB22-013,2022,RS,Governor,2022-02-24,Sent to the Governor,14
SB22-013,2022,RS,Governor,2022-02-25,Governor Signed,15
SB22-014,2022,RS,Senate,2022-01-12,"Introduced In Senate - Assigned to State, Veterans, & Military Affairs",1
SB22-014,2022,RS,Senate,2022-02-08,"Senate Committee on State, Veterans, & Military Affairs Refer Unamended - Consent Calendar to Senate Committee of the Whole",2
SB22-014,2022,RS,Senate,2022-02-11,Senate Second Reading Passed - No Amendments,3
SB22-014,2022,RS,Senate,2022-02-14,Senate Third Reading Passed - No Amendments,4
SB22-014,2022,RS,House,2022-02-14,Introduced In House - Assigned to Education,5
SB22-014,2022,RS,House,2022-03-03,House Committee on Education Refer Unamended to House Committee of the Whole,6
SB22-014,2022,RS,House,2022-03-08,House Second Reading Special Order - Passed - No Amendments,7
SB22-014,2022,RS,House,2022-03-09,House Third Reading Passed - No Amendments,8
SB22-014,2022,RS,Senate,2022-03-11,Signed by the President of the Senate,9
SB22-014,2022,RS,House,2022-03-11,Signed by the Speaker of the House,10
SB22-014,2022,RS,Governor,2022-03-11,Sent to the Governor,11
SB22-014,2022,RS,Governor,2022-03-17,Governor Signed,12
SB22-015,2022,RS,Senate,2022-01-12,Introduced In Senate - Assigned to Local Government,1
SB22-015,2022,RS,Senate,2022-02-01,Senate Committee on Local Government Refer Unamended - Consent Calendar to Senate Committee of the Whole,2
SB22-015,2022,RS,Senate,2022-02-07,Senate Second Reading Passed - No Amendments,3
SB22-015,2022,RS,Senate,2022-02-08,Senate Third Reading Passed - No Amendments,4
SB22-015,2022,RS,House,2022-02-08,Introduced In House - Assigned to Transportation & Local Government,5
SB22-015,2022,RS,House,2022-02-22,House Committee on Transportation & Local Government Refer Unamended to House Committee of the Whole,6
SB22-015,2022,RS,House,2022-02-24,House Second Reading Laid Over Daily - No Amendments,7
SB22-015,2022,RS,House,2022-02-25,House Second Reading Passed - No Amendments,8
SB22-015,2022,RS,House,2022-02-28,House Third Reading Passed - No Amendments,9
SB22-015,2022,RS,Senate,2022-03-03,Signed by the President of the Senate,10
SB22-015,2022,RS,House,2022-03-04,Signed by the Speaker of the House,11
SB22-015,2022,RS,Governor,2022-03-09,Sent to the Governor,12
SB22-015,2022,RS,Governor,2022-03-15,Governor Signed,13
SB22-016,2022,RS,Senate,2022-01-12,Introduced In Senate - Assigned to Transportation & Energy,1
SB22-016,2022,RS,Senate,2022-02-08,Senate Committee on Transportation & Energy Postpone Indefinitely,2
SB22-017,2022,RS,Senate,2022-01-12,Introduced In Senate - Assigned to Transportation & Energy,1
SB22-017,2022,RS,Senate,2022-02-01,Senate Committee on Transportation & Energy Refer Unamended - Consent Calendar to Senate Committee of the Whole,2
SB22-017,2022,RS,Senate,2022-02-07,Senate Second Reading Passed - No Amendments,3
SB22-017,2022,RS,Senate,2022-02-08,Senate Third Reading Passed - No Amendments,4
SB22-017,2022,RS,House,2022-02-08,"Introduced In House - Assigned to Agriculture, Livestock, & Water",5
SB22-017,2022,RS,House,2022-02-14,"House Committee on Agriculture, Livestock, & Water Refer Unamended to House Committee of the Whole",6
SB22-017,2022,RS,House,2022-02-16,House Second Reading Laid Over Daily - No Amendments,7
SB22-017,2022,RS,House,2022-02-17,House Second Reading Special Order - Passed - No Amendments,8
SB22-017,2022,RS,House,2022-02-18,House Third Reading Passed - No Amendments,9
SB22-017,2022,RS,Senate,2022-02-24,Signed by the President of the Senate,10
SB22-017,2022,RS,House,2022-02-24,Signed by the Speaker of the House,11
SB22-017,2022,RS,Governor,2022-02-24,Sent to the Governor,12
SB22-017,2022,RS,Governor,2022-03-03,Governor Signed,13
SB22-018,2022,RS,Senate,2022-01-12,Introduced In Senate - Assigned to Judiciary,1
SB22-018,2022,RS,Senate,2022-02-03,Senate Committee on Judiciary Refer Amended to Appropriations,2
SB22-018,2022,RS,Senate,2022-03-18,Senate Committee on Appropriations Refer Amended - Consent Calendar to Senate Committee of the Whole,3
SB22-018,2022,RS,Senate,2022-03-18,Senate Second Reading Special Order - Passed with Amendments - Committee,4
SB22-018,2022,RS,Senate,2022-03-21,Senate Third Reading Passed - No Amendments,5
SB22-018,2022,RS,House,2022-03-21,Introduced In House - Assigned to Judiciary,6
SB22-018,2022,RS,House,2022-04-06,House Committee on Judiciary Refer Unamended to Appropriations,7
SB22-018,2022,RS,House,2022-04-29,House Second Reading Special Order - Passed - No Amendments,8
SB22-018,2022,RS,House,2022-04-29,House Committee on Appropriations Refer Unamended to House Committee of the Whole,9
SB22-018,2022,RS,House,2022-05-02,House Third Reading Passed - No Amendments,10
SB22-018,2022,RS,Senate,2022-05-06,Signed by the President of the Senate,11
SB22-018,2022,RS,House,2022-05-06,Signed by the Speaker of the House,12
SB22-018,2022,RS,Governor,2022-05-09,Sent to the Governor,13
SB22-018,2022,RS,Governor,2022-05-19,Governor Signed,14
SB22-019,2022,RS,Senate,2022-01-12,Introduced In Senate - Assigned to Judiciary,1
SB22-019,2022,RS,Senate,2022-02-09,Senate Committee on Judiciary Refer Amended - Consent Calendar to Senate Committee of the Whole,2
SB22-019,2022,RS,Senate,2022-02-11,Senate Second Reading Passed with Amendments - Committee,3
SB22-019,2022,RS,Senate,2022-02-14,Senate Third Reading Passed - No Amendments,4
SB22-019,2022,RS,House,2022-02-14,Introduced In House - Assigned to Judiciary,5
SB22-019,2022,RS,House,2022-02-23,House Committee on Judiciary Refer Unamended to House Committee of the Whole,6
SB22-019,2022,RS,House,2022-02-28,House Second Reading Passed - No Amendments,7
SB22-019,2022,RS,House,2022-03-01,House Third Reading Passed - No Amendments,8
SB22-019,2022,RS,Senate,2022-03-07,Signed by the President of the Senate,9
SB22-019,2022,RS,House,2022-03-08,Signed by the Speaker of the House,10
SB22-019,2022,RS,Governor,2022-03-09,Sent to the Governor,11
SB22-019,2022,RS,Governor,2022-03-15,Governor Signed,12
SB22-020,2022,RS,Senate,2022-01-12,Introduced In Senate - Assigned to Judiciary,1
SB22-020,2022,RS,Senate,2022-02-10,Senate Committee on Judiciary Refer Unamended - Consent Calendar to Senate Committee of the Whole,2
SB22-020,2022,RS,Senate,2022-02-15,Senate Second Reading Passed - No Amendments,3
SB22-020,2022,RS,Senate,2022-02-16,Senate Third Reading Laid Over Daily - No Amendments,4
SB22-020,2022,RS,Senate,2022-02-17,Senate Third Reading Passed - No Amendments,5
SB22-020,2022,RS,House,2022-02-17,Introduced In House - Assigned to Judiciary,6
SB22-020,2022,RS,House,2022-03-08,House Committee on Judiciary Refer Unamended to House Committee of the Whole,7
SB22-020,2022,RS,House,2022-03-10,House Second Reading Laid Over to 03/14/2022 - No Amendments,8
SB22-020,2022,RS,House,2022-03-14,House Second Reading Laid Over Daily - No Amendments,9
SB22-020,2022,RS,House,2022-03-15,House Second Reading Passed - No Amendments,10
SB22-020,2022,RS,House,2022-03-16,House Third Reading Passed - No Amendments,11
SB22-020,2022,RS,Senate,2022-03-21,Signed by the President of the Senate,12
SB22-020,2022,RS,House,2022-03-23,Signed by the Speaker of the House,13
SB22-020,2022,RS,Governor,2022-03-23,Sent to the Governor,14
SB22-020,2022,RS,Governor,2022-03-30,Governor Signed,15
SB22-021,2022,RS,Senate,2022-01-12,Introduced In Senate - Assigned to Judiciary,1
SB22-021,2022,RS,Senate,2022-02-03,Senate Committee on Judiciary Refer Amended to Appropriations,2
SB22-021,2022,RS,Senate,2022-03-11,Senate Committee on Appropriations Refer Amended - Consent Calendar to Senate Committee of the Whole,3
SB22-021,2022,RS,Senate,2022-03-11,Senate Second Reading Special Order - Passed with Amendments - Committee,4
SB22-021,2022,RS,Senate,2022-03-14,Senate Third Reading Passed - No Amendments,5
SB22-021,2022,RS,House,2022-03-14,Introduced In House - Assigned to Judiciary,6
SB22-021,2022,RS,House,2022-03-23,House Committee on Judiciary Refer Amended to Appropriations,7
SB22-021,2022,RS,House,2022-04-26,House Committee on Refer Amended to Legislative Council,8
SB22-021,2022,RS,House,2022-04-29,House Committee on Legislative Council Refer Unamended to House Committee of the Whole,9
SB22-021,2022,RS,House,2022-04-29,"House Second Reading Special Order - Passed with Amendments - Committee, Floor",10
SB22-021,2022,RS,House,2022-05-02,House Third Reading Passed - No Amendments,11
SB22-021,2022,RS,Senate,2022-05-04,Senate Considered House Amendments - Result was to Not Concur - Request Conference Committee,12
SB22-021,2022,RS,ConfComm,2022-05-10,First Conference Committee Result was to Adopt Rerevised w/ Amendments,13
SB22-021,2022,RS,House,2022-05-11,House Consideration of First Conference Committee Report result was to Adopt Committee Report - Repass,14
SB22-021,2022,RS,Senate,2022-05-11,Senate Consideration of First Conference Committee Report result was to Adopt Committee Report - Repass,15
SB22-021,2022,RS,Senate,2022-05-18,Signed by the President of the Senate,16
SB22-021,2022,RS,House,2022-05-18,Signed by the Speaker of the House,17
SB22-021,2022,RS,Governor,2022-05-18,Sent to the Governor,18
SB22-021,2022,RS,Governor,2022-06-08,Governor Signed,19
SB22-022,2022,RS,Senate,2022-01-12,Introduced In Senate - Assigned to Judiciary,1
SB22-022,2022,RS,Senate,2022-02-03,Senate Committee on Judiciary Refer Unamended - Consent Calendar to Senate Committee of the Whole,2
SB22-022,2022,RS,Senate,2022-02-08,Senate Second Reading Passed - No Amendments,3
SB22-022,2022,RS,Senate,2022-02-09,Senate Third Reading Passed - No Amendments,4
SB22-022,2022,RS,House,2022-02-10,Introduced In House - Assigned to Judiciary,5
SB22-022,2022,RS,House,2022-02-15,House Committee on Judiciary Refer Unamended to House Committee of the Whole,6
SB22-022,2022,RS,House,2022-02-18,House Second Reading Special Order - Passed - No Amendments,7
SB22-022,2022,RS,House,2022-02-22,House Third Reading Passed - No Amendments,8
SB22-022,2022,RS,Senate,2022-02-24,Signed by the President of the Senate,9
SB22-022,2022,RS,House,2022-02-24,Signed by the Speaker of the House,10
SB22-022,2022,RS,Governor,2022-02-24,Sent to the Governor,11
SB22-022,2022,RS,Governor,2022-03-03,Governor Signed,12
SB22-023,2022,RS,Senate,2022-01-12,Introduced In Senate - Assigned to Judiciary,1
SB22-023,2022,RS,Senate,2022-02-10,Senate Committee on Judiciary Refer Amended to Senate Committee of the Whole,2
SB22-023,2022,RS,Senate,2022-02-15,"Senate Second Reading Passed with Amendments - Committee, Floor",3
SB22-023,2022,RS,Senate,2022-02-16,Senate Third Reading Laid Over Daily - No Amendments,4
SB22-023,2022,RS,Senate,2022-02-17,Senate Third Reading Passed - No Amendments,5
SB22-023,2022,RS,House,2022-02-17,Introduced In House - Assigned to Judiciary,6
SB22-023,2022,RS,House,2022-03-15,House Committee on Judiciary Refer Amended to Appropriations,7
SB22-023,2022,RS,House,2022-05-05,House Committee on Appropriations Refer Amended to House Committee of the Whole,8
SB22-023,2022,RS,House,2022-05-06,House Second Reading Special Order - Laid Over Daily - No Amendments,9
SB22-023,2022,RS,House,2022-05-10,House Second Reading Special Order - Passed with Amendments - Floor,10
SB22-023,2022,RS,House,2022-05-11,House Third Reading Passed - No Amendments,11
SB22-023,2022,RS,Senate,2022-05-11,Senate Considered House Amendments - Result was to Adhere,12
SB22-024,2022,RS,Senate,2022-01-12,Introduced In Senate - Assigned to Judiciary,1
SB22-024,2022,RS,Senate,2022-02-03,Senate Committee on Judiciary Refer Amended to Senate Committee of the Whole,2
SB22-024,2022,RS,Senate,2022-02-08,Senate Second Reading Passed with Amendments - Committee,3
SB22-024,2022,RS,Senate,2022-02-09,Senate Third Reading Passed - No Amendments,4
SB22-024,2022,RS,House,2022-02-10,Introduced In House - Assigned to Judiciary,5
SB22-024,2022,RS,House,2022-02-23,House Committee on Judiciary Refer Unamended to House Committee of the Whole,6
SB22-024,2022,RS,House,2022-02-28,House Second Reading Passed - No Amendments,7
SB22-024,2022,RS,House,2022-03-01,House Third Reading Passed - No Amendments,8
SB22-024,2022,RS,Senate,2022-03-07,Signed by the President of the Senate,9
SB22-024,2022,RS,House,2022-03-08,Signed by the Speaker of the House,10
SB22-024,2022,RS,Governor,2022-03-09,Sent to the Governor,11
SB22-024,2022,RS,Governor,2022-03-17,Governor Signed,12
SB22-025,2022,RS,Senate,2022-01-12,Introduced In Senate - Assigned to Finance,1
SB22-025,2022,RS,Senate,2022-02-09,Senate Committee on Finance Refer Unamended to Appropriations,2
SB22-025,2022,RS,Senate,2022-03-11,Senate Committee on Appropriations Refer Amended - Consent Calendar to Senate Committee of the Whole,3
SB22-025,2022,RS,Senate,2022-03-11,Senate Second Reading Special Order - Passed with Amendments - Committee,4
SB22-025,2022,RS,Senate,2022-03-14,Senate Third Reading Passed - No Amendments,5
SB22-025,2022,RS,House,2022-03-14,Introduced In House - Assigned to Finance,6
SB22-025,2022,RS,House,2022-04-04,House Committee on Finance Refer Amended to Appropriations,7
SB22-025,2022,RS,House,2022-05-05,House Second Reading Special Order - Passed with Amendments - Committee,8
SB22-025,2022,RS,House,2022-05-05,House Committee on Appropriations Refer Amended to House Committee of the Whole,9
SB22-025,2022,RS,House,2022-05-06,House Third Reading Laid Over Daily - No Amendments,10
SB22-025,2022,RS,House,2022-05-10,House Third Reading Passed - No Amendments,11
SB22-025,2022,RS,Senate,2022-05-10,Senate Considered House Amendments - Result was to Concur - Repass,12
SB22-025,2022,RS,Senate,2022-05-17,Signed by the President of the Senate,13
SB22-025,2022,RS,Governor,2022-05-17,Sent to the Governor,14
SB22-025,2022,RS,House,2022-05-17,Signed by the Speaker of the House,15
SB22-025,2022,RS,Governor,2022-06-07,Governor Signed,16
SB22-026,2022,RS,Senate,2022-01-12,Introduced In Senate - Assigned to Finance,1
SB22-026,2022,RS,Senate,2022-02-09,Senate Committee on Finance Refer Unamended - Consent Calendar to Senate Committee of the Whole,2
SB22-026,2022,RS,Senate,2022-02-14,Senate Second Reading Passed - No Amendments,3
SB22-026,2022,RS,Senate,2022-02-15,Senate Third Reading Passed - No Amendments,4
SB22-026,2022,RS,House,2022-02-16,Introduced In House - Assigned to Finance,5
SB22-026,2022,RS,House,2022-03-10,House Committee on Finance Refer Amended to House Committee of the Whole,6
SB22-026,2022,RS,House,2022-03-14,House Second Reading Laid Over Daily - No Amendments,7
SB22-026,2022,RS,House,2022-03-15,House Second Reading Passed with Amendments - Committee,8
SB22-026,2022,RS,House,2022-03-16,House Third Reading Passed - No Amendments,9
SB22-026,2022,RS,Senate,2022-03-18,Senate Considered House Amendments - Result was to Concur - Repass,10
SB22-026,2022,RS,Senate,2022-03-25,Signed by the President of the Senate,11
SB22-026,2022,RS,House,2022-03-25,Signed by the Speaker of the House,12
SB22-026,2022,RS,Governor,2022-03-28,Sent to the Governor,13
SB22-026,2022,RS,Governor,2022-03-30,Governor Signed,14
SB22-027,2022,RS,Senate,2022-01-12,Introduced In Senate - Assigned to Health & Human Services,1
SB22-027,2022,RS,Senate,2022-02-09,Senate Committee on Health & Human Services Refer Unamended - Consent Calendar to Senate Committee of the Whole,2
SB22-027,2022,RS,Senate,2022-02-14,Senate Second Reading Passed - No Amendments,3
SB22-027,2022,RS,Senate,2022-02-15,Senate Third Reading Passed - No Amendments,4
SB22-027,2022,RS,House,2022-02-16,Introduced In House - Assigned to Health & Insurance,5
SB22-027,2022,RS,House,2022-05-02,House Committee on Health & Insurance Refer Amended to House Committee of the Whole,6
SB22-027,2022,RS,House,2022-05-03,House Second Reading Special Order - Passed with Amendments - Committee,7
SB22-027,2022,RS,House,2022-05-04,House Third Reading Laid Over Daily - No Amendments,8
SB22-027,2022,RS,House,2022-05-06,House Third Reading Passed - No Amendments,9
SB22-027,2022,RS,Senate,2022-05-09,Senate Considered House Amendments - Result was to Concur - Repass,10
SB22-027,2022,RS,Senate,2022-05-18,Signed by the President of the Senate,11
SB22-027,2022,RS,House,2022-05-18,Signed by the Speaker of the House,12
SB22-027,2022,RS,Governor,2022-05-18,Sent to the Governor,13
SB22-027,2022,RS,Governor,2022-05-27,Governor Signed,14
SB22-028,2022,RS,Senate,2022-01-12,Introduced In Senate - Assigned to Agriculture & Natural Resources,1
SB22-028,2022,RS,Senate,2022-02-10,Senate Committee on Agriculture & Natural Resources Refer Unamended to Senate Committee of the Whole,2
SB22-028,2022,RS,Senate,2022-02-15,Senate Second Reading Passed - No Amendments,3
SB22-028,2022,RS,Senate,2022-02-16,Senate Third Reading Laid Over Daily - No Amendments,4
SB22-028,2022,RS,Senate,2022-02-17,Senate Third Reading Passed - No Amendments,5
SB22-028,2022,RS,House,2022-02-17,"Introduced In House - Assigned to Agriculture, Livestock, & Water",6
SB22-028,2022,RS,House,2022-04-21,"House Committee on Agriculture, Livestock, & Water Refer Amended to Appropriations",7
SB22-028,2022,RS,House,2022-04-27,House Committee on Appropriations Refer Amended to House Committee of the Whole,8
SB22-028,2022,RS,House,2022-04-27,"House Second Reading Special Order - Passed with Amendments - Committee, Floor",9
SB22-028,2022,RS,House,2022-04-28,House Third Reading Laid Over Daily - No Amendments,10
SB22-028,2022,RS,House,2022-04-29,House Third Reading Passed - No Amendments,11
SB22-028,2022,RS,Senate,2022-05-02,Senate Considered House Amendments - Result was to Laid Over Daily,12
SB22-028,2022,RS,Senate,2022-05-04,Senate Considered House Amendments - Result was to Concur - Repass,13
SB22-028,2022,RS,Senate,2022-05-16,Signed by the President of the Senate,14
SB22-028,2022,RS,House,2022-05-16,Signed by the Speaker of the House,15
SB22-028,2022,RS,Governor,2022-05-16,Sent to the Governor,16
SB22-028,2022,RS,Governor,2022-05-23,Governor Signed,17
SB22-029,2022,RS,Senate,2022-01-12,Introduced In Senate - Assigned to Agriculture & Natural Resources,1
SB22-029,2022,RS,Senate,2022-04-21,Senate Committee on Agriculture & Natural Resources Lay Over Amended,2
SB22-030,2022,RS,Senate,2022-01-12,Introduced In Senate - Assigned to Agriculture & Natural Resources,1
SB22-030,2022,RS,Senate,2022-02-10,Senate Committee on Agriculture & Natural Resources Refer Unamended - Consent Calendar to Senate Committee of the Whole,2
SB22-030,2022,RS,Senate,2022-02-15,Senate Second Reading Passed - No Amendments,3
SB22-030,2022,RS,Senate,2022-02-16,Senate Third Reading Laid Over Daily - No Amendments,4
SB22-030,2022,RS,Senate,2022-02-17,Senate Third Reading Passed - No Amendments,5
SB22-030,2022,RS,House,2022-02-17,"Introduced In House - Assigned to Agriculture, Livestock, & Water",6
SB22-030,2022,RS,House,2022-03-07,"House Committee on Agriculture, Livestock, & Water Refer Unamended to House Committee of the Whole",7
SB22-030,2022,RS,House,2022-03-10,House Second Reading Passed - No Amendments,8
SB22-030,2022,RS,House,2022-03-11,House Third Reading Passed - No Amendments,9
SB22-030,2022,RS,Senate,2022-03-16,Signed by the President of the Senate,10
SB22-030,2022,RS,House,2022-03-17,Signed by the Speaker of the House,11
SB22-030,2022,RS,Governor,2022-03-23,Sent to the Governor,12
SB22-030,2022,RS,Governor,2022-03-30,Governor Signed,13
SB22-031,2022,RS,Senate,2022-01-12,Introduced In Senate - Assigned to Agriculture & Natural Resources,1
SB22-031,2022,RS,Senate,2022-02-03,Senate Committee on Agriculture & Natural Resources Postpone Indefinitely,2
SB22-032,2022,RS,Senate,2022-01-12,"Introduced In Senate - Assigned to Business, Labor, & Technology",1
SB22-032,2022,RS,Senate,2022-01-26,"Senate Committee on Business, Labor, & Technology Refer Amended to Appropriations",2
SB22-032,2022,RS,Senate,2022-03-04,Senate Committee on Appropriations Refer Amended - Consent Calendar to Senate Committee of the Whole,3
SB22-032,2022,RS,Senate,2022-03-04,Senate Second Reading Special Order - Passed with Amendments - Committee,4
SB22-032,2022,RS,Senate,2022-03-07,Senate Third Reading Passed - No Amendments,5
SB22-032,2022,RS,House,2022-03-07,Introduced In House - Assigned to Business Affairs & Labor,6
SB22-032,2022,RS,House,2022-03-17,House Committee on Business Affairs & Labor Refer Unamended to Appropriations,7
SB22-032,2022,RS,House,2022-04-01,House Committee on Appropriations Refer Unamended to House Committee of the Whole,8
SB22-032,2022,RS,House,2022-04-01,House Second Reading Special Order - Passed - No Amendments,9
SB22-032,2022,RS,House,2022-04-04,House Third Reading Passed - No Amendments,10
SB22-032,2022,RS,Senate,2022-04-14,Signed by the President of the Senate,11
SB22-032,2022,RS,House,2022-04-14,Signed by the Speaker of the House,12
SB22-032,2022,RS,Governor,2022-04-14,Sent to the Governor,13
SB22-032,2022,RS,Governor,2022-04-21,Governor Signed,14
SB22-033,2022,RS,Senate,2022-01-12,"Introduced In Senate - Assigned to Business, Labor, & Technology",1
SB22-033,2022,RS,Senate,2022-02-07,"Senate Committee on Business, Labor, & Technology Postpone Indefinitely",2
SB22-034,2022,RS,Senate,2022-01-12,"Introduced In Senate - Assigned to Business, Labor, & Technology",1
SB22-034,2022,RS,Senate,2022-02-07,"Senate Committee on Business, Labor, & Technology Refer Amended to Appropriations",2
SB22-034,2022,RS,Senate,2022-02-15,Senate Committee on Appropriations Refer Unamended - Consent Calendar to Senate Committee of the Whole,3
SB22-034,2022,RS,Senate,2022-02-16,Senate Second Reading Special Order - Passed with Amendments - Committee,4
SB22-034,2022,RS,Senate,2022-02-17,Senate Third Reading Passed - No Amendments,5
SB22-034,2022,RS,House,2022-02-17,Introduced In House - Assigned to Business Affairs & Labor,6
SB22-034,2022,RS,House,2022-02-24,House Committee on Business Affairs & Labor Refer Unamended to Appropriations,7
SB22-034,2022,RS,House,2022-03-15,House Committee on Appropriations Refer Unamended to House Committee of the Whole,8
SB22-034,2022,RS,House,2022-03-16,House Second Reading Special Order - Laid Over to 03/21/2022 - No Amendments,9
SB22-034,2022,RS,House,2022-03-21,House Second Reading Laid Over to 03/25/2022 - No Amendments,10
SB22-034,2022,RS,House,2022-03-25,House Second Reading Passed with Amendments - Floor,11
SB22-034,2022,RS,House,2022-03-28,House Third Reading Laid Over Daily - No Amendments,12
SB22-034,2022,RS,House,2022-03-29,House Third Reading Re-referred to House Committee of the Whole - No Amendments,13
SB22-034,2022,RS,House,2022-03-30,House Second Reading Laid Over Daily - No Amendments,14
SB22-034,2022,RS,House,2022-03-31,House Second Reading Laid Over to 04/06/2022 - No Amendments,15
SB22-034,2022,RS,House,2022-04-07,House Second Reading Special Order - Passed with Amendments - Floor,16
SB22-034,2022,RS,House,2022-04-08,House Third Reading Passed - No Amendments,17
SB22-034,2022,RS,Senate,2022-04-11,Senate Considered House Amendments - Result was to Laid Over Daily,18
SB22-034,2022,RS,Senate,2022-04-12,Senate Considered House Amendments - Result was to Not Concur - Request Conference Committee,19
SB22-034,2022,RS,ConfComm,2022-04-21,First Conference Committee Result was to Adopt Rerevised w/ Amendments,20
SB22-034,2022,RS,House,2022-04-22,House Consideration of First Conference Committee Report result was to Adopt Committee Report - Repass,21
SB22-034,2022,RS,Senate,2022-04-25,Senate Consideration of First Conference Committee Report result was to Adopt Committee Report - Repass,22
SB22-034,2022,RS,Senate,2022-05-06,Signed by the President of the Senate,23
SB22-034,2022,RS,House,2022-05-06,Signed by the Speaker of the House,24
SB22-034,2022,RS,Governor,2022-05-09,Sent to the Governor,25
SB22-034,2022,RS,Governor,2022-06-02,Governor Signed,26
SB22-035,2022,RS,Senate,2022-01-12,"Introduced In Senate - Assigned to Business, Labor, & Technology",1
SB22-035,2022,RS,Senate,2022-04-13,"Senate Committee on Business, Labor, & Technology Refer Amended to Senate Committee of the Whole",2
SB22-035,2022,RS,Senate,2022-04-19,Senate Second Reading Passed with Amendments - Committee,3
SB22-035,2022,RS,Senate,2022-04-20,Senate Third Reading Passed - No Amendments,4
SB22-035,2022,RS,House,2022-04-20,Introduced In House - Assigned to Business Affairs & Labor,5
SB22-035,2022,RS,House,2022-04-27,House Committee on Business Affairs & Labor Refer Unamended to House Committee of the Whole,6
SB22-035,2022,RS,House,2022-04-28,House Second Reading Special Order - Passed - No Amendments,7
SB22-035,2022,RS,House,2022-04-29,House Third Reading Passed - No Amendments,8
SB22-035,2022,RS,Senate,2022-05-06,Signed by the President of the Senate,9
SB22-035,2022,RS,House,2022-05-06,Signed by the Speaker of the House,10
SB22-035,2022,RS,Governor,2022-05-09,Sent to the Governor,11
SB22-035,2022,RS,Governor,2022-05-17,Governor Signed,12
SB22-036,2022,RS,Senate,2022-01-12,"Introduced In Senate - Assigned to Business, Labor, & Technology",1
SB22-036,2022,RS,Senate,2022-02-07,"Senate Committee on Business, Labor, & Technology Refer Unamended to Appropriations",2
SB22-036,2022,RS,Senate,2022-03-18,Senate Committee on Appropriations Refer Amended - Consent Calendar to Senate Committee of the Whole,3
SB22-036,2022,RS,Senate,2022-03-22,Senate Second Reading Passed with Amendments - Committee,4
SB22-036,2022,RS,Senate,2022-03-23,Senate Third Reading Passed - No Amendments,5
SB22-036,2022,RS,House,2022-03-23,Introduced In House - Assigned to Finance,6
SB22-036,2022,RS,House,2022-04-11,House Committee on Finance Refer Unamended to Appropriations,7
SB22-036,2022,RS,House,2022-05-09,House Committee on Appropriations Refer Amended to House Committee of the Whole,8
SB22-036,2022,RS,House,2022-05-09,House Second Reading Special Order - Laid Over Daily - No Amendments,9
SB22-036,2022,RS,House,2022-05-10,House Second Reading Special Order - Passed with Amendments - Committee,10
SB22-036,2022,RS,House,2022-05-11,House Third Reading Passed with Amendments - Floor,11
SB22-036,2022,RS,Senate,2022-05-11,Senate Considered House Amendments - Result was to Concur - Repass,12
SB22-036,2022,RS,Senate,2022-05-18,Signed by the President of the Senate,13
SB22-036,2022,RS,House,2022-05-18,Signed by the Speaker of the House,14
SB22-036,2022,RS,Governor,2022-05-18,Sent to the Governor,15
SB22-036,2022,RS,Governor,2022-05-27,Governor Signed,16
SB22-037,2022,RS,Senate,2022-01-12,Introduced In Senate - Assigned to Education,1
SB22-037,2022,RS,Senate,2022-02-03,Senate Committee on Education Refer Unamended - Consent Calendar to Senate Committee of the Whole,2
SB22-037,2022,RS,Senate,2022-02-08,Senate Second Reading Passed - No Amendments,3
SB22-037,2022,RS,Senate,2022-02-09,Senate Third Reading Passed - No Amendments,4
SB22-037,2022,RS,House,2022-02-10,Introduced In House - Assigned to Public & Behavioral Health & Human Services,5
SB22-037,2022,RS,House,2022-02-25,House Committee on Public & Behavioral Health & Human Services Refer Unamended to House Committee of the Whole,6
SB22-037,2022,RS,House,2022-03-02,House Second Reading Passed - No Amendments,7
SB22-037,2022,RS,House,2022-03-03,House Third Reading Passed - No Amendments,8
SB22-037,2022,RS,Senate,2022-03-08,Signed by the President of the Senate,9
SB22-037,2022,RS,House,2022-03-08,Signed by the Speaker of the House,10
SB22-037,2022,RS,Governor,2022-03-09,Sent to the Governor,11
SB22-037,2022,RS,Governor,2022-03-17,Governor Signed,12
SB22-038,2022,RS,Senate,2022-01-14,"Introduced In Senate - Assigned to State, Veterans, & Military Affairs",1
SB22-038,2022,RS,Senate,2022-02-01,"Senate Committee on State, Veterans, & Military Affairs Postpone Indefinitely",2
SB22-039,2022,RS,Senate,2022-01-14,Introduced In Senate - Assigned to Education,1
SB22-039,2022,RS,Senate,2022-02-24,Senate Committee on Education Postpone Indefinitely,2
SB22-040,2022,RS,Senate,2022-01-14,Introduced In Senate - Assigned to Finance,1
SB22-040,2022,RS,Senate,2022-02-23,Senate Committee on Finance Refer Amended to Appropriations,2
SB22-040,2022,RS,Senate,2022-05-02,Senate Committee on Appropriations Refer Amended to Senate Committee of the Whole,3
SB22-040,2022,RS,Senate,2022-05-02,"Senate Second Reading Special Order - Passed with Amendments - Committee, Floor",4
SB22-040,2022,RS,Senate,2022-05-03,Senate Third Reading Passed - No Amendments,5
SB22-040,2022,RS,House,2022-05-03,Introduced In House - Assigned to Health & Insurance,6
SB22-040,2022,RS,House,2022-05-04,House Committee on Health & Insurance Refer Unamended to Appropriations,7
SB22-040,2022,RS,House,2022-05-09,House Committee on Appropriations Refer Unamended to House Committee of the Whole,8
SB22-040,2022,RS,House,2022-05-09,House Second Reading Special Order - Passed - No Amendments,9
SB22-040,2022,RS,House,2022-05-10,House Third Reading Passed - No Amendments,10
SB22-040,2022,RS,Senate,2022-05-18,Signed by the President of the Senate,11
SB22-040,2022,RS,House,2022-05-18,Signed by the Speaker of the House,12
SB22-040,2022,RS,Governor,2022-05-18,Sent to the Governor,13
SB22-040,2022,RS,Governor,2022-06-08,Governor Signed,14
SB22-041,2022,RS,Senate,2022-01-14,Introduced In Senate - Assigned to Judiciary,1
SB22-041,2022,RS,Senate,2022-03-02,Senate Committee on Judiciary Postpone Indefinitely,2
SB22-042,2022,RS,Senate,2022-01-14,"Introduced In Senate - Assigned to State, Veterans, & Military Affairs",1
SB22-042,2022,RS,Senate,2022-02-01,"Senate Committee on State, Veterans, & Military Affairs Witness Testimony and/or Committee Discussion Only",2
SB22-042,2022,RS,Senate,2022-02-17,"Senate Committee on State, Veterans, & Military Affairs Refer Amended - Consent Calendar to Senate Committee of the Whole",3
SB22-042,2022,RS,Senate,2022-02-23,Senate Second Reading Passed with Amendments - Committee,4
SB22-042,2022,RS,Senate,2022-02-24,Senate Third Reading Passed - No Amendments,5
SB22-042,2022,RS,House,2022-02-24,"Introduced In House - Assigned to Agriculture, Livestock, & Water",6
SB22-042,2022,RS,House,2022-03-07,"House Committee on Agriculture, Livestock, & Water Refer Unamended to House Committee of the Whole",7
SB22-042,2022,RS,House,2022-03-10,House Second Reading Passed - No Amendments,8
SB22-042,2022,RS,House,2022-03-11,House Third Reading Passed - No Amendments,9
SB22-042,2022,RS,Senate,2022-03-18,Signed by the President of the Senate,10
SB22-042,2022,RS,House,2022-03-18,Signed by the Speaker of the House,11
SB22-042,2022,RS,Governor,2022-03-18,Sent to the Governor,12
SB22-042,2022,RS,Governor,2022-03-24,Governor Signed,13
SB22-043,2022,RS,Senate,2022-01-14,Introduced In Senate - Assigned to Judiciary,1
SB22-043,2022,RS,Senate,2022-02-24,Senate Committee on Judiciary Refer Amended to Appropriations,2
SB22-043,2022,RS,Senate,2022-05-04,Senate Committee on Appropriations Refer Amended - Consent Calendar to Senate Committee of the Whole,3
SB22-043,2022,RS,Senate,2022-05-04,Senate Second Reading Special Order - Passed with Amendments - Committee,4
SB22-043,2022,RS,Senate,2022-05-05,Senate Third Reading Passed - No Amendments,5
SB22-043,2022,RS,House,2022-05-05,Introduced In House - Assigned to Business Affairs & Labor,6
SB22-043,2022,RS,House,2022-05-05,House Committee on Business Affairs & Labor Refer Unamended to Appropriations,7
SB22-043,2022,RS,House,2022-05-06,House Committee on Appropriations Refer Amended to House Committee of the Whole,8
SB22-043,2022,RS,House,2022-05-06,House Second Reading Special Order - Passed with Amendments - Committee,9
SB22-043,2022,RS,House,2022-05-09,House Third Reading Laid Over Daily - No Amendments,10
SB22-043,2022,RS,House,2022-05-10,House Third Reading Passed - No Amendments,11
SB22-043,2022,RS,Senate,2022-05-10,Senate Considered House Amendments - Result was to Concur - Repass,12
SB22-043,2022,RS,Senate,2022-05-17,Signed by the President of the Senate,13
SB22-043,2022,RS,Governor,2022-05-17,Sent to the Governor,14
SB22-043,2022,RS,House,2022-05-17,Signed by the Speaker of the House,15
SB22-043,2022,RS,Governor,2022-05-27,Governor Signed,16
SB22-044,2022,RS,Senate,2022-01-14,Introduced In Senate - Assigned to Education,1
SB22-044,2022,RS,Senate,2022-03-10,Senate Committee on Education Postpone Indefinitely,2
SB22-045,2022,RS,Senate,2022-01-18,"Introduced In Senate - Assigned to Business, Labor, & Technology",1
SB22-045,2022,RS,Senate,2022-02-09,"Senate Committee on Business, Labor, & Technology Refer Unamended to Senate Committee of the Whole",2
SB22-045,2022,RS,Senate,2022-02-11,Senate Second Reading Passed - No Amendments,3
SB22-045,2022,RS,Senate,2022-02-14,Senate Third Reading Passed - No Amendments,4
SB22-045,2022,RS,House,2022-02-14,Introduced In House - Assigned to Business Affairs & Labor,5
SB22-045,2022,RS,House,2022-03-02,House Committee on Business Affairs & Labor Refer Unamended to House Committee of the Whole,6
SB22-045,2022,RS,House,2022-03-04,House Second Reading Special Order - Passed - No Amendments,7
SB22-045,2022,RS,House,2022-03-07,House Third Reading Passed - No Amendments,8
SB22-045,2022,RS,Senate,2022-03-09,Signed by the President of the Senate,9
SB22-045,2022,RS,House,2022-03-11,Signed by the Speaker of the House,10
SB22-045,2022,RS,Governor,2022-03-11,Sent to the Governor,11
SB22-045,2022,RS,Governor,2022-03-17,Governor Signed,12
SB22-046,2022,RS,Senate,2022-01-18,"Introduced In Senate - Assigned to State, Veterans, & Military Affairs",1
SB22-046,2022,RS,Senate,2022-02-01,"Senate Committee on State, Veterans, & Military Affairs Postpone Indefinitely",2
SB22-047,2022,RS,Senate,2022-01-18,"Introduced In Senate - Assigned to State, Veterans, & Military Affairs",1
SB22-047,2022,RS,Senate,2022-02-01,"Senate Committee on State, Veterans, & Military Affairs Postpone Indefinitely",2
SB22-048,2022,RS,Senate,2022-01-18,"Introduced In Senate - Assigned to State, Veterans, & Military Affairs",1
SB22-048,2022,RS,Senate,2022-02-15,"Senate Committee on State, Veterans, & Military Affairs Postpone Indefinitely",2
SB22-049,2022,RS,Senate,2022-01-18,Introduced In Senate - Assigned to Judiciary,1
SB22-049,2022,RS,Senate,2022-02-09,Senate Committee on Judiciary Lay Over Unamended - Amendment(s) Failed,2
SB22-049,2022,RS,Senate,2022-02-10,Senate Committee on Judiciary Refer Amended to Senate Committee of the Whole,3
SB22-049,2022,RS,Senate,2022-02-18,Senate Second Reading Passed with Amendments - Committee,4
SB22-049,2022,RS,Senate,2022-02-22,Senate Third Reading Passed - No Amendments,5
SB22-049,2022,RS,House,2022-02-22,Introduced In House - Assigned to Judiciary,6
SB22-049,2022,RS,House,2022-04-13,House Committee on Judiciary Refer Amended to House Committee of the Whole,7
SB22-049,2022,RS,House,2022-04-14,House Second Reading Special Order - Passed with Amendments - Committee,8
SB22-049,2022,RS,House,2022-04-18,House Third Reading Passed - No Amendments,9
SB22-049,2022,RS,Senate,2022-04-19,Senate Considered House Amendments - Result was to Laid Over Daily,10
SB22-049,2022,RS,Senate,2022-04-20,Senate Considered House Amendments - Result was to Concur - Repass,11
SB22-049,2022,RS,Senate,2022-04-28,Signed by the President of the Senate,12
SB22-049,2022,RS,House,2022-04-28,Signed by the Speaker of the House,13
SB22-049,2022,RS,Governor,2022-04-28,Sent to the Governor,14
SB22-049,2022,RS,Governor,2022-05-06,Governor Signed,15
SB22-050,2022,RS,Senate,2022-01-18,Introduced In Senate - Assigned to Judiciary,1
SB22-050,2022,RS,Senate,2022-02-16,Senate Committee on Judiciary Refer Amended - Consent Calendar to Senate Committee of the Whole,2
SB22-050,2022,RS,Senate,2022-02-22,Senate Second Reading Passed with Amendments - Committee,3
SB22-050,2022,RS,Senate,2022-02-23,Senate Third Reading Passed - No Amendments,4
SB22-050,2022,RS,House,2022-02-23,Introduced In House - Assigned to Judiciary,5
SB22-050,2022,RS,House,2022-03-09,House Committee on Judiciary Refer Unamended to House Committee of the Whole,6
SB22-050,2022,RS,House,2022-03-12,House Second Reading Special Order - Passed with Amendments - Floor,7
SB22-050,2022,RS,House,2022-03-14,House Third Reading Passed - No Amendments,8
SB22-050,2022,RS,Senate,2022-03-15,Senate Considered House Amendments - Result was to Concur - Repass,9
SB22-050,2022,RS,Senate,2022-03-21,Signed by the President of the Senate,10
SB22-050,2022,RS,House,2022-03-23,Signed by the Speaker of the House,11
SB22-050,2022,RS,Governor,2022-03-23,Sent to the Governor,12
SB22-050,2022,RS,Governor,2022-03-30,Governor Signed,13
SB22-051,2022,RS,Senate,2022-01-18,Introduced In Senate - Assigned to Transportation & Energy,1
SB22-051,2022,RS,Senate,2022-02-08,Senate Committee on Transportation & Energy Refer Amended to Finance,2
SB22-051,2022,RS,Senate,2022-03-02,Senate Committee on Finance Refer Amended to Appropriations,3
SB22-051,2022,RS,Senate,2022-04-01,Senate Committee on Appropriations Refer Amended to Senate Committee of the Whole,4
SB22-051,2022,RS,Senate,2022-04-05,"Senate Second Reading Passed with Amendments - Committee, Floor",5
SB22-051,2022,RS,Senate,2022-04-06,Senate Third Reading Passed - No Amendments,6
SB22-051,2022,RS,House,2022-04-06,Introduced In House - Assigned to Energy & Environment,7
SB22-051,2022,RS,House,2022-04-21,House Committee on Energy & Environment Refer Amended to Finance,8
SB22-051,2022,RS,House,2022-05-02,House Committee on Finance Refer Amended to Appropriations,9
SB22-051,2022,RS,House,2022-05-04,House Committee on Appropriations Refer Amended to House Committee of the Whole,10
SB22-051,2022,RS,House,2022-05-05,House Second Reading Special Order - Passed with Amendments - Committee,11
SB22-051,2022,RS,House,2022-05-06,House Third Reading Laid Over Daily - No Amendments,12
SB22-051,2022,RS,House,2022-05-10,House Third Reading Passed - No Amendments,13
SB22-051,2022,RS,Senate,2022-05-10,Senate Considered House Amendments - Result was to Concur - Repass,14
SB22-051,2022,RS,Senate,2022-05-17,Signed by the President of the Senate,15
SB22-051,2022,RS,Governor,2022-05-17,Sent to the Governor,16
SB22-051,2022,RS,House,2022-05-17,Signed by the Speaker of the House,17
SB22-051,2022,RS,Governor,2022-06-02,Governor Signed,18
SB22-052,2022,RS,Senate,2022-01-18,Introduced In Senate - Assigned to Health & Human Services,1
SB22-052,2022,RS,Senate,2022-02-09,Senate Committee on Health & Human Services Refer Amended to Senate Committee of the Whole,2
SB22-052,2022,RS,Senate,2022-02-14,Senate Second Reading Passed with Amendments - Committee,3
SB22-052,2022,RS,Senate,2022-02-15,Senate Third Reading Passed - No Amendments,4
SB22-052,2022,RS,House,2022-02-16,Introduced In House - Assigned to Public & Behavioral Health & Human Services,5
SB22-052,2022,RS,House,2022-03-04,House Committee on Public & Behavioral Health & Human Services Refer Amended to House Committee of the Whole,6
SB22-052,2022,RS,House,2022-03-08,House Second Reading Special Order - Passed with Amendments - Committee,7
SB22-052,2022,RS,House,2022-03-09,House Third Reading Passed - No Amendments,8
SB22-052,2022,RS,Senate,2022-03-10,Senate Considered House Amendments - Result was to Concur - Repass,9
SB22-052,2022,RS,Senate,2022-03-18,Signed by the President of the Senate,10
SB22-052,2022,RS,House,2022-03-18,Signed by the Speaker of the House,11
SB22-052,2022,RS,Governor,2022-03-18,Sent to the Governor,12
SB22-052,2022,RS,Governor,2022-03-24,Governor Signed,13
SB22-053,2022,RS,Senate,2022-01-18,"Introduced In Senate - Assigned to State, Veterans, & Military Affairs",1
SB22-053,2022,RS,Senate,2022-02-01,"Senate Committee on State, Veterans, & Military Affairs Witness Testimony and/or Committee Discussion Only",2
SB22-053,2022,RS,Senate,2022-02-24,"Senate Committee on State, Veterans, & Military Affairs Refer Amended to Appropriations",3
SB22-053,2022,RS,Senate,2022-03-18,Senate Committee on Appropriations Refer Amended to Senate Committee of the Whole,4
SB22-053,2022,RS,Senate,2022-03-22,Senate Second Reading Laid Over Daily - No Amendments,5
SB22-053,2022,RS,Senate,2022-03-25,Senate Second Reading Passed with Amendments - Committee,6
SB22-053,2022,RS,Senate,2022-03-28,Senate Third Reading Laid Over Daily - No Amendments,7
SB22-053,2022,RS,Senate,2022-03-29,Senate Third Reading Passed - No Amendments,8
SB22-053,2022,RS,House,2022-04-04,"Introduced In House - Assigned to State, Civic, Military, & Veterans Affairs",9
SB22-053,2022,RS,House,2022-05-10,"House Committee on State, Civic, Military, & Veterans Affairs Refer Amended to Appropriations",10
SB22-053,2022,RS,House,2022-05-10,House Committee on Appropriations Refer Unamended to House Committee of the Whole,11
SB22-053,2022,RS,House,2022-05-10,House Second Reading Special Order - Passed with Amendments - Committee,12
SB22-053,2022,RS,House,2022-05-11,House Third Reading Passed with Amendments - Floor,13
SB22-053,2022,RS,Senate,2022-05-11,Senate Considered House Amendments - Result was to Concur - Repass,14
SB22-053,2022,RS,Senate,2022-05-20,Signed by the President of the Senate,15
SB22-053,2022,RS,House,2022-05-20,Signed by the Speaker of the House,16
SB22-053,2022,RS,Governor,2022-05-20,Sent to the Governor,17
SB22-053,2022,RS,Governor,2022-06-08,Governor Signed,18
SB22-054,2022,RS,Senate,2022-01-18,Introduced In Senate - Assigned to Education,1
SB22-054,2022,RS,Senate,2022-02-10,Senate Committee on Education Refer Unamended to Senate Committee of the Whole,2
SB22-054,2022,RS,Senate,2022-02-15,Senate Second Reading Passed - No Amendments,3
SB22-054,2022,RS,Senate,2022-02-16,Senate Third Reading Laid Over Daily - No Amendments,4
SB22-054,2022,RS,Senate,2022-02-17,Senate Third Reading Passed - No Amendments,5
SB22-054,2022,RS,House,2022-02-17,Introduced In House - Assigned to Education,6
SB22-054,2022,RS,House,2022-03-09,House Committee on Education Refer Unamended to House Committee of the Whole,7
SB22-054,2022,RS,House,2022-03-11,House Second Reading Passed - No Amendments,8
SB22-054,2022,RS,House,2022-03-14,House Third Reading Passed - No Amendments,9
SB22-054,2022,RS,Senate,2022-03-18,Signed by the President of the Senate,10
SB22-054,2022,RS,House,2022-03-18,Signed by the Speaker of the House,11
SB22-054,2022,RS,Governor,2022-03-18,Sent to the Governor,12
SB22-054,2022,RS,Governor,2022-03-24,Governor Signed,13
SB22-055,2022,RS,Senate,2022-01-18,Introduced In Senate - Assigned to Judiciary,1
SB22-055,2022,RS,Senate,2022-02-17,Senate Committee on Judiciary Refer Amended to Appropriations,2
SB22-055,2022,RS,Senate,2022-03-18,Senate Committee on Appropriations Refer Amended to Senate Committee of the Whole,3
SB22-055,2022,RS,Senate,2022-03-22,Senate Second Reading Laid Over Daily - No Amendments,4
SB22-055,2022,RS,Senate,2022-03-24,"Senate Second Reading Passed with Amendments - Committee, Floor",5
SB22-055,2022,RS,Senate,2022-03-25,Senate Third Reading Passed - No Amendments,6
SB22-055,2022,RS,House,2022-03-25,Introduced In House - Assigned to Judiciary,7
SB22-055,2022,RS,House,2022-04-05,House Committee on Judiciary Refer Unamended to Appropriations,8
SB22-055,2022,RS,House,2022-04-27,House Committee on Appropriations Refer Unamended to House Committee of the Whole,9
SB22-055,2022,RS,House,2022-04-27,House Second Reading Special Order - Passed - No Amendments,10
SB22-055,2022,RS,House,2022-04-28,House Third Reading Laid Over Daily - No Amendments,11
SB22-055,2022,RS,House,2022-04-29,House Third Reading Passed - No Amendments,12
SB22-055,2022,RS,Senate,2022-05-09,Signed by the President of the Senate,13
SB22-055,2022,RS,House,2022-05-10,Signed by the Speaker of the House,14
SB22-055,2022,RS,Governor,2022-05-10,Sent to the Governor,15
SB22-055,2022,RS,Governor,2022-06-08,Governor Signed,16
SB22-056,2022,RS,Senate,2022-01-18,Introduced In Senate - Assigned to Education,1
SB22-056,2022,RS,Senate,2022-02-09,Senate Committee on Education Refer Unamended - Consent Calendar to Senate Committee of the Whole,2
SB22-056,2022,RS,Senate,2022-02-11,Senate Second Reading Passed - No Amendments,3
SB22-056,2022,RS,Senate,2022-02-14,Senate Third Reading Passed - No Amendments,4
SB22-056,2022,RS,House,2022-02-14,Introduced In House - Assigned to Education,5
SB22-056,2022,RS,House,2022-03-02,House Committee on Education Refer Unamended to House Committee of the Whole,6
SB22-056,2022,RS,House,2022-03-07,House Second Reading Passed - No Amendments,7
SB22-056,2022,RS,House,2022-03-08,House Third Reading Passed - No Amendments,8
SB22-056,2022,RS,Senate,2022-03-11,Signed by the President of the Senate,9
SB22-056,2022,RS,House,2022-03-11,Signed by the Speaker of the House,10
SB22-056,2022,RS,Governor,2022-03-11,Sent to the Governor,11
SB22-056,2022,RS,Governor,2022-03-17,Governor Signed,12
SB22-057,2022,RS,Senate,2022-01-18,Introduced In Senate - Assigned to Judiciary,1
SB22-057,2022,RS,Senate,2022-02-16,Senate Committee on Judiciary Refer Amended to Appropriations,2
SB22-057,2022,RS,Senate,2022-03-18,Senate Committee on Appropriations Refer Amended to Senate Committee of the Whole,3
SB22-057,2022,RS,Senate,2022-03-22,Senate Second Reading Laid Over Daily - No Amendments,4
SB22-057,2022,RS,Senate,2022-03-24,Senate Second Reading Passed with Amendments - Committee,5
SB22-057,2022,RS,Senate,2022-03-25,Senate Third Reading Passed - No Amendments,6
SB22-057,2022,RS,House,2022-03-25,Introduced In House - Assigned to Judiciary,7
SB22-057,2022,RS,House,2022-04-05,House Committee on Judiciary Refer Unamended to Appropriations,8
SB22-057,2022,RS,House,2022-04-27,House Committee on Appropriations Refer Unamended to House Committee of the Whole,9
SB22-057,2022,RS,House,2022-04-27,House Second Reading Special Order - Passed - No Amendments,10
SB22-057,2022,RS,House,2022-04-28,House Third Reading Laid Over Daily - No Amendments,11
SB22-057,2022,RS,House,2022-04-29,House Third Reading Passed - No Amendments,12
SB22-057,2022,RS,Senate,2022-05-09,Signed by the President of the Senate,13
SB22-057,2022,RS,House,2022-05-10,Signed by the Speaker of the House,14
SB22-057,2022,RS,Governor,2022-05-10,Sent to the Governor,15
SB22-057,2022,RS,Governor,2022-05-31,Governor Signed,16
SB22-058,2022,RS,Senate,2022-01-18,Introduced In Senate - Assigned to Health & Human Services,1
SB22-058,2022,RS,Senate,2022-02-09,Senate Committee on Health & Human Services Refer Amended to Senate Committee of the Whole,2
SB22-058,2022,RS,Senate,2022-02-14,Senate Second Reading Passed with Amendments - Committee,3
SB22-058,2022,RS,Senate,2022-02-15,Senate Third Reading Passed - No Amendments,4
SB22-058,2022,RS,House,2022-02-16,Introduced In House - Assigned to Health & Insurance,5
SB22-058,2022,RS,House,2022-04-19,House Committee on Health & Insurance Refer Unamended to House Committee of the Whole,6
SB22-058,2022,RS,House,2022-04-20,House Second Reading Special Order - Passed - No Amendments,7
SB22-058,2022,RS,House,2022-04-21,House Third Reading Laid Over Daily - No Amendments,8
SB22-058,2022,RS,House,2022-04-26,House Third Reading Passed - No Amendments,9
SB22-058,2022,RS,Senate,2022-05-06,Signed by the President of the Senate,10
SB22-058,2022,RS,House,2022-05-06,Signed by the Speaker of the House,11
SB22-058,2022,RS,Governor,2022-05-09,Sent to the Governor,12
SB22-058,2022,RS,Governor,2022-06-08,Governor Signed,13
SB22-059,2022,RS,Senate,2022-01-18,Introduced In Senate - Assigned to Local Government,1
SB22-059,2022,RS,Senate,2022-02-15,Senate Committee on Local Government Refer Amended to Senate Committee of the Whole,2
SB22-059,2022,RS,Senate,2022-02-18,Senate Second Reading Passed with Amendments - Committee,3
SB22-059,2022,RS,Senate,2022-02-22,Senate Third Reading Passed - No Amendments,4
SB22-059,2022,RS,House,2022-02-22,Introduced In House - Assigned to Transportation & Local Government,5
SB22-059,2022,RS,House,2022-03-02,House Committee on Transportation & Local Government Refer Unamended to House Committee of the Whole,6
SB22-059,2022,RS,House,2022-03-04,House Second Reading Special Order - Passed - No Amendments,7
SB22-059,2022,RS,House,2022-03-07,House Third Reading Passed - No Amendments,8
SB22-059,2022,RS,Senate,2022-03-09,Signed by the President of the Senate,9
SB22-059,2022,RS,House,2022-03-11,Signed by the Speaker of the House,10
SB22-059,2022,RS,Governor,2022-03-11,Sent to the Governor,11
SB22-059,2022,RS,Governor,2022-03-21,Governor Signed,12
SB22-060,2022,RS,Senate,2022-01-18,Introduced In Senate - Assigned to Local Government,1
SB22-060,2022,RS,Senate,2022-02-08,Senate Committee on Local Government Witness Testimony and/or Committee Discussion Only,2
SB22-060,2022,RS,Senate,2022-02-15,Senate Committee on Local Government Postpone Indefinitely,3
SB22-061,2022,RS,Senate,2022-01-18,"Introduced In Senate - Assigned to State, Veterans, & Military Affairs",1
SB22-061,2022,RS,Senate,2022-02-01,"Senate Committee on State, Veterans, & Military Affairs Postpone Indefinitely",2
SB22-062,2022,RS,Senate,2022-01-18,Introduced In Senate - Assigned to Judiciary,1
SB22-062,2022,RS,Senate,2022-02-03,Senate Committee on Judiciary Refer Amended - Consent Calendar to Senate Committee of the Whole,2
SB22-062,2022,RS,Senate,2022-02-08,Senate Second Reading Passed with Amendments - Committee,3
SB22-062,2022,RS,Senate,2022-02-09,Senate Third Reading Passed - No Amendments,4
SB22-062,2022,RS,House,2022-02-10,Introduced In House - Assigned to Judiciary,5
SB22-062,2022,RS,House,2022-02-16,House Committee on Judiciary Refer Unamended to House Committee of the Whole,6
SB22-062,2022,RS,House,2022-02-18,House Second Reading Special Order - Passed - No Amendments,7
SB22-062,2022,RS,House,2022-02-22,House Third Reading Passed - No Amendments,8
SB22-062,2022,RS,Senate,2022-02-28,Signed by the President of the Senate,9
SB22-062,2022,RS,House,2022-03-01,Signed by the Speaker of the House,10
SB22-062,2022,RS,Governor,2022-03-01,Sent to the Governor,11
SB22-062,2022,RS,Governor,2022-03-07,Governor Signed,12
SB22-063,2022,RS,Senate,2022-01-18,"Introduced In Senate - Assigned to State, Veterans, & Military Affairs",1
SB22-063,2022,RS,Senate,2022-02-08,"Senate Committee on State, Veterans, & Military Affairs Witness Testimony and/or Committee Discussion Only",2
SB22-063,2022,RS,Senate,2022-03-01,"Senate Committee on State, Veterans, & Military Affairs Postpone Indefinitely",3
SB22-064,2022,RS,Senate,2022-01-18,Introduced In Senate - Assigned to Education,1
SB22-064,2022,RS,Senate,2022-02-09,Senate Committee on Education Refer Amended to Senate Committee of the Whole,2
SB22-064,2022,RS,Senate,2022-02-11,"Senate Second Reading Passed with Amendments - Committee, Floor",3
SB22-064,2022,RS,Senate,2022-02-14,Senate Third Reading Passed - No Amendments,4
SB22-064,2022,RS,House,2022-02-14,Introduced In House - Assigned to Public & Behavioral Health & Human Services,5
SB22-064,2022,RS,House,2022-02-25,House Committee on Public & Behavioral Health & Human Services Refer Amended to House Committee of the Whole,6
SB22-064,2022,RS,House,2022-03-02,House Second Reading Passed with Amendments - Committee,7
SB22-064,2022,RS,House,2022-03-03,House Third Reading Passed - No Amendments,8
SB22-064,2022,RS,Senate,2022-03-04,Senate Considered House Amendments - Result was to Concur - Repass,9
SB22-064,2022,RS,Senate,2022-03-11,Signed by the President of the Senate,10
SB22-064,2022,RS,House,2022-03-11,Signed by the Speaker of the House,11
SB22-064,2022,RS,Governor,2022-03-11,Sent to the Governor,12
SB22-064,2022,RS,Governor,2022-03-17,Governor Signed,13
SB22-065,2022,RS,Senate,2022-01-18,Introduced In Senate - Assigned to Local Government,1
SB22-065,2022,RS,Senate,2022-02-15,Senate Committee on Local Government Refer Amended to Senate Committee of the Whole,2
SB22-065,2022,RS,Senate,2022-02-18,Senate Second Reading Passed with Amendments - Committee,3
SB22-065,2022,RS,Senate,2022-02-22,Senate Third Reading Passed - No Amendments,4
SB22-065,2022,RS,House,2022-02-22,Introduced In House - Assigned to Transportation & Local Government,5
SB22-065,2022,RS,House,2022-03-09,House Committee on Transportation & Local Government Refer Unamended to House Committee of the Whole,6
SB22-065,2022,RS,House,2022-03-12,House Second Reading Special Order - Passed - No Amendments,7
SB22-065,2022,RS,House,2022-03-14,House Third Reading Passed - No Amendments,8
SB22-065,2022,RS,Senate,2022-03-18,Signed by the President of the Senate,9
SB22-065,2022,RS,House,2022-03-18,Signed by the Speaker of the House,10
SB22-065,2022,RS,Governor,2022-03-18,Sent to the Governor,11
SB22-065,2022,RS,Governor,2022-03-24,Governor Signed,12
SB22-066,2022,RS,Senate,2022-01-19,"Introduced In Senate - Assigned to State, Veterans, & Military Affairs",1
SB22-066,2022,RS,Senate,2022-05-03,"Senate Committee on State, Veterans, & Military Affairs Postpone Indefinitely",2
SB22-067,2022,RS,Senate,2022-01-19,Introduced In Senate - Assigned to Judiciary,1
SB22-067,2022,RS,Senate,2022-03-03,Senate Committee on Judiciary Lay Over Amended,2
SB22-067,2022,RS,Senate,2022-03-31,Senate Committee on Judiciary Refer Amended to Appropriations,3
SB22-067,2022,RS,Senate,2022-05-10,Senate Committee on Appropriations Postpone Indefinitely,4
SB22-068,2022,RS,Senate,2022-01-19,"Introduced In Senate - Assigned to Business, Labor, & Technology",1
SB22-068,2022,RS,Senate,2022-02-07,"Senate Committee on Business, Labor, & Technology Refer Amended to Appropriations",2
SB22-068,2022,RS,Senate,2022-03-11,Senate Committee on Appropriations Refer Amended to Senate Committee of the Whole,3
SB22-068,2022,RS,Senate,2022-03-11,"Senate Second Reading Special Order - Passed with Amendments - Committee, Floor",4
SB22-068,2022,RS,Senate,2022-03-14,Senate Third Reading Passed - No Amendments,5
SB22-068,2022,RS,House,2022-03-14,Introduced In House - Assigned to Health & Insurance,6
SB22-068,2022,RS,House,2022-05-02,House Committee on Health & Insurance Refer Unamended to Appropriations,7
SB22-068,2022,RS,House,2022-05-04,House Committee on Appropriations Refer Unamended to House Committee of the Whole,8
SB22-068,2022,RS,House,2022-05-04,House Second Reading Special Order - Passed - No Amendments,9
SB22-068,2022,RS,House,2022-05-06,House Third Reading Laid Over Daily - No Amendments,10
SB22-068,2022,RS,House,2022-05-10,House Third Reading Passed - No Amendments,11
SB22-068,2022,RS,Senate,2022-05-18,Signed by the President of the Senate,12
SB22-068,2022,RS,House,2022-05-18,Signed by the Speaker of the House,13
SB22-068,2022,RS,Governor,2022-05-18,Sent to the Governor,14
SB22-068,2022,RS,Governor,2022-05-27,Governor Signed,15
SB22-069,2022,RS,Senate,2022-01-19,Introduced In Senate - Assigned to Education,1
SB22-069,2022,RS,Senate,2022-04-28,Senate Committee on Education Refer Amended to Appropriations,2
SB22-069,2022,RS,Senate,2022-05-02,Senate Committee on Appropriations Refer Amended to Senate Committee of the Whole,3
SB22-069,2022,RS,Senate,2022-05-02,Senate Second Reading Special Order - Passed with Amendments - Committee,4
SB22-069,2022,RS,Senate,2022-05-03,Senate Third Reading Passed - No Amendments,5
SB22-069,2022,RS,House,2022-05-03,Introduced In House - Assigned to Education,6
SB22-069,2022,RS,House,2022-05-04,House Committee on Education Refer Unamended to Appropriations,7
SB22-069,2022,RS,House,2022-05-05,House Committee on Appropriations Refer Unamended to House Committee of the Whole,8
SB22-069,2022,RS,House,2022-05-05,House Second Reading Special Order - Passed - No Amendments,9
SB22-069,2022,RS,House,2022-05-06,House Third Reading Laid Over Daily - No Amendments,10
SB22-069,2022,RS,House,2022-05-10,House Third Reading Passed - No Amendments,11
SB22-069,2022,RS,Senate,2022-05-16,Signed by the President of the Senate,12
SB22-069,2022,RS,House,2022-05-16,Signed by the Speaker of the House,13
SB22-069,2022,RS,Governor,2022-05-16,Sent to the Governor,14
SB22-069,2022,RS,Governor,2022-05-31,Governor Signed,15
SB22-070,2022,RS,Senate,2022-01-19,Introduced In Senate - Assigned to Education,1
SB22-070,2022,RS,Senate,2022-02-10,Senate Committee on Education Refer Amended to Appropriations,2
SB22-070,2022,RS,Senate,2022-04-29,Senate Committee on Appropriations Refer Amended to Senate Committee of the Whole,3
SB22-070,2022,RS,Senate,2022-05-02,"Senate Second Reading Special Order - Passed with Amendments - Committee, Floor",4
SB22-070,2022,RS,Senate,2022-05-03,Senate Third Reading Passed with Amendments - Floor,5
SB22-070,2022,RS,House,2022-05-03,Introduced In House - Assigned to Education,6
SB22-070,2022,RS,House,2022-05-04,House Committee on Education Refer Unamended to Appropriations,7
SB22-070,2022,RS,House,2022-05-05,House Committee on Appropriations Refer Unamended to House Committee of the Whole,8
SB22-070,2022,RS,House,2022-05-05,House Second Reading Special Order - Passed - No Amendments,9
SB22-070,2022,RS,House,2022-05-06,House Third Reading Laid Over Daily - No Amendments,10
SB22-070,2022,RS,House,2022-05-10,House Third Reading Passed - No Amendments,11
SB22-070,2022,RS,Senate,2022-05-17,Signed by the President of the Senate,12
SB22-070,2022,RS,Governor,2022-05-17,Sent to the Governor,13
SB22-070,2022,RS,House,2022-05-17,Signed by the Speaker of the House,14
SB22-070,2022,RS,Governor,2022-05-24,Governor Signed,15
SB22-071,2022,RS,Senate,2022-01-19,Introduced In Senate - Assigned to Education,1
SB22-071,2022,RS,Senate,2022-02-17,Senate Committee on Education Postpone Indefinitely,2
SB22-072,2022,RS,Senate,2022-01-19,Introduced In Senate - Assigned to Local Government,1
SB22-072,2022,RS,Senate,2022-03-08,Senate Committee on Local Government Postpone Indefinitely,2
SB22-073,2022,RS,Senate,2022-01-19,"Introduced In Senate - Assigned to State, Veterans, & Military Affairs",1
SB22-073,2022,RS,Senate,2022-02-15,"Senate Committee on State, Veterans, & Military Affairs Witness Testimony and/or Committee Discussion Only",2
SB22-073,2022,RS,Senate,2022-02-17,"Senate Committee on State, Veterans, & Military Affairs Postpone Indefinitely",3
SB22-074,2022,RS,Senate,2022-01-19,Introduced In Senate - Assigned to Finance,1
SB22-074,2022,RS,Senate,2022-02-09,Senate Committee on Finance Postpone Indefinitely,2
SB22-075,2022,RS,Senate,2022-01-19,Introduced In Senate - Assigned to Local Government,1
SB22-075,2022,RS,Senate,2022-02-15,Senate Committee on Local Government Refer Unamended - Consent Calendar to Senate Committee of the Whole,2
SB22-075,2022,RS,Senate,2022-02-18,Senate Second Reading Passed - No Amendments,3
SB22-075,2022,RS,Senate,2022-02-22,Senate Third Reading Passed - No Amendments,4
SB22-075,2022,RS,House,2022-02-22,Introduced In House - Assigned to Transportation & Local Government,5
SB22-075,2022,RS,House,2022-03-09,House Committee on Transportation & Local Government Refer Unamended to House Committee of the Whole,6
SB22-075,2022,RS,House,2022-03-12,House Second Reading Special Order - Passed - No Amendments,7
SB22-075,2022,RS,House,2022-03-14,House Third Reading Passed - No Amendments,8
SB22-075,2022,RS,Senate,2022-03-18,Signed by the President of the Senate,9
SB22-075,2022,RS,House,2022-03-18,Signed by the Speaker of the House,10
SB22-075,2022,RS,Governor,2022-03-18,Sent to the Governor,11
SB22-075,2022,RS,Governor,2022-03-21,Governor Signed,12
SB22-076,2022,RS,Senate,2022-01-19,"Introduced In Senate - Assigned to State, Veterans, & Military Affairs",1
SB22-076,2022,RS,Senate,2022-02-08,"Senate Committee on State, Veterans, & Military Affairs Lay Over Amended",2
SB22-076,2022,RS,Senate,2022-02-17,"Senate Committee on State, Veterans, & Military Affairs Refer Amended to Senate Committee of the Whole",3
SB22-076,2022,RS,Senate,2022-02-23,"Senate Second Reading Passed with Amendments - Committee, Floor",4
SB22-076,2022,RS,Senate,2022-02-24,Senate Third Reading Passed - No Amendments,5
SB22-076,2022,RS,House,2022-02-25,"Introduced In House - Assigned to State, Civic, Military, & Veterans Affairs",6
SB22-076,2022,RS,House,2022-03-21,"House Committee on State, Civic, Military, & Veterans Affairs Refer Unamended to House Committee of the Whole",7
SB22-076,2022,RS,House,2022-03-23,House Second Reading Special Order - Passed - No Amendments,8
SB22-076,2022,RS,House,2022-03-24,House Third Reading Laid Over Daily - No Amendments,9
SB22-076,2022,RS,House,2022-03-25,House Third Reading Passed - No Amendments,10
SB22-076,2022,RS,Senate,2022-03-30,Signed by the President of the Senate,11
SB22-076,2022,RS,House,2022-04-01,Signed by the Speaker of the House,12
SB22-076,2022,RS,Governor,2022-04-01,Sent to the Governor,13
SB22-076,2022,RS,Governor,2022-04-07,Governor Signed,14
SB22-077,2022,RS,Senate,2022-01-19,Introduced In Senate - Assigned to Health & Human Services,1
SB22-077,2022,RS,Senate,2022-02-07,Senate Committee on Health & Human Services Refer Amended to Finance,2
SB22-077,2022,RS,Senate,2022-02-16,Senate Committee on Finance Refer Unamended to Appropriations,3
SB22-077,2022,RS,Senate,2022-03-04,Senate Committee on Appropriations Refer Amended - Consent Calendar to Senate Committee of the Whole,4
SB22-077,2022,RS,Senate,2022-03-04,Senate Second Reading Special Order - Passed with Amendments - Committee,5
SB22-077,2022,RS,Senate,2022-03-07,Senate Third Reading Passed - No Amendments,6
SB22-077,2022,RS,House,2022-03-07,Introduced In House - Assigned to Public & Behavioral Health & Human Services,7
SB22-077,2022,RS,House,2022-03-18,House Committee on Public & Behavioral Health & Human Services Refer Unamended to Finance,8
SB22-077,2022,RS,House,2022-03-31,House Committee on Finance Refer Unamended to Appropriations,9
SB22-077,2022,RS,House,2022-05-09,House Committee on Appropriations Refer Unamended to House Committee of the Whole,10
SB22-077,2022,RS,House,2022-05-09,House Second Reading Special Order - Laid Over Daily - No Amendments,11
SB22-077,2022,RS,House,2022-05-10,House Second Reading Special Order - Passed - No Amendments,12
SB22-077,2022,RS,House,2022-05-11,House Third Reading Passed - No Amendments,13
SB22-077,2022,RS,Senate,2022-05-25,Signed by the President of the Senate,14
SB22-077,2022,RS,House,2022-05-25,Signed by the Speaker of the House,15
SB22-077,2022,RS,Governor,2022-05-25,Sent to the Governor,16
SB22-077,2022,RS,Governor,2022-06-08,Governor Signed,17
SB22-078,2022,RS,Senate,2022-01-19,Introduced In Senate - Assigned to Health & Human Services,1
SB22-078,2022,RS,Senate,2022-02-07,Senate Committee on Health & Human Services Refer Amended to Appropriations,2
SB22-078,2022,RS,Senate,2022-02-15,Senate Committee on Appropriations Refer Unamended - Consent Calendar to Senate Committee of the Whole,3
SB22-078,2022,RS,Senate,2022-02-17,"Senate Second Reading Passed with Amendments - Committee, Floor",4
SB22-078,2022,RS,Senate,2022-02-18,Senate Third Reading Laid Over Daily - No Amendments,5
SB22-078,2022,RS,Senate,2022-02-22,Senate Third Reading Laid Over to 02/24/2022 - No Amendments,6
SB22-078,2022,RS,Senate,2022-02-24,Senate Third Reading Passed - No Amendments,7
SB22-078,2022,RS,House,2022-02-24,Introduced In House - Assigned to Health & Insurance,8
SB22-078,2022,RS,House,2022-05-02,House Committee on Health & Insurance Refer Amended to Appropriations,9
SB22-078,2022,RS,House,2022-05-09,House Committee on Appropriations Refer Unamended to House Committee of the Whole,10
SB22-078,2022,RS,House,2022-05-09,House Second Reading Special Order - Laid Over Daily - No Amendments,11
SB22-079,2022,RS,Senate,2022-01-19,Introduced In Senate - Assigned to Health & Human Services,1
SB22-079,2022,RS,Senate,2022-02-14,Senate Committee on Health & Human Services Refer Amended to Senate Committee of the Whole,2
SB22-079,2022,RS,Senate,2022-02-17,Senate Second Reading Laid Over to 02/22/2022 - No Amendments,3
SB22-079,2022,RS,Senate,2022-02-22,Senate Second Reading Laid Over Daily - No Amendments,4
SB22-079,2022,RS,Senate,2022-02-23,"Senate Second Reading Passed with Amendments - Committee, Floor",5
SB22-079,2022,RS,Senate,2022-02-24,Senate Third Reading Passed - No Amendments,6
SB22-079,2022,RS,House,2022-02-24,Introduced In House - Assigned to Public & Behavioral Health & Human Services,7
SB22-079,2022,RS,House,2022-03-15,House Committee on Public & Behavioral Health & Human Services Witness Testimony and/or Committee Discussion Only,8
SB22-079,2022,RS,House,2022-04-19,House Committee on Public & Behavioral Health & Human Services Refer Unamended to House Committee of the Whole,9
SB22-079,2022,RS,House,2022-04-21,House Second Reading Special Order - Laid Over Daily - No Amendments,10
SB22-079,2022,RS,House,2022-04-22,House Second Reading Special Order - Passed - No Amendments,11
SB22-079,2022,RS,House,2022-04-25,House Third Reading Laid Over Daily - No Amendments,12
SB22-079,2022,RS,House,2022-04-26,House Third Reading Passed - No Amendments,13
SB22-079,2022,RS,Senate,2022-05-06,Signed by the President of the Senate,14
SB22-079,2022,RS,House,2022-05-06,Signed by the Speaker of the House,15
SB22-079,2022,RS,Governor,2022-05-09,Sent to the Governor,16
SB22-079,2022,RS,Governor,2022-05-31,Governor Signed,17
SB22-080,2022,RS,Senate,2022-01-20,Introduced In Senate - Assigned to Agriculture & Natural Resources,1
SB22-080,2022,RS,Senate,2022-02-10,Senate Committee on Agriculture & Natural Resources Refer Amended to Appropriations,2
SB22-080,2022,RS,Senate,2022-05-02,Senate Committee on Appropriations Refer Amended - Consent Calendar to Senate Committee of the Whole,3
SB22-080,2022,RS,Senate,2022-05-02,Senate Second Reading Special Order - Passed with Amendments - Committee,4
SB22-080,2022,RS,Senate,2022-05-03,Senate Third Reading Passed - No Amendments,5
SB22-080,2022,RS,House,2022-05-03,"Introduced In House - Assigned to State, Civic, Military, & Veterans Affairs",6
SB22-080,2022,RS,House,2022-05-04,"House Committee on State, Civic, Military, & Veterans Affairs Refer Unamended to Appropriations",7
SB22-080,2022,RS,House,2022-05-12,House Committee on Appropriations Lay Over Unamended - Amendment(s) Failed,8
SB22-081,2022,RS,Senate,2022-01-20,"Introduced In Senate - Assigned to State, Veterans, & Military Affairs",1
SB22-081,2022,RS,Senate,2022-02-17,"Senate Committee on State, Veterans, & Military Affairs Refer Amended to Finance",2
SB22-081,2022,RS,Senate,2022-02-23,Senate Committee on Finance Refer Amended to Appropriations,3
SB22-081,2022,RS,Senate,2022-04-29,Senate Committee on Appropriations Refer Unamended - Consent Calendar to Senate Committee of the Whole,4
SB22-081,2022,RS,Senate,2022-04-29,Senate Second Reading Special Order - Passed with Amendments - Committee,5
SB22-081,2022,RS,Senate,2022-05-02,Senate Third Reading Passed - No Amendments,6
SB22-081,2022,RS,House,2022-05-02,Introduced In House - Assigned to Public & Behavioral Health & Human Services,7
SB22-081,2022,RS,House,2022-05-03,House Committee on Public & Behavioral Health & Human Services Refer Unamended to Finance,8
SB22-081,2022,RS,House,2022-05-05,House Committee on Finance Refer Amended to Appropriations,9
SB22-081,2022,RS,House,2022-05-10,House Committee on Appropriations Refer Unamended to House Committee of the Whole,10
SB22-081,2022,RS,House,2022-05-10,House Second Reading Special Order - Passed with Amendments - Committee,11
SB22-081,2022,RS,House,2022-05-11,House Third Reading Passed with Amendments - Floor,12
SB22-081,2022,RS,Senate,2022-05-11,Senate Considered House Amendments - Result was to Concur - Repass,13
SB22-081,2022,RS,Senate,2022-05-18,Signed by the President of the Senate,14
SB22-081,2022,RS,House,2022-05-18,Signed by the Speaker of the House,15
SB22-081,2022,RS,Governor,2022-05-18,Sent to the Governor,16
SB22-081,2022,RS,Governor,2022-06-08,Governor Signed,17
SB22-082,2022,RS,Senate,2022-01-20,Introduced In Senate - Assigned to Health & Human Services,1
SB22-082,2022,RS,Senate,2022-02-16,Senate Committee on Health & Human Services Postpone Indefinitely,2
SB22-083,2022,RS,Senate,2022-01-20,"Introduced In Senate - Assigned to State, Veterans, & Military Affairs",1
SB22-083,2022,RS,Senate,2022-02-24,"Senate Committee on State, Veterans, & Military Affairs Refer Amended - Consent Calendar to Senate Committee of the Whole",2
SB22-083,2022,RS,Senate,2022-03-01,"Senate Second Reading Passed with Amendments - Committee, Floor",3
SB22-083,2022,RS,Senate,2022-03-02,Senate Third Reading Passed - No Amendments,4
SB22-083,2022,RS,House,2022-03-02,Introduced In House - Assigned to Transportation & Local Government,5
SB22-083,2022,RS,House,2022-03-16,House Committee on Transportation & Local Government Refer Unamended to House Committee of the Whole,6
SB22-083,2022,RS,House,2022-03-18,House Second Reading Special Order - Passed - No Amendments,7
SB22-083,2022,RS,House,2022-03-21,House Third Reading Passed - No Amendments,8
SB22-083,2022,RS,Senate,2022-03-25,Signed by the President of the Senate,9
SB22-083,2022,RS,House,2022-03-25,Signed by the Speaker of the House,10
SB22-083,2022,RS,Governor,2022-03-28,Sent to the Governor,11
SB22-083,2022,RS,Governor,2022-04-07,Governor Signed,12
SB22-084,2022,RS,Senate,2022-01-20,"Introduced In Senate - Assigned to State, Veterans, & Military Affairs",1
SB22-084,2022,RS,Senate,2022-02-08,"Senate Committee on State, Veterans, & Military Affairs Postpone Indefinitely",2
SB22-085,2022,RS,Senate,2022-01-20,"Introduced In Senate - Assigned to State, Veterans, & Military Affairs",1
SB22-085,2022,RS,Senate,2022-02-15,"Senate Committee on State, Veterans, & Military Affairs Witness Testimony and/or Committee Discussion Only",2
SB22-085,2022,RS,Senate,2022-02-24,"Senate Committee on State, Veterans, & Military Affairs Refer Amended to Appropriations",3
SB22-085,2022,RS,Senate,2022-05-02,Senate Committee on Appropriations Refer Amended to Senate Committee of the Whole,4
SB22-085,2022,RS,Senate,2022-05-02,"Senate Second Reading Special Order - Passed with Amendments - Committee, Floor",5
SB22-085,2022,RS,Senate,2022-05-03,Senate Third Reading Passed - No Amendments,6
SB22-085,2022,RS,House,2022-05-03,Introduced In House - Assigned to Education,7
SB22-085,2022,RS,House,2022-05-04,House Committee on Education Refer Unamended to Appropriations,8
SB22-085,2022,RS,House,2022-05-12,House Committee on Appropriations Lay Over Unamended - Amendment(s) Failed,9
SB22-086,2022,RS,Senate,2022-01-20,Introduced In Senate - Assigned to Finance,1
SB22-086,2022,RS,Senate,2022-02-16,Senate Committee on Finance Refer Amended to Senate Committee of the Whole,2
SB22-086,2022,RS,Senate,2022-02-22,Senate Second Reading Passed with Amendments - Committee,3
SB22-086,2022,RS,Senate,2022-02-23,Senate Third Reading Passed - No Amendments,4
SB22-086,2022,RS,House,2022-02-23,Introduced In House - Assigned to Judiciary,5
SB22-086,2022,RS,House,2022-03-15,House Committee on Judiciary Refer Unamended to House Committee of the Whole,6
SB22-086,2022,RS,House,2022-03-18,House Second Reading Laid Over Daily - No Amendments,7
SB22-086,2022,RS,House,2022-03-21,House Second Reading Passed - No Amendments,8
SB22-086,2022,RS,House,2022-03-22,House Third Reading Passed - No Amendments,9
SB22-086,2022,RS,Senate,2022-03-30,Signed by the President of the Senate,10
SB22-086,2022,RS,House,2022-04-01,Signed by the Speaker of the House,11
SB22-086,2022,RS,Governor,2022-04-01,Sent to the Governor,12
SB22-086,2022,RS,Governor,2022-04-07,Governor Signed,13
SB22-087,2022,RS,Senate,2022-01-20,Introduced In Senate - Assigned to Education,1
SB22-087,2022,RS,Senate,2022-03-02,Senate Committee on Education Lay Over Unamended - Amendment(s) Failed,2
SB22-087,2022,RS,Senate,2022-03-17,Senate Committee on Education Refer Amended to Appropriations,3
SB22-087,2022,RS,Senate,2022-05-10,Senate Committee on Appropriations Postpone Indefinitely,4
SB22-088,2022,RS,Senate,2022-01-20,Introduced In Senate - Assigned to Education,1
SB22-088,2022,RS,Senate,2022-02-16,Senate Committee on Education Postpone Indefinitely,2
SB22-089,2022,RS,Senate,2022-01-20,Introduced In Senate - Assigned to Judiciary,1
SB22-089,2022,RS,Senate,2022-03-03,Senate Committee on Judiciary Postpone Indefinitely,2
SB22-090,2022,RS,Senate,2022-01-25,Introduced In Senate - Assigned to Transportation & Energy,1
SB22-090,2022,RS,Senate,2022-04-19,Senate Committee on Transportation & Energy Postpone Indefinitely,2
SB22-091,2022,RS,Senate,2022-01-25,Introduced In Senate - Assigned to Judiciary,1
SB22-091,2022,RS,Senate,2022-02-10,Senate Committee on Judiciary Refer Unamended - Consent Calendar to Senate Committee of the Whole,2
SB22-091,2022,RS,Senate,2022-02-15,Senate Second Reading Passed - No Amendments,3
SB22-091,2022,RS,Senate,2022-02-16,Senate Third Reading Laid Over Daily - No Amendments,4
SB22-091,2022,RS,Senate,2022-02-17,Senate Third Reading Passed - No Amendments,5
SB22-091,2022,RS,House,2022-02-17,Introduced In House - Assigned to Judiciary,6
SB22-091,2022,RS,House,2022-03-01,House Committee on Judiciary Refer Unamended to House Committee of the Whole,7
SB22-091,2022,RS,House,2022-03-03,House Second Reading Special Order - Passed - No Amendments,8
SB22-091,2022,RS,House,2022-03-04,House Third Reading Passed - No Amendments,9
SB22-091,2022,RS,Senate,2022-03-08,Signed by the President of the Senate,10
SB22-091,2022,RS,House,2022-03-08,Signed by the Speaker of the House,11
SB22-091,2022,RS,Governor,2022-03-09,Sent to the Governor,12
SB22-091,2022,RS,Governor,2022-03-17,Governor Signed,13
SB22-092,2022,RS,Senate,2022-01-25,Introduced In Senate - Assigned to Judiciary,1
SB22-092,2022,RS,Senate,2022-02-16,Senate Committee on Judiciary Refer Unamended - Consent Calendar to Senate Committee of the Whole,2
SB22-092,2022,RS,Senate,2022-02-22,Senate Second Reading Passed - No Amendments,3
SB22-092,2022,RS,Senate,2022-02-23,Senate Third Reading Passed - No Amendments,4
SB22-092,2022,RS,House,2022-02-23,Introduced In House - Assigned to Judiciary,5
SB22-092,2022,RS,House,2022-03-09,House Committee on Judiciary Refer Unamended to House Committee of the Whole,6
SB22-092,2022,RS,House,2022-03-12,House Second Reading Special Order - Laid Over Daily - No Amendments,7
SB22-092,2022,RS,House,2022-03-14,House Second Reading Laid Over Daily - No Amendments,8
SB22-092,2022,RS,House,2022-03-15,House Second Reading Passed - No Amendments,9
SB22-092,2022,RS,House,2022-03-16,House Third Reading Passed - No Amendments,10
SB22-092,2022,RS,Senate,2022-03-21,Signed by the President of the Senate,11
SB22-092,2022,RS,House,2022-03-23,Signed by the Speaker of the House,12
SB22-092,2022,RS,Governor,2022-03-23,Sent to the Governor,13
SB22-092,2022,RS,Governor,2022-03-30,Governor Signed,14
SB22-093,2022,RS,Senate,2022-01-28,"Introduced In Senate - Assigned to State, Veterans, & Military Affairs",1
SB22-093,2022,RS,Senate,2022-02-10,"Senate Committee on State, Veterans, & Military Affairs Postpone Indefinitely",2
SB22-094,2022,RS,Senate,2022-01-28,"Introduced In Senate - Assigned to Business, Labor, & Technology",1
SB22-094,2022,RS,Senate,2022-02-16,"Senate Committee on Business, Labor, & Technology Postpone Indefinitely",2
SB22-095,2022,RS,Senate,2022-02-01,Introduced In Senate - Assigned to Judiciary,1
SB22-095,2022,RS,Senate,2022-02-24,Senate Committee on Judiciary Refer Amended - Consent Calendar to Senate Committee of the Whole,2
SB22-095,2022,RS,Senate,2022-03-01,"Senate Second Reading Passed with Amendments - Committee, Floor",3
SB22-095,2022,RS,Senate,2022-03-02,Senate Third Reading Passed - No Amendments,4
SB22-095,2022,RS,House,2022-03-02,Introduced In House - Assigned to Judiciary,5
SB22-095,2022,RS,House,2022-03-08,House Committee on Judiciary Refer Amended to House Committee of the Whole,6
SB22-095,2022,RS,House,2022-03-10,House Second Reading Laid Over Daily - No Amendments,7
SB22-095,2022,RS,House,2022-03-15,"House Second Reading Passed with Amendments - Committee, Floor",8
SB22-095,2022,RS,House,2022-03-16,House Third Reading Passed - No Amendments,9
SB22-095,2022,RS,Senate,2022-03-18,Senate Considered House Amendments - Result was to Concur - Repass,10
SB22-095,2022,RS,Senate,2022-03-25,Signed by the President of the Senate,11
SB22-095,2022,RS,House,2022-03-25,Signed by the Speaker of the House,12
SB22-095,2022,RS,Governor,2022-03-28,Sent to the Governor,13
SB22-095,2022,RS,Governor,2022-04-07,Governor Signed,14
SB22-096,2022,RS,Senate,2022-02-01,"Introduced In Senate - Assigned to State, Veterans, & Military Affairs",1
SB22-096,2022,RS,Senate,2022-02-15,"Senate Committee on State, Veterans, & Military Affairs Postpone Indefinitely",2
SB22-097,2022,RS,Senate,2022-02-01,"Introduced In Senate - Assigned to Business, Labor, & Technology",1
SB22-097,2022,RS,Senate,2022-02-16,"Senate Committee on Business, Labor, & Technology Refer Unamended to Appropriations",2
SB22-097,2022,RS,Senate,2022-03-18,Senate Committee on Appropriations Refer Amended to Senate Committee of the Whole,3
SB22-097,2022,RS,Senate,2022-03-22,Senate Second Reading Laid Over Daily - No Amendments,4
SB22-097,2022,RS,Senate,2022-03-28,Senate Second Reading Passed with Amendments - Committee,5
SB22-097,2022,RS,Senate,2022-03-29,Senate Third Reading Passed - No Amendments,6
SB22-097,2022,RS,House,2022-03-29,Introduced In House - Assigned to Public & Behavioral Health & Human Services,7
SB22-097,2022,RS,House,2022-04-12,House Committee on Public & Behavioral Health & Human Services Refer Unamended to Appropriations,8
SB22-097,2022,RS,House,2022-04-29,House Committee on Appropriations Refer Unamended to House Committee of the Whole,9
SB22-097,2022,RS,House,2022-05-02,House Second Reading Special Order - Passed - No Amendments,10
SB22-097,2022,RS,House,2022-05-03,House Third Reading Passed - No Amendments,11
SB22-097,2022,RS,Senate,2022-05-06,Signed by the President of the Senate,12
SB22-097,2022,RS,House,2022-05-06,Signed by the Speaker of the House,13
SB22-097,2022,RS,Governor,2022-05-09,Sent to the Governor,14
SB22-097,2022,RS,Governor,2022-05-31,Governor Signed,15
SB22-098,2022,RS,Senate,2022-02-01,Introduced In Senate - Assigned to Health & Human Services,1
SB22-098,2022,RS,Senate,2022-03-02,Senate Committee on Health & Human Services Witness Testimony and/or Committee Discussion Only,2
SB22-098,2022,RS,Senate,2022-03-30,Senate Committee on Health & Human Services Refer Amended to Appropriations,3
SB22-098,2022,RS,Senate,2022-04-19,Senate Committee on Appropriations Refer Amended to Senate Committee of the Whole,4
SB22-098,2022,RS,Senate,2022-04-19,Senate Second Reading Special Order - Passed with Amendments - Committee,5
SB22-098,2022,RS,Senate,2022-04-20,Senate Third Reading Passed - No Amendments,6
SB22-098,2022,RS,House,2022-04-20,Introduced In House - Assigned to Health & Insurance,7
SB22-098,2022,RS,House,2022-05-02,House Committee on Health & Insurance Refer Unamended to Appropriations,8
SB22-098,2022,RS,House,2022-05-05,House Committee on Appropriations Refer Unamended to House Committee of the Whole,9
SB22-098,2022,RS,House,2022-05-05,House Second Reading Special Order - Passed - No Amendments,10
SB22-098,2022,RS,House,2022-05-06,House Third Reading Laid Over Daily - No Amendments,11
SB22-098,2022,RS,House,2022-05-09,House Third Reading Passed - No Amendments,12
SB22-098,2022,RS,Senate,2022-05-20,Signed by the President of the Senate,13
SB22-098,2022,RS,House,2022-05-20,Signed by the Speaker of the House,14
SB22-098,2022,RS,Governor,2022-05-20,Sent to the Governor,15
SB22-098,2022,RS,Governor,2022-06-08,Governor Signed,16
SB22-099,2022,RS,Senate,2022-02-01,Introduced In Senate - Assigned to Judiciary,1
SB22-099,2022,RS,Senate,2022-02-24,Senate Committee on Judiciary Refer Amended to Appropriations,2
SB22-099,2022,RS,Senate,2022-04-19,Senate Committee on Appropriations Refer Amended - Consent Calendar to Senate Committee of the Whole,3
SB22-099,2022,RS,Senate,2022-04-19,Senate Second Reading Special Order - Passed with Amendments - Committee,4
SB22-099,2022,RS,Senate,2022-04-20,Senate Third Reading Passed - No Amendments,5
SB22-099,2022,RS,House,2022-04-20,Introduced In House - Assigned to Judiciary,6
SB22-099,2022,RS,House,2022-04-26,House Committee on Judiciary Refer Unamended to Appropriations,7
SB22-099,2022,RS,House,2022-04-29,House Second Reading Special Order - Passed - No Amendments,8
SB22-099,2022,RS,House,2022-04-29,House Committee on Appropriations Refer Unamended to House Committee of the Whole,9
SB22-099,2022,RS,House,2022-05-02,House Third Reading Passed - No Amendments,10
SB22-099,2022,RS,Senate,2022-05-10,Signed by the President of the Senate,11
SB22-099,2022,RS,House,2022-05-10,Signed by the Speaker of the House,12
SB22-099,2022,RS,Governor,2022-05-11,Sent to the Governor,13
SB22-099,2022,RS,Governor,2022-05-31,Governor Signed,14
SB22-100,2022,RS,Senate,2022-02-01,Introduced In Senate - Assigned to Judiciary,1
SB22-100,2022,RS,Senate,2022-02-17,Senate Committee on Judiciary Refer Amended to Appropriations,2
SB22-100,2022,RS,Senate,2022-03-11,Senate Committee on Appropriations Refer Amended - Consent Calendar to Senate Committee of the Whole,3
SB22-100,2022,RS,Senate,2022-03-11,Senate Second Reading Special Order - Passed with Amendments - Committee,4
SB22-100,2022,RS,Senate,2022-03-14,Senate Third Reading Passed - No Amendments,5
SB22-100,2022,RS,House,2022-03-14,Introduced In House - Assigned to Judiciary,6
SB22-100,2022,RS,House,2022-03-29,House Committee on Judiciary Refer Unamended to Appropriations,7
SB22-100,2022,RS,House,2022-04-08,House Committee on Appropriations Refer Amended to House Committee of the Whole,8
SB22-100,2022,RS,House,2022-04-08,House Second Reading Special Order - Passed with Amendments - Committee,9
SB22-100,2022,RS,House,2022-04-11,House Third Reading Passed - No Amendments,10
SB22-100,2022,RS,Senate,2022-04-12,Senate Considered House Amendments - Result was to Concur - Repass,11
SB22-100,2022,RS,Senate,2022-04-21,Signed by the President of the Senate,12
SB22-100,2022,RS,House,2022-04-21,Signed by the Speaker of the House,13
SB22-100,2022,RS,Governor,2022-04-21,Sent to the Governor,14
SB22-100,2022,RS,Governor,2022-05-02,Governor Signed,15
SB22-101,2022,RS,Senate,2022-02-01,"Introduced In Senate - Assigned to State, Veterans, & Military Affairs",1
SB22-101,2022,RS,Senate,2022-02-15,"Senate Committee on State, Veterans, & Military Affairs Postpone Indefinitely",2
SB22-102,2022,RS,Senate,2022-02-01,Introduced In Senate - Assigned to Health & Human Services,1
SB22-102,2022,RS,Senate,2022-02-14,Senate Committee on Health & Human Services Refer Unamended - Consent Calendar to Senate Committee of the Whole,2
SB22-102,2022,RS,Senate,2022-02-16,Senate Second Reading Special Order - Passed - No Amendments,3
SB22-102,2022,RS,Senate,2022-02-17,Senate Third Reading Passed - No Amendments,4
SB22-102,2022,RS,House,2022-02-17,Introduced In House - Assigned to Public & Behavioral Health & Human Services,5
SB22-102,2022,RS,House,2022-03-04,House Committee on Public & Behavioral Health & Human Services Refer Unamended to House Committee of the Whole,6
SB22-102,2022,RS,House,2022-03-08,House Second Reading Special Order - Passed - No Amendments,7
SB22-102,2022,RS,House,2022-03-09,House Third Reading Passed - No Amendments,8
SB22-102,2022,RS,Senate,2022-03-11,Signed by the President of the Senate,9
SB22-102,2022,RS,House,2022-03-11,Signed by the Speaker of the House,10
SB22-102,2022,RS,Governor,2022-03-11,Sent to the Governor,11
SB22-102,2022,RS,Governor,2022-03-17,Governor Signed,12
SB22-103,2022,RS,Senate,2022-02-01,Introduced In Senate - Assigned to Judiciary,1
SB22-103,2022,RS,Senate,2022-03-03,Senate Committee on Judiciary Refer Amended - Consent Calendar to Senate Committee of the Whole,2
SB22-103,2022,RS,Senate,2022-03-08,"Senate Second Reading Passed with Amendments - Committee, Floor",3
SB22-103,2022,RS,Senate,2022-03-09,Senate Third Reading Passed - No Amendments,4
SB22-103,2022,RS,House,2022-03-09,Introduced In House - Assigned to Judiciary,5
SB22-103,2022,RS,House,2022-03-29,House Committee on Judiciary Refer Unamended to House Committee of the Whole,6
SB22-103,2022,RS,House,2022-04-01,House Second Reading Special Order - Passed with Amendments - Floor,7
SB22-103,2022,RS,House,2022-04-04,House Third Reading Passed - No Amendments,8
SB22-103,2022,RS,Senate,2022-04-05,Senate Considered House Amendments - Result was to Concur - Repass,9
SB22-103,2022,RS,Senate,2022-04-14,Signed by the President of the Senate,10
SB22-103,2022,RS,House,2022-04-14,Signed by the Speaker of the House,11
SB22-103,2022,RS,Governor,2022-04-14,Sent to the Governor,12
SB22-103,2022,RS,Governor,2022-04-18,Governor Signed,13
SB22-104,2022,RS,Senate,2022-02-01,"Introduced In Senate - Assigned to State, Veterans, & Military Affairs",1
SB22-104,2022,RS,Senate,2022-02-22,"Senate Committee on State, Veterans, & Military Affairs Refer Unamended to Appropriations",2
SB22-104,2022,RS,Senate,2022-03-11,Senate Committee on Appropriations Refer Amended to Senate Committee of the Whole,3
SB22-104,2022,RS,Senate,2022-03-11,"Senate Second Reading Special Order - Passed with Amendments - Committee, Floor",4
SB22-104,2022,RS,Senate,2022-03-14,Senate Third Reading Passed - No Amendments,5
SB22-104,2022,RS,House,2022-03-14,"Introduced In House - Assigned to State, Civic, Military, & Veterans Affairs",6
SB22-104,2022,RS,House,2022-04-07,"House Committee on State, Civic, Military, & Veterans Affairs Refer Unamended to Appropriations",7
SB22-104,2022,RS,House,2022-05-02,House Committee on Appropriations Refer Unamended to House Committee of the Whole,8
SB22-104,2022,RS,House,2022-05-02,House Second Reading Special Order - Passed - No Amendments,9
SB22-104,2022,RS,House,2022-05-03,House Third Reading Passed - No Amendments,10
SB22-104,2022,RS,Senate,2022-05-09,Signed by the President of the Senate,11
SB22-104,2022,RS,House,2022-05-10,Signed by the Speaker of the House,12
SB22-104,2022,RS,Governor,2022-05-10,Sent to the Governor,13
SB22-104,2022,RS,Governor,2022-05-24,Governor Signed,14
SB22-105,2022,RS,Senate,2022-02-01,"Introduced In Senate - Assigned to State, Veterans, & Military Affairs",1
SB22-105,2022,RS,Senate,2022-02-22,"Senate Committee on State, Veterans, & Military Affairs Refer Unamended to Senate Committee of the Whole",2
SB22-105,2022,RS,Senate,2022-02-25,Senate Second Reading Passed - No Amendments,3
SB22-105,2022,RS,Senate,2022-02-28,Senate Third Reading Passed - No Amendments,4
SB22-105,2022,RS,House,2022-02-28,"Introduced In House - Assigned to State, Civic, Military, & Veterans Affairs",5
SB22-105,2022,RS,House,2022-03-21,"House Committee on State, Civic, Military, & Veterans Affairs Refer Unamended to House Committee of the Whole",6
SB22-105,2022,RS,House,2022-03-23,House Second Reading Special Order - Passed - No Amendments,7
SB22-105,2022,RS,House,2022-03-24,House Third Reading Laid Over Daily - No Amendments,8
SB22-105,2022,RS,House,2022-03-25,House Third Reading Passed - No Amendments,9
SB22-105,2022,RS,Senate,2022-04-05,Signed by the President of the Senate,10
SB22-105,2022,RS,House,2022-04-06,Signed by the Speaker of the House,11
SB22-105,2022,RS,Governor,2022-04-06,Sent to the Governor,12
SB22-105,2022,RS,Governor,2022-04-11,Governor Signed,13
SB22-106,2022,RS,Senate,2022-02-01,Introduced In Senate - Assigned to Health & Human Services,1
SB22-106,2022,RS,Senate,2022-02-23,Senate Committee on Health & Human Services Refer Amended - Consent Calendar to Senate Committee of the Whole,2
SB22-106,2022,RS,Senate,2022-02-28,Senate Second Reading Passed with Amendments - Committee,3
SB22-106,2022,RS,Senate,2022-03-01,Senate Third Reading Passed - No Amendments,4
SB22-106,2022,RS,House,2022-03-08,Introduced In House - Assigned to Public & Behavioral Health & Human Services,5
SB22-106,2022,RS,House,2022-04-05,House Committee on Public & Behavioral Health & Human Services Refer Amended to Appropriations,6
SB22-106,2022,RS,House,2022-04-29,House Committee on Appropriations Refer Amended to House Committee of the Whole,7
SB22-106,2022,RS,House,2022-05-02,House Second Reading Special Order - Passed with Amendments - Committee,8
SB22-106,2022,RS,House,2022-05-03,House Third Reading Passed - No Amendments,9
SB22-106,2022,RS,Senate,2022-05-04,Senate Considered House Amendments - Result was to Concur - Repass,10
SB22-106,2022,RS,Senate,2022-05-16,Signed by the President of the Senate,11
SB22-106,2022,RS,House,2022-05-16,Signed by the Speaker of the House,12
SB22-106,2022,RS,Governor,2022-05-16,Sent to the Governor,13
SB22-106,2022,RS,Governor,2022-05-20,Governor Signed,14
SB22-107,2022,RS,Senate,2022-02-01,Introduced In Senate - Assigned to Finance,1
SB22-107,2022,RS,Senate,2022-02-16,Senate Committee on Finance Refer Unamended to Appropriations,2
SB22-107,2022,RS,Senate,2022-04-01,Senate Committee on Appropriations Refer Amended to Senate Committee of the Whole,3
SB22-107,2022,RS,Senate,2022-04-05,"Senate Second Reading Passed with Amendments - Committee, Floor",4
SB22-107,2022,RS,Senate,2022-04-06,Senate Third Reading Passed - No Amendments,5
SB22-107,2022,RS,House,2022-04-06,Introduced In House - Assigned to Finance,6
SB22-107,2022,RS,House,2022-04-18,House Committee on Finance Refer Unamended to Appropriations,7
SB22-107,2022,RS,House,2022-05-02,House Committee on Appropriations Refer Amended to House Committee of the Whole,8
SB22-107,2022,RS,House,2022-05-02,House Second Reading Special Order - Passed with Amendments - Committee,9
SB22-107,2022,RS,House,2022-05-03,House Third Reading Passed - No Amendments,10
SB22-107,2022,RS,Senate,2022-05-04,Senate Considered House Amendments - Result was to Concur - Repass,11
SB22-107,2022,RS,Senate,2022-05-09,Signed by the President of the Senate,12
SB22-107,2022,RS,House,2022-05-10,Signed by the Speaker of the House,13
SB22-107,2022,RS,Governor,2022-05-10,Sent to the Governor,14
SB22-107,2022,RS,Governor,2022-05-26,Governor Signed,15
SB22-108,2022,RS,Senate,2022-02-01,Introduced In Senate - Assigned to Transportation & Energy,1
SB22-108,2022,RS,Senate,2022-02-15,Senate Committee on Transportation & Energy Refer Amended - Consent Calendar to Senate Committee of the Whole,2
SB22-108,2022,RS,Senate,2022-02-18,Senate Second Reading Passed with Amendments - Committee,3
SB22-108,2022,RS,Senate,2022-02-22,Senate Third Reading Passed - No Amendments,4
SB22-108,2022,RS,House,2022-02-22,Introduced In House - Assigned to Transportation & Local Government,5
SB22-108,2022,RS,House,2022-03-15,House Committee on Transportation & Local Government Refer Unamended to House Committee of the Whole,6
SB22-108,2022,RS,House,2022-03-16,House Second Reading Special Order - Passed - No Amendments,7
SB22-108,2022,RS,House,2022-03-17,House Third Reading Passed - No Amendments,8
SB22-108,2022,RS,Senate,2022-03-25,Signed by the President of the Senate,9
SB22-108,2022,RS,House,2022-03-25,Signed by the Speaker of the House,10
SB22-108,2022,RS,Governor,2022-03-28,Sent to the Governor,11
SB22-108,2022,RS,Governor,2022-04-04,Governor Signed,12
SB22-109,2022,RS,Senate,2022-02-01,"Introduced In Senate - Assigned to State, Veterans, & Military Affairs",1
SB22-109,2022,RS,Senate,2022-02-15,"Senate Committee on State, Veterans, & Military Affairs Postpone Indefinitely",2
SB22-110,2022,RS,Senate,2022-02-01,"Introduced In Senate - Assigned to State, Veterans, & Military Affairs",1
SB22-110,2022,RS,Senate,2022-03-08,"Senate Committee on State, Veterans, & Military Affairs Witness Testimony and/or Committee Discussion Only",2
SB22-110,2022,RS,Senate,2022-03-15,"Senate Committee on State, Veterans, & Military Affairs Refer Amended - Consent Calendar to Senate Committee of the Whole",3
SB22-110,2022,RS,Senate,2022-03-18,Senate Second Reading Laid Over to 03/22/2022 - No Amendments,4
SB22-110,2022,RS,Senate,2022-03-22,Senate Second Reading Laid Over Daily - No Amendments,5
SB22-110,2022,RS,Senate,2022-03-24,"Senate Second Reading Passed with Amendments - Committee, Floor",6
SB22-110,2022,RS,Senate,2022-03-25,Senate Third Reading Passed - No Amendments,7
SB22-110,2022,RS,Senate,2022-03-25,Senate Third Reading Reconsidered - No Amendments,8
SB22-110,2022,RS,House,2022-03-25,Introduced In House - Assigned to Energy & Environment,9
SB22-110,2022,RS,House,2022-04-20,House Committee on Energy & Environment Refer Amended to House Committee of the Whole,10
SB22-110,2022,RS,House,2022-04-21,House Second Reading Special Order - Laid Over Daily - No Amendments,11
SB22-110,2022,RS,House,2022-04-22,"House Second Reading Special Order - Passed with Amendments - Committee, Floor",12
SB22-110,2022,RS,House,2022-04-25,House Third Reading Laid Over Daily - No Amendments,13
SB22-110,2022,RS,House,2022-04-26,House Third Reading Passed - No Amendments,14
SB22-110,2022,RS,Senate,2022-04-27,Senate Considered House Amendments - Result was to Laid Over Daily,15
SB22-110,2022,RS,Senate,2022-04-28,Senate Considered House Amendments - Result was to Not Concur - Request Conference Committee,16
SB22-110,2022,RS,ConfComm,2022-05-03,First Conference Committee Result was to Adopt Rerevised w/ Amendments,17
SB22-110,2022,RS,House,2022-05-11,House Consideration of First Conference Committee Report result was to Adopt Committee Report - Repass,18
SB22-110,2022,RS,Senate,2022-05-11,Senate Consideration of First Conference Committee Report result was to Adopt Committee Report - Repass,19
SB22-110,2022,RS,Senate,2022-05-18,Signed by the President of the Senate,20
SB22-110,2022,RS,House,2022-05-18,Signed by the Speaker of the House,21
SB22-110,2022,RS,Governor,2022-05-18,Sent to the Governor,22
SB22-110,2022,RS,Governor,2022-06-08,Governor Signed,23
SB22-111,2022,RS,Senate,2022-02-03,"Introduced In Senate - Assigned to State, Veterans, & Military Affairs",1
SB22-111,2022,RS,Senate,2022-02-17,"Senate Committee on State, Veterans, & Military Affairs Postpone Indefinitely",2
SB22-112,2022,RS,Senate,2022-02-03,"Introduced In Senate - Assigned to State, Veterans, & Military Affairs",1
SB22-112,2022,RS,Senate,2022-02-22,"Senate Committee on State, Veterans, & Military Affairs Postpone Indefinitely",2
SB22-113,2022,RS,Senate,2022-02-03,"Introduced In Senate - Assigned to Business, Labor, & Technology",1
SB22-113,2022,RS,Senate,2022-02-23,"Senate Committee on Business, Labor, & Technology Refer Amended to Appropriations",2
SB22-113,2022,RS,Senate,2022-03-04,Senate Committee on Appropriations Refer Amended to Senate Committee of the Whole,3
SB22-113,2022,RS,Senate,2022-03-04,Senate Second Reading Special Order - Passed with Amendments - Committee,4
SB22-113,2022,RS,Senate,2022-03-07,Senate Third Reading Laid Over Daily - No Amendments,5
SB22-113,2022,RS,Senate,2022-03-08,Senate Third Reading Passed - No Amendments,6
SB22-113,2022,RS,House,2022-03-08,"Introduced In House - Assigned to State, Civic, Military, & Veterans Affairs",7
SB22-113,2022,RS,House,2022-04-27,"House Committee on State, Civic, Military, & Veterans Affairs Refer Unamended to Legislative Council",8
SB22-113,2022,RS,House,2022-04-29,House Committee on Legislative Council Refer Unamended to Appropriations,9
SB22-113,2022,RS,House,2022-05-03,House Committee on Appropriations Refer Unamended to House Committee of the Whole,10
SB22-113,2022,RS,House,2022-05-03,House Second Reading Special Order - Passed with Amendments - Floor,11
SB22-113,2022,RS,House,2022-05-04,House Third Reading Laid Over Daily - No Amendments,12
SB22-113,2022,RS,House,2022-05-06,House Third Reading Passed - No Amendments,13
SB22-113,2022,RS,Senate,2022-05-09,Senate Considered House Amendments - Result was to Not Concur - Request Conference Committee,14
SB22-113,2022,RS,ConfComm,2022-05-10,First Conference Committee Result was to Adopt Reengrossed w/ Amendments,15
SB22-113,2022,RS,House,2022-05-11,House Consideration of First Conference Committee Report result was to Adopt Committee Report - Repass,16
SB22-113,2022,RS,Senate,2022-05-11,Senate Consideration of First Conference Committee Report result was to Adopt Committee Report - Repass,17
SB22-113,2022,RS,Senate,2022-05-20,Signed by the President of the Senate,18
SB22-113,2022,RS,House,2022-05-20,Signed by the Speaker of the House,19
SB22-113,2022,RS,Governor,2022-05-20,Sent to the Governor,20
SB22-113,2022,RS,Governor,2022-06-08,Governor Signed,21
SB22-114,2022,RS,Senate,2022-02-03,Introduced In Senate - Assigned to Agriculture & Natural Resources,1
SB22-114,2022,RS,Senate,2022-02-17,Senate Committee on Agriculture & Natural Resources Witness Testimony and/or Committee Discussion Only,2
SB22-114,2022,RS,Senate,2022-03-03,Senate Committee on Agriculture & Natural Resources Refer Amended to Appropriations,3
SB22-114,2022,RS,Senate,2022-03-18,Senate Committee on Appropriations Refer Amended to Senate Committee of the Whole,4
SB22-114,2022,RS,Senate,2022-03-22,Senate Second Reading Laid Over Daily - No Amendments,5
SB22-114,2022,RS,Senate,2022-03-30,"Senate Second Reading Passed with Amendments - Committee, Floor",6
SB22-114,2022,RS,Senate,2022-03-31,Senate Third Reading Laid Over Daily - No Amendments,7
SB22-114,2022,RS,Senate,2022-04-01,Senate Third Reading Passed with Amendments - Floor,8
SB22-114,2022,RS,House,2022-04-01,"Introduced In House - Assigned to Agriculture, Livestock, & Water",9
SB22-114,2022,RS,House,2022-04-11,"House Committee on Agriculture, Livestock, & Water Refer Amended to Appropriations",10
SB22-114,2022,RS,House,2022-05-02,House Committee on Appropriations Refer Amended to House Committee of the Whole,11
SB22-114,2022,RS,House,2022-05-03,"House Second Reading Special Order - Passed with Amendments - Committee, Floor",12
SB22-114,2022,RS,House,2022-05-04,House Third Reading Laid Over Daily - No Amendments,13
SB22-114,2022,RS,House,2022-05-10,House Third Reading Passed - No Amendments,14
SB22-114,2022,RS,Senate,2022-05-10,Senate Considered House Amendments - Result was to Concur - Repass,15
SB22-114,2022,RS,Senate,2022-05-25,Signed by the President of the Senate,16
SB22-114,2022,RS,House,2022-05-25,Signed by the Speaker of the House,17
SB22-114,2022,RS,Governor,2022-05-25,Sent to the Governor,18
SB22-114,2022,RS,Governor,2022-06-08,Governor Signed,19
SB22-115,2022,RS,Senate,2022-02-03,Introduced In Senate - Assigned to Judiciary,1
SB22-115,2022,RS,Senate,2022-02-16,Senate Committee on Judiciary Refer Unamended - Consent Calendar to Senate Committee of the Whole,2
SB22-115,2022,RS,Senate,2022-02-22,Senate Second Reading Passed - No Amendments,3
SB22-115,2022,RS,Senate,2022-02-23,Senate Third Reading Passed - No Amendments,4
SB22-115,2022,RS,House,2022-02-23,Introduced In House - Assigned to Judiciary,5
SB22-115,2022,RS,House,2022-03-09,House Committee on Judiciary Refer Amended to House Committee of the Whole,6
SB22-115,2022,RS,House,2022-03-14,House Second Reading Laid Over Daily - No Amendments,7
SB22-115,2022,RS,House,2022-03-15,House Second Reading Passed with Amendments - Committee,8
SB22-115,2022,RS,House,2022-03-16,House Third Reading Passed - No Amendments,9
SB22-115,2022,RS,Senate,2022-03-18,Senate Considered House Amendments - Result was to Concur - Repass,10
SB22-115,2022,RS,Senate,2022-03-25,Signed by the President of the Senate,11
SB22-115,2022,RS,House,2022-03-25,Signed by the Speaker of the House,12
SB22-115,2022,RS,Governor,2022-03-28,Sent to the Governor,13
SB22-115,2022,RS,Governor,2022-04-07,Governor Signed,14
SB22-116,2022,RS,Senate,2022-02-03,"Introduced In Senate - Assigned to Business, Labor, & Technology",1
SB22-116,2022,RS,Senate,2022-02-23,"Senate Committee on Business, Labor, & Technology Refer Amended - Consent Calendar to Senate Committee of the Whole",2
SB22-116,2022,RS,Senate,2022-02-28,Senate Second Reading Passed with Amendments - Committee,3
SB22-116,2022,RS,Senate,2022-03-01,Senate Third Reading Passed - No Amendments,4
SB22-116,2022,RS,House,2022-03-08,Introduced In House - Assigned to Business Affairs & Labor,5
SB22-116,2022,RS,House,2022-04-06,House Committee on Business Affairs & Labor Refer Amended to House Committee of the Whole,6
SB22-116,2022,RS,House,2022-04-08,House Second Reading Special Order - Passed with Amendments - Committee,7
SB22-116,2022,RS,House,2022-04-11,House Third Reading Passed - No Amendments,8
SB22-116,2022,RS,Senate,2022-04-12,Senate Considered House Amendments - Result was to Concur - Repass,9
SB22-116,2022,RS,Senate,2022-04-21,Signed by the President of the Senate,10
SB22-116,2022,RS,House,2022-04-21,Signed by the Speaker of the House,11
SB22-116,2022,RS,Governor,2022-04-21,Sent to the Governor,12
SB22-116,2022,RS,Governor,2022-05-02,Governor Signed,13
SB22-117,2022,RS,Senate,2022-02-03,Introduced In Senate - Assigned to Finance,1
SB22-117,2022,RS,Senate,2022-04-20,Senate Committee on Finance Postpone Indefinitely,2
SB22-118,2022,RS,Senate,2022-02-03,"Introduced In Senate - Assigned to State, Veterans, & Military Affairs",1
SB22-118,2022,RS,Senate,2022-02-22,"Senate Committee on State, Veterans, & Military Affairs Witness Testimony and/or Committee Discussion Only",2
SB22-118,2022,RS,Senate,2022-03-03,"Senate Committee on State, Veterans, & Military Affairs Refer Amended to Finance",3
SB22-118,2022,RS,Senate,2022-03-16,Senate Committee on Finance Refer Unamended to Appropriations,4
SB22-118,2022,RS,Senate,2022-04-01,Senate Committee on Appropriations Refer Amended to Senate Committee of the Whole,5
SB22-118,2022,RS,Senate,2022-04-01,Senate Second Reading Special Order - Passed with Amendments - Committee,6
SB22-118,2022,RS,Senate,2022-04-04,Senate Third Reading Passed - No Amendments,7
SB22-118,2022,RS,House,2022-04-04,Introduced In House - Assigned to Energy & Environment,8
SB22-118,2022,RS,House,2022-04-20,House Committee on Energy & Environment Refer Amended to Finance,9
SB22-118,2022,RS,House,2022-05-02,House Committee on Finance Refer Unamended to Appropriations,10
SB22-118,2022,RS,House,2022-05-04,House Committee on Appropriations Refer Unamended to House Committee of the Whole,11
SB22-118,2022,RS,House,2022-05-04,House Second Reading Special Order - Passed with Amendments - Committee,12
SB22-118,2022,RS,House,2022-05-06,House Third Reading Laid Over Daily - No Amendments,13
SB22-118,2022,RS,House,2022-05-10,House Third Reading Passed - No Amendments,14
SB22-118,2022,RS,Senate,2022-05-10,Senate Considered House Amendments - Result was to Concur - Repass,15
SB22-118,2022,RS,Senate,2022-05-18,Signed by the President of the Senate,16
SB22-118,2022,RS,House,2022-05-18,Signed by the Speaker of the House,17
SB22-118,2022,RS,Governor,2022-05-18,Sent to the Governor,18
SB22-118,2022,RS,Governor,2022-06-03,Governor Signed,19
SB22-119,2022,RS,Senate,2022-02-03,Introduced In Senate - Assigned to Finance,1
SB22-119,2022,RS,Senate,2022-03-16,Senate Committee on Finance Refer Amended to Appropriations,2
SB22-119,2022,RS,Senate,2022-05-10,Senate Committee on Appropriations Postpone Indefinitely,3
SB22-120,2022,RS,Senate,2022-02-03,Introduced In Senate - Assigned to Finance,1
SB22-120,2022,RS,Senate,2022-03-16,Senate Committee on Finance Refer Amended to Appropriations,2
SB22-120,2022,RS,Senate,2022-04-01,Senate Committee on Appropriations Refer Amended to Senate Committee of the Whole,3
SB22-120,2022,RS,Senate,2022-04-04,"Senate Second Reading Special Order - Passed with Amendments - Committee, Floor",4
SB22-120,2022,RS,Senate,2022-04-05,Senate Third Reading Passed - No Amendments,5
SB22-120,2022,RS,House,2022-04-05,Introduced In House - Assigned to Health & Insurance,6
SB22-120,2022,RS,House,2022-04-27,House Committee on Health & Insurance Lay Over Unamended - Amendment(s) Failed,7
SB22-120,2022,RS,House,2022-05-02,House Committee on Health & Insurance Refer Amended to Finance,8
SB22-120,2022,RS,House,2022-05-05,House Committee on Finance Refer Unamended to House Committee of the Whole,9
SB22-120,2022,RS,House,2022-05-09,"House Second Reading Special Order - Passed with Amendments - Committee, Floor",10
SB22-120,2022,RS,House,2022-05-10,House Third Reading Passed - No Amendments,11
SB22-120,2022,RS,Senate,2022-05-10,Senate Considered House Amendments - Result was to Not Concur - Request Conference Committee,12
SB22-120,2022,RS,House,2022-05-11,House Consideration of First Conference Committee Report result was to Adopt Committee Report - Repass,13
SB22-120,2022,RS,Senate,2022-05-11,Senate Consideration of First Conference Committee Report result was to Adopt Committee Report - Repass,14
SB22-120,2022,RS,Senate,2022-05-25,Signed by the President of the Senate,15
SB22-120,2022,RS,House,2022-05-25,Signed by the Speaker of the House,16
SB22-120,2022,RS,Governor,2022-05-25,Sent to the Governor,17
SB22-120,2022,RS,Governor,2022-05-26,Governor Signed,18
SB22-121,2022,RS,Senate,2022-02-03,Introduced In Senate - Assigned to Education,1
SB22-121,2022,RS,Senate,2022-02-17,Senate Committee on Education Refer Unamended - Consent Calendar to Senate Committee of the Whole,2
SB22-121,2022,RS,Senate,2022-02-23,Senate Second Reading Passed - No Amendments,3
SB22-121,2022,RS,Senate,2022-02-24,Senate Third Reading Passed - No Amendments,4
SB22-121,2022,RS,House,2022-02-24,Introduced In House - Assigned to Education,5
SB22-121,2022,RS,House,2022-03-17,House Committee on Education Refer Unamended to House Committee of the Whole,6
SB22-121,2022,RS,House,2022-03-22,House Second Reading Passed - No Amendments,7
SB22-121,2022,RS,House,2022-03-23,House Third Reading Laid Over Daily - No Amendments,8
SB22-121,2022,RS,House,2022-03-25,House Third Reading Passed - No Amendments,9
SB22-121,2022,RS,Senate,2022-03-30,Signed by the President of the Senate,10
SB22-121,2022,RS,House,2022-04-01,Signed by the Speaker of the House,11
SB22-121,2022,RS,Governor,2022-04-01,Sent to the Governor,12
SB22-121,2022,RS,Governor,2022-04-07,Governor Signed,13
SB22-122,2022,RS,Senate,2022-02-03,Introduced In Senate - Assigned to Judiciary,1
SB22-122,2022,RS,Senate,2022-03-03,Senate Committee on Judiciary Postpone Indefinitely,2
SB22-123,2022,RS,Senate,2022-02-03,"Introduced In Senate - Assigned to State, Veterans, & Military Affairs",1
SB22-123,2022,RS,Senate,2022-02-22,"Senate Committee on State, Veterans, & Military Affairs Witness Testimony and/or Committee Discussion Only",2
SB22-123,2022,RS,Senate,2022-03-01,"Senate Committee on State, Veterans, & Military Affairs Postpone Indefinitely",3
SB22-124,2022,RS,Senate,2022-02-03,Introduced In Senate - Assigned to Finance,1
SB22-124,2022,RS,Senate,2022-02-23,Senate Committee on Finance Refer Amended to Appropriations,2
SB22-124,2022,RS,Senate,2022-04-26,Senate Committee on Appropriations Refer Amended - Consent Calendar to Senate Committee of the Whole,3
SB22-124,2022,RS,Senate,2022-04-26,"Senate Second Reading Special Order - Passed with Amendments - Committee, Floor",4
SB22-124,2022,RS,Senate,2022-04-27,Senate Third Reading Passed - No Amendments,5
SB22-124,2022,RS,House,2022-04-27,Introduced In House - Assigned to Business Affairs & Labor,6
SB22-124,2022,RS,House,2022-05-04,House Committee on Business Affairs & Labor Refer Amended to Appropriations,7
SB22-124,2022,RS,House,2022-05-05,House Committee on Appropriations Refer Amended to House Committee of the Whole,8
SB22-124,2022,RS,House,2022-05-05,House Second Reading Special Order - Passed with Amendments - Committee,9
SB22-124,2022,RS,House,2022-05-06,House Third Reading Laid Over Daily - No Amendments,10
SB22-124,2022,RS,House,2022-05-10,House Third Reading Passed with Amendments - Floor,11
SB22-124,2022,RS,Senate,2022-05-10,Senate Considered House Amendments - Result was to Concur - Repass,12
SB22-124,2022,RS,Senate,2022-05-11,Signed by the President of the Senate,13
SB22-124,2022,RS,House,2022-05-11,Signed by the Speaker of the House,14
SB22-124,2022,RS,Governor,2022-05-11,Sent to the Governor,15
SB22-124,2022,RS,Governor,2022-05-16,Governor Signed,16
SB22-125,2022,RS,Senate,2022-02-03,"Introduced In Senate - Assigned to State, Veterans, & Military Affairs",1
SB22-125,2022,RS,Senate,2022-02-22,"Senate Committee on State, Veterans, & Military Affairs Postpone Indefinitely",2
SB22-126,2022,RS,Senate,2022-02-04,Introduced In Senate - Assigned to Agriculture & Natural Resources,1
SB22-126,2022,RS,Senate,2022-02-24,Senate Committee on Agriculture & Natural Resources Refer Amended - Consent Calendar to Senate Committee of the Whole,2
SB22-126,2022,RS,Senate,2022-03-01,Senate Second Reading Laid Over to 03/07/2022 - No Amendments,3
SB22-126,2022,RS,Senate,2022-03-07,Senate Second Reading Laid Over to 03/14/2022 - No Amendments,4
SB22-126,2022,RS,Senate,2022-03-14,Senate Second Reading Laid Over to 03/21/2022 - No Amendments,5
SB22-126,2022,RS,Senate,2022-03-21,Senate Second Reading Passed with Amendments - Committee,6
SB22-126,2022,RS,Senate,2022-03-22,Senate Third Reading Passed - No Amendments,7
SB22-126,2022,RS,House,2022-03-23,"Introduced In House - Assigned to Agriculture, Livestock, & Water",8
SB22-126,2022,RS,House,2022-03-28,"House Committee on Agriculture, Livestock, & Water Postpone Indefinitely",9
SB22-127,2022,RS,Senate,2022-02-08,Introduced In Senate - Assigned to Education,1
SB22-127,2022,RS,Senate,2022-02-16,Senate Committee on Education Refer Unamended to Appropriations,2
SB22-127,2022,RS,Senate,2022-04-01,Senate Committee on Appropriations Refer Amended - Consent Calendar to Senate Committee of the Whole,3
SB22-127,2022,RS,Senate,2022-04-01,Senate Second Reading Special Order - Passed with Amendments - Committee,4
SB22-127,2022,RS,Senate,2022-04-04,Senate Third Reading Passed - No Amendments,5
SB22-127,2022,RS,House,2022-04-04,Introduced In House - Assigned to Education,6
SB22-127,2022,RS,House,2022-04-13,House Committee on Education Refer Unamended to Appropriations,7
SB22-127,2022,RS,House,2022-04-26,House Committee on Appropriations Refer Unamended to House Committee of the Whole,8
SB22-127,2022,RS,House,2022-04-26,House Second Reading Special Order - Passed - No Amendments,9
SB22-127,2022,RS,House,2022-04-27,House Third Reading Laid Over Daily - No Amendments,10
SB22-127,2022,RS,House,2022-04-29,House Third Reading Passed - No Amendments,11
SB22-127,2022,RS,Senate,2022-05-09,Signed by the President of the Senate,12
SB22-127,2022,RS,House,2022-05-10,Signed by the Speaker of the House,13
SB22-127,2022,RS,Governor,2022-05-10,Sent to the Governor,14
SB22-127,2022,RS,Governor,2022-05-26,Governor Signed,15
SB22-128,2022,RS,Senate,2022-02-09,Introduced In Senate - Assigned to Judiciary,1
SB22-128,2022,RS,Senate,2022-02-23,Senate Committee on Judiciary Lay Over Unamended - Amendment(s) Failed,2
SB22-128,2022,RS,Senate,2022-03-10,Senate Committee on Judiciary Postpone Indefinitely,3
SB22-129,2022,RS,Senate,2022-02-09,"Introduced In Senate - Assigned to State, Veterans, & Military Affairs",1
SB22-129,2022,RS,Senate,2022-02-22,"Senate Committee on State, Veterans, & Military Affairs Postpone Indefinitely",2
SB22-130,2022,RS,Senate,2022-02-09,"Introduced In Senate - Assigned to Business, Labor, & Technology",1
SB22-130,2022,RS,Senate,2022-03-02,"Senate Committee on Business, Labor, & Technology Refer Amended to Appropriations",2
SB22-130,2022,RS,Senate,2022-04-01,Senate Committee on Appropriations Refer Amended to Senate Committee of the Whole,3
SB22-130,2022,RS,Senate,2022-04-05,Senate Second Reading Passed with Amendments - Committee,4
SB22-130,2022,RS,Senate,2022-04-06,Senate Third Reading Passed - No Amendments,5
SB22-130,2022,RS,House,2022-04-06,Introduced In House - Assigned to Business Affairs & Labor,6
SB22-130,2022,RS,House,2022-04-14,House Committee on Business Affairs & Labor Refer Amended to Appropriations,7
SB22-130,2022,RS,House,2022-04-26,House Committee on Appropriations Refer Amended to House Committee of the Whole,8
SB22-130,2022,RS,House,2022-04-26,"House Second Reading Special Order - Passed with Amendments - Committee, Floor",9
SB22-130,2022,RS,House,2022-04-27,House Third Reading Laid Over Daily - No Amendments,10
SB22-130,2022,RS,House,2022-04-29,House Third Reading Passed - No Amendments,11
SB22-130,2022,RS,Senate,2022-05-02,Senate Considered House Amendments - Result was to Laid Over Daily,12
SB22-130,2022,RS,Senate,2022-05-04,Senate Considered House Amendments - Result was to Concur - Repass,13
SB22-130,2022,RS,Senate,2022-05-09,Signed by the President of the Senate,14
SB22-130,2022,RS,House,2022-05-10,Signed by the Speaker of the House,15
SB22-130,2022,RS,Governor,2022-05-10,Sent to the Governor,16
SB22-130,2022,RS,Governor,2022-05-26,Governor Signed,17
SB22-131,2022,RS,Senate,2022-02-10,Introduced In Senate - Assigned to Agriculture & Natural Resources,1
SB22-131,2022,RS,Senate,2022-03-03,Senate Committee on Agriculture & Natural Resources Postpone Indefinitely,2
SB22-132,2022,RS,Senate,2022-02-14,"Introduced In Senate - Assigned to Business, Labor, & Technology",1
SB22-132,2022,RS,Senate,2022-03-09,"Senate Committee on Business, Labor, & Technology Postpone Indefinitely",2
SB22-133,2022,RS,Senate,2022-02-14,"Introduced In Senate - Assigned to State, Veterans, & Military Affairs",1
SB22-133,2022,RS,Senate,2022-03-08,"Senate Committee on State, Veterans, & Military Affairs Refer Amended to Appropriations",2
SB22-133,2022,RS,Senate,2022-04-01,Senate Committee on Appropriations Refer Amended to Senate Committee of the Whole,3
SB22-133,2022,RS,Senate,2022-04-05,Senate Second Reading Passed with Amendments - Committee,4
SB22-133,2022,RS,Senate,2022-04-06,Senate Third Reading Passed - No Amendments,5
SB22-133,2022,RS,House,2022-04-06,"Introduced In House - Assigned to State, Civic, Military, & Veterans Affairs",6
SB22-133,2022,RS,House,2022-04-25,"House Committee on State, Civic, Military, & Veterans Affairs Refer Unamended to Appropriations",7
SB22-133,2022,RS,House,2022-05-05,House Committee on Appropriations Refer Unamended to House Committee of the Whole,8
SB22-133,2022,RS,House,2022-05-09,House Second Reading Special Order - Laid Over Daily - No Amendments,9
SB22-133,2022,RS,House,2022-05-10,House Second Reading Special Order - Passed - No Amendments,10
SB22-133,2022,RS,House,2022-05-11,House Third Reading Passed - No Amendments,11
SB22-133,2022,RS,Senate,2022-05-18,Signed by the President of the Senate,12
SB22-133,2022,RS,House,2022-05-18,Signed by the Speaker of the House,13
SB22-133,2022,RS,Governor,2022-05-18,Sent to the Governor,14
SB22-133,2022,RS,Governor,2022-06-08,Governor Signed,15
SB22-134,2022,RS,Senate,2022-02-14,Introduced In Senate - Assigned to Agriculture & Natural Resources,1
SB22-134,2022,RS,Senate,2022-02-17,Senate Committee on Agriculture & Natural Resources Refer Unamended to Appropriations,2
SB22-134,2022,RS,Senate,2022-05-02,Senate Committee on Appropriations Refer Amended - Consent Calendar to Senate Committee of the Whole,3
SB22-134,2022,RS,Senate,2022-05-02,Senate Second Reading Special Order - Passed with Amendments - Committee,4
SB22-134,2022,RS,Senate,2022-05-03,Senate Third Reading Passed - No Amendments,5
SB22-134,2022,RS,House,2022-05-03,Introduced In House - Assigned to Appropriations,6
SB22-134,2022,RS,House,2022-05-05,House Committee on Appropriations Refer Unamended to House Committee of the Whole,7
SB22-134,2022,RS,House,2022-05-05,House Second Reading Special Order - Passed - No Amendments,8
SB22-134,2022,RS,House,2022-05-06,House Third Reading Laid Over Daily - No Amendments,9
SB22-134,2022,RS,House,2022-05-09,House Third Reading Passed - No Amendments,10
SB22-134,2022,RS,Senate,2022-05-17,Signed by the President of the Senate,11
SB22-134,2022,RS,Governor,2022-05-17,Sent to the Governor,12
SB22-134,2022,RS,House,2022-05-17,Signed by the Speaker of the House,13
SB22-134,2022,RS,Governor,2022-05-27,Governor Signed,14
SB22-135,2022,RS,Senate,2022-02-16,"Introduced In Senate - Assigned to State, Veterans, & Military Affairs",1
SB22-135,2022,RS,Senate,2022-03-01,"Senate Committee on State, Veterans, & Military Affairs Witness Testimony and/or Committee Discussion Only",2
SB22-135,2022,RS,Senate,2022-04-26,"Senate Committee on State, Veterans, & Military Affairs Postpone Indefinitely",3
SB22-136,2022,RS,Senate,2022-02-16,Introduced In Senate - Assigned to Local Government,1
SB22-136,2022,RS,Senate,2022-03-01,Senate Committee on Local Government Postpone Indefinitely,2
SB22-137,2022,RS,Senate,2022-02-16,Introduced In Senate - Assigned to Education,1
SB22-137,2022,RS,Senate,2022-02-23,Senate Committee on Education Refer Unamended to Senate Committee of the Whole,2
SB22-137,2022,RS,Senate,2022-02-28,Senate Second Reading Passed - No Amendments,3
SB22-137,2022,RS,Senate,2022-03-01,Senate Third Reading Passed - No Amendments,4
SB22-137,2022,RS,House,2022-03-08,Introduced In House - Assigned to Education,5
SB22-137,2022,RS,House,2022-03-24,House Committee on Education Refer Unamended to House Committee of the Whole,6
SB22-137,2022,RS,House,2022-03-28,House Second Reading Special Order - Passed - No Amendments,7
SB22-137,2022,RS,House,2022-03-29,House Third Reading Passed - No Amendments,8
SB22-137,2022,RS,Senate,2022-04-05,Signed by the President of the Senate,9
SB22-137,2022,RS,House,2022-04-06,Signed by the Speaker of the House,10
SB22-137,2022,RS,Governor,2022-04-06,Sent to the Governor,11
SB22-137,2022,RS,Governor,2022-04-13,Governor Signed,12
SB22-138,2022,RS,Senate,2022-02-16,Introduced In Senate - Assigned to Transportation & Energy,1
SB22-138,2022,RS,Senate,2022-03-15,Senate Committee on Transportation & Energy Refer Amended to Finance,2
SB22-138,2022,RS,Senate,2022-03-30,Senate Committee on Finance Refer Amended to Appropriations,3
SB22-138,2022,RS,Senate,2022-04-19,Senate Committee on Appropriations Refer Amended to Senate Committee of the Whole,4
SB22-138,2022,RS,Senate,2022-04-21,"Senate Second Reading Passed with Amendments - Committee, Floor",5
SB22-138,2022,RS,Senate,2022-04-22,Senate Third Reading Passed - No Amendments,6
SB22-138,2022,RS,House,2022-04-22,Introduced In House - Assigned to Energy & Environment,7
SB22-138,2022,RS,House,2022-04-28,House Committee on Energy & Environment Refer Unamended to Finance,8
SB22-138,2022,RS,House,2022-05-05,House Committee on Finance Refer Amended to Appropriations,9
SB22-138,2022,RS,House,2022-05-09,House Committee on Appropriations Refer Amended to House Committee of the Whole,10
SB22-138,2022,RS,House,2022-05-09,House Second Reading Special Order - Laid Over Daily - No Amendments,11
SB22-139,2022,RS,Senate,2022-02-24,"Introduced In Senate - Assigned to State, Veterans, & Military Affairs",1
SB22-139,2022,RS,Senate,2022-03-15,"Senate Committee on State, Veterans, & Military Affairs Refer Unamended - Consent Calendar to Senate Committee of the Whole",2
SB22-139,2022,RS,Senate,2022-03-18,Senate Second Reading Passed - No Amendments,3
SB22-139,2022,RS,Senate,2022-03-21,Senate Third Reading Passed - No Amendments,4
SB22-139,2022,RS,House,2022-03-21,"Introduced In House - Assigned to State, Civic, Military, & Veterans Affairs",5
SB22-139,2022,RS,House,2022-04-04,"House Committee on State, Civic, Military, & Veterans Affairs Refer Unamended to House Committee of the Whole",6
SB22-139,2022,RS,House,2022-04-07,House Second Reading Laid Over Daily - No Amendments,7
SB22-139,2022,RS,House,2022-04-08,House Second Reading Special Order - Passed - No Amendments,8
SB22-139,2022,RS,House,2022-04-11,House Third Reading Passed - No Amendments,9
SB22-139,2022,RS,Senate,2022-04-21,Signed by the President of the Senate,10
SB22-139,2022,RS,House,2022-04-21,Signed by the Speaker of the House,11
SB22-139,2022,RS,Governor,2022-04-21,Sent to the Governor,12
SB22-139,2022,RS,Governor,2022-05-02,Governor Signed,13
SB22-140,2022,RS,Senate,2022-02-24,"Introduced In Senate - Assigned to Business, Labor, & Technology",1
SB22-140,2022,RS,Senate,2022-03-16,"Senate Committee on Business, Labor, & Technology Refer Amended to Appropriations",2
SB22-140,2022,RS,Senate,2022-04-19,Senate Committee on Appropriations Refer Amended to Senate Committee of the Whole,3
SB22-140,2022,RS,Senate,2022-04-20,"Senate Second Reading Special Order - Passed with Amendments - Committee, Floor",4
SB22-140,2022,RS,Senate,2022-04-21,Senate Third Reading Passed - No Amendments,5
SB22-140,2022,RS,House,2022-04-21,Introduced In House - Assigned to Business Affairs & Labor,6
SB22-140,2022,RS,House,2022-04-27,House Committee on Business Affairs & Labor Refer Unamended to Appropriations,7
SB22-140,2022,RS,House,2022-05-03,House Committee on Appropriations Refer Amended to House Committee of the Whole,8
SB22-140,2022,RS,House,2022-05-03,House Second Reading Special Order - Passed with Amendments - Committee,9
SB22-140,2022,RS,House,2022-05-04,House Third Reading Laid Over Daily - No Amendments,10
SB22-140,2022,RS,House,2022-05-09,House Third Reading Passed - No Amendments,11
SB22-140,2022,RS,Senate,2022-05-10,Senate Considered House Amendments - Result was to Concur - Repass,12
SB22-140,2022,RS,Senate,2022-05-20,Signed by the President of the Senate,13
SB22-140,2022,RS,House,2022-05-20,Signed by the Speaker of the House,14
SB22-140,2022,RS,Governor,2022-05-20,Sent to the Governor,15
SB22-140,2022,RS,Governor,2022-06-03,Governor Signed,16
SB22-141,2022,RS,Senate,2022-02-28,Introduced In Senate - Assigned to Transportation & Energy,1
SB22-141,2022,RS,Senate,2022-03-10,Senate Committee on Transportation & Energy Refer Unamended - Consent Calendar to Senate Committee of the Whole,2
SB22-141,2022,RS,Senate,2022-03-15,Senate Second Reading Passed - No Amendments,3
SB22-141,2022,RS,Senate,2022-03-16,Senate Third Reading Passed - No Amendments,4
SB22-141,2022,RS,House,2022-03-16,Introduced In House - Assigned to Transportation & Local Government,5
SB22-141,2022,RS,House,2022-03-23,House Committee on Transportation & Local Government Refer Unamended to House Committee of the Whole,6
SB22-141,2022,RS,House,2022-03-28,House Second Reading Special Order - Passed - No Amendments,7
SB22-141,2022,RS,House,2022-03-29,House Third Reading Passed - No Amendments,8
SB22-141,2022,RS,Senate,2022-03-30,Signed by the President of the Senate,9
SB22-141,2022,RS,House,2022-04-01,Signed by the Speaker of the House,10
SB22-141,2022,RS,Governor,2022-04-01,Sent to the Governor,11
SB22-141,2022,RS,Governor,2022-04-07,Governor Signed,12
SB22-142,2022,RS,Senate,2022-02-28,Introduced In Senate - Assigned to Finance,1
SB22-142,2022,RS,Senate,2022-03-09,Senate Committee on Finance Refer Unamended - Consent Calendar to Senate Committee of the Whole,2
SB22-142,2022,RS,Senate,2022-03-11,Senate Second Reading Special Order - Passed - No Amendments,3
SB22-142,2022,RS,Senate,2022-03-14,Senate Third Reading Passed - No Amendments,4
SB22-142,2022,RS,House,2022-03-14,Introduced In House - Assigned to Transportation & Local Government,5
SB22-142,2022,RS,House,2022-03-23,House Committee on Transportation & Local Government Refer Unamended to House Committee of the Whole,6
SB22-142,2022,RS,House,2022-03-28,House Second Reading Special Order - Passed - No Amendments,7
SB22-142,2022,RS,House,2022-03-29,House Third Reading Passed - No Amendments,8
SB22-142,2022,RS,Senate,2022-04-14,Signed by the President of the Senate,9
SB22-142,2022,RS,House,2022-04-14,Signed by the Speaker of the House,10
SB22-142,2022,RS,Governor,2022-04-14,Sent to the Governor,11
SB22-142,2022,RS,Governor,2022-04-15,Governor Signed,12
SB22-143,2022,RS,Senate,2022-02-28,Introduced In Senate - Assigned to Health & Human Services,1
SB22-143,2022,RS,Senate,2022-03-14,Senate Committee on Health & Human Services Refer Unamended - Consent Calendar to Senate Committee of the Whole,2
SB22-143,2022,RS,Senate,2022-03-16,Senate Second Reading Special Order - Passed - No Amendments,3
SB22-143,2022,RS,Senate,2022-03-17,Senate Third Reading Passed - No Amendments,4
SB22-143,2022,RS,House,2022-03-18,Introduced In House - Assigned to Public & Behavioral Health & Human Services,5
SB22-143,2022,RS,House,2022-03-29,House Committee on Public & Behavioral Health & Human Services Refer Unamended to House Committee of the Whole,6
SB22-143,2022,RS,House,2022-03-31,House Second Reading Special Order - Passed - No Amendments,7
SB22-143,2022,RS,House,2022-04-01,House Third Reading Passed - No Amendments,8
SB22-143,2022,RS,Senate,2022-04-14,Signed by the President of the Senate,9
SB22-143,2022,RS,House,2022-04-14,Signed by the Speaker of the House,10
SB22-143,2022,RS,Governor,2022-04-14,Sent to the Governor,11
SB22-143,2022,RS,Governor,2022-04-15,Governor Signed,12
SB22-144,2022,RS,Senate,2022-03-01,Introduced In Senate - Assigned to Transportation & Energy,1
SB22-144,2022,RS,Senate,2022-03-10,Senate Committee on Transportation & Energy Refer Amended - Consent Calendar to Senate Committee of the Whole,2
SB22-144,2022,RS,Senate,2022-03-15,Senate Second Reading Laid Over Daily - No Amendments,3
SB22-144,2022,RS,Senate,2022-03-16,Senate Second Reading Passed with Amendments - Committee,4
SB22-144,2022,RS,Senate,2022-03-17,Senate Third Reading Passed with Amendments - Floor,5
SB22-144,2022,RS,Senate,2022-03-17,Senate Third Reading Reconsidered - No Amendments,6
SB22-144,2022,RS,House,2022-03-22,"Introduced In House - Assigned to State, Civic, Military, & Veterans Affairs",7
SB22-144,2022,RS,House,2022-04-21,"House Committee on State, Civic, Military, & Veterans Affairs Refer Amended to House Committee of the Whole",8
SB22-144,2022,RS,House,2022-04-26,House Second Reading Laid Over Daily - No Amendments,9
SB22-144,2022,RS,House,2022-04-27,"House Second Reading Special Order - Passed with Amendments - Committee, Floor",10
SB22-144,2022,RS,House,2022-04-28,House Third Reading Laid Over Daily - No Amendments,11
SB22-144,2022,RS,House,2022-04-29,House Third Reading Passed - No Amendments,12
SB22-144,2022,RS,Senate,2022-05-02,Senate Considered House Amendments - Result was to Laid Over Daily,13
SB22-144,2022,RS,Senate,2022-05-04,Senate Considered House Amendments - Result was to Concur - Repass,14
SB22-144,2022,RS,Senate,2022-05-09,Signed by the President of the Senate,15
SB22-144,2022,RS,House,2022-05-10,Signed by the Speaker of the House,16
SB22-144,2022,RS,Governor,2022-05-10,Sent to the Governor,17
SB22-144,2022,RS,Governor,2022-05-27,Governor Signed,18
SB22-145,2022,RS,Senate,2022-03-03,Introduced In Senate - Assigned to Local Government,1
SB22-145,2022,RS,Senate,2022-03-29,Senate Committee on Local Government Refer Amended to Appropriations,2
SB22-145,2022,RS,Senate,2022-04-22,Senate Committee on Appropriations Refer Amended to Senate Committee of the Whole,3
SB22-145,2022,RS,Senate,2022-04-26,"Senate Second Reading Passed with Amendments - Committee, Floor",4
SB22-145,2022,RS,Senate,2022-04-27,Senate Third Reading Passed - No Amendments,5
SB22-145,2022,RS,House,2022-04-27,Introduced In House - Assigned to Judiciary,6
SB22-145,2022,RS,House,2022-05-03,House Committee on Judiciary Refer Unamended to Appropriations,7
SB22-145,2022,RS,House,2022-05-04,House Committee on Appropriations Refer Unamended to House Committee of the Whole,8
SB22-145,2022,RS,House,2022-05-04,House Second Reading Special Order - Passed - No Amendments,9
SB22-145,2022,RS,House,2022-05-06,House Third Reading Laid Over Daily - No Amendments,10
SB22-145,2022,RS,House,2022-05-10,House Third Reading Passed - No Amendments,11
SB22-145,2022,RS,Senate,2022-05-11,Signed by the President of the Senate,12
SB22-145,2022,RS,House,2022-05-16,Signed by the Speaker of the House,13
SB22-145,2022,RS,Governor,2022-05-16,Sent to the Governor,14
SB22-145,2022,RS,Governor,2022-05-20,Governor Signed,15
SB22-146,2022,RS,Senate,2022-03-07,Introduced In Senate - Assigned to Local Government,1
SB22-146,2022,RS,Senate,2022-03-29,Senate Committee on Local Government Refer Unamended to Appropriations,2
SB22-146,2022,RS,Senate,2022-04-08,Senate Committee on Appropriations Refer Amended to Senate Committee of the Whole,3
SB22-146,2022,RS,Senate,2022-04-12,Senate Second Reading Passed with Amendments - Committee,4
SB22-146,2022,RS,Senate,2022-04-13,Senate Third Reading Passed - No Amendments,5
SB22-146,2022,RS,House,2022-04-13,Introduced In House - Assigned to Transportation & Local Government,6
SB22-146,2022,RS,House,2022-04-20,House Committee on Transportation & Local Government Refer Unamended to Appropriations,7
SB22-146,2022,RS,House,2022-04-26,House Committee on Appropriations Refer Unamended to House Committee of the Whole,8
SB22-146,2022,RS,House,2022-04-26,House Second Reading Special Order - Passed - No Amendments,9
SB22-146,2022,RS,House,2022-04-27,House Third Reading Laid Over Daily - No Amendments,10
SB22-146,2022,RS,House,2022-04-29,House Third Reading Passed - No Amendments,11
SB22-146,2022,RS,Senate,2022-05-09,Signed by the President of the Senate,12
SB22-146,2022,RS,House,2022-05-10,Signed by the Speaker of the House,13
SB22-146,2022,RS,Governor,2022-05-10,Sent to the Governor,14
SB22-146,2022,RS,Governor,2022-05-16,Governor Signed,15
SB22-147,2022,RS,Senate,2022-03-07,Introduced In Senate - Assigned to Health & Human Services,1
SB22-147,2022,RS,Senate,2022-03-23,Senate Committee on Health & Human Services Refer Unamended to Appropriations,2
SB22-147,2022,RS,Senate,2022-04-01,Senate Committee on Appropriations Refer Amended - Consent Calendar to Senate Committee of the Whole,3
SB22-147,2022,RS,Senate,2022-04-01,Senate Second Reading Special Order - Passed with Amendments - Committee,4
SB22-147,2022,RS,Senate,2022-04-04,Senate Third Reading Passed - No Amendments,5
SB22-147,2022,RS,House,2022-04-04,Introduced In House - Assigned to Public & Behavioral Health & Human Services,6
SB22-147,2022,RS,House,2022-04-26,House Committee on Public & Behavioral Health & Human Services Refer Unamended to Appropriations,7
SB22-147,2022,RS,House,2022-04-27,House Committee on Appropriations Refer Unamended to House Committee of the Whole,8
SB22-147,2022,RS,House,2022-04-27,House Second Reading Special Order - Passed - No Amendments,9
SB22-147,2022,RS,House,2022-04-28,House Third Reading Laid Over Daily - No Amendments,10
SB22-147,2022,RS,House,2022-04-29,House Third Reading Passed - No Amendments,11
SB22-147,2022,RS,Senate,2022-05-09,Signed by the President of the Senate,12
SB22-147,2022,RS,House,2022-05-10,Signed by the Speaker of the House,13
SB22-147,2022,RS,Governor,2022-05-10,Sent to the Governor,14
SB22-147,2022,RS,Governor,2022-05-17,Governor Signed,15
SB22-148,2022,RS,Senate,2022-03-07,"Introduced In Senate - Assigned to State, Veterans, & Military Affairs",1
SB22-148,2022,RS,Senate,2022-03-15,"Senate Committee on State, Veterans, & Military Affairs Refer Unamended to Appropriations",2
SB22-148,2022,RS,Senate,2022-04-01,Senate Committee on Appropriations Refer Amended - Consent Calendar to Senate Committee of the Whole,3
SB22-148,2022,RS,Senate,2022-04-01,Senate Second Reading Special Order - Passed with Amendments - Committee,4
SB22-148,2022,RS,Senate,2022-04-04,Senate Third Reading Passed - No Amendments,5
SB22-148,2022,RS,House,2022-04-04,Introduced In House - Assigned to Public & Behavioral Health & Human Services,6
SB22-148,2022,RS,House,2022-04-19,House Committee on Public & Behavioral Health & Human Services Refer Unamended to Appropriations,7
SB22-148,2022,RS,House,2022-04-26,House Committee on Appropriations Refer Unamended to House Committee of the Whole,8
SB22-148,2022,RS,House,2022-04-26,House Second Reading Special Order - Passed - No Amendments,9
SB22-148,2022,RS,House,2022-04-27,House Third Reading Laid Over Daily - No Amendments,10
SB22-148,2022,RS,House,2022-04-29,House Third Reading Passed - No Amendments,11
SB22-148,2022,RS,Senate,2022-05-16,Signed by the President of the Senate,12
SB22-148,2022,RS,House,2022-05-16,Signed by the Speaker of the House,13
SB22-148,2022,RS,Governor,2022-05-16,Sent to the Governor,14
SB22-148,2022,RS,Governor,2022-05-24,Governor Signed,15
SB22-149,2022,RS,Senate,2022-03-07,Introduced In Senate - Assigned to Health & Human Services,1
SB22-149,2022,RS,Senate,2022-03-30,Senate Committee on Health & Human Services Postpone Indefinitely,2
SB22-150,2022,RS,Senate,2022-03-08,Introduced In Senate - Assigned to Judiciary,1
SB22-150,2022,RS,Senate,2022-03-24,Senate Committee on Judiciary Refer Amended to Appropriations,2
SB22-150,2022,RS,Senate,2022-04-21,Senate Committee on Appropriations Refer Amended to Senate Committee of the Whole,3
SB22-150,2022,RS,Senate,2022-04-21,Senate Second Reading Special Order - Passed with Amendments - Committee,4
SB22-150,2022,RS,Senate,2022-04-22,Senate Third Reading Passed - No Amendments,5
SB22-150,2022,RS,House,2022-04-22,"Introduced In House - Assigned to State, Civic, Military, & Veterans Affairs",6
SB22-150,2022,RS,House,2022-04-25,"House Committee on State, Civic, Military, & Veterans Affairs Refer Amended to Appropriations",7
SB22-150,2022,RS,House,2022-04-27,House Committee on Appropriations Refer Unamended to House Committee of the Whole,8
SB22-150,2022,RS,House,2022-04-29,House Second Reading Special Order - Laid Over Daily - No Amendments,9
SB22-150,2022,RS,House,2022-05-03,House Second Reading Special Order - Passed with Amendments - Committee,10
SB22-150,2022,RS,House,2022-05-04,House Third Reading Laid Over Daily - No Amendments,11
SB22-150,2022,RS,House,2022-05-10,House Third Reading Passed with Amendments - Floor,12
SB22-150,2022,RS,Senate,2022-05-10,Senate Considered House Amendments - Result was to Concur - Repass,13
SB22-150,2022,RS,Senate,2022-05-20,Signed by the President of the Senate,14
SB22-150,2022,RS,House,2022-05-20,Signed by the Speaker of the House,15
SB22-150,2022,RS,Governor,2022-05-20,Sent to the Governor,16
SB22-150,2022,RS,Governor,2022-06-08,Governor Signed,17
SB22-151,2022,RS,Senate,2022-03-08,Introduced In Senate - Assigned to Transportation & Energy,1
SB22-151,2022,RS,Senate,2022-03-29,Senate Committee on Transportation & Energy Refer Unamended to Appropriations,2
SB22-151,2022,RS,Senate,2022-05-02,Senate Committee on Appropriations Refer Amended to Senate Committee of the Whole,3
SB22-151,2022,RS,Senate,2022-05-02,Senate Second Reading Special Order - Passed with Amendments - Committee,4
SB22-151,2022,RS,Senate,2022-05-03,Senate Third Reading Passed - No Amendments,5
SB22-151,2022,RS,House,2022-05-03,"Introduced In House - Assigned to State, Civic, Military, & Veterans Affairs",6
SB22-151,2022,RS,House,2022-05-04,"House Committee on State, Civic, Military, & Veterans Affairs Refer Unamended to Appropriations",7
SB22-151,2022,RS,House,2022-05-05,House Committee on Appropriations Refer Unamended to House Committee of the Whole,8
SB22-151,2022,RS,House,2022-05-05,House Second Reading Special Order - Passed - No Amendments,9
SB22-151,2022,RS,House,2022-05-06,House Third Reading Laid Over Daily - No Amendments,10
SB22-151,2022,RS,House,2022-05-10,House Third Reading Passed - No Amendments,11
SB22-151,2022,RS,Senate,2022-05-18,Signed by the President of the Senate,12
SB22-151,2022,RS,House,2022-05-18,Signed by the Speaker of the House,13
SB22-151,2022,RS,Governor,2022-05-18,Sent to the Governor,14
SB22-151,2022,RS,Governor,2022-06-01,Governor Signed,15
SB22-152,2022,RS,Senate,2022-03-08,"Introduced In Senate - Assigned to State, Veterans, & Military Affairs",1
SB22-152,2022,RS,Senate,2022-03-15,"Senate Committee on State, Veterans, & Military Affairs Refer Unamended - Consent Calendar to Senate Committee of the Whole",2
SB22-152,2022,RS,Senate,2022-03-18,Senate Second Reading Passed - No Amendments,3
SB22-152,2022,RS,Senate,2022-03-21,Senate Third Reading Passed - No Amendments,4
SB22-152,2022,RS,House,2022-03-21,"Introduced In House - Assigned to State, Civic, Military, & Veterans Affairs",5
SB22-152,2022,RS,House,2022-03-28,"House Committee on State, Civic, Military, & Veterans Affairs Refer Unamended to House Committee of the Whole",6
SB22-152,2022,RS,House,2022-03-31,House Second Reading Special Order - Passed - No Amendments,7
SB22-152,2022,RS,House,2022-04-01,House Third Reading Passed - No Amendments,8
SB22-152,2022,RS,Senate,2022-04-05,Signed by the President of the Senate,9
SB22-152,2022,RS,House,2022-04-06,Signed by the Speaker of the House,10
SB22-152,2022,RS,Governor,2022-04-06,Sent to the Governor,11
SB22-152,2022,RS,Governor,2022-04-13,Governor Signed,12
SB22-153,2022,RS,Senate,2022-03-11,"Introduced In Senate - Assigned to State, Veterans, & Military Affairs",1
SB22-153,2022,RS,Senate,2022-03-15,"Senate Committee on State, Veterans, & Military Affairs Refer Amended to Appropriations",2
SB22-153,2022,RS,Senate,2022-03-18,Senate Committee on Appropriations Refer Amended to Senate Committee of the Whole,3
SB22-153,2022,RS,Senate,2022-03-22,Senate Second Reading Laid Over Daily - No Amendments,4
SB22-153,2022,RS,Senate,2022-03-24,"Senate Second Reading Passed with Amendments - Committee, Floor",5
SB22-153,2022,RS,Senate,2022-03-25,Senate Third Reading Passed - No Amendments,6
SB22-153,2022,RS,House,2022-03-25,"Introduced In House - Assigned to State, Civic, Military, & Veterans Affairs",7
SB22-153,2022,RS,House,2022-04-18,"House Committee on State, Civic, Military, & Veterans Affairs Refer Amended to Appropriations",8
SB22-153,2022,RS,House,2022-04-26,House Committee on Appropriations Refer Amended to House Committee of the Whole,9
SB22-153,2022,RS,House,2022-04-28,House Second Reading Laid Over Daily - No Amendments,10
SB22-153,2022,RS,House,2022-05-04,"House Second Reading Special Order - Passed with Amendments - Committee, Floor",11
SB22-153,2022,RS,House,2022-05-06,House Third Reading Laid Over Daily - No Amendments,12
SB22-153,2022,RS,House,2022-05-10,House Third Reading Passed with Amendments - Floor,13
SB22-153,2022,RS,Senate,2022-05-10,Senate Considered House Amendments - Result was to Concur - Repass,14
SB22-153,2022,RS,Senate,2022-05-20,Signed by the President of the Senate,15
SB22-153,2022,RS,House,2022-05-20,Signed by the Speaker of the House,16
SB22-153,2022,RS,Governor,2022-05-20,Sent to the Governor,17
SB22-153,2022,RS,Governor,2022-06-02,Governor Signed,18
SB22-154,2022,RS,Senate,2022-03-14,Introduced In Senate - Assigned to Health & Human Services,1
SB22-154,2022,RS,Senate,2022-04-04,Senate Committee on Health & Human Services Refer Amended to Appropriations,2
SB22-154,2022,RS,Senate,2022-04-19,Senate Committee on Appropriations Refer Amended to Senate Committee of the Whole,3
SB22-154,2022,RS,Senate,2022-04-21,"Senate Second Reading Passed with Amendments - Committee, Floor",4
SB22-154,2022,RS,Senate,2022-04-22,Senate Third Reading Passed - No Amendments,5
SB22-154,2022,RS,House,2022-04-22,Introduced In House - Assigned to Public & Behavioral Health & Human Services,6
SB22-154,2022,RS,House,2022-04-26,House Committee on Public & Behavioral Health & Human Services Refer Amended to Appropriations,7
SB22-154,2022,RS,House,2022-05-09,House Committee on Appropriations Refer Unamended to House Committee of the Whole,8
SB22-154,2022,RS,House,2022-05-09,House Second Reading Special Order - Laid Over Daily - No Amendments,9
SB22-154,2022,RS,House,2022-05-10,"House Second Reading Special Order - Passed with Amendments - Committee, Floor",10
SB22-154,2022,RS,House,2022-05-11,House Third Reading Passed with Amendments - Floor,11
SB22-154,2022,RS,Senate,2022-05-11,Senate Considered House Amendments - Result was to Concur - Repass,12
SB22-154,2022,RS,Senate,2022-05-25,Signed by the President of the Senate,13
SB22-154,2022,RS,House,2022-05-25,Signed by the Speaker of the House,14
SB22-154,2022,RS,Governor,2022-05-25,Sent to the Governor,15
SB22-154,2022,RS,Governor,2022-06-02,Governor Signed,16
SB22-155,2022,RS,Senate,2022-03-14,Introduced In Senate - Assigned to Health & Human Services,1
SB22-155,2022,RS,Senate,2022-04-20,Senate Committee on Health & Human Services Refer Amended to Appropriations,2
SB22-155,2022,RS,Senate,2022-04-26,Senate Committee on Appropriations Refer Unamended to Senate Committee of the Whole,3
SB22-155,2022,RS,Senate,2022-04-27,Senate Second Reading Special Order - Passed with Amendments - Committee,4
SB22-155,2022,RS,Senate,2022-04-28,Senate Third Reading Passed - No Amendments,5
SB22-155,2022,RS,House,2022-04-28,Introduced In House - Assigned to Public & Behavioral Health & Human Services,6
SB22-155,2022,RS,House,2022-05-03,House Committee on Public & Behavioral Health & Human Services Refer Unamended to Appropriations,7
SB22-155,2022,RS,House,2022-05-05,House Committee on Appropriations Refer Unamended to House Committee of the Whole,8
SB22-155,2022,RS,House,2022-05-05,House Second Reading Special Order - Passed - No Amendments,9
SB22-155,2022,RS,House,2022-05-06,House Third Reading Laid Over Daily - No Amendments,10
SB22-155,2022,RS,House,2022-05-09,House Third Reading Passed - No Amendments,11
SB22-155,2022,RS,Senate,2022-05-18,Signed by the President of the Senate,12
SB22-155,2022,RS,House,2022-05-18,Signed by the Speaker of the House,13
SB22-155,2022,RS,Governor,2022-05-18,Sent to the Governor,14
SB22-155,2022,RS,Governor,2022-06-09,Governor Signed,15
SB22-156,2022,RS,Senate,2022-03-15,Introduced In Senate - Assigned to Health & Human Services,1
SB22-156,2022,RS,Senate,2022-04-04,Senate Committee on Health & Human Services Refer Amended - Consent Calendar to Senate Committee of the Whole,2
SB22-156,2022,RS,Senate,2022-04-06,Senate Second Reading Special Order - Passed with Amendments - Committee,3
SB22-156,2022,RS,Senate,2022-04-07,Senate Third Reading Passed - No Amendments,4
SB22-156,2022,RS,House,2022-04-07,Introduced In House - Assigned to Health & Insurance,5
SB22-156,2022,RS,House,2022-04-20,House Committee on Health & Insurance Refer Unamended to House Committee of the Whole,6
SB22-156,2022,RS,House,2022-04-21,House Second Reading Special Order - Laid Over Daily - No Amendments,7
SB22-156,2022,RS,House,2022-04-22,House Second Reading Special Order - Passed - No Amendments,8
SB22-156,2022,RS,House,2022-04-25,House Third Reading Laid Over Daily - No Amendments,9
SB22-156,2022,RS,House,2022-04-26,House Third Reading Passed - No Amendments,10
SB22-156,2022,RS,Senate,2022-04-28,Signed by the President of the Senate,11
SB22-156,2022,RS,House,2022-04-28,Signed by the Speaker of the House,12
SB22-156,2022,RS,Governor,2022-04-28,Sent to the Governor,13
SB22-156,2022,RS,Governor,2022-05-06,Governor Signed,14
SB22-157,2022,RS,Senate,2022-03-15,"Introduced In Senate - Assigned to Business, Labor, & Technology",1
SB22-157,2022,RS,Senate,2022-03-28,"Senate Committee on Business, Labor, & Technology Refer Amended - Consent Calendar to Senate Committee of the Whole",2
SB22-157,2022,RS,Senate,2022-03-30,Senate Second Reading Special Order - Passed with Amendments - Committee,3
SB22-157,2022,RS,Senate,2022-03-31,Senate Third Reading Passed - No Amendments,4
SB22-157,2022,RS,House,2022-03-31,Introduced In House - Assigned to Business Affairs & Labor,5
SB22-157,2022,RS,House,2022-04-13,House Committee on Business Affairs & Labor Refer Amended to House Committee of the Whole,6
SB22-157,2022,RS,House,2022-04-14,House Second Reading Special Order - Passed with Amendments - Committee,7
SB22-157,2022,RS,House,2022-04-18,House Third Reading Passed - No Amendments,8
SB22-157,2022,RS,Senate,2022-04-19,Senate Considered House Amendments - Result was to Concur - Repass,9
SB22-157,2022,RS,Senate,2022-04-28,Signed by the President of the Senate,10
SB22-157,2022,RS,House,2022-04-28,Signed by the Speaker of the House,11
SB22-157,2022,RS,Governor,2022-04-28,Sent to the Governor,12
SB22-157,2022,RS,Governor,2022-05-06,Governor Signed,13
SB22-158,2022,RS,Senate,2022-03-17,Introduced In Senate - Assigned to Agriculture & Natural Resources,1
SB22-158,2022,RS,Senate,2022-03-24,Senate Committee on Agriculture & Natural Resources Refer Unamended to Appropriations,2
SB22-158,2022,RS,Senate,2022-04-01,Senate Committee on Appropriations Refer Unamended to Senate Committee of the Whole,3
SB22-158,2022,RS,Senate,2022-04-05,Senate Second Reading Passed - No Amendments,4
SB22-158,2022,RS,Senate,2022-04-06,Senate Third Reading Passed - No Amendments,5
SB22-158,2022,RS,Senate,2022-04-06,Senate Third Reading Reconsidered - No Amendments,6
SB22-158,2022,RS,House,2022-04-06,"Introduced In House - Assigned to Agriculture, Livestock, & Water",7
SB22-158,2022,RS,House,2022-04-11,"House Committee on Agriculture, Livestock, & Water Refer Unamended to Appropriations",8
SB22-158,2022,RS,House,2022-04-26,House Committee on Appropriations Refer Unamended to House Committee of the Whole,9
SB22-158,2022,RS,House,2022-04-26,House Second Reading Special Order - Passed - No Amendments,10
SB22-158,2022,RS,House,2022-04-27,House Third Reading Laid Over Daily - No Amendments,11
SB22-158,2022,RS,House,2022-04-29,House Third Reading Passed - No Amendments,12
SB22-158,2022,RS,Senate,2022-05-06,Signed by the President of the Senate,13
SB22-158,2022,RS,House,2022-05-06,Signed by the Speaker of the House,14
SB22-158,2022,RS,Governor,2022-05-09,Sent to the Governor,15
SB22-158,2022,RS,Governor,2022-06-01,Governor Signed,16
SB22-159,2022,RS,Senate,2022-03-17,Introduced In Senate - Assigned to Local Government,1
SB22-159,2022,RS,Senate,2022-04-05,Senate Committee on Local Government Refer Amended to Finance,2
SB22-159,2022,RS,Senate,2022-04-13,Senate Committee on Finance Refer Amended to Appropriations,3
SB22-159,2022,RS,Senate,2022-04-22,Senate Committee on Appropriations Refer Amended to Senate Committee of the Whole,4
SB22-159,2022,RS,Senate,2022-04-22,"Senate Second Reading Special Order - Passed with Amendments - Committee, Floor",5
SB22-159,2022,RS,Senate,2022-04-25,Senate Third Reading Passed - No Amendments,6
SB22-159,2022,RS,House,2022-04-25,Introduced In House - Assigned to Finance,7
SB22-159,2022,RS,House,2022-05-02,House Committee on Finance Refer Amended to Appropriations,8
SB22-159,2022,RS,House,2022-05-03,House Committee on Appropriations Refer Unamended to House Committee of the Whole,9
SB22-159,2022,RS,House,2022-05-03,House Second Reading Special Order - Passed with Amendments - Committee,10
SB22-159,2022,RS,House,2022-05-04,House Third Reading Laid Over Daily - No Amendments,11
SB22-159,2022,RS,House,2022-05-09,House Third Reading Passed - No Amendments,12
SB22-159,2022,RS,Senate,2022-05-10,Senate Considered House Amendments - Result was to Concur - Repass,13
SB22-159,2022,RS,Senate,2022-05-18,Signed by the President of the Senate,14
SB22-159,2022,RS,House,2022-05-18,Signed by the Speaker of the House,15
SB22-159,2022,RS,Governor,2022-05-18,Sent to the Governor,16
SB22-159,2022,RS,Governor,2022-05-26,Governor Signed,17
SB22-160,2022,RS,Senate,2022-03-17,Introduced In Senate - Assigned to Local Government,1
SB22-160,2022,RS,Senate,2022-04-05,Senate Committee on Local Government Refer Unamended to Appropriations,2
SB22-160,2022,RS,Senate,2022-04-12,Senate Committee on Appropriations Refer Amended to Senate Committee of the Whole,3
SB22-160,2022,RS,Senate,2022-04-14,"Senate Second Reading Passed with Amendments - Committee, Floor",4
SB22-160,2022,RS,Senate,2022-04-18,Senate Third Reading Laid Over to 04/20/2022 - No Amendments,5
SB22-160,2022,RS,Senate,2022-04-20,Senate Third Reading Passed - No Amendments,6
SB22-160,2022,RS,Senate,2022-04-20,Senate Third Reading Reconsidered - No Amendments,7
SB22-160,2022,RS,House,2022-04-20,Introduced In House - Assigned to Transportation & Local Government,8
SB22-160,2022,RS,House,2022-05-02,House Committee on Transportation & Local Government Refer Unamended to Appropriations,9
SB22-160,2022,RS,House,2022-05-03,House Committee on Appropriations Refer Unamended to House Committee of the Whole,10
SB22-160,2022,RS,House,2022-05-03,House Second Reading Special Order - Passed - No Amendments,11
SB22-160,2022,RS,House,2022-05-04,House Third Reading Laid Over Daily - No Amendments,12
SB22-160,2022,RS,House,2022-05-09,House Third Reading Passed - No Amendments,13
SB22-160,2022,RS,Senate,2022-05-09,Signed by the President of the Senate,14
SB22-160,2022,RS,House,2022-05-10,Signed by the Speaker of the House,15
SB22-160,2022,RS,Governor,2022-05-10,Sent to the Governor,16
SB22-160,2022,RS,Governor,2022-05-17,Governor Signed,17
SB22-161,2022,RS,Senate,2022-03-21,"Introduced In Senate - Assigned to Business, Labor, & Technology",1
SB22-161,2022,RS,Senate,2022-04-20,"Senate Committee on Business, Labor, & Technology Refer Amended to Appropriations",2
SB22-161,2022,RS,Senate,2022-05-02,Senate Committee on Appropriations Refer Amended to Senate Committee of the Whole,3
SB22-161,2022,RS,Senate,2022-05-02,"Senate Second Reading Special Order - Passed with Amendments - Committee, Floor",4
SB22-161,2022,RS,Senate,2022-05-03,Senate Third Reading Passed - No Amendments,5
SB22-161,2022,RS,House,2022-05-03,Introduced In House - Assigned to Business Affairs & Labor,6
SB22-161,2022,RS,House,2022-05-04,House Committee on Business Affairs & Labor Refer Unamended to Appropriations,7
SB22-161,2022,RS,House,2022-05-05,House Committee on Appropriations Refer Amended to House Committee of the Whole,8
SB22-161,2022,RS,House,2022-05-05,House Second Reading Special Order - Passed with Amendments - Committee,9
SB22-161,2022,RS,House,2022-05-06,House Third Reading Laid Over Daily - No Amendments,10
SB22-161,2022,RS,House,2022-05-10,House Third Reading Passed - No Amendments,11
SB22-161,2022,RS,Senate,2022-05-10,Senate Considered House Amendments - Result was to Concur - Repass,12
SB22-161,2022,RS,Senate,2022-05-20,Signed by the President of the Senate,13
SB22-161,2022,RS,House,2022-05-20,Signed by the Speaker of the House,14
SB22-161,2022,RS,Governor,2022-05-20,Sent to the Governor,15
SB22-161,2022,RS,Governor,2022-06-03,Governor Signed,16
SB22-162,2022,RS,Senate,2022-03-21,"Introduced In Senate - Assigned to State, Veterans, & Military Affairs",1
SB22-162,2022,RS,Senate,2022-03-31,"Senate Committee on State, Veterans, & Military Affairs Refer Amended - Consent Calendar to Senate Committee of the Whole",2
SB22-162,2022,RS,Senate,2022-04-04,Senate Second Reading Special Order - Passed with Amendments - Committee,3
SB22-162,2022,RS,Senate,2022-04-05,Senate Third Reading Passed - No Amendments,4
SB22-162,2022,RS,House,2022-04-05,"Introduced In House - Assigned to State, Civic, Military, & Veterans Affairs",5
SB22-162,2022,RS,House,2022-04-25,"House Committee on State, Civic, Military, & Veterans Affairs Refer Amended to House Committee of the Whole",6
SB22-162,2022,RS,House,2022-04-26,"House Second Reading Special Order - Passed with Amendments - Committee, Floor",7
SB22-162,2022,RS,House,2022-04-27,House Third Reading Laid Over Daily - No Amendments,8
SB22-162,2022,RS,House,2022-04-29,House Third Reading Passed - No Amendments,9
SB22-162,2022,RS,Senate,2022-05-02,Senate Considered House Amendments - Result was to Laid Over Daily,10
SB22-162,2022,RS,Senate,2022-05-04,Senate Considered House Amendments - Result was to Concur - Repass,11
SB22-162,2022,RS,Senate,2022-05-17,Signed by the President of the Senate,12
SB22-162,2022,RS,Governor,2022-05-17,Sent to the Governor,13
SB22-162,2022,RS,House,2022-05-17,Signed by the Speaker of the House,14
SB22-162,2022,RS,Governor,2022-06-08,Governor Signed,15
SB22-163,2022,RS,Senate,2022-03-21,"Introduced In Senate - Assigned to Business, Labor, & Technology",1
SB22-163,2022,RS,Senate,2022-04-20,"Senate Committee on Business, Labor, & Technology Refer Amended to Appropriations",2
SB22-163,2022,RS,Senate,2022-04-29,Senate Committee on Appropriations Refer Amended to Senate Committee of the Whole,3
SB22-163,2022,RS,Senate,2022-04-29,Senate Second Reading Special Order - Passed with Amendments - Committee,4
SB22-163,2022,RS,Senate,2022-05-02,Senate Third Reading Passed - No Amendments,5
SB22-163,2022,RS,House,2022-05-02,"Introduced In House - Assigned to State, Civic, Military, & Veterans Affairs",6
SB22-163,2022,RS,House,2022-05-04,"House Committee on State, Civic, Military, & Veterans Affairs Refer Amended to Appropriations",7
SB22-163,2022,RS,House,2022-05-05,House Committee on Appropriations Refer Unamended to House Committee of the Whole,8
SB22-163,2022,RS,House,2022-05-05,House Second Reading Special Order - Passed with Amendments - Committee,9
SB22-163,2022,RS,House,2022-05-06,House Third Reading Laid Over Daily - No Amendments,10
SB22-163,2022,RS,House,2022-05-10,House Third Reading Passed - No Amendments,11
SB22-163,2022,RS,Senate,2022-05-10,Senate Considered House Amendments - Result was to Concur - Repass,12
SB22-163,2022,RS,Senate,2022-05-20,Signed by the President of the Senate,13
SB22-163,2022,RS,House,2022-05-20,Signed by the Speaker of the House,14
SB22-163,2022,RS,Governor,2022-05-20,Sent to the Governor,15
SB22-163,2022,RS,Governor,2022-06-08,Governor Signed,16
SB22-164,2022,RS,Senate,2022-03-21,Introduced In Senate - Assigned to Local Government,1
SB22-164,2022,RS,Senate,2022-04-05,Senate Committee on Local Government Refer Amended - Consent Calendar to Senate Committee of the Whole,2
SB22-164,2022,RS,Senate,2022-04-08,Senate Second Reading Passed with Amendments - Committee,3
SB22-164,2022,RS,Senate,2022-04-11,Senate Third Reading Passed - No Amendments,4
SB22-164,2022,RS,House,2022-04-12,Introduced In House - Assigned to Transportation & Local Government,5
SB22-164,2022,RS,House,2022-04-19,House Committee on Transportation & Local Government Refer Unamended to House Committee of the Whole,6
SB22-164,2022,RS,House,2022-04-20,House Second Reading Special Order - Passed - No Amendments,7
SB22-164,2022,RS,House,2022-04-21,House Third Reading Laid Over Daily - No Amendments,8
SB22-164,2022,RS,House,2022-04-26,House Third Reading Passed - No Amendments,9
SB22-164,2022,RS,Senate,2022-04-28,Signed by the President of the Senate,10
SB22-164,2022,RS,House,2022-04-28,Signed by the Speaker of the House,11
SB22-164,2022,RS,Governor,2022-04-28,Sent to the Governor,12
SB22-164,2022,RS,Governor,2022-05-06,Governor Signed,13
SB22-165,2022,RS,Senate,2022-03-21,Introduced In Senate - Assigned to Education,1
SB22-165,2022,RS,Senate,2022-04-07,Senate Committee on Education Refer Amended to Appropriations,2
SB22-165,2022,RS,Senate,2022-04-22,Senate Committee on Appropriations Refer Amended to Senate Committee of the Whole,3
SB22-165,2022,RS,Senate,2022-04-22,Senate Second Reading Special Order - Passed with Amendments - Committee,4
SB22-165,2022,RS,Senate,2022-04-25,Senate Third Reading Passed - No Amendments,5
SB22-165,2022,RS,House,2022-04-25,Introduced In House - Assigned to Education,6
SB22-165,2022,RS,House,2022-04-27,House Committee on Education Refer Amended to Appropriations,7
SB22-165,2022,RS,House,2022-05-03,House Committee on Appropriations Refer Amended to House Committee of the Whole,8
SB22-165,2022,RS,House,2022-05-03,House Second Reading Special Order - Passed with Amendments - Committee,9
SB22-165,2022,RS,House,2022-05-04,House Third Reading Laid Over Daily - No Amendments,10
SB22-165,2022,RS,House,2022-05-06,House Third Reading Passed - No Amendments,11
SB22-165,2022,RS,Senate,2022-05-09,Senate Considered House Amendments - Result was to Concur - Repass,12
SB22-165,2022,RS,Senate,2022-05-18,Signed by the President of the Senate,13
SB22-165,2022,RS,House,2022-05-18,Signed by the Speaker of the House,14
SB22-165,2022,RS,Governor,2022-05-18,Sent to the Governor,15
SB22-165,2022,RS,Governor,2022-06-03,Governor Signed,16
SB22-166,2022,RS,Senate,2022-03-21,Introduced In Senate - Assigned to Agriculture & Natural Resources,1
SB22-166,2022,RS,Senate,2022-03-31,Senate Committee on Agriculture & Natural Resources Refer Unamended to Finance,2
SB22-166,2022,RS,Senate,2022-04-04,Senate Committee on Finance Refer Unamended to Appropriations,3
SB22-166,2022,RS,Senate,2022-04-12,Senate Committee on Appropriations Refer Unamended - Consent Calendar to Senate Committee of the Whole,4
SB22-166,2022,RS,Senate,2022-04-12,Senate Second Reading Special Order - Passed - No Amendments,5
SB22-166,2022,RS,Senate,2022-04-13,Senate Third Reading Passed - No Amendments,6
SB22-166,2022,RS,House,2022-04-13,"Introduced In House - Assigned to Agriculture, Livestock, & Water",7
SB22-166,2022,RS,House,2022-04-18,"House Committee on Agriculture, Livestock, & Water Refer Unamended to Finance",8
SB22-166,2022,RS,House,2022-04-28,House Committee on Finance Refer Unamended to Appropriations,9
SB22-166,2022,RS,House,2022-05-02,House Committee on Appropriations Refer Unamended to House Committee of the Whole,10
SB22-166,2022,RS,House,2022-05-02,House Second Reading Special Order - Passed - No Amendments,11
SB22-166,2022,RS,House,2022-05-03,House Third Reading Passed - No Amendments,12
SB22-166,2022,RS,Senate,2022-05-10,Signed by the President of the Senate,13
SB22-166,2022,RS,House,2022-05-10,Signed by the Speaker of the House,14
SB22-166,2022,RS,Governor,2022-05-11,Sent to the Governor,15
SB22-166,2022,RS,Governor,2022-06-01,Governor Signed,16
SB22-167,2022,RS,Senate,2022-03-21,Introduced In Senate - Assigned to Agriculture & Natural Resources,1
SB22-167,2022,RS,Senate,2022-03-31,Senate Committee on Agriculture & Natural Resources Refer Unamended to Senate Committee of the Whole,2
SB22-167,2022,RS,Senate,2022-04-04,Senate Second Reading Special Order - Passed - No Amendments,3
SB22-167,2022,RS,Senate,2022-04-05,Senate Third Reading Passed - No Amendments,4
SB22-167,2022,RS,House,2022-04-05,"Introduced In House - Assigned to Agriculture, Livestock, & Water",5
SB22-167,2022,RS,House,2022-04-18,"House Committee on Agriculture, Livestock, & Water Refer Unamended to House Committee of the Whole",6
SB22-167,2022,RS,House,2022-04-20,House Second Reading Special Order - Passed - No Amendments,7
SB22-167,2022,RS,House,2022-04-21,House Third Reading Laid Over Daily - No Amendments,8
SB22-167,2022,RS,House,2022-04-26,House Third Reading Passed - No Amendments,9
SB22-167,2022,RS,Senate,2022-04-28,Signed by the President of the Senate,10
SB22-167,2022,RS,House,2022-04-28,Signed by the Speaker of the House,11
SB22-167,2022,RS,Governor,2022-04-28,Sent to the Governor,12
SB22-167,2022,RS,Governor,2022-05-02,Governor Signed,13
SB22-168,2022,RS,Senate,2022-03-21,Introduced In Senate - Assigned to Agriculture & Natural Resources,1
SB22-168,2022,RS,Senate,2022-04-13,Senate Committee on Agriculture & Natural Resources Refer Amended to Appropriations,2
SB22-168,2022,RS,Senate,2022-04-22,Senate Committee on Appropriations Refer Amended - Consent Calendar to Senate Committee of the Whole,3
SB22-168,2022,RS,Senate,2022-04-22,Senate Second Reading Special Order - Passed with Amendments - Committee,4
SB22-168,2022,RS,Senate,2022-04-25,Senate Third Reading Passed - No Amendments,5
SB22-168,2022,RS,House,2022-04-25,Introduced In House - Assigned to Energy & Environment,6
SB22-168,2022,RS,House,2022-04-28,House Committee on Energy & Environment Refer Unamended to Appropriations,7
SB22-168,2022,RS,House,2022-05-02,House Committee on Appropriations Refer Unamended to House Committee of the Whole,8
SB22-168,2022,RS,House,2022-05-02,House Second Reading Special Order - Passed - No Amendments,9
SB22-168,2022,RS,House,2022-05-03,House Third Reading Passed - No Amendments,10
SB22-168,2022,RS,Senate,2022-05-10,Signed by the President of the Senate,11
SB22-168,2022,RS,House,2022-05-10,Signed by the Speaker of the House,12
SB22-168,2022,RS,Governor,2022-05-11,Sent to the Governor,13
SB22-168,2022,RS,Governor,2022-06-01,Governor Signed,14
SB22-169,2022,RS,Senate,2022-03-21,Introduced In Senate - Assigned to Agriculture & Natural Resources,1
SB22-169,2022,RS,Senate,2022-03-31,Senate Committee on Agriculture & Natural Resources Witness Testimony and/or Committee Discussion Only,2
SB22-169,2022,RS,Senate,2022-04-13,Senate Committee on Agriculture & Natural Resources Refer Amended to Senate Committee of the Whole,3
SB22-169,2022,RS,Senate,2022-04-19,Senate Second Reading Passed with Amendments - Committee,4
SB22-169,2022,RS,Senate,2022-04-20,Senate Third Reading Passed - No Amendments,5
SB22-169,2022,RS,House,2022-04-20,"Introduced In House - Assigned to Agriculture, Livestock, & Water",6
SB22-169,2022,RS,House,2022-04-25,"House Committee on Agriculture, Livestock, & Water Refer Unamended to House Committee of the Whole",7
SB22-169,2022,RS,House,2022-04-26,House Second Reading Special Order - Passed - No Amendments,8
SB22-169,2022,RS,House,2022-04-27,House Third Reading Laid Over Daily - No Amendments,9
SB22-169,2022,RS,House,2022-04-29,House Third Reading Passed - No Amendments,10
SB22-169,2022,RS,Senate,2022-05-10,Signed by the President of the Senate,11
SB22-169,2022,RS,House,2022-05-10,Signed by the Speaker of the House,12
SB22-169,2022,RS,Governor,2022-05-11,Sent to the Governor,13
SB22-169,2022,RS,Governor,2022-05-20,Governor Signed,14
SB22-170,2022,RS,Senate,2022-03-21,Introduced In Senate - Assigned to Transportation & Energy,1
SB22-170,2022,RS,Senate,2022-03-31,Senate Committee on Transportation & Energy Refer Unamended to Appropriations,2
SB22-170,2022,RS,Senate,2022-04-08,Senate Committee on Appropriations Refer Amended - Consent Calendar to Senate Committee of the Whole,3
SB22-170,2022,RS,Senate,2022-04-08,Senate Second Reading Special Order - Passed with Amendments - Committee,4
SB22-170,2022,RS,Senate,2022-04-11,Senate Third Reading Passed - No Amendments,5
SB22-170,2022,RS,House,2022-04-12,Introduced In House - Assigned to Transportation & Local Government,6
SB22-170,2022,RS,House,2022-04-19,House Committee on Transportation & Local Government Refer Unamended to Appropriations,7
SB22-170,2022,RS,House,2022-05-03,House Committee on Appropriations Refer Amended to House Committee of the Whole,8
SB22-170,2022,RS,House,2022-05-03,House Second Reading Special Order - Passed with Amendments - Committee,9
SB22-170,2022,RS,House,2022-05-04,House Third Reading Laid Over Daily - No Amendments,10
SB22-170,2022,RS,House,2022-05-10,House Third Reading Passed - No Amendments,11
SB22-170,2022,RS,Senate,2022-05-10,Senate Considered House Amendments - Result was to Concur - Repass,12
SB22-170,2022,RS,Senate,2022-05-20,Signed by the President of the Senate,13
SB22-170,2022,RS,House,2022-05-20,Signed by the Speaker of the House,14
SB22-170,2022,RS,Governor,2022-05-20,Sent to the Governor,15
SB22-170,2022,RS,Governor,2022-06-08,Governor Signed,16
SB22-171,2022,RS,Senate,2022-03-21,Introduced In Senate - Assigned to Education,1
SB22-171,2022,RS,Senate,2022-04-14,Senate Committee on Education Refer Unamended to Senate Committee of the Whole,2
SB22-171,2022,RS,Senate,2022-04-20,Senate Second Reading Passed - No Amendments,3
SB22-171,2022,RS,Senate,2022-04-21,Senate Third Reading Passed - No Amendments,4
SB22-171,2022,RS,House,2022-04-21,Introduced In House - Assigned to Education,5
SB22-171,2022,RS,House,2022-04-27,House Committee on Education Refer Unamended to House Committee of the Whole,6
SB22-171,2022,RS,House,2022-04-28,House Second Reading Special Order - Passed - No Amendments,7
SB22-171,2022,RS,House,2022-04-29,House Third Reading Passed - No Amendments,8
SB22-171,2022,RS,Senate,2022-05-09,Signed by the President of the Senate,9
SB22-171,2022,RS,House,2022-05-10,Signed by the Speaker of the House,10
SB22-171,2022,RS,Governor,2022-05-10,Sent to the Governor,11
SB22-171,2022,RS,Governor,2022-05-26,Governor Signed,12
SB22-172,2022,RS,Senate,2022-03-23,Introduced In Senate - Assigned to Health & Human Services,1
SB22-172,2022,RS,Senate,2022-04-11,Senate Committee on Health & Human Services Refer Amended to Appropriations,2
SB22-172,2022,RS,Senate,2022-05-03,Senate Committee on Appropriations Refer Amended - Consent Calendar to Senate Committee of the Whole,3
SB22-172,2022,RS,Senate,2022-05-03,Senate Second Reading Special Order - Passed with Amendments - Committee,4
SB22-172,2022,RS,Senate,2022-05-04,Senate Third Reading Passed - No Amendments,5
SB22-172,2022,RS,House,2022-05-04,"Introduced In House - Assigned to State, Civic, Military, & Veterans Affairs",6
SB22-172,2022,RS,House,2022-05-06,"House Committee on State, Civic, Military, & Veterans Affairs Refer Unamended to Appropriations",7
SB22-172,2022,RS,House,2022-05-06,House Committee on Appropriations Refer Unamended to House Committee of the Whole,8
SB22-172,2022,RS,House,2022-05-06,House Second Reading Special Order - Laid Over Daily - No Amendments,9
SB22-172,2022,RS,House,2022-05-09,House Second Reading Special Order - Passed - No Amendments,10
SB22-172,2022,RS,House,2022-05-10,House Third Reading Passed - No Amendments,11
SB22-172,2022,RS,Senate,2022-05-11,Signed by the President of the Senate,12
SB22-172,2022,RS,House,2022-05-16,Signed by the Speaker of the House,13
SB22-172,2022,RS,Governor,2022-05-16,Sent to the Governor,14
SB22-172,2022,RS,Governor,2022-06-01,Governor Signed,15
SB22-173,2022,RS,Senate,2022-03-23,"Introduced In Senate - Assigned to Business, Labor, & Technology",1
SB22-173,2022,RS,Senate,2022-04-04,"Senate Committee on Business, Labor, & Technology Refer Amended to Finance",2
SB22-173,2022,RS,Senate,2022-04-20,Senate Committee on Finance Refer Amended to Appropriations,3
SB22-173,2022,RS,Senate,2022-04-26,Senate Committee on Appropriations Refer Amended - Consent Calendar to Senate Committee of the Whole,4
SB22-173,2022,RS,Senate,2022-04-26,Senate Second Reading Special Order - Passed with Amendments - Committee,5
SB22-173,2022,RS,Senate,2022-04-27,Senate Third Reading Passed - No Amendments,6
SB22-173,2022,RS,House,2022-04-27,Introduced In House - Assigned to Public & Behavioral Health & Human Services,7
SB22-173,2022,RS,House,2022-05-03,House Committee on Public & Behavioral Health & Human Services Refer Amended to Finance,8
SB22-173,2022,RS,House,2022-05-05,House Committee on Finance Refer Amended to Appropriations,9
SB22-173,2022,RS,House,2022-05-10,House Committee on Appropriations Refer Amended to House Committee of the Whole,10
SB22-173,2022,RS,House,2022-05-10,House Second Reading Special Order - Passed with Amendments - Committee,11
SB22-173,2022,RS,House,2022-05-11,House Third Reading Passed - No Amendments,12
SB22-173,2022,RS,Senate,2022-05-11,Senate Considered House Amendments - Result was to Concur - Repass,13
SB22-173,2022,RS,Senate,2022-05-25,Signed by the President of the Senate,14
SB22-173,2022,RS,House,2022-05-25,Signed by the Speaker of the House,15
SB22-173,2022,RS,Governor,2022-05-25,Sent to the Governor,16
SB22-173,2022,RS,Governor,2022-06-08,Governor Signed,17
SB22-174,2022,RS,Senate,2022-03-23,"Introduced In Senate - Assigned to State, Veterans, & Military Affairs",1
SB22-174,2022,RS,Senate,2022-04-12,"Senate Committee on State, Veterans, & Military Affairs Refer Unamended to Senate Committee of the Whole",2
SB22-174,2022,RS,Senate,2022-04-18,Senate Second Reading Passed - No Amendments,3
SB22-174,2022,RS,Senate,2022-04-19,Senate Third Reading Passed - No Amendments,4
SB22-174,2022,RS,House,2022-04-19,"Introduced In House - Assigned to State, Civic, Military, & Veterans Affairs",5
SB22-174,2022,RS,House,2022-04-25,"House Committee on State, Civic, Military, & Veterans Affairs Refer Unamended to House Committee of the Whole",6
SB22-174,2022,RS,House,2022-04-26,House Second Reading Special Order - Passed - No Amendments,7
SB22-174,2022,RS,House,2022-04-27,House Third Reading Laid Over Daily - No Amendments,8
SB22-174,2022,RS,House,2022-04-29,House Third Reading Passed - No Amendments,9
SB22-174,2022,RS,Senate,2022-05-09,Signed by the President of the Senate,10
SB22-174,2022,RS,House,2022-05-10,Signed by the Speaker of the House,11
SB22-174,2022,RS,Governor,2022-05-10,Sent to the Governor,12
SB22-174,2022,RS,Governor,2022-05-25,Governor Signed,13
SB22-175,2022,RS,Senate,2022-03-25,Introduced In Senate - Assigned to Transportation & Energy,1
SB22-175,2022,RS,Senate,2022-04-05,Senate Committee on Transportation & Energy Refer Amended to Appropriations,2
SB22-175,2022,RS,Senate,2022-04-12,Senate Committee on Appropriations Refer Amended to Senate Committee of the Whole,3
SB22-175,2022,RS,Senate,2022-04-14,"Senate Second Reading Passed with Amendments - Committee, Floor",4
SB22-175,2022,RS,Senate,2022-04-18,Senate Third Reading Passed - No Amendments,5
SB22-175,2022,RS,House,2022-04-20,Introduced In House - Assigned to Transportation & Local Government,6
SB22-175,2022,RS,House,2022-05-02,House Committee on Transportation & Local Government Refer Unamended to Appropriations,7
SB22-175,2022,RS,House,2022-05-12,House Committee on Appropriations Lay Over Unamended - Amendment(s) Failed,8
SB22-176,2022,RS,Senate,2022-03-25,Introduced In Senate - Assigned to Appropriations,1
SB22-176,2022,RS,Senate,2022-04-08,Senate Committee on Appropriations Refer Amended to Senate Committee of the Whole,2
SB22-176,2022,RS,Senate,2022-04-12,Senate Second Reading Laid Over Daily - No Amendments,3
SB22-176,2022,RS,Senate,2022-04-13,"Senate Second Reading Passed with Amendments - Committee, Floor",4
SB22-176,2022,RS,Senate,2022-04-14,Senate Third Reading Passed - No Amendments,5
SB22-176,2022,RS,House,2022-04-14,Introduced In House - Assigned to Transportation & Local Government,6
SB22-176,2022,RS,House,2022-04-20,House Committee on Transportation & Local Government Refer Unamended to Appropriations,7
SB22-176,2022,RS,House,2022-04-29,House Committee on Appropriations Refer Unamended to House Committee of the Whole,8
SB22-176,2022,RS,House,2022-05-02,House Second Reading Special Order - Passed - No Amendments,9
SB22-176,2022,RS,House,2022-05-03,House Third Reading Passed - No Amendments,10
SB22-176,2022,RS,Senate,2022-05-10,Signed by the President of the Senate,11
SB22-176,2022,RS,House,2022-05-10,Signed by the Speaker of the House,12
SB22-176,2022,RS,Governor,2022-05-11,Sent to the Governor,13
SB22-176,2022,RS,Governor,2022-06-07,Governor Signed,14
SB22-177,2022,RS,Senate,2022-03-25,Introduced In Senate - Assigned to Health & Human Services,1
SB22-177,2022,RS,Senate,2022-04-25,Senate Committee on Health & Human Services Refer Amended to Appropriations,2
SB22-177,2022,RS,Senate,2022-04-28,Senate Committee on Appropriations Refer Amended - Consent Calendar to Senate Committee of the Whole,3
SB22-177,2022,RS,Senate,2022-04-28,Senate Second Reading Special Order - Passed with Amendments - Committee,4
SB22-177,2022,RS,Senate,2022-04-29,Senate Third Reading Passed - No Amendments,5
SB22-177,2022,RS,House,2022-04-29,Introduced In House - Assigned to Public & Behavioral Health & Human Services,6
SB22-177,2022,RS,House,2022-05-03,House Committee on Public & Behavioral Health & Human Services Refer Unamended to Appropriations,7
SB22-177,2022,RS,House,2022-05-04,House Committee on Appropriations Refer Unamended to House Committee of the Whole,8
SB22-177,2022,RS,House,2022-05-04,House Second Reading Special Order - Passed - No Amendments,9
SB22-177,2022,RS,House,2022-05-06,House Third Reading Laid Over Daily - No Amendments,10
SB22-177,2022,RS,House,2022-05-09,House Third Reading Passed - No Amendments,11
SB22-177,2022,RS,Senate,2022-05-18,Signed by the President of the Senate,12
SB22-177,2022,RS,House,2022-05-18,Signed by the Speaker of the House,13
SB22-177,2022,RS,Governor,2022-05-18,Sent to the Governor,14
SB22-177,2022,RS,Governor,2022-05-25,Governor Signed,15
SB22-178,2022,RS,Senate,2022-03-25,Introduced In Senate - Assigned to Finance,1
SB22-178,2022,RS,Senate,2022-04-13,Senate Committee on Finance Refer Amended to Appropriations,2
SB22-178,2022,RS,Senate,2022-04-21,Senate Committee on Appropriations Refer Amended - Consent Calendar to Senate Committee of the Whole,3
SB22-178,2022,RS,Senate,2022-04-21,Senate Second Reading Special Order - Passed with Amendments - Committee,4
SB22-178,2022,RS,Senate,2022-04-22,Senate Third Reading Passed - No Amendments,5
SB22-178,2022,RS,House,2022-04-22,Introduced In House - Assigned to Finance,6
SB22-178,2022,RS,House,2022-04-28,House Committee on Finance Refer Unamended to Appropriations,7
SB22-178,2022,RS,House,2022-05-09,House Committee on Appropriations Refer Unamended to House Committee of the Whole,8
SB22-178,2022,RS,House,2022-05-09,House Second Reading Special Order - Laid Over Daily - No Amendments,9
SB22-178,2022,RS,House,2022-05-10,House Second Reading Special Order - Passed - No Amendments,10
SB22-178,2022,RS,House,2022-05-11,House Third Reading Passed - No Amendments,11
SB22-178,2022,RS,Senate,2022-05-20,Signed by the President of the Senate,12
SB22-178,2022,RS,House,2022-05-20,Signed by the Speaker of the House,13
SB22-178,2022,RS,Governor,2022-05-20,Sent to the Governor,14
SB22-178,2022,RS,Governor,2022-05-26,Governor Signed,15
SB22-179,2022,RS,Senate,2022-03-25,Introduced In Senate - Assigned to Judiciary,1
SB22-179,2022,RS,Senate,2022-04-14,Senate Committee on Judiciary Refer Amended to Appropriations,2
SB22-179,2022,RS,Senate,2022-05-03,Senate Committee on Appropriations Refer Amended to Senate Committee of the Whole,3
SB22-179,2022,RS,Senate,2022-05-03,"Senate Second Reading Special Order - Passed with Amendments - Committee, Floor",4
SB22-179,2022,RS,Senate,2022-05-04,Senate Third Reading Passed - No Amendments,5
SB22-179,2022,RS,House,2022-05-04,Introduced In House - Assigned to Business Affairs & Labor,6
SB22-179,2022,RS,House,2022-05-05,House Committee on Business Affairs & Labor Refer Unamended to Appropriations,7
SB22-179,2022,RS,House,2022-05-09,House Committee on Appropriations Refer Unamended to House Committee of the Whole,8
SB22-179,2022,RS,House,2022-05-09,House Second Reading Special Order - Laid Over Daily - No Amendments,9
SB22-179,2022,RS,House,2022-05-10,House Second Reading Special Order - Passed - No Amendments,10
SB22-179,2022,RS,House,2022-05-11,House Third Reading Passed - No Amendments,11
SB22-179,2022,RS,Senate,2022-05-20,Signed by the President of the Senate,12
SB22-179,2022,RS,House,2022-05-20,Signed by the Speaker of the House,13
SB22-179,2022,RS,Governor,2022-05-20,Sent to the Governor,14
SB22-179,2022,RS,Governor,2022-06-08,Governor Signed,15
SB22-180,2022,RS,Senate,2022-03-25,Introduced In Senate - Assigned to Transportation & Energy,1
SB22-180,2022,RS,Senate,2022-03-29,Senate Committee on Transportation & Energy Refer Unamended to Appropriations,2
SB22-180,2022,RS,Senate,2022-04-12,Senate Committee on Appropriations Refer Amended to Senate Committee of the Whole,3
SB22-180,2022,RS,Senate,2022-04-14,Senate Second Reading Passed with Amendments - Committee,4
SB22-180,2022,RS,Senate,2022-04-18,Senate Third Reading Laid Over to 04/20/2022 - No Amendments,5
SB22-180,2022,RS,Senate,2022-04-20,Senate Third Reading Passed - No Amendments,6
SB22-180,2022,RS,House,2022-04-20,Introduced In House - Assigned to Energy & Environment,7
SB22-180,2022,RS,House,2022-04-28,House Committee on Energy & Environment Refer Amended to Appropriations,8
SB22-180,2022,RS,House,2022-05-03,House Committee on Appropriations Refer Unamended to House Committee of the Whole,9
SB22-180,2022,RS,House,2022-05-03,"House Second Reading Special Order - Passed with Amendments - Committee, Floor",10
SB22-180,2022,RS,House,2022-05-04,House Third Reading Laid Over Daily - No Amendments,11
SB22-180,2022,RS,House,2022-05-11,House Third Reading Passed - No Amendments,12
SB22-180,2022,RS,Senate,2022-05-11,Senate Considered House Amendments - Result was to Concur - Repass,13
SB22-180,2022,RS,Senate,2022-05-18,Signed by the President of the Senate,14
SB22-180,2022,RS,House,2022-05-18,Signed by the Speaker of the House,15
SB22-180,2022,RS,Governor,2022-05-18,Sent to the Governor,16
SB22-180,2022,RS,Governor,2022-05-26,Governor Signed,17
SB22-181,2022,RS,Senate,2022-03-28,Introduced In Senate - Assigned to Health & Human Services,1
SB22-181,2022,RS,Senate,2022-04-13,Senate Committee on Health & Human Services Refer Amended to Appropriations,2
SB22-181,2022,RS,Senate,2022-04-22,Senate Committee on Appropriations Refer Amended - Consent Calendar to Senate Committee of the Whole,3
SB22-181,2022,RS,Senate,2022-04-22,Senate Second Reading Special Order - Passed with Amendments - Committee,4
SB22-181,2022,RS,Senate,2022-04-25,Senate Third Reading Passed - No Amendments,5
SB22-181,2022,RS,House,2022-04-25,Introduced In House - Assigned to Public & Behavioral Health & Human Services,6
SB22-181,2022,RS,House,2022-05-03,House Committee on Public & Behavioral Health & Human Services Refer Amended to Appropriations,7
SB22-181,2022,RS,House,2022-05-04,House Committee on Appropriations Refer Unamended to House Committee of the Whole,8
SB22-181,2022,RS,House,2022-05-04,"House Second Reading Special Order - Passed with Amendments - Committee, Floor",9
SB22-181,2022,RS,House,2022-05-05,House Third Reading Laid Over Daily - No Amendments,10
SB22-181,2022,RS,House,2022-05-10,House Third Reading Passed - No Amendments,11
SB22-181,2022,RS,Senate,2022-05-10,Senate Considered House Amendments - Result was to Concur - Repass,12
SB22-181,2022,RS,Senate,2022-05-25,Signed by the President of the Senate,13
SB22-181,2022,RS,House,2022-05-25,Signed by the Speaker of the House,14
SB22-181,2022,RS,Governor,2022-05-25,Sent to the Governor,15
SB22-181,2022,RS,Governor,2022-06-08,Governor Signed,16
SB22-182,2022,RS,Senate,2022-03-28,Introduced In Senate - Assigned to Finance,1
SB22-182,2022,RS,Senate,2022-04-13,Senate Committee on Finance Refer Unamended to Appropriations,2
SB22-182,2022,RS,Senate,2022-04-22,Senate Committee on Appropriations Refer Amended to Senate Committee of the Whole,3
SB22-182,2022,RS,Senate,2022-04-22,Senate Second Reading Special Order - Passed with Amendments - Committee,4
SB22-182,2022,RS,Senate,2022-04-25,Senate Third Reading Passed - No Amendments,5
SB22-182,2022,RS,Senate,2022-04-25,Senate Third Reading Reconsidered - No Amendments,6
SB22-182,2022,RS,House,2022-04-26,Introduced In House - Assigned to Finance,7
SB22-182,2022,RS,House,2022-05-02,House Committee on Finance Refer Amended to Appropriations,8
SB22-182,2022,RS,House,2022-05-03,House Committee on Appropriations Refer Amended to House Committee of the Whole,9
SB22-182,2022,RS,House,2022-05-03,House Second Reading Special Order - Passed with Amendments - Committee,10
SB22-182,2022,RS,House,2022-05-04,House Third Reading Laid Over Daily - No Amendments,11
SB22-182,2022,RS,House,2022-05-11,House Third Reading Passed - No Amendments,12
SB22-182,2022,RS,Senate,2022-05-11,Senate Considered House Amendments - Result was to Concur - Repass,13
SB22-182,2022,RS,Senate,2022-05-20,Signed by the President of the Senate,14
SB22-182,2022,RS,House,2022-05-20,Signed by the Speaker of the House,15
SB22-182,2022,RS,Governor,2022-05-20,Sent to the Governor,16
SB22-182,2022,RS,Governor,2022-06-03,Governor Signed,17
SB22-183,2022,RS,Senate,2022-03-28,Introduced In Senate - Assigned to Judiciary,1
SB22-183,2022,RS,Senate,2022-04-07,Senate Committee on Judiciary Refer Amended to Appropriations,2
SB22-183,2022,RS,Senate,2022-04-12,Senate Committee on Appropriations Refer Unamended - Consent Calendar to Senate Committee of the Whole,3
SB22-183,2022,RS,Senate,2022-04-12,Senate Second Reading Special Order - Passed with Amendments - Committee,4
SB22-183,2022,RS,Senate,2022-04-13,Senate Third Reading Passed - No Amendments,5
SB22-183,2022,RS,House,2022-04-13,Introduced In House - Assigned to Judiciary,6
SB22-183,2022,RS,House,2022-04-20,House Committee on Judiciary Refer Amended to Appropriations,7
SB22-183,2022,RS,House,2022-05-03,House Committee on Appropriations Refer Amended to House Committee of the Whole,8
SB22-183,2022,RS,House,2022-05-03,House Second Reading Special Order - Passed with Amendments - Committee,9
SB22-183,2022,RS,House,2022-05-04,House Third Reading Laid Over Daily - No Amendments,10
SB22-183,2022,RS,House,2022-05-06,House Third Reading Passed - No Amendments,11
SB22-183,2022,RS,Senate,2022-05-09,Senate Considered House Amendments - Result was to Concur - Repass,12
SB22-183,2022,RS,Senate,2022-05-11,Signed by the President of the Senate,13
SB22-183,2022,RS,House,2022-05-16,Signed by the Speaker of the House,14
SB22-183,2022,RS,Governor,2022-05-16,Sent to the Governor,15
SB22-183,2022,RS,Governor,2022-05-19,Governor Signed,16
SB22-184,2022,RS,Senate,2022-03-28,"Introduced In Senate - Assigned to State, Veterans, & Military Affairs",1
SB22-184,2022,RS,Senate,2022-04-05,"Senate Committee on State, Veterans, & Military Affairs Refer Unamended to Senate Committee of the Whole",2
SB22-184,2022,RS,Senate,2022-04-06,Senate Second Reading Special Order - Passed with Amendments - Floor,3
SB22-184,2022,RS,Senate,2022-04-07,Senate Third Reading Passed - No Amendments,4
SB22-184,2022,RS,House,2022-04-07,"Introduced In House - Assigned to State, Civic, Military, & Veterans Affairs",5
SB22-184,2022,RS,House,2022-04-21,"House Committee on State, Civic, Military, & Veterans Affairs Refer Unamended to House Committee of the Whole",6
SB22-184,2022,RS,House,2022-04-26,House Second Reading Special Order - Passed - No Amendments,7
SB22-184,2022,RS,House,2022-04-27,House Third Reading Laid Over Daily - No Amendments,8
SB22-184,2022,RS,House,2022-04-29,House Third Reading Passed - No Amendments,9
SB22-184,2022,RS,Senate,2022-05-06,Signed by the President of the Senate,10
SB22-184,2022,RS,House,2022-05-06,Signed by the Speaker of the House,11
SB22-184,2022,RS,Governor,2022-05-09,Sent to the Governor,12
SB22-184,2022,RS,Governor,2022-06-08,Governor Signed,13
SB22-185,2022,RS,Senate,2022-03-29,Introduced In Senate - Assigned to Health & Human Services,1
SB22-185,2022,RS,Senate,2022-04-11,Senate Committee on Health & Human Services Refer Amended to Senate Committee of the Whole,2
SB22-185,2022,RS,Senate,2022-04-14,Senate Second Reading Passed with Amendments - Committee,3
SB22-185,2022,RS,Senate,2022-04-18,Senate Third Reading Passed - No Amendments,4
SB22-185,2022,RS,House,2022-04-18,Introduced In House - Assigned to Health & Insurance,5
SB22-185,2022,RS,House,2022-05-02,House Committee on Health & Insurance Refer Unamended to House Committee of the Whole,6
SB22-185,2022,RS,House,2022-05-03,House Second Reading Special Order - Passed - No Amendments,7
SB22-185,2022,RS,House,2022-05-04,House Third Reading Laid Over Daily - No Amendments,8
SB22-185,2022,RS,House,2022-05-09,House Third Reading Passed - No Amendments,9
SB22-185,2022,RS,Senate,2022-05-18,Signed by the President of the Senate,10
SB22-185,2022,RS,House,2022-05-18,Signed by the Speaker of the House,11
SB22-185,2022,RS,Governor,2022-05-18,Sent to the Governor,12
SB22-185,2022,RS,Governor,2022-06-08,Governor Signed,13
SB22-186,2022,RS,Senate,2022-03-29,Introduced In Senate - Assigned to Health & Human Services,1
SB22-186,2022,RS,Senate,2022-04-18,Senate Committee on Health & Human Services Refer Amended to Appropriations,2
SB22-186,2022,RS,Senate,2022-05-02,Senate Committee on Appropriations Refer Amended to Senate Committee of the Whole,3
SB22-186,2022,RS,Senate,2022-05-02,Senate Second Reading Special Order - Passed with Amendments - Committee,4
SB22-186,2022,RS,Senate,2022-05-03,Senate Third Reading Passed - No Amendments,5
SB22-186,2022,RS,House,2022-05-03,Introduced In House - Assigned to Health & Insurance,6
SB22-186,2022,RS,House,2022-05-04,House Committee on Health & Insurance Refer Unamended to Appropriations,7
SB22-186,2022,RS,House,2022-05-09,House Committee on Appropriations Refer Unamended to House Committee of the Whole,8
SB22-186,2022,RS,House,2022-05-09,House Second Reading Special Order - Laid Over Daily - No Amendments,9
SB22-186,2022,RS,House,2022-05-10,House Second Reading Special Order - Passed - No Amendments,10
SB22-186,2022,RS,House,2022-05-11,House Third Reading Passed - No Amendments,11
SB22-186,2022,RS,Senate,2022-05-20,Signed by the President of the Senate,12
SB22-186,2022,RS,House,2022-05-20,Signed by the Speaker of the House,13
SB22-186,2022,RS,Governor,2022-05-20,Sent to the Governor,14
SB22-186,2022,RS,Governor,2022-06-08,Governor Signed,15
SB22-187,2022,RS,Senate,2022-03-29,Introduced In Senate - Assigned to Health & Human Services,1
SB22-187,2022,RS,Senate,2022-04-11,Senate Committee on Health & Human Services Refer Unamended to Appropriations,2
SB22-187,2022,RS,Senate,2022-05-02,Senate Committee on Appropriations Refer Amended to Senate Committee of the Whole,3
SB22-187,2022,RS,Senate,2022-05-02,Senate Second Reading Special Order - Passed with Amendments - Committee,4
SB22-187,2022,RS,Senate,2022-05-03,Senate Third Reading Passed - No Amendments,5
SB22-187,2022,RS,House,2022-05-03,Introduced In House - Assigned to Health & Insurance,6
SB22-187,2022,RS,House,2022-05-04,House Committee on Health & Insurance Refer Unamended to Appropriations,7
SB22-187,2022,RS,House,2022-05-05,House Committee on Appropriations Refer Unamended to House Committee of the Whole,8
SB22-187,2022,RS,House,2022-05-06,House Second Reading Special Order - Passed - No Amendments,9
SB22-187,2022,RS,House,2022-05-09,House Third Reading Laid Over Daily - No Amendments,10
SB22-187,2022,RS,House,2022-05-10,House Third Reading Passed - No Amendments,11
SB22-187,2022,RS,Senate,2022-05-18,Signed by the President of the Senate,12
SB22-187,2022,RS,House,2022-05-18,Signed by the Speaker of the House,13
SB22-187,2022,RS,Governor,2022-05-18,Sent to the Governor,14
SB22-187,2022,RS,Governor,2022-05-26,Governor Signed,15
SB22-188,2022,RS,Senate,2022-03-29,Introduced In Senate - Assigned to Judiciary,1
SB22-188,2022,RS,Senate,2022-04-07,Senate Committee on Judiciary Refer Amended to Appropriations,2
SB22-188,2022,RS,Senate,2022-04-12,Senate Committee on Appropriations Refer Amended - Consent Calendar to Senate Committee of the Whole,3
SB22-188,2022,RS,Senate,2022-04-12,Senate Second Reading Special Order - Passed with Amendments - Committee,4
SB22-188,2022,RS,Senate,2022-04-13,Senate Third Reading Passed - No Amendments,5
SB22-188,2022,RS,House,2022-04-13,Introduced In House - Assigned to Judiciary,6
SB22-188,2022,RS,House,2022-04-20,House Committee on Judiciary Refer Unamended to Appropriations,7
SB22-188,2022,RS,House,2022-05-09,House Committee on Appropriations Refer Unamended to House Committee of the Whole,8
SB22-188,2022,RS,House,2022-05-09,House Second Reading Special Order - Passed - No Amendments,9
SB22-188,2022,RS,House,2022-05-10,House Third Reading Passed - No Amendments,10
SB22-188,2022,RS,Senate,2022-05-16,Signed by the President of the Senate,11
SB22-188,2022,RS,House,2022-05-16,Signed by the Speaker of the House,12
SB22-188,2022,RS,Governor,2022-05-16,Sent to the Governor,13
SB22-188,2022,RS,Governor,2022-05-20,Governor Signed,14
SB22-189,2022,RS,Senate,2022-03-29,Introduced In Senate - Assigned to Health & Human Services,1
SB22-189,2022,RS,Senate,2022-04-18,Senate Committee on Health & Human Services Refer Amended to Appropriations,2
SB22-189,2022,RS,Senate,2022-05-10,Senate Committee on Appropriations Postpone Indefinitely,3
SB22-190,2022,RS,Senate,2022-03-29,Introduced In Senate - Assigned to Finance,1
SB22-190,2022,RS,Senate,2022-04-13,Senate Committee on Finance Refer Unamended to Appropriations,2
SB22-190,2022,RS,Senate,2022-04-21,Senate Committee on Appropriations Refer Amended to Senate Committee of the Whole,3
SB22-190,2022,RS,Senate,2022-04-21,Senate Second Reading Special Order - Passed with Amendments - Committee,4
SB22-190,2022,RS,Senate,2022-04-22,Senate Third Reading Passed - No Amendments,5
SB22-190,2022,RS,House,2022-04-22,Introduced In House - Assigned to Finance,6
SB22-190,2022,RS,House,2022-05-02,House Committee on Finance Refer Unamended to Appropriations,7
SB22-190,2022,RS,House,2022-05-04,House Committee on Appropriations Refer Unamended to House Committee of the Whole,8
SB22-190,2022,RS,House,2022-05-04,House Second Reading Special Order - Passed - No Amendments,9
SB22-190,2022,RS,House,2022-05-06,House Third Reading Laid Over Daily - No Amendments,10
SB22-190,2022,RS,House,2022-05-09,House Third Reading Passed - No Amendments,11
SB22-190,2022,RS,Senate,2022-05-20,Signed by the President of the Senate,12
SB22-190,2022,RS,House,2022-05-20,Signed by the Speaker of the House,13
SB22-190,2022,RS,Governor,2022-05-20,Sent to the Governor,14
SB22-190,2022,RS,Governor,2022-06-08,Governor Signed,15
SB22-191,2022,RS,Senate,2022-03-29,"Introduced In Senate - Assigned to Business, Labor, & Technology",1
SB22-191,2022,RS,Senate,2022-04-13,"Senate Committee on Business, Labor, & Technology Refer Amended to Appropriations",2
SB22-191,2022,RS,Senate,2022-04-26,Senate Committee on Appropriations Refer Amended - Consent Calendar to Senate Committee of the Whole,3
SB22-191,2022,RS,Senate,2022-04-26,Senate Second Reading Special Order - Passed with Amendments - Committee,4
SB22-191,2022,RS,Senate,2022-04-27,Senate Third Reading Passed - No Amendments,5
SB22-191,2022,RS,House,2022-04-27,Introduced In House - Assigned to Transportation & Local Government,6
SB22-191,2022,RS,House,2022-05-02,House Committee on Transportation & Local Government Refer Unamended to Appropriations,7
SB22-191,2022,RS,House,2022-05-05,House Committee on Appropriations Refer Unamended to House Committee of the Whole,8
SB22-191,2022,RS,House,2022-05-06,House Second Reading Special Order - Passed - No Amendments,9
SB22-191,2022,RS,House,2022-05-09,House Third Reading Laid Over Daily - No Amendments,10
SB22-191,2022,RS,House,2022-05-10,House Third Reading Passed - No Amendments,11
SB22-191,2022,RS,Senate,2022-05-20,Signed by the President of the Senate,12
SB22-191,2022,RS,House,2022-05-20,Signed by the Speaker of the House,13
SB22-191,2022,RS,Governor,2022-05-20,Sent to the Governor,14
SB22-191,2022,RS,Governor,2022-06-08,Governor Signed,15
SB22-192,2022,RS,Senate,2022-03-29,Introduced In Senate - Assigned to Education,1
SB22-192,2022,RS,Senate,2022-04-14,Senate Committee on Education Refer Amended to Appropriations,2
SB22-192,2022,RS,Senate,2022-04-22,Senate Committee on Appropriations Refer Amended to Senate Committee of the Whole,3
SB22-192,2022,RS,Senate,2022-04-22,Senate Second Reading Special Order - Passed with Amendments - Committee,4
SB22-192,2022,RS,Senate,2022-04-25,Senate Third Reading Passed - No Amendments,5
SB22-192,2022,RS,House,2022-04-25,Introduced In House - Assigned to Education,6
SB22-192,2022,RS,House,2022-04-27,House Committee on Education Refer Unamended to Appropriations,7
SB22-192,2022,RS,House,2022-05-02,House Committee on Appropriations Refer Amended to House Committee of the Whole,8
SB22-192,2022,RS,House,2022-05-02,"House Second Reading Special Order - Passed with Amendments - Committee, Floor",9
SB22-192,2022,RS,House,2022-05-03,House Third Reading Passed - No Amendments,10
SB22-192,2022,RS,Senate,2022-05-04,Senate Considered House Amendments - Result was to Concur - Repass,11
SB22-192,2022,RS,Senate,2022-05-16,Signed by the President of the Senate,12
SB22-192,2022,RS,House,2022-05-16,Signed by the Speaker of the House,13
SB22-192,2022,RS,Governor,2022-05-16,Sent to the Governor,14
SB22-192,2022,RS,Governor,2022-05-26,Governor Signed,15
SB22-193,2022,RS,Senate,2022-03-30,Introduced In Senate - Assigned to Transportation & Energy,1
SB22-193,2022,RS,Senate,2022-04-05,Senate Committee on Transportation & Energy Refer Amended to Appropriations,2
SB22-193,2022,RS,Senate,2022-04-12,Senate Committee on Appropriations Refer Amended to Senate Committee of the Whole,3
SB22-193,2022,RS,Senate,2022-04-14,"Senate Second Reading Passed with Amendments - Committee, Floor",4
SB22-193,2022,RS,Senate,2022-04-18,Senate Third Reading Passed - No Amendments,5
SB22-193,2022,RS,House,2022-04-18,Introduced In House - Assigned to Energy & Environment,6
SB22-193,2022,RS,House,2022-04-21,House Committee on Energy & Environment Refer Amended to Appropriations,7
SB22-193,2022,RS,House,2022-05-04,House Committee on Appropriations Refer Amended to House Committee of the Whole,8
SB22-193,2022,RS,House,2022-05-05,"House Second Reading Special Order - Passed with Amendments - Committee, Floor",9
SB22-193,2022,RS,House,2022-05-06,House Third Reading Laid Over Daily - No Amendments,10
SB22-193,2022,RS,House,2022-05-10,House Third Reading Passed - No Amendments,11
SB22-193,2022,RS,Senate,2022-05-10,Senate Considered House Amendments - Result was to Concur - Repass,12
SB22-193,2022,RS,Senate,2022-05-18,Signed by the President of the Senate,13
SB22-193,2022,RS,House,2022-05-18,Signed by the Speaker of the House,14
SB22-193,2022,RS,Governor,2022-05-18,Sent to the Governor,15
SB22-193,2022,RS,Governor,2022-06-02,Governor Signed,16
SB22-194,2022,RS,Senate,2022-04-04,Introduced In Senate - Assigned to Appropriations,1
SB22-194,2022,RS,Senate,2022-04-12,Senate Committee on Appropriations Refer Unamended to Senate Committee of the Whole,2
SB22-194,2022,RS,Senate,2022-04-14,Senate Second Reading Passed - No Amendments,3
SB22-194,2022,RS,Senate,2022-04-18,Senate Third Reading Passed - No Amendments,4
SB22-194,2022,RS,House,2022-04-18,Introduced In House - Assigned to Business Affairs & Labor,5
SB22-194,2022,RS,House,2022-04-21,House Committee on Business Affairs & Labor Refer Unamended to House Committee of the Whole,6
SB22-194,2022,RS,House,2022-04-26,House Second Reading Special Order - Passed - No Amendments,7
SB22-194,2022,RS,House,2022-04-27,House Third Reading Laid Over Daily - No Amendments,8
SB22-194,2022,RS,House,2022-04-29,House Third Reading Passed - No Amendments,9
SB22-194,2022,RS,Senate,2022-05-06,Signed by the President of the Senate,10
SB22-194,2022,RS,House,2022-05-06,Signed by the Speaker of the House,11
SB22-194,2022,RS,Governor,2022-05-09,Sent to the Governor,12
SB22-194,2022,RS,Governor,2022-05-20,Governor Signed,13
SB22-195,2022,RS,Senate,2022-04-04,Introduced In Senate - Assigned to Agriculture & Natural Resources,1
SB22-195,2022,RS,Senate,2022-04-21,Senate Committee on Agriculture & Natural Resources Refer Amended to Appropriations,2
SB22-195,2022,RS,Senate,2022-04-26,Senate Committee on Appropriations Refer Unamended - Consent Calendar to Senate Committee of the Whole,3
SB22-195,2022,RS,Senate,2022-04-26,Senate Second Reading Special Order - Passed with Amendments - Committee,4
SB22-195,2022,RS,Senate,2022-04-27,Senate Third Reading Passed - No Amendments,5
SB22-195,2022,RS,House,2022-04-27,Introduced In House - Assigned to Transportation & Local Government,6
SB22-195,2022,RS,House,2022-05-02,House Committee on Transportation & Local Government Refer Unamended to Appropriations,7
SB22-195,2022,RS,House,2022-05-04,House Committee on Appropriations Refer Unamended to House Committee of the Whole,8
SB22-195,2022,RS,House,2022-05-04,House Second Reading Special Order - Passed - No Amendments,9
SB22-195,2022,RS,House,2022-05-06,House Third Reading Laid Over Daily - No Amendments,10
SB22-195,2022,RS,House,2022-05-10,House Third Reading Passed - No Amendments,11
SB22-195,2022,RS,Senate,2022-05-25,Signed by the President of the Senate,12
SB22-195,2022,RS,House,2022-05-25,Signed by the Speaker of the House,13
SB22-195,2022,RS,Governor,2022-05-25,Sent to the Governor,14
SB22-195,2022,RS,Governor,2022-06-08,Governor Signed,15
SB22-196,2022,RS,Senate,2022-04-05,Introduced In Senate - Assigned to Judiciary,1
SB22-196,2022,RS,Senate,2022-04-14,Senate Committee on Judiciary Refer Amended to Appropriations,2
SB22-196,2022,RS,Senate,2022-04-29,Senate Committee on Appropriations Refer Amended - Consent Calendar to Senate Committee of the Whole,3
SB22-196,2022,RS,Senate,2022-04-29,Senate Second Reading Special Order - Passed with Amendments - Committee,4
SB22-196,2022,RS,Senate,2022-05-02,Senate Third Reading Passed - No Amendments,5
SB22-196,2022,RS,House,2022-05-02,Introduced In House - Assigned to Judiciary,6
SB22-196,2022,RS,House,2022-05-03,House Committee on Judiciary Refer Amended to Appropriations,7
SB22-196,2022,RS,House,2022-05-04,House Committee on Appropriations Refer Unamended to House Committee of the Whole,8
SB22-196,2022,RS,House,2022-05-04,"House Second Reading Special Order - Passed with Amendments - Committee, Floor",9
SB22-196,2022,RS,House,2022-05-06,House Third Reading Laid Over Daily - No Amendments,10
SB22-196,2022,RS,House,2022-05-06,House Third Reading Passed - No Amendments,11
SB22-196,2022,RS,Senate,2022-05-09,Senate Considered House Amendments - Result was to Not Concur - Request Conference Committee,12
SB22-196,2022,RS,ConfComm,2022-05-10,First Conference Committee Result was to Adopt Rerevised w/ Amendments,13
SB22-196,2022,RS,House,2022-05-11,House Consideration of First Conference Committee Report result was to Adopt Committee Report - Repass,14
SB22-196,2022,RS,Senate,2022-05-11,Senate Consideration of First Conference Committee Report result was to Adopt Committee Report - Repass,15
SB22-196,2022,RS,Senate,2022-05-17,Signed by the President of the Senate,16
SB22-196,2022,RS,Governor,2022-05-17,Sent to the Governor,17
SB22-196,2022,RS,House,2022-05-17,Signed by the Speaker of the House,18
SB22-196,2022,RS,Governor,2022-05-19,Governor Signed,19
SB22-197,2022,RS,Senate,2022-04-06,Introduced In Senate - Assigned to Education,1
SB22-197,2022,RS,Senate,2022-04-21,Senate Committee on Education Refer Amended to Senate Committee of the Whole,2
SB22-197,2022,RS,Senate,2022-04-25,"Senate Second Reading Special Order - Passed with Amendments - Committee, Floor",3
SB22-197,2022,RS,Senate,2022-04-26,Senate Third Reading Passed - No Amendments,4
SB22-197,2022,RS,House,2022-05-05,Introduced In House - Assigned to Education,5
SB22-197,2022,RS,House,2022-05-06,House Committee on Education Refer Amended to House Committee of the Whole,6
SB22-197,2022,RS,House,2022-05-09,House Second Reading Special Order - Laid Over Daily - No Amendments,7
SB22-197,2022,RS,House,2022-05-10,House Second Reading Special Order - Passed with Amendments - Committee,8
SB22-197,2022,RS,House,2022-05-11,House Third Reading Passed - No Amendments,9
SB22-197,2022,RS,Senate,2022-05-11,Senate Considered House Amendments - Result was to Concur - Repass,10
SB22-197,2022,RS,Senate,2022-05-20,Signed by the President of the Senate,11
SB22-197,2022,RS,House,2022-05-20,Signed by the Speaker of the House,12
SB22-197,2022,RS,Governor,2022-05-20,Sent to the Governor,13
SB22-197,2022,RS,Governor,2022-06-02,Governor Signed,14
SB22-198,2022,RS,Senate,2022-04-07,Introduced In Senate - Assigned to Finance,1
SB22-198,2022,RS,Senate,2022-04-20,Senate Committee on Finance Refer Unamended to Appropriations,2
SB22-198,2022,RS,Senate,2022-04-26,Senate Committee on Appropriations Refer Unamended to Senate Committee of the Whole,3
SB22-198,2022,RS,Senate,2022-04-27,Senate Second Reading Special Order - Passed - No Amendments,4
SB22-198,2022,RS,Senate,2022-04-28,Senate Third Reading Passed - No Amendments,5
SB22-198,2022,RS,House,2022-04-28,Introduced In House - Assigned to Finance,6
SB22-198,2022,RS,House,2022-05-02,House Committee on Finance Refer Unamended to Appropriations,7
SB22-198,2022,RS,House,2022-05-04,House Committee on Appropriations Refer Unamended to House Committee of the Whole,8
SB22-198,2022,RS,House,2022-05-05,House Second Reading Special Order - Passed - No Amendments,9
SB22-198,2022,RS,House,2022-05-06,House Third Reading Laid Over Daily - No Amendments,10
SB22-198,2022,RS,House,2022-05-10,House Third Reading Passed - No Amendments,11
SB22-198,2022,RS,Senate,2022-05-25,Signed by the President of the Senate,12
SB22-198,2022,RS,House,2022-05-25,Signed by the Speaker of the House,13
SB22-198,2022,RS,Governor,2022-05-25,Sent to the Governor,14
SB22-198,2022,RS,Governor,2022-06-02,Governor Signed,15
SB22-199,2022,RS,Senate,2022-04-08,"Introduced In Senate - Assigned to State, Veterans, & Military Affairs",1
SB22-199,2022,RS,Senate,2022-04-19,"Senate Committee on State, Veterans, & Military Affairs Refer Amended to Appropriations",2
SB22-199,2022,RS,Senate,2022-04-29,Senate Committee on Appropriations Refer Amended to Senate Committee of the Whole,3
SB22-199,2022,RS,Senate,2022-04-29,Senate Second Reading Special Order - Passed with Amendments - Committee,4
SB22-199,2022,RS,Senate,2022-05-02,Senate Third Reading Passed - No Amendments,5
SB22-199,2022,RS,House,2022-05-02,Introduced In House - Assigned to Public & Behavioral Health & Human Services,6
SB22-199,2022,RS,House,2022-05-03,House Committee on Public & Behavioral Health & Human Services Refer Unamended to Appropriations,7
SB22-199,2022,RS,House,2022-05-09,House Committee on Appropriations Refer Unamended to House Committee of the Whole,8
SB22-199,2022,RS,House,2022-05-09,House Second Reading Special Order - Laid Over Daily - No Amendments,9
SB22-199,2022,RS,House,2022-05-10,House Second Reading Special Order - Passed - No Amendments,10
SB22-199,2022,RS,House,2022-05-11,House Third Reading Passed - No Amendments,11
SB22-199,2022,RS,Senate,2022-05-18,Signed by the President of the Senate,12
SB22-199,2022,RS,House,2022-05-18,Signed by the Speaker of the House,13
SB22-199,2022,RS,Governor,2022-05-18,Sent to the Governor,14
SB22-199,2022,RS,Governor,2022-05-27,Governor Signed,15
SB22-200,2022,RS,Senate,2022-04-08,Introduced In Senate - Assigned to Health & Human Services,1
SB22-200,2022,RS,Senate,2022-04-25,Senate Committee on Health & Human Services Refer Amended to Appropriations,2
SB22-200,2022,RS,Senate,2022-04-28,Senate Committee on Appropriations Refer Unamended - Consent Calendar to Senate Committee of the Whole,3
SB22-200,2022,RS,Senate,2022-04-28,Senate Second Reading Special Order - Passed with Amendments - Committee,4
SB22-200,2022,RS,Senate,2022-04-29,Senate Third Reading Passed - No Amendments,5
SB22-200,2022,RS,House,2022-04-29,Introduced In House - Assigned to Public & Behavioral Health & Human Services,6
SB22-200,2022,RS,House,2022-05-03,House Committee on Public & Behavioral Health & Human Services Refer Unamended to Appropriations,7
SB22-200,2022,RS,House,2022-05-04,House Committee on Appropriations Refer Unamended to House Committee of the Whole,8
SB22-200,2022,RS,House,2022-05-04,House Second Reading Special Order - Passed - No Amendments,9
SB22-200,2022,RS,House,2022-05-06,House Third Reading Laid Over Daily - No Amendments,10
SB22-200,2022,RS,House,2022-05-10,House Third Reading Passed - No Amendments,11
SB22-200,2022,RS,Senate,2022-05-11,Signed by the President of the Senate,12
SB22-200,2022,RS,House,2022-05-16,Signed by the Speaker of the House,13
SB22-200,2022,RS,Governor,2022-05-16,Sent to the Governor,14
SB22-200,2022,RS,Governor,2022-06-01,Governor Signed,15
SB22-201,2022,RS,Senate,2022-04-11,Introduced In Senate - Assigned to Judiciary,1
SB22-201,2022,RS,Senate,2022-04-14,Senate Committee on Judiciary Lay Over Unamended - Amendment(s) Failed,2
SB22-201,2022,RS,Senate,2022-04-21,Senate Committee on Judiciary Refer Amended to Appropriations,3
SB22-201,2022,RS,Senate,2022-04-26,Senate Committee on Appropriations Refer Amended - Consent Calendar to Senate Committee of the Whole,4
SB22-201,2022,RS,Senate,2022-04-26,Senate Second Reading Special Order - Passed with Amendments - Committee,5
SB22-201,2022,RS,Senate,2022-04-27,Senate Third Reading Passed - No Amendments,6
SB22-201,2022,RS,House,2022-04-27,Introduced In House - Assigned to Legislative Council + Judiciary,7
SB22-201,2022,RS,House,2022-04-29,House Committee on Legislative Council Refer Unamended to Judiciary,8
SB22-201,2022,RS,House,2022-05-03,House Committee on Judiciary Refer Amended to Appropriations,9
SB22-201,2022,RS,House,2022-05-06,House Committee on Appropriations Refer Amended to House Committee of the Whole,10
SB22-201,2022,RS,House,2022-05-06,"House Second Reading Special Order - Passed with Amendments - Committee, Floor",11
SB22-201,2022,RS,House,2022-05-09,House Third Reading Laid Over Daily - No Amendments,12
SB22-201,2022,RS,House,2022-05-10,House Third Reading Passed - No Amendments,13
SB22-201,2022,RS,Senate,2022-05-10,Senate Considered House Amendments - Result was to Concur - Repass,14
SB22-201,2022,RS,Senate,2022-05-18,Signed by the President of the Senate,15
SB22-201,2022,RS,House,2022-05-18,Signed by the Speaker of the House,16
SB22-201,2022,RS,Governor,2022-05-18,Sent to the Governor,17
SB22-201,2022,RS,Governor,2022-05-20,Governor Signed,18
SB22-202,2022,RS,Senate,2022-04-13,Introduced In Senate - Assigned to Education,1
SB22-202,2022,RS,Senate,2022-04-21,Senate Committee on Education Refer Amended to Appropriations,2
SB22-202,2022,RS,Senate,2022-04-26,Senate Committee on Appropriations Refer Amended - Consent Calendar to Senate Committee of the Whole,3
SB22-202,2022,RS,Senate,2022-04-26,"Senate Second Reading Special Order - Passed with Amendments - Committee, Floor",4
SB22-202,2022,RS,Senate,2022-04-27,Senate Third Reading Passed - No Amendments,5
SB22-202,2022,RS,House,2022-04-28,Introduced In House - Assigned to Transportation & Local Government,6
SB22-202,2022,RS,House,2022-05-02,House Committee on Transportation & Local Government Refer Unamended to Appropriations,7
SB22-202,2022,RS,House,2022-05-09,House Committee on Appropriations Refer Amended to House Committee of the Whole,8
SB22-202,2022,RS,House,2022-05-09,House Second Reading Special Order - Laid Over Daily - No Amendments,9
SB22-202,2022,RS,House,2022-05-10,House Second Reading Special Order - Passed with Amendments - Committee,10
SB22-202,2022,RS,House,2022-05-11,House Third Reading Passed - No Amendments,11
SB22-202,2022,RS,Senate,2022-05-11,Senate Considered House Amendments - Result was to Concur - Repass,12
SB22-202,2022,RS,Senate,2022-05-20,Signed by the President of the Senate,13
SB22-202,2022,RS,House,2022-05-20,Signed by the Speaker of the House,14
SB22-202,2022,RS,Governor,2022-05-20,Sent to the Governor,15
SB22-202,2022,RS,Governor,2022-05-26,Governor Signed,16
SB22-203,2022,RS,Senate,2022-04-13,Introduced In Senate - Assigned to Health & Human Services,1
SB22-203,2022,RS,Senate,2022-04-18,Senate Committee on Health & Human Services Refer Unamended - Consent Calendar to Senate Committee of the Whole,2
SB22-203,2022,RS,Senate,2022-04-21,Senate Second Reading Passed - No Amendments,3
SB22-203,2022,RS,Senate,2022-04-22,Senate Third Reading Passed - No Amendments,4
SB22-203,2022,RS,House,2022-04-22,Introduced In House - Assigned to Health & Insurance,5
SB22-203,2022,RS,House,2022-05-02,House Committee on Health & Insurance Refer Unamended to House Committee of the Whole,6
SB22-203,2022,RS,House,2022-05-03,House Second Reading Special Order - Passed - No Amendments,7
SB22-203,2022,RS,House,2022-05-04,House Third Reading Laid Over Daily - No Amendments,8
SB22-203,2022,RS,House,2022-05-09,House Third Reading Passed - No Amendments,9
SB22-203,2022,RS,Senate,2022-05-18,Signed by the President of the Senate,10
SB22-203,2022,RS,House,2022-05-18,Signed by the Speaker of the House,11
SB22-203,2022,RS,Governor,2022-05-18,Sent to the Governor,12
SB22-203,2022,RS,Governor,2022-06-08,Governor Signed,13
SB22-204,2022,RS,Senate,2022-04-13,Introduced In Senate - Assigned to Judiciary,1
SB22-204,2022,RS,Senate,2022-04-21,Senate Committee on Judiciary Refer Unamended to Appropriations,2
SB22-204,2022,RS,Senate,2022-04-26,Senate Committee on Appropriations Refer Amended to Senate Committee of the Whole,3
SB22-204,2022,RS,Senate,2022-04-27,Senate Second Reading Special Order - Passed with Amendments - Committee,4
SB22-204,2022,RS,Senate,2022-04-28,Senate Third Reading Passed - No Amendments,5
SB22-204,2022,RS,House,2022-04-28,Introduced In House - Assigned to Judiciary,6
SB22-204,2022,RS,House,2022-05-03,House Committee on Judiciary Refer Unamended to Appropriations,7
SB22-204,2022,RS,House,2022-05-04,House Committee on Appropriations Refer Unamended to House Committee of the Whole,8
SB22-204,2022,RS,House,2022-05-05,House Second Reading Special Order - Passed with Amendments - Floor,9
SB22-204,2022,RS,House,2022-05-06,House Third Reading Laid Over Daily - No Amendments,10
SB22-204,2022,RS,House,2022-05-10,House Third Reading Passed - No Amendments,11
SB22-204,2022,RS,Senate,2022-05-10,Senate Considered House Amendments - Result was to Concur - Repass,12
SB22-204,2022,RS,Senate,2022-05-20,Signed by the President of the Senate,13
SB22-204,2022,RS,Governor,2022-05-20,Sent to the Governor,14
SB22-204,2022,RS,House,2022-05-20,Signed by the Speaker of the House,15
SB22-204,2022,RS,Governor,2022-06-07,Governor Signed,16
SB22-205,2022,RS,Senate,2022-04-13,"Introduced In Senate - Assigned to Business, Labor, & Technology",1
SB22-205,2022,RS,Senate,2022-05-02,"Senate Committee on Business, Labor, & Technology Refer Amended to Finance",2
SB22-205,2022,RS,Senate,2022-05-04,Senate Committee on Finance Refer Amended to Appropriations,3
SB22-205,2022,RS,Senate,2022-05-05,Senate Committee on Appropriations Refer Amended - Consent Calendar to Senate Committee of the Whole,4
SB22-205,2022,RS,Senate,2022-05-05,Senate Second Reading Special Order - Passed with Amendments - Committee,5
SB22-205,2022,RS,Senate,2022-05-06,Senate Third Reading Passed - No Amendments,6
SB22-205,2022,RS,House,2022-05-06,Introduced In House - Assigned to Public & Behavioral Health & Human Services,7
SB22-205,2022,RS,House,2022-05-10,House Committee on Public & Behavioral Health & Human Services Refer Amended to Appropriations,8
SB22-205,2022,RS,House,2022-05-10,House Committee on Appropriations Refer Unamended to House Committee of the Whole,9
SB22-205,2022,RS,House,2022-05-10,House Second Reading Special Order - Passed with Amendments - Committee,10
SB22-205,2022,RS,House,2022-05-11,House Third Reading Passed - No Amendments,11
SB22-205,2022,RS,Senate,2022-05-11,Senate Considered House Amendments - Result was to Concur - Repass,12
SB22-205,2022,RS,Senate,2022-05-18,Signed by the President of the Senate,13
SB22-205,2022,RS,House,2022-05-18,Signed by the Speaker of the House,14
SB22-205,2022,RS,Governor,2022-05-18,Sent to the Governor,15
SB22-205,2022,RS,Governor,2022-05-31,Governor Signed,16
SB22-206,2022,RS,Senate,2022-04-14,"Introduced In Senate - Assigned to State, Veterans, & Military Affairs",1
SB22-206,2022,RS,Senate,2022-04-26,"Senate Committee on State, Veterans, & Military Affairs Refer Amended to Appropriations",2
SB22-206,2022,RS,Senate,2022-05-02,Senate Committee on Appropriations Refer Amended to Senate Committee of the Whole,3
SB22-206,2022,RS,Senate,2022-05-02,"Senate Second Reading Special Order - Passed with Amendments - Committee, Floor",4
SB22-206,2022,RS,Senate,2022-05-03,Senate Third Reading Passed - No Amendments,5
SB22-206,2022,RS,House,2022-05-03,"Introduced In House - Assigned to State, Civic, Military, & Veterans Affairs",6
SB22-206,2022,RS,House,2022-05-04,"House Committee on State, Civic, Military, & Veterans Affairs Refer Amended to Appropriations",7
SB22-206,2022,RS,House,2022-05-09,House Committee on Appropriations Refer Amended to House Committee of the Whole,8
SB22-206,2022,RS,House,2022-05-09,House Second Reading Special Order - Laid Over Daily - No Amendments,9
SB22-206,2022,RS,House,2022-05-10,"House Second Reading Special Order - Passed with Amendments - Committee, Floor",10
SB22-206,2022,RS,House,2022-05-11,House Third Reading Passed - No Amendments,11
SB22-206,2022,RS,Senate,2022-05-11,Senate Considered House Amendments - Result was to Concur - Repass,12
SB22-206,2022,RS,Senate,2022-05-17,Signed by the President of the Senate,13
SB22-206,2022,RS,Governor,2022-05-17,Sent to the Governor,14
SB22-206,2022,RS,Governor,2022-05-17,Governor Signed,15
SB22-206,2022,RS,House,2022-05-17,Signed by the Speaker of the House,16
SB22-207,2022,RS,Senate,2022-04-18,Introduced In Senate - Assigned to Education,1
SB22-207,2022,RS,Senate,2022-04-28,Senate Committee on Education Refer Amended to Appropriations,2
SB22-207,2022,RS,Senate,2022-05-02,Senate Committee on Appropriations Refer Amended to Senate Committee of the Whole,3
SB22-207,2022,RS,Senate,2022-05-02,"Senate Second Reading Special Order - Passed with Amendments - Committee, Floor",4
SB22-207,2022,RS,Senate,2022-05-03,Senate Third Reading Passed - No Amendments,5
SB22-207,2022,RS,House,2022-05-03,Introduced In House - Assigned to Education,6
SB22-207,2022,RS,House,2022-05-04,House Committee on Education Refer Unamended to Appropriations,7
SB22-207,2022,RS,House,2022-05-05,House Committee on Appropriations Refer Unamended to House Committee of the Whole,8
SB22-207,2022,RS,House,2022-05-06,House Second Reading Special Order - Laid Over Daily - No Amendments,9
SB22-207,2022,RS,House,2022-05-10,House Second Reading Special Order - Passed with Amendments - Floor,10
SB22-207,2022,RS,House,2022-05-11,House Third Reading Passed with Amendments - Floor,11
SB22-207,2022,RS,Senate,2022-05-11,Senate Considered House Amendments - Result was to Concur - Repass,12
SB22-207,2022,RS,Senate,2022-05-20,Signed by the President of the Senate,13
SB22-207,2022,RS,Governor,2022-05-20,Sent to the Governor,14
SB22-207,2022,RS,House,2022-05-20,Signed by the Speaker of the House,15
SB22-207,2022,RS,Governor,2022-06-07,Governor Signed,16
SB22-208,2022,RS,Senate,2022-04-18,Introduced In Senate - Assigned to Finance,1
SB22-208,2022,RS,Senate,2022-04-25,Senate Committee on Finance Refer Unamended - Consent Calendar to Senate Committee of the Whole,2
SB22-208,2022,RS,Senate,2022-04-26,Senate Second Reading Special Order - Passed - No Amendments,3
SB22-208,2022,RS,Senate,2022-04-27,Senate Third Reading Passed - No Amendments,4
SB22-208,2022,RS,House,2022-04-27,Introduced In House - Assigned to Finance,5
SB22-208,2022,RS,House,2022-05-02,House Committee on Finance Refer Amended to House Committee of the Whole,6
SB22-208,2022,RS,House,2022-05-03,"House Second Reading Special Order - Passed with Amendments - Committee, Floor",7
SB22-208,2022,RS,House,2022-05-04,House Third Reading Laid Over Daily - No Amendments,8
SB22-208,2022,RS,House,2022-05-06,House Third Reading Passed with Amendments - Floor,9
SB22-208,2022,RS,Senate,2022-05-09,Senate Considered House Amendments - Result was to Concur - Repass,10
SB22-208,2022,RS,Senate,2022-05-18,Signed by the President of the Senate,11
SB22-208,2022,RS,House,2022-05-18,Signed by the Speaker of the House,12
SB22-208,2022,RS,Governor,2022-05-18,Sent to the Governor,13
SB22-208,2022,RS,Governor,2022-06-07,Governor Signed,14
SB22-209,2022,RS,Senate,2022-04-18,Introduced In Senate - Assigned to Agriculture & Natural Resources,1
SB22-209,2022,RS,Senate,2022-04-21,Senate Committee on Agriculture & Natural Resources Refer Unamended to Appropriations,2
SB22-209,2022,RS,Senate,2022-04-26,Senate Committee on Appropriations Refer Amended - Consent Calendar to Senate Committee of the Whole,3
SB22-209,2022,RS,Senate,2022-04-26,Senate Second Reading Special Order - Passed with Amendments - Committee,4
SB22-209,2022,RS,Senate,2022-04-27,Senate Third Reading Passed - No Amendments,5
SB22-209,2022,RS,House,2022-04-27,Introduced In House - Assigned to Business Affairs & Labor,6
SB22-209,2022,RS,House,2022-05-04,House Committee on Business Affairs & Labor Refer Unamended to Appropriations,7
SB22-209,2022,RS,House,2022-05-05,House Committee on Appropriations Refer Unamended to House Committee of the Whole,8
SB22-209,2022,RS,House,2022-05-06,House Second Reading Special Order - Laid Over Daily - No Amendments,9
SB22-209,2022,RS,House,2022-05-10,House Second Reading Special Order - Passed - No Amendments,10
SB22-209,2022,RS,House,2022-05-11,House Third Reading Passed - No Amendments,11
SB22-209,2022,RS,Senate,2022-05-25,Signed by the President of the Senate,12
SB22-209,2022,RS,House,2022-05-25,Signed by the Speaker of the House,13
SB22-209,2022,RS,Governor,2022-05-25,Sent to the Governor,14
SB22-209,2022,RS,Governor,2022-06-08,Governor Signed,15
SB22-210,2022,RS,Senate,2022-04-18,Introduced In Senate - Assigned to Health & Human Services,1
SB22-210,2022,RS,Senate,2022-04-27,Senate Committee on Health & Human Services Refer Amended to Finance,2
SB22-210,2022,RS,Senate,2022-04-29,Senate Committee on Finance Refer Amended to Appropriations,3
SB22-210,2022,RS,Senate,2022-05-02,Senate Committee on Appropriations Refer Amended - Consent Calendar to Senate Committee of the Whole,4
SB22-210,2022,RS,Senate,2022-05-02,"Senate Second Reading Special Order - Passed with Amendments - Committee, Floor",5
SB22-210,2022,RS,Senate,2022-05-03,Senate Third Reading Passed - No Amendments,6
SB22-210,2022,RS,House,2022-05-03,Introduced In House - Assigned to Finance,7
SB22-210,2022,RS,House,2022-05-05,House Committee on Finance Refer Unamended to Appropriations,8
SB22-210,2022,RS,House,2022-05-09,House Committee on Appropriations Refer Amended to House Committee of the Whole,9
SB22-210,2022,RS,House,2022-05-09,House Second Reading Special Order - Laid Over Daily - No Amendments,10
SB22-210,2022,RS,House,2022-05-10,House Second Reading Special Order - Passed with Amendments - Committee,11
SB22-210,2022,RS,House,2022-05-11,House Third Reading Passed - No Amendments,12
SB22-210,2022,RS,Senate,2022-05-11,Senate Considered House Amendments - Result was to Concur - Repass,13
SB22-210,2022,RS,Senate,2022-05-25,Signed by the President of the Senate,14
SB22-210,2022,RS,House,2022-05-25,Signed by the Speaker of the House,15
SB22-210,2022,RS,Governor,2022-05-25,Sent to the Governor,16
SB22-210,2022,RS,Governor,2022-06-03,Governor Signed,17
SB22-211,2022,RS,Senate,2022-04-18,Introduced In Senate - Assigned to Health & Human Services,1
SB22-211,2022,RS,Senate,2022-04-25,Senate Committee on Health & Human Services Refer Amended to Appropriations,2
SB22-211,2022,RS,Senate,2022-04-29,Senate Committee on Appropriations Refer Amended to Senate Committee of the Whole,3
SB22-211,2022,RS,Senate,2022-04-29,"Senate Second Reading Special Order - Passed with Amendments - Committee, Floor",4
SB22-211,2022,RS,Senate,2022-05-02,Senate Third Reading Passed - No Amendments,5
SB22-211,2022,RS,House,2022-05-02,Introduced In House - Assigned to Public & Behavioral Health & Human Services,6
SB22-211,2022,RS,House,2022-05-03,House Committee on Public & Behavioral Health & Human Services Refer Unamended to Appropriations,7
SB22-211,2022,RS,House,2022-05-04,House Committee on Appropriations Refer Unamended to House Committee of the Whole,8
SB22-211,2022,RS,House,2022-05-04,House Second Reading Special Order - Passed - No Amendments,9
SB22-211,2022,RS,House,2022-05-06,House Third Reading Laid Over Daily - No Amendments,10
SB22-211,2022,RS,House,2022-05-10,House Third Reading Passed - No Amendments,11
SB22-211,2022,RS,Senate,2022-05-18,Signed by the President of the Senate,12
SB22-211,2022,RS,House,2022-05-18,Signed by the Speaker of the House,13
SB22-211,2022,RS,Governor,2022-05-18,Sent to the Governor,14
SB22-211,2022,RS,Governor,2022-05-31,Governor Signed,15
SB22-212,2022,RS,Senate,2022-04-19,Introduced In Senate - Assigned to Judiciary,1
SB22-212,2022,RS,Senate,2022-04-21,Senate Committee on Judiciary Refer Amended - Consent Calendar to Senate Committee of the Whole,2
SB22-212,2022,RS,Senate,2022-04-22,Senate Second Reading Special Order - Passed with Amendments - Committee,3
SB22-212,2022,RS,Senate,2022-04-25,Senate Third Reading Passed - No Amendments,4
SB22-212,2022,RS,House,2022-04-25,Introduced In House - Assigned to Judiciary,5
SB22-212,2022,RS,House,2022-04-26,House Committee on Judiciary Refer Amended to House Committee of the Whole,6
SB22-212,2022,RS,House,2022-04-27,House Second Reading Special Order - Passed with Amendments - Committee,7
SB22-212,2022,RS,House,2022-04-28,House Third Reading Laid Over Daily - No Amendments,8
SB22-212,2022,RS,House,2022-04-29,House Third Reading Passed - No Amendments,9
SB22-212,2022,RS,Senate,2022-05-02,Senate Considered House Amendments - Result was to Laid Over Daily,10
SB22-212,2022,RS,Senate,2022-05-04,Senate Considered House Amendments - Result was to Concur - Repass,11
SB22-212,2022,RS,Senate,2022-05-25,Signed by the President of the Senate,12
SB22-212,2022,RS,House,2022-05-25,Signed by the Speaker of the House,13
SB22-212,2022,RS,Governor,2022-05-25,Sent to the Governor,14
SB22-212,2022,RS,Governor,2022-06-07,Governor Signed,15
SB22-213,2022,RS,Senate,2022-04-19,Introduced In Senate - Assigned to Health & Human Services,1
SB22-213,2022,RS,Senate,2022-04-25,Senate Committee on Health & Human Services Refer Amended to Appropriations,2
SB22-213,2022,RS,Senate,2022-04-28,Senate Committee on Appropriations Refer Amended - Consent Calendar to Senate Committee of the Whole,3
SB22-213,2022,RS,Senate,2022-04-28,Senate Second Reading Special Order - Passed with Amendments - Committee,4
SB22-213,2022,RS,Senate,2022-04-29,Senate Third Reading Passed - No Amendments,5
SB22-213,2022,RS,House,2022-04-29,Introduced In House - Assigned to Public & Behavioral Health & Human Services,6
SB22-213,2022,RS,House,2022-05-03,House Committee on Public & Behavioral Health & Human Services Refer Amended to Appropriations,7
SB22-213,2022,RS,House,2022-05-04,House Committee on Appropriations Refer Amended to House Committee of the Whole,8
SB22-213,2022,RS,House,2022-05-05,House Second Reading Special Order - Passed with Amendments - Committee,9
SB22-213,2022,RS,House,2022-05-06,House Third Reading Laid Over Daily - No Amendments,10
SB22-213,2022,RS,House,2022-05-10,House Third Reading Passed - No Amendments,11
SB22-213,2022,RS,Senate,2022-05-10,Senate Considered House Amendments - Result was to Concur - Repass,12
SB22-213,2022,RS,Senate,2022-05-11,Signed by the President of the Senate,13
SB22-213,2022,RS,House,2022-05-16,Signed by the Speaker of the House,14
SB22-213,2022,RS,Governor,2022-05-16,Sent to the Governor,15
SB22-213,2022,RS,Governor,2022-06-03,Governor Signed,16
SB22-214,2022,RS,Senate,2022-04-19,Introduced In Senate - Assigned to Appropriations,1
SB22-214,2022,RS,Senate,2022-04-22,Senate Committee on Appropriations Refer Unamended to Senate Committee of the Whole,2
SB22-214,2022,RS,Senate,2022-04-22,Senate Second Reading Special Order - Passed - No Amendments,3
SB22-214,2022,RS,Senate,2022-04-25,Senate Third Reading Passed - No Amendments,4
SB22-214,2022,RS,House,2022-04-25,Introduced In House - Assigned to Appropriations,5
SB22-214,2022,RS,House,2022-05-02,House Committee on Appropriations Refer Unamended to House Committee of the Whole,6
SB22-214,2022,RS,House,2022-05-02,House Second Reading Special Order - Passed - No Amendments,7
SB22-214,2022,RS,House,2022-05-03,House Third Reading Passed - No Amendments,8
SB22-214,2022,RS,Senate,2022-05-10,Signed by the President of the Senate,9
SB22-214,2022,RS,House,2022-05-10,Signed by the Speaker of the House,10
SB22-214,2022,RS,Governor,2022-05-11,Sent to the Governor,11
SB22-214,2022,RS,Governor,2022-05-17,Governor Signed,12
SB22-215,2022,RS,Senate,2022-04-19,Introduced In Senate - Assigned to Appropriations,1
SB22-215,2022,RS,Senate,2022-04-21,Senate Committee on Appropriations Refer Unamended to Senate Committee of the Whole,2
SB22-215,2022,RS,Senate,2022-04-25,Senate Second Reading Passed with Amendments - Floor,3
SB22-215,2022,RS,Senate,2022-04-26,Senate Third Reading Passed - No Amendments,4
SB22-215,2022,RS,House,2022-04-27,Introduced In House - Assigned to Appropriations,5
SB22-215,2022,RS,House,2022-05-04,House Committee on Appropriations Refer Amended to House Committee of the Whole,6
SB22-215,2022,RS,House,2022-05-04,House Second Reading Special Order - Laid Over Daily - No Amendments,7
SB22-215,2022,RS,House,2022-05-06,House Second Reading Special Order - Passed with Amendments - Committee,8
SB22-215,2022,RS,House,2022-05-09,House Third Reading Laid Over Daily - No Amendments,9
SB22-215,2022,RS,House,2022-05-10,House Third Reading Passed - No Amendments,10
SB22-215,2022,RS,Senate,2022-05-10,Senate Considered House Amendments - Result was to Concur - Repass,11
SB22-215,2022,RS,Senate,2022-05-20,Signed by the President of the Senate,12
SB22-215,2022,RS,House,2022-05-20,Signed by the Speaker of the House,13
SB22-215,2022,RS,Governor,2022-05-20,Sent to the Governor,14
SB22-215,2022,RS,Governor,2022-06-07,Governor Signed,15
SB22-216,2022,RS,Senate,2022-04-19,Introduced In Senate - Assigned to Appropriations,1
SB22-216,2022,RS,Senate,2022-04-29,Senate Committee on Appropriations Refer Amended to Senate Committee of the Whole,2
SB22-216,2022,RS,Senate,2022-04-29,Senate Second Reading Special Order - Passed with Amendments - Committee,3
SB22-216,2022,RS,Senate,2022-05-02,Senate Third Reading Passed - No Amendments,4
SB22-216,2022,RS,House,2022-05-02,Introduced In House - Assigned to Appropriations,5
SB22-216,2022,RS,House,2022-05-04,House Committee on Appropriations Refer Unamended to House Committee of the Whole,6
SB22-216,2022,RS,House,2022-05-04,House Second Reading Special Order - Laid Over Daily - No Amendments,7
SB22-216,2022,RS,House,2022-05-09,House Second Reading Special Order - Passed - No Amendments,8
SB22-216,2022,RS,House,2022-05-10,House Third Reading Passed - No Amendments,9
SB22-216,2022,RS,Senate,2022-05-20,Signed by the President of the Senate,10
SB22-216,2022,RS,House,2022-05-20,Signed by the Speaker of the House,11
SB22-216,2022,RS,Governor,2022-05-20,Sent to the Governor,12
SB22-216,2022,RS,Governor,2022-06-07,Governor Signed,13
SB22-217,2022,RS,Senate,2022-04-20,Introduced In Senate - Assigned to Appropriations,1
SB22-217,2022,RS,Senate,2022-04-26,Senate Committee on Appropriations Refer Amended - Consent Calendar to Senate Committee of the Whole,2
SB22-217,2022,RS,Senate,2022-04-26,Senate Second Reading Special Order - Passed with Amendments - Committee,3
SB22-217,2022,RS,Senate,2022-04-27,Senate Third Reading Passed - No Amendments,4
SB22-217,2022,RS,House,2022-04-27,Introduced In House - Assigned to Transportation & Local Government,5
SB22-217,2022,RS,House,2022-05-02,House Committee on Transportation & Local Government Refer Unamended to Finance,6
SB22-217,2022,RS,House,2022-05-05,House Committee on Finance Refer Unamended to Appropriations,7
SB22-217,2022,RS,House,2022-05-05,House Second Reading Special Order - Passed - No Amendments,8
SB22-217,2022,RS,House,2022-05-05,House Committee on Appropriations Refer Unamended to House Committee of the Whole,9
SB22-217,2022,RS,House,2022-05-06,House Third Reading Laid Over Daily - No Amendments,10
SB22-217,2022,RS,House,2022-05-10,House Third Reading Passed - No Amendments,11
SB22-217,2022,RS,Senate,2022-05-20,Signed by the President of the Senate,12
SB22-217,2022,RS,House,2022-05-20,Signed by the Speaker of the House,13
SB22-217,2022,RS,Governor,2022-05-20,Sent to the Governor,14
SB22-217,2022,RS,Governor,2022-06-07,Governor Signed,15
SB22-218,2022,RS,Senate,2022-04-20,"Introduced In Senate - Assigned to State, Veterans, & Military Affairs",1
SB22-218,2022,RS,Senate,2022-04-26,"Senate Committee on State, Veterans, & Military Affairs Refer Unamended - Consent Calendar to Senate Committee of the Whole",2
SB22-218,2022,RS,Senate,2022-04-27,Senate Second Reading Special Order - Passed - No Amendments,3
SB22-218,2022,RS,Senate,2022-04-28,Senate Third Reading Passed - No Amendments,4
SB22-218,2022,RS,House,2022-04-28,Introduced In House - Assigned to Business Affairs & Labor,5
SB22-218,2022,RS,House,2022-05-04,House Committee on Business Affairs & Labor Refer Unamended to House Committee of the Whole,6
SB22-218,2022,RS,House,2022-05-05,House Second Reading Special Order - Passed - No Amendments,7
SB22-218,2022,RS,House,2022-05-06,House Third Reading Laid Over Daily - No Amendments,8
SB22-218,2022,RS,House,2022-05-10,House Third Reading Passed - No Amendments,9
SB22-218,2022,RS,Senate,2022-05-18,Signed by the President of the Senate,10
SB22-218,2022,RS,House,2022-05-18,Signed by the Speaker of the House,11
SB22-218,2022,RS,Governor,2022-05-18,Sent to the Governor,12
SB22-218,2022,RS,Governor,2022-06-07,Governor Signed,13
SB22-219,2022,RS,Senate,2022-04-21,Introduced In Senate - Assigned to Health & Human Services,1
SB22-219,2022,RS,Senate,2022-04-25,Senate Committee on Health & Human Services Refer Amended to Finance,2
SB22-219,2022,RS,Senate,2022-04-27,Senate Committee on Finance Refer Amended to Appropriations,3
SB22-219,2022,RS,Senate,2022-04-29,Senate Committee on Appropriations Refer Amended - Consent Calendar to Senate Committee of the Whole,4
SB22-219,2022,RS,Senate,2022-04-29,"Senate Second Reading Special Order - Passed with Amendments - Committee, Floor",5
SB22-219,2022,RS,Senate,2022-05-02,Senate Third Reading Passed - No Amendments,6
SB22-219,2022,RS,House,2022-05-05,Introduced In House - Assigned to Finance,7
SB22-219,2022,RS,House,2022-05-06,House Committee on Finance Refer Unamended to Appropriations,8
SB22-219,2022,RS,House,2022-05-06,House Committee on Appropriations Refer Unamended to House Committee of the Whole,9
SB22-219,2022,RS,House,2022-05-10,House Second Reading Special Order - Passed with Amendments - Floor,10
SB22-219,2022,RS,House,2022-05-11,House Third Reading Passed - No Amendments,11
SB22-219,2022,RS,Senate,2022-05-11,Senate Considered House Amendments - Result was to Concur - Repass,12
SB22-219,2022,RS,Senate,2022-05-25,Signed by the President of the Senate,13
SB22-219,2022,RS,House,2022-05-25,Signed by the Speaker of the House,14
SB22-219,2022,RS,Governor,2022-05-25,Sent to the Governor,15
SB22-219,2022,RS,Governor,2022-06-07,Governor Signed,16
SB22-220,2022,RS,Senate,2022-04-21,Introduced In Senate - Assigned to Finance,1
SB22-220,2022,RS,Senate,2022-04-27,Senate Committee on Finance Refer Unamended to Appropriations,2
SB22-220,2022,RS,Senate,2022-04-29,Senate Committee on Appropriations Refer Amended - Consent Calendar to Senate Committee of the Whole,3
SB22-220,2022,RS,Senate,2022-04-29,Senate Second Reading Special Order - Passed with Amendments - Committee,4
SB22-220,2022,RS,Senate,2022-05-02,Senate Third Reading Passed - No Amendments,5
SB22-220,2022,RS,House,2022-05-02,Introduced In House - Assigned to Finance,6
SB22-220,2022,RS,House,2022-05-06,House Committee on Finance Refer Unamended to Appropriations,7
SB22-220,2022,RS,House,2022-05-09,House Committee on Appropriations Refer Unamended to House Committee of the Whole,8
SB22-220,2022,RS,House,2022-05-09,House Second Reading Special Order - Laid Over Daily - No Amendments,9
SB22-220,2022,RS,House,2022-05-10,House Second Reading Special Order - Passed - No Amendments,10
SB22-220,2022,RS,House,2022-05-11,House Third Reading Passed - No Amendments,11
SB22-220,2022,RS,Senate,2022-05-20,Signed by the President of the Senate,12
SB22-220,2022,RS,House,2022-05-20,Signed by the Speaker of the House,13
SB22-220,2022,RS,Governor,2022-05-20,Sent to the Governor,14
SB22-220,2022,RS,Governor,2022-06-07,Governor Signed,15
SB22-221,2022,RS,Senate,2022-04-21,"Introduced In Senate - Assigned to State, Veterans, & Military Affairs",1
SB22-221,2022,RS,Senate,2022-04-26,"Senate Committee on State, Veterans, & Military Affairs Refer Unamended to Senate Committee of the Whole",2
SB22-221,2022,RS,Senate,2022-04-29,Senate Second Reading Laid Over to 05/12/2022 - No Amendments,3
SB22-222,2022,RS,Senate,2022-04-21,"Introduced In Senate - Assigned to State, Veterans, & Military Affairs",1
SB22-222,2022,RS,Senate,2022-04-26,"Senate Committee on State, Veterans, & Military Affairs Refer Unamended to Appropriations",2
SB22-222,2022,RS,Senate,2022-04-29,Senate Committee on Appropriations Refer Unamended to Senate Committee of the Whole,3
SB22-222,2022,RS,Senate,2022-04-29,Senate Second Reading Special Order - Passed - No Amendments,4
SB22-222,2022,RS,Senate,2022-05-02,Senate Third Reading Passed - No Amendments,5
SB22-222,2022,RS,House,2022-05-02,"Introduced In House - Assigned to State, Civic, Military, & Veterans Affairs",6
SB22-222,2022,RS,House,2022-05-04,"House Committee on State, Civic, Military, & Veterans Affairs Refer Unamended to Appropriations",7
SB22-222,2022,RS,House,2022-05-05,House Committee on Appropriations Refer Unamended to House Committee of the Whole,8
SB22-222,2022,RS,House,2022-05-06,House Second Reading Special Order - Laid Over Daily - No Amendments,9
SB22-222,2022,RS,House,2022-05-10,House Second Reading Special Order - Passed - No Amendments,10
SB22-222,2022,RS,House,2022-05-11,House Third Reading Passed - No Amendments,11
SB22-222,2022,RS,Senate,2022-05-25,Signed by the President of the Senate,12
SB22-222,2022,RS,House,2022-05-25,Signed by the Speaker of the House,13
SB22-223,2022,RS,Senate,2022-04-22,"Introduced In Senate - Assigned to Business, Labor, & Technology",1
SB22-223,2022,RS,Senate,2022-04-27,"Senate Committee on Business, Labor, & Technology Refer Unamended to Senate Committee of the Whole",2
SB22-223,2022,RS,Senate,2022-04-28,Senate Second Reading Special Order - Passed - No Amendments,3
SB22-223,2022,RS,Senate,2022-04-29,Senate Third Reading Passed - No Amendments,4
SB22-223,2022,RS,House,2022-04-29,Introduced In House - Assigned to Transportation & Local Government,5
SB22-223,2022,RS,House,2022-05-02,House Committee on Transportation & Local Government Refer Unamended to House Committee of the Whole,6
SB22-223,2022,RS,House,2022-05-03,House Second Reading Special Order - Passed - No Amendments,7
SB22-223,2022,RS,House,2022-05-04,House Third Reading Laid Over Daily - No Amendments,8
SB22-223,2022,RS,House,2022-05-06,House Third Reading Passed - No Amendments,9
SB22-223,2022,RS,Senate,2022-05-25,Signed by the President of the Senate,10
SB22-223,2022,RS,House,2022-05-25,Signed by the Speaker of the House,11
SB22-223,2022,RS,Governor,2022-05-25,Sent to the Governor,12
SB22-223,2022,RS,Governor,2022-06-07,Governor Signed,13
SB22-224,2022,RS,Senate,2022-04-22,"Introduced In Senate - Assigned to State, Veterans, & Military Affairs",1
SB22-224,2022,RS,Senate,2022-04-26,"Senate Committee on State, Veterans, & Military Affairs Refer Amended to Appropriations",2
SB22-224,2022,RS,Senate,2022-04-29,Senate Committee on Appropriations Refer Amended - Consent Calendar to Senate Committee of the Whole,3
SB22-224,2022,RS,Senate,2022-05-03,"Senate Second Reading Special Order - Passed with Amendments - Committee, Floor",4
SB22-224,2022,RS,Senate,2022-05-04,Senate Third Reading Passed - No Amendments,5
SB22-224,2022,RS,Senate,2022-05-04,Senate Third Reading Reconsidered - No Amendments,6
SB22-224,2022,RS,House,2022-05-04,Introduced In House - Assigned to Finance,7
SB22-224,2022,RS,House,2022-05-05,House Committee on Finance Refer Amended to Appropriations,8
SB22-224,2022,RS,House,2022-05-09,House Committee on Appropriations Refer Unamended to House Committee of the Whole,9
SB22-224,2022,RS,House,2022-05-09,"House Second Reading Special Order - Passed with Amendments - Committee, Floor",10
SB22-224,2022,RS,House,2022-05-10,House Third Reading Passed - No Amendments,11
SB22-224,2022,RS,Senate,2022-05-10,Senate Considered House Amendments - Result was to Concur - Repass,12
SB22-224,2022,RS,Senate,2022-05-25,Signed by the President of the Senate,13
SB22-224,2022,RS,House,2022-05-25,Signed by the Speaker of the House,14
SB22-224,2022,RS,Governor,2022-05-25,Sent to the Governor,15
SB22-224,2022,RS,Governor,2022-05-31,Governor Signed,16
SB22-225,2022,RS,Senate,2022-04-22,Introduced In Senate - Assigned to Health & Human Services,1
SB22-225,2022,RS,Senate,2022-04-27,Senate Committee on Health & Human Services Refer Amended to Finance,2
SB22-225,2022,RS,Senate,2022-04-29,Senate Committee on Finance Refer Amended to Appropriations,3
SB22-225,2022,RS,Senate,2022-05-02,Senate Committee on Appropriations Refer Amended to Senate Committee of the Whole,4
SB22-225,2022,RS,Senate,2022-05-02,Senate Second Reading Special Order - Passed with Amendments - Committee,5
SB22-225,2022,RS,Senate,2022-05-03,Senate Third Reading Passed - No Amendments,6
SB22-225,2022,RS,House,2022-05-03,Introduced In House - Assigned to Finance,7
SB22-225,2022,RS,House,2022-05-06,House Committee on Finance Refer Unamended to Appropriations,8
SB22-225,2022,RS,House,2022-05-09,House Committee on Appropriations Refer Amended to House Committee of the Whole,9
SB22-225,2022,RS,House,2022-05-09,House Second Reading Special Order - Laid Over Daily - No Amendments,10
SB22-225,2022,RS,House,2022-05-10,"House Second Reading Special Order - Passed with Amendments - Committee, Floor",11
SB22-225,2022,RS,House,2022-05-11,House Third Reading Passed - No Amendments,12
SB22-225,2022,RS,Senate,2022-05-11,Senate Considered House Amendments - Result was to Concur - Repass,13
SB22-225,2022,RS,Senate,2022-05-25,Signed by the President of the Senate,14
SB22-225,2022,RS,House,2022-05-25,Signed by the Speaker of the House,15
SB22-225,2022,RS,Governor,2022-05-25,Sent to the Governor,16
SB22-225,2022,RS,Governor,2022-06-01,Governor Signed,17
SB22-226,2022,RS,Senate,2022-04-22,Introduced In Senate - Assigned to Health & Human Services,1
SB22-226,2022,RS,Senate,2022-04-27,Senate Committee on Health & Human Services Refer Amended to Appropriations,2
SB22-226,2022,RS,Senate,2022-05-02,Senate Committee on Appropriations Refer Amended - Consent Calendar to Senate Committee of the Whole,3
SB22-226,2022,RS,Senate,2022-05-02,Senate Second Reading Special Order - Passed with Amendments - Committee,4
SB22-226,2022,RS,Senate,2022-05-03,Senate Third Reading Passed - No Amendments,5
SB22-226,2022,RS,House,2022-05-03,Introduced In House - Assigned to Health & Insurance,6
SB22-226,2022,RS,House,2022-05-04,House Committee on Health & Insurance Refer Amended to Appropriations,7
SB22-226,2022,RS,House,2022-05-05,House Committee on Appropriations Refer Unamended to House Committee of the Whole,8
SB22-226,2022,RS,House,2022-05-06,"House Second Reading Special Order - Passed with Amendments - Committee, Floor",9
SB22-226,2022,RS,House,2022-05-09,House Third Reading Laid Over Daily - No Amendments,10
SB22-226,2022,RS,House,2022-05-10,House Third Reading Passed - No Amendments,11
SB22-226,2022,RS,Senate,2022-05-10,Senate Considered House Amendments - Result was to Concur - Repass,12
SB22-226,2022,RS,Senate,2022-05-16,Signed by the President of the Senate,13
SB22-226,2022,RS,House,2022-05-16,Signed by the Speaker of the House,14
SB22-226,2022,RS,Governor,2022-05-16,Sent to the Governor,15
SB22-226,2022,RS,Governor,2022-05-18,Governor Signed,16
SB22-227,2022,RS,Senate,2022-04-25,Introduced In Senate - Assigned to Appropriations,1
SB22-227,2022,RS,Senate,2022-04-29,Senate Committee on Appropriations Refer Unamended - Consent Calendar to Senate Committee of the Whole,2
SB22-227,2022,RS,Senate,2022-04-29,Senate Second Reading Special Order - Passed - No Amendments,3
SB22-227,2022,RS,Senate,2022-05-02,Senate Third Reading Passed - No Amendments,4
SB22-227,2022,RS,House,2022-05-02,Introduced In House - Assigned to Appropriations,5
SB22-227,2022,RS,House,2022-05-04,House Committee on Appropriations Refer Unamended to House Committee of the Whole,6
SB22-227,2022,RS,House,2022-05-04,House Second Reading Special Order - Passed - No Amendments,7
SB22-227,2022,RS,House,2022-05-06,House Third Reading Laid Over Daily - No Amendments,8
SB22-227,2022,RS,House,2022-05-10,House Third Reading Passed - No Amendments,9
SB22-227,2022,RS,Senate,2022-05-18,Signed by the President of the Senate,10
SB22-227,2022,RS,House,2022-05-18,Signed by the Speaker of the House,11
SB22-227,2022,RS,Governor,2022-05-18,Sent to the Governor,12
SB22-227,2022,RS,Governor,2022-05-20,Governor Signed,13
SB22-228,2022,RS,Senate,2022-04-25,"Introduced In Senate - Assigned to Business, Labor, & Technology",1
SB22-228,2022,RS,Senate,2022-04-27,"Senate Committee on Business, Labor, & Technology Refer Amended to Senate Committee of the Whole",2
SB22-228,2022,RS,Senate,2022-04-28,Senate Second Reading Special Order - Passed with Amendments - Committee,3
SB22-228,2022,RS,Senate,2022-04-29,Senate Third Reading Passed - No Amendments,4
SB22-228,2022,RS,House,2022-04-29,Introduced In House - Assigned to Business Affairs & Labor,5
SB22-228,2022,RS,House,2022-05-04,House Committee on Business Affairs & Labor Refer Unamended to House Committee of the Whole,6
SB22-228,2022,RS,House,2022-05-05,House Second Reading Special Order - Passed - No Amendments,7
SB22-228,2022,RS,House,2022-05-06,House Third Reading Laid Over Daily - No Amendments,8
SB22-228,2022,RS,House,2022-05-09,House Third Reading Passed - No Amendments,9
SB22-228,2022,RS,Senate,2022-05-25,Signed by the President of the Senate,10
SB22-228,2022,RS,Governor,2022-05-25,Sent to the Governor,11
SB22-228,2022,RS,Governor,2022-06-07,Governor Signed,12
SB22-229,2022,RS,Senate,2022-04-25,"Introduced In Senate - Assigned to Business, Labor, & Technology",1
SB22-229,2022,RS,Senate,2022-04-27,"Senate Committee on Business, Labor, & Technology Refer Unamended - Consent Calendar to Senate Committee of the Whole",2
SB22-229,2022,RS,Senate,2022-04-28,Senate Second Reading Special Order - Passed - No Amendments,3
SB22-229,2022,RS,Senate,2022-04-29,Senate Third Reading Passed - No Amendments,4
SB22-229,2022,RS,House,2022-04-29,Introduced In House - Assigned to Business Affairs & Labor,5
SB22-229,2022,RS,House,2022-05-04,House Committee on Business Affairs & Labor Refer Unamended to House Committee of the Whole,6
SB22-229,2022,RS,House,2022-05-06,House Second Reading Special Order - Passed with Amendments - Floor,7
SB22-229,2022,RS,House,2022-05-09,House Third Reading Laid Over Daily - No Amendments,8
SB22-229,2022,RS,House,2022-05-10,House Third Reading Passed - No Amendments,9
SB22-229,2022,RS,Senate,2022-05-10,Senate Considered House Amendments - Result was to Concur - Repass,10
SB22-229,2022,RS,Senate,2022-05-25,Signed by the President of the Senate,11
SB22-229,2022,RS,House,2022-05-25,Signed by the Speaker of the House,12
SB22-229,2022,RS,Governor,2022-05-25,Sent to the Governor,13
SB22-229,2022,RS,Governor,2022-06-07,Governor Signed,14
SB22-230,2022,RS,Senate,2022-04-25,"Introduced In Senate - Assigned to Business, Labor, & Technology",1
SB22-230,2022,RS,Senate,2022-04-27,"Senate Committee on Business, Labor, & Technology Refer Unamended to Appropriations",2
SB22-230,2022,RS,Senate,2022-04-29,Senate Committee on Appropriations Refer Amended to Senate Committee of the Whole,3
SB22-230,2022,RS,Senate,2022-04-29,"Senate Second Reading Special Order - Passed with Amendments - Committee, Floor",4
SB22-230,2022,RS,Senate,2022-05-02,Senate Third Reading Passed - No Amendments,5
SB22-230,2022,RS,House,2022-05-02,"Introduced In House - Assigned to State, Civic, Military, & Veterans Affairs",6
SB22-230,2022,RS,House,2022-05-05,"House Committee on State, Civic, Military, & Veterans Affairs Refer Amended to Appropriations",7
SB22-230,2022,RS,House,2022-05-06,House Committee on Appropriations Refer Amended to House Committee of the Whole,8
SB22-230,2022,RS,House,2022-05-06,"House Second Reading Special Order - Passed with Amendments - Committee, Floor",9
SB22-230,2022,RS,House,2022-05-09,House Third Reading Laid Over Daily - No Amendments,10
SB22-230,2022,RS,House,2022-05-11,House Third Reading Passed with Amendments - Floor,11
SB22-230,2022,RS,Senate,2022-05-11,Senate Considered House Amendments - Result was to Concur - Repass,12
SB22-230,2022,RS,Senate,2022-05-18,Signed by the President of the Senate,13
SB22-230,2022,RS,House,2022-05-18,Signed by the Speaker of the House,14
SB22-230,2022,RS,Governor,2022-05-18,Sent to the Governor,15
SB22-230,2022,RS,Governor,2022-05-27,Governor Signed,16
SB22-231,2022,RS,Senate,2022-04-26,Introduced In Senate - Assigned to Judiciary,1
SB22-231,2022,RS,Senate,2022-04-28,Senate Committee on Judiciary Postpone Indefinitely,2
SB22-232,2022,RS,Senate,2022-04-26,"Introduced In Senate - Assigned to State, Veterans, & Military Affairs",1
SB22-232,2022,RS,Senate,2022-05-03,"Senate Committee on State, Veterans, & Military Affairs Refer Amended to Appropriations",2
SB22-232,2022,RS,Senate,2022-05-05,Senate Committee on Appropriations Refer Amended to Senate Committee of the Whole,3
SB22-232,2022,RS,Senate,2022-05-05,"Senate Second Reading Special Order - Passed with Amendments - Committee, Floor",4
SB22-232,2022,RS,Senate,2022-05-06,Senate Third Reading Passed with Amendments - Floor,5
SB22-232,2022,RS,House,2022-05-10,Introduced In House - Assigned to Appropriations,6
SB22-232,2022,RS,House,2022-05-10,House Committee on Appropriations Refer Amended to House Committee of the Whole,7
SB22-232,2022,RS,House,2022-05-10,"House Second Reading Special Order - Passed with Amendments - Committee, Floor",8
SB22-232,2022,RS,House,2022-05-11,House Third Reading Passed with Amendments - Floor,9
SB22-232,2022,RS,Senate,2022-05-11,Senate Considered House Amendments - Result was to Concur - Repass,10
SB22-232,2022,RS,Senate,2022-05-25,Signed by the President of the Senate,11
SB22-232,2022,RS,House,2022-05-25,Signed by the Speaker of the House,12
SB22-232,2022,RS,Governor,2022-05-25,Sent to the Governor,13
SB22-232,2022,RS,Governor,2022-06-03,Governor Signed,14
SB22-233,2022,RS,Senate,2022-04-27,Introduced In Senate - Assigned to Finance,1
SB22-233,2022,RS,Senate,2022-04-29,Senate Committee on Finance Refer Amended to Appropriations,2
SB22-233,2022,RS,Senate,2022-05-02,Senate Committee on Appropriations Refer Amended to Senate Committee of the Whole,3
SB22-233,2022,RS,Senate,2022-05-02,"Senate Second Reading Special Order - Passed with Amendments - Committee, Floor",4
SB22-233,2022,RS,Senate,2022-05-03,Senate Third Reading Passed - No Amendments,5
SB22-233,2022,RS,House,2022-05-03,Introduced In House - Assigned to Finance,6
SB22-233,2022,RS,House,2022-05-05,House Committee on Finance Refer Unamended to Appropriations,7
SB22-233,2022,RS,House,2022-05-05,House Committee on Appropriations Refer Amended to House Committee of the Whole,8
SB22-233,2022,RS,House,2022-05-05,House Second Reading Special Order - Passed with Amendments - Committee,9
SB22-233,2022,RS,House,2022-05-06,House Third Reading Laid Over Daily - No Amendments,10
SB22-233,2022,RS,House,2022-05-10,House Third Reading Passed with Amendments - Floor,11
SB22-233,2022,RS,Senate,2022-05-10,Senate Considered House Amendments - Result was to Concur - Repass,12
SB22-233,2022,RS,Senate,2022-05-10,Senate Considered House Amendments - Result was to Reconsider,13
SB22-233,2022,RS,Senate,2022-05-11,Signed by the President of the Senate,14
SB22-233,2022,RS,House,2022-05-11,Signed by the Speaker of the House,15
SB22-233,2022,RS,Governor,2022-05-11,Sent to the Governor,16
SB22-233,2022,RS,Governor,2022-05-23,Governor Signed,17
SB22-234,2022,RS,Senate,2022-04-27,Introduced In Senate - Assigned to Finance,1
SB22-234,2022,RS,Senate,2022-04-29,Senate Committee on Finance Refer Unamended to Appropriations,2
SB22-234,2022,RS,Senate,2022-05-02,Senate Committee on Appropriations Refer Unamended - Consent Calendar to Senate Committee of the Whole,3
SB22-234,2022,RS,Senate,2022-05-02,Senate Second Reading Special Order - Laid Over Daily with Amendments - Floor,4
SB22-234,2022,RS,Senate,2022-05-04,Senate Second Reading Special Order - Passed with Amendments - Floor,5
SB22-234,2022,RS,Senate,2022-05-05,Senate Third Reading Passed - No Amendments,6
SB22-234,2022,RS,House,2022-05-05,Introduced In House - Assigned to Finance,7
SB22-234,2022,RS,House,2022-05-05,House Committee on Finance Refer Amended to Appropriations,8
SB22-234,2022,RS,House,2022-05-06,House Committee on Appropriations Refer Amended to House Committee of the Whole,9
SB22-234,2022,RS,House,2022-05-06,House Second Reading Special Order - Passed with Amendments - Committee,10
SB22-234,2022,RS,House,2022-05-09,House Third Reading Laid Over Daily - No Amendments,11
SB22-234,2022,RS,House,2022-05-10,House Third Reading Passed - No Amendments,12
SB22-234,2022,RS,Senate,2022-05-10,Senate Considered House Amendments - Result was to Concur - Repass,13
SB22-234,2022,RS,Senate,2022-05-20,Signed by the President of the Senate,14
SB22-234,2022,RS,House,2022-05-20,Signed by the Speaker of the House,15
SB22-234,2022,RS,Governor,2022-05-20,Sent to the Governor,16
SB22-234,2022,RS,Governor,2022-05-25,Governor Signed,17
SB22-235,2022,RS,Senate,2022-04-28,Introduced In Senate - Assigned to Appropriations,1
SB22-235,2022,RS,Senate,2022-05-02,Senate Committee on Appropriations Refer Amended to Senate Committee of the Whole,2
SB22-235,2022,RS,Senate,2022-05-02,Senate Second Reading Special Order - Passed with Amendments - Committee,3
SB22-235,2022,RS,Senate,2022-05-03,Senate Third Reading Passed - No Amendments,4
SB22-235,2022,RS,House,2022-05-03,"Introduced In House - Assigned to State, Civic, Military, & Veterans Affairs",5
SB22-235,2022,RS,House,2022-05-04,"House Committee on State, Civic, Military, & Veterans Affairs Refer Unamended to Appropriations",6
SB22-235,2022,RS,House,2022-05-05,House Committee on Appropriations Refer Amended to House Committee of the Whole,7
SB22-235,2022,RS,House,2022-05-06,House Second Reading Special Order - Laid Over Daily - No Amendments,8
SB22-235,2022,RS,House,2022-05-10,House Second Reading Special Order - Passed with Amendments - Committee,9
SB22-235,2022,RS,House,2022-05-11,House Third Reading Passed - No Amendments,10
SB22-235,2022,RS,Senate,2022-05-11,Senate Considered House Amendments - Result was to Concur - Repass,11
SB22-235,2022,RS,Senate,2022-05-25,Signed by the President of the Senate,12
SB22-235,2022,RS,House,2022-05-25,Signed by the Speaker of the House,13
SB22-235,2022,RS,Governor,2022-05-25,Sent to the Governor,14
SB22-235,2022,RS,Governor,2022-06-07,Governor Signed,15
SB22-236,2022,RS,Senate,2022-04-28,Introduced In Senate - Assigned to Appropriations,1
SB22-236,2022,RS,Senate,2022-05-02,Senate Committee on Appropriations Refer Unamended - Consent Calendar to Senate Committee of the Whole,2
SB22-236,2022,RS,Senate,2022-05-02,Senate Second Reading Special Order - Passed - No Amendments,3
SB22-236,2022,RS,Senate,2022-05-03,Senate Third Reading Passed - No Amendments,4
SB22-236,2022,RS,House,2022-05-03,Introduced In House - Assigned to Appropriations,5
SB22-236,2022,RS,House,2022-05-05,House Committee on Appropriations Refer Amended to House Committee of the Whole,6
SB22-236,2022,RS,House,2022-05-05,House Second Reading Special Order - Passed with Amendments - Committee,7
SB22-236,2022,RS,House,2022-05-06,House Third Reading Laid Over Daily - No Amendments,8
SB22-236,2022,RS,House,2022-05-10,House Third Reading Passed - No Amendments,9
SB22-236,2022,RS,Senate,2022-05-10,Senate Considered House Amendments - Result was to Concur - Repass,10
SB22-236,2022,RS,Senate,2022-05-25,Signed by the President of the Senate,11
SB22-236,2022,RS,House,2022-05-25,Signed by the Speaker of the House,12
SB22-236,2022,RS,Governor,2022-05-25,Sent to the Governor,13
SB22-236,2022,RS,Governor,2022-06-07,Governor Signed,14
SB22-237,2022,RS,Senate,2022-04-28,"Introduced In Senate - Assigned to State, Veterans, & Military Affairs",1
SB22-237,2022,RS,Senate,2022-05-03,"Senate Committee on State, Veterans, & Military Affairs Refer Amended to Appropriations",2
SB22-237,2022,RS,Senate,2022-05-04,Senate Committee on Appropriations Refer Amended - Consent Calendar to Senate Committee of the Whole,3
SB22-237,2022,RS,Senate,2022-05-04,"Senate Second Reading Special Order - Passed with Amendments - Committee, Floor",4
SB22-237,2022,RS,Senate,2022-05-05,Senate Third Reading Passed - No Amendments,5
SB22-237,2022,RS,House,2022-05-05,"Introduced In House - Assigned to State, Civic, Military, & Veterans Affairs",6
SB22-237,2022,RS,House,2022-05-05,"House Committee on State, Civic, Military, & Veterans Affairs Refer Unamended to Appropriations",7
SB22-237,2022,RS,House,2022-05-06,House Committee on Appropriations Refer Unamended to House Committee of the Whole,8
SB22-237,2022,RS,House,2022-05-06,House Second Reading Special Order - Passed - No Amendments,9
SB22-237,2022,RS,House,2022-05-09,House Third Reading Laid Over Daily - No Amendments,10
SB22-237,2022,RS,House,2022-05-10,House Third Reading Passed - No Amendments,11
SB22-237,2022,RS,Senate,2022-05-25,Signed by the President of the Senate,12
SB22-237,2022,RS,House,2022-05-25,Signed by the Speaker of the House,13
SB22-237,2022,RS,Governor,2022-05-25,Sent to the Governor,14
SB22-237,2022,RS,Governor,2022-06-07,Governor Signed,15
SB22-238,2022,RS,Senate,2022-05-02,Introduced In Senate - Assigned to Appropriations,1
SB22-238,2022,RS,Senate,2022-05-03,Senate Committee on Appropriations Refer Amended to Senate Committee of the Whole,2
SB22-238,2022,RS,Senate,2022-05-03,Senate Second Reading Special Order - Passed with Amendments - Committee,3
SB22-238,2022,RS,Senate,2022-05-04,Senate Third Reading Passed with Amendments - Floor,4
SB22-238,2022,RS,Senate,2022-05-04,Senate Third Reading Reconsidered - No Amendments,5
SB22-238,2022,RS,House,2022-05-04,Introduced In House - Assigned to Appropriations,6
SB22-238,2022,RS,House,2022-05-05,House Committee on Appropriations Refer Amended to House Committee of the Whole,7
SB22-238,2022,RS,House,2022-05-05,House Second Reading Special Order - Passed with Amendments - Committee,8
SB22-238,2022,RS,House,2022-05-06,House Third Reading Passed with Amendments - Floor,9
SB22-238,2022,RS,Senate,2022-05-06,Senate Considered House Amendments - Result was to Concur - Repass,10
SB22-238,2022,RS,Senate,2022-05-06,Signed by the President of the Senate,11
SB22-238,2022,RS,House,2022-05-06,Signed by the Speaker of the House,12
SB22-238,2022,RS,Governor,2022-05-09,Sent to the Governor,13
SB22-238,2022,RS,Governor,2022-05-16,Governor Signed,14
SB22-239,2022,RS,Senate,2022-05-05,Introduced In Senate - Assigned to Appropriations,1
SB22-239,2022,RS,Senate,2022-05-06,Senate Committee on Appropriations Refer Amended to Senate Committee of the Whole,2
SB22-239,2022,RS,Senate,2022-05-06,Senate Second Reading Special Order - Passed with Amendments - Committee,3
SB22-239,2022,RS,Senate,2022-05-09,Senate Third Reading Passed - No Amendments,4
SB22-239,2022,RS,House,2022-05-09,Introduced In House - Assigned to Appropriations,5
SB22-239,2022,RS,House,2022-05-10,House Committee on Appropriations Refer Unamended to House Committee of the Whole,6
SB22-239,2022,RS,House,2022-05-10,House Second Reading Special Order - Passed - No Amendments,7
SB22-239,2022,RS,House,2022-05-11,House Third Reading Passed - No Amendments,8
SB22-239,2022,RS,Senate,2022-05-25,Signed by the President of the Senate,9
SB22-239,2022,RS,House,2022-05-25,Signed by the Speaker of the House,10
SB22-239,2022,RS,Governor,2022-05-25,Sent to the Governor,11
SB22-239,2022,RS,Governor,2022-06-07,Governor Signed,12
SCR22-001,2022,RS,Senate,2022-03-23,"Introduced In Senate - Assigned to State, Veterans, & Military Affairs",1
SCR22-001,2022,RS,Senate,2022-04-05,"Senate Committee on State, Veterans, & Military Affairs Postpone Indefinitely",2
SCR22-002,2022,RS,Senate,2022-04-11,"Introduced In Senate - Assigned to State, Veterans, & Military Affairs",1
SCR22-002,2022,RS,Senate,2022-04-26,"Senate Committee on State, Veterans, & Military Affairs Postpone Indefinitely",2
SJR22-001,2022,RS,Senate,2022-01-12,Introduced In Senate - Assigned to,1
SJR22-001,2022,RS,Senate,2022-01-12,Senate Third Reading Passed - No Amendments,2
SJR22-001,2022,RS,House,2022-01-13,Introduced In House - Assigned to,3
SJR22-001,2022,RS,House,2022-01-14,House Third Reading Passed - No Amendments,4
SJR22-001,2022,RS,Senate,2022-01-18,Signed by the President of the Senate,5
SJR22-001,2022,RS,House,2022-01-18,Signed by the Speaker of the House,6
SJR22-002,2022,RS,Senate,2022-01-14,Introduced In Senate - Assigned to Agriculture & Natural Resources,1
SJR22-002,2022,RS,Senate,2022-02-10,Senate Committee on Agriculture & Natural Resources Refer Unamended to Senate Committee of the Whole,2
SJR22-002,2022,RS,Senate,2022-02-15,Senate Third Reading Laid Over Daily - No Amendments,3
SJR22-002,2022,RS,Senate,2022-02-17,Senate Third Reading Passed - No Amendments,4
SJR22-002,2022,RS,House,2022-02-17,"Introduced In House - Assigned to Agriculture, Livestock, & Water",5
SJR22-002,2022,RS,House,2022-02-24,"House Committee on Agriculture, Livestock, & Water Lay Over Unamended - Amendment(s) Failed",6
SJR22-002,2022,RS,House,2022-02-28,"House Committee on Agriculture, Livestock, & Water Refer Unamended to House Committee of the Whole",7
SJR22-002,2022,RS,House,2022-03-03,House Third Reading Laid Over Daily - No Amendments,8
SJR22-002,2022,RS,House,2022-03-04,House Third Reading Passed - No Amendments,9
SJR22-002,2022,RS,Senate,2022-03-07,Signed by the President of the Senate,10
SJR22-002,2022,RS,House,2022-03-07,Signed by the Speaker of the House,11
SJR22-002,2022,RS,Governor,2022-03-09,Sent to the Governor,12
SJR22-002,2022,RS,Governor,2022-03-17,Governor Signed,13
SJR22-003,2022,RS,Senate,2022-01-26,Introduced In Senate - Assigned to,1
SJR22-003,2022,RS,Senate,2022-01-26,Senate Third Reading Laid Over to 01/31/2022 - No Amendments,2
SJR22-003,2022,RS,Senate,2022-01-31,Senate Third Reading Passed - No Amendments,3
SJR22-003,2022,RS,House,2022-01-31,Introduced In House - Assigned to,4
SJR22-003,2022,RS,House,2022-02-01,House Third Reading Passed - No Amendments,5
SJR22-003,2022,RS,Senate,2022-02-07,Signed by the President of the Senate,6
SJR22-003,2022,RS,House,2022-02-07,Signed by the Speaker of the House,7
SJR22-004,2022,RS,Senate,2022-02-25,Introduced In Senate - Assigned to,1
SJR22-004,2022,RS,Senate,2022-02-25,Senate Third Reading Passed - No Amendments,2
SJR22-004,2022,RS,House,2022-02-25,Introduced In House - Assigned to,3
SJR22-004,2022,RS,House,2022-02-28,House Third Reading Passed - No Amendments,4
SJR22-004,2022,RS,Senate,2022-02-28,Signed by the President of the Senate,5
SJR22-004,2022,RS,House,2022-03-01,Signed by the Speaker of the House,6
SJR22-005,2022,RS,Senate,2022-03-04,Introduced In Senate - Assigned to,1
SJR22-005,2022,RS,Senate,2022-03-04,Senate Third Reading Laid Over to 03/08/2022 - No Amendments,2
SJR22-005,2022,RS,Senate,2022-03-08,Senate Third Reading Passed - No Amendments,3
SJR22-005,2022,RS,House,2022-03-08,House Third Reading Passed - No Amendments,4
SJR22-005,2022,RS,House,2022-03-08,Introduced In House - Assigned to,5
SJR22-005,2022,RS,Senate,2022-03-09,Signed by the President of the Senate,6
SJR22-005,2022,RS,House,2022-03-09,Signed by the Speaker of the House,7
SJR22-006,2022,RS,Senate,2022-03-09,Introduced In Senate - Assigned to,1
SJR22-006,2022,RS,Senate,2022-03-09,Senate Third Reading Laid Over to 03/14/2022 - No Amendments,2
SJR22-006,2022,RS,Senate,2022-03-14,Senate Third Reading Passed with Amendments - Floor,3
SJR22-006,2022,RS,House,2022-03-16,Introduced In House - Assigned to,4
SJR22-006,2022,RS,House,2022-03-17,House Third Reading Laid Over Daily - No Amendments,5
SJR22-006,2022,RS,House,2022-04-05,House Third Reading Laid Over to 04/11/2022 - No Amendments,6
SJR22-007,2022,RS,Senate,2022-03-16,Introduced In Senate - Assigned to,1
SJR22-007,2022,RS,Senate,2022-03-16,Senate Third Reading Laid Over to 03/18/2022 - No Amendments,2
SJR22-007,2022,RS,Senate,2022-03-18,Senate Third Reading Passed - No Amendments,3
SJR22-007,2022,RS,House,2022-03-18,Introduced In House - Assigned to,4
SJR22-007,2022,RS,House,2022-03-21,House Third Reading Laid Over Daily - No Amendments,5
SJR22-007,2022,RS,House,2022-03-28,House Third Reading Passed - No Amendments,6
SJR22-007,2022,RS,Senate,2022-03-29,Signed by the President of the Senate,7
SJR22-007,2022,RS,House,2022-03-29,Signed by the Speaker of the House,8
SJR22-008,2022,RS,Senate,2022-03-17,"Introduced In Senate - Assigned to State, Veterans, & Military Affairs",1
SJR22-008,2022,RS,Senate,2022-03-29,"Senate Committee on State, Veterans, & Military Affairs Postpone Indefinitely",2
SJR22-009,2022,RS,Senate,2022-03-22,Introduced In Senate - Assigned to,1
SJR22-009,2022,RS,Senate,2022-03-22,Senate Third Reading Laid Over to 03/24/2022 - No Amendments,2
SJR22-009,2022,RS,Senate,2022-03-24,Senate Third Reading Passed - No Amendments,3
SJR22-009,2022,RS,House,2022-03-24,Introduced In House - Assigned to,4
SJR22-009,2022,RS,House,2022-03-25,House Third Reading Passed - No Amendments,5
SJR22-009,2022,RS,Senate,2022-03-29,Signed by the President of the Senate,6
SJR22-009,2022,RS,House,2022-03-29,Signed by the Speaker of the House,7
SJR22-010,2022,RS,Senate,2022-04-11,Introduced In Senate - Assigned to,1
SJR22-010,2022,RS,Senate,2022-04-11,Senate Third Reading Laid Over Daily - No Amendments,2
SJR22-010,2022,RS,Senate,2022-04-12,Senate Third Reading Laid Over to 04/22/2022 - No Amendments,3
SJR22-010,2022,RS,Senate,2022-04-20,Senate Third Reading Passed - No Amendments,4
SJR22-010,2022,RS,House,2022-04-20,Introduced In House - Assigned to Health & Insurance,5
SJR22-010,2022,RS,House,2022-04-27,House Committee on Health & Insurance Refer Unamended to House Committee of the Whole,6
SJR22-010,2022,RS,House,2022-04-29,House Third Reading Laid Over Daily - No Amendments,7
SJR22-011,2022,RS,Senate,2022-04-11,"Introduced In Senate - Assigned to State, Veterans, & Military Affairs",1
SJR22-011,2022,RS,Senate,2022-04-19,"Senate Committee on State, Veterans, & Military Affairs Postpone Indefinitely",2
SJR22-012,2022,RS,Senate,2022-04-11,Introduced In Senate - Assigned to,1
SJR22-012,2022,RS,Senate,2022-04-11,Senate Third Reading Laid Over Daily - No Amendments,2
SJR22-012,2022,RS,Senate,2022-04-12,Senate Third Reading Laid Over to 04/21/2022 - No Amendments,3
SJR22-012,2022,RS,Senate,2022-04-21,Senate Third Reading Passed - No Amendments,4
SJR22-012,2022,RS,House,2022-04-21,Introduced In House - Assigned to,5
SJR22-012,2022,RS,House,2022-04-22,House Third Reading Laid Over Daily - No Amendments,6
SJR22-012,2022,RS,House,2022-04-27,House Third Reading Laid Over to 05/03/2022 - No Amendments,7
SJR22-012,2022,RS,House,2022-05-03,House Third Reading Passed - No Amendments,8
SJR22-012,2022,RS,Senate,2022-05-16,Signed by the President of the Senate,9
SJR22-012,2022,RS,House,2022-05-16,Signed by the Speaker of the House,10
SJR22-013,2022,RS,Senate,2022-04-26,Introduced In Senate - Assigned to,1
SJR22-013,2022,RS,Senate,2022-04-26,Senate Third Reading Laid Over to 04/29/2022 - No Amendments,2
SJR22-013,2022,RS,Senate,2022-04-29,Senate Third Reading Passed - No Amendments,3
SJR22-013,2022,RS,House,2022-04-29,Introduced In House - Assigned to,4
SJR22-013,2022,RS,House,2022-04-29,House Third Reading Passed - No Amendments,5
SJR22-013,2022,RS,Senate,2022-05-16,Signed by the President of the Senate,6
SJR22-013,2022,RS,House,2022-05-16,Signed by the Speaker of the House,7
SJR22-014,2022,RS,Senate,2022-05-09,Introduced In Senate - Assigned to,1
SJR22-014,2022,RS,Senate,2022-05-09,Senate Third Reading Laid Over to 05/11/2022 - No Amendments,2
SJR22-014,2022,RS,Senate,2022-05-11,Senate Third Reading Passed - No Amendments,3
SJR22-014,2022,RS,House,2022-05-16,Introduced In House - Assigned to,4
SM22-001,2022,RS,Senate,2022-01-14,Introduced In Senate - Assigned to,1
SM22-001,2022,RS,Senate,2022-01-14,Senate Third Reading Laid Over to 01/18/2022 - No Amendments,2
SM22-001,2022,RS,Senate,2022-01-18,Senate Third Reading Passed - No Amendments,3
SM22-001,2022,RS,Senate,2022-01-20,Signed by the President of the Senate,4
SM22-002,2022,RS,Senate,2022-04-11,Introduced In Senate - Assigned to,1
SM22-002,2022,RS,Senate,2022-04-11,Senate Third Reading Laid Over Daily - No Amendments,2
SM22-002,2022,RS,Senate,2022-04-12,Senate Third Reading Laid Over to 04/22/2022 - No Amendments,3
SM22-002,2022,RS,Senate,2022-04-20,Senate Third Reading Passed - No Amendments,4
SM22-002,2022,RS,Senate,2022-04-20,Senate Third Reading Reconsidered - No Amendments,5
SM22-002,2022,RS,Senate,2022-04-20,Senate Third Reading Passed with Amendments - Floor,6
SM22-002,2022,RS,Senate,2022-04-21,Signed by the President of the Senate,7
SR22-001,2022,RS,Senate,2022-01-12,Introduced In Senate - Assigned to,1
SR22-001,2022,RS,Senate,2022-01-12,Senate Third Reading Passed - No Amendments,2
SR22-001,2022,RS,Senate,2022-01-12,Signed by the President of the Senate,3
SR22-002,2022,RS,Senate,2022-02-03,Introduced In Senate - Assigned to,1
SR22-002,2022,RS,Senate,2022-02-03,Senate Third Reading Laid Over Daily - No Amendments,2
SR22-002,2022,RS,Senate,2022-02-04,Senate Third Reading Passed - No Amendments,3
SR22-002,2022,RS,Senate,2022-02-07,Signed by the President of the Senate,4
SR22-003,2022,RS,Senate,2022-03-17,Introduced In Senate - Assigned to,1
SR22-003,2022,RS,Senate,2022-03-17,Senate Third Reading Laid Over to 03/21/2022 - No Amendments,2
SR22-003,2022,RS,Senate,2022-03-21,Senate Third Reading Passed - No Amendments,3
SR22-003,2022,RS,Senate,2022-03-21,Signed by the President of the Senate,4
SR22-004,2022,RS,Senate,2022-04-13,Signed by the President of the Senate,1
SR22-004,2022,RS,Senate,2022-04-13,Introduced In Senate - Assigned to,2
SR22-004,2022,RS,Senate,2022-04-13,Senate Third Reading Passed - No Amendments,3
