bill_number,session,session_type,title,sponsors,out_chamber_sponsors,bill_url
HB15-1001,2015,RS,Early Childhood Educator Development Scholarships,PETTERSEN; GARNETT,TODD,http://www.leg.state.co.us/clics/clics2015a/csl.nsf/billsummary/2CF2F674A6AE3FFA87257DA20000EB4E?opendocument
HB15-1002,2015,RS,Modifications To Economic Gardening Pilot Project,LEE,HEATH,http://www.leg.state.co.us/clics/clics2015a/csl.nsf/billsummary/5159335C9EA4D97787257DA1007EBEEA?opendocument
HB15-1003,2015,RS,Fund Safe Routes To School Program,TYLER; MITSCH BUSH,TODD,http://www.leg.state.co.us/clics/clics2015a/csl.nsf/billsummary/977AAB387D9D4F1D87257D88000111E8?opendocument
HB15-1004,2015,RS,Firefighter Motorcycle License Plate,TYLER,TODD,http://www.leg.state.co.us/clics/clics2015a/csl.nsf/billsummary/22C7672F73F527E187257D880007BF3A?opendocument
HB15-1005,2015,RS,Veterans Free Admission State Parks,NAVARRO,,http://www.leg.state.co.us/clics/clics2015a/csl.nsf/billsummary/8EC2EDA5E553509A87257D87006DF074?opendocument
HB15-1006,2015,RS,Invasive Phreatophyte Grant Program,CORAM; VIGIL,SONNENBERG,http://www.leg.state.co.us/clics/clics2015a/csl.nsf/billsummary/C6D7A212A4F8FB3F87257D880054E637?opendocument
HB15-1007,2015,RS,Local Government Retail Marijuana Taxes,SINGER,CROWDER; STEADMAN,http://www.leg.state.co.us/clics/clics2015a/csl.nsf/billsummary/95FF43BB58FFB30B87257D88005303EB?opendocument
HB15-1008,2015,RS,Ag Land Destroyed By Natural Causes,HAMNER,ROBERTS,http://www.leg.state.co.us/clics/clics2015a/csl.nsf/billsummary/EFB1F9CC3B4D87D487257D88005B3EC1?opendocument
HB15-1009,2015,RS,Repeal Large Ammo Magazine Ban,HUMPHREY,HOLBERT,http://www.leg.state.co.us/clics/clics2015a/csl.nsf/billsummary/4F86CCFFD3C377FC87257D87006A1ABA?opendocument
HB15-1010,2015,RS,Trustee Notice System Presume Notify Beneficiary,KRAFT-THARP; NORDBERG,JAHN,http://www.leg.state.co.us/clics/clics2015a/csl.nsf/billsummary/116A1ED4E5E97AD887257DA20056E912?opendocument
HB15-1011,2015,RS,Restrict Revealing How Person Votes,ROSENTHAL,,http://www.leg.state.co.us/clics/clics2015a/csl.nsf/billsummary/4F849421EDCA3F2D87257D9C0069CC73?opendocument
HB15-1012,2015,RS,Sales & Use Tax Exemption For Dyed Diesel,BECKER J.,SONNENBERG,http://www.leg.state.co.us/clics/clics2015a/csl.nsf/billsummary/2E27ACC61D428E3F87257D940058B1FC?opendocument
HB15-1013,2015,RS,South Platte Aquifer Study Recommendations,CORAM,SONNENBERG; HODGE,http://www.leg.state.co.us/clics/clics2015a/csl.nsf/billsummary/D7B8EB70301D1E8787257D8800547D58?opendocument
HB15-1014,2015,RS,Biennial Registration Seasonal Farm Motor Vehicles,DORE,,http://www.leg.state.co.us/clics/clics2015a/csl.nsf/billsummary/817BE1F6D68F6CA587257D88005F1BD8?opendocument
HB15-1015,2015,RS,Interstate Compact EMS Providers,WINTER,COOKE,http://www.leg.state.co.us/clics/clics2015a/csl.nsf/billsummary/627C5D4DA32344CC87257DAC0000D757?opendocument
HB15-1016,2015,RS,Promote Precipitation Harvesting Pilot Projects,CORAM,SONNENBERG,http://www.leg.state.co.us/clics/clics2015a/csl.nsf/billsummary/0340F3B3EE08E9BF87257D880053D56F?opendocument
HB15-1017,2015,RS,Volunteer Fire Department Organization,HAMNER; BUCK,ROBERTS,http://www.leg.state.co.us/clics/clics2015a/csl.nsf/billsummary/2A13DAF411D2C75887257D88005C4E23?opendocument
HB15-1018,2015,RS,Protecting Seniors From Elder Abuse,DANIELSON,TODD,http://www.leg.state.co.us/clics/clics2015a/csl.nsf/billsummary/F7C4910CDA4B3AB387257DA9007A78F0?opendocument
HB15-1019,2015,RS,Victims Of Human Trafficking And Prostitution,LUNDEEN,WOODS,http://www.leg.state.co.us/clics/clics2015a/csl.nsf/billsummary/FAE273640630818387257DAC00563E70?opendocument
HB15-1020,2015,RS,Funding For Full-day Kindergarten,WILSON,,http://www.leg.state.co.us/clics/clics2015a/csl.nsf/billsummary/8A46887A4FD8B64687257D87006FF5E1?opendocument
HB15-1021,2015,RS,Conform Statutory Court Dates To 7-day Intervals,WILLETT,MERRIFIELD,http://www.leg.state.co.us/clics/clics2015a/csl.nsf/billsummary/CCB1ACD41B94564B87257DAA0056AE46?opendocument
HB15-1022,2015,RS,Juvenile Petty Offense Contracts,MCCANN,STEADMAN; COOKE,http://www.leg.state.co.us/clics/clics2015a/csl.nsf/billsummary/A1BB4D2D32AE3E2087257D87007B1CF8?opendocument
HB15-1023,2015,RS,Day Treatment Center Age Of Children Served,LONTINE,AGUILAR,http://www.leg.state.co.us/clics/clics2015a/csl.nsf/billsummary/A25BB24CAAB9A09787257D9B0082DB3A?opendocument
HB15-1024,2015,RS,Increasing Number Of CO Preschool Program Students,PETTERSEN,KEFALAS; TODD,http://www.leg.state.co.us/clics/clics2015a/csl.nsf/billsummary/0181CB63E15216E287257D880052827E?opendocument
HB15-1025,2015,RS,Competency To Proceed Juvenile Justice System,ROSENTHAL,NEWELL,http://www.leg.state.co.us/clics/clics2015a/csl.nsf/billsummary/676793C8A5C4C1B787257D870082018A?opendocument
HB15-1026,2015,RS,Reserved Parking Disabled Military License Plates,ROUPE,TODD,http://www.leg.state.co.us/clics/clics2015a/csl.nsf/billsummary/EA065EE718EF45DA87257D950057C329?opendocument
HB15-1027,2015,RS,In-state Tuition American Indian Tribes Ties to CO,SALAZAR,GUZMAN,http://www.leg.state.co.us/clics/clics2015a/csl.nsf/billsummary/0C288960ED9983D187257D8700702A45?opendocument
HB15-1028,2015,RS,Repeal Merchant Licensing,KEYSER,JAHN,http://www.leg.state.co.us/clics/clics2015a/csl.nsf/billsummary/B50294AE39B0C8D087257D96007C20BD?opendocument
HB15-1029,2015,RS,Health Care Delivery Via Telemedicine Statewide,BUCK; GINAL,KEFALAS; MARTINEZ HUMENIK,http://www.leg.state.co.us/clics/clics2015a/csl.nsf/billsummary/AA9554DA85DDC69287257D8800626B0F?opendocument
HB15-1030,2015,RS,Employment Services For Veterans Pilot Program,LANDGRAF,CROWDER,http://www.leg.state.co.us/clics/clics2015a/csl.nsf/billsummary/74C5FD83AF3C631B87257D880007F2CC?opendocument
HB15-1031,2015,RS,Ban Use Sale Possession Of Powdered Alcohol,WINDHOLZ,TODD,http://www.leg.state.co.us/clics/clics2015a/csl.nsf/billsummary/A713F40CB79AFF8E87257DAA00558CE6?opendocument
HB15-1032,2015,RS,Licensed Mental Health Professionals Treat Minors,SINGER,AGUILAR,http://www.leg.state.co.us/clics/clics2015a/csl.nsf/billsummary/5C16EB4268B3699F87257DA1007F9F56?opendocument
HB15-1033,2015,RS,Strategic Planning Group On Aging,PRIMAVERA,CROWDER,http://www.leg.state.co.us/clics/clics2015a/csl.nsf/billsummary/F4FFE86C33E07D7887257DA100666C74?opendocument
HB15-1034,2015,RS,Add Judge In Twelfth Judicial District,VIGIL,CROWDER,http://www.leg.state.co.us/clics/clics2015a/csl.nsf/billsummary/58861C0D47CBE44187257D9400661427?opendocument
HB15-1035,2015,RS,Update Crime Victim Compensation Laws,FIELDS,COOKE,http://www.leg.state.co.us/clics/clics2015a/csl.nsf/billsummary/E6C0DAD1A5FD51C087257D8900639E45?opendocument
HB15-1036,2015,RS,Warn Pregnant Women Med Marijuana Dangers,TATE,,http://www.leg.state.co.us/clics/clics2015a/csl.nsf/billsummary/82F7252CB9A4103D87257DAB00632CFD?opendocument
HB15-1037,2015,RS,Religious Freedom Student Groups Higher Ed,PRIOLA,NEVILLE T.,http://www.leg.state.co.us/clics/clics2015a/csl.nsf/billsummary/2F61E0C0E63F61F287257D8800035689?opendocument
HB15-1038,2015,RS,Flexible Water Markets,ARNDT,HODGE,http://www.leg.state.co.us/clics/clics2015a/csl.nsf/billsummary/7607CFEF9F7C65CA87257DAB006A032B?opendocument
HB15-1039,2015,RS,Prescription Give-back For Institutions,TYLER,NEVILLE T.,http://www.leg.state.co.us/clics/clics2015a/csl.nsf/billsummary/B8036556EB65624387257DA1007CEC2C?opendocument
HB15-1040,2015,RS,Modify HOA Management Licensing Requirements,THURLOW,,http://www.leg.state.co.us/clics/clics2015a/csl.nsf/billsummary/6E33CD60A82C1CA987257D9400825EB0?opendocument
HB15-1041,2015,RS,Protect Human Life At Conception,HUMPHREY; RANSOM,LUNDBERG,http://www.leg.state.co.us/clics/clics2015a/csl.nsf/billsummary/F0C43A17E7BFB2F887257D95007F99DA?opendocument
HB15-1042,2015,RS,Presentence Reports By Probation Officers,FOOTE,COOKE,http://www.leg.state.co.us/clics/clics2015a/csl.nsf/billsummary/4D7DCC07E0BF734D87257D88007B1B42?opendocument
HB15-1043,2015,RS,Felony Offense For Repeat DUI Offenders,SAINE; MCCANN,COOKE; JOHNSTON,http://www.leg.state.co.us/clics/clics2015a/csl.nsf/billsummary/68F62E95DC5D2F7F87257D87007A758D?opendocument
HB15-1044,2015,RS,Periodic Legislative Review Executive Branch Rules,KLINGENSCHMITT,,http://www.leg.state.co.us/clics/clics2015a/csl.nsf/billsummary/282B55AABC7E19EB87257D8900621762?opendocument
HB15-1045,2015,RS,Veterans Entrance Fee State Parks,RYDEN,CROWDER,http://www.leg.state.co.us/clics/clics2015a/csl.nsf/billsummary/86D7C32D294BE23087257DA1007796CA?opendocument
HB15-1046,2015,RS,Highway Project Contract Amount Limit Waivers,MORENO,SCOTT,http://www.leg.state.co.us/clics/clics2015a/csl.nsf/billsummary/2C196110F68C23E987257DA100759C18?opendocument
HB15-1047,2015,RS,Internet Sweepstakes Cafes Simulated Gambling,LAWRENCE; BECKER K.,GRANTHAM; NEVILLE T.,http://www.leg.state.co.us/clics/clics2015a/csl.nsf/billsummary/4394C8EB25A5738787257DB000579344?opendocument
HB15-1048,2015,RS,Life Insurance Principle-based Reserve Requirement,WILLIAMS,BALMER,http://www.leg.state.co.us/clics/clics2015a/csl.nsf/billsummary/0218EDBA28A55E4387257D89006FFA3E?opendocument
HB15-1049,2015,RS,Deadly Force Against Intruders In Businesses,EVERETT,GRANTHAM,http://www.leg.state.co.us/clics/clics2015a/csl.nsf/billsummary/2864D0FBCBDB86FF87257D890063254D?opendocument
HB15-1050,2015,RS,Repeal Gun Transfer Background Check Rqmnt & Fee,JOSHI,WOODS,http://www.leg.state.co.us/clics/clics2015a/csl.nsf/billsummary/6B5CEA05F753434887257D89006FB5C1?opendocument
HB15-1051,2015,RS,Administration Local Gov Elections,NEVILLE P.,NEVILLE T.,http://www.leg.state.co.us/clics/clics2015a/csl.nsf/billsummary/8E8D99F092237C3F87257DA90076427B?opendocument
HB15-1052,2015,RS,Eligibility For Military Family Relief Fund,CARVER; MELTON,TODD,http://www.leg.state.co.us/clics/clics2015a/csl.nsf/billsummary/A4D6849C3A8AB45587257D950002EBAF?opendocument
HB15-1053,2015,RS,Ages For Compulsory Education,RANSOM,,http://www.leg.state.co.us/clics/clics2015a/csl.nsf/billsummary/08EDAA14187C9A3987257DB0005B4BF0?opendocument
HB15-1054,2015,RS,Off-Highway Vehicle Roadway Registration,BROWN,,http://www.leg.state.co.us/clics/clics2015a/csl.nsf/billsummary/9B42852F0B1099D687257DAB00772751?opendocument
HB15-1055,2015,RS,Participation In State Employee Assistance Program,ESGAR,GRANTHAM,http://www.leg.state.co.us/clics/clics2015a/csl.nsf/billsummary/5A1A3CE20865689B87257DB00051BF20?opendocument
HB15-1056,2015,RS,Disclosure Information Asset Recovery,CORAM,HODGE,http://www.leg.state.co.us/clics/clics2015a/csl.nsf/billsummary/56679E478B0D749587257D8900601EFB?opendocument
HB15-1057,2015,RS,The Statewide Initiative Process,COURT; DELGROSSO,SONNENBERG; HODGE,http://www.leg.state.co.us/clics/clics2015a/csl.nsf/billsummary/741725DD7369959487257D870069BE07?opendocument
HB15-1058,2015,RS,General Fund Surplus Transfers For Education,BECKER J.,SONNENBERG,http://www.leg.state.co.us/clics/clics2015a/csl.nsf/billsummary/81A0C6EA6BD873C587257DA1006DFE1D?opendocument
HB15-1059,2015,RS,Denver Health & Hospital Authority Board,GARNETT,GUZMAN,http://www.leg.state.co.us/clics/clics2015a/csl.nsf/billsummary/66E6A2DD9FB0715E87257D950064A978?opendocument
HB15-1060,2015,RS,Protection Orders Sex Offense Cases,HAMNER,COOKE,http://www.leg.state.co.us/clics/clics2015a/csl.nsf/billsummary/A5C1EB48DAE20FF387257D9A0054F493?opendocument
HB15-1061,2015,RS,No Record Sealing Municipal Domestic Violence,VAN WINKLE,ROBERTS,http://www.leg.state.co.us/clics/clics2015a/csl.nsf/billsummary/2BE722F0BBFBEFAC87257D900078F1FA?opendocument
HB15-1062,2015,RS,Increase Penalties For Animal Fighting,MELTON; LEBSOCK,BALMER; SONNENBERG,http://www.leg.state.co.us/clics/clics2015a/csl.nsf/billsummary/5E94FB760516BD5287257DA10081425D?opendocument
HB15-1063,2015,RS,Prohibited Communications Concerning Patents,PABON,BALMER,http://www.leg.state.co.us/clics/clics2015a/csl.nsf/billsummary/E86AF8547CDC5CC187257D9A0067AD42?opendocument
HB15-1064,2015,RS,Access Safe Deposit Box Of Decedent,NORDBERG,HOLBERT,http://www.leg.state.co.us/clics/clics2015a/csl.nsf/billsummary/84BC8538CBB722A587257D96007E8E7D?opendocument
HB15-1065,2015,RS,Regulatory Reform Act Of 2015,DELGROSSO,NEVILLE T.,http://www.leg.state.co.us/clics/clics2015a/csl.nsf/billsummary/DAB6B440173430EF87257D880062BDAE?opendocument
HB15-1066,2015,RS,Repeal Health Benefit Exchange,JOSHI,LUNDBERG,http://www.leg.state.co.us/clics/clics2015a/csl.nsf/billsummary/83A339C9877EC2DD87257D89006F73F1?opendocument
HB15-1067,2015,RS,Continuing Professional Development Psychologists,KRAFT-THARP; LANDGRAF,NEWELL,http://www.leg.state.co.us/clics/clics2015a/csl.nsf/billsummary/0216E02C44F11AE587257D870082C1DF?opendocument
HB15-1068,2015,RS,Motor Vehicle Impeding Traffic,WILSON,,http://www.leg.state.co.us/clics/clics2015a/csl.nsf/billsummary/899165687333665587257D870080AAB1?opendocument
HB15-1069,2015,RS,Homestead Exemption Recorded Instrument Reqmnts,RYDEN,HOLBERT,http://www.leg.state.co.us/clics/clics2015a/csl.nsf/billsummary/F5E8AAD28501553C87257DA10078330D?opendocument
HB15-1070,2015,RS,Crime Profits Distribution Changes,BUCKNER,MARTINEZ HUMENIK,http://www.leg.state.co.us/clics/clics2015a/csl.nsf/billsummary/ADBC99137BE471A987257DA1006A7170?opendocument
HB15-1071,2015,RS,Surviving Entity Owns Attorney-client Privilege,KEYSER,HILL,http://www.leg.state.co.us/clics/clics2015a/csl.nsf/billsummary/43DFDAE1287F9CB587257D950004DDAD?opendocument
HB15-1072,2015,RS,Interactive Electronic Harassment,FIELDS,NEWELL,http://www.leg.state.co.us/clics/clics2015a/csl.nsf/billsummary/713B4D9492FE1E6987257D8800084E18?opendocument
HB15-1073,2015,RS,Driver May Challenge Initial Police Contact,SALAZAR,ULIBARRI,http://www.leg.state.co.us/clics/clics2015a/csl.nsf/billsummary/E8A0DE010E2BA25E87257D9B006F1BC9?opendocument
HB15-1074,2015,RS,Board Of County Commissioners Member Liability,VIGIL,CROWDER,http://www.leg.state.co.us/clics/clics2015a/csl.nsf/billsummary/72372433BF0F494987257D9C005E2710?opendocument
HB15-1075,2015,RS,Registered Naturopathic Doctor Treating Children,GINAL,CROWDER,http://www.leg.state.co.us/clics/clics2015a/csl.nsf/billsummary/AF18D4133FE54B0D87257D9B0062F214?opendocument
HB15-1076,2015,RS,Prohibit Discrimination Labor Union Participation,EVERETT,NEVILLE T.; WOODS,http://www.leg.state.co.us/clics/clics2015a/csl.nsf/billsummary/9B36196F0B6AEA5F87257D890062E2EF?opendocument
HB15-1077,2015,RS,Modify Late Vehicle Registration Fee,WILSON,,http://www.leg.state.co.us/clics/clics2015a/csl.nsf/billsummary/0F55BF394C4D6A9F87257D89007A4979?opendocument
HB15-1078,2015,RS,Reporting Missing Youth In State's Legal Custody,NORDBERG; MCCANN,JAHN; WOODS,http://www.leg.state.co.us/clics/clics2015a/csl.nsf/billsummary/C964999E9B2DCA9287257D96007EBE0A?opendocument
HB15-1079,2015,RS,Teen Pregnancy Dropout Prevention Program Funding,CORAM; DANIELSON,ROBERTS,http://www.leg.state.co.us/clics/clics2015a/csl.nsf/billsummary/0B87D56866E1280C87257D95006FEB23?opendocument
HB15-1080,2015,RS,School Participation In Breakfast After The Bell,JOSHI,HILL,http://www.leg.state.co.us/clics/clics2015a/csl.nsf/billsummary/DCDE657BAA45049D87257D8F006915BD?opendocument
HB15-1081,2015,RS,Protect Physical Privacy In Locker Rooms,RANSOM,,http://www.leg.state.co.us/clics/clics2015a/csl.nsf/billsummary/D6D89912A15C9DF687257DA9007089DF?opendocument
HB15-1082,2015,RS,Time Limit On Mental Health Disciplinary Actions,MELTON,,http://www.leg.state.co.us/clics/clics2015a/csl.nsf/billsummary/458B05403F01915387257DA100811A54?opendocument
HB15-1083,2015,RS,Patient Contribution Rehabilitation Services,PRIMAVERA,CROWDER,http://www.leg.state.co.us/clics/clics2015a/csl.nsf/billsummary/605A3D5D4A73E9DB87257D9B007A5FAF?opendocument
HB15-1084,2015,RS,Collection Of Mail Ballots,TATE,,http://www.leg.state.co.us/clics/clics2015a/csl.nsf/billsummary/4EAA90FF3D8F088A87257DAB0063D652?opendocument
HB15-1085,2015,RS,Publish County Fiscal Information On-line,THURLOW,LAMBERT,http://www.leg.state.co.us/clics/clics2015a/csl.nsf/billsummary/A7C0BB4167F0072E87257DA90073DD7D?opendocument
HB15-1086,2015,RS,CBI Produce Certificates For Gun Transferees,NEVILLE P.,NEVILLE T.,http://www.leg.state.co.us/clics/clics2015a/csl.nsf/billsummary/446AA26DC1C2BD6287257DA20073D2DE?opendocument
HB15-1087,2015,RS,Alcohol And Substance Abuse Medical Detox Centers,VIGIL,STEADMAN; JAHN,http://www.leg.state.co.us/clics/clics2015a/csl.nsf/billsummary/5AD8E75AD6731FC287257D9C005E8DA9?opendocument
HB15-1088,2015,RS,Interagency Farm-to-school Grant Program,WINTER,CROWDER,http://www.leg.state.co.us/clics/clics2015a/csl.nsf/billsummary/4BDCF15C3E1A8B5F87257DAF007227CF?opendocument
HB15-1089,2015,RS,Register Title Kei Vehicle For Roadway,PRIMAVERA,,http://www.leg.state.co.us/clics/clics2015a/csl.nsf/billsummary/F4461B1B63CF73A487257DA1006F41E9?opendocument
HB15-1090,2015,RS,County Retail Marijuana Impacts Grant Program,DORE,,http://www.leg.state.co.us/clics/clics2015a/csl.nsf/billsummary/C03FCE0116AA834187257D88006462B5?opendocument
HB15-1091,2015,RS,Policies On Juvenile Shackling In Court,LONTINE,MERRIFIELD,http://www.leg.state.co.us/clics/clics2015a/csl.nsf/billsummary/854A3E89910A9A5C87257DA2005645B1?opendocument
HB15-1092,2015,RS,Special District Transparency Requirements,LEBSOCK,MARTINEZ HUMENIK; KEFALAS,http://www.leg.state.co.us/clics/clics2015a/csl.nsf/billsummary/314AB2221C2CBFFF87257D88005F62F2?opendocument
HB15-1093,2015,RS,Exceptions Efficient Plumbing Fixture Requirements,DORE,,http://www.leg.state.co.us/clics/clics2015a/csl.nsf/billsummary/149BFD70EEE655BD87257D88005EE17B?opendocument
HB15-1094,2015,RS,Restorative Justice Council And Pilot Changes,LEE,COOKE; NEWELL,http://www.leg.state.co.us/clics/clics2015a/csl.nsf/billsummary/DF551A514151D34687257DA1007E9F07?opendocument
HB15-1095,2015,RS,Common Int Exempt Small Limited Expense Community,CARVER,LUNDBERG,http://www.leg.state.co.us/clics/clics2015a/csl.nsf/billsummary/66987293D22F0EDD87257D9500015DB7?opendocument
HB15-1096,2015,RS,Small Business Definition,ROUPE,,http://www.leg.state.co.us/clics/clics2015a/csl.nsf/billsummary/B7B0ED7D0B62CBF987257D9500572D9A?opendocument
HB15-1097,2015,RS,Fetal Alcohol Spectrum Disorders Commn & Screening,MCCANN,NEWELL,http://www.leg.state.co.us/clics/clics2015a/csl.nsf/billsummary/7A3C694A7000547487257D88005198C1?opendocument
HB15-1098,2015,RS,Red Light Camera,VAN WINKLE; LEBSOCK,NEVILLE T.,http://www.leg.state.co.us/clics/clics2015a/csl.nsf/billsummary/D499CDC117799F4D87257D87007BB33D?opendocument
HB15-1099,2015,RS,Hunting & Taking Black Bears & Wildlife Commission,WILLETT,SCOTT,http://www.leg.state.co.us/clics/clics2015a/csl.nsf/billsummary/17173AF33D37C83187257DAC005AA8FE?opendocument
HB15-1100,2015,RS,Sales Tax Revenue To Older Coloradans Cash Fund,LEBSOCK; ROUPE,CROWDER; ULIBARRI,http://www.leg.state.co.us/clics/clics2015a/csl.nsf/billsummary/782CB112425F1BEA87257D9700718162?opendocument
HB15-1101,2015,RS,Public Defender ADC Records Open Records,LAWRENCE; FIELDS,,http://www.leg.state.co.us/clics/clics2015a/csl.nsf/billsummary/CFFC296CE7E7CFD087257D8800746CA7?opendocument
HB15-1102,2015,RS,CO Cottage Foods Act Expansion,HAMNER; WILLETT,DONOVAN; GRANTHAM,http://www.leg.state.co.us/clics/clics2015a/csl.nsf/billsummary/D56CB69813C0781487257D9A005526F8?opendocument
HB15-1103,2015,RS,Peace Officer Status DOR Employees,COURT,,http://www.leg.state.co.us/clics/clics2015a/csl.nsf/billsummary/6FCBB75F8F68FBBA87257DA20078D5CF?opendocument
HB15-1104,2015,RS,Educator Expenses State Income Tax Deduction,NAVARRO,JOHNSTON,http://www.leg.state.co.us/clics/clics2015a/csl.nsf/billsummary/3627021D84DD391087257D88006E400D?opendocument
HB15-1105,2015,RS,Revising CO Ed Accountability Measures ,EVERETT,MARBLE,http://www.leg.state.co.us/clics/clics2015a/csl.nsf/billsummary/FB06D3716FC1679587257D8900636C44?opendocument
HB15-1106,2015,RS,Clarify Access To Unredacted Adoption Records,SAINE,SONNENBERG,http://www.leg.state.co.us/clics/clics2015a/csl.nsf/billsummary/5DEB756FD784C4A687257D8800749FF5?opendocument
HB15-1107,2015,RS,Annexation Large Communities Served By Metro Dists,VAN WINKLE,HOLBERT,http://www.leg.state.co.us/clics/clics2015a/csl.nsf/billsummary/5D8A3C13384A271C87257DA10082BAE3?opendocument
HB15-1108,2015,RS,Protections Collection And Release Student Data,LUNDEEN,WOODS,http://www.leg.state.co.us/clics/clics2015a/csl.nsf/billsummary/BFA276B4B97E571787257D9000639D6C?opendocument
HB15-1109,2015,RS,Additional SB09-228 Transfers To HUTF & Cap Constr,DELGROSSO,,http://www.leg.state.co.us/clics/clics2015a/csl.nsf/billsummary/E151A8EBDC44A4EC87257D9B007255B9?opendocument
HB15-1110,2015,RS,Review Of Principal Departments Of State Gov,SZABO,,http://www.leg.state.co.us/clics/clics2015a/csl.nsf/billsummary/A1FEEA0F094988FD87257DA1008064D4?opendocument
HB15-1111,2015,RS,Maternal Mortality Prevention Act,MCCANN,CROWDER,http://www.leg.state.co.us/clics/clics2015a/csl.nsf/billsummary/EC87A7F2B4352AA387257D88006205B3?opendocument
HB15-1112,2015,RS,Born-alive Infant Protection Act,LANDGRAF,,http://www.leg.state.co.us/clics/clics2015a/csl.nsf/billsummary/0FD371E2FE20F5B287257D870076790C?opendocument
HB15-1113,2015,RS,Foreclosure Sale Continuation HOA Assessments,ROUPE,,http://www.leg.state.co.us/clics/clics2015a/csl.nsf/billsummary/81631A4FC478281C87257D95005777F8?opendocument
HB15-1114,2015,RS,Prohibit State Aid To NDAA Investigations,SAINE,WOODS; ULIBARRI,http://www.leg.state.co.us/clics/clics2015a/csl.nsf/billsummary/E199C6527712339A87257D87006B3000?opendocument
HB15-1115,2015,RS,Use Of Unmanned Aerial Vehicles,LAWRENCE,NEWELL; LUNDBERG,http://www.leg.state.co.us/clics/clics2015a/csl.nsf/billsummary/85E8C5793B1EAFE187257D8700813C8F?opendocument
HB15-1116,2015,RS,Repeal School Building Inspection Reqmnt,BROWN,,http://www.leg.state.co.us/clics/clics2015a/csl.nsf/billsummary/DB32D964F97C4D8787257DAF005989F7?opendocument
HB15-1117,2015,RS,Electronic Transactions By Domestic Entities,WINDHOLZ,GUZMAN,http://www.leg.state.co.us/clics/clics2015a/csl.nsf/billsummary/4DF73450B3928E1B87257DA90071F9E4?opendocument
HB15-1118,2015,RS,Hydroelectric Power,BROWN,,http://www.leg.state.co.us/clics/clics2015a/csl.nsf/billsummary/FD69EA9D677AA2B887257D94008044B7?opendocument
HB15-1119,2015,RS,Local Government Fracking Ban Liable Royalties,BUCK,,http://www.leg.state.co.us/clics/clics2015a/csl.nsf/billsummary/CD867A6CAE64C7CC87257DA9006A7D75?opendocument
HB15-1120,2015,RS,Tony Grampsas Statewide Membership Org Grant Prog,DELGROSSO; MORENO,HODGE,http://www.leg.state.co.us/clics/clics2015a/csl.nsf/billsummary/20C007B6EC1B5E0187257DA100820978?opendocument
HB15-1121,2015,RS,Wind Energy Devel Agreement Recording & Expiration,BECKER J.,SONNENBERG,http://www.leg.state.co.us/clics/clics2015a/csl.nsf/billsummary/519359B1AABA374887257DA1006E5D7D?opendocument
HB15-1122,2015,RS,Parole Application And Revocation,FIELDS,COOKE,http://www.leg.state.co.us/clics/clics2015a/csl.nsf/billsummary/7E0CAB2B212ACA9687257D87008072A2?opendocument
HB15-1123,2015,RS,Fed Test Reqmnts Option For Local Ed Providers,TATE,,http://www.leg.state.co.us/clics/clics2015a/csl.nsf/billsummary/D8B10E104F70AA0587257DB8006F9489?opendocument
HB15-1124,2015,RS,Rural School Districts Waiver Statute And Rules,BUCK,,http://www.leg.state.co.us/clics/clics2015a/csl.nsf/billsummary/4F5E558DB8304EA487257D8900604CEB?opendocument
HB15-1125,2015,RS,CO State Academic Standards & Flexible Assessments,LUNDEEN; CARVER,HOLBERT,http://www.leg.state.co.us/clics/clics2015a/csl.nsf/billsummary/0BD8B05CCD70C06387257D900063D4B5?opendocument
HB15-1126,2015,RS,Overseas Fed Civilian Employee Tax Filing Status,ROSENTHAL,,http://www.leg.state.co.us/clics/clics2015a/csl.nsf/billsummary/1B2CF74C859051D487257D880056DBB6?opendocument
HB15-1127,2015,RS,No Liability For Permitting Concealed Carry,KLINGENSCHMITT,GARCIA,http://www.leg.state.co.us/clics/clics2015a/csl.nsf/billsummary/452EDBA8CB48656E87257DB000548FC8?opendocument
HB15-1128,2015,RS,Women's Health Protection Act,NEVILLE P.,NEVILLE T.,http://www.leg.state.co.us/clics/clics2015a/csl.nsf/billsummary/4B111569E3609DBC87257DA30077C283?opendocument
HB15-1129,2015,RS,CO Disaster Prediction & Decision Support Systems,KRAFT-THARP,ROBERTS,http://www.leg.state.co.us/clics/clics2015a/csl.nsf/billsummary/87038FD043D0F72387257D93006B8F05?opendocument
HB15-1130,2015,RS,Overseas Citizens Municipal Election Voting Access,NORDBERG; RYDEN,GARCIA; HILL,http://www.leg.state.co.us/clics/clics2015a/csl.nsf/billsummary/1678D9F207F638B387257D870076D115?opendocument
HB15-1131,2015,RS,Release Critical Incident Information Juvenile,ESGAR; LEE,LAMBERT,http://www.leg.state.co.us/clics/clics2015a/csl.nsf/billsummary/D152DD45E540177987257DB00052810D?opendocument
HB15-1132,2015,RS,Residential Energy Efficiency Tax Credit,CORAM; BECKER K.,HODGE; SCOTT,http://www.leg.state.co.us/clics/clics2015a/csl.nsf/billsummary/A9D4EF0FDBE92C2C87257D9B006A9FB1?opendocument
HB15-1133,2015,RS,Continue Colorado Pay Equity Commission,DANIELSON,ULIBARRI,http://www.leg.state.co.us/clics/clics2015a/csl.nsf/billsummary/F68E89BF0E73994887257DAA00695A45?opendocument
HB15-1134,2015,RS,New Diesel Motor Vehicles Emissions Testing,CORAM,COOKE,http://www.leg.state.co.us/clics/clics2015a/csl.nsf/billsummary/5FCB4E1F800EE35587257DAC007DA02B?opendocument
HB15-1135,2015,RS,Terminally Ill Individuals End-of-life Decisions,COURT; GINAL,GUZMAN,http://www.leg.state.co.us/clics/clics2015a/csl.nsf/billsummary/EF34DEB7487088DC87257D87006D8B98?opendocument
HB15-1136,2015,RS,Parking Privileges Disabled Veteran License Plate,NAVARRO,WOODS,http://www.leg.state.co.us/clics/clics2015a/csl.nsf/billsummary/E22E405D0290E29E87257DCD00028DE3?opendocument
HB15-1137,2015,RS,Requests For Multiple Booking Photographs,BECKER K.,COOKE,http://www.leg.state.co.us/clics/clics2015a/csl.nsf/billsummary/C9CD53BEBA1FF0C887257D9A00627802?opendocument
HB15-1138,2015,RS,No Background Check Concealed Handgun Permittees,RANSOM,COOKE,http://www.leg.state.co.us/clics/clics2015a/csl.nsf/billsummary/BBF8FE90DA7D92F087257DCC0054EB44?opendocument
HB15-1139,2015,RS,Review State Rules Reduce Burden On Small Business,CARVER,,http://www.leg.state.co.us/clics/clics2015a/csl.nsf/billsummary/9D71DC5FF39ABBEB87257D9500011275?opendocument
HB15-1140,2015,RS,Same Day Voter Registration With Photo ID,CORAM,SONNENBERG; BAUMGARDNER,http://www.leg.state.co.us/clics/clics2015a/csl.nsf/billsummary/28D9CE9FFD7E0F9F87257DCC0063D305?opendocument
HB15-1141,2015,RS,Hospital Provider Fee Patient Billing Statements,JOSHI,NEVILLE T.,http://www.leg.state.co.us/clics/clics2015a/csl.nsf/billsummary/DC6C811B1C46765987257D89006F9472?opendocument
HB15-1142,2015,RS,Public Trustee Conduct Electronic Foreclosure Sale,MCCANN,GUZMAN,http://www.leg.state.co.us/clics/clics2015a/csl.nsf/billsummary/B446639100C0FF1787257D880061DB29?opendocument
HB15-1143,2015,RS,Tax Incentive For Home Health Care,CONTI,CROWDER,http://www.leg.state.co.us/clics/clics2015a/csl.nsf/billsummary/54221CD30E829E9187257D9A00755F57?opendocument
HB15-1144,2015,RS,Prohibit Plastic Microbeads Personal Care Products,PRIMAVERA,TODD,http://www.leg.state.co.us/clics/clics2015a/csl.nsf/billsummary/B9068BD0AAE0A02E87257DC700541E50?opendocument
HB15-1145,2015,RS,Implement Federal Radioactive Materials Audit,RANKIN,HODGE,http://www.leg.state.co.us/clics/clics2015a/csl.nsf/billsummary/D7BD8CE2B35593BC87257DC700562132?opendocument
HB15-1146,2015,RS,Colorado Student Leaders Institute,WILSON,TODD,http://www.leg.state.co.us/clics/clics2015a/csl.nsf/billsummary/06303FF23F9F793887257DC7005930AA?opendocument
HB15-1147,2015,RS,Require License To Practice Genetic Counseling,GINAL,TODD,http://www.leg.state.co.us/clics/clics2015a/csl.nsf/billsummary/17D2FD24D2A74C2187257D9B0063EF5C?opendocument
HB15-1148,2015,RS,Transfer Gen Fund Surplus To State Highway Fund,BROWN,,http://www.leg.state.co.us/clics/clics2015a/csl.nsf/billsummary/4AA70D6DC387D8F687257DCC0055E81E?opendocument
HB15-1149,2015,RS,Office Of The Respondent Parents' Counsel,HAMNER,LAMBERT,http://www.leg.state.co.us/clics/clics2015a/csl.nsf/billsummary/DF66FDB99DEA611D87257DCC0002D38E?opendocument
HB15-1150,2015,RS,Sev Tax Op Fund Transfers For Mine Reclamation,RANKIN,GRANTHAM,http://www.leg.state.co.us/clics/clics2015a/csl.nsf/billsummary/FF00070E2447B75A87257DCD0009FC26?opendocument
HB15-1151,2015,RS,Floor For Medicaid Provider Rates,RANKIN,LAMBERT,http://www.leg.state.co.us/clics/clics2015a/csl.nsf/billsummary/B4DC37F77FDF012087257DDA007C9F54?opendocument
HB15-1152,2015,RS,Concealed Handgun Carry No Permit,NORDBERG; VAN WINKLE,HOLBERT,http://www.leg.state.co.us/clics/clics2015a/csl.nsf/billsummary/B1BCC2C875ECC82F87257D8F005E4C63?opendocument
HB15-1153,2015,RS,Oversight And Funding Child & Family Investigators,YOUNG,STEADMAN,http://www.leg.state.co.us/clics/clics2015a/csl.nsf/billsummary/2C2B349DCA412DB387257DCC00031B17?opendocument
HB15-1154,2015,RS,No Credit Card Fee On Tax Portion Of Sale,BECKER J.; GARNETT,HILL,http://www.leg.state.co.us/clics/clics2015a/csl.nsf/billsummary/1016A190378C4AAC87257DB30061AF34?opendocument
HB15-1155,2015,RS,Flexibility For Rural School Districts,WILSON,HODGE,http://www.leg.state.co.us/clics/clics2015a/csl.nsf/billsummary/7A151FDC3B6BB41587257DCC0064DFC8?opendocument
HB15-1156,2015,RS,Higher Ed Performance Funding Resident Students,VAN WINKLE,,http://www.leg.state.co.us/clics/clics2015a/csl.nsf/billsummary/C480B7976809D83887257DCC006FD3D5?opendocument
HB15-1157,2015,RS,Working Group For Econ Dev In Distressed Regions,WILLETT; PABON,HEATH; MERRIFIELD,http://www.leg.state.co.us/clics/clics2015a/csl.nsf/billsummary/159DE66BAC20B27587257DAF005ED3B9?opendocument
HB15-1158,2015,RS,Sales & Use Tax Refund For Data Centers,DELGROSSO; PABON,HOLBERT,http://www.leg.state.co.us/clics/clics2015a/csl.nsf/billsummary/D8B98951B28DA40C87257D880008B497?opendocument
HB15-1159,2015,RS,Instream Flow Incentive Tax Credit,ARNDT,DONOVAN,http://www.leg.state.co.us/clics/clics2015a/csl.nsf/billsummary/0894263F5BF6076F87257DC4007A04CD?opendocument
HB15-1160,2015,RS,Court Make Public Defender Indigency Determination,LAWRENCE,ROBERTS,http://www.leg.state.co.us/clics/clics2015a/csl.nsf/billsummary/7CCFBC7A2C6CC2F487257D8900705755?opendocument
HB15-1161,2015,RS,Public Accommodation First Amendment Rights,KLINGENSCHMITT,,http://www.leg.state.co.us/clics/clics2015a/csl.nsf/billsummary/751F9025F6DAAB4687257DB00052C0C7?opendocument
HB15-1162,2015,RS,Ban Sex-selection Abortions,NORDBERG,,http://www.leg.state.co.us/clics/clics2015a/csl.nsf/billsummary/A22DDE9137AAC49487257D88007B7C6C?opendocument
HB15-1163,2015,RS,Contingent Repeal Hlth Ins Laws Aligning With ACA,KLINGENSCHMITT,,http://www.leg.state.co.us/clics/clics2015a/csl.nsf/billsummary/DF8C173FF662E17387257DA800563DB1?opendocument
HB15-1164,2015,RS,Postponement Of Jury Service For Breast-feeding,PETTERSEN,KERR,http://www.leg.state.co.us/clics/clics2015a/csl.nsf/billsummary/FC4B900CC5AD991587257DB7007220D6?opendocument
HB15-1165,2015,RS,Schools' Use Of American Indian Mascots,SALAZAR; MELTON,ULIBARRI,http://www.leg.state.co.us/clics/clics2015a/csl.nsf/billsummary/C29814128EFE2D7E87257D870076440C?opendocument
HB15-1166,2015,RS,South Platte Alluvial Aquifer Monitoring Network,SAINE; ARNDT,MARBLE,http://www.leg.state.co.us/clics/clics2015a/csl.nsf/billsummary/F90786F208E7E85F87257D94007E8D55?opendocument
HB15-1167,2015,RS,South Platte River Mainstem Storage Study,BROWN,SONNENBERG,http://www.leg.state.co.us/clics/clics2015a/csl.nsf/billsummary/8B61E91548BCB5B887257DCC00562835?opendocument
HB15-1168,2015,RS,Concealed Handgun Carry In Public Schools,NEVILLE P.,NEVILLE T.,http://www.leg.state.co.us/clics/clics2015a/csl.nsf/billsummary/1A72831533520DD587257D96005D7698?opendocument
HB15-1169,2015,RS,Photo ID For Same Day Voter Registration,RANSOM,,http://www.leg.state.co.us/clics/clics2015a/csl.nsf/billsummary/C40E2580C24CACE587257D950000B097?opendocument
HB15-1170,2015,RS,Increasing Postsecondary And Workforce Readiness,KRAFT-THARP; WILSON,HILL; HEATH,http://www.leg.state.co.us/clics/clics2015a/csl.nsf/billsummary/86D7EBA03E7EA6B287257DAB0065485D?opendocument
HB15-1171,2015,RS,State Freedom Of Conscience Protection Act,NEVILLE P.; HUMPHREY,NEVILLE T.,http://www.leg.state.co.us/clics/clics2015a/csl.nsf/billsummary/1C2B3FFA5058B7F387257DA30050B708?opendocument
HB15-1172,2015,RS,Repeal Punitive Damages Employment Discrimination,DELGROSSO,,http://www.leg.state.co.us/clics/clics2015a/csl.nsf/billsummary/D92A9E3ECE6FA98787257DB30058A23D?opendocument
HB15-1173,2015,RS,Winter Driving I-70 Tread Depth & Tire Chains,MITSCH BUSH; RANKIN,TODD,http://www.leg.state.co.us/clics/clics2015a/csl.nsf/billsummary/6C17F216CA08453F87257D9500063DE2?opendocument
HB15-1174,2015,RS,Information Protections Domestic Violence Victims,CARVER,WOODS,http://www.leg.state.co.us/clics/clics2015a/csl.nsf/billsummary/7411695A98B9647887257D900058B857?opendocument
HB15-1175,2015,RS,Prohibit Conversion Therapy,ROSENTHAL,STEADMAN,http://www.leg.state.co.us/clics/clics2015a/csl.nsf/billsummary/B26C74559E248B3B87257D9C00681C4B?opendocument
HB15-1176,2015,RS,Department Of Labor And Employment Audit Authority,TATE,,http://www.leg.state.co.us/clics/clics2015a/csl.nsf/billsummary/6EABEC72FAA6C41287257DB60065F8C4?opendocument
HB15-1177,2015,RS,Rural Economic Development Initiative Grant Prog,WILLETT; BECKER K.,DONOVAN; SONNENBERG,http://www.leg.state.co.us/clics/clics2015a/csl.nsf/billsummary/A64E09451AFB480587257DC6005CF64C?opendocument
HB15-1178,2015,RS,Emergency Well Pumping Damaging High Groundwater,SAINE; HUMPHREY,MARBLE; SONNENBERG,http://www.leg.state.co.us/clics/clics2015a/csl.nsf/billsummary/8F3AA58611B3904C87257D960053F0C1?opendocument
HB15-1179,2015,RS,Third Party Medicaid Payment Responsibility System,JOSHI,,http://www.leg.state.co.us/clics/clics2015a/csl.nsf/billsummary/4D1695185514ED3D87257DCC00822A73?opendocument
HB15-1180,2015,RS,Sales & Use Tax Refund Med & Clean Technology,KRAFT-THARP; WILSON,HEATH; HOLBERT,http://www.leg.state.co.us/clics/clics2015a/csl.nsf/billsummary/379239B0EC518DBC87257DB0005BB068?opendocument
HB15-1181,2015,RS,Colorado Is Honoring Our Military Tax Exemption,KEYSER,CROWDER,http://www.leg.state.co.us/clics/clics2015a/csl.nsf/billsummary/69D246324C639DA487257D9500045DC2?opendocument
HB15-1182,2015,RS,Scope Of Practice Certified Nurse Aides,LONTINE; LANDGRAF,AGUILAR,http://www.leg.state.co.us/clics/clics2015a/csl.nsf/billsummary/76A742E8097CD1DF87257DC100706A18?opendocument
HB15-1183,2015,RS,Child's Statements Of Attempted Sexual Crimes,FIELDS,GUZMAN,http://www.leg.state.co.us/clics/clics2015a/csl.nsf/billsummary/C72B299B9710407C87257DAF00795B54?opendocument
HB15-1184,2015,RS,Charter School Networks Authority,LONTINE,HILL,http://www.leg.state.co.us/clics/clics2015a/csl.nsf/billsummary/430B2C58CDCD3F0887257DC800736693?opendocument
HB15-1185,2015,RS,Second Offense Sentence Child Sexual Exploitation,CONTI,JAHN,http://www.leg.state.co.us/clics/clics2015a/csl.nsf/billsummary/92E0D4AC8D1DF4FB87257DCB007313DE?opendocument
HB15-1186,2015,RS,Services For Children With Autism,YOUNG,STEADMAN,http://www.leg.state.co.us/clics/clics2015a/csl.nsf/billsummary/5CBA73DA175A42CD87257DCD000B213B?opendocument
HB15-1187,2015,RS,Veterinarian Peer Health Asst Mental Health Exam,LEBSOCK,GARCIA,http://www.leg.state.co.us/clics/clics2015a/csl.nsf/billsummary/AB5DF93E2765084B87257DCB00656CBE?opendocument
HB15-1188,2015,RS,Vocational Rehabilitation Programs And Services,RYDEN; PRIMAVERA,NEVILLE T.,http://www.leg.state.co.us/clics/clics2015a/csl.nsf/billsummary/A4CF61293B0960AA87257D8800090E18?opendocument
HB15-1189,2015,RS,Uniform Act Fiduciary Access To Digital Access,KEYSER,STEADMAN,http://www.leg.state.co.us/clics/clics2015a/csl.nsf/billsummary/35C3DD50F417445D87257DB70002E5AC?opendocument
HB15-1190,2015,RS,Assistance To Public Schools For Career Pathways,WINDHOLZ,,http://www.leg.state.co.us/clics/clics2015a/csl.nsf/billsummary/F11DE5FEB7B457DD87257DA40063B07A?opendocument
HB15-1191,2015,RS,Add Dentists To Physician Designation Act,PETTERSEN,GRANTHAM,http://www.leg.state.co.us/clics/clics2015a/csl.nsf/billsummary/EE0D09FF23D0230F87257DCC006BE7A1?opendocument
HB15-1192,2015,RS,Entertainment Dist Expand Licensed Premises Types,BECKER K.,NEVILLE T.,http://www.leg.state.co.us/clics/clics2015a/csl.nsf/billsummary/EC66B3A79590DD8E87257D8800698E3F?opendocument
HB15-1193,2015,RS,Rights Of Watchers In Elections,WINDHOLZ,,http://www.leg.state.co.us/clics/clics2015a/csl.nsf/billsummary/F5556D9C5CAC293B87257DAF00616D92?opendocument
HB15-1194,2015,RS,Authorize General Fund Dollars For LARC Services,BECKER K.; CORAM,HODGE,http://www.leg.state.co.us/clics/clics2015a/csl.nsf/billsummary/6CC6E011BAC674C187257D90005E61E0?opendocument
HB15-1195,2015,RS,Commencement Of The Earned Income Tax Credit,KAGAN,,http://www.leg.state.co.us/clics/clics2015a/csl.nsf/billsummary/4EF9568F91B6440987257DA10062727F?opendocument
HB15-1196,2015,RS,CO Flex Accounts For Education Services,LUNDEEN,HILL,http://www.leg.state.co.us/clics/clics2015a/csl.nsf/billsummary/B8039AD6AAD525C487257DC4005F0D20?opendocument
HB15-1197,2015,RS,Indemnity In Public Construction Contracts,TATE,JAHN,http://www.leg.state.co.us/clics/clics2015a/csl.nsf/billsummary/2C3A8A2B9D9D334F87257DC8005F7B6A?opendocument
HB15-1198,2015,RS,Uniform Interstate Family Support Act 2008 Update,FOOTE,STEADMAN,http://www.leg.state.co.us/clics/clics2015a/csl.nsf/billsummary/1D26C26B478927D887257DB700023C7A?opendocument
HB15-1199,2015,RS,Student & Teacher Data Privacy & Security Act,EVERETT,MARBLE,http://www.leg.state.co.us/clics/clics2015a/csl.nsf/billsummary/914917BCF4A3CA6787257D8900634878?opendocument
HB15-1200,2015,RS,Highly Effective Teachers & Low-performing Schools,PRIOLA,HILL,http://www.leg.state.co.us/clics/clics2015a/csl.nsf/billsummary/1AAE6BF705EED31A87257D87006AEFB2?opendocument
HB15-1201,2015,RS,BOCES & Centralized Operating Services Grants,RANKIN; BUCKNER,TODD,http://www.leg.state.co.us/clics/clics2015a/csl.nsf/billsummary/2C1018DDF5EE065687257D880067D1E6?opendocument
HB15-1202,2015,RS,Alcohol Beverage License Reissuance,SINGER,WOODS,http://www.leg.state.co.us/clics/clics2015a/csl.nsf/billsummary/F4021432A38B226987257DCE0059D557?opendocument
HB15-1203,2015,RS,Earned Time For Habitual Offenders Before 1993,ROSENTHAL,STEADMAN,http://www.leg.state.co.us/clics/clics2015a/csl.nsf/billsummary/0CFDD4E63571A5A287257DCE00596C13?opendocument
HB15-1204,2015,RS,Distillery Pub Alcohol Beverage License,PABON,KERR,http://www.leg.state.co.us/clics/clics2015a/csl.nsf/billsummary/C90038CC22E6886F87257D880005D67C?opendocument
HB15-1205,2015,RS,Creation Of Tax Expenditure Evaluation Committee,BECKER K.; SAINE,HILL; JOHNSTON,http://www.leg.state.co.us/clics/clics2015a/csl.nsf/billsummary/042AF760B6C5548B87257D880068B594?opendocument
HB15-1206,2015,RS,Sales & Use Tax Refund For Recycling Equipment,SINGER,,http://www.leg.state.co.us/clics/clics2015a/csl.nsf/billsummary/5FC4F360B8BFD5CB87257D90007EA688?opendocument
HB15-1207,2015,RS,Allow Driving With One Earphone,MELTON,TODD,http://www.leg.state.co.us/clics/clics2015a/csl.nsf/billsummary/75A2B48ED3E35F1487257DCE00587623?opendocument
HB15-1208,2015,RS,Repeal Of Common Core Education Standards,KLINGENSCHMITT,,http://www.leg.state.co.us/clics/clics2015a/csl.nsf/billsummary/290018640D5D997887257D890061837A?opendocument
HB15-1209,2015,RS,CDOT Highway Maintenance Division,TYLER,SCOTT,http://www.leg.state.co.us/clics/clics2015a/csl.nsf/billsummary/B39CF3DFAF48C41287257D8E00668D8B?opendocument
HB15-1210,2015,RS,GA Review Envtl Rules Required In Lieu Fed Law,DORE,,http://www.leg.state.co.us/clics/clics2015a/csl.nsf/billsummary/E1892342B011DDC987257DAA0056739C?opendocument
HB15-1211,2015,RS,License Reqmnts For Durable Med Equip Suppliers,YOUNG,SONNENBERG,http://www.leg.state.co.us/clics/clics2015a/csl.nsf/billsummary/8760DFB5D884F86F87257DD3005F8A2F?opendocument
HB15-1212,2015,RS,Authority To Sell State Trust Lands To Local Gov,BECKER K.,KERR; MERRIFIELD,http://www.leg.state.co.us/clics/clics2015a/csl.nsf/billsummary/8F4C4FD7ABD6EEA887257DD50055E406?opendocument
HB15-1213,2015,RS,Office Of Information Technology Modifications,TATE; TYLER,MARTINEZ HUMENIK; NEVILLE T.,http://www.leg.state.co.us/clics/clics2015a/csl.nsf/billsummary/A419797BB8B6A59587257DD3005C7137?opendocument
HB15-1214,2015,RS,Abuse-deterrent Opioid Analgesic Drugs,SINGER,COOKE,http://www.leg.state.co.us/clics/clics2015a/csl.nsf/billsummary/47C6FFDE00A5B1BD87257DCE005AA58A?opendocument
HB15-1215,2015,RS,In-state Tuition Dependents Of Military Members,PRIOLA,JOHNSTON,http://www.leg.state.co.us/clics/clics2015a/csl.nsf/billsummary/6208B9A94DF0220B87257DC80078C7BB?opendocument
HB15-1216,2015,RS,Basis For Expert Opinion Testimony,PRIOLA,COOKE,http://www.leg.state.co.us/clics/clics2015a/csl.nsf/billsummary/34638978E9BE584687257DAF0054C7DB?opendocument
HB15-1217,2015,RS,Local Gov Input Liquor Sales Room Applications,SINGER,HOLBERT,http://www.leg.state.co.us/clics/clics2015a/csl.nsf/billsummary/5F3B546EE58C8C2887257D9000791D51?opendocument
HB15-1218,2015,RS,No Contact With Defense-initiated Victim Outreach,FIELDS,JOHNSTON,http://www.leg.state.co.us/clics/clics2015a/csl.nsf/billsummary/EAF1FB61C627268887257DCE005B48D4?opendocument
HB15-1219,2015,RS,EZ Investment Tax Credit For Renewable Energy,MCCANN; BECKER J.,HODGE; SONNENBERG,http://www.leg.state.co.us/clics/clics2015a/csl.nsf/billsummary/509B1284315EEDE687257D8800641CF4?opendocument
HB15-1220,2015,RS,Campus Sexual Assault Victim Medical Care,DANIELSON; RYDEN,COOKE; MARTINEZ HUMENIK,http://www.leg.state.co.us/clics/clics2015a/csl.nsf/billsummary/E4D84CF63B58F49287257D9600014F31?opendocument
HB15-1221,2015,RS,Employee Leave Attend Child's Academic Activities,BUCKNER; FIELDS,KERR,http://www.leg.state.co.us/clics/clics2015a/csl.nsf/billsummary/66C5A5CF0408E7AC87257DBE005EF4F7?opendocument
HB15-1222,2015,RS,Water Efficiency Savings Instream Use Pilot,BECKER K.,SONNENBERG,http://www.leg.state.co.us/clics/clics2015a/csl.nsf/billsummary/4D621254411C20BD87257D87008169B4?opendocument
HB15-1223,2015,RS,Home Service Contracts,WILLIAMS,BALMER; JAHN,http://www.leg.state.co.us/clics/clics2015a/csl.nsf/billsummary/BCE9D365F8CF0F7D87257DD5005A6066?opendocument
HB15-1224,2015,RS,State Moneys Received By Local Dist Jr Colleges,MITSCH BUSH,HILL; TODD,http://www.leg.state.co.us/clics/clics2015a/csl.nsf/billsummary/78D094947E09F86E87257DB30060E8A9?opendocument
HB15-1225,2015,RS,Federal Land Coordination,RANKIN; BECKER K.,ROBERTS; DONOVAN,http://www.leg.state.co.us/clics/clics2015a/csl.nsf/billsummary/98C7CCEF328B276C87257D890059CA16?opendocument
HB15-1226,2015,RS,Retail Food Establishment Fees,BECKER K.,HODGE,http://www.leg.state.co.us/clics/clics2015a/csl.nsf/billsummary/B1BC82203D5B937F87257DCE0054EEDD?opendocument
HB15-1227,2015,RS,Tax Credit For Employers That Pay Student Loans,BECKER K.,HEATH,http://www.leg.state.co.us/clics/clics2015a/csl.nsf/billsummary/6D1B45708A6644C987257D880069501A?opendocument
HB15-1228,2015,RS,Special Fuel Tax On Liquefied Petroleum Gas,MITSCH BUSH; BECKER J.,SCOTT,http://www.leg.state.co.us/clics/clics2015a/csl.nsf/billsummary/5868E03ABB0158EF87257D8E00803A6B?opendocument
HB15-1229,2015,RS,Retaliation Against A Prosecutor,MCCANN,MARTINEZ HUMENIK,http://www.leg.state.co.us/clics/clics2015a/csl.nsf/billsummary/08DAA2948820611687257D9A00566264?opendocument
HB15-1230,2015,RS,Innovative Industry Workforce Development Program,LEE; FOOTE,HEATH; COOKE,http://www.leg.state.co.us/clics/clics2015a/csl.nsf/billsummary/9666B9BAB0D679D287257DA1007DF6E4?opendocument
HB15-1231,2015,RS,Enhanced Unemployment Compensation Benefits,ESGAR; KRAFT-THARP,MERRIFIELD; CROWDER,http://www.leg.state.co.us/clics/clics2015a/csl.nsf/billsummary/EF059EF28EE250C287257DCD0000A217?opendocument
HB15-1232,2015,RS,Emergency Use Of Epinephrine Auto-injectors,GINAL; LANDGRAF,TODD; MARTINEZ HUMENIK,http://www.leg.state.co.us/clics/clics2015a/csl.nsf/billsummary/E2341432D448533387257DCF00686055?opendocument
HB15-1233,2015,RS,Respite Care Study Task Force,LANDGRAF,AGUILAR,http://www.leg.state.co.us/clics/clics2015a/csl.nsf/billsummary/8661874196BBFB5E87257D88006E93D3?opendocument
HB15-1234,2015,RS,Income Tax Deduction For Leasing Out Ag Asset,MITSCH BUSH,SONNENBERG,http://www.leg.state.co.us/clics/clics2015a/csl.nsf/billsummary/2C2A0FB2D7AD99B787257DB300697D3D?opendocument
HB15-1235,2015,RS,Colorado Retirement Security Task Force,BUCKNER; PETTERSEN,STEADMAN; TODD,http://www.leg.state.co.us/clics/clics2015a/csl.nsf/billsummary/B0AE622D5919679A87257DBE005DCCEF?opendocument
HB15-1236,2015,RS,Tax Credit For Improving Energy Efficiency,WINTER,MARTINEZ HUMENIK; DONOVAN,http://www.leg.state.co.us/clics/clics2015a/csl.nsf/billsummary/AA5AB960EE8AA1C787257DC80077DA0C?opendocument
HB15-1237,2015,RS,Prepay Postage For Mail Ballots,RYDEN,,http://www.leg.state.co.us/clics/clics2015a/csl.nsf/billsummary/BE948EAFFF5B9C6387257DCF00692AF8?opendocument
HB15-1238,2015,RS,Tax Credit Preceptors Health Profl Shortage Areas,BUCK,COOKE,http://www.leg.state.co.us/clics/clics2015a/csl.nsf/billsummary/28B8E41308B6B34087257D8800737A2C?opendocument
HB15-1239,2015,RS,Exempt Denver Health & Hosp Postemployment Comp,MCCANN; LONTINE,STEADMAN,http://www.leg.state.co.us/clics/clics2015a/csl.nsf/billsummary/5D8EE4C5A87F527187257DD50059D601?opendocument
HB15-1240,2015,RS,Reduce Student Contacts With Law Enforcement,FIELDS,BALMER,http://www.leg.state.co.us/clics/clics2015a/csl.nsf/billsummary/BD100A6D21D1C34187257DD3006B812D?opendocument
HB15-1241,2015,RS,Changes To Contents Of Criminal Summons,LONTINE,GUZMAN,http://www.leg.state.co.us/clics/clics2015a/csl.nsf/billsummary/5DD6FDE07462980C87257DCF00676145?opendocument
HB15-1242,2015,RS,Patient Caregiver Designation Hospital Requirement,DANIELSON,AGUILAR,http://www.leg.state.co.us/clics/clics2015a/csl.nsf/billsummary/5211AB70BF99669687257DCC005B191F?opendocument
HB15-1243,2015,RS,Parks Wildlife Trust Funds Spend Mitigation Moneys,VIGIL,SONNENBERG,http://www.leg.state.co.us/clics/clics2015a/csl.nsf/billsummary/5497B6A74103754087257DDC00533177?opendocument
HB15-1244,2015,RS,Cork & Carry Wine From Liquor-licensed Club,SINGER; NORDBERG,JAHN; LUNDBERG,http://www.leg.state.co.us/clics/clics2015a/csl.nsf/billsummary/F5C7DA0D698F449C87257DD3006D4185?opendocument
HB15-1245,2015,RS,Bd Of Land Commns Use Fund For Maintenance Costs,VIGIL,SONNENBERG,http://www.leg.state.co.us/clics/clics2015a/csl.nsf/billsummary/5EE5C907B1F2F28F87257DDC00517A39?opendocument
HB15-1246,2015,RS,Crowdfund Intrastate Securities On-line,LEE; PABON,SCHEFFEL; HILL,http://www.leg.state.co.us/clics/clics2015a/csl.nsf/billsummary/501F420ABE457C9087257DA1007E4FB0?opendocument
HB15-1247,2015,RS,State Engineer Dam Safety Review Fees,SAINE,NEVILLE T.,http://www.leg.state.co.us/clics/clics2015a/csl.nsf/billsummary/940D2AE0AD5AC08F87257DDA006A0340?opendocument
HB15-1248,2015,RS,Child Welfare Check Potential Foster Parents,SINGER,HILL,http://www.leg.state.co.us/clics/clics2015a/csl.nsf/billsummary/B8DA6EA368D866B587257DA200723E6E?opendocument
HB15-1249,2015,RS,Recodify Water Pollution Control Fees,BECKER K.,HODGE,http://www.leg.state.co.us/clics/clics2015a/csl.nsf/billsummary/9B1D22E5F6FF0E7887257DD500565A30?opendocument
HB15-1250,2015,RS,Explore Performance-based Utility Regulation,TYLER,JONES,http://www.leg.state.co.us/clics/clics2015a/csl.nsf/billsummary/FA7A5533EC14788887257DA1007E6760?opendocument
HB15-1251,2015,RS,PERA & Denver Pub Sch 5 Year True-up,COURT; WILSON,KERR,http://www.leg.state.co.us/clics/clics2015a/csl.nsf/billsummary/E6C47FB8C8A75DC687257D8800740477?opendocument
HB15-1252,2015,RS,Extend Healthy Rivers Fund Voluntary Contribution,MITSCH BUSH,SONNENBERG,http://www.leg.state.co.us/clics/clics2015a/csl.nsf/billsummary/447CC08EAAD238DE87257DDB005C4312?opendocument
HB15-1253,2015,RS,Colorado Uniform Voidable Transactions Act,LEE,,http://www.leg.state.co.us/clics/clics2015a/csl.nsf/billsummary/B2749A494F0E100887257DB700039EBF?opendocument
HB15-1254,2015,RS,Higher Education Funding Appropriations Clean Up,HAMNER,LAMBERT,http://www.leg.state.co.us/clics/clics2015a/csl.nsf/billsummary/A0754AEC5C00039587257DE400579564?opendocument
HB15-1255,2015,RS,Prohibited Use Of Elec Benefits Transfer Cards,DORE; PABON,GRANTHAM; JAHN,http://www.leg.state.co.us/clics/clics2015a/csl.nsf/billsummary/E6DA3BCB1738654487257D8800677DFD?opendocument
HB15-1256,2015,RS,Classification Of Routt County To Category II,MITSCH BUSH,BAUMGARDNER,http://www.leg.state.co.us/clics/clics2015a/csl.nsf/billsummary/4545D36FE0DDB4DB87257DEB0077179C?opendocument
HB15-1257,2015,RS,Elim Penalty To Increase Compliance Cigarette Sale,BECKER K.; PRIOLA,HODGE,http://www.leg.state.co.us/clics/clics2015a/csl.nsf/billsummary/0BC29B171C2F295A87257DDC00571EBB?opendocument
HB15-1258,2015,RS,FAMLI Insurance Program Wage Replacement,WINTER; SALAZAR,ULIBARRI,http://www.leg.state.co.us/clics/clics2015a/csl.nsf/billsummary/20E930D993F78A7F87257DAA007A9C64?opendocument
HB15-1259,2015,RS,Residential Precipitation Collection Rain Barrels,ESGAR; DANIELSON,MERRIFIELD,http://www.leg.state.co.us/clics/clics2015a/csl.nsf/billsummary/813E9EB5544A1CC787257DDD00649752?opendocument
HB15-1260,2015,RS,Change Wildfire Mitigation Tax Deduction To Credit,LEE,SCOTT,http://www.leg.state.co.us/clics/clics2015a/csl.nsf/billsummary/CEC4516F27EA94F687257DD5005926D7?opendocument
HB15-1261,2015,RS,Maximum Reserve For Cash Funds With Fee Revenue,YOUNG,GRANTHAM; STEADMAN,http://www.leg.state.co.us/clics/clics2015a/csl.nsf/billsummary/CA913C08A512ACC687257DCD000A3124?opendocument
HB15-1262,2015,RS,Contractual Joint Governmental Entity Powers,ROSENTHAL,BALMER,http://www.leg.state.co.us/clics/clics2015a/csl.nsf/billsummary/FFEE852F3C613C8587257DDD0065A5A4?opendocument
HB15-1263,2015,RS,Criminal Record Sealing,LEBSOCK; TATE,,http://www.leg.state.co.us/clics/clics2015a/csl.nsf/billsummary/D39FD289F9E2D0CA87257DA20052421A?opendocument
HB15-1264,2015,RS,Homeless Persons' Bill Of Rights,SALAZAR; MELTON,KEFALAS,http://www.leg.state.co.us/clics/clics2015a/csl.nsf/billsummary/F791C9CA8489202C87257DDC0054FE04?opendocument
HB15-1265,2015,RS,Gender Identification On Birth Certificates,MORENO,ULIBARRI,http://www.leg.state.co.us/clics/clics2015a/csl.nsf/billsummary/7D3C15186824748187257DCC005BB843?opendocument
HB15-1266,2015,RS,Information Technology Budget Request Process,RANKIN,LAMBERT,http://www.leg.state.co.us/clics/clics2015a/csl.nsf/billsummary/D5DE4B9CA2B2C8FE87257DCD000A58CA?opendocument
HB15-1267,2015,RS,Use Of Medical Marijuana During Probation,SALAZAR,GUZMAN,http://www.leg.state.co.us/clics/clics2015a/csl.nsf/billsummary/DF49D6EFF0D96F3387257DCB0060B6CD?opendocument
HB15-1268,2015,RS,CO9To25 Youth Development Council,MCCANN,JOHNSTON,http://www.leg.state.co.us/clics/clics2015a/csl.nsf/billsummary/9A7231CE1BD48EA187257D9A0056C658?opendocument
HB15-1269,2015,RS,Transfer Persons To And From Correctional Facility,MCCANN; GINAL,GRANTHAM,http://www.leg.state.co.us/clics/clics2015a/csl.nsf/billsummary/F5C0C2C7A40B60FF87257DCB005E3BBB?opendocument
HB15-1270,2015,RS,Pathways In Technology Early College High Schools,DURAN; FOOTE,TODD; WOODS,http://www.leg.state.co.us/clics/clics2015a/csl.nsf/billsummary/B188AFAD6D36862487257DDC005B3932?opendocument
HB15-1271,2015,RS,Mobile Learning Labs Workforce Development,LONTINE; HAMNER,MARBLE; DONOVAN,http://www.leg.state.co.us/clics/clics2015a/csl.nsf/billsummary/4C966DCFF51B589387257DFD0079B23E?opendocument
HB15-1272,2015,RS,Timely Filed Claims Not Barred By Laches,ESGAR,HOLBERT,http://www.leg.state.co.us/clics/clics2015a/csl.nsf/billsummary/6DE8F60CB5EC5F6A87257DF7006C4F6A?opendocument
HB15-1273,2015,RS,Comprehensive School Discipline Reporting,LAWRENCE,NEWELL,http://www.leg.state.co.us/clics/clics2015a/csl.nsf/billsummary/82B5C17029697AF987257D87006D4B02?opendocument
HB15-1274,2015,RS,Creation Of Career Pathways For Students,GARNETT; MELTON,KERR; WOODS,http://www.leg.state.co.us/clics/clics2015a/csl.nsf/billsummary/929690BCA3C0454787257DFD00764A88?opendocument
HB15-1275,2015,RS,Career & Tech Ed In Concurrent Enrollment,WINTER,HEATH; MARBLE,http://www.leg.state.co.us/clics/clics2015a/csl.nsf/billsummary/E530D97D5A8CEB3787257DCC00828EAD?opendocument
HB15-1276,2015,RS,"Skilled Worker Outreach, Recruitment and Training",PABON; WILLIAMS,COOKE; HEATH,http://www.leg.state.co.us/clics/clics2015a/csl.nsf/billsummary/A5C5762B71D1D80587257D95007DFB54?opendocument
HB15-1277,2015,RS,Species Conservation Trust Fund Projects,VIGIL,SONNENBERG,http://www.leg.state.co.us/clics/clics2015a/csl.nsf/billsummary/6FB7878B8311EA6C87257DDC005406A3?opendocument
HB15-1278,2015,RS,Use Ag Water Rights To Cultivate Marijuana,VIGIL,,http://www.leg.state.co.us/clics/clics2015a/csl.nsf/billsummary/0A4E2E8A9FBEF66987257DE20059FFBB?opendocument
HB15-1279,2015,RS,Regional Ctr Depreciation Acct In Cap Constr Fund,VIGIL,BAUMGARDNER,http://www.leg.state.co.us/clics/clics2015a/csl.nsf/billsummary/DDC5E843100F5E6387257DE3006A8333?opendocument
HB15-1280,2015,RS,Capital Reserve In Certain Cash Funds,YOUNG,GRANTHAM,http://www.leg.state.co.us/clics/clics2015a/csl.nsf/billsummary/4601C8BF407818E587257DF2005D141E?opendocument
HB15-1281,2015,RS,Newborn Heart Defect Screening Pulse Oximetry,PRIMAVERA,HODGE,http://www.leg.state.co.us/clics/clics2015a/csl.nsf/billsummary/D6E4684330F6EE6D87257DC60051FD6A?opendocument
HB15-1282,2015,RS,Crimes Of Deception & Lying In Birth Certificates,SAINE,NEWELL,http://www.leg.state.co.us/clics/clics2015a/csl.nsf/billsummary/21B7AFEEB7BB7E2C87257DE20059A85D?opendocument
HB15-1283,2015,RS,Marijuana Reference Library And Lab Testing Access,LEBSOCK,HOLBERT,http://www.leg.state.co.us/clics/clics2015a/csl.nsf/billsummary/07259E4284CA1D1987257DDC005633F8?opendocument
HB15-1284,2015,RS,Expand Scope Shared Photovoltaic Facilities,WINTER; ROUPE,GRANTHAM; HODGE,http://www.leg.state.co.us/clics/clics2015a/csl.nsf/billsummary/D4BC45A52BD11DFB87257DFF00609D06?opendocument
HB15-1285,2015,RS,Law Enforcement Use Of Body-worn Cameras,KAGAN; WILLIAMS,COOKE; ULIBARRI,http://www.leg.state.co.us/clics/clics2015a/csl.nsf/billsummary/36902F5D9996988A87257DA10061AE0A?opendocument
HB15-1286,2015,RS,Police Misconduct Court Require Prosecution,KAGAN; SALAZAR,ULIBARRI; CARROLL,http://www.leg.state.co.us/clics/clics2015a/csl.nsf/billsummary/01C458BC76926A4B87257DAF00791634?opendocument
HB15-1287,2015,RS,Police Officer Training Improvements,WILLIAMS,COOKE,http://www.leg.state.co.us/clics/clics2015a/csl.nsf/billsummary/ED872EC202C3E1C587257DAF0067DE31?opendocument
HB15-1288,2015,RS,Updates To Profiling Prohibition,WILLIAMS,CARROLL,http://www.leg.state.co.us/clics/clics2015a/csl.nsf/billsummary/F0867809669549D187257D9C00617548?opendocument
HB15-1289,2015,RS,Criminal Charges Based On Unlawful Order,SALAZAR; EVERETT,,http://www.leg.state.co.us/clics/clics2015a/csl.nsf/billsummary/618A35DEABFA173187257DD3005EC92A?opendocument
HB15-1290,2015,RS,Stop Police Interference Cop Incident Recordings,SALAZAR; ESGAR,GUZMAN; BALMER,http://www.leg.state.co.us/clics/clics2015a/csl.nsf/billsummary/1FFB953587DA73B587257DCB005F870B?opendocument
HB15-1291,2015,RS,Prohibit Peace Officer Use Of Chokehold,MELTON,GUZMAN,http://www.leg.state.co.us/clics/clics2015a/csl.nsf/billsummary/2A9F56A05E41EF1887257DA10080FA86?opendocument
HB15-1292,2015,RS,Resentence Juveniles Life Sentence No Parole,KAGAN,,http://www.leg.state.co.us/clics/clics2015a/csl.nsf/billsummary/669141EB7E72322087257DA100629668?opendocument
HB15-1293,2015,RS,Statute Of Limitations Rent Counterclaim,MCCANN,AGUILAR,http://www.leg.state.co.us/clics/clics2015a/csl.nsf/billsummary/DBCCEA0E7857A51587257D9C0000A3E3?opendocument
HB15-1294,2015,RS,Federal Law In-state Tuition For Veterans,LEE; KEYSER,TODD; HILL,http://www.leg.state.co.us/clics/clics2015a/csl.nsf/billsummary/577F944162A8558D87257DF6005981CA?opendocument
HB15-1295,2015,RS,Electrical And Plumbing Inspections By CU,MELTON; PRIOLA,HOLBERT,http://www.leg.state.co.us/clics/clics2015a/csl.nsf/billsummary/0B041FF8930688EC87257DA10081811C?opendocument
HB15-1296,2015,RS,Campus Sexual Assault Task Force,FIELDS; PRIOLA,HILL; NEWELL,http://www.leg.state.co.us/clics/clics2015a/csl.nsf/billsummary/355B09EBFBDB9C6287257DD3006A5B9B?opendocument
HB15-1297,2015,RS,Optometrist Health Insurance Contracts,GINAL; JOSHI,AGUILAR; LUNDBERG,http://www.leg.state.co.us/clics/clics2015a/csl.nsf/billsummary/38A23567AB3C623887257D9B0063B4E2?opendocument
HB15-1298,2015,RS,Warn Pregnant Women Marijuana Risks,SINGER; TATE,NEWELL; MARTINEZ HUMENIK,http://www.leg.state.co.us/clics/clics2015a/csl.nsf/billsummary/2C7AF7629AC39ACA87257DE80053FE58?opendocument
HB15-1299,2015,RS,Compliance Assistance Petroleum Storage Tank Fund,HAMNER; NORDBERG,SCOTT,http://www.leg.state.co.us/clics/clics2015a/csl.nsf/billsummary/79C260BC28B1ABC287257DFF0056499B?opendocument
HB15-1300,2015,RS,Local Government Minimum Wage,MORENO; MELTON,MERRIFIELD,http://www.leg.state.co.us/clics/clics2015a/csl.nsf/billsummary/CE3E4C53072B750687257DA10076BA77?opendocument
HB15-1301,2015,RS,Tobacco Credit Shipped To Out-of-state Consumers,WILLIAMS,GRANTHAM; HILL,http://www.leg.state.co.us/clics/clics2015a/csl.nsf/billsummary/54543562D213B88787257DCC005C4BCF?opendocument
HB15-1302,2015,RS,Assisted Living Facility Admr Continuing Ed,PRIMAVERA,MARTINEZ HUMENIK,http://www.leg.state.co.us/clics/clics2015a/csl.nsf/billsummary/D8B2648681AB4C3587257DE9005A834A?opendocument
HB15-1303,2015,RS,Sentencing For Certain 2nd Degree Assaults,MELTON,LUNDBERG,http://www.leg.state.co.us/clics/clics2015a/csl.nsf/billsummary/45CFDB4FED44849D87257E0A006A9D1F?opendocument
HB15-1304,2015,RS,Bear Control,WILLETT; LEBSOCK,BALMER; SCOTT,http://www.leg.state.co.us/clics/clics2015a/csl.nsf/billsummary/6AEDD10B188F38DC87257DE8005579B3?opendocument
HB15-1305,2015,RS,Unlawful Manufacture Marijuana Concentrate,FOOTE; WILLETT,GRANTHAM; JOHNSTON,http://www.leg.state.co.us/clics/clics2015a/csl.nsf/billsummary/17260CEA578E7CAB87257D880070CDB0?opendocument
HB15-1306,2015,RS,Business Opportunity Study,WILLIAMS; SALAZAR,CROWDER; GUZMAN,http://www.leg.state.co.us/clics/clics2015a/csl.nsf/billsummary/E4DE0226EFA87BC387257D9C00608436?opendocument
HB15-1307,2015,RS,Mod Def Preserve Historic Structures Tax Credit ,ESGAR,STEADMAN,http://www.leg.state.co.us/clics/clics2015a/csl.nsf/billsummary/D88A91280B70B0A987257DFC006347A4?opendocument
HB15-1308,2015,RS,Adjust Leg Branch Responsibilitites In SMART Act,MORENO; LAWRENCE,LUNDBERG; HEATH,http://www.leg.state.co.us/clics/clics2015a/csl.nsf/billsummary/520B1F2629D8C94187257DFD007A4FB3?opendocument
HB15-1309,2015,RS,Protective Restorations By Dental Hygienists,GINAL,CROWDER,http://www.leg.state.co.us/clics/clics2015a/csl.nsf/billsummary/348989086C3C57E687257DC8006D54C7?opendocument
HB15-1310,2015,RS,Div Parks & Wildlife Acquire Real Property,RANKIN,BAUMGARDNER,http://www.leg.state.co.us/clics/clics2015a/csl.nsf/billsummary/65520D23EAC1F63087257DF6005BE644?opendocument
HB15-1311,2015,RS,Public Trustee Send Information On Foreclosure,MCCANN,ULIBARRI,http://www.leg.state.co.us/clics/clics2015a/csl.nsf/billsummary/16733387E8C14E7887257D8800619DDC?opendocument
HB15-1312,2015,RS,DNA Collection Misdemeanor Convictions,PABON; LAWRENCE,COOKE; JOHNSTON,http://www.leg.state.co.us/clics/clics2015a/csl.nsf/billsummary/103BF8F6DAECC02087257D8800718255?opendocument
HB15-1313,2015,RS,Rocky Mountain National Park License Plate,BECKER K.,BAUMGARDNER,http://www.leg.state.co.us/clics/clics2015a/csl.nsf/billsummary/F1B456597F74263687257E070054DB61?opendocument
HB15-1314,2015,RS,Endowment Or Insitutional Fund Gift Tax Credit,MORENO,,http://www.leg.state.co.us/clics/clics2015a/csl.nsf/billsummary/599FB112B3C2288687257DFE005EB245?opendocument
HB15-1315,2015,RS,Support For Veterans Service Officers,RYDEN,CROWDER,http://www.leg.state.co.us/clics/clics2015a/csl.nsf/billsummary/08EF8F8C41152F3C87257DF6005C9E27?opendocument
HB15-1316,2015,RS,PUC Simplified Process For Taxicab Certificates,LEBSOCK; THURLOW,HILL; ULIBARRI,http://www.leg.state.co.us/clics/clics2015a/csl.nsf/billsummary/1678F2B667EFC16487257E0B004C91DB?opendocument
HB15-1317,2015,RS,Pay For Success Contracts,GARNETT; RANKIN,JOHNSTON; MARTINEZ HUMENIK,http://www.leg.state.co.us/clics/clics2015a/csl.nsf/billsummary/94BEEEC275DCAF3E87257DAF0055C674?opendocument
HB15-1318,2015,RS,Consolidate Intellectual And Dev Disab Waivers,YOUNG,GRANTHAM,http://www.leg.state.co.us/clics/clics2015a/csl.nsf/billsummary/7241492CCA14C0DD87257DD9005EEC6F?opendocument
HB15-1319,2015,RS,PUC Membership Geographic Representation,ESGAR,GARCIA,http://www.leg.state.co.us/clics/clics2015a/csl.nsf/billsummary/FCAC9AF620F7D88287257DB000524E05?opendocument
HB15-1320,2015,RS,Agricultural Market Development Grants,YOUNG; ARNDT,GRANTHAM,http://www.leg.state.co.us/clics/clics2015a/csl.nsf/billsummary/83C48CE1C2AA3ED287257DA1006BD704?opendocument
HB15-1321,2015,RS,Flexibility & Funding For Rural School Districts,PETTERSEN; WILSON,GRANTHAM; DONOVAN,http://www.leg.state.co.us/clics/clics2015a/csl.nsf/billsummary/4F2805BBEC7CAFED87257E0C0052EAF3?opendocument
HB15-1322,2015,RS,Study Of Local Ed Provider Data Reporting Reqmnts,PETTERSEN; WILSON,,http://www.leg.state.co.us/clics/clics2015a/csl.nsf/billsummary/B870AF8A0DA00E2287257E12004D200A?opendocument
HB15-1323,2015,RS,Changes To Assessments In Public Schools,BUCKNER; WILSON,HOLBERT; KERR,http://www.leg.state.co.us/clics/clics2015a/csl.nsf/billsummary/6077533F3230E99987257DDD0063C412?opendocument
HB15-1324,2015,RS,Implementing Student Learning Objectives Processes,YOUNG; DANIELSON,SCOTT; KERR,http://www.leg.state.co.us/clics/clics2015a/csl.nsf/billsummary/DB1A335479255C0387257DA1006B1B40?opendocument
HB15-1325,2015,RS,Industrial Hemp Dept of Ag,LEBSOCK,MARBLE,http://www.leg.state.co.us/clics/clics2015a/csl.nsf/billsummary/98C828B1AD7F1EF287257DF2007EA93B?opendocument
HB15-1326,2015,RS,Student Not Affected By Dist Accreditation Status,MORENO; ESGAR,GARCIA,http://www.leg.state.co.us/clics/clics2015a/csl.nsf/billsummary/0E1486096972EA6787257DA100767DF5?opendocument
HB15-1327,2015,RS,Limit Proxy Marriages To Military & Contractors,GINAL; ROUPE,GARCIA; COOKE,http://www.leg.state.co.us/clics/clics2015a/csl.nsf/billsummary/89141A735DBCD9D487257DF2007F9259?opendocument
HB15-1328,2015,RS,Background Checks For Youth Sports Orgs,SINGER,HEATH,http://www.leg.state.co.us/clics/clics2015a/csl.nsf/billsummary/3D4787D00B1B9E1B87257DE80054A38E?opendocument
HB15-1329,2015,RS,Off-highway Vehicle Task Force,BROWN; COURT,DONOVAN; ROBERTS,http://www.leg.state.co.us/clics/clics2015a/csl.nsf/billsummary/6789B8F25F5C4C2C87257DF7007EEF6F?opendocument
HB15-1330,2015,RS,Social Cost Of Carbon In Certain Fiscal Notes,FOOTE,,http://www.leg.state.co.us/clics/clics2015a/csl.nsf/billsummary/9C1C0E588691B7A387257DA1006C1335?opendocument
HB15-1331,2015,RS,Colorado Overtime Fairness For Employees Act,TYLER,MERRIFIELD,http://www.leg.state.co.us/clics/clics2015a/csl.nsf/billsummary/DFB3D3897D2756B287257DD3005D51B4?opendocument
HB15-1332,2015,RS,Inc Tax Credit For Distributed Energy Resource Sys,PABON,CROWDER,http://www.leg.state.co.us/clics/clics2015a/csl.nsf/billsummary/E3757EC2812983FE87257DF7006D493D?opendocument
HB15-1333,2015,RS,Regional Ctr Depreciation Acct In Cap Constr Fund,VIGIL,BAUMGARDNER,http://www.leg.state.co.us/clics/clics2015a/csl.nsf/billsummary/0CC7573624F0FD7D87257E0E006223F7?opendocument
HB15-1334,2015,RS,Legislative Oversight Committee On School Finance,HAMNER; RANKIN,HILL; KERR,http://www.leg.state.co.us/clics/clics2015a/csl.nsf/billsummary/8159E5B9DE8895FE87257D9A0055882F?opendocument
HB15-1335,2015,RS,Fiscal Notes For Interim Committee Bills,SIAS,WOODS,http://www.leg.state.co.us/clics/clics2015a/csl.nsf/billsummary/0F171A43359189DE87257E000079A46D?opendocument
HB15-1336,2015,RS,Employment Services For Veterans And Spouses,LEE; FIELDS,CROWDER,http://www.leg.state.co.us/clics/clics2015a/csl.nsf/billsummary/80646A4419A3E07187257DFD00786783?opendocument
HB15-1337,2015,RS,Placement Stability For Children & With Siblings,WILLIAMS,NEWELL,http://www.leg.state.co.us/clics/clics2015a/csl.nsf/billsummary/40A0AA9CBC88636F87257E0400779296?opendocument
HB15-1338,2015,RS,Lifeline Benefits Prog For Discount Wireless Serv,MORENO,,http://www.leg.state.co.us/clics/clics2015a/csl.nsf/billsummary/B37DB6DA04B11E6E87257DF6005A6AC0?opendocument
HB15-1339,2015,RS,School District Financial Transparency Reporting,FIELDS; WILSON,GRANTHAM,http://www.leg.state.co.us/clics/clics2015a/csl.nsf/billsummary/A9B4637233C609CD87257DFE00631B04?opendocument
HB15-1340,2015,RS,Extend Multiple Sclerosis Check-off,WINTER; BUCK,MARTINEZ HUMENIK; NEWELL,http://www.leg.state.co.us/clics/clics2015a/csl.nsf/billsummary/01CABF5660C6FE1287257E040077FBAF?opendocument
HB15-1341,2015,RS,Increase Penalty Sexual Exploitation Of Child,CONTI; FIELDS,COOKE; JOHNSTON,http://www.leg.state.co.us/clics/clics2015a/csl.nsf/billsummary/783DD7B0A65A38DD87257DEB0075470E?opendocument
HB15-1342,2015,RS,Personnel File Right Of Inspection,SALAZAR,,http://www.leg.state.co.us/clics/clics2015a/csl.nsf/billsummary/C0F5B0A1176AC92187257DFC0062242A?opendocument
HB15-1343,2015,RS,Streamline HOA Manager Licensing Reqmnts,WILLIAMS; THURLOW,TODD; BALMER,http://www.leg.state.co.us/clics/clics2015a/csl.nsf/billsummary/299025976830E73787257E040076EA37?opendocument
HB15-1344,2015,RS,Fund Natl Western Ctr & Capitol Complex Projects,DURAN; BECKER J.,SONNENBERG; STEADMAN,http://www.leg.state.co.us/clics/clics2015a/csl.nsf/billsummary/70D497CB3C3890EC87257DDC005BA63F?opendocument
HB15-1345,2015,RS,Low-speed Electric Three-wheel Motorcycle,ROSENTHAL,NEVILLE T.,http://www.leg.state.co.us/clics/clics2015a/csl.nsf/billsummary/0FFBE59D54FCD72C87257E0400767750?opendocument
HB15-1346,2015,RS,Taxation Of Corp Income Sheltered In Tax Haven,FOOTE; PETTERSEN,JONES; TODD,http://www.leg.state.co.us/clics/clics2015a/csl.nsf/billsummary/0A7CE4EB84801F1C87257DB3007F775C?opendocument
HB15-1347,2015,RS,Middle Class College Savings Act,PETTERSEN; YOUNG,MERRIFIELD; TODD,http://www.leg.state.co.us/clics/clics2015a/csl.nsf/billsummary/739F76E5BBC44D1087257E0C005A17E5?opendocument
HB15-1348,2015,RS,Urban Redevelopment Fairness Act,HULLINGHORST; LAWRENCE,HEATH; BALMER,http://www.leg.state.co.us/clics/clics2015a/csl.nsf/billsummary/880B0372A2EB282A87257DB300717FF8?opendocument
HB15-1349,2015,RS,Grow Your Own Teacher A Colorado Initiative,FIELDS,ULIBARRI,http://www.leg.state.co.us/clics/clics2015a/csl.nsf/billsummary/5B7597D7F90642C687257E040073082B?opendocument
HB15-1350,2015,RS,Review Performance Rules Alternative Educ Campuses,PETTERSEN,HILL,http://www.leg.state.co.us/clics/clics2015a/csl.nsf/billsummary/FEA22933254C941687257DFE0060E561?opendocument
HB15-1351,2015,RS,Limitation On Mental Health Disciplinary Actions,MELTON,MARBLE,http://www.leg.state.co.us/clics/clics2015a/csl.nsf/billsummary/7305161B4693CA2087257E050070DBB7?opendocument
HB15-1352,2015,RS,Naturopathic Doctor Formulary Changes,GINAL; CONTI,CROWDER; NEWELL,http://www.leg.state.co.us/clics/clics2015a/csl.nsf/billsummary/F36217B767136D1787257E0C0053AD0D?opendocument
HB15-1353,2015,RS,Continue Regulation Elevator Conveyances,GARNETT,MARTINEZ HUMENIK,http://www.leg.state.co.us/clics/clics2015a/csl.nsf/billsummary/A2B1E78AB96F807487257E15006E2034?opendocument
HB15-1354,2015,RS,Selection Of Candidates By Primary Elections,MORENO,,http://www.leg.state.co.us/clics/clics2015a/csl.nsf/billsummary/29371457DAE40BB787257DA10076E568?opendocument
HB15-1355,2015,RS,Family History Access Birth & Personal Records,SAINE; SINGER,MARBLE; NEWELL,http://www.leg.state.co.us/clics/clics2015a/csl.nsf/billsummary/0461AEB1DB4B5FE287257E070055EEAA?opendocument
HB15-1356,2015,RS,State Authority Immigration Enforcement,SALAZAR,GUZMAN,http://www.leg.state.co.us/clics/clics2015a/csl.nsf/billsummary/86F838299A7D7C5087257DFC0060E8C8?opendocument
HB15-1357,2015,RS,Assessment Ratio For Residential Real Property,COURT; DELGROSSO,NEVILLE T.; JOHNSTON,http://www.leg.state.co.us/clics/clics2015a/csl.nsf/billsummary/914977370A33663587257E06006049BE?opendocument
HB15-1358,2015,RS,Differential Response Program Abuse And Neglect,SINGER,LUNDBERG; KEFALAS,http://www.leg.state.co.us/clics/clics2015a/csl.nsf/billsummary/AA7AB2A4A0D61AF087257E12004DCE42?opendocument
HB15-1359,2015,RS,Savings Program For Persons With Disabilities,DANIELSON; LANDGRAF,KEFALAS; MARTINEZ HUMENIK,http://www.leg.state.co.us/clics/clics2015a/csl.nsf/billsummary/1948CC1F1760772987257DF2007D6904?opendocument
HB15-1360,2015,RS,Acupuncturists Practice Injection Therapy,GINAL,LUNDBERG,http://www.leg.state.co.us/clics/clics2015a/csl.nsf/billsummary/3774D0765F8DDA2787257E12004E6689?opendocument
HB15-1361,2015,RS,No Cap Grant Dollar Amounts Tony Grampsas Prog,MORENO; DELGROSSO,,http://www.leg.state.co.us/clics/clics2015a/csl.nsf/billsummary/12E826DFCB13E45287257E1A004E6739?opendocument
HB15-1362,2015,RS,Remove Budget Reporting Exemption HOAs Predate Act,MELTON,CARROLL,http://www.leg.state.co.us/clics/clics2015a/csl.nsf/billsummary/201BE4E2ECEB126B87257E1F006EBE0A?opendocument
HB15-1363,2015,RS,Infrastructure Resistance To EMP & Solar Flare,GINAL,HILL,http://www.leg.state.co.us/clics/clics2015a/csl.nsf/billsummary/9A1A71BB497C672887257D870082F6C9?opendocument
HB15-1364,2015,RS,Limited Scope Inspections Hydroelectric Projects,CORAM; MITSCH BUSH,SONNENBERG; DONOVAN,http://www.leg.state.co.us/clics/clics2015a/csl.nsf/billsummary/B85A37C3B98BFAFD87257E0C005E35F7?opendocument
HB15-1365,2015,RS,Add Youth Members To Tony Grampsas Board,MCCANN,CROWDER,http://www.leg.state.co.us/clics/clics2015a/csl.nsf/billsummary/0F7F5B4ABC78622F87257E0C005812A6?opendocument
HB15-1366,2015,RS,Expand Job Growth Tax Credit For Higher Ed Project,PABON; WILLETT,BALMER,http://www.leg.state.co.us/clics/clics2015a/csl.nsf/billsummary/DAB9624CC90E3CF787257DFE0060189E?opendocument
HB15-1367,2015,RS,Retail Marijuana Taxes,HAMNER,STEADMAN,http://www.leg.state.co.us/clics/clics2015a/csl.nsf/billsummary/FCAB1D02C46689D687257E27007DAC7E?opendocument
HB15-1368,2015,RS,Cross-system Response Pilot Intellectual Dev Disab,YOUNG,GRANTHAM,http://www.leg.state.co.us/clics/clics2015a/csl.nsf/billsummary/D44B1CB4ED61DB6E87257E0600731B61?opendocument
HB15-1369,2015,RS,Define Tuition Status Unaccompanied Homeless Youth,PETTERSEN; ESGAR,KERR,http://www.leg.state.co.us/clics/clics2015a/csl.nsf/billsummary/60833E63FAF3816787257E0C005A8B4B?opendocument
HB15-1370,2015,RS,Auditor Access To Confidential County Records,PRIMAVERA,GUZMAN; NEVILLE T.,http://www.leg.state.co.us/clics/clics2015a/csl.nsf/billsummary/655BF9D07F9B342987257E26004D0D9E?opendocument
HB15-1371,2015,RS,Exempt Lawyer Trust Acct Funds From Unclaimed Prop,PABON; WILLETT,JOHNSTON,http://www.leg.state.co.us/clics/clics2015a/csl.nsf/billsummary/E8C93CC9FADE325A87257E14006D63C6?opendocument
HB15-1372,2015,RS,Raise The Public Utility Fee Cap,TYLER; BECKER J.,HEATH; BALMER,http://www.leg.state.co.us/clics/clics2015a/csl.nsf/billsummary/6270321DB444FDFC87257E1B00541987?opendocument
HB15-1373,2015,RS,Provisional Speech-language Pathology Certificate,SINGER,AGUILAR,http://www.leg.state.co.us/clics/clics2015a/csl.nsf/billsummary/C6DE21C154EC331B87257E2600503840?opendocument
HB15-1374,2015,RS,Option To Invest TABOR Refund In State Services,COURT; MCCANN,STEADMAN,http://www.leg.state.co.us/clics/clics2015a/csl.nsf/billsummary/AA127FACE2C69B4A87257E2600515632?opendocument
HB15-1375,2015,RS,Ladder Safety,SINGER,CROWDER,http://www.leg.state.co.us/clics/clics2015a/csl.nsf/billsummary/1334F0C660F97A7D87257DF7006D9EEE?opendocument
HB15-1376,2015,RS,Implement HOA Info Office Study Recommendations,RYDEN,TODD,http://www.leg.state.co.us/clics/clics2015a/csl.nsf/billsummary/2A3CCCC4512E45A787257E1F006E814A?opendocument
HB15-1377,2015,RS,Shared Renewable Generation Facilities For REAs ,MORENO; BECKER J.,GRANTHAM; DONOVAN,http://www.leg.state.co.us/clics/clics2015a/csl.nsf/billsummary/0DF6315FBBBB34CF87257E1500713944?opendocument
HB15-1378,2015,RS,Vehicle Registration Number Disability Benefit,YOUNG; BROWN,AGUILAR; GRANTHAM,http://www.leg.state.co.us/clics/clics2015a/csl.nsf/billsummary/22397EA5404CC3AC87257E27006F8E0A?opendocument
HB15-1379,2015,RS,Marijuana Permitted Economic Interest Registration,PABON,HILL,http://www.leg.state.co.us/clics/clics2015a/csl.nsf/billsummary/F4E591D3CC0BC35487257E26004F5119?opendocument
HB15-1380,2015,RS,State Fin Incentives Watershed Health,BECKER K.; VIGIL,CROWDER,http://www.leg.state.co.us/clics/clics2015a/csl.nsf/billsummary/4CDA435F70DC745887257DF2007CC7C7?opendocument
HB15-1381,2015,RS,Office Of Consumer Counsel Continuation,ESGAR; WINTER,GARCIA,http://www.leg.state.co.us/clics/clics2015a/csl.nsf/billsummary/E6DB7A4D8638B98187257DCD00011557?opendocument
HB15-1382,2015,RS,Work Force Innovation And Opportunity Act,DURAN; DELGROSSO,HEATH; MARTINEZ HUMENIK,http://www.leg.state.co.us/clics/clics2015a/csl.nsf/billsummary/1A77895B092C385487257E1B006990BF?opendocument
HB15-1383,2015,RS,Modifications Low-income Housing Tax Credit,TYLER; BECKER K.,ULIBARRI,http://www.leg.state.co.us/clics/clics2015a/csl.nsf/billsummary/2C121B82196E26E687257E1B0053BEF4?opendocument
HB15-1384,2015,RS,Funding Affordable Housing,TYLER; ESGAR,ULIBARRI,http://www.leg.state.co.us/clics/clics2015a/csl.nsf/billsummary/174F3D37139C819487257DFF005516FF?opendocument
HB15-1385,2015,RS,Review Process New Multi-family Attached Housing,TYLER; KRAFT-THARP,ULIBARRI,http://www.leg.state.co.us/clics/clics2015a/csl.nsf/billsummary/6F19A614ADA27E3687257E0C005C75AE?opendocument
HB15-1386,2015,RS,Align Recycling & Machine Tool Tax Exemptions,SINGER; PRIOLA,SCOTT; HEATH,http://www.leg.state.co.us/clics/clics2015a/csl.nsf/billsummary/044B3890F03BCF5E87257E1A004EF871?opendocument
HB15-1387,2015,RS,End Transfer Of Med Marijuana To Retail Marijuana,PABON; RANKIN,STEADMAN; LAMBERT,http://www.leg.state.co.us/clics/clics2015a/csl.nsf/billsummary/1BBD229EEDA0A1ED87257DF6005B78AA?opendocument
HB15-1388,2015,RS,SCORE Act For PERA Pension Obligation Bonds,PABON; RANKIN,KERR,http://www.leg.state.co.us/clics/clics2015a/csl.nsf/billsummary/20DF316830F1208F87257D8800726340?opendocument
HB15-1389,2015,RS,Create New Hospital Provider Fee Enterprise,HULLINGHORST; COURT,STEADMAN,http://www.leg.state.co.us/clics/clics2015a/csl.nsf/billsummary/73B94609F86F73F187257D9500041B7B?opendocument
HB15-1390,2015,RS,Consumer Credit Finance Charges,MELTON; TATE,HOLBERT; JAHN,http://www.leg.state.co.us/clics/clics2015a/csl.nsf/billsummary/D547E2F0B89CAF9A87257DFE00628442?opendocument
HB15-1391,2015,RS,PERA & Denver Pub Sch 5 Year True-up,COURT; WILSON,STEADMAN,http://www.leg.state.co.us/clics/clics2015a/csl.nsf/billsummary/56E39DC4E4649CC687257E380017F109?opendocument
HB15-1392,2015,RS,Payroll Sys To Pay State Employees Twice A Month,YOUNG; TATE,NEWELL; NEVILLE T.,http://www.leg.state.co.us/clics/clics2015a/csl.nsf/billsummary/C904C1156EFD3D1387257E360068AFBE?opendocument
SB15-001,2015,RS,Excess State Revenues Refund Mechanism,CADMAN,LUNDEEN,http://www.leg.state.co.us/clics/clics2015a/csl.nsf/billsummary/07EE9F0CE638CE3D87257DC1008081E2?opendocument
SB15-002,2015,RS,Extend Report Date Statewide Radio Communication,ROBERTS,BROWN,http://www.leg.state.co.us/clics/clics2015a/csl.nsf/billsummary/0D390F8BB606C9E487257D88005C8B09?opendocument
SB15-003,2015,RS,Ed Evaluations Fifty Percent Academic Growth,MERRIFIELD,,http://www.leg.state.co.us/clics/clics2015a/csl.nsf/billsummary/075B14812DBF722787257DAA0056FA51?opendocument
SB15-004,2015,RS,CASA Volunteer For Youth In A Truancy Proceeding,JAHN,PRIMAVERA,http://www.leg.state.co.us/clics/clics2015a/csl.nsf/billsummary/61E2EF059D0E557F87257DA100781013?opendocument
SB15-005,2015,RS,Medical Testing For 1st Degree Assault,COOKE,FOOTE,http://www.leg.state.co.us/clics/clics2015a/csl.nsf/billsummary/C3FFE6CC7CF9EFFC87257D9500039B67?opendocument
SB15-006,2015,RS,Prohibit Forfeitures Without Criminal Conviction,WOODS,SAINE,http://www.leg.state.co.us/clics/clics2015a/csl.nsf/billsummary/DF03013FE07EB2C687257D8E0061D602?opendocument
SB15-007,2015,RS,Community Corrections Board Standards,GUZMAN,WILLETT,http://www.leg.state.co.us/clics/clics2015a/csl.nsf/billsummary/C6F2DC7DCF1C8F6E87257D940066F2EF?opendocument
SB15-008,2015,RS,Promote Water Conservation In Land Use Planning,ROBERTS,VIGIL,http://www.leg.state.co.us/clics/clics2015a/csl.nsf/billsummary/333C043EE909D1F787257D880053AEAB?opendocument
SB15-009,2015,RS,Public Building Woody Biomass Energy Grant Program,JONES,HAMNER,http://www.leg.state.co.us/clics/clics2015a/csl.nsf/billsummary/4059201644B0567287257D8800587C0B?opendocument
SB15-010,2015,RS,Repeal New Augmentation Standard Dawson Aquifer,HODGE,MITSCH BUSH,http://www.leg.state.co.us/clics/clics2015a/csl.nsf/billsummary/C1A01507D5961EE087257D880054280A?opendocument
SB15-011,2015,RS,Pilot Prog Spinal Cord Injury Alternative Medicine,TODD,PRIMAVERA,http://www.leg.state.co.us/clics/clics2015a/csl.nsf/billsummary/82EA5BA0E99B089587257D87007C1F00?opendocument
SB15-012,2015,RS,Colorado Works Pass-through Child Support Payment,KEFALAS,PETTERSEN,http://www.leg.state.co.us/clics/clics2015a/csl.nsf/billsummary/4ADFE98E1C08D75287257D880051E2F6?opendocument
SB15-013,2015,RS,Extend Deadline For Dog Protection Act,BALMER,COURT; CORAM,http://www.leg.state.co.us/clics/clics2015a/csl.nsf/billsummary/AA9537A97684326387257D8800673BEC?opendocument
SB15-014,2015,RS,Medical Marijuana,AGUILAR,SINGER,http://www.leg.state.co.us/clics/clics2015a/csl.nsf/billsummary/0ED62D6F925F8BE487257D880052D1B2?opendocument
SB15-015,2015,RS,Mental Health Parity For Autism Spectrum Disorders,KEFALAS,PRIMAVERA,http://www.leg.state.co.us/clics/clics2015a/csl.nsf/billsummary/9F91A47BEC6E75F487257D9C007FD93C?opendocument
SB15-016,2015,RS,Marriages By Individuals In Civil Unions,STEADMAN,,http://www.leg.state.co.us/clics/clics2015a/csl.nsf/billsummary/5DCB6BE1E485E2D087257D89005DC4D3?opendocument
SB15-017,2015,RS,Appellate Process For Decisions About Groundwater,JONES,CORAM,http://www.leg.state.co.us/clics/clics2015a/csl.nsf/billsummary/FCA7994E46C8CDA087257D88005643D5?opendocument
SB15-018,2015,RS,Repeal Late Vehicle Registration Fee,NEVILLE T.,NEVILLE P.,http://www.leg.state.co.us/clics/clics2015a/csl.nsf/billsummary/6A3C0B6225DA878987257D900058566C?opendocument
SB15-019,2015,RS,Health Exchange Audit,SONNENBERG; JAHN,NORDBERG,http://www.leg.state.co.us/clics/clics2015a/csl.nsf/billsummary/65A6211DFE0D17CF87257DAA005BDBFB?opendocument
SB15-020,2015,RS,Education To Prevent Child Sexual Abuse & Assault,NEWELL,MCCANN,http://www.leg.state.co.us/clics/clics2015a/csl.nsf/billsummary/87BE02C55FA25F4287257DA20054F2B5?opendocument
SB15-021,2015,RS,Interstate Pest Control Compact Repeal,BAUMGARDNER,VIGIL,http://www.leg.state.co.us/clics/clics2015a/csl.nsf/billsummary/651CFEA280FD88A387257DA10063618B?opendocument
SB15-022,2015,RS,Wildfire Risk Reduction Grant Program,ROBERTS,BROWN,http://www.leg.state.co.us/clics/clics2015a/csl.nsf/billsummary/4E11E88A9B108ACD87257D88005782DF?opendocument
SB15-023,2015,RS,Off-highway Vehicle State Highway,CROWDER,VIGIL,http://www.leg.state.co.us/clics/clics2015a/csl.nsf/billsummary/A396026490FA29D487257D8800070C63?opendocument
SB15-024,2015,RS,Local Government Audit Law Updates,SONNENBERG; JAHN,RYDEN,http://www.leg.state.co.us/clics/clics2015a/csl.nsf/billsummary/392F6B3376998FD987257D880008E2E4?opendocument
SB15-025,2015,RS,Transfer Pension Plan Funds To FPPA,JONES,MELTON,http://www.leg.state.co.us/clics/clics2015a/csl.nsf/billsummary/A7BD5572CFCE7C8087257D880001C183?opendocument
SB15-026,2015,RS,FPPA Beginning Member Contrib Rate,BALMER,GINAL,http://www.leg.state.co.us/clics/clics2015a/csl.nsf/billsummary/B2449639CD56EF7F87257D8800021478?opendocument
SB15-027,2015,RS,FPPA Bd Assess Admin Charges,ULIBARRI,COURT,http://www.leg.state.co.us/clics/clics2015a/csl.nsf/billsummary/C66786E7E1D6E85787257D8800023E9E?opendocument
SB15-028,2015,RS,FPPA Plan Employee Participation Reqmnts,BALMER,GINAL,http://www.leg.state.co.us/clics/clics2015a/csl.nsf/billsummary/A7F08E99D381091587257D8800025EE8?opendocument
SB15-029,2015,RS,Volunteer Firefighter Pension Plan Study,ULIBARRI,MELTON,http://www.leg.state.co.us/clics/clics2015a/csl.nsf/billsummary/8EE6B6D1C02D5C3587257D880005B0DF?opendocument
SB15-030,2015,RS,Prostitution Defense For Human Trafficking Victim,CARROLL,FOOTE,http://www.leg.state.co.us/clics/clics2015a/csl.nsf/billsummary/B891F33FFE0E0B8B87257DA9005E3417?opendocument
SB15-031,2015,RS,Reciprocity To Practice Occupation Or Profession,HILL,,http://www.leg.state.co.us/clics/clics2015a/csl.nsf/billsummary/307AF89C2B7E274987257DA20004D335?opendocument
SB15-032,2015,RS,Lift Restrictions On Carrying Of Firearms,MARBLE,RANSOM,http://www.leg.state.co.us/clics/clics2015a/csl.nsf/billsummary/1A8ACC5D31204FB687257DA1006C715D?opendocument
SB15-033,2015,RS,Increasing Funding For Public Pre-K-12 Education,KERR,,http://www.leg.state.co.us/clics/clics2015a/csl.nsf/billsummary/98D65B943186F41C87257DA100804383?opendocument
SB15-034,2015,RS,Reduce Finance Charge Limit For Credit Cards,ULIBARRI,LEBSOCK,http://www.leg.state.co.us/clics/clics2015a/csl.nsf/billsummary/67A36942FE7FCCDF87257DA2000308E3?opendocument
SB15-035,2015,RS,Enactment Of 2014 CRS,JOHNSTON,KAGAN,http://www.leg.state.co.us/clics/clics2015a/csl.nsf/billsummary/7CBDE690E9C2EC0687257DB300738A24?opendocument
SB15-036,2015,RS,Rural Economic Emergency Assistance Grant Progarm,DONOVAN,HAMNER,http://www.leg.state.co.us/clics/clics2015a/csl.nsf/billsummary/580012781865245087257DAB0076CA3B?opendocument
SB15-037,2015,RS,Youthful Offenders In Corrections,GARCIA,NAVARRO,http://www.leg.state.co.us/clics/clics2015a/csl.nsf/billsummary/9A1D85515C65AC4887257DA1006366D4?opendocument
SB15-038,2015,RS,Auditor Access To Confidential County Records,AGUILAR,,http://www.leg.state.co.us/clics/clics2015a/csl.nsf/billsummary/1DF7616120E2682187257D9B0054FE31?opendocument
SB15-039,2015,RS,Concurrent Jurisdiction Over Federal Land,LAMBERT,HUMPHREY,http://www.leg.state.co.us/clics/clics2015a/csl.nsf/billsummary/01E00CA5EB1DD6F887257DA10058366C?opendocument
SB15-040,2015,RS,County Auth To Levy Retail Marijuana Sales Tax,HODGE,PRIOLA; MORENO,http://www.leg.state.co.us/clics/clics2015a/csl.nsf/billsummary/B8F601CEC8D249E687257D88007BC27D?opendocument
SB15-041,2015,RS,Local Government Regulation Amateur Radio Antennas,HOLBERT,VAN WINKLE,http://www.leg.state.co.us/clics/clics2015a/csl.nsf/billsummary/C9D811479B53A3C387257D96007CA784?opendocument
SB15-042,2015,RS,Mandatory Reports Of Animal Abuse,SONNENBERG,BECKER J.,http://www.leg.state.co.us/clics/clics2015a/csl.nsf/billsummary/5E23CB057E80854687257DAB007797EF?opendocument
SB15-043,2015,RS,Prosecution Fellowship Clean-up,HEATH,PABON,http://www.leg.state.co.us/clics/clics2015a/csl.nsf/billsummary/29A39B6CFE9F3A0F87257D90005F41FA?opendocument
SB15-044,2015,RS,Electric Renewable Energy Standard Reduction,SCOTT,THURLOW,http://www.leg.state.co.us/clics/clics2015a/csl.nsf/billsummary/7181A9DA166FC8C787257DA1005997A4?opendocument
SB15-045,2015,RS,Tax Credits For Nonpublic Education,LUNDBERG,RANSOM,http://www.leg.state.co.us/clics/clics2015a/csl.nsf/billsummary/DE71EF6721E4507687257D9B005A8E85?opendocument
SB15-046,2015,RS,Renewable Energy Std Adjust REAs Distributed Gen,GRANTHAM,MORENO,http://www.leg.state.co.us/clics/clics2015a/csl.nsf/billsummary/1F5A7519913064E887257DA3007AC6B1?opendocument
SB15-047,2015,RS,Voluntary Opt-out Of Rules Notices To Legislators,STEADMAN,MCCANN,http://www.leg.state.co.us/clics/clics2015a/csl.nsf/billsummary/41EA0CEC6D58B8F887257D8900594301?opendocument
SB15-048,2015,RS,Youth Sports Orgs Background Checks,HEATH,SINGER,http://www.leg.state.co.us/clics/clics2015a/csl.nsf/billsummary/622C6AEC622C787B87257D9B0067B3E0?opendocument
SB15-049,2015,RS,Real Estate Title Vests In Entity Once Formed,MARTINEZ HUMENIK,KEYSER,http://www.leg.state.co.us/clics/clics2015a/csl.nsf/billsummary/2E35DCD2E387092D87257DB00081866F?opendocument
SB15-050,2015,RS,Awarding CO's Excellent Scholars Program,HEATH,,http://www.leg.state.co.us/clics/clics2015a/csl.nsf/billsummary/01077F7C017D081087257D9B0068A325?opendocument
SB15-051,2015,RS,Ineligible Students Appeal Process Injunctions,TODD,PRIOLA,http://www.leg.state.co.us/clics/clics2015a/csl.nsf/billsummary/7A1EFE1CABC5861287257D88006F2BAE?opendocument
SB15-052,2015,RS,Health Benefit Exchange Review Committee Approval,CROWDER,KEYSER,http://www.leg.state.co.us/clics/clics2015a/csl.nsf/billsummary/480E98680A4FF6CD87257D87006F7848?opendocument
SB15-053,2015,RS,Dispense Supply Of Emer Drugs For Overdose Victims,AGUILAR,MCCANN; LONTINE,http://www.leg.state.co.us/clics/clics2015a/csl.nsf/billsummary/A36822B157C5986A87257D870082829E?opendocument
SB15-054,2015,RS,Free Or Reduced-cost Lunch Five Days All Schools,DONOVAN,MORENO,http://www.leg.state.co.us/clics/clics2015a/csl.nsf/billsummary/B228F44C03F4EB4E87257DAB0076CDE9?opendocument
SB15-055,2015,RS,Return Of Water From Tail Ditch,HODGE,ARNDT; BECKER J.,http://www.leg.state.co.us/clics/clics2015a/csl.nsf/billsummary/AFF98948762BE67087257D89005F26E8?opendocument
SB15-056,2015,RS,Frequency Of Statewide Social Studies Testing,KERR,KRAFT-THARP,http://www.leg.state.co.us/clics/clics2015a/csl.nsf/billsummary/DB6E7498BC96364C87257DB3007E609D?opendocument
SB15-057,2015,RS,Clean Claims Task Force Reporting Requirements,BALMER,WILLIAMS,http://www.leg.state.co.us/clics/clics2015a/csl.nsf/billsummary/CC875171D4C9C3CF87257D9B006F1251?opendocument
SB15-058,2015,RS,Eyewitness Identifications Policies And Procedures,GUZMAN,KAGAN,http://www.leg.state.co.us/clics/clics2015a/csl.nsf/billsummary/FBDB6271EF68F68687257D950075A15C?opendocument
SB15-059,2015,RS,Use Of Unmanned Aerial Vehicles,NEWELL,,http://www.leg.state.co.us/clics/clics2015a/csl.nsf/billsummary/43C6B3224243A6F987257DA20054B460?opendocument
SB15-060,2015,RS,Preventing Multiple Voter Registrations,HOLBERT,EVERETT,http://www.leg.state.co.us/clics/clics2015a/csl.nsf/billsummary/C1284336A93C499287257D8C007B6E06?opendocument
SB15-061,2015,RS,Disclosure Requirement Small Issue Committees,HOLBERT,EVERETT,http://www.leg.state.co.us/clics/clics2015a/csl.nsf/billsummary/E67A4AE414E3D38A87257D8800038722?opendocument
SB15-062,2015,RS,Extend Restriction Tuition Increases Higher Ed,KERR,PETTERSEN,http://www.leg.state.co.us/clics/clics2015a/csl.nsf/billsummary/801D293B298B5D5887257DA1008002F1?opendocument
SB15-063,2015,RS,Alternative Energy For Schools Grant Program,DONOVAN,,http://www.leg.state.co.us/clics/clics2015a/csl.nsf/billsummary/D25C993F9246914C87257D9B007FD2E3?opendocument
SB15-064,2015,RS,Application Of State Water Law To Federal Agencies,SONNENBERG,BECKER J.,http://www.leg.state.co.us/clics/clics2015a/csl.nsf/billsummary/9B260D2D34C92BB187257D9400563CB5?opendocument
SB15-065,2015,RS,Ban Public Benefit Transfers At Certain Venues,MARBLE,NORDBERG,http://www.leg.state.co.us/clics/clics2015a/csl.nsf/billsummary/74D08B582F82C4AE87257D87007FDBFB?opendocument
SB15-066,2015,RS,Noncitizen Resident Identification Documents,ULIBARRI,MELTON,http://www.leg.state.co.us/clics/clics2015a/csl.nsf/billsummary/9E613ED28A75F9BD87257D880066A869?opendocument
SB15-067,2015,RS,Second Degree Assault Injury To Emer Responders,COOKE,JOSHI,http://www.leg.state.co.us/clics/clics2015a/csl.nsf/billsummary/68E97D792A46304687257D9500036346?opendocument
SB15-068,2015,RS,Higher Ed Lower Debt Act,JONES,MORENO,http://www.leg.state.co.us/clics/clics2015a/csl.nsf/billsummary/5A6AF051CD56ED7087257DA100787FEB?opendocument
SB15-069,2015,RS,Repeal Job Protection Civil Rights Enforcement Act,WOODS,PRIOLA,http://www.leg.state.co.us/clics/clics2015a/csl.nsf/billsummary/A45F840D557AC5BC87257DA10056D3A3?opendocument
SB15-070,2015,RS,Child Care Regulation Ten Or More Children Only,LUNDBERG,JOSHI,http://www.leg.state.co.us/clics/clics2015a/csl.nsf/billsummary/44A5164BDEB5117087257D8800729597?opendocument
SB15-071,2015,RS,Pharm Substitute Interchangeable Biological Drug,JAHN; HILL,MCCANN; LANDGRAF,http://www.leg.state.co.us/clics/clics2015a/csl.nsf/billsummary/DE708549F43B3E4B87257DA1007701B6?opendocument
SB15-072,2015,RS,Metropolitan State University of Denver Admissions,LAMBERT,LUNDEEN,http://www.leg.state.co.us/clics/clics2015a/csl.nsf/billsummary/C891F3D7E5EFF0AB87257DA10058B46D?opendocument
SB15-073,2015,RS,Restrict Statewide Tests To Federal Requirements,MERRIFIELD,,http://www.leg.state.co.us/clics/clics2015a/csl.nsf/billsummary/D0C077BAC98B3A1687257DAA0056CC9D?opendocument
SB15-074,2015,RS,Transparency In Direct Pay Health Care Prices,NEVILLE T.,JOSHI,http://www.leg.state.co.us/clics/clics2015a/csl.nsf/billsummary/DE87A528541F9B2787257D9A007A2CC9?opendocument
SB15-075,2015,RS,Exempt Well Irrigate Up To 1 Acre Commercial Crops,GRANTHAM,LUNDEEN,http://www.leg.state.co.us/clics/clics2015a/csl.nsf/billsummary/78586132BC0A306887257DA10056E446?opendocument
SB15-076,2015,RS,Dispose Cathode Ray Tubes At Hazardous Waste Sites,GRANTHAM,,http://www.leg.state.co.us/clics/clics2015a/csl.nsf/billsummary/2B05457C4340408387257DA10056FD14?opendocument
SB15-077,2015,RS,Parent's Bill of Rights,NEVILLE T.,NEVILLE P.,http://www.leg.state.co.us/clics/clics2015a/csl.nsf/billsummary/810A6A3DCF88345E87257D900058192E?opendocument
SB15-078,2015,RS,Business Fiscal Impacts Leg Measure & Exec Rules,NEVILLE T.,NEVILLE P.,http://www.leg.state.co.us/clics/clics2015a/csl.nsf/billsummary/DF3083D99729D76887257DA90067BF1D?opendocument
SB15-079,2015,RS,Doc Recording Fee To Fund Affordable Housing,ULIBARRI,,http://www.leg.state.co.us/clics/clics2015a/csl.nsf/billsummary/D8450B3D10EE7D9C87257DA20002ABD9?opendocument
SB15-080,2015,RS,Participation In PERA's Defined Contribution Plan,HILL,LUNDEEN,http://www.leg.state.co.us/clics/clics2015a/csl.nsf/billsummary/E59773C792C6A2D387257DA20003D80A?opendocument
SB15-081,2015,RS,Use Lottery Money For Recreational Bicycle Trails,CROWDER,,http://www.leg.state.co.us/clics/clics2015a/csl.nsf/billsummary/EF4E07183FFD96E087257D8800074C0D?opendocument
SB15-082,2015,RS,County Workforce Development Prop Tax Incentives,MARBLE; HODGE,MORENO; LAWRENCE,http://www.leg.state.co.us/clics/clics2015a/csl.nsf/billsummary/D148EB5FCCE89D6C87257DAC00016CFA?opendocument
SB15-083,2015,RS,Certain Private Org Subject To CORA Requirements,HILL,,http://www.leg.state.co.us/clics/clics2015a/csl.nsf/billsummary/82BD953C33A967AA87257DA2000424FD?opendocument
SB15-084,2015,RS,Water Right Partial Historical Consumptive Use,HODGE,,http://www.leg.state.co.us/clics/clics2015a/csl.nsf/billsummary/2B6A196893220CD587257D89005E7AC1?opendocument
SB15-085,2015,RS,Small Business Cottage Foods Act,MARTINEZ HUMENIK,WINTER; BUCK,http://www.leg.state.co.us/clics/clics2015a/csl.nsf/billsummary/F59B310805D0186787257DA3007B5FF7?opendocument
SB15-086,2015,RS,Repeal Gun Transfer Background Check Rqmnt & Fee,LAMBERT,JOSHI,http://www.leg.state.co.us/clics/clics2015a/csl.nsf/billsummary/C0243B7EEFF2B26A87257DA100587206?opendocument
SB15-087,2015,RS,Foster Care & Kin Care Placement Background Checks,NEWELL,SINGER,http://www.leg.state.co.us/clics/clics2015a/csl.nsf/billsummary/1644372C3992B71E87257DA200555A92?opendocument
SB15-088,2015,RS,Independent Ethics Commission,STEADMAN,,http://www.leg.state.co.us/clics/clics2015a/csl.nsf/billsummary/FA9BCDEA9696C01887257D88000580E9?opendocument
SB15-089,2015,RS,State Fiscal Responsibility For Providing Courts,GARCIA,VIGIL,http://www.leg.state.co.us/clics/clics2015a/csl.nsf/billsummary/41098FE2850AD7DE87257DA1007A25F6?opendocument
SB15-090,2015,RS,Temporary Registration Document Standards,TODD,TYLER,http://www.leg.state.co.us/clics/clics2015a/csl.nsf/billsummary/15CBB0219463214187257D9C00005604?opendocument
SB15-091,2015,RS,Reduce Statute Of Limitations Construction Defects,SCOTT,WILLETT,http://www.leg.state.co.us/clics/clics2015a/csl.nsf/billsummary/2EA515C4E4B3811987257DA20051E77B?opendocument
SB15-092,2015,RS,Multi-agency Review Of State Carbon Emission Plan,COOKE,,http://www.leg.state.co.us/clics/clics2015a/csl.nsf/billsummary/2EE39BC5CE16654587257DAC005896EB?opendocument
SB15-093,2015,RS,Compensate Owners Min Interests Extraction Regs,SONNENBERG,BECKER J.,http://www.leg.state.co.us/clics/clics2015a/csl.nsf/billsummary/9AC0F9B814015A9887257D9700668F95?opendocument
SB15-094,2015,RS,Employment Of Community College Faculty,KEFALAS,SALAZAR,http://www.leg.state.co.us/clics/clics2015a/csl.nsf/billsummary/CA0B599918EBE23E87257DA10054DB25?opendocument
SB15-095,2015,RS,Manufactured Home Communities,KEFALAS,TYLER,http://www.leg.state.co.us/clics/clics2015a/csl.nsf/billsummary/E34704041F74333987257DA1005490D9?opendocument
SB15-096,2015,RS,Governor Appointed Public Trustees ,SCOTT,,http://www.leg.state.co.us/clics/clics2015a/csl.nsf/billsummary/161E18B7CD74CBE487257DA20005BCCE?opendocument
SB15-097,2015,RS,Supplemental Needs Trust For Certain PERA Benefits,AGUILAR,LANDGRAF,http://www.leg.state.co.us/clics/clics2015a/csl.nsf/billsummary/3866ACEEBFCD867887257D9A0072DE5F?opendocument
SB15-098,2015,RS,Codify Stock Phrases Used In Appropriation Clauses,STEADMAN,YOUNG,http://www.leg.state.co.us/clics/clics2015a/csl.nsf/billsummary/B348D53F84A0FDFF87257DA400792160?opendocument
SB15-099,2015,RS,Eliminate Duties For Probation Officers,COOKE,LAWRENCE,http://www.leg.state.co.us/clics/clics2015a/csl.nsf/billsummary/FBEE61D77956252687257DC800728E5E?opendocument
SB15-100,2015,RS,Rule Review Bill ,STEADMAN,FOOTE; MCCANN,http://www.leg.state.co.us/clics/clics2015a/csl.nsf/billsummary/7F3E0C166D3149C587257D88007CF27B?opendocument
SB15-101,2015,RS,Electronic Wage Payment,BALMER,PABON,http://www.leg.state.co.us/clics/clics2015a/csl.nsf/billsummary/DC6D0E8326E7914987257DAA0053A5A9?opendocument
SB15-102,2015,RS,Sunset Securities Board,HOLBERT,LEE,http://www.leg.state.co.us/clics/clics2015a/csl.nsf/billsummary/D2D97A3A3D5DFD0E87257D8900655ED0?opendocument
SB15-103,2015,RS,Sunset Compliance Advisory Panel,LUNDBERG,BECKER K.,http://www.leg.state.co.us/clics/clics2015a/csl.nsf/billsummary/BA991D96F7A2084E87257D88007A1ACC?opendocument
SB15-104,2015,RS,Sunset CO Division Of Securities,HOLBERT,LEE,http://www.leg.state.co.us/clics/clics2015a/csl.nsf/billsummary/56317DAE9603DF8E87257D88007AC7BF?opendocument
SB15-105,2015,RS,Sunset Review Respiratory Therapy Practice Act,MARTINEZ HUMENIK,PRIMAVERA,http://www.leg.state.co.us/clics/clics2015a/csl.nsf/billsummary/D960D3AF96E5EAD087257D880079D9E0?opendocument
SB15-106,2015,RS,Sunset Barber & Cosmetologist Act & Committee,WOODS,ARNDT,http://www.leg.state.co.us/clics/clics2015a/csl.nsf/billsummary/5DB514BB8D9EE87687257D880079041C?opendocument
SB15-107,2015,RS,Classification Of Independent Contractors,HEATH,,http://www.leg.state.co.us/clics/clics2015a/csl.nsf/billsummary/41DC1E655737B9FE87257D9B006829A8?opendocument
SB15-108,2015,RS,Direct Appropriations For CDE Programs ,STEADMAN,HAMNER,http://www.leg.state.co.us/clics/clics2015a/csl.nsf/billsummary/9C1B934611FD149587257DC80062DD69?opendocument
SB15-109,2015,RS,Mandatory Abuse Report For Adult With A Disability,GRANTHAM,YOUNG,http://www.leg.state.co.us/clics/clics2015a/csl.nsf/billsummary/1237CBA8B99EE8F787257DCC0001AA01?opendocument
SB15-110,2015,RS,Sunset Mortuary Science Regulation,BAUMGARDNER,GINAL,http://www.leg.state.co.us/clics/clics2015a/csl.nsf/billsummary/FDF01EB290B19EB287257D88007A71B6?opendocument
SB15-111,2015,RS,Educator Licensure Cash Fund Continuous Approp,LAMBERT,HAMNER,http://www.leg.state.co.us/clics/clics2015a/csl.nsf/billsummary/ECCD5C5383D0D43C87257DC8006402EA?opendocument
SB15-112,2015,RS,General Fund Transfers To Building Regulation Fund,STEADMAN,RANKIN,http://www.leg.state.co.us/clics/clics2015a/csl.nsf/billsummary/B7D62E5DFEB984D687257DCC00035C85?opendocument
SB15-113,2015,RS,Sunset Athletic Trainers Practice Act,AGUILAR,ESGAR,http://www.leg.state.co.us/clics/clics2015a/csl.nsf/billsummary/39254C494A9C285D87257D880079629F?opendocument
SB15-114,2015,RS,No County Eminent Domain Open Space,CROWDER,,http://www.leg.state.co.us/clics/clics2015a/csl.nsf/billsummary/46BC9BCBF726FDF087257D880065C3BF?opendocument
SB15-115,2015,RS,Sunset Medical Marijuana Programs,HILL,PABON,http://www.leg.state.co.us/clics/clics2015a/csl.nsf/billsummary/B3E8E9E7C9C72CE087257D880078DAC9?opendocument
SB15-116,2015,RS,Needle-stick Prevention,STEADMAN,GARNETT,http://www.leg.state.co.us/clics/clics2015a/csl.nsf/billsummary/9920B298DFFC1A2B87257DCD00066E81?opendocument
SB15-117,2015,RS,Prohibit Discrimination In Higher Ed Funding,LAMBERT,JOSHI,http://www.leg.state.co.us/clics/clics2015a/csl.nsf/billsummary/355050F1BFDE0C9787257DCB00709750?opendocument
SB15-118,2015,RS,Mod Qualified State Tuition Program Tax Deductions,MERRIFIELD,,http://www.leg.state.co.us/clics/clics2015a/csl.nsf/billsummary/B4DBBFB24D80627E87257DCB007A5C74?opendocument
SB15-119,2015,RS,Sunset Pesticide Applicators,SONNENBERG,BECKER K.,http://www.leg.state.co.us/clics/clics2015a/csl.nsf/billsummary/4B874D1C24ECE50587257D880074D04D?opendocument
SB15-120,2015,RS,Electric Grid Modernization Plans,JONES,WINTER,http://www.leg.state.co.us/clics/clics2015a/csl.nsf/billsummary/F0256F27E1C284DE87257DA10078A24D?opendocument
SB15-121,2015,RS,Drinking Water Fund Assistance Nonprofit Entities,CROWDER,DORE,http://www.leg.state.co.us/clics/clics2015a/csl.nsf/billsummary/77199D24462336EC87257D950005BDB2?opendocument
SB15-122,2015,RS,Sunset Massage Parlor Regulation,NEWELL,MORENO,http://www.leg.state.co.us/clics/clics2015a/csl.nsf/billsummary/976BDC9A979938C587257D88007A9EB3?opendocument
SB15-123,2015,RS,Patient Choose Pharmacy To Fill Prescriptions,CROWDER,PRIMAVERA,http://www.leg.state.co.us/clics/clics2015a/csl.nsf/billsummary/4FCDC90A180C7E5C87257D9B005A1ADB?opendocument
SB15-124,2015,RS,Reduce Parole Revocations For Technical Violations,MERRIFIELD,LEE,http://www.leg.state.co.us/clics/clics2015a/csl.nsf/billsummary/68A531111879F69E87257DAC007511B3?opendocument
SB15-125,2015,RS,Statewide Registry For Advance Directives,STEADMAN,,http://www.leg.state.co.us/clics/clics2015a/csl.nsf/billsummary/08AA8CA4BF4B526487257DCD00063ACB?opendocument
SB15-126,2015,RS,Medical Tests For All Assault Victims,COOKE; JOHNSTON,FOOTE,http://www.leg.state.co.us/clics/clics2015a/csl.nsf/billsummary/ACD667523A1EB97287257DD6005ADB27?opendocument
SB15-127,2015,RS,Tax Incentives For Agritourism-related Activities,GARCIA,DORE,http://www.leg.state.co.us/clics/clics2015a/csl.nsf/billsummary/EC3D72CA6C449C7D87257DC800759202?opendocument
SB15-128,2015,RS,Medical Reports Of Alleged Sexual Assaults,CARROLL,LANDGRAF; PRIMAVERA,http://www.leg.state.co.us/clics/clics2015a/csl.nsf/billsummary/76A964D29CEC593287257D8800680D85?opendocument
SB15-129,2015,RS,Preserving Parent-child relationships,LUNDBERG,KAGAN,http://www.leg.state.co.us/clics/clics2015a/csl.nsf/billsummary/A61A52CD435A9BDF87257D9B005AF91A?opendocument
SB15-130,2015,RS,Assist Conservation Easement Tax Credit Buyers,KEFALAS,,http://www.leg.state.co.us/clics/clics2015a/csl.nsf/billsummary/16AADA3C56957A7387257DA10061BEA0?opendocument
SB15-131,2015,RS,Fostering Success Collaborative For Foster Youth,NEWELL,PETTERSEN,http://www.leg.state.co.us/clics/clics2015a/csl.nsf/billsummary/2B809C74075CE1DC87257DCD0001D868?opendocument
SB15-132,2015,RS,Empowering Students In Higher Education Funding,TODD,PETTERSEN; DANIELSON,http://www.leg.state.co.us/clics/clics2015a/csl.nsf/billsummary/6116C37933218E8C87257DB0007EFCAE?opendocument
SB15-133,2015,RS,Comp Report Prepared By State Personnel Director,LAMBERT,RANKIN,http://www.leg.state.co.us/clics/clics2015a/csl.nsf/billsummary/3752E90D0965139687257DCD00031832?opendocument
SB15-134,2015,RS,Energy Cost-savings Contracts For Vehicle Fleets,JONES,TYLER,http://www.leg.state.co.us/clics/clics2015a/csl.nsf/billsummary/1DFA600A3B1772C087257DCC007E9552?opendocument
SB15-135,2015,RS,Public Bodies & Urban Renewal,MARTINEZ HUMENIK; JAHN,LEBSOCK; SAINE,http://www.leg.state.co.us/clics/clics2015a/csl.nsf/billsummary/B917086178B171EC87257DCC0064215F?opendocument
SB15-136,2015,RS,Labeling Of Retail Marijuana Packaging,HILL,PABON,http://www.leg.state.co.us/clics/clics2015a/csl.nsf/billsummary/480D3B6C26D2B5AD87257DB200674E17?opendocument
SB15-137,2015,RS,PACE Program Flexibility For Business Entity,BALMER,DELGROSSO; GINAL,http://www.leg.state.co.us/clics/clics2015a/csl.nsf/billsummary/5E901026F0F4F82F87257DC1005D4779?opendocument
SB15-138,2015,RS,ASCENT Program Funding,DONOVAN,WILSON,http://www.leg.state.co.us/clics/clics2015a/csl.nsf/billsummary/875282F9F82154BA87257DAF006775C7?opendocument
SB15-139,2015,RS,Safe2tell Fraudulent Reports Identity,HILL,LEE,http://www.leg.state.co.us/clics/clics2015a/csl.nsf/billsummary/BDBBE0C8CE284C2F87257DB60082145F?opendocument
SB15-140,2015,RS,Regulation Of Home Inspectors,TODD,,http://www.leg.state.co.us/clics/clics2015a/csl.nsf/billsummary/2A1AABF5043A94C787257DB1006A6AD9?opendocument
SB15-141,2015,RS,Income Tax Credit For Prop Taxes Paid Eligibility,SCHEFFEL,THURLOW,http://www.leg.state.co.us/clics/clics2015a/csl.nsf/billsummary/AB3E3E420950118487257DAB00609C09?opendocument
SB15-142,2015,RS,Property Tax Escrow Same As Federal RESPA,ROBERTS,PABON,http://www.leg.state.co.us/clics/clics2015a/csl.nsf/billsummary/34DD49B79A70C85D87257DB3004F6D6A?opendocument
SB15-143,2015,RS,Suppl Approp Dept Agriculture,LAMBERT,HAMNER,http://www.leg.state.co.us/clics/clics2015a/csl.nsf/billsummary/FFC29FA26B16459087257D9C00661650?opendocument
SB15-144,2015,RS,Suppl Approp Dept Corrections,LAMBERT,HAMNER,http://www.leg.state.co.us/clics/clics2015a/csl.nsf/billsummary/98DE45DDCF6C974587257D9C00665D7F?opendocument
SB15-145,2015,RS,Suppl Approp Dept Education,LAMBERT,HAMNER,http://www.leg.state.co.us/clics/clics2015a/csl.nsf/billsummary/329D174D028BA3AD87257D9C00668464?opendocument
SB15-146,2015,RS,"Suppl Approp Offices Of Governor, Lt Gov, OSPB",LAMBERT,HAMNER,http://www.leg.state.co.us/clics/clics2015a/csl.nsf/billsummary/B7C4EE45D53E53F887257D9C00669C2C?opendocument
SB15-147,2015,RS,Suppl Approp Dept Health Care Policy & Fin,LAMBERT,HAMNER,http://www.leg.state.co.us/clics/clics2015a/csl.nsf/billsummary/787626BE0307B7DB87257D9C0066B793?opendocument
SB15-148,2015,RS,Suppl Approp Dept Higher Education,LAMBERT,HAMNER,http://www.leg.state.co.us/clics/clics2015a/csl.nsf/billsummary/16B5205B672603A587257D9C0066D41F?opendocument
SB15-149,2015,RS,Suppl Approp Dept Human Services,LAMBERT,HAMNER,http://www.leg.state.co.us/clics/clics2015a/csl.nsf/billsummary/99D2D377C4ECEBB687257D9C0066E9A3?opendocument
SB15-150,2015,RS,Suppl Approp Judicial Dept,LAMBERT,HAMNER,http://www.leg.state.co.us/clics/clics2015a/csl.nsf/billsummary/4AC3468CA57087EA87257D9C00670C38?opendocument
SB15-151,2015,RS,Suppl Approp Dept Labor & Employment,LAMBERT,HAMNER,http://www.leg.state.co.us/clics/clics2015a/csl.nsf/billsummary/28EF1C4BEBFCF3F187257D9C00672140?opendocument
SB15-152,2015,RS,Suppl Approp Dept Law,LAMBERT,HAMNER,http://www.leg.state.co.us/clics/clics2015a/csl.nsf/billsummary/FE37777EFC10099887257D9C00674105?opendocument
SB15-153,2015,RS,Suppl Approp Dept Legislature,LAMBERT,HAMNER,http://www.leg.state.co.us/clics/clics2015a/csl.nsf/billsummary/8F79B0F132F654B487257D9C00675342?opendocument
SB15-154,2015,RS,Suppl Approp Dept Local Affairs,LAMBERT,HAMNER,http://www.leg.state.co.us/clics/clics2015a/csl.nsf/billsummary/8100F165A8E8152887257D9C006A686C?opendocument
SB15-155,2015,RS,Suppl Approp Dept Military Affairs,LAMBERT,HAMNER,http://www.leg.state.co.us/clics/clics2015a/csl.nsf/billsummary/53E71DB11231F8B287257D9C006BA104?opendocument
SB15-156,2015,RS,Suppl Approp Dept Natural Resources,LAMBERT,HAMNER,http://www.leg.state.co.us/clics/clics2015a/csl.nsf/billsummary/72967F6DE8C0F01187257D9C006BB676?opendocument
SB15-157,2015,RS,Suppl Approp Dept Personnel,LAMBERT,HAMNER,http://www.leg.state.co.us/clics/clics2015a/csl.nsf/billsummary/CC49219E95A6A33987257D9C006C0580?opendocument
SB15-158,2015,RS,Suppl Approp Dept Public Health & Environment,LAMBERT,HAMNER,http://www.leg.state.co.us/clics/clics2015a/csl.nsf/billsummary/448A495BB23CB8EC87257D9C006C31FE?opendocument
SB15-159,2015,RS,Suppl Approp Dept Public Safety,LAMBERT,HAMNER,http://www.leg.state.co.us/clics/clics2015a/csl.nsf/billsummary/15056106464DC29F87257D9C006C48CE?opendocument
SB15-160,2015,RS,Suppl Approp Dept Regulatory Agencies,LAMBERT,HAMNER,http://www.leg.state.co.us/clics/clics2015a/csl.nsf/billsummary/191A6790575C856587257D9C006C5D91?opendocument
SB15-161,2015,RS,Suppl Approp Dept Revenue,LAMBERT,HAMNER,http://www.leg.state.co.us/clics/clics2015a/csl.nsf/billsummary/3866F821801A7FAB87257D9C006C79F4?opendocument
SB15-162,2015,RS,Suppl Approp Dept State,LAMBERT,HAMNER,http://www.leg.state.co.us/clics/clics2015a/csl.nsf/billsummary/20377A7F05AB655287257D9C006C9258?opendocument
SB15-163,2015,RS,Suppl Approp Dept Transportation,LAMBERT,HAMNER,http://www.leg.state.co.us/clics/clics2015a/csl.nsf/billsummary/2FB99BEA781582EE87257D9C006CA4D4?opendocument
SB15-164,2015,RS,Suppl Approp Dept The Treasury,LAMBERT,HAMNER,http://www.leg.state.co.us/clics/clics2015a/csl.nsf/billsummary/37179420D58355CE87257D9C006CBB64?opendocument
SB15-165,2015,RS,Suppl Approp Capital Construction,LAMBERT,HAMNER,http://www.leg.state.co.us/clics/clics2015a/csl.nsf/billsummary/C18F11D76B56FC5287257D9C006CD274?opendocument
SB15-166,2015,RS,Current Year Adjustments School Finance,STEADMAN,HAMNER,http://www.leg.state.co.us/clics/clics2015a/csl.nsf/billsummary/36307A0B96DDB73887257DD6005FEDAA?opendocument
SB15-167,2015,RS,Modify 2014-15 Approp From Marijuana Revenue,STEADMAN,RANKIN,http://www.leg.state.co.us/clics/clics2015a/csl.nsf/billsummary/A8887E58CAEF9CE987257DD50057E9C2?opendocument
SB15-168,2015,RS,Intellectual & Dev Disab Fund Transfer To Gen Fund,LAMBERT,HAMNER,http://www.leg.state.co.us/clics/clics2015a/csl.nsf/billsummary/AE713ABCEBA5459D87257DD9005EB3D4?opendocument
SB15-169,2015,RS,Transfer From State Empl Reserve Fund To Gen Fund,LAMBERT,HAMNER,http://www.leg.state.co.us/clics/clics2015a/csl.nsf/billsummary/E79F0517A8D35D5487257DD900756741?opendocument
SB15-170,2015,RS,Transfer Gen Fund Money To Cap Constr Fund,GRANTHAM,YOUNG,http://www.leg.state.co.us/clics/clics2015a/csl.nsf/billsummary/2DA91921694728DE87257DD9005E17B1?opendocument
SB15-171,2015,RS,Sunset Private Occupational Education Act,HILL,MORENO,http://www.leg.state.co.us/clics/clics2015a/csl.nsf/billsummary/D0CE3050E8A6876787257D89005DF57E?opendocument
SB15-172,2015,RS,High-performance Transp Enterprise Accountability,JONES,FOOTE,http://www.leg.state.co.us/clics/clics2015a/csl.nsf/billsummary/6FE438E6C676D84F87257D87006DBC9E?opendocument
SB15-173,2015,RS,School District Data Protection And Transparency,HOLBERT,PABON,http://www.leg.state.co.us/clics/clics2015a/csl.nsf/billsummary/585B9C8F03B0EEB487257D930075F069?opendocument
SB15-174,2015,RS,Uniform Substitute Decision-making Docs Act,STEADMAN,,http://www.leg.state.co.us/clics/clics2015a/csl.nsf/billsummary/93B56CD7D047EB7587257DB700034AD1?opendocument
SB15-175,2015,RS,Ammunition Magazines,HOLBERT; COOKE,HUMPHREY,http://www.leg.state.co.us/clics/clics2015a/csl.nsf/billsummary/3FC46FD01CA67E0287257D87007B52DB?opendocument
SB15-176,2015,RS,Southwest Chief Rail Commission Spending Authority,GARCIA; CROWDER,ESGAR,http://www.leg.state.co.us/clics/clics2015a/csl.nsf/billsummary/5F8A668B3755677A87257DC8006B8C65?opendocument
SB15-177,2015,RS,HOA Construction Defect Lawsuit Approval Timelines,SCHEFFEL; ULIBARRI,DELGROSSO; SINGER,http://www.leg.state.co.us/clics/clics2015a/csl.nsf/billsummary/3E50F2E2EDBD7C3E87257D880004F79E?opendocument
SB15-178,2015,RS,Sunset Continue Comm'n For Deaf & Hard Of Hearing,NEWELL,DANIELSON,http://www.leg.state.co.us/clics/clics2015a/csl.nsf/billsummary/791A299CE56A69CD87257D88007CBAAD?opendocument
SB15-179,2015,RS,US Highway 50 Economic Benefits Study,GARCIA,ESGAR,http://www.leg.state.co.us/clics/clics2015a/csl.nsf/billsummary/F59A62D01C64D24987257DA10079D3EB?opendocument
SB15-180,2015,RS,Regulatory Reform Act 2015,NEVILLE T.,NEVILLE P.,http://www.leg.state.co.us/clics/clics2015a/csl.nsf/billsummary/567ECBE63A58CDD587257DE00060B302?opendocument
SB15-181,2015,RS,Immediate Appeal Order Appointing Receiver,WOODS,SAINE; JOSHI,http://www.leg.state.co.us/clics/clics2015a/csl.nsf/billsummary/F88E2497EBFBBCCD87257DCB0054B2E8?opendocument
SB15-182,2015,RS,DOC Transfer Offenders To Youthful Offender System,GARCIA; CROWDER,NAVARRO; ESGAR,http://www.leg.state.co.us/clics/clics2015a/csl.nsf/billsummary/AB608CF7CD2FA86787257DE0005AD3E6?opendocument
SB15-183,2015,RS,Quantify Water Rights Historical Consumptive Use,HODGE; SONNENBERG,ARNDT; BECKER J.,http://www.leg.state.co.us/clics/clics2015a/csl.nsf/billsummary/B648EA2D3DA0D18C87257D89005E1EF8?opendocument
SB15-184,2015,RS,No Detention For Failure To Attend School,HOLBERT,FIELDS,http://www.leg.state.co.us/clics/clics2015a/csl.nsf/billsummary/5C6A9518C0DDEE0B87257D9C0061FE64?opendocument
SB15-185,2015,RS,Police Data Collection And Community Policing,JOHNSTON,FIELDS,http://www.leg.state.co.us/clics/clics2015a/csl.nsf/billsummary/0109597EBE8D3A5E87257DCC007D0FC9?opendocument
SB15-186,2015,RS,Yoga Teacher Training Private Occupational School,WOODS,DORE; GARNETT,http://www.leg.state.co.us/clics/clics2015a/csl.nsf/billsummary/7825B3F8BF51273687257DE000587EF6?opendocument
SB15-187,2015,RS,High-performance Transportation Enterprise Loans,GRANTHAM,YOUNG,http://www.leg.state.co.us/clics/clics2015a/csl.nsf/billsummary/98D54CE4FF26265287257DEA0000C63C?opendocument
SB15-188,2015,RS,Tier 1 Tobacco Settlement Money Allocation,STEADMAN,RANKIN,http://www.leg.state.co.us/clics/clics2015a/csl.nsf/billsummary/B19FC20C3E2DDDDB87257DE3007DAD26?opendocument
SB15-189,2015,RS,Repeal Consolidated Tobacco Prog Reporting Reqmnts,STEADMAN,RANKIN,http://www.leg.state.co.us/clics/clics2015a/csl.nsf/billsummary/A30C7AEB258E8FA087257DE3007D5B46?opendocument
SB15-190,2015,RS,Establish State Archives Fees Without Rule-making,GRANTHAM,HAMNER,http://www.leg.state.co.us/clics/clics2015a/csl.nsf/billsummary/FD016B9ED0B3BC5B87257DE3005870E2?opendocument
SB15-191,2015,RS,FY 2015-16 Legislative Appropriation Bill,SCHEFFEL; CARROLL,DURAN; DELGROSSO,http://www.leg.state.co.us/clics/clics2015a/csl.nsf/billsummary/6FFB23D685FE970787257DF200578F4D?opendocument
SB15-192,2015,RS,Therapeutic Drug Selections For Long-term Care,AGUILAR,JOSHI,http://www.leg.state.co.us/clics/clics2015a/csl.nsf/billsummary/D098038662657CCF87257DDA007D160D?opendocument
SB15-193,2015,RS,Statewide Internet Portal Authority Reports To GA,NEVILLE T.; NEWELL,TATE; TYLER,http://www.leg.state.co.us/clics/clics2015a/csl.nsf/billsummary/17E1CAFA63D69AEF87257DEA00608E50?opendocument
SB15-194,2015,RS,Statewide Internet Portal Authority Board Members,NEVILLE T.; NEWELL,TATE; TYLER,http://www.leg.state.co.us/clics/clics2015a/csl.nsf/billsummary/582D898708EB566587257DD3005CE82E?opendocument
SB15-195,2015,RS,Spending Savings From Earned Time In DOC,STEADMAN,HAMNER,http://www.leg.state.co.us/clics/clics2015a/csl.nsf/billsummary/A01FAB518883DBE687257DC800632D2D?opendocument
SB15-196,2015,RS,Industrial Hemp Certified Seeds Concentration Test,MARBLE; STEADMAN,LEBSOCK; SAINE,http://www.leg.state.co.us/clics/clics2015a/csl.nsf/billsummary/D9088D699F5A656087257D9600725193?opendocument
SB15-197,2015,RS,Advanced Practice Nurse Prescriptive Authority,CROWDER; JAHN,FIELDS; WILLETT,http://www.leg.state.co.us/clics/clics2015a/csl.nsf/billsummary/83E59DDF6BDCCA6387257DE0005DBB1A?opendocument
SB15-198,2015,RS,Expand Fallowing Pilot Program Nonmunicipal Uses,CROWDER,VIGIL,http://www.leg.state.co.us/clics/clics2015a/csl.nsf/billsummary/D8A3DDCF291E795887257DE0005D4B2F?opendocument
SB15-199,2015,RS,Continue Funding For Habitat Partnership Program,SONNENBERG,VIGIL,http://www.leg.state.co.us/clics/clics2015a/csl.nsf/billsummary/0ECDC29A1613599087257DE0005ED86E?opendocument
SB15-200,2015,RS,Private Student Loan Disclosure Requirements,KERR,,http://www.leg.state.co.us/clics/clics2015a/csl.nsf/billsummary/90B16323353091A587257DA100801DC4?opendocument
SB15-201,2015,RS,Cert Authorizers of Multi-district On-line Schools,KERR; HILL,YOUNG; WILSON,http://www.leg.state.co.us/clics/clics2015a/csl.nsf/billsummary/FF9CC3607B57885387257DA1008058C0?opendocument
SB15-202,2015,RS,Exclude Water Conditioning Appliance From Plumbing,BALMER,PABON,http://www.leg.state.co.us/clics/clics2015a/csl.nsf/billsummary/6D015FDDED9BEBD087257DD6006E40A4?opendocument
SB15-203,2015,RS,Sunset Debt-management Service Providers,COOKE,PABON,http://www.leg.state.co.us/clics/clics2015a/csl.nsf/billsummary/05AEEC379598FF4E87257D8800788517?opendocument
SB15-204,2015,RS,Autonomy Of Child Protection Ombudsman,NEWELL; LUNDBERG,SINGER,http://www.leg.state.co.us/clics/clics2015a/csl.nsf/billsummary/EEC719B98C5C0CF687257DA20053D3EE?opendocument
SB15-205,2015,RS,Veterans Fire Corps For Wildland Firefighting,ROBERTS; GARCIA,KEYSER; HAMNER,http://www.leg.state.co.us/clics/clics2015a/csl.nsf/billsummary/622B81D3369FFA0987257DF1006088DD?opendocument
SB15-206,2015,RS,Implement Conservation Easement Audit Requirements,ROBERTS; HODGE,GARNETT; KEYSER,http://www.leg.state.co.us/clics/clics2015a/csl.nsf/billsummary/18787A15FA2B30B787257DA5007942DD?opendocument
SB15-207,2015,RS,Refinance Authority For CBI Grand Junction Lab,BAUMGARDNER; SCOTT,BROWN,http://www.leg.state.co.us/clics/clics2015a/csl.nsf/billsummary/61B0D97A4A2349A887257DE300768635?opendocument
SB15-208,2015,RS,Capital-related Expenditures,KEFALAS,BROWN,http://www.leg.state.co.us/clics/clics2015a/csl.nsf/billsummary/34AC5FA50AD7995687257DB2006D3B98?opendocument
SB15-209,2015,RS,HOA Mgr Lic Debt Collection Exclude Time Shares,BALMER,WILLIAMS,http://www.leg.state.co.us/clics/clics2015a/csl.nsf/billsummary/31B1B9F9C112BF9C87257DD6006EBFAD?opendocument
SB15-210,2015,RS,Title Insurance Commission,WOODS,ARNDT,http://www.leg.state.co.us/clics/clics2015a/csl.nsf/billsummary/20DD6F1F4547BACE87257DE000581FFA?opendocument
SB15-211,2015,RS,Automatic Funding For Capital Assets,LAMBERT,RANKIN,http://www.leg.state.co.us/clics/clics2015a/csl.nsf/billsummary/3BA66DAF9B3D2EC787257DCD000AF448?opendocument
SB15-212,2015,RS,Storm Water Facilities Not Injure Water Rights,SONNENBERG,WINTER; CARVER,http://www.leg.state.co.us/clics/clics2015a/csl.nsf/billsummary/4ABC1ADCA03161CD87257DE8006637B3?opendocument
SB15-213,2015,RS,Waive Gov Immunity For Acts Of School Violence,CADMAN; SCHEFFEL,HULLINGHORST; DURAN,http://www.leg.state.co.us/clics/clics2015a/csl.nsf/billsummary/DE663DA892AB02C587257DE0005C0B97?opendocument
SB15-214,2015,RS,Interim Committee Safe Schools Youth Mental Health,SCHEFFEL; CADMAN,DURAN; HULLINGHORST,http://www.leg.state.co.us/clics/clics2015a/csl.nsf/billsummary/A94F6353FAD9FA6987257DE0005BB1BD?opendocument
SB15-215,2015,RS,Changes To Assessments In Public Schools,HILL; KERR,BUCKNER; WILSON,http://www.leg.state.co.us/clics/clics2015a/csl.nsf/billsummary/FCD3D084207C6BD887257E03007E87EF?opendocument
SB15-216,2015,RS,School District Exclusive Chartering Authority,HILL,FIELDS,http://www.leg.state.co.us/clics/clics2015a/csl.nsf/billsummary/AD93825CBB82132187257DCB0072E456?opendocument
SB15-217,2015,RS,Police Shooting Data Collection,ROBERTS; COOKE,WILLIAMS,http://www.leg.state.co.us/clics/clics2015a/csl.nsf/billsummary/DE820F4DD2EFF5A487257DFE00565D09?opendocument
SB15-218,2015,RS,Disclose Misrepresentations By Peace Officers,ROBERTS; COOKE,WILLIAMS,http://www.leg.state.co.us/clics/clics2015a/csl.nsf/billsummary/8E4663D1877A47DD87257DFE0056DEAC?opendocument
SB15-219,2015,RS,Peace Officer Shootings Transparency Measures,COOKE; ROBERTS,SALAZAR,http://www.leg.state.co.us/clics/clics2015a/csl.nsf/billsummary/311427F41F2A4E1E87257E0000637AF2?opendocument
SB15-220,2015,RS,Provision Of Security For General Assembly,CARROLL; CADMAN,DURAN; DELGROSSO,http://www.leg.state.co.us/clics/clics2015a/csl.nsf/billsummary/AC40735985A2163F87257DFD005ECBF4?opendocument
SB15-221,2015,RS,Public Transit Officers,COOKE,DANIELSON; PRIOLA,http://www.leg.state.co.us/clics/clics2015a/csl.nsf/billsummary/0E73F5314E102F6C87257DEB0054E58B?opendocument
SB15-222,2015,RS,Sales & Use Tax Refund For Rural Broadband Limit,SCHEFFEL,WILLIAMS,http://www.leg.state.co.us/clics/clics2015a/csl.nsf/billsummary/010081DC53EA24E387257DEB007E1837?opendocument
SB15-223,2015,RS,Remove Penalty When Parent Opts Child Out Of Test,HOLBERT; TODD,LEBSOCK; RANSOM,http://www.leg.state.co.us/clics/clics2015a/csl.nsf/billsummary/D0DFECDCC327912F87257DCE0067F1DA?opendocument
SB15-224,2015,RS,Building Foundation Well Permit Exemption,SONNENBERG,,http://www.leg.state.co.us/clics/clics2015a/csl.nsf/billsummary/E98FDD42C8DCB80487257DEB007D21A0?opendocument
SB15-225,2015,RS,State Historical Society Governance ,HOLBERT; NEVILLE T.,RYDEN; SAINE,http://www.leg.state.co.us/clics/clics2015a/csl.nsf/billsummary/6CAE44E2C9E5C7F087257DE80062728C?opendocument
SB15-226,2015,RS,Hunter Education Wildlife Hunting License,SONNENBERG,VIGIL,http://www.leg.state.co.us/clics/clics2015a/csl.nsf/billsummary/6C1415F30DC1AA9287257DE0005FD42D?opendocument
SB15-227,2015,RS,Residential Storage Condo Unit As Real Property,GRANTHAM; JAHN,MELTON; VAN WINKLE,http://www.leg.state.co.us/clics/clics2015a/csl.nsf/billsummary/921137C3BABD656187257DFE00557341?opendocument
SB15-228,2015,RS,Medicaid Provider Rate Review,STEADMAN,RANKIN,http://www.leg.state.co.us/clics/clics2015a/csl.nsf/billsummary/8B27252C2C2E656F87257E04005E224C?opendocument
SB15-229,2015,RS,ALS Motor Vehicle License Plate,WOODS,JOSHI; MITSCH BUSH,http://www.leg.state.co.us/clics/clics2015a/csl.nsf/billsummary/D72E892AB017B9CA87257DF9005D0B9B?opendocument
SB15-230,2015,RS,Telephone Company Property Tax Valuation Method,SCHEFFEL,WILLIAMS,http://www.leg.state.co.us/clics/clics2015a/csl.nsf/billsummary/684A17262F8A2A8187257DE00059CF2D?opendocument
SB15-231,2015,RS,Ban Regulatory Agency Firearms & Special Ops,MARBLE,SALAZAR; EVERETT,http://www.leg.state.co.us/clics/clics2015a/csl.nsf/billsummary/ABCE8809C5F1042287257D9C005ED459?opendocument
SB15-232,2015,RS,CO Federal Land Mgmt Commission,BAUMGARDNER; SONNENBERG,CORAM,http://www.leg.state.co.us/clics/clics2015a/csl.nsf/billsummary/81CC74AFFDC1D9CA87257DBD0066DB20?opendocument
SB15-233,2015,RS,Revising CO Ed Accountability Measures,MARBLE; WOODS,EVERETT; SAINE,http://www.leg.state.co.us/clics/clics2015a/csl.nsf/billsummary/BE473EF9BBA4B26687257E03007AD4AA?opendocument
SB15-234,2015,RS,2015-16 Long Appropriations Bill,LAMBERT,HAMNER,http://www.leg.state.co.us/clics/clics2015a/csl.nsf/billsummary/8153E646AA550F5987257D9C006CE464?opendocument
SB15-235,2015,RS,Increasing Cap On Appropriation For School Lunches,STEADMAN,HAMNER,http://www.leg.state.co.us/clics/clics2015a/csl.nsf/billsummary/934885D18D8FE48687257E0400745488?opendocument
SB15-236,2015,RS,Reorganize State Historical Society Funds,GRANTHAM,RANKIN,http://www.leg.state.co.us/clics/clics2015a/csl.nsf/billsummary/141CE45F3323EF4A87257DFF000356B2?opendocument
SB15-237,2015,RS,Calculation Of Limitations In Higher Ed Funding,LAMBERT,HAMNER,http://www.leg.state.co.us/clics/clics2015a/csl.nsf/billsummary/FEEC8ECE443BACAC87257E000070FCD3?opendocument
SB15-238,2015,RS,General Fund Exempt Institutions Of Higher Ed Uses,STEADMAN,HAMNER,http://www.leg.state.co.us/clics/clics2015a/csl.nsf/billsummary/0E313E9BF6BA399F87257E0E006F0D3E?opendocument
SB15-239,2015,RS,Transfer Vocational Rehab From DHS To CDLE,LAMBERT,YOUNG,http://www.leg.state.co.us/clics/clics2015a/csl.nsf/billsummary/F5D394740AB113E587257DCC000288EB?opendocument
SB15-240,2015,RS,Funding Formula Independent Living Centers,STEADMAN,YOUNG,http://www.leg.state.co.us/clics/clics2015a/csl.nsf/billsummary/B9B39B21FA62A32987257DCD000B9F08?opendocument
SB15-241,2015,RS,Collaborative Management Program Human Services,STEADMAN,YOUNG,http://www.leg.state.co.us/clics/clics2015a/csl.nsf/billsummary/508D047E144467C787257DFF00032113?opendocument
SB15-242,2015,RS,Child Welfare Staff Funding Allocation,GRANTHAM,YOUNG,http://www.leg.state.co.us/clics/clics2015a/csl.nsf/billsummary/855A632D261381B187257DFF00039976?opendocument
SB15-243,2015,RS,Prohibit Closure Of Beds For Dev Disab Waiver,LAMBERT,YOUNG,http://www.leg.state.co.us/clics/clics2015a/csl.nsf/billsummary/E1AFB264E87BAF1A87257E060060DF1B?opendocument
SB15-244,2015,RS,Transfers Related To Fed Mineral Lease Recoupment,GRANTHAM,RANKIN,http://www.leg.state.co.us/clics/clics2015a/csl.nsf/billsummary/C6F4584BE09B65D787257DCD000B6CEF?opendocument
SB15-245,2015,RS,Provide State Funding To Map Natural Hazard Areas,GRANTHAM,YOUNG,http://www.leg.state.co.us/clics/clics2015a/csl.nsf/billsummary/7A18FF00ED7A2BB387257E04006F1F91?opendocument
SB15-246,2015,RS,Statewide Financial IT Systems Mod For DPA,LAMBERT,RANKIN,http://www.leg.state.co.us/clics/clics2015a/csl.nsf/billsummary/71A5207D49CF3BD087257DE300580338?opendocument
SB15-247,2015,RS,Tobacco Settlement Funded Drug Assistance Program,STEADMAN,YOUNG,http://www.leg.state.co.us/clics/clics2015a/csl.nsf/billsummary/73CD69AC30EA022D87257DF20079F6F4?opendocument
SB15-248,2015,RS,Repeal State Facility Security Fund,LAMBERT,HAMNER,http://www.leg.state.co.us/clics/clics2015a/csl.nsf/billsummary/EC63F8A27F9497FC87257DFF0072F72A?opendocument
SB15-249,2015,RS,Marijuana Tax Cash Fund Transfer To General Fund,LAMBERT,HAMNER,http://www.leg.state.co.us/clics/clics2015a/csl.nsf/billsummary/720106A68C78F41987257E0E0060A407?opendocument
SB15-250,2015,RS,Capital Related Transfers Of Moneys,LAMBERT,HAMNER,http://www.leg.state.co.us/clics/clics2015a/csl.nsf/billsummary/FFB41F3398EDA04487257E04006ED34A?opendocument
SB15-251,2015,RS,Gen Fund Reserve Exclude Lease-purchase Payments,LAMBERT,HAMNER,http://www.leg.state.co.us/clics/clics2015a/csl.nsf/billsummary/BC9A90F7D38CF04187257E0700587FCC?opendocument
SB15-252,2015,RS,Energy Loans For School Energy Audits,JOHNSTON,,http://www.leg.state.co.us/clics/clics2015a/csl.nsf/billsummary/58BFAF45EC2C7FD887257DA8007E68F0?opendocument
SB15-253,2015,RS,CO Water Conservation Bd Construction Fund Project,SONNENBERG,VIGIL,http://www.leg.state.co.us/clics/clics2015a/csl.nsf/billsummary/8EEC51C07E20CA8087257DE0005F7FF9?opendocument
SB15-254,2015,RS,Renewable Energy Std New Solar Extend Date,GRANTHAM,LEE,http://www.leg.state.co.us/clics/clics2015a/csl.nsf/billsummary/CCB99ED4DA7C05BD87257DEB0053E8AC?opendocument
SB15-255,2015,RS,Deposit Severance Tax Revenues In General Fund,LAMBERT,HAMNER,http://www.leg.state.co.us/clics/clics2015a/csl.nsf/billsummary/BA0DF4AC4EB39CD587257E11007805AC?opendocument
SB15-256,2015,RS,CO Health Insurance Exchange Oversight Committee,ROBERTS,MCCANN,http://www.leg.state.co.us/clics/clics2015a/csl.nsf/billsummary/39AC80DE37AD975F87257E0E004EE3F1?opendocument
SB15-257,2015,RS,Ed Stds & Assessments & Flexibility Pilot Program,HILL; MERRIFIELD,HAMNER; WILSON,http://www.leg.state.co.us/clics/clics2015a/csl.nsf/billsummary/FB77D2462DD5FD5287257E0C005CB6BA?opendocument
SB15-258,2015,RS,Coordinated Review CO2 Emission Reduction Measures,COOKE; SONNENBERG,DORE,http://www.leg.state.co.us/clics/clics2015a/csl.nsf/billsummary/774B837E459FBDD787257DF9005C5CF3?opendocument
SB15-259,2015,RS,Out-of-network Health Care Provider Charges,AGUILAR,LONTINE,http://www.leg.state.co.us/clics/clics2015a/csl.nsf/billsummary/FE8EF6134032904687257D9B0054B796?opendocument
SB15-260,2015,RS,Medical Marijuana Product Testing,AGUILAR,GINAL,http://www.leg.state.co.us/clics/clics2015a/csl.nsf/billsummary/7C3A642403C1EFF187257E0E004FA443?opendocument
SB15-261,2015,RS,Utility's Public Notice Of Schedule Changes,SONNENBERG,YOUNG,http://www.leg.state.co.us/clics/clics2015a/csl.nsf/billsummary/C10A99EA27577ECE87257DFD005D75CD?opendocument
SB15-262,2015,RS,Blanket Sickness And Accident Insurance,NEVILLE T.,WILLIAMS,http://www.leg.state.co.us/clics/clics2015a/csl.nsf/billsummary/71E8CC6F7A1408E387257E1100784388?opendocument
SB15-263,2015,RS,Colorado Marijuana Control Commission,STEADMAN; HOLBERT,,http://www.leg.state.co.us/clics/clics2015a/csl.nsf/billsummary/3241872DAC979EC087257E06007B3B95?opendocument
SB15-264,2015,RS,Revisor's Bill,JOHNSTON,KAGAN,http://www.leg.state.co.us/clics/clics2015a/csl.nsf/billsummary/FC96453A36E8D0EE87257DB30073590D?opendocument
SB15-265,2015,RS,Health Insurance Hospital Liens,CADMAN,HULLINGHORST,http://www.leg.state.co.us/clics/clics2015a/csl.nsf/billsummary/1939CF6E165C29E487257DE0005E371D?opendocument
SB15-266,2015,RS,Deliver Motor Vehicle Cert Of Title 30 Days,SONNENBERG,KRAFT-THARP,http://www.leg.state.co.us/clics/clics2015a/csl.nsf/billsummary/921498395D365D4687257E130077ECA7?opendocument
SB15-267,2015,RS,School Finance,HILL,HAMNER,http://www.leg.state.co.us/clics/clics2015a/csl.nsf/billsummary/4F9603074B549F8487257DE10066765A?opendocument
SB15-268,2015,RS,Offenses Against Unborn Children,CADMAN,LAWRENCE,http://www.leg.state.co.us/clics/clics2015a/csl.nsf/billsummary/24F74723D8D3AAAF87257E150061B659?opendocument
SB15-269,2015,RS,Independent Contractor Unemployment Insurance,ROBERTS,BROWN,http://www.leg.state.co.us/clics/clics2015a/csl.nsf/billsummary/69F64465872DB38D87257DEB007D7E40?opendocument
SB15-270,2015,RS,Create The Office Of State Architect,LAMBERT,RANKIN,http://www.leg.state.co.us/clics/clics2015a/csl.nsf/billsummary/F158D5315C55F05487257DCD000AC320?opendocument
SB15-271,2015,RS,Continuation Of The Office Of Consumer Counsel,SONNENBERG,BECKER J.,http://www.leg.state.co.us/clics/clics2015a/csl.nsf/billsummary/DB31265768D7E46687257E2D0071BF27?opendocument
SB15-272,2015,RS,Auth New Transportation Revenue Anticipation Notes,BAUMGARDNER,DELGROSSO,http://www.leg.state.co.us/clics/clics2015a/csl.nsf/billsummary/15CEFF3F3813E12587257E110077BF28?opendocument
SB15-273,2015,RS,Mail Ballot Opt Out,LUNDBERG; WOODS,,http://www.leg.state.co.us/clics/clics2015a/csl.nsf/billsummary/5DC00CAAE2B7DA5D87257E0E0050B054?opendocument
SB15-274,2015,RS,Sales & Use Tax Exemption For Soft Drinks,BALMER,THURLOW,http://www.leg.state.co.us/clics/clics2015a/csl.nsf/billsummary/8A5B6DD84A5985BF87257E20006AAE34?opendocument
SB15-275,2015,RS,Protections Information Provided General Assembly,LAMBERT; CARROLL,HULLINGHORST; YOUNG,http://www.leg.state.co.us/clics/clics2015a/csl.nsf/billsummary/FB867541B718312387257E30005CFBF7?opendocument
SB15-276,2015,RS,Voter Approval For Use Of Red Light Cameras,BALMER; CARROLL,VAN WINKLE; HUMPHREY,http://www.leg.state.co.us/clics/clics2015a/csl.nsf/billsummary/57C10893265401ED87257DF000540E65?opendocument
SB15-277,2015,RS,Promote Accuracy Voter Registration Info,WOODS; LUNDBERG,,http://www.leg.state.co.us/clics/clics2015a/csl.nsf/billsummary/BE812BEAA6A0C91587257E0E0052F24E?opendocument
SB15-278,2015,RS,Allow Dome Restoration Moneys For Cap Restoration,LAMBERT; STEADMAN,HAMNER,http://www.leg.state.co.us/clics/clics2015a/csl.nsf/billsummary/43B3C1B2D1C6CE5D87257E2F0051C0A4?opendocument
SB15-279,2015,RS,Surety Reqmnt For Appealing Tax Bills Claimed Due,NEVILLE T.; JAHN,KRAFT-THARP; KEYSER,http://www.leg.state.co.us/clics/clics2015a/csl.nsf/billsummary/9866686DA196332987257E19004C9015?opendocument
SB15-280,2015,RS,Hold Harmless On-line Pupil Count In Size Factor,SCHEFFEL; CARROLL,WILSON; FIELDS,http://www.leg.state.co.us/clics/clics2015a/csl.nsf/billsummary/15C5CC7A837F52BE87257E2F00501DFD?opendocument
SB15-281,2015,RS,Institute Charter School Plan Meetings,HILL,KRAFT-THARP,http://www.leg.state.co.us/clics/clics2015a/csl.nsf/billsummary/4FB73A805327BD7087257E2F0050E044?opendocument
SB15-282,2015,RS,Jump-start Prog Econ Dev Distressed Counties,SCOTT; JOHNSTON,DURAN; WILLETT,http://www.leg.state.co.us/clics/clics2015a/csl.nsf/billsummary/FD787F76484E655887257DFD005EB91D?opendocument
SB15-283,2015,RS,Debt Collections Actions And Exemptions,WOODS,LEE,http://www.leg.state.co.us/clics/clics2015a/csl.nsf/billsummary/E5D6FAD9398F896887257E2F0050988F?opendocument
SB15-284,2015,RS,Voter Approval TIF Payments Ag Land,CADMAN; SCHEFFEL,VIGIL; LUNDEEN,http://www.leg.state.co.us/clics/clics2015a/csl.nsf/billsummary/E06FBE327BD7EA2287257DF9005EB157?opendocument
SB15-285,2015,RS,A Woman's Right To Accurate Healthcare Information,NEVILLE T.,NEVILLE P.; SAINE,http://www.leg.state.co.us/clics/clics2015a/csl.nsf/billsummary/1D72AE98AACBA9A087257D940080D9D3?opendocument
SB15-286,2015,RS,Repeal Motorcycle Operator Safety Training Program,SONNENBERG,SAINE; MELTON,http://www.leg.state.co.us/clics/clics2015a/csl.nsf/billsummary/CF5CC22C0D19E76987257E2F00512E61?opendocument
SB15-287,2015,RS,Restore Presidential Primary Election,ULIBARRI; CROWDER,MORENO; DORE,http://www.leg.state.co.us/clics/clics2015a/csl.nsf/billsummary/3B39D766311AC68887257E2F0052F863?opendocument
SB15-288,2015,RS,Compensation Of State & County Public Officials,BAUMGARDNER; HODGE,HAMNER; RANKIN,http://www.leg.state.co.us/clics/clics2015a/csl.nsf/billsummary/B921580F2C1D6A0C87257D87006B9DC9?opendocument
SB15-289,2015,RS,Cap Fee Increases Assisted Living Residences,CROWDER,PRIMAVERA,http://www.leg.state.co.us/clics/clics2015a/csl.nsf/billsummary/1F35B1076287761887257E36007DDFA8?opendocument
SB15-290,2015,RS,Colorado Student Leaders Institute,TODD,WILSON,http://www.leg.state.co.us/clics/clics2015a/csl.nsf/billsummary/7BFD68C735EB7EC087257E36007D9770?opendocument
HCR15-1001,2015,RS,Colorado Constitution Minimum Wage,MELTON; MORENO,MERRIFIELD,http://www.leg.state.co.us/clics/clics2015a/csl.nsf/billsummary/E5C6B920905E8B0C87257DF6005AE0F4?opendocument
HCR15-1002,2015,RS,CO Leg Overview & Constituent Knowledge Act,PRIOLA,SONNENBERG,http://www.leg.state.co.us/clics/clics2015a/csl.nsf/billsummary/AEF5F3DAAC859D8787257D87006A52BA?opendocument
HCR15-1003,2015,RS,Modify Operations Of The General Assembly,LUNDEEN; DORE,LUNDBERG,http://www.leg.state.co.us/clics/clics2015a/csl.nsf/billsummary/2242715514A1837987257E11006A302A?opendocument
HCR15-1004,2015,RS,Statewide Uniform Sales & Use Tax Definitions,CONTI; KRAFT-THARP,STEADMAN,http://www.leg.state.co.us/clics/clics2015a/csl.nsf/billsummary/94EEA6B19FC8BEC787257E2800562CE0?opendocument
HJR15-1001,2015,RS,Joint Session - Canvassing The Votes,DURAN,SCHEFFEL,http://www.leg.state.co.us/clics/clics2015a/csl.nsf/billsummary/C4F720234450D89587257DB70006750E?opendocument
HJR15-1002,2015,RS,Name Change House Business Affairs & Labor,DURAN,SCHEFFEL,http://www.leg.state.co.us/clics/clics2015a/csl.nsf/billsummary/2F21644413CF3B0C87257DBF0052CB8A?opendocument
HJR15-1003,2015,RS,Joint Session - Governor's Message,DURAN,SCHEFFEL,http://www.leg.state.co.us/clics/clics2015a/csl.nsf/billsummary/2FA37D5CC4FEF33787257DB70006A85D?opendocument
HJR15-1004,2015,RS,Joint Session - State of the Judiciary,DURAN,SCHEFFEL,http://www.leg.state.co.us/clics/clics2015a/csl.nsf/billsummary/3A8D4E93061E53A687257DB70006DC20?opendocument
HJR15-1005,2015,RS,Commemorate Birthday Rev Dr Martin Luther King Jr,RANSOM; MELTON,LUNDBERG; AGUILAR,http://www.leg.state.co.us/clics/clics2015a/csl.nsf/billsummary/258167740AB202EF87257DC7007C5A8D?opendocument
HJR15-1006,2015,RS,Water Projects Revolving Fund Eligibility Lists,VIGIL,SONNENBERG,http://www.leg.state.co.us/clics/clics2015a/csl.nsf/billsummary/6BBA1CFFF0E8FA2A87257DB100761DB4?opendocument
HJR15-1007,2015,RS,Military Appreciation Day,RYDEN; KEYSER,SCOTT; TODD,http://www.leg.state.co.us/clics/clics2015a/csl.nsf/billsummary/640024475577010187257DD4006254EB?opendocument
HJR15-1008,2015,RS,U.S.S. Pueblo,ESGAR; NAVARRO,GARCIA; ULIBARRI,http://www.leg.state.co.us/clics/clics2015a/csl.nsf/billsummary/878F9468713C0C2087257DD60061F17B?opendocument
HJR15-1009,2015,RS,Anniversary Partnership CO Natl Guard & Jordan,PRIMAVERA; NEVILLE P.,LAMBERT; TODD,http://www.leg.state.co.us/clics/clics2015a/csl.nsf/billsummary/E5F01D343C5A55FB87257DD60062466B?opendocument
HJR15-1010,2015,RS,Colorado Serves,FIELDS; CARVER,CROWDER; TODD,http://www.leg.state.co.us/clics/clics2015a/csl.nsf/billsummary/3A7AAC0DC58E9BB787257DD60062997A?opendocument
HJR15-1011,2015,RS,Honoring Fallen Soldiers,MELTON; LANDGRAF,BALMER; HEATH,http://www.leg.state.co.us/clics/clics2015a/csl.nsf/billsummary/60097000E8ACBE0087257DD3007BBF93?opendocument
HJR15-1012,2015,RS,Rename Section Of CO Hwy 93 For Sgt. David Baldwin,KEYSER; DANIELSON,JAHN,http://www.leg.state.co.us/clics/clics2015a/csl.nsf/billsummary/AF36526D73C8632387257D8C007966D2?opendocument
HJR15-1013,2015,RS,Human Trafficking Awareness Advocacy Day,MCCANN; NORDBERG,KEFALAS; COOKE,http://www.leg.state.co.us/clics/clics2015a/csl.nsf/billsummary/8C8FBC10E228BB0A87257DDC0069F69A?opendocument
HJR15-1014,2015,RS,Intellectual And Developmental Disabilities,YOUNG; LANDGRAF,LAMBERT; NEWELL,http://www.leg.state.co.us/clics/clics2015a/csl.nsf/billsummary/3B4D5993814404FC87257DCC00651BBC?opendocument
HJR15-1015,2015,RS,National Purebred Dog Day May 1,LAWRENCE; PRIMAVERA,LUNDBERG,http://www.leg.state.co.us/clics/clics2015a/csl.nsf/billsummary/8B639041DCE41F8A87257DBE0074BD87?opendocument
HJR15-1016,2015,RS,Ute History In Colorado,BROWN; CORAM,ROBERTS,http://www.leg.state.co.us/clics/clics2015a/csl.nsf/billsummary/AEDBE7C61C32614787257E0B0076AC3F?opendocument
HJR15-1017,2015,RS,Designate A National Day Of The Cowboy,BROWN; FIELDS,SONNENBERG; BAUMGARDNER,http://www.leg.state.co.us/clics/clics2015a/csl.nsf/billsummary/8B5F87AD18A65AC687257DFE007348A2?opendocument
HJR15-1018,2015,RS,Cesar Chavez Day & Honoring Dolores Huerta,PABON; DURAN,GUZMAN,http://www.leg.state.co.us/clics/clics2015a/csl.nsf/billsummary/EA6A82269F5C88D287257E0D00575F9E?opendocument
HJR15-1019,2015,RS,Holocaust Awareness Week,ROSENTHAL; SIAS,CROWDER; ULIBARRI,http://www.leg.state.co.us/clics/clics2015a/csl.nsf/billsummary/ADBDEEAD51D638B787257E0D00711E15?opendocument
HJR15-1020,2015,RS,Fitzsimons VA Hospital,WINDHOLZ; PRIOLA,TODD,http://www.leg.state.co.us/clics/clics2015a/csl.nsf/billsummary/F7AF1892BD4775FC87257DF100821473?opendocument
HJR15-1021,2015,RS,Designate April 14 Equal Pay Day,PETTERSEN; DANIELSON,DONOVAN; TODD,http://www.leg.state.co.us/clics/clics2015a/csl.nsf/billsummary/0118369FD8F0A28887257E2200774792?opendocument
HJR15-1022,2015,RS,CO Legislative Sportsmen's Caucus,WILSON; BECKER K.,BAUMGARDNER; GARCIA,http://www.leg.state.co.us/clics/clics2015a/csl.nsf/billsummary/B5EE395B17D83D2A87257E1B005A80CB?opendocument
HJR15-1023,2015,RS,National Day Of Silence,ESGAR,ULIBARRI,http://www.leg.state.co.us/clics/clics2015a/csl.nsf/billsummary/06F6AD2A008C664487257E2600676B44?opendocument
HJR15-1024,2015,RS,Christopher A. Horns Memorial Highway,WILSON,CROWDER,http://www.leg.state.co.us/clics/clics2015a/csl.nsf/billsummary/772D77DD9AB7FD2A87257E22007DEB54?opendocument
HJR15-1025,2015,RS,May 1 Children's Health Day,FIELDS; TATE,KERR,http://www.leg.state.co.us/clics/clics2015a/csl.nsf/billsummary/D0518DEDF0C61C8F87257E34004DA072?opendocument
HJR15-1026,2015,RS,Adjournment Sine Die,DURAN,SCHEFFEL,http://www.leg.state.co.us/clics/clics2015a/csl.nsf/billsummary/F308129E448F49B287257E34005B7519?opendocument
HJR15-1027,2015,RS,Colorado Teacher Day,BUCKNER; LEE,HILL,http://www.leg.state.co.us/clics/clics2015a/csl.nsf/billsummary/2CA7E31047A5B88A87257E2E0053D47F?opendocument
HR15-1001,2015,RS,Temporary House Rules,DURAN,,http://www.leg.state.co.us/clics/clics2015a/csl.nsf/billsummary/43E1E2529A6D42DB87257DA4005AC3AD?opendocument
HR15-1002,2015,RS,Name Change House Business Affairs & Labor Cmt,DURAN,,http://www.leg.state.co.us/clics/clics2015a/csl.nsf/billsummary/372604FC0C785F0B87257DBF005209F5?opendocument
HR15-1003,2015,RS,Officers and Employees of the House,COURT,,http://www.leg.state.co.us/clics/clics2015a/csl.nsf/billsummary/BE47FEC2A049083987257DB1005B61CF?opendocument
HR15-1004,2015,RS,House Chaplain Position,COURT,,http://www.leg.state.co.us/clics/clics2015a/csl.nsf/billsummary/FF84E674AA18DC5E87257DB1006619DC?opendocument
HR15-1005,2015,RS,House Appointment To Independent Ethics Commission,HULLINGHORST,,http://www.leg.state.co.us/clics/clics2015a/csl.nsf/billsummary/63A8DBE24A5E1E8587257DDB007ED15B?opendocument
HM15-1001,2015,RS,Memorialize Representative Frana Mace,PABON; DURAN,,http://www.leg.state.co.us/clics/clics2015a/csl.nsf/billsummary/8EA436CF8095237A87257E270051265B?opendocument
HJM15-1001,2015,RS,Memorializing Former Senator Robert Allen,MCCANN,STEADMAN; JOHNSTON,http://www.leg.state.co.us/clics/clics2015a/csl.nsf/billsummary/07F4B2656B36360987257DA300757783?opendocument
SCR15-001,2015,RS,Repeal Required Election Of County Surveyors,MARTINEZ HUMENIK,PRIOLA,http://www.leg.state.co.us/clics/clics2015a/csl.nsf/billsummary/A5CDE15C03B7FC0687257DD3006EA179?opendocument
SCR15-002,2015,RS,Ballot Procedure Citizen-initiated Amendments,ROBERTS; STEADMAN,,http://www.leg.state.co.us/clics/clics2015a/csl.nsf/billsummary/859445C8C2CA87BF87257DF9007F65DD?opendocument
SCR15-003,2015,RS,Colorado Constitution Minimum Wage,MERRIFIELD,,http://www.leg.state.co.us/clics/clics2015a/csl.nsf/billsummary/E7B1069889E655E487257E26007B1F98?opendocument
SJR15-001,2015,RS,Temporary Joint Rules,SCHEFFEL,DURAN,http://www.leg.state.co.us/clics/clics2015a/csl.nsf/billsummary/EAE3CCD77486053A87257DB70005DA3E?opendocument
SJR15-002,2015,RS,Employees And Salary Ranges,SCHEFFEL,COURT,http://www.leg.state.co.us/clics/clics2015a/csl.nsf/billsummary/47B11FAD6F2E3FD887257DB700060D8C?opendocument
SJR15-003,2015,RS,Commission On Uniform State Laws Appointments,CADMAN,HULLINGHORST,http://www.leg.state.co.us/clics/clics2015a/csl.nsf/billsummary/6BBF7561E726B5AB87257DB80069F8FF?opendocument
SJR15-004,2015,RS,Request Fed Wildland Fire Suppression Support,ROBERTS,HAMNER,http://www.leg.state.co.us/clics/clics2015a/csl.nsf/billsummary/983489B6B22DAD8987257D88005BF7A4?opendocument
SJR15-005,2015,RS,Designate January 23 Colorado 4-H Day,SONNENBERG,RYDEN,http://www.leg.state.co.us/clics/clics2015a/csl.nsf/billsummary/D01D4197643BCCFC87257DA200559908?opendocument
SJR15-006,2015,RS,Azerbaijan United States Partnership,CROWDER; WOODS,VIGIL,http://www.leg.state.co.us/clics/clics2015a/csl.nsf/billsummary/6AC6D3A22E57F47787257DCF006FA326?opendocument
SJR15-007,2015,RS,Women's Heart Health Awareness,MARTINEZ HUMENIK; DONOVAN,ROUPE; PRIMAVERA,http://www.leg.state.co.us/clics/clics2015a/csl.nsf/billsummary/548278CBE2C5335F87257DD3006DADD2?opendocument
SJR15-008,2015,RS,Support Of US Senate Bill 1602,CROWDER,NAVARRO,http://www.leg.state.co.us/clics/clics2015a/csl.nsf/billsummary/5A33D114ED2E8A0487257DB1005A0B94?opendocument
SJR15-009,2015,RS,Fibroid Awareness Month,NEWELL,MCCANN,http://www.leg.state.co.us/clics/clics2015a/csl.nsf/billsummary/1246B9181850796787257DDC005B4489?opendocument
SJR15-010,2015,RS,Self-care Month,MARTINEZ HUMENIK,MELTON,http://www.leg.state.co.us/clics/clics2015a/csl.nsf/billsummary/F4C09FA8BE5FECBA87257DF1005F5A68?opendocument
SJR15-011,2015,RS,Colorectal Cancer Awareness Month,TODD; MARTINEZ HUMENIK,PRIMAVERA; NAVARRO,http://www.leg.state.co.us/clics/clics2015a/csl.nsf/billsummary/92B430E77A031A8287257DF900680619?opendocument
SJR15-012,2015,RS,ADA Anniversary,AGUILAR; GRANTHAM,LONTINE; LANDGRAF,http://www.leg.state.co.us/clics/clics2015a/csl.nsf/billsummary/0F10A05D8622377287257DF0006AADBB?opendocument
SJR15-013,2015,RS,First Responder Appreciation Day,SCHEFFEL; GARCIA,LAWRENCE; MCCANN,http://www.leg.state.co.us/clics/clics2015a/csl.nsf/billsummary/4BA8809A8AF2DF5587257DFD005C4F08?opendocument
SJR15-014,2015,RS,Costilla County Veterans Memorial Highway,CROWDER,VIGIL,http://www.leg.state.co.us/clics/clics2015a/csl.nsf/billsummary/56DD5882F04C93EB87257D89005D31BF?opendocument
SJR15-015,2015,RS,Agriculture Day,SONNENBERG,BROWN; CORAM,http://www.leg.state.co.us/clics/clics2015a/csl.nsf/billsummary/13747F7B4DB5F53087257DF9007BB133?opendocument
SJR15-016,2015,RS,Single Parents' Day,GRANTHAM,WILLIAMS,http://www.leg.state.co.us/clics/clics2015a/csl.nsf/billsummary/9B175ABBD710FF4287257E040056555B?opendocument
SJR15-017,2015,RS,Colorado Arc Day,KEFALAS; LAMBERT,YOUNG; LANDGRAF,http://www.leg.state.co.us/clics/clics2015a/csl.nsf/billsummary/1162033EB52158C287257E06005C2911?opendocument
SJR15-018,2015,RS,Promote Policies For Investment In Broadband,SCOTT,,http://www.leg.state.co.us/clics/clics2015a/csl.nsf/billsummary/5F8455D34699702B87257DF6006055EF?opendocument
SJR15-019,2015,RS,CO Aerospace Day,TODD; LAMBERT,ROSENTHAL; NORDBERG,http://www.leg.state.co.us/clics/clics2015a/csl.nsf/billsummary/FDB3059D92B50B1087257DFD007F14CC?opendocument
SJR15-020,2015,RS,Women's History Month,TODD; ROBERTS,GINAL; LAWRENCE,http://www.leg.state.co.us/clics/clics2015a/csl.nsf/billsummary/2810C7739FC4D3B387257E0300708187?opendocument
SJR15-021,2015,RS,Colorado Coal,BAUMGARDNER; SONNENBERG,VIGIL; CORAM,http://www.leg.state.co.us/clics/clics2015a/csl.nsf/billsummary/59F914053D1DA93D87257E14005B382C?opendocument
SJR15-022,2015,RS,Conflict Resolution Month,NEWELL,LEE,http://www.leg.state.co.us/clics/clics2015a/csl.nsf/billsummary/21931C213B73F16F87257DF2005304FA?opendocument
SJR15-023,2015,RS,Police Week & Peace Officers' Memorial Day,COOKE; GUZMAN,SIAS,http://www.leg.state.co.us/clics/clics2015a/csl.nsf/billsummary/BDB72261D9BA7C8887257E1A006AACF9?opendocument
SJR15-024,2015,RS,Commemorating 150th Anniv Death Of Abraham Lincoln,HOLBERT; HEATH,RANSOM; ROSENTHAL,http://www.leg.state.co.us/clics/clics2015a/csl.nsf/billsummary/07699854D52F5E2387257E1F0067484F?opendocument
SJR15-025,2015,RS,Space Symposium,LAMBERT,CARVER,http://www.leg.state.co.us/clics/clics2015a/csl.nsf/billsummary/840C6578947FEA1687257E23006553CD?opendocument
SJR15-026,2015,RS,Marine Corps Scholarship Foundation,MARBLE; GARCIA,LEBSOCK; NEVILLE P.,http://www.leg.state.co.us/clics/clics2015a/csl.nsf/billsummary/6E28721B4FAA11FC87257DF20055652C?opendocument
SJR15-027,2015,RS,Armenian Genocide Day Of Remembrance,GUZMAN; LUNDBERG,MORENO,http://www.leg.state.co.us/clics/clics2015a/csl.nsf/billsummary/8AFE6F65B2DDAF0187257DDD006903C7?opendocument
SJR15-028,2015,RS,Convening Date 2016 Legislative Session ,SCHEFFEL,DURAN,http://www.leg.state.co.us/clics/clics2015a/csl.nsf/billsummary/018244E21D12C67187257E2E00550706?opendocument
SJR15-029,2015,RS,Royal Gorge Bridge & Park Grand Reopening,GRANTHAM,WILSON,http://www.leg.state.co.us/clics/clics2015a/csl.nsf/billsummary/BDCAB55CD87B99B987257E2F0053264E?opendocument
SJR15-030,2015,RS,Joint Rule Intro Deadlines Resolutions & Memorials,CARROLL; SCHEFFEL,DELGROSSO; DURAN,http://www.leg.state.co.us/clics/clics2015a/csl.nsf/billsummary/1627F9F4977C07A487257E30005CE217?opendocument
SJR15-031,2015,RS,World Trade Org Compliance Country Of Origin Label,BAUMGARDNER,YOUNG,http://www.leg.state.co.us/clics/clics2015a/csl.nsf/billsummary/C5C027FFC59D060F87257E1900595ED3?opendocument
SJR15-032,2015,RS,Notify Governor Of Adjournment,SCHEFFEL,DURAN,http://www.leg.state.co.us/clics/clics2015a/csl.nsf/billsummary/80FB7796A873E49B87257E34005AE027?opendocument
SR15-001,2015,RS,Temporary Senate Rules,SCHEFFEL,,http://www.leg.state.co.us/clics/clics2015a/csl.nsf/billsummary/F8EAE53663003C9987257DB200019C33?opendocument
SR15-002,2015,RS,Officers And Employees Of The Senate,SCHEFFEL,,http://www.leg.state.co.us/clics/clics2015a/csl.nsf/billsummary/397D14B1235ACC1787257DB200024A26?opendocument
SR15-003,2015,RS,Pregnancy Resource Centers,LUNDBERG; CROWDER,,http://www.leg.state.co.us/clics/clics2015a/csl.nsf/billsummary/6319951455C9E0EE87257DF90064DF6E?opendocument
SR15-004,2015,RS,Secretary Of The Senate,SCHEFFEL; CARROLL,,http://www.leg.state.co.us/clics/clics2015a/csl.nsf/billsummary/CAE5CD8343FC792F87257E36008130F5?opendocument
SM15-001,2015,RS,Memorialize Former Senator Regis Groff,JOHNSTON,,http://www.leg.state.co.us/clics/clics2015a/csl.nsf/billsummary/1A9F4DFF636A921F87257DD3006C30B5?opendocument
SJM15-001,2015,RS,Fort Lewis Coll Native Am Tuition Waiver Fed Fund,STEADMAN,RANKIN,http://www.leg.state.co.us/clics/clics2015a/csl.nsf/billsummary/09ACD5DBFDB742B287257DFF0075975A?opendocument
SJM15-002,2015,RS,Iran International Agreement,LAMBERT,NEVILLE P.,http://www.leg.state.co.us/clics/clics2015a/csl.nsf/billsummary/2D85724275BAA62C87257E2300650525?opendocument
