bill_number,session,session_type,chamber,action_date,action,order
HB18-1001,2018,RS,House,2018-01-10,Introduced In House - Assigned to Business Affairs and Labor,1
HB18-1001,2018,RS,House,2018-02-06,House Committee on Business Affairs and Labor Refer Amended to Finance,2
HB18-1001,2018,RS,House,2018-03-07,House Committee on Finance Refer Unamended to Appropriations,3
HB18-1001,2018,RS,House,2018-04-06,House Committee on Appropriations Refer Amended to House Committee of the Whole,4
HB18-1001,2018,RS,House,2018-04-06,House Second Reading Special Order - Passed with Amendments - Committee,5
HB18-1001,2018,RS,House,2018-04-09,House Third Reading Laid Over to 04/16/2018 - No Amendments,6
HB18-1001,2018,RS,House,2018-04-16,House Third Reading Passed - No Amendments,7
HB18-1001,2018,RS,Senate,2018-04-20,"Introduced In Senate - Assigned to State, Veterans, & Military Affairs",8
HB18-1001,2018,RS,Senate,2018-04-30,"Senate Committee on State, Veterans, & Military Affairs Postpone Indefinitely",9
HB18-1002,2018,RS,House,2018-01-10,Introduced In House - Assigned to Education,1
HB18-1002,2018,RS,House,2018-01-29,House Committee on Education Refer Amended to Appropriations,2
HB18-1002,2018,RS,House,2018-04-11,House Committee on Appropriations Refer Amended to House Committee of the Whole,3
HB18-1002,2018,RS,House,2018-04-12,House Second Reading Special Order - Laid Over Daily - No Amendments,4
HB18-1002,2018,RS,House,2018-04-13,House Second Reading Special Order - Laid Over to 04/16/2018 - No Amendments,5
HB18-1002,2018,RS,House,2018-04-16,"House Second Reading Passed with Amendments - Committee, Floor",6
HB18-1002,2018,RS,House,2018-04-17,House Third Reading Passed - No Amendments,7
HB18-1002,2018,RS,Senate,2018-04-17,Introduced In Senate - Assigned to Education,8
HB18-1002,2018,RS,Senate,2018-04-25,Senate Committee on Education Refer Unamended to Appropriations,9
HB18-1002,2018,RS,Senate,2018-05-04,Senate Committee on Appropriations Refer Unamended to Senate Committee of the Whole,10
HB18-1002,2018,RS,Senate,2018-05-07,Senate Second Reading Special Order - Passed - No Amendments,11
HB18-1002,2018,RS,Senate,2018-05-08,Senate Third Reading Passed - No Amendments,12
HB18-1002,2018,RS,House,2018-05-16,Signed by the Speaker of the House,13
HB18-1002,2018,RS,Senate,2018-05-16,Signed by the President of the Senate,14
HB18-1002,2018,RS,Governor,2018-05-16,Sent to the Governor,15
HB18-1002,2018,RS,Governor,2018-05-25,Governor Signed,16
HB18-1003,2018,RS,House,2018-01-10,Introduced In House - Assigned to Public Health Care & Human Services,1
HB18-1003,2018,RS,House,2018-03-13,House Committee on Public Health Care & Human Services Refer Amended to Appropriations,2
HB18-1003,2018,RS,House,2018-04-19,House Committee on Appropriations Refer Amended to House Committee of the Whole,3
HB18-1003,2018,RS,House,2018-04-19,"House Second Reading Special Order - Passed with Amendments - Committee, Floor",4
HB18-1003,2018,RS,House,2018-04-20,House Third Reading Passed - No Amendments,5
HB18-1003,2018,RS,Senate,2018-04-23,"Introduced In Senate - Assigned to State, Veterans, & Military Affairs",6
HB18-1003,2018,RS,Senate,2018-04-25,"Senate Committee on State, Veterans, & Military Affairs Refer Amended to Legislative Council",7
HB18-1003,2018,RS,Senate,2018-04-26,Senate Committee on Legislative Council Refer Unamended to Appropriations,8
HB18-1003,2018,RS,Senate,2018-04-27,Senate Committee on Appropriations Refer Amended to Senate Committee of the Whole,9
HB18-1003,2018,RS,Senate,2018-05-01,"Senate Second Reading Passed with Amendments - Committee, Floor",10
HB18-1003,2018,RS,Senate,2018-05-02,Senate Third Reading Passed - No Amendments,11
HB18-1003,2018,RS,House,2018-05-02,House Considered Senate Amendments - Result was to Laid Over Daily,12
HB18-1003,2018,RS,House,2018-05-04,House Considered Senate Amendments - Result was to Concur - Repass,13
HB18-1003,2018,RS,House,2018-05-16,Signed by the Speaker of the House,14
HB18-1003,2018,RS,Senate,2018-05-16,Signed by the President of the Senate,15
HB18-1003,2018,RS,Governor,2018-05-16,Sent to the Governor,16
HB18-1003,2018,RS,Governor,2018-05-21,Governor Signed,17
HB18-1004,2018,RS,House,2018-01-10,Introduced In House - Assigned to Finance + Appropriations,1
HB18-1004,2018,RS,House,2018-01-29,House Committee on Finance Refer Amended to Appropriations,2
HB18-1004,2018,RS,House,2018-04-19,House Committee on Appropriations Refer Unamended to House Committee of the Whole,3
HB18-1004,2018,RS,House,2018-04-19,House Second Reading Special Order - Passed with Amendments - Committee,4
HB18-1004,2018,RS,House,2018-04-20,House Third Reading Passed - No Amendments,5
HB18-1004,2018,RS,Senate,2018-04-23,Introduced In Senate - Assigned to Finance,6
HB18-1004,2018,RS,Senate,2018-04-26,Senate Committee on Finance Refer Unamended to Appropriations,7
HB18-1004,2018,RS,Senate,2018-05-01,Senate Committee on Appropriations Refer Unamended to Senate Committee of the Whole,8
HB18-1004,2018,RS,Senate,2018-05-03,Senate Second Reading Passed - No Amendments,9
HB18-1004,2018,RS,Senate,2018-05-04,Senate Third Reading Passed - No Amendments,10
HB18-1004,2018,RS,House,2018-05-16,Signed by the Speaker of the House,11
HB18-1004,2018,RS,Senate,2018-05-16,Signed by the President of the Senate,12
HB18-1004,2018,RS,Governor,2018-05-16,Sent to the Governor,13
HB18-1004,2018,RS,Governor,2018-05-30,Governor Signed,14
HB18-1005,2018,RS,House,2018-01-10,Introduced In House - Assigned to Education,1
HB18-1005,2018,RS,House,2018-01-29,House Committee on Education Refer Amended to House Committee of the Whole,2
HB18-1005,2018,RS,House,2018-02-01,House Second Reading Laid Over to 02/02/2018 - No Amendments,3
HB18-1005,2018,RS,House,2018-02-02,House Second Reading Laid Over to 02/05/2018 - No Amendments,4
HB18-1005,2018,RS,House,2018-02-05,"House Second Reading Passed with Amendments - Committee, Floor",5
HB18-1005,2018,RS,House,2018-02-06,House Third Reading Passed - No Amendments,6
HB18-1005,2018,RS,Senate,2018-02-12,Introduced In Senate - Assigned to Education,7
HB18-1005,2018,RS,Senate,2018-03-01,Senate Committee on Education Refer Unamended to Senate Committee of the Whole,8
HB18-1005,2018,RS,Senate,2018-03-06,Senate Second Reading Passed - No Amendments,9
HB18-1005,2018,RS,Senate,2018-03-07,Senate Third Reading Laid Over Daily - No Amendments,10
HB18-1005,2018,RS,Senate,2018-03-08,Senate Third Reading Passed - No Amendments,11
HB18-1005,2018,RS,House,2018-03-14,Signed by the Speaker of the House,12
HB18-1005,2018,RS,Senate,2018-03-15,Signed by the President of the Senate,13
HB18-1005,2018,RS,Governor,2018-03-15,Sent to the Governor,14
HB18-1005,2018,RS,Governor,2018-03-22,Governor Signed,15
HB18-1006,2018,RS,House,2018-01-10,Introduced In House - Assigned to Public Health Care & Human Services,1
HB18-1006,2018,RS,House,2018-01-30,House Committee on Public Health Care & Human Services Refer Amended to Finance,2
HB18-1006,2018,RS,House,2018-02-05,House Committee on Finance Refer Unamended to Appropriations,3
HB18-1006,2018,RS,House,2018-04-19,House Committee on Appropriations Refer Amended to House Committee of the Whole,4
HB18-1006,2018,RS,House,2018-04-19,"House Second Reading Special Order - Passed with Amendments - Committee, Floor",5
HB18-1006,2018,RS,House,2018-04-20,House Third Reading Passed - No Amendments,6
HB18-1006,2018,RS,Senate,2018-04-23,"Introduced In Senate - Assigned to State, Veterans, & Military Affairs",7
HB18-1006,2018,RS,Senate,2018-05-02,"Senate Committee on State, Veterans, & Military Affairs Refer Amended to Finance",8
HB18-1006,2018,RS,Senate,2018-05-03,Senate Committee on Finance Refer Unamended to Appropriations,9
HB18-1006,2018,RS,Senate,2018-05-03,Senate Committee on Appropriations Refer Amended - Consent Calendar to Senate Committee of the Whole,10
HB18-1006,2018,RS,Senate,2018-05-03,Senate Second Reading Special Order - Passed with Amendments - Committee,11
HB18-1006,2018,RS,Senate,2018-05-04,Senate Third Reading Passed - No Amendments,12
HB18-1006,2018,RS,House,2018-05-04,House Considered Senate Amendments - Result was to Laid Over Daily,13
HB18-1006,2018,RS,House,2018-05-07,House Considered Senate Amendments - Result was to Concur - Repass,14
HB18-1006,2018,RS,House,2018-05-17,Signed by the Speaker of the House,15
HB18-1006,2018,RS,Senate,2018-05-18,Signed by the President of the Senate,16
HB18-1006,2018,RS,Governor,2018-05-18,Sent to the Governor,17
HB18-1006,2018,RS,Governor,2018-06-04,Governor Signed,18
HB18-1007,2018,RS,House,2018-01-10,Introduced In House - Assigned to Public Health Care & Human Services,1
HB18-1007,2018,RS,House,2018-03-13,House Committee on Public Health Care & Human Services Refer Amended to House Committee of the Whole,2
HB18-1007,2018,RS,House,2018-03-16,House Second Reading Special Order - Laid Over to 03/19/2018 - No Amendments,3
HB18-1007,2018,RS,House,2018-03-19,House Second Reading Laid Over to 03/26/2018 - No Amendments,4
HB18-1007,2018,RS,House,2018-03-26,House Second Reading Laid Over to 03/27/2018 - No Amendments,5
HB18-1007,2018,RS,House,2018-03-27,House Second Reading Laid Over to 03/28/2018 - No Amendments,6
HB18-1007,2018,RS,House,2018-03-28,House Second Reading Laid Over to 03/29/2018 - No Amendments,7
HB18-1007,2018,RS,House,2018-03-29,House Second Reading Laid Over to 04/02/2018 - No Amendments,8
HB18-1007,2018,RS,House,2018-04-02,House Second Reading Laid Over to 04/09/2018 - No Amendments,9
HB18-1007,2018,RS,House,2018-04-09,House Second Reading Laid Over to 04/10/2018 - No Amendments,10
HB18-1007,2018,RS,House,2018-04-10,House Second Reading Laid Over to 04/13/2018 - No Amendments,11
HB18-1007,2018,RS,House,2018-04-13,House Second Reading Special Order - Laid Over Daily - No Amendments,12
HB18-1007,2018,RS,House,2018-04-16,House Second Reading Laid Over to 04/17/2018 - No Amendments,13
HB18-1007,2018,RS,House,2018-04-17,House Second Reading Laid Over to 04/19/2018 - No Amendments,14
HB18-1007,2018,RS,House,2018-04-19,"House Second Reading Special Order - Passed with Amendments - Committee, Floor",15
HB18-1007,2018,RS,House,2018-04-20,House Third Reading Passed - No Amendments,16
HB18-1007,2018,RS,Senate,2018-04-23,"Introduced In Senate - Assigned to State, Veterans, & Military Affairs",17
HB18-1007,2018,RS,Senate,2018-05-01,"Senate Committee on State, Veterans, & Military Affairs Refer Unamended - Consent Calendar to Senate Committee of the Whole",18
HB18-1007,2018,RS,Senate,2018-05-02,Senate Second Reading Special Order - Passed - No Amendments,19
HB18-1007,2018,RS,Senate,2018-05-03,Senate Third Reading Passed - No Amendments,20
HB18-1007,2018,RS,House,2018-05-11,Signed by the Speaker of the House,21
HB18-1007,2018,RS,Governor,2018-05-14,Sent to the Governor,22
HB18-1007,2018,RS,Senate,2018-05-14,Signed by the President of the Senate,23
HB18-1007,2018,RS,Governor,2018-05-21,Governor Signed,24
HB18-1008,2018,RS,House,2018-01-10,"Introduced In House - Assigned to Agriculture, Livestock, & Natural Resources",1
HB18-1008,2018,RS,House,2018-01-22,"House Committee on Agriculture, Livestock, & Natural Resources Refer Amended to Finance",2
HB18-1008,2018,RS,House,2018-01-31,House Committee on Finance Refer Unamended to Appropriations,3
HB18-1008,2018,RS,House,2018-02-23,House Committee on Appropriations Refer Unamended to House Committee of the Whole,4
HB18-1008,2018,RS,House,2018-02-26,House Second Reading Special Order - Passed with Amendments - Committee,5
HB18-1008,2018,RS,House,2018-02-27,House Third Reading Passed - No Amendments,6
HB18-1008,2018,RS,Senate,2018-03-05,Introduced In Senate - Assigned to Finance,7
HB18-1008,2018,RS,Senate,2018-03-08,Senate Committee on Finance Refer Amended to Appropriations,8
HB18-1008,2018,RS,Senate,2018-03-27,Senate Committee on Appropriations Refer Unamended to Senate Committee of the Whole,9
HB18-1008,2018,RS,Senate,2018-03-29,Senate Second Reading Laid Over Daily - No Amendments,10
HB18-1008,2018,RS,Senate,2018-04-02,Senate Second Reading Passed with Amendments - Committee,11
HB18-1008,2018,RS,Senate,2018-04-03,Senate Third Reading Passed - No Amendments,12
HB18-1008,2018,RS,House,2018-04-05,House Considered Senate Amendments - Result was to Concur - Repass,13
HB18-1008,2018,RS,House,2018-04-13,Signed by the Speaker of the House,14
HB18-1008,2018,RS,Senate,2018-04-16,Signed by the President of the Senate,15
HB18-1008,2018,RS,Governor,2018-04-16,Sent to the Governor,16
HB18-1008,2018,RS,Governor,2018-04-23,Governor Signed,17
HB18-1009,2018,RS,House,2018-01-10,"Introduced In House - Assigned to Health, Insurance, & Environment",1
HB18-1009,2018,RS,House,2018-03-22,"House Committee on Health, Insurance, & Environment Refer Amended to Appropriations",2
HB18-1009,2018,RS,House,2018-04-19,House Committee on Appropriations Refer Amended to House Committee of the Whole,3
HB18-1009,2018,RS,House,2018-04-19,House Second Reading Special Order - Passed with Amendments - Committee,4
HB18-1009,2018,RS,House,2018-04-20,House Third Reading Passed - No Amendments,5
HB18-1009,2018,RS,Senate,2018-04-23,"Introduced In Senate - Assigned to State, Veterans, & Military Affairs",6
HB18-1009,2018,RS,Senate,2018-05-02,"Senate Committee on State, Veterans, & Military Affairs Postpone Indefinitely",7
HB18-1010,2018,RS,House,2018-01-10,Introduced In House - Assigned to Judiciary,1
HB18-1010,2018,RS,House,2018-01-25,House Committee on Judiciary Refer Amended to House Committee of the Whole,2
HB18-1010,2018,RS,House,2018-01-30,House Second Reading Laid Over to 01/31/2018 - No Amendments,3
HB18-1010,2018,RS,House,2018-01-31,House Second Reading Laid Over to 02/01/2018 - No Amendments,4
HB18-1010,2018,RS,House,2018-02-01,House Second Reading Passed with Amendments - Committee,5
HB18-1010,2018,RS,House,2018-02-02,House Third Reading Passed - No Amendments,6
HB18-1010,2018,RS,Senate,2018-02-05,Introduced In Senate - Assigned to Judiciary,7
HB18-1010,2018,RS,Senate,2018-02-21,Senate Committee on Judiciary Refer Unamended - Consent Calendar to Senate Committee of the Whole,8
HB18-1010,2018,RS,Senate,2018-02-26,Senate Second Reading Passed - No Amendments,9
HB18-1010,2018,RS,Senate,2018-02-27,Senate Third Reading Passed - No Amendments,10
HB18-1010,2018,RS,Senate,2018-03-06,Signed by the President of the Senate,11
HB18-1010,2018,RS,House,2018-03-06,Signed by the Speaker of the House,12
HB18-1010,2018,RS,Governor,2018-03-07,Sent to the Governor,13
HB18-1010,2018,RS,Governor,2018-03-07,Governor Signed,14
HB18-1011,2018,RS,House,2018-01-10,Introduced In House - Assigned to Finance,1
HB18-1011,2018,RS,House,2018-02-26,House Committee on Finance Witness Testimony and/or Committee Discussion Only,2
HB18-1011,2018,RS,House,2018-02-28,House Committee on Finance Refer Amended to Appropriations,3
HB18-1011,2018,RS,House,2018-03-27,House Committee on Appropriations Refer Amended to House Committee of the Whole,4
HB18-1011,2018,RS,House,2018-03-29,House Second Reading Laid Over to 04/06/2018 - No Amendments,5
HB18-1011,2018,RS,House,2018-04-06,House Second Reading Special Order - Laid Over to 04/10/2018 - No Amendments,6
HB18-1011,2018,RS,House,2018-04-10,House Second Reading Laid Over to 04/13/2018 - No Amendments,7
HB18-1011,2018,RS,House,2018-04-13,House Second Reading Special Order - Laid Over Daily - No Amendments,8
HB18-1011,2018,RS,House,2018-04-16,House Second Reading Laid Over to 04/17/2018 - No Amendments,9
HB18-1011,2018,RS,House,2018-04-17,House Second Reading Laid Over to 04/19/2018 - No Amendments,10
HB18-1011,2018,RS,House,2018-04-19,"House Second Reading Special Order - Passed with Amendments - Committee, Floor",11
HB18-1011,2018,RS,House,2018-04-20,House Third Reading Laid Over to 04/24/2018 - No Amendments,12
HB18-1011,2018,RS,House,2018-04-24,House Third Reading Re-referred to House Committee of the Whole - No Amendments,13
HB18-1011,2018,RS,House,2018-04-25,House Second Reading Laid Over Daily - No Amendments,14
HB18-1011,2018,RS,House,2018-05-01,House Third Reading Passed with Amendments - Floor,15
HB18-1011,2018,RS,Senate,2018-05-01,Introduced In Senate - Assigned to Finance,16
HB18-1011,2018,RS,Senate,2018-05-03,Senate Committee on Finance Refer Amended to Appropriations,17
HB18-1011,2018,RS,Senate,2018-05-07,Senate Committee on Appropriations Refer Amended to Senate Committee of the Whole,18
HB18-1011,2018,RS,Senate,2018-05-07,"Senate Second Reading Special Order - Passed with Amendments - Committee, Floor",19
HB18-1011,2018,RS,Senate,2018-05-08,Senate Third Reading Passed - No Amendments,20
HB18-1011,2018,RS,House,2018-05-08,House Considered Senate Amendments - Result was to Concur - Repass,21
HB18-1011,2018,RS,House,2018-05-22,Signed by the Speaker of the House,22
HB18-1011,2018,RS,Senate,2018-05-22,Signed by the President of the Senate,23
HB18-1011,2018,RS,Governor,2018-05-22,Sent to the Governor,24
HB18-1011,2018,RS,Governor,2018-06-05,Governor Vetoed,25
HB18-1012,2018,RS,House,2018-01-10,"Introduced In House - Assigned to Health, Insurance, & Environment",1
HB18-1012,2018,RS,House,2018-02-08,"House Committee on Health, Insurance, & Environment Refer Amended to House Committee of the Whole",2
HB18-1012,2018,RS,House,2018-02-13,House Second Reading Laid Over to 02/14/2018 - No Amendments,3
HB18-1012,2018,RS,House,2018-02-14,House Second Reading Passed with Amendments - Committee,4
HB18-1012,2018,RS,House,2018-02-15,House Third Reading Passed - No Amendments,5
HB18-1012,2018,RS,Senate,2018-02-21,Introduced In Senate - Assigned to Health & Human Services,6
HB18-1012,2018,RS,Senate,2018-03-08,Senate Committee on Health & Human Services Refer Amended to Senate Committee of the Whole,7
HB18-1012,2018,RS,Senate,2018-03-13,Senate Second Reading Passed with Amendments - Committee,8
HB18-1012,2018,RS,Senate,2018-03-14,Senate Third Reading Passed - No Amendments,9
HB18-1012,2018,RS,House,2018-03-15,House Considered Senate Amendments - Result was to Concur - Repass,10
HB18-1012,2018,RS,House,2018-03-21,Signed by the Speaker of the House,11
HB18-1012,2018,RS,Senate,2018-03-21,Signed by the President of the Senate,12
HB18-1012,2018,RS,Governor,2018-03-21,Sent to the Governor,13
HB18-1012,2018,RS,Governor,2018-03-29,Governor Signed,14
HB18-1013,2018,RS,House,2018-01-10,Introduced In House - Assigned to Finance + Appropriations,1
HB18-1013,2018,RS,House,2018-01-31,House Committee on Finance Refer Unamended to Appropriations,2
HB18-1013,2018,RS,House,2018-05-10,House Committee on Appropriations Postpone Indefinitely,3
HB18-1014,2018,RS,House,2018-01-10,Introduced In House - Assigned to Education,1
HB18-1014,2018,RS,House,2018-02-05,House Committee on Education Lay Over Unamended - Amendment(s) Failed,2
HB18-1014,2018,RS,House,2018-02-28,House Committee on Education Postpone Indefinitely,3
HB18-1015,2018,RS,House,2018-01-10,"Introduced In House - Assigned to State, Veterans, & Military Affairs",1
HB18-1015,2018,RS,House,2018-02-21,"House Committee on State, Veterans, & Military Affairs Postpone Indefinitely",2
HB18-1016,2018,RS,House,2018-01-10,Introduced In House - Assigned to Transportation & Energy,1
HB18-1016,2018,RS,House,2018-01-24,House Committee on Transportation & Energy Refer Unamended to Appropriations,2
HB18-1016,2018,RS,House,2018-02-23,House Committee on Appropriations Refer Amended to House Committee of the Whole,3
HB18-1016,2018,RS,House,2018-02-26,House Second Reading Special Order - Passed with Amendments - Committee,4
HB18-1016,2018,RS,House,2018-02-27,House Third Reading Laid Over to 03/05/2018 - No Amendments,5
HB18-1016,2018,RS,House,2018-03-05,House Third Reading Passed - No Amendments,6
HB18-1016,2018,RS,Senate,2018-03-12,Introduced In Senate - Assigned to Finance,7
HB18-1016,2018,RS,Senate,2018-03-20,Senate Committee on Finance Postpone Indefinitely,8
HB18-1017,2018,RS,House,2018-01-10,"Introduced In House - Assigned to Health, Insurance, & Environment",1
HB18-1017,2018,RS,House,2018-02-08,"House Committee on Health, Insurance, & Environment Refer Unamended to Finance",2
HB18-1017,2018,RS,House,2018-02-14,House Committee on Finance Refer Unamended to Appropriations,3
HB18-1017,2018,RS,House,2018-02-23,House Committee on Appropriations Refer Amended to House Committee of the Whole,4
HB18-1017,2018,RS,House,2018-02-26,House Second Reading Special Order - Passed with Amendments - Committee,5
HB18-1017,2018,RS,House,2018-02-27,House Third Reading Passed - No Amendments,6
HB18-1017,2018,RS,Senate,2018-03-05,Introduced In Senate - Assigned to Finance,7
HB18-1017,2018,RS,Senate,2018-03-15,Senate Committee on Finance Refer Unamended to Appropriations,8
HB18-1017,2018,RS,Senate,2018-03-27,Senate Committee on Appropriations Refer Unamended to Senate Committee of the Whole,9
HB18-1017,2018,RS,Senate,2018-03-29,Senate Second Reading Laid Over Daily - No Amendments,10
HB18-1017,2018,RS,Senate,2018-04-02,Senate Second Reading Passed - No Amendments,11
HB18-1017,2018,RS,Senate,2018-04-03,Senate Third Reading Passed - No Amendments,12
HB18-1017,2018,RS,House,2018-04-10,Signed by the Speaker of the House,13
HB18-1017,2018,RS,Senate,2018-04-11,Signed by the President of the Senate,14
HB18-1017,2018,RS,Governor,2018-04-11,Sent to the Governor,15
HB18-1017,2018,RS,Governor,2018-04-12,Governor Signed,16
HB18-1018,2018,RS,House,2018-01-10,Introduced In House - Assigned to Transportation & Energy,1
HB18-1018,2018,RS,House,2018-02-21,House Committee on Transportation & Energy Refer Amended to House Committee of the Whole,2
HB18-1018,2018,RS,House,2018-02-26,House Second Reading Passed with Amendments - Committee,3
HB18-1018,2018,RS,House,2018-02-27,House Third Reading Passed - No Amendments,4
HB18-1018,2018,RS,Senate,2018-03-12,"Introduced In Senate - Assigned to State, Veterans, & Military Affairs",5
HB18-1018,2018,RS,Senate,2018-03-20,"Senate Committee on State, Veterans, & Military Affairs Witness Testimony and/or Committee Discussion Only",6
HB18-1018,2018,RS,Senate,2018-03-21,"Senate Committee on State, Veterans, & Military Affairs Refer Amended to Senate Committee of the Whole",7
HB18-1018,2018,RS,Senate,2018-03-26,Senate Second Reading Laid Over Daily - No Amendments,8
HB18-1018,2018,RS,Senate,2018-03-28,Senate Second Reading Passed with Amendments - Committee,9
HB18-1018,2018,RS,Senate,2018-03-29,Senate Third Reading Passed - No Amendments,10
HB18-1018,2018,RS,House,2018-04-03,House Considered Senate Amendments - Result was to Concur - Repass,11
HB18-1018,2018,RS,House,2018-04-10,Signed by the Speaker of the House,12
HB18-1018,2018,RS,Senate,2018-04-11,Signed by the President of the Senate,13
HB18-1018,2018,RS,Governor,2018-04-11,Sent to the Governor,14
HB18-1018,2018,RS,Governor,2018-04-12,Governor Signed,15
HB18-1019,2018,RS,House,2018-01-10,Introduced In House - Assigned to Education,1
HB18-1019,2018,RS,House,2018-03-21,House Committee on Education Refer Amended to Appropriations,2
HB18-1019,2018,RS,House,2018-04-23,House Committee on Appropriations Refer Amended to House Committee of the Whole,3
HB18-1019,2018,RS,House,2018-04-24,"House Second Reading Special Order - Passed with Amendments - Committee, Floor",4
HB18-1019,2018,RS,House,2018-04-25,House Third Reading Laid Over to 04/26/2018 - No Amendments,5
HB18-1019,2018,RS,House,2018-04-26,House Third Reading Passed - No Amendments,6
HB18-1019,2018,RS,Senate,2018-04-26,Introduced In Senate - Assigned to Finance,7
HB18-1019,2018,RS,Senate,2018-05-02,Senate Committee on Finance Refer Amended to Appropriations,8
HB18-1019,2018,RS,Senate,2018-05-03,Senate Committee on Appropriations Refer Unamended to Senate Committee of the Whole,9
HB18-1019,2018,RS,Senate,2018-05-07,Senate Second Reading Laid Over Daily with Amendments - Committee,10
HB18-1019,2018,RS,Senate,2018-05-08,Senate Second Reading Passed with Amendments - Committee,11
HB18-1019,2018,RS,Senate,2018-05-09,Senate Third Reading Passed - No Amendments,12
HB18-1019,2018,RS,House,2018-05-09,House Considered Senate Amendments - Result was to Concur - Repass,13
HB18-1019,2018,RS,House,2018-05-22,Signed by the Speaker of the House,14
HB18-1019,2018,RS,Senate,2018-05-22,Signed by the President of the Senate,15
HB18-1019,2018,RS,Governor,2018-05-22,Sent to the Governor,16
HB18-1019,2018,RS,Governor,2018-05-29,Governor Signed,17
HB18-1020,2018,RS,House,2018-01-10,Introduced In House - Assigned to Judiciary,1
HB18-1020,2018,RS,House,2018-02-06,House Committee on Judiciary Refer Amended to Finance,2
HB18-1020,2018,RS,House,2018-02-12,House Committee on Finance Refer Amended to Appropriations,3
HB18-1020,2018,RS,House,2018-04-06,House Committee on Appropriations Refer Amended to House Committee of the Whole,4
HB18-1020,2018,RS,House,2018-04-06,House Second Reading Special Order - Passed with Amendments - Committee,5
HB18-1020,2018,RS,House,2018-04-09,House Third Reading Passed - No Amendments,6
HB18-1020,2018,RS,Senate,2018-04-10,"Introduced In Senate - Assigned to State, Veterans, & Military Affairs",7
HB18-1020,2018,RS,Senate,2018-04-30,"Senate Committee on State, Veterans, & Military Affairs Refer Unamended to Finance",8
HB18-1020,2018,RS,Senate,2018-05-02,Senate Committee on Finance Refer Unamended to Appropriations,9
HB18-1020,2018,RS,Senate,2018-05-03,Senate Committee on Appropriations Refer Unamended to Senate Committee of the Whole,10
HB18-1020,2018,RS,Senate,2018-05-03,Senate Second Reading Special Order - Passed - No Amendments,11
HB18-1020,2018,RS,Senate,2018-05-04,Senate Third Reading Passed - No Amendments,12
HB18-1020,2018,RS,House,2018-05-15,Signed by the Speaker of the House,13
HB18-1020,2018,RS,Senate,2018-05-16,Signed by the President of the Senate,14
HB18-1020,2018,RS,Governor,2018-05-16,Sent to the Governor,15
HB18-1020,2018,RS,Governor,2018-05-29,Governor Signed,16
HB18-1021,2018,RS,House,2018-01-10,Introduced In House - Assigned to Public Health Care & Human Services,1
HB18-1021,2018,RS,House,2018-01-30,House Committee on Public Health Care & Human Services Refer Amended to Appropriations,2
HB18-1021,2018,RS,House,2018-02-23,House Committee on Appropriations Refer Amended to House Committee of the Whole,3
HB18-1021,2018,RS,House,2018-02-26,House Second Reading Special Order - Passed with Amendments - Committee,4
HB18-1021,2018,RS,House,2018-02-27,House Third Reading Laid Over to 03/05/2018 - No Amendments,5
HB18-1021,2018,RS,House,2018-03-05,House Third Reading Laid Over to 03/08/2018 - No Amendments,6
HB18-1021,2018,RS,House,2018-03-08,House Third Reading Laid Over to 03/09/2018 - No Amendments,7
HB18-1021,2018,RS,House,2018-03-09,House Third Reading Passed - No Amendments,8
HB18-1021,2018,RS,Senate,2018-03-12,"Introduced In Senate - Assigned to State, Veterans, & Military Affairs",9
HB18-1021,2018,RS,Senate,2018-03-21,"Senate Committee on State, Veterans, & Military Affairs Postpone Indefinitely",10
HB18-1022,2018,RS,House,2018-01-10,Introduced In House - Assigned to Business Affairs and Labor,1
HB18-1022,2018,RS,House,2018-01-18,House Committee on Business Affairs and Labor Refer Unamended to House Committee of the Whole,2
HB18-1022,2018,RS,House,2018-01-23,House Second Reading Passed - No Amendments,3
HB18-1022,2018,RS,House,2018-01-24,House Third Reading Passed - No Amendments,4
HB18-1022,2018,RS,Senate,2018-01-29,Introduced In Senate - Assigned to Finance,5
HB18-1022,2018,RS,Senate,2018-02-06,Senate Committee on Finance Refer Unamended - Consent Calendar to Senate Committee of the Whole,6
HB18-1022,2018,RS,Senate,2018-02-09,Senate Second Reading Passed - No Amendments,7
HB18-1022,2018,RS,Senate,2018-02-12,Senate Third Reading Passed - No Amendments,8
HB18-1022,2018,RS,House,2018-02-20,Signed by the Speaker of the House,9
HB18-1022,2018,RS,Senate,2018-02-20,Signed by the President of the Senate,10
HB18-1022,2018,RS,Governor,2018-02-20,Sent to the Governor,11
HB18-1022,2018,RS,Governor,2018-03-01,Governor Signed,12
HB18-1023,2018,RS,House,2018-01-10,Introduced In House - Assigned to Judiciary,1
HB18-1023,2018,RS,House,2018-01-23,House Committee on Judiciary Refer Amended to House Committee of the Whole,2
HB18-1023,2018,RS,House,2018-01-26,House Second Reading Passed with Amendments - Committee,3
HB18-1023,2018,RS,House,2018-01-29,House Third Reading Laid Over to 01/30/2018 - No Amendments,4
HB18-1023,2018,RS,House,2018-01-30,House Third Reading Passed - No Amendments,5
HB18-1023,2018,RS,Senate,2018-02-05,Introduced In Senate - Assigned to Judiciary,6
HB18-1023,2018,RS,Senate,2018-02-21,Senate Committee on Judiciary Refer Amended - Consent Calendar to Senate Committee of the Whole,7
HB18-1023,2018,RS,Senate,2018-02-26,Senate Second Reading Passed with Amendments - Committee,8
HB18-1023,2018,RS,Senate,2018-02-27,Senate Third Reading Passed - No Amendments,9
HB18-1023,2018,RS,House,2018-03-06,House Considered Senate Amendments - Result was to Concur - Repass,10
HB18-1023,2018,RS,House,2018-03-14,Signed by the Speaker of the House,11
HB18-1023,2018,RS,Senate,2018-03-15,Signed by the President of the Senate,12
HB18-1023,2018,RS,Governor,2018-03-15,Sent to the Governor,13
HB18-1023,2018,RS,Governor,2018-03-22,Governor Signed,14
HB18-1024,2018,RS,House,2018-01-10,Introduced In House - Assigned to Judiciary,1
HB18-1024,2018,RS,House,2018-01-23,House Committee on Judiciary Refer Amended to House Committee of the Whole,2
HB18-1024,2018,RS,House,2018-01-26,House Second Reading Passed with Amendments - Committee,3
HB18-1024,2018,RS,House,2018-01-29,House Third Reading Laid Over to 01/30/2018 - No Amendments,4
HB18-1024,2018,RS,House,2018-01-30,House Third Reading Passed - No Amendments,5
HB18-1024,2018,RS,Senate,2018-02-05,Introduced In Senate - Assigned to Judiciary,6
HB18-1024,2018,RS,Senate,2018-02-21,Senate Committee on Judiciary Refer Unamended - Consent Calendar to Senate Committee of the Whole,7
HB18-1024,2018,RS,Senate,2018-02-26,Senate Second Reading Passed - No Amendments,8
HB18-1024,2018,RS,Senate,2018-02-27,Senate Third Reading Passed - No Amendments,9
HB18-1024,2018,RS,Senate,2018-03-06,Signed by the President of the Senate,10
HB18-1024,2018,RS,House,2018-03-06,Signed by the Speaker of the House,11
HB18-1024,2018,RS,Governor,2018-03-07,Sent to the Governor,12
HB18-1024,2018,RS,Governor,2018-03-07,Governor Signed,13
HB18-1025,2018,RS,House,2018-01-10,Introduced In House - Assigned to Judiciary,1
HB18-1025,2018,RS,House,2018-01-23,House Committee on Judiciary Refer Amended to Appropriations,2
HB18-1025,2018,RS,House,2018-02-23,House Committee on Appropriations Refer Amended to House Committee of the Whole,3
HB18-1025,2018,RS,House,2018-02-26,House Second Reading Special Order - Passed with Amendments - Committee,4
HB18-1025,2018,RS,House,2018-02-27,House Third Reading Passed - No Amendments,5
HB18-1025,2018,RS,Senate,2018-03-05,Introduced In Senate - Assigned to Judiciary,6
HB18-1025,2018,RS,Senate,2018-03-14,Senate Committee on Judiciary Refer Unamended - Consent Calendar to Senate Committee of the Whole,7
HB18-1025,2018,RS,Senate,2018-03-19,Senate Second Reading Passed - No Amendments,8
HB18-1025,2018,RS,Senate,2018-03-20,Senate Third Reading Passed - No Amendments,9
HB18-1025,2018,RS,House,2018-04-16,Signed by the Speaker of the House,10
HB18-1025,2018,RS,Senate,2018-04-16,Signed by the President of the Senate,11
HB18-1025,2018,RS,Governor,2018-04-17,Sent to the Governor,12
HB18-1025,2018,RS,Governor,2018-04-23,Governor Signed,13
HB18-1026,2018,RS,House,2018-01-10,Introduced In House - Assigned to Judiciary,1
HB18-1026,2018,RS,House,2018-01-23,House Committee on Judiciary Refer Amended to House Committee of the Whole,2
HB18-1026,2018,RS,House,2018-01-26,House Second Reading Passed with Amendments - Committee,3
HB18-1026,2018,RS,House,2018-01-29,House Third Reading Laid Over to 01/30/2018 - No Amendments,4
HB18-1026,2018,RS,House,2018-01-30,House Third Reading Passed - No Amendments,5
HB18-1026,2018,RS,Senate,2018-02-05,Introduced In Senate - Assigned to Judiciary,6
HB18-1026,2018,RS,Senate,2018-02-21,Senate Committee on Judiciary Refer Unamended - Consent Calendar to Senate Committee of the Whole,7
HB18-1026,2018,RS,Senate,2018-02-26,Senate Second Reading Passed - No Amendments,8
HB18-1026,2018,RS,Senate,2018-02-27,Senate Third Reading Passed - No Amendments,9
HB18-1026,2018,RS,Senate,2018-03-06,Signed by the President of the Senate,10
HB18-1026,2018,RS,House,2018-03-06,Signed by the Speaker of the House,11
HB18-1026,2018,RS,Governor,2018-03-07,Sent to the Governor,12
HB18-1026,2018,RS,Governor,2018-03-07,Governor Signed,13
HB18-1027,2018,RS,House,2018-01-10,Introduced In House - Assigned to Judiciary,1
HB18-1027,2018,RS,House,2018-01-23,House Committee on Judiciary Refer Amended to House Committee of the Whole,2
HB18-1027,2018,RS,House,2018-01-26,House Second Reading Passed with Amendments - Committee,3
HB18-1027,2018,RS,House,2018-01-29,House Third Reading Laid Over to 01/30/2018 - No Amendments,4
HB18-1027,2018,RS,House,2018-01-30,House Third Reading Passed - No Amendments,5
HB18-1027,2018,RS,Senate,2018-02-05,Introduced In Senate - Assigned to Judiciary,6
HB18-1027,2018,RS,Senate,2018-02-21,Senate Committee on Judiciary Refer Unamended - Consent Calendar to Senate Committee of the Whole,7
HB18-1027,2018,RS,Senate,2018-02-26,Senate Second Reading Passed - No Amendments,8
HB18-1027,2018,RS,Senate,2018-02-27,Senate Third Reading Passed - No Amendments,9
HB18-1027,2018,RS,House,2018-03-08,Signed by the Speaker of the House,10
HB18-1027,2018,RS,Senate,2018-03-08,Signed by the President of the Senate,11
HB18-1027,2018,RS,Governor,2018-03-09,Sent to the Governor,12
HB18-1027,2018,RS,Governor,2018-03-15,Governor Signed,13
HB18-1028,2018,RS,House,2018-01-10,Introduced In House - Assigned to Judiciary,1
HB18-1028,2018,RS,House,2018-01-23,House Committee on Judiciary Refer Unamended to House Committee of the Whole,2
HB18-1028,2018,RS,House,2018-01-26,House Second Reading Passed - No Amendments,3
HB18-1028,2018,RS,House,2018-01-29,House Third Reading Laid Over to 01/30/2018 - No Amendments,4
HB18-1028,2018,RS,House,2018-01-30,House Third Reading Passed - No Amendments,5
HB18-1028,2018,RS,Senate,2018-02-05,Introduced In Senate - Assigned to Judiciary,6
HB18-1028,2018,RS,Senate,2018-02-26,Senate Committee on Judiciary Refer Amended - Consent Calendar to Senate Committee of the Whole,7
HB18-1028,2018,RS,Senate,2018-03-01,Senate Second Reading Passed with Amendments - Committee,8
HB18-1028,2018,RS,Senate,2018-03-02,Senate Third Reading Laid Over Daily - No Amendments,9
HB18-1028,2018,RS,Senate,2018-03-05,Senate Third Reading Passed - No Amendments,10
HB18-1028,2018,RS,House,2018-03-06,House Considered Senate Amendments - Result was to Concur - Repass,11
HB18-1028,2018,RS,House,2018-03-12,Signed by the Speaker of the House,12
HB18-1028,2018,RS,Senate,2018-03-13,Signed by the President of the Senate,13
HB18-1028,2018,RS,Governor,2018-03-13,Sent to the Governor,14
HB18-1028,2018,RS,Governor,2018-03-15,Governor Signed,15
HB18-1029,2018,RS,House,2018-01-10,Introduced In House - Assigned to Judiciary,1
HB18-1029,2018,RS,House,2018-01-25,House Committee on Judiciary Refer Unamended to Appropriations,2
HB18-1029,2018,RS,House,2018-02-23,House Committee on Appropriations Refer Unamended to House Committee of the Whole,3
HB18-1029,2018,RS,House,2018-02-26,House Second Reading Special Order - Passed with Amendments - Floor,4
HB18-1029,2018,RS,House,2018-02-27,House Third Reading Passed - No Amendments,5
HB18-1029,2018,RS,Senate,2018-03-05,Introduced In Senate - Assigned to Judiciary,6
HB18-1029,2018,RS,Senate,2018-03-14,Senate Committee on Judiciary Refer Amended to Appropriations,7
HB18-1029,2018,RS,Senate,2018-03-27,Senate Committee on Appropriations Refer Unamended to Senate Committee of the Whole,8
HB18-1029,2018,RS,Senate,2018-03-29,Senate Second Reading Laid Over Daily - No Amendments,9
HB18-1029,2018,RS,Senate,2018-04-02,Senate Second Reading Passed with Amendments - Committee,10
HB18-1029,2018,RS,Senate,2018-04-03,Senate Third Reading Passed - No Amendments,11
HB18-1029,2018,RS,House,2018-04-05,House Considered Senate Amendments - Result was to Concur - Repass,12
HB18-1029,2018,RS,House,2018-04-13,Signed by the Speaker of the House,13
HB18-1029,2018,RS,Senate,2018-04-16,Signed by the President of the Senate,14
HB18-1029,2018,RS,Governor,2018-04-16,Sent to the Governor,15
HB18-1029,2018,RS,Governor,2018-04-23,Governor Signed,16
HB18-1030,2018,RS,House,2018-01-10,"Introduced In House - Assigned to State, Veterans, & Military Affairs",1
HB18-1030,2018,RS,House,2018-01-24,"House Committee on State, Veterans, & Military Affairs Postpone Indefinitely",2
HB18-1031,2018,RS,House,2018-01-10,Introduced In House - Assigned to Finance,1
HB18-1031,2018,RS,House,2018-01-17,House Committee on Finance Refer Unamended to House Committee of the Whole,2
HB18-1031,2018,RS,House,2018-01-23,House Second Reading Passed - No Amendments,3
HB18-1031,2018,RS,House,2018-01-24,House Third Reading Passed - No Amendments,4
HB18-1031,2018,RS,Senate,2018-01-29,Introduced In Senate - Assigned to Finance,5
HB18-1031,2018,RS,Senate,2018-02-06,Senate Committee on Finance Refer Unamended - Consent Calendar to Senate Committee of the Whole,6
HB18-1031,2018,RS,Senate,2018-02-09,Senate Second Reading Passed - No Amendments,7
HB18-1031,2018,RS,Senate,2018-02-12,Senate Third Reading Passed - No Amendments,8
HB18-1031,2018,RS,House,2018-02-20,Signed by the Speaker of the House,9
HB18-1031,2018,RS,Senate,2018-02-20,Signed by the President of the Senate,10
HB18-1031,2018,RS,Governor,2018-02-20,Sent to the Governor,11
HB18-1031,2018,RS,Governor,2018-03-01,Governor Signed,12
HB18-1032,2018,RS,House,2018-01-10,"Introduced In House - Assigned to Health, Insurance, & Environment",1
HB18-1032,2018,RS,House,2018-01-30,"House Committee on Health, Insurance, & Environment Refer Unamended to House Committee of the Whole",2
HB18-1032,2018,RS,House,2018-02-02,House Second Reading Laid Over to 02/05/2018 - No Amendments,3
HB18-1032,2018,RS,House,2018-02-05,House Second Reading Passed - No Amendments,4
HB18-1032,2018,RS,House,2018-02-06,House Third Reading Passed - No Amendments,5
HB18-1032,2018,RS,Senate,2018-02-21,Introduced In Senate - Assigned to Health & Human Services,6
HB18-1032,2018,RS,Senate,2018-03-01,Senate Committee on Health & Human Services Refer Unamended to Senate Committee of the Whole,7
HB18-1032,2018,RS,Senate,2018-03-06,Senate Second Reading Passed - No Amendments,8
HB18-1032,2018,RS,Senate,2018-03-07,Senate Third Reading Laid Over Daily - No Amendments,9
HB18-1032,2018,RS,Senate,2018-03-08,Senate Third Reading Passed - No Amendments,10
HB18-1032,2018,RS,House,2018-03-14,Signed by the Speaker of the House,11
HB18-1032,2018,RS,Senate,2018-03-15,Signed by the President of the Senate,12
HB18-1032,2018,RS,Governor,2018-03-15,Sent to the Governor,13
HB18-1032,2018,RS,Governor,2018-03-22,Governor Signed,14
HB18-1033,2018,RS,House,2018-01-10,"Introduced In House - Assigned to State, Veterans, & Military Affairs",1
HB18-1033,2018,RS,House,2018-01-31,"House Committee on State, Veterans, & Military Affairs Refer Amended to House Committee of the Whole",2
HB18-1033,2018,RS,House,2018-02-05,House Second Reading Laid Over to 02/09/2018 - No Amendments,3
HB18-1033,2018,RS,House,2018-02-09,House Second Reading Passed with Amendments - Committee,4
HB18-1033,2018,RS,House,2018-02-12,House Third Reading Passed - No Amendments,5
HB18-1033,2018,RS,Senate,2018-02-12,"Introduced In Senate - Assigned to State, Veterans, & Military Affairs",6
HB18-1033,2018,RS,Senate,2018-02-28,"Senate Committee on State, Veterans, & Military Affairs Postpone Indefinitely",7
HB18-1034,2018,RS,House,2018-01-10,Introduced In House - Assigned to Education + Appropriations,1
HB18-1034,2018,RS,House,2018-02-26,House Committee on Education Refer Amended to Appropriations,2
HB18-1034,2018,RS,House,2018-05-07,House Committee on Appropriations Postpone Indefinitely,3
HB18-1035,2018,RS,House,2018-01-10,Introduced In House - Assigned to Finance + Appropriations,1
HB18-1035,2018,RS,House,2018-01-24,House Committee on Finance Postpone Indefinitely,2
HB18-1036,2018,RS,House,2018-01-10,"Introduced In House - Assigned to State, Veterans, & Military Affairs",1
HB18-1036,2018,RS,House,2018-02-01,"House Committee on State, Veterans, & Military Affairs Postpone Indefinitely",2
HB18-1037,2018,RS,House,2018-01-10,"Introduced In House - Assigned to State, Veterans, & Military Affairs",1
HB18-1037,2018,RS,House,2018-02-21,"House Committee on State, Veterans, & Military Affairs Postpone Indefinitely",2
HB18-1038,2018,RS,House,2018-01-10,Introduced In House - Assigned to Business Affairs and Labor,1
HB18-1038,2018,RS,House,2018-01-18,House Committee on Business Affairs and Labor Refer Amended to House Committee of the Whole,2
HB18-1038,2018,RS,House,2018-01-23,House Second Reading Passed with Amendments - Committee,3
HB18-1038,2018,RS,House,2018-01-24,House Third Reading Passed - No Amendments,4
HB18-1038,2018,RS,Senate,2018-01-29,"Introduced In Senate - Assigned to State, Veterans, & Military Affairs",5
HB18-1038,2018,RS,Senate,2018-02-28,"Senate Committee on State, Veterans, & Military Affairs Postpone Indefinitely",6
HB18-1039,2018,RS,House,2018-01-10,"Introduced In House - Assigned to State, Veterans, & Military Affairs",1
HB18-1039,2018,RS,House,2018-01-31,"House Committee on State, Veterans, & Military Affairs Refer Unamended to House Committee of the Whole",2
HB18-1039,2018,RS,House,2018-02-05,House Second Reading Passed - No Amendments,3
HB18-1039,2018,RS,House,2018-02-06,House Third Reading Passed - No Amendments,4
HB18-1039,2018,RS,Senate,2018-02-12,"Introduced In Senate - Assigned to State, Veterans, & Military Affairs",5
HB18-1039,2018,RS,Senate,2018-02-21,"Senate Committee on State, Veterans, & Military Affairs Refer Unamended - Consent Calendar to Senate Committee of the Whole",6
HB18-1039,2018,RS,Senate,2018-02-26,Senate Second Reading Passed - No Amendments,7
HB18-1039,2018,RS,Senate,2018-02-27,Senate Third Reading Passed - No Amendments,8
HB18-1039,2018,RS,House,2018-03-08,Signed by the Speaker of the House,9
HB18-1039,2018,RS,Senate,2018-03-08,Signed by the President of the Senate,10
HB18-1039,2018,RS,Governor,2018-03-09,Sent to the Governor,11
HB18-1039,2018,RS,Governor,2018-03-15,Governor Signed,12
HB18-1040,2018,RS,House,2018-01-10,Introduced In House - Assigned to Judiciary + Appropriations,1
HB18-1040,2018,RS,House,2018-02-22,House Committee on Judiciary Refer Amended to Appropriations,2
HB18-1040,2018,RS,House,2018-03-16,House Committee on Appropriations Refer Unamended to House Committee of the Whole,3
HB18-1040,2018,RS,House,2018-03-20,House Second Reading Passed with Amendments - Committee,4
HB18-1040,2018,RS,House,2018-03-21,House Third Reading Passed - No Amendments,5
HB18-1040,2018,RS,Senate,2018-03-26,Introduced In Senate - Assigned to Judiciary,6
HB18-1040,2018,RS,Senate,2018-04-09,Senate Committee on Judiciary Refer Unamended to Senate Committee of the Whole,7
HB18-1040,2018,RS,Senate,2018-04-12,Senate Second Reading Passed - No Amendments,8
HB18-1040,2018,RS,Senate,2018-04-13,Senate Third Reading Laid Over Daily - No Amendments,9
HB18-1040,2018,RS,Senate,2018-04-16,Senate Third Reading Passed - No Amendments,10
HB18-1040,2018,RS,House,2018-04-26,Signed by the Speaker of the House,11
HB18-1040,2018,RS,Senate,2018-04-26,Signed by the President of the Senate,12
HB18-1040,2018,RS,Governor,2018-04-26,Sent to the Governor,13
HB18-1040,2018,RS,Governor,2018-05-04,Governor Signed,14
HB18-1041,2018,RS,House,2018-01-10,Introduced In House - Assigned to Judiciary,1
HB18-1041,2018,RS,House,2018-02-01,House Committee on Judiciary Refer Unamended to House Committee of the Whole,2
HB18-1041,2018,RS,House,2018-02-06,House Second Reading Laid Over to 02/07/2018 - No Amendments,3
HB18-1041,2018,RS,House,2018-02-07,House Second Reading Passed - No Amendments,4
HB18-1041,2018,RS,House,2018-02-08,House Third Reading Passed - No Amendments,5
HB18-1041,2018,RS,Senate,2018-02-12,Introduced In Senate - Assigned to Local Government,6
HB18-1041,2018,RS,Senate,2018-02-20,Senate Committee on Local Government Refer Unamended - Consent Calendar to Senate Committee of the Whole,7
HB18-1041,2018,RS,Senate,2018-02-23,Senate Second Reading Passed - No Amendments,8
HB18-1041,2018,RS,Senate,2018-02-26,Senate Third Reading Passed - No Amendments,9
HB18-1041,2018,RS,House,2018-03-01,Signed by the Speaker of the House,10
HB18-1041,2018,RS,Senate,2018-03-02,Signed by the President of the Senate,11
HB18-1041,2018,RS,Governor,2018-03-02,Sent to the Governor,12
HB18-1041,2018,RS,Governor,2018-03-07,Governor Signed,13
HB18-1042,2018,RS,House,2018-01-10,Introduced In House - Assigned to Transportation & Energy,1
HB18-1042,2018,RS,House,2018-01-31,House Committee on Transportation & Energy Refer Amended to Appropriations,2
HB18-1042,2018,RS,House,2018-02-23,House Committee on Appropriations Refer Amended to House Committee of the Whole,3
HB18-1042,2018,RS,House,2018-02-27,House Second Reading Laid Over to 02/28/2018 - No Amendments,4
HB18-1042,2018,RS,House,2018-02-28,House Second Reading Passed with Amendments - Committee,5
HB18-1042,2018,RS,House,2018-03-01,House Third Reading Laid Over to 03/05/2018 - No Amendments,6
HB18-1042,2018,RS,House,2018-03-05,House Third Reading Passed - No Amendments,7
HB18-1042,2018,RS,Senate,2018-03-12,Introduced In Senate - Assigned to Transportation,8
HB18-1042,2018,RS,Senate,2018-03-20,Senate Committee on Transportation Refer Unamended to Appropriations,9
HB18-1042,2018,RS,Senate,2018-03-27,Senate Committee on Appropriations Refer Unamended - Consent Calendar to Senate Committee of the Whole,10
HB18-1042,2018,RS,Senate,2018-03-29,Senate Second Reading Laid Over Daily - No Amendments,11
HB18-1042,2018,RS,Senate,2018-04-02,Senate Second Reading Re-referred to Appropriations - No Amendments,12
HB18-1042,2018,RS,Senate,2018-04-11,Senate Committee on Appropriations Refer Amended - Consent Calendar to Senate Committee of the Whole,13
HB18-1042,2018,RS,Senate,2018-04-11,Senate Second Reading Special Order - Passed with Amendments - Committee,14
HB18-1042,2018,RS,Senate,2018-04-12,Senate Third Reading Passed - No Amendments,15
HB18-1042,2018,RS,House,2018-04-12,House Considered Senate Amendments - Result was to Laid Over Daily,16
HB18-1042,2018,RS,House,2018-04-26,House Considered Senate Amendments - Result was to Concur - Repass,17
HB18-1042,2018,RS,House,2018-05-11,Signed by the Speaker of the House,18
HB18-1042,2018,RS,Governor,2018-05-14,Sent to the Governor,19
HB18-1042,2018,RS,Senate,2018-05-14,Signed by the President of the Senate,20
HB18-1042,2018,RS,Governor,2018-06-06,Governor Signed,21
HB18-1043,2018,RS,House,2018-01-10,"Introduced In House - Assigned to Agriculture, Livestock, & Natural Resources",1
HB18-1043,2018,RS,House,2018-01-29,"House Committee on Agriculture, Livestock, & Natural Resources Postpone Indefinitely",2
HB18-1044,2018,RS,House,2018-01-10,Introduced In House - Assigned to Public Health Care & Human Services,1
HB18-1044,2018,RS,House,2018-01-23,House Committee on Public Health Care & Human Services Refer Amended to House Committee of the Whole,2
HB18-1044,2018,RS,House,2018-01-26,House Second Reading Laid Over to 01/29/2018 - No Amendments,3
HB18-1044,2018,RS,House,2018-01-29,House Second Reading Passed with Amendments - Floor,4
HB18-1044,2018,RS,House,2018-01-30,House Third Reading Passed - No Amendments,5
HB18-1044,2018,RS,Senate,2018-02-05,"Introduced In Senate - Assigned to State, Veterans, & Military Affairs",6
HB18-1044,2018,RS,Senate,2018-02-21,"Senate Committee on State, Veterans, & Military Affairs Witness Testimony and/or Committee Discussion Only",7
HB18-1044,2018,RS,Senate,2018-02-26,"Senate Committee on State, Veterans, & Military Affairs Postpone Indefinitely",8
HB18-1045,2018,RS,House,2018-01-10,Introduced In House - Assigned to Public Health Care & Human Services,1
HB18-1045,2018,RS,House,2018-02-06,House Committee on Public Health Care & Human Services Refer Amended to House Committee of the Whole,2
HB18-1045,2018,RS,House,2018-02-09,House Second Reading Laid Over to 02/12/2018 - No Amendments,3
HB18-1045,2018,RS,House,2018-02-12,"House Second Reading Passed with Amendments - Committee, Floor",4
HB18-1045,2018,RS,House,2018-02-13,House Third Reading Passed - No Amendments,5
HB18-1045,2018,RS,Senate,2018-02-21,"Introduced In Senate - Assigned to Business, Labor, & Technology",6
HB18-1045,2018,RS,Senate,2018-03-05,"Senate Committee on Business, Labor, & Technology Refer Unamended to Senate Committee of the Whole",7
HB18-1045,2018,RS,Senate,2018-03-08,Senate Second Reading Passed - No Amendments,8
HB18-1045,2018,RS,Senate,2018-03-09,Senate Third Reading Laid Over Daily - No Amendments,9
HB18-1045,2018,RS,Senate,2018-03-13,Senate Third Reading Passed - No Amendments,10
HB18-1045,2018,RS,House,2018-03-19,Signed by the Speaker of the House,11
HB18-1045,2018,RS,Senate,2018-03-19,Signed by the President of the Senate,12
HB18-1045,2018,RS,Governor,2018-03-19,Sent to the Governor,13
HB18-1045,2018,RS,Governor,2018-03-22,Governor Signed,14
HB18-1046,2018,RS,House,2018-01-10,"Introduced In House - Assigned to Health, Insurance, & Environment",1
HB18-1046,2018,RS,House,2018-02-08,"House Committee on Health, Insurance, & Environment Refer Unamended to House Committee of the Whole",2
HB18-1046,2018,RS,House,2018-02-26,House Second Reading Passed - No Amendments,3
HB18-1046,2018,RS,House,2018-02-27,House Third Reading Passed - No Amendments,4
HB18-1046,2018,RS,Senate,2018-03-05,"Introduced In Senate - Assigned to State, Veterans, & Military Affairs",5
HB18-1046,2018,RS,Senate,2018-03-28,"Senate Committee on State, Veterans, & Military Affairs Postpone Indefinitely",6
HB18-1047,2018,RS,House,2018-01-10,"Introduced In House - Assigned to State, Veterans, & Military Affairs",1
HB18-1047,2018,RS,House,2018-01-31,"House Committee on State, Veterans, & Military Affairs Witness Testimony and/or Committee Discussion Only",2
HB18-1047,2018,RS,House,2018-02-14,"House Committee on State, Veterans, & Military Affairs Refer Amended to House Committee of the Whole",3
HB18-1047,2018,RS,House,2018-02-20,House Second Reading Passed with Amendments - Committee,4
HB18-1047,2018,RS,House,2018-02-21,House Third Reading Passed - No Amendments,5
HB18-1047,2018,RS,Senate,2018-02-21,"Introduced In Senate - Assigned to State, Veterans, & Military Affairs",6
HB18-1047,2018,RS,Senate,2018-03-21,"Senate Committee on State, Veterans, & Military Affairs Refer Amended - Consent Calendar to Senate Committee of the Whole",7
HB18-1047,2018,RS,Senate,2018-03-26,Senate Second Reading Passed with Amendments - Committee,8
HB18-1047,2018,RS,Senate,2018-03-27,Senate Third Reading Passed - No Amendments,9
HB18-1047,2018,RS,House,2018-04-03,House Considered Senate Amendments - Result was to Concur - Repass,10
HB18-1047,2018,RS,House,2018-04-13,Signed by the Speaker of the House,11
HB18-1047,2018,RS,Senate,2018-04-16,Signed by the President of the Senate,12
HB18-1047,2018,RS,Governor,2018-04-16,Sent to the Governor,13
HB18-1047,2018,RS,Governor,2018-04-23,Governor Signed,14
HB18-1048,2018,RS,House,2018-01-10,Introduced In House - Assigned to Finance,1
HB18-1048,2018,RS,House,2018-01-22,House Committee on Finance Refer Amended to House Committee of the Whole,2
HB18-1048,2018,RS,House,2018-01-26,House Second Reading Passed with Amendments - Floor,3
HB18-1048,2018,RS,House,2018-01-29,House Third Reading Laid Over to 01/30/2018 - No Amendments,4
HB18-1048,2018,RS,House,2018-01-30,House Third Reading Passed - No Amendments,5
HB18-1048,2018,RS,Senate,2018-02-05,Introduced In Senate - Assigned to Education,6
HB18-1048,2018,RS,Senate,2018-02-22,Senate Committee on Education Refer Unamended - Consent Calendar to Senate Committee of the Whole,7
HB18-1048,2018,RS,Senate,2018-02-27,Senate Second Reading Passed - No Amendments,8
HB18-1048,2018,RS,Senate,2018-02-28,Senate Third Reading Passed - No Amendments,9
HB18-1048,2018,RS,Senate,2018-03-06,Signed by the President of the Senate,10
HB18-1048,2018,RS,House,2018-03-06,Signed by the Speaker of the House,11
HB18-1048,2018,RS,Governor,2018-03-07,Sent to the Governor,12
HB18-1048,2018,RS,Governor,2018-03-07,Governor Signed,13
HB18-1049,2018,RS,House,2018-01-10,Introduced In House - Assigned to Public Health Care & Human Services,1
HB18-1049,2018,RS,House,2018-01-23,House Committee on Public Health Care & Human Services Refer Unamended to Finance,2
HB18-1049,2018,RS,House,2018-01-29,House Committee on Finance Refer Amended to Appropriations,3
HB18-1049,2018,RS,House,2018-02-23,House Committee on Appropriations Refer Unamended to House Committee of the Whole,4
HB18-1049,2018,RS,House,2018-02-26,House Second Reading Special Order - Passed with Amendments - Committee,5
HB18-1049,2018,RS,House,2018-02-27,House Third Reading Passed - No Amendments,6
HB18-1049,2018,RS,Senate,2018-03-05,Introduced In Senate - Assigned to Finance,7
HB18-1049,2018,RS,Senate,2018-03-20,Senate Committee on Finance Refer Unamended to Appropriations,8
HB18-1049,2018,RS,Senate,2018-03-27,Senate Committee on Appropriations Refer Unamended - Consent Calendar to Senate Committee of the Whole,9
HB18-1049,2018,RS,Senate,2018-03-29,Senate Second Reading Laid Over Daily - No Amendments,10
HB18-1049,2018,RS,Senate,2018-04-02,Senate Second Reading Passed - No Amendments,11
HB18-1049,2018,RS,Senate,2018-04-03,Senate Third Reading Passed - No Amendments,12
HB18-1049,2018,RS,House,2018-04-10,Signed by the Speaker of the House,13
HB18-1049,2018,RS,Senate,2018-04-11,Signed by the President of the Senate,14
HB18-1049,2018,RS,Governor,2018-04-11,Sent to the Governor,15
HB18-1049,2018,RS,Governor,2018-04-12,Governor Signed,16
HB18-1050,2018,RS,House,2018-01-10,Introduced In House - Assigned to Judiciary,1
HB18-1050,2018,RS,House,2018-02-01,House Committee on Judiciary Refer Amended to House Committee of the Whole,2
HB18-1050,2018,RS,House,2018-02-06,House Second Reading Laid Over to 02/07/2018 - No Amendments,3
HB18-1050,2018,RS,House,2018-02-07,House Second Reading Passed with Amendments - Committee,4
HB18-1050,2018,RS,House,2018-02-08,House Third Reading Passed - No Amendments,5
HB18-1050,2018,RS,Senate,2018-02-12,Introduced In Senate - Assigned to Judiciary,6
HB18-1050,2018,RS,Senate,2018-03-05,Senate Committee on Judiciary Refer Unamended - Consent Calendar to Senate Committee of the Whole,7
HB18-1050,2018,RS,Senate,2018-03-08,Senate Second Reading Passed - No Amendments,8
HB18-1050,2018,RS,Senate,2018-03-09,Senate Third Reading Laid Over Daily - No Amendments,9
HB18-1050,2018,RS,Senate,2018-03-13,Senate Third Reading Passed - No Amendments,10
HB18-1050,2018,RS,House,2018-03-19,Signed by the Speaker of the House,11
HB18-1050,2018,RS,Senate,2018-03-19,Signed by the President of the Senate,12
HB18-1050,2018,RS,Governor,2018-03-19,Sent to the Governor,13
HB18-1050,2018,RS,Governor,2018-03-22,Governor Signed,14
HB18-1051,2018,RS,House,2018-01-10,"Introduced In House - Assigned to Health, Insurance, & Environment",1
HB18-1051,2018,RS,House,2018-02-08,"House Committee on Health, Insurance, & Environment Refer Amended to House Committee of the Whole",2
HB18-1051,2018,RS,House,2018-02-13,House Second Reading Passed with Amendments - Committee,3
HB18-1051,2018,RS,House,2018-02-14,House Third Reading Passed - No Amendments,4
HB18-1051,2018,RS,Senate,2018-02-21,"Introduced In Senate - Assigned to Agriculture, Natural Resources, & Energy",5
HB18-1051,2018,RS,Senate,2018-03-01,"Senate Committee on Agriculture, Natural Resources, & Energy Refer Unamended - Consent Calendar to Senate Committee of the Whole",6
HB18-1051,2018,RS,Senate,2018-03-06,Senate Second Reading Passed - No Amendments,7
HB18-1051,2018,RS,Senate,2018-03-07,Senate Third Reading Laid Over Daily - No Amendments,8
HB18-1051,2018,RS,Senate,2018-03-08,Senate Third Reading Passed - No Amendments,9
HB18-1051,2018,RS,House,2018-03-14,Signed by the Speaker of the House,10
HB18-1051,2018,RS,Senate,2018-03-15,Signed by the President of the Senate,11
HB18-1051,2018,RS,Governor,2018-03-15,Sent to the Governor,12
HB18-1051,2018,RS,Governor,2018-03-22,Governor Signed,13
HB18-1052,2018,RS,House,2018-01-10,Introduced In House - Assigned to Education,1
HB18-1052,2018,RS,House,2018-02-05,House Committee on Education Refer Amended to House Committee of the Whole,2
HB18-1052,2018,RS,House,2018-02-08,House Second Reading Passed with Amendments - Committee,3
HB18-1052,2018,RS,House,2018-02-09,House Third Reading Passed - No Amendments,4
HB18-1052,2018,RS,Senate,2018-02-12,Introduced In Senate - Assigned to Education,5
HB18-1052,2018,RS,Senate,2018-03-01,Senate Committee on Education Refer Unamended - Consent Calendar to Senate Committee of the Whole,6
HB18-1052,2018,RS,Senate,2018-03-06,Senate Second Reading Passed - No Amendments,7
HB18-1052,2018,RS,Senate,2018-03-07,Senate Third Reading Laid Over Daily - No Amendments,8
HB18-1052,2018,RS,Senate,2018-03-08,Senate Third Reading Passed - No Amendments,9
HB18-1052,2018,RS,House,2018-03-14,Signed by the Speaker of the House,10
HB18-1052,2018,RS,Senate,2018-03-15,Signed by the President of the Senate,11
HB18-1052,2018,RS,Governor,2018-03-15,Sent to the Governor,12
HB18-1052,2018,RS,Governor,2018-03-22,Governor Signed,13
HB18-1053,2018,RS,House,2018-01-10,"Introduced In House - Assigned to Agriculture, Livestock, & Natural Resources",1
HB18-1053,2018,RS,House,2018-01-22,"House Committee on Agriculture, Livestock, & Natural Resources Lay Over Unamended - Amendment(s) Failed",2
HB18-1053,2018,RS,House,2018-01-29,"House Committee on Agriculture, Livestock, & Natural Resources Refer Amended to Appropriations",3
HB18-1053,2018,RS,House,2018-04-23,House Committee on Appropriations Refer Unamended to House Committee of the Whole,4
HB18-1053,2018,RS,House,2018-04-24,"House Second Reading Special Order - Passed with Amendments - Committee, Floor",5
HB18-1053,2018,RS,House,2018-04-25,House Third Reading Passed - No Amendments,6
HB18-1053,2018,RS,Senate,2018-04-25,Introduced In Senate - Assigned to Finance,7
HB18-1053,2018,RS,Senate,2018-05-02,Senate Committee on Finance Postpone Indefinitely,8
HB18-1054,2018,RS,House,2018-01-10,Introduced In House - Assigned to Local Government + Finance + Appropriations,1
HB18-1054,2018,RS,House,2018-01-31,House Committee on Local Government Postpone Indefinitely,2
HB18-1055,2018,RS,House,2018-01-10,Introduced In House - Assigned to Judiciary + Finance,1
HB18-1055,2018,RS,House,2018-01-23,House Committee on Judiciary Postpone Indefinitely,2
HB18-1056,2018,RS,House,2018-01-10,"Introduced In House - Assigned to State, Veterans, & Military Affairs",1
HB18-1056,2018,RS,House,2018-01-18,"House Committee on State, Veterans, & Military Affairs Witness Testimony and/or Committee Discussion Only",2
HB18-1056,2018,RS,House,2018-02-07,"House Committee on State, Veterans, & Military Affairs Refer Amended to House Committee of the Whole",3
HB18-1056,2018,RS,House,2018-02-12,House Second Reading Passed with Amendments - Committee,4
HB18-1056,2018,RS,House,2018-02-13,House Third Reading Passed - No Amendments,5
HB18-1056,2018,RS,Senate,2018-02-21,"Introduced In Senate - Assigned to Business, Labor, & Technology",6
HB18-1056,2018,RS,Senate,2018-03-19,"Senate Committee on Business, Labor, & Technology Refer Amended - Consent Calendar to Senate Committee of the Whole",7
HB18-1056,2018,RS,Senate,2018-03-22,Senate Second Reading Passed with Amendments - Committee,8
HB18-1056,2018,RS,Senate,2018-03-23,Senate Third Reading Passed - No Amendments,9
HB18-1056,2018,RS,House,2018-04-03,House Considered Senate Amendments - Result was to Concur - Repass,10
HB18-1056,2018,RS,House,2018-04-10,Signed by the Speaker of the House,11
HB18-1056,2018,RS,Senate,2018-04-11,Signed by the President of the Senate,12
HB18-1056,2018,RS,Governor,2018-04-11,Sent to the Governor,13
HB18-1056,2018,RS,Governor,2018-04-12,Governor Signed,14
HB18-1057,2018,RS,House,2018-01-10,Introduced In House - Assigned to Judiciary,1
HB18-1057,2018,RS,House,2018-02-08,House Committee on Judiciary Refer Amended to Finance,2
HB18-1057,2018,RS,House,2018-02-12,House Committee on Finance Refer Amended to Appropriations,3
HB18-1057,2018,RS,House,2018-04-23,House Committee on Appropriations Refer Amended to House Committee of the Whole,4
HB18-1057,2018,RS,House,2018-04-24,House Second Reading Laid Over to 04/26/2018 - No Amendments,5
HB18-1057,2018,RS,House,2018-04-25,House Second Reading Laid Over to 04/30/2018 - No Amendments,6
HB18-1057,2018,RS,House,2018-04-30,House Second Reading Laid Over to 05/01/2018 - No Amendments,7
HB18-1057,2018,RS,House,2018-05-01,House Second Reading Laid Over Daily - No Amendments,8
HB18-1057,2018,RS,House,2018-05-04,"House Second Reading Special Order - Passed with Amendments - Committee, Floor",9
HB18-1057,2018,RS,House,2018-05-07,House Third Reading Passed with Amendments - Floor,10
HB18-1057,2018,RS,Senate,2018-05-07,Introduced In Senate - Assigned to Finance,11
HB18-1057,2018,RS,Senate,2018-05-07,Senate Committee on Finance Refer Amended - Consent Calendar to Senate Committee of the Whole,12
HB18-1057,2018,RS,Senate,2018-05-08,Senate Second Reading Special Order - Passed with Amendments - Committee,13
HB18-1057,2018,RS,Senate,2018-05-09,Senate Third Reading Passed - No Amendments,14
HB18-1057,2018,RS,House,2018-05-09,House Considered Senate Amendments - Result was to Concur - Repass,15
HB18-1057,2018,RS,House,2018-05-22,Signed by the Speaker of the House,16
HB18-1057,2018,RS,Senate,2018-05-22,Signed by the President of the Senate,17
HB18-1057,2018,RS,Governor,2018-05-22,Sent to the Governor,18
HB18-1057,2018,RS,Governor,2018-05-29,Governor Signed,19
HB18-1058,2018,RS,House,2018-01-10,Introduced In House - Assigned to Judiciary + Finance,1
HB18-1058,2018,RS,House,2018-03-08,House Committee on Judiciary Postpone Indefinitely,2
HB18-1059,2018,RS,House,2018-01-10,Introduced In House - Assigned to Judiciary,1
HB18-1059,2018,RS,House,2018-02-06,House Committee on Judiciary Postpone Indefinitely,2
HB18-1060,2018,RS,House,2018-01-10,Introduced In House - Assigned to Finance + Appropriations,1
HB18-1060,2018,RS,House,2018-01-29,House Committee on Finance Lay Over Unamended - Amendment(s) Failed,2
HB18-1060,2018,RS,House,2018-02-07,House Committee on Finance Refer Amended to Appropriations,3
HB18-1060,2018,RS,House,2018-05-04,House Committee on Appropriations Refer Amended to House Committee of the Whole,4
HB18-1060,2018,RS,House,2018-05-04,House Second Reading Special Order - Passed with Amendments - Committee,5
HB18-1060,2018,RS,House,2018-05-07,House Third Reading Passed - No Amendments,6
HB18-1060,2018,RS,Senate,2018-05-07,Introduced In Senate - Assigned to Finance,7
HB18-1060,2018,RS,Senate,2018-05-07,Senate Committee on Finance Refer Unamended to Appropriations,8
HB18-1060,2018,RS,Senate,2018-05-08,Senate Committee on Appropriations Refer Amended to Senate Committee of the Whole,9
HB18-1060,2018,RS,Senate,2018-05-08,Senate Second Reading Passed with Amendments - Committee,10
HB18-1060,2018,RS,Senate,2018-05-09,Senate Third Reading Passed - No Amendments,11
HB18-1060,2018,RS,House,2018-05-09,House Considered Senate Amendments - Result was to Concur - Repass,12
HB18-1060,2018,RS,House,2018-05-22,Signed by the Speaker of the House,13
HB18-1060,2018,RS,Senate,2018-05-22,Signed by the President of the Senate,14
HB18-1060,2018,RS,Governor,2018-05-22,Sent to the Governor,15
HB18-1060,2018,RS,Governor,2018-05-29,Governor Signed,16
HB18-1061,2018,RS,House,2018-01-10,"Introduced In House - Assigned to State, Veterans, & Military Affairs",1
HB18-1061,2018,RS,House,2018-01-18,"House Committee on State, Veterans, & Military Affairs Postpone Indefinitely",2
HB18-1062,2018,RS,House,2018-01-10,Introduced In House - Assigned to Finance + Appropriations,1
HB18-1062,2018,RS,House,2018-02-07,House Committee on Finance Postpone Indefinitely,2
HB18-1063,2018,RS,House,2018-01-10,"Introduced In House - Assigned to State, Veterans, & Military Affairs",1
HB18-1063,2018,RS,House,2018-02-07,"House Committee on State, Veterans, & Military Affairs Witness Testimony and/or Committee Discussion Only",2
HB18-1063,2018,RS,House,2018-02-14,"House Committee on State, Veterans, & Military Affairs Postpone Indefinitely",3
HB18-1064,2018,RS,House,2018-01-10,Introduced In House - Assigned to Public Health Care & Human Services,1
HB18-1064,2018,RS,House,2018-01-30,House Committee on Public Health Care & Human Services Refer Amended to Appropriations,2
HB18-1064,2018,RS,House,2018-04-19,House Committee on Appropriations Refer Amended to House Committee of the Whole,3
HB18-1064,2018,RS,House,2018-04-19,House Second Reading Special Order - Passed with Amendments - Committee,4
HB18-1064,2018,RS,House,2018-04-20,House Third Reading Passed - No Amendments,5
HB18-1064,2018,RS,Senate,2018-04-23,"Introduced In Senate - Assigned to State, Veterans, & Military Affairs",6
HB18-1064,2018,RS,Senate,2018-05-01,"Senate Committee on State, Veterans, & Military Affairs Refer Unamended to Appropriations",7
HB18-1064,2018,RS,Senate,2018-05-08,Senate Committee on Appropriations Refer Unamended to Senate Committee of the Whole,8
HB18-1064,2018,RS,Senate,2018-05-08,Senate Second Reading Special Order - Passed - No Amendments,9
HB18-1064,2018,RS,Senate,2018-05-09,Senate Third Reading Passed - No Amendments,10
HB18-1064,2018,RS,House,2018-05-18,Signed by the Speaker of the House,11
HB18-1064,2018,RS,Senate,2018-05-18,Signed by the President of the Senate,12
HB18-1064,2018,RS,Governor,2018-05-18,Sent to the Governor,13
HB18-1064,2018,RS,Governor,2018-05-24,Governor Signed,14
HB18-1065,2018,RS,House,2018-01-10,Introduced In House - Assigned to Judiciary,1
HB18-1065,2018,RS,House,2018-02-08,House Committee on Judiciary Witness Testimony and/or Committee Discussion Only,2
HB18-1065,2018,RS,House,2018-03-15,House Committee on Judiciary Refer Amended to House Committee of the Whole,3
HB18-1065,2018,RS,House,2018-03-20,House Second Reading Laid Over to 03/21/2018 - No Amendments,4
HB18-1065,2018,RS,House,2018-03-21,House Second Reading Laid Over to 03/22/2018 - No Amendments,5
HB18-1065,2018,RS,House,2018-03-22,House Second Reading Laid Over to 03/23/2018 - No Amendments,6
HB18-1065,2018,RS,House,2018-03-23,House Second Reading Passed with Amendments - Committee,7
HB18-1065,2018,RS,House,2018-03-26,House Third Reading Passed - No Amendments,8
HB18-1065,2018,RS,Senate,2018-03-26,Introduced In Senate - Assigned to Judiciary,9
HB18-1065,2018,RS,Senate,2018-04-02,Senate Committee on Judiciary Refer Unamended - Consent Calendar to Senate Committee of the Whole,10
HB18-1065,2018,RS,Senate,2018-04-04,Senate Second Reading Special Order - Passed - No Amendments,11
HB18-1065,2018,RS,Senate,2018-04-05,Senate Third Reading Passed - No Amendments,12
HB18-1065,2018,RS,House,2018-04-16,Signed by the Speaker of the House,13
HB18-1065,2018,RS,Senate,2018-04-16,Signed by the President of the Senate,14
HB18-1065,2018,RS,Governor,2018-04-17,Sent to the Governor,15
HB18-1065,2018,RS,Governor,2018-04-23,Governor Signed,16
HB18-1066,2018,RS,House,2018-01-10,Introduced In House - Assigned to Judiciary,1
HB18-1066,2018,RS,House,2018-01-30,House Committee on Judiciary Refer Unamended to House Committee of the Whole,2
HB18-1066,2018,RS,House,2018-02-02,House Second Reading Laid Over to 02/05/2018 - No Amendments,3
HB18-1066,2018,RS,House,2018-02-05,House Second Reading Passed - No Amendments,4
HB18-1066,2018,RS,House,2018-02-06,House Third Reading Laid Over to 02/07/2018 - No Amendments,5
HB18-1066,2018,RS,House,2018-02-07,House Third Reading Laid Over to 02/08/2018 - No Amendments,6
HB18-1066,2018,RS,House,2018-02-08,House Third Reading Passed - No Amendments,7
HB18-1066,2018,RS,Senate,2018-02-12,Introduced In Senate - Assigned to Judiciary,8
HB18-1066,2018,RS,Senate,2018-03-07,Senate Committee on Judiciary Refer Unamended - Consent Calendar to Senate Committee of the Whole,9
HB18-1066,2018,RS,Senate,2018-03-12,Senate Second Reading Passed - No Amendments,10
HB18-1066,2018,RS,Senate,2018-03-13,Senate Third Reading Passed - No Amendments,11
HB18-1066,2018,RS,House,2018-03-19,Signed by the Speaker of the House,12
HB18-1066,2018,RS,Senate,2018-03-19,Signed by the President of the Senate,13
HB18-1066,2018,RS,Governor,2018-03-19,Sent to the Governor,14
HB18-1066,2018,RS,Governor,2018-03-22,Governor Signed,15
HB18-1067,2018,RS,House,2018-01-10,Introduced In House - Assigned to Local Government,1
HB18-1067,2018,RS,House,2018-03-14,House Committee on Local Government Postpone Indefinitely,2
HB18-1068,2018,RS,House,2018-01-10,Introduced In House - Assigned to Public Health Care & Human Services,1
HB18-1068,2018,RS,House,2018-01-23,House Committee on Public Health Care & Human Services Refer Unamended to House Committee of the Whole,2
HB18-1068,2018,RS,House,2018-01-26,House Second Reading Laid Over to 01/29/2018 - No Amendments,3
HB18-1068,2018,RS,House,2018-01-29,House Second Reading Passed - No Amendments,4
HB18-1068,2018,RS,House,2018-01-30,House Third Reading Passed - No Amendments,5
HB18-1068,2018,RS,Senate,2018-02-12,"Introduced In Senate - Assigned to Business, Labor, & Technology",6
HB18-1068,2018,RS,Senate,2018-02-26,"Senate Committee on Business, Labor, & Technology Postpone Indefinitely",7
HB18-1069,2018,RS,House,2018-01-10,"Introduced In House - Assigned to Agriculture, Livestock, & Natural Resources",1
HB18-1069,2018,RS,House,2018-01-29,"House Committee on Agriculture, Livestock, & Natural Resources Refer Amended to Appropriations",2
HB18-1069,2018,RS,House,2018-03-16,House Committee on Appropriations Refer Amended to House Committee of the Whole,3
HB18-1069,2018,RS,House,2018-03-20,House Second Reading Passed with Amendments - Committee,4
HB18-1069,2018,RS,House,2018-03-21,House Third Reading Passed - No Amendments,5
HB18-1069,2018,RS,Senate,2018-03-26,"Introduced In Senate - Assigned to Agriculture, Natural Resources, & Energy",6
HB18-1069,2018,RS,Senate,2018-03-28,"Senate Committee on Agriculture, Natural Resources, & Energy Refer Unamended to Appropriations",7
HB18-1069,2018,RS,Senate,2018-04-10,Senate Committee on Appropriations Refer Unamended to Senate Committee of the Whole,8
HB18-1069,2018,RS,Senate,2018-04-13,Senate Second Reading Laid Over Daily - No Amendments,9
HB18-1069,2018,RS,Senate,2018-04-16,Senate Second Reading Passed - No Amendments,10
HB18-1069,2018,RS,Senate,2018-04-17,Senate Third Reading Passed - No Amendments,11
HB18-1069,2018,RS,House,2018-04-26,Signed by the Speaker of the House,12
HB18-1069,2018,RS,Senate,2018-04-26,Signed by the President of the Senate,13
HB18-1069,2018,RS,Governor,2018-04-26,Sent to the Governor,14
HB18-1069,2018,RS,Governor,2018-04-30,Governor Signed,15
HB18-1070,2018,RS,House,2018-01-10,Introduced In House - Assigned to Education + Finance + Appropriations,1
HB18-1070,2018,RS,House,2018-02-21,House Committee on Education Refer Unamended to Finance,2
HB18-1070,2018,RS,House,2018-03-19,House Committee on Finance Refer Unamended to Appropriations,3
HB18-1070,2018,RS,House,2018-04-06,House Committee on Appropriations Refer Amended to House Committee of the Whole,4
HB18-1070,2018,RS,House,2018-04-06,"House Second Reading Special Order - Passed with Amendments - Committee, Floor",5
HB18-1070,2018,RS,Senate,2018-04-09,Introduced In Senate - Assigned to Education,6
HB18-1070,2018,RS,House,2018-04-09,House Third Reading Passed - No Amendments,7
HB18-1070,2018,RS,Senate,2018-04-18,Senate Committee on Education Refer Amended to Appropriations,8
HB18-1070,2018,RS,Senate,2018-04-24,Senate Committee on Appropriations Refer Amended to Senate Committee of the Whole,9
HB18-1070,2018,RS,Senate,2018-04-26,Senate Second Reading Laid Over Daily - No Amendments,10
HB18-1070,2018,RS,Senate,2018-04-27,Senate Second Reading Passed with Amendments - Committee,11
HB18-1070,2018,RS,Senate,2018-04-30,Senate Third Reading Passed - No Amendments,12
HB18-1070,2018,RS,House,2018-04-30,House Considered Senate Amendments - Result was to Laid Over Daily,13
HB18-1070,2018,RS,House,2018-05-03,House Considered Senate Amendments - Result was to Concur - Repass,14
HB18-1070,2018,RS,House,2018-05-15,Signed by the Speaker of the House,15
HB18-1070,2018,RS,Senate,2018-05-16,Signed by the President of the Senate,16
HB18-1070,2018,RS,Governor,2018-05-16,Sent to the Governor,17
HB18-1070,2018,RS,Governor,2018-05-30,Governor Signed,18
HB18-1071,2018,RS,House,2018-01-10,"Introduced In House - Assigned to Health, Insurance, & Environment",1
HB18-1071,2018,RS,House,2018-02-01,"House Committee on Health, Insurance, & Environment Refer Unamended to House Committee of the Whole",2
HB18-1071,2018,RS,House,2018-02-06,House Second Reading Laid Over to 02/07/2018 - No Amendments,3
HB18-1071,2018,RS,House,2018-02-07,House Second Reading Laid Over to 02/08/2018 - No Amendments,4
HB18-1071,2018,RS,House,2018-02-08,House Second Reading Passed - No Amendments,5
HB18-1071,2018,RS,House,2018-02-09,House Third Reading Passed - No Amendments,6
HB18-1071,2018,RS,Senate,2018-02-12,"Introduced In Senate - Assigned to Agriculture, Natural Resources, & Energy",7
HB18-1071,2018,RS,Senate,2018-03-07,"Senate Committee on Agriculture, Natural Resources, & Energy Postpone Indefinitely",8
HB18-1072,2018,RS,House,2018-01-10,Introduced In House - Assigned to Transportation & Energy,1
HB18-1072,2018,RS,House,2018-02-14,House Committee on Transportation & Energy Postpone Indefinitely,2
HB18-1073,2018,RS,House,2018-01-16,"Introduced In House - Assigned to Agriculture, Livestock, & Natural Resources + Finance",1
HB18-1073,2018,RS,House,2018-01-29,"House Committee on Agriculture, Livestock, & Natural Resources Refer Unamended to Finance",2
HB18-1073,2018,RS,House,2018-02-07,House Committee on Finance Refer Unamended to House Committee of the Whole,3
HB18-1073,2018,RS,House,2018-02-12,House Second Reading Passed with Amendments - Floor,4
HB18-1073,2018,RS,House,2018-02-13,House Third Reading Passed - No Amendments,5
HB18-1073,2018,RS,Senate,2018-02-21,"Introduced In Senate - Assigned to Agriculture, Natural Resources, & Energy",6
HB18-1073,2018,RS,Senate,2018-03-01,"Senate Committee on Agriculture, Natural Resources, & Energy Refer Unamended - Consent Calendar to Senate Committee of the Whole",7
HB18-1073,2018,RS,Senate,2018-03-06,Senate Second Reading Passed - No Amendments,8
HB18-1073,2018,RS,Senate,2018-03-07,Senate Third Reading Laid Over Daily - No Amendments,9
HB18-1073,2018,RS,Senate,2018-03-08,Senate Third Reading Passed - No Amendments,10
HB18-1073,2018,RS,House,2018-03-14,Signed by the Speaker of the House,11
HB18-1073,2018,RS,Senate,2018-03-15,Signed by the President of the Senate,12
HB18-1073,2018,RS,Governor,2018-03-15,Sent to the Governor,13
HB18-1073,2018,RS,Governor,2018-03-22,Governor Signed,14
HB18-1074,2018,RS,House,2018-01-16,"Introduced In House - Assigned to State, Veterans, & Military Affairs",1
HB18-1074,2018,RS,House,2018-02-21,"House Committee on State, Veterans, & Military Affairs Postpone Indefinitely",2
HB18-1075,2018,RS,House,2018-01-16,Introduced In House - Assigned to Judiciary,1
HB18-1075,2018,RS,House,2018-01-23,House Committee on Judiciary Refer Unamended to House Committee of the Whole,2
HB18-1075,2018,RS,House,2018-01-26,House Second Reading Passed - No Amendments,3
HB18-1075,2018,RS,House,2018-01-29,House Third Reading Laid Over to 01/30/2018 - No Amendments,4
HB18-1075,2018,RS,House,2018-01-30,House Third Reading Passed - No Amendments,5
HB18-1075,2018,RS,Senate,2018-02-05,Introduced In Senate - Assigned to Judiciary,6
HB18-1075,2018,RS,Senate,2018-02-12,Senate Committee on Judiciary Refer Unamended - Consent Calendar to Senate Committee of the Whole,7
HB18-1075,2018,RS,Senate,2018-02-15,Senate Second Reading Passed - No Amendments,8
HB18-1075,2018,RS,Senate,2018-02-16,Senate Third Reading Passed - No Amendments,9
HB18-1075,2018,RS,House,2018-02-21,Signed by the Speaker of the House,10
HB18-1075,2018,RS,Senate,2018-02-22,Signed by the President of the Senate,11
HB18-1075,2018,RS,Governor,2018-02-22,Sent to the Governor,12
HB18-1075,2018,RS,Governor,2018-03-01,Governor Signed,13
HB18-1076,2018,RS,House,2018-01-17,Introduced In House - Assigned to Judiciary,1
HB18-1076,2018,RS,House,2018-03-08,House Committee on Judiciary Witness Testimony and/or Committee Discussion Only,2
HB18-1076,2018,RS,House,2018-04-10,House Committee on Judiciary Refer Amended to Appropriations,3
HB18-1076,2018,RS,House,2018-04-23,House Committee on Appropriations Refer Amended to House Committee of the Whole,4
HB18-1076,2018,RS,House,2018-04-24,House Second Reading Special Order - Passed with Amendments - Committee,5
HB18-1076,2018,RS,House,2018-04-25,House Third Reading Passed - No Amendments,6
HB18-1076,2018,RS,Senate,2018-05-09,Introduced In Senate - Assigned to Appropriations,7
HB18-1076,2018,RS,Senate,2018-05-09,Senate Committee on Appropriations Postpone Indefinitely,8
HB18-1077,2018,RS,House,2018-01-17,"Introduced In House - Assigned to State, Veterans, & Military Affairs",1
HB18-1077,2018,RS,House,2018-02-15,"House Committee on State, Veterans, & Military Affairs Refer Amended to Appropriations",2
HB18-1077,2018,RS,House,2018-04-23,House Committee on Appropriations Refer Amended to House Committee of the Whole,3
HB18-1077,2018,RS,House,2018-04-24,House Second Reading Special Order - Passed with Amendments - Committee,4
HB18-1077,2018,RS,House,2018-04-25,House Third Reading Passed - No Amendments,5
HB18-1077,2018,RS,Senate,2018-04-25,"Introduced In Senate - Assigned to State, Veterans, & Military Affairs",6
HB18-1077,2018,RS,Senate,2018-04-30,"Senate Committee on State, Veterans, & Military Affairs Refer Unamended to Appropriations",7
HB18-1077,2018,RS,Senate,2018-05-01,Senate Committee on Appropriations Refer Unamended - Consent Calendar to Senate Committee of the Whole,8
HB18-1077,2018,RS,Senate,2018-05-02,Senate Second Reading Special Order - Passed - No Amendments,9
HB18-1077,2018,RS,Senate,2018-05-03,Senate Third Reading Passed - No Amendments,10
HB18-1077,2018,RS,House,2018-05-11,Signed by the Speaker of the House,11
HB18-1077,2018,RS,Governor,2018-05-14,Sent to the Governor,12
HB18-1077,2018,RS,Senate,2018-05-14,Signed by the President of the Senate,13
HB18-1077,2018,RS,Governor,2018-06-06,Governor Signed,14
HB18-1078,2018,RS,House,2018-01-17,Introduced In House - Assigned to Judiciary,1
HB18-1078,2018,RS,House,2018-02-20,House Committee on Judiciary Refer Amended to House Committee of the Whole,2
HB18-1078,2018,RS,House,2018-02-23,House Second Reading Laid Over to 02/26/2018 - No Amendments,3
HB18-1078,2018,RS,House,2018-02-26,House Second Reading Laid Over to 02/27/2018 - No Amendments,4
HB18-1078,2018,RS,House,2018-02-27,House Second Reading Laid Over to 02/28/2018 - No Amendments,5
HB18-1078,2018,RS,House,2018-02-28,House Second Reading Passed with Amendments - Committee,6
HB18-1078,2018,RS,House,2018-03-02,House Third Reading Laid Over to 03/05/2018 - No Amendments,7
HB18-1078,2018,RS,House,2018-03-05,House Third Reading Passed - No Amendments,8
HB18-1078,2018,RS,Senate,2018-03-12,Introduced In Senate - Assigned to Judiciary,9
HB18-1078,2018,RS,Senate,2018-03-19,Senate Committee on Judiciary Refer Amended - Consent Calendar to Senate Committee of the Whole,10
HB18-1078,2018,RS,Senate,2018-03-22,Senate Second Reading Passed with Amendments - Committee,11
HB18-1078,2018,RS,Senate,2018-03-23,Senate Third Reading Passed - No Amendments,12
HB18-1078,2018,RS,Senate,2018-03-23,Senate Third Reading Reconsidered - No Amendments,13
HB18-1078,2018,RS,House,2018-04-03,House Considered Senate Amendments - Result was to Concur - Repass,14
HB18-1078,2018,RS,House,2018-04-10,Signed by the Speaker of the House,15
HB18-1078,2018,RS,Senate,2018-04-11,Signed by the President of the Senate,16
HB18-1078,2018,RS,Governor,2018-04-11,Sent to the Governor,17
HB18-1078,2018,RS,Governor,2018-04-12,Governor Signed,18
HB18-1079,2018,RS,House,2018-01-17,Introduced In House - Assigned to Finance,1
HB18-1079,2018,RS,House,2018-01-29,House Committee on Finance Refer Amended to House Committee of the Whole,2
HB18-1079,2018,RS,House,2018-02-01,House Second Reading Passed with Amendments - Committee,3
HB18-1079,2018,RS,House,2018-02-02,House Third Reading Passed - No Amendments,4
HB18-1079,2018,RS,Senate,2018-02-05,Introduced In Senate - Assigned to Finance,5
HB18-1079,2018,RS,Senate,2018-02-08,Senate Committee on Finance Refer Unamended - Consent Calendar to Senate Committee of the Whole,6
HB18-1079,2018,RS,Senate,2018-02-13,Senate Second Reading Passed - No Amendments,7
HB18-1079,2018,RS,Senate,2018-02-14,Senate Third Reading Passed - No Amendments,8
HB18-1079,2018,RS,House,2018-02-21,Signed by the Speaker of the House,9
HB18-1079,2018,RS,Senate,2018-02-22,Signed by the President of the Senate,10
HB18-1079,2018,RS,Governor,2018-02-22,Sent to the Governor,11
HB18-1079,2018,RS,Governor,2018-03-01,Governor Signed,12
HB18-1080,2018,RS,House,2018-01-17,Introduced In House - Assigned to Transportation & Energy,1
HB18-1080,2018,RS,House,2018-02-07,House Committee on Transportation & Energy Postpone Indefinitely,2
HB18-1081,2018,RS,House,2018-01-17,Introduced In House - Assigned to Judiciary,1
HB18-1081,2018,RS,House,2018-02-15,House Committee on Judiciary Witness Testimony and/or Committee Discussion Only,2
HB18-1081,2018,RS,House,2018-02-22,House Committee on Judiciary Refer Amended to Appropriations,3
HB18-1081,2018,RS,House,2018-04-27,House Committee on Appropriations Refer Amended to House Committee of the Whole,4
HB18-1081,2018,RS,House,2018-04-27,House Second Reading Special Order - Passed with Amendments - Committee,5
HB18-1081,2018,RS,House,2018-04-30,House Third Reading Passed - No Amendments,6
HB18-1081,2018,RS,Senate,2018-04-30,"Introduced In Senate - Assigned to State, Veterans, & Military Affairs",7
HB18-1081,2018,RS,Senate,2018-05-04,"Senate Committee on State, Veterans, & Military Affairs Postpone Indefinitely",8
HB18-1082,2018,RS,House,2018-01-17,"Introduced In House - Assigned to Health, Insurance, & Environment",1
HB18-1082,2018,RS,House,2018-02-22,"House Committee on Health, Insurance, & Environment Postpone Indefinitely",2
HB18-1083,2018,RS,House,2018-01-18,Introduced In House - Assigned to Business Affairs and Labor + Finance,1
HB18-1083,2018,RS,House,2018-02-22,House Committee on Business Affairs and Labor Refer Amended to Finance,2
HB18-1083,2018,RS,House,2018-03-05,House Committee on Finance Refer Unamended to Appropriations,3
HB18-1083,2018,RS,House,2018-04-23,House Committee on Appropriations Refer Unamended to House Committee of the Whole,4
HB18-1083,2018,RS,House,2018-04-24,"House Second Reading Special Order - Passed with Amendments - Committee, Floor",5
HB18-1083,2018,RS,House,2018-04-25,House Third Reading Passed - No Amendments,6
HB18-1083,2018,RS,Senate,2018-04-25,Introduced In Senate - Assigned to Finance,7
HB18-1083,2018,RS,Senate,2018-05-01,Senate Committee on Finance Refer Amended to Appropriations,8
HB18-1083,2018,RS,Senate,2018-05-02,Senate Committee on Appropriations Refer Unamended - Consent Calendar to Senate Committee of the Whole,9
HB18-1083,2018,RS,Senate,2018-05-03,Senate Second Reading Special Order - Passed with Amendments - Committee,10
HB18-1083,2018,RS,Senate,2018-05-04,Senate Third Reading Passed - No Amendments,11
HB18-1083,2018,RS,Senate,2018-05-04,Senate Third Reading Reconsidered - No Amendments,12
HB18-1083,2018,RS,House,2018-05-04,House Considered Senate Amendments - Result was to Concur - Repass,13
HB18-1083,2018,RS,House,2018-05-16,Signed by the Speaker of the House,14
HB18-1083,2018,RS,Senate,2018-05-16,Signed by the President of the Senate,15
HB18-1083,2018,RS,Governor,2018-05-16,Sent to the Governor,16
HB18-1083,2018,RS,Governor,2018-06-05,Governor Vetoed,17
HB18-1084,2018,RS,House,2018-01-18,Introduced In House - Assigned to Finance,1
HB18-1084,2018,RS,House,2018-02-14,House Committee on Finance Postpone Indefinitely,2
HB18-1085,2018,RS,House,2018-01-18,Introduced In House - Assigned to Transportation & Energy,1
HB18-1085,2018,RS,House,2018-02-08,House Committee on Transportation & Energy Postpone Indefinitely,2
HB18-1086,2018,RS,House,2018-01-18,"Introduced In House - Assigned to Health, Insurance, & Environment",1
HB18-1086,2018,RS,House,2018-02-01,"House Committee on Health, Insurance, & Environment Refer Amended to House Committee of the Whole",2
HB18-1086,2018,RS,House,2018-02-05,House Second Reading Laid Over to 02/09/2018 - No Amendments,3
HB18-1086,2018,RS,House,2018-02-09,"House Second Reading Passed with Amendments - Committee, Floor",4
HB18-1086,2018,RS,House,2018-02-12,House Third Reading Passed with Amendments - Floor,5
HB18-1086,2018,RS,Senate,2018-02-12,Introduced In Senate - Assigned to Health & Human Services,6
HB18-1086,2018,RS,Senate,2018-02-21,Senate Committee on Health & Human Services Refer Unamended to Senate Committee of the Whole,7
HB18-1086,2018,RS,Senate,2018-02-26,Senate Second Reading Laid Over Daily - No Amendments,8
HB18-1086,2018,RS,Senate,2018-02-27,Senate Second Reading Laid Over to 3/01/2018 - No Amendments,9
HB18-1086,2018,RS,Senate,2018-03-01,Senate Second Reading Passed with Amendments - Floor,10
HB18-1086,2018,RS,Senate,2018-03-02,Senate Third Reading Laid Over Daily - No Amendments,11
HB18-1086,2018,RS,Senate,2018-03-05,Senate Third Reading Passed - No Amendments,12
HB18-1086,2018,RS,House,2018-03-06,House Considered Senate Amendments - Result was to Concur - Repass,13
HB18-1086,2018,RS,House,2018-03-12,Signed by the Speaker of the House,14
HB18-1086,2018,RS,Senate,2018-03-13,Signed by the President of the Senate,15
HB18-1086,2018,RS,Governor,2018-03-13,Sent to the Governor,16
HB18-1086,2018,RS,Governor,2018-03-24,Governor Became Law,17
HB18-1087,2018,RS,House,2018-01-18,"Introduced In House - Assigned to State, Veterans, & Military Affairs",1
HB18-1087,2018,RS,House,2018-01-25,"House Committee on State, Veterans, & Military Affairs Refer Unamended to House Committee of the Whole",2
HB18-1087,2018,RS,House,2018-01-29,House Second Reading Passed - No Amendments,3
HB18-1087,2018,RS,House,2018-01-30,House Third Reading Passed - No Amendments,4
HB18-1087,2018,RS,Senate,2018-02-05,Introduced In Senate - Assigned to Judiciary,5
HB18-1087,2018,RS,Senate,2018-02-26,Senate Committee on Judiciary Refer Unamended - Consent Calendar to Senate Committee of the Whole,6
HB18-1087,2018,RS,Senate,2018-03-01,Senate Second Reading Passed - No Amendments,7
HB18-1087,2018,RS,Senate,2018-03-02,Senate Third Reading Laid Over Daily - No Amendments,8
HB18-1087,2018,RS,Senate,2018-03-05,Senate Third Reading Passed - No Amendments,9
HB18-1087,2018,RS,House,2018-03-08,Signed by the Speaker of the House,10
HB18-1087,2018,RS,Senate,2018-03-08,Signed by the President of the Senate,11
HB18-1087,2018,RS,Governor,2018-03-09,Sent to the Governor,12
HB18-1087,2018,RS,Governor,2018-03-15,Governor Signed,13
HB18-1088,2018,RS,House,2018-01-18,Introduced In House - Assigned to Education + Appropriations,1
HB18-1088,2018,RS,House,2018-02-12,House Committee on Education Refer Unamended to Appropriations,2
HB18-1088,2018,RS,House,2018-05-07,House Committee on Appropriations Postpone Indefinitely,3
HB18-1089,2018,RS,House,2018-01-18,Introduced In House - Assigned to Judiciary,1
HB18-1089,2018,RS,House,2018-02-22,House Committee on Judiciary Witness Testimony and/or Committee Discussion Only,2
HB18-1089,2018,RS,House,2018-03-08,House Committee on Judiciary Refer Amended to House Committee of the Whole,3
HB18-1089,2018,RS,House,2018-03-13,House Second Reading Passed with Amendments - Committee,4
HB18-1089,2018,RS,House,2018-03-14,House Third Reading Laid Over to 03/20/2018 - No Amendments,5
HB18-1089,2018,RS,House,2018-03-20,House Third Reading Laid Over to 03/21/2018 - No Amendments,6
HB18-1089,2018,RS,House,2018-03-21,House Third Reading Re-referred with Amendments - Committee,7
HB18-1089,2018,RS,House,2018-03-22,House Second Reading Laid Over to 03/23/2018 - No Amendments,8
HB18-1089,2018,RS,House,2018-03-23,House Second Reading Laid Over to 03/26/2018 - No Amendments,9
HB18-1089,2018,RS,House,2018-03-26,House Second Reading Passed with Amendments - Floor,10
HB18-1089,2018,RS,House,2018-03-27,House Third Reading Laid Over to 03/28/2018 - No Amendments,11
HB18-1089,2018,RS,House,2018-03-28,House Third Reading Laid Over to 03/29/2018 - No Amendments,12
HB18-1089,2018,RS,House,2018-03-29,House Third Reading Passed - No Amendments,13
HB18-1089,2018,RS,Senate,2018-04-02,"Introduced In Senate - Assigned to State, Veterans, & Military Affairs",14
HB18-1089,2018,RS,Senate,2018-04-16,"Senate Committee on State, Veterans, & Military Affairs Postpone Indefinitely",15
HB18-1090,2018,RS,House,2018-01-18,"Introduced In House - Assigned to State, Veterans, & Military Affairs",1
HB18-1090,2018,RS,House,2018-02-07,"House Committee on State, Veterans, & Military Affairs Postpone Indefinitely",2
HB18-1091,2018,RS,House,2018-01-18,"Introduced In House - Assigned to Health, Insurance, & Environment",1
HB18-1091,2018,RS,House,2018-02-13,"House Committee on Health, Insurance, & Environment Refer Unamended to House Committee of the Whole",2
HB18-1091,2018,RS,House,2018-02-16,House Second Reading Passed - No Amendments,3
HB18-1091,2018,RS,House,2018-02-20,House Third Reading Laid Over to 02/21/2018 - No Amendments,4
HB18-1091,2018,RS,House,2018-02-21,House Third Reading Passed - No Amendments,5
HB18-1091,2018,RS,Senate,2018-02-21,Introduced In Senate - Assigned to Health & Human Services,6
HB18-1091,2018,RS,Senate,2018-02-28,Senate Committee on Health & Human Services Refer Unamended - Consent Calendar to Senate Committee of the Whole,7
HB18-1091,2018,RS,Senate,2018-03-05,Senate Second Reading Passed - No Amendments,8
HB18-1091,2018,RS,Senate,2018-03-06,Senate Third Reading Laid Over to 03/08/2018 - No Amendments,9
HB18-1091,2018,RS,Senate,2018-03-08,Senate Third Reading Passed - No Amendments,10
HB18-1091,2018,RS,House,2018-03-19,Signed by the Speaker of the House,11
HB18-1091,2018,RS,Senate,2018-03-19,Signed by the President of the Senate,12
HB18-1091,2018,RS,Governor,2018-03-19,Sent to the Governor,13
HB18-1091,2018,RS,Governor,2018-03-29,Governor Signed,14
HB18-1092,2018,RS,House,2018-01-18,Introduced In House - Assigned to Finance,1
HB18-1092,2018,RS,House,2018-02-14,House Committee on Finance Refer Amended to Appropriations,2
HB18-1092,2018,RS,House,2018-03-16,House Committee on Appropriations Refer Amended to House Committee of the Whole,3
HB18-1092,2018,RS,House,2018-03-20,"House Second Reading Passed with Amendments - Committee, Floor",4
HB18-1092,2018,RS,House,2018-03-21,House Third Reading Laid Over to 03/22/2018 - No Amendments,5
HB18-1092,2018,RS,House,2018-03-22,House Third Reading Passed - No Amendments,6
HB18-1092,2018,RS,Senate,2018-03-26,Introduced In Senate - Assigned to Judiciary,7
HB18-1092,2018,RS,Senate,2018-04-11,Senate Committee on Judiciary Witness Testimony and/or Committee Discussion Only,8
HB18-1092,2018,RS,Senate,2018-04-18,Senate Committee on Judiciary Postpone Indefinitely,9
HB18-1093,2018,RS,House,2018-01-18,"Introduced In House - Assigned to Agriculture, Livestock, & Natural Resources",1
HB18-1093,2018,RS,House,2018-01-29,"House Committee on Agriculture, Livestock, & Natural Resources Refer Amended to Appropriations",2
HB18-1093,2018,RS,House,2018-02-23,House Committee on Appropriations Refer Amended to House Committee of the Whole,3
HB18-1093,2018,RS,House,2018-02-27,House Second Reading Laid Over to 02/28/2018 - No Amendments,4
HB18-1093,2018,RS,House,2018-02-28,House Second Reading Passed with Amendments - Committee,5
HB18-1093,2018,RS,House,2018-03-01,House Third Reading Laid Over to 03/05/2018 - No Amendments,6
HB18-1093,2018,RS,House,2018-03-05,House Third Reading Passed - No Amendments,7
HB18-1093,2018,RS,Senate,2018-03-12,"Introduced In Senate - Assigned to Agriculture, Natural Resources, & Energy",8
HB18-1093,2018,RS,Senate,2018-03-22,"Senate Committee on Agriculture, Natural Resources, & Energy Refer Unamended to Appropriations",9
HB18-1093,2018,RS,Senate,2018-04-03,Senate Committee on Appropriations Refer Unamended - Consent Calendar to Senate Committee of the Whole,10
HB18-1093,2018,RS,Senate,2018-04-04,Senate Second Reading Special Order - Passed - No Amendments,11
HB18-1093,2018,RS,Senate,2018-04-05,Senate Third Reading Passed - No Amendments,12
HB18-1093,2018,RS,House,2018-04-16,Signed by the Speaker of the House,13
HB18-1093,2018,RS,Senate,2018-04-16,Signed by the President of the Senate,14
HB18-1093,2018,RS,Governor,2018-04-17,Sent to the Governor,15
HB18-1093,2018,RS,Governor,2018-04-28,Governor Became Law,16
HB18-1094,2018,RS,House,2018-01-18,Introduced In House - Assigned to Public Health Care & Human Services,1
HB18-1094,2018,RS,House,2018-02-13,House Committee on Public Health Care & Human Services Refer Amended to Appropriations,2
HB18-1094,2018,RS,House,2018-04-19,House Committee on Appropriations Refer Amended to House Committee of the Whole,3
HB18-1094,2018,RS,House,2018-04-19,House Second Reading Special Order - Passed with Amendments - Committee,4
HB18-1094,2018,RS,House,2018-04-20,House Third Reading Passed - No Amendments,5
HB18-1094,2018,RS,Senate,2018-04-23,"Introduced In Senate - Assigned to State, Veterans, & Military Affairs",6
HB18-1094,2018,RS,Senate,2018-05-02,"Senate Committee on State, Veterans, & Military Affairs Refer Unamended to Appropriations",7
HB18-1094,2018,RS,Senate,2018-05-07,Senate Committee on Appropriations Refer Unamended to Senate Committee of the Whole,8
HB18-1094,2018,RS,Senate,2018-05-07,Senate Second Reading Special Order - Passed - No Amendments,9
HB18-1094,2018,RS,Senate,2018-05-08,Senate Third Reading Passed - No Amendments,10
HB18-1094,2018,RS,House,2018-05-22,Signed by the Speaker of the House,11
HB18-1094,2018,RS,Senate,2018-05-22,Signed by the President of the Senate,12
HB18-1094,2018,RS,Governor,2018-05-22,Sent to the Governor,13
HB18-1094,2018,RS,Governor,2018-05-30,Governor Signed,14
HB18-1095,2018,RS,House,2018-01-18,Introduced In House - Assigned to Education,1
HB18-1095,2018,RS,House,2018-01-31,House Committee on Education Refer Amended to House Committee of the Whole,2
HB18-1095,2018,RS,House,2018-02-05,House Second Reading Passed with Amendments - Committee,3
HB18-1095,2018,RS,House,2018-02-06,House Third Reading Passed - No Amendments,4
HB18-1095,2018,RS,Senate,2018-02-12,Introduced In Senate - Assigned to Education,5
HB18-1095,2018,RS,Senate,2018-03-01,Senate Committee on Education Refer Unamended to Senate Committee of the Whole,6
HB18-1095,2018,RS,Senate,2018-03-06,Senate Second Reading Passed - No Amendments,7
HB18-1095,2018,RS,Senate,2018-03-07,Senate Third Reading Laid Over Daily - No Amendments,8
HB18-1095,2018,RS,Senate,2018-03-08,Senate Third Reading Passed - No Amendments,9
HB18-1095,2018,RS,House,2018-03-14,Signed by the Speaker of the House,10
HB18-1095,2018,RS,Senate,2018-03-15,Signed by the President of the Senate,11
HB18-1095,2018,RS,Governor,2018-03-15,Sent to the Governor,12
HB18-1095,2018,RS,Governor,2018-03-22,Governor Signed,13
HB18-1096,2018,RS,House,2018-01-18,Introduced In House - Assigned to Business Affairs and Labor,1
HB18-1096,2018,RS,House,2018-01-30,House Committee on Business Affairs and Labor Refer Unamended to House Committee of the Whole,2
HB18-1096,2018,RS,House,2018-02-02,House Second Reading Laid Over to 02/05/2018 - No Amendments,3
HB18-1096,2018,RS,House,2018-02-05,House Second Reading Passed - No Amendments,4
HB18-1096,2018,RS,House,2018-02-06,House Third Reading Passed - No Amendments,5
HB18-1096,2018,RS,Senate,2018-02-12,"Introduced In Senate - Assigned to Business, Labor, & Technology",6
HB18-1096,2018,RS,Senate,2018-02-26,"Senate Committee on Business, Labor, & Technology Refer Unamended - Consent Calendar to Senate Committee of the Whole",7
HB18-1096,2018,RS,Senate,2018-03-01,Senate Second Reading Passed - No Amendments,8
HB18-1096,2018,RS,Senate,2018-03-02,Senate Third Reading Laid Over Daily - No Amendments,9
HB18-1096,2018,RS,Senate,2018-03-05,Senate Third Reading Passed - No Amendments,10
HB18-1096,2018,RS,House,2018-03-08,Signed by the Speaker of the House,11
HB18-1096,2018,RS,Senate,2018-03-08,Signed by the President of the Senate,12
HB18-1096,2018,RS,Governor,2018-03-09,Sent to the Governor,13
HB18-1096,2018,RS,Governor,2018-03-15,Governor Signed,14
HB18-1097,2018,RS,House,2018-01-18,"Introduced In House - Assigned to Health, Insurance, & Environment",1
HB18-1097,2018,RS,House,2018-02-15,"House Committee on Health, Insurance, & Environment Refer Unamended to House Committee of the Whole",2
HB18-1097,2018,RS,House,2018-02-20,House Second Reading Laid Over to 02/22/2018 - No Amendments,3
HB18-1097,2018,RS,House,2018-02-22,House Second Reading Passed - No Amendments,4
HB18-1097,2018,RS,House,2018-02-23,House Third Reading Passed - No Amendments,5
HB18-1097,2018,RS,Senate,2018-03-12,"Introduced In Senate - Assigned to Business, Labor, & Technology",6
HB18-1097,2018,RS,Senate,2018-03-19,"Senate Committee on Business, Labor, & Technology Postpone Indefinitely",7
HB18-1098,2018,RS,House,2018-01-18,Introduced In House - Assigned to Transportation & Energy + Finance,1
HB18-1098,2018,RS,House,2018-02-07,House Committee on Transportation & Energy Refer Unamended to Finance,2
HB18-1098,2018,RS,House,2018-02-12,House Committee on Finance Refer Unamended to House Committee of the Whole,3
HB18-1098,2018,RS,House,2018-02-27,House Second Reading Laid Over to 02/28/2018 - No Amendments,4
HB18-1098,2018,RS,House,2018-02-28,House Second Reading Passed - No Amendments,5
HB18-1098,2018,RS,House,2018-03-01,House Third Reading Laid Over to 03/05/2018 - No Amendments,6
HB18-1098,2018,RS,House,2018-03-05,House Third Reading Laid Over to 03/08/2018 - No Amendments,7
HB18-1098,2018,RS,House,2018-03-08,House Third Reading Laid Over to 03/09/2018 - No Amendments,8
HB18-1098,2018,RS,House,2018-03-09,House Third Reading Passed - No Amendments,9
HB18-1098,2018,RS,Senate,2018-03-12,"Introduced In Senate - Assigned to Agriculture, Natural Resources, & Energy",10
HB18-1098,2018,RS,Senate,2018-03-22,"Senate Committee on Agriculture, Natural Resources, & Energy Refer Unamended - Consent Calendar to Senate Committee of the Whole",11
HB18-1098,2018,RS,Senate,2018-03-27,Senate Second Reading Laid Over Daily - No Amendments,12
HB18-1098,2018,RS,Senate,2018-03-28,Senate Second Reading Passed - No Amendments,13
HB18-1098,2018,RS,Senate,2018-03-29,Senate Third Reading Passed - No Amendments,14
HB18-1098,2018,RS,House,2018-04-04,Signed by the Speaker of the House,15
HB18-1098,2018,RS,Senate,2018-04-04,Signed by the President of the Senate,16
HB18-1098,2018,RS,Governor,2018-04-04,Sent to the Governor,17
HB18-1098,2018,RS,Governor,2018-04-09,Governor Signed,18
HB18-1099,2018,RS,House,2018-01-18,Introduced In House - Assigned to Transportation & Energy,1
HB18-1099,2018,RS,House,2018-02-28,House Committee on Transportation & Energy Refer Unamended to House Committee of the Whole,2
HB18-1099,2018,RS,House,2018-03-05,House Second Reading Passed - No Amendments,3
HB18-1099,2018,RS,House,2018-03-06,House Third Reading Passed - No Amendments,4
HB18-1099,2018,RS,Senate,2018-03-12,"Introduced In Senate - Assigned to Business, Labor, & Technology",5
HB18-1099,2018,RS,Senate,2018-03-19,"Senate Committee on Business, Labor, & Technology Refer Unamended - Consent Calendar to Senate Committee of the Whole",6
HB18-1099,2018,RS,Senate,2018-03-22,Senate Second Reading Passed - No Amendments,7
HB18-1099,2018,RS,Senate,2018-03-23,Senate Third Reading Passed - No Amendments,8
HB18-1099,2018,RS,House,2018-03-29,Signed by the Speaker of the House,9
HB18-1099,2018,RS,Senate,2018-04-02,Signed by the President of the Senate,10
HB18-1099,2018,RS,Governor,2018-04-02,Sent to the Governor,11
HB18-1099,2018,RS,Governor,2018-04-02,Governor Signed,12
HB18-1100,2018,RS,House,2018-01-18,Introduced In House - Assigned to Finance,1
HB18-1100,2018,RS,House,2018-01-31,House Committee on Finance Refer Unamended to House Committee of the Whole,2
HB18-1100,2018,RS,House,2018-02-05,House Second Reading Passed - No Amendments,3
HB18-1100,2018,RS,House,2018-02-06,House Third Reading Passed - No Amendments,4
HB18-1100,2018,RS,Senate,2018-02-12,Introduced In Senate - Assigned to Appropriations,5
HB18-1100,2018,RS,Senate,2018-02-27,Senate Committee on Appropriations Refer Unamended - Consent Calendar to Senate Committee of the Whole,6
HB18-1100,2018,RS,Senate,2018-03-01,Senate Second Reading Passed - No Amendments,7
HB18-1100,2018,RS,Senate,2018-03-02,Senate Third Reading Laid Over Daily - No Amendments,8
HB18-1100,2018,RS,Senate,2018-03-05,Senate Third Reading Passed - No Amendments,9
HB18-1100,2018,RS,House,2018-03-12,Signed by the Speaker of the House,10
HB18-1100,2018,RS,Senate,2018-03-13,Signed by the President of the Senate,11
HB18-1100,2018,RS,Governor,2018-03-13,Sent to the Governor,12
HB18-1100,2018,RS,Governor,2018-03-15,Governor Signed,13
HB18-1101,2018,RS,House,2018-01-18,Introduced In House - Assigned to Finance,1
HB18-1101,2018,RS,House,2018-01-31,House Committee on Finance Refer Unamended to House Committee of the Whole,2
HB18-1101,2018,RS,House,2018-02-05,House Second Reading Passed - No Amendments,3
HB18-1101,2018,RS,House,2018-02-06,House Third Reading Passed - No Amendments,4
HB18-1101,2018,RS,Senate,2018-02-12,Introduced In Senate - Assigned to Appropriations,5
HB18-1101,2018,RS,Senate,2018-02-27,Senate Committee on Appropriations Refer Unamended - Consent Calendar to Senate Committee of the Whole,6
HB18-1101,2018,RS,Senate,2018-03-01,Senate Second Reading Passed - No Amendments,7
HB18-1101,2018,RS,Senate,2018-03-02,Senate Third Reading Laid Over Daily - No Amendments,8
HB18-1101,2018,RS,Senate,2018-03-05,Senate Third Reading Passed - No Amendments,9
HB18-1101,2018,RS,House,2018-03-12,Signed by the Speaker of the House,10
HB18-1101,2018,RS,Senate,2018-03-13,Signed by the President of the Senate,11
HB18-1101,2018,RS,Governor,2018-03-13,Sent to the Governor,12
HB18-1101,2018,RS,Governor,2018-03-15,Governor Signed,13
HB18-1102,2018,RS,House,2018-01-18,Introduced In House - Assigned to Judiciary,1
HB18-1102,2018,RS,House,2018-02-20,House Committee on Judiciary Refer Amended to Appropriations,2
HB18-1102,2018,RS,House,2018-05-04,House Committee on Appropriations Refer Amended to House Committee of the Whole,3
HB18-1102,2018,RS,House,2018-05-04,"House Second Reading Special Order - Passed with Amendments - Committee, Floor",4
HB18-1102,2018,RS,House,2018-05-07,House Third Reading Passed - No Amendments,5
HB18-1102,2018,RS,Senate,2018-05-07,Introduced In Senate - Assigned to Finance,6
HB18-1102,2018,RS,Senate,2018-05-07,Senate Committee on Finance Postpone Indefinitely,7
HB18-1103,2018,RS,House,2018-01-18,Introduced In House - Assigned to Transportation & Energy,1
HB18-1103,2018,RS,House,2018-02-15,House Committee on Transportation & Energy Refer Amended to House Committee of the Whole,2
HB18-1103,2018,RS,House,2018-02-20,House Second Reading Passed with Amendments - Committee,3
HB18-1103,2018,RS,House,2018-02-21,House Third Reading Passed - No Amendments,4
HB18-1103,2018,RS,Senate,2018-02-21,Introduced In Senate - Assigned to Transportation,5
HB18-1103,2018,RS,Senate,2018-03-08,Senate Committee on Transportation Refer Amended to Senate Committee of the Whole,6
HB18-1103,2018,RS,Senate,2018-03-13,Senate Second Reading Passed with Amendments - Committee,7
HB18-1103,2018,RS,Senate,2018-03-14,Senate Third Reading Passed - No Amendments,8
HB18-1103,2018,RS,House,2018-03-15,House Considered Senate Amendments - Result was to Concur - Repass,9
HB18-1103,2018,RS,House,2018-03-21,Signed by the Speaker of the House,10
HB18-1103,2018,RS,Senate,2018-03-21,Signed by the President of the Senate,11
HB18-1103,2018,RS,Governor,2018-03-21,Sent to the Governor,12
HB18-1103,2018,RS,Governor,2018-03-29,Governor Signed,13
HB18-1104,2018,RS,House,2018-01-18,Introduced In House - Assigned to Public Health Care & Human Services,1
HB18-1104,2018,RS,House,2018-02-20,House Committee on Public Health Care & Human Services Witness Testimony and/or Committee Discussion Only,2
HB18-1104,2018,RS,House,2018-03-13,House Committee on Public Health Care & Human Services Refer Amended to House Committee of the Whole,3
HB18-1104,2018,RS,House,2018-03-16,House Second Reading Laid Over to 03/19/2018 - No Amendments,4
HB18-1104,2018,RS,House,2018-03-19,House Second Reading Passed with Amendments - Committee,5
HB18-1104,2018,RS,House,2018-03-20,House Third Reading Passed - No Amendments,6
HB18-1104,2018,RS,Senate,2018-03-26,Introduced In Senate - Assigned to Health & Human Services,7
HB18-1104,2018,RS,Senate,2018-03-29,Senate Committee on Health & Human Services Refer Unamended to Senate Committee of the Whole,8
HB18-1104,2018,RS,Senate,2018-04-04,Senate Second Reading Passed - No Amendments,9
HB18-1104,2018,RS,Senate,2018-04-05,Senate Third Reading Passed - No Amendments,10
HB18-1104,2018,RS,Senate,2018-04-05,Senate Third Reading Reconsidered - No Amendments,11
HB18-1104,2018,RS,House,2018-04-17,Signed by the Speaker of the House,12
HB18-1104,2018,RS,Senate,2018-04-19,Signed by the President of the Senate,13
HB18-1104,2018,RS,Governor,2018-04-19,Sent to the Governor,14
HB18-1104,2018,RS,Governor,2018-04-25,Governor Signed,15
HB18-1105,2018,RS,House,2018-01-18,Introduced In House - Assigned to Business Affairs and Labor,1
HB18-1105,2018,RS,House,2018-02-01,House Committee on Business Affairs and Labor Refer Unamended to House Committee of the Whole,2
HB18-1105,2018,RS,House,2018-02-06,House Second Reading Laid Over to 02/07/2018 - No Amendments,3
HB18-1105,2018,RS,House,2018-02-07,House Second Reading Passed - No Amendments,4
HB18-1105,2018,RS,House,2018-02-08,House Third Reading Passed - No Amendments,5
HB18-1105,2018,RS,Senate,2018-02-12,"Introduced In Senate - Assigned to Business, Labor, & Technology",6
HB18-1105,2018,RS,Senate,2018-02-21,"Senate Committee on Business, Labor, & Technology Refer Unamended - Consent Calendar to Senate Committee of the Whole",7
HB18-1105,2018,RS,Senate,2018-02-26,Senate Second Reading Passed - No Amendments,8
HB18-1105,2018,RS,Senate,2018-02-27,Senate Third Reading Passed - No Amendments,9
HB18-1105,2018,RS,Senate,2018-03-06,Signed by the President of the Senate,10
HB18-1105,2018,RS,House,2018-03-06,Signed by the Speaker of the House,11
HB18-1105,2018,RS,Governor,2018-03-07,Sent to the Governor,12
HB18-1105,2018,RS,Governor,2018-03-07,Governor Signed,13
HB18-1106,2018,RS,House,2018-01-18,"Introduced In House - Assigned to State, Veterans, & Military Affairs",1
HB18-1106,2018,RS,House,2018-01-24,"House Committee on State, Veterans, & Military Affairs Postpone Indefinitely",2
HB18-1107,2018,RS,House,2018-01-18,Introduced In House - Assigned to Transportation & Energy,1
HB18-1107,2018,RS,House,2018-02-08,House Committee on Transportation & Energy Refer Unamended to House Committee of the Whole,2
HB18-1107,2018,RS,House,2018-02-13,House Second Reading Passed - No Amendments,3
HB18-1107,2018,RS,House,2018-02-14,House Third Reading Passed - No Amendments,4
HB18-1107,2018,RS,Senate,2018-02-21,Introduced In Senate - Assigned to Transportation,5
HB18-1107,2018,RS,Senate,2018-03-20,Senate Committee on Transportation Postpone Indefinitely,6
HB18-1108,2018,RS,House,2018-01-18,Introduced In House - Assigned to Public Health Care & Human Services,1
HB18-1108,2018,RS,House,2018-04-10,House Committee on Public Health Care & Human Services Refer Amended to Appropriations,2
HB18-1108,2018,RS,House,2018-04-19,House Committee on Appropriations Refer Unamended to House Committee of the Whole,3
HB18-1108,2018,RS,House,2018-04-19,House Second Reading Special Order - Passed with Amendments - Committee,4
HB18-1108,2018,RS,House,2018-04-20,House Third Reading Passed - No Amendments,5
HB18-1108,2018,RS,Senate,2018-04-23,Introduced In Senate - Assigned to Health & Human Services,6
HB18-1108,2018,RS,Senate,2018-04-25,Senate Committee on Health & Human Services Refer Amended to Appropriations,7
HB18-1108,2018,RS,Senate,2018-04-27,Senate Committee on Appropriations Refer Unamended - Consent Calendar to Senate Committee of the Whole,8
HB18-1108,2018,RS,Senate,2018-05-01,Senate Second Reading Passed with Amendments - Committee,9
HB18-1108,2018,RS,Senate,2018-05-02,Senate Third Reading Passed - No Amendments,10
HB18-1108,2018,RS,House,2018-05-02,House Considered Senate Amendments - Result was to Laid Over Daily,11
HB18-1108,2018,RS,House,2018-05-04,House Considered Senate Amendments - Result was to Concur - Repass,12
HB18-1108,2018,RS,House,2018-05-15,Signed by the Speaker of the House,13
HB18-1108,2018,RS,Senate,2018-05-16,Signed by the President of the Senate,14
HB18-1108,2018,RS,Governor,2018-05-16,Sent to the Governor,15
HB18-1108,2018,RS,Governor,2018-05-29,Governor Signed,16
HB18-1109,2018,RS,House,2018-01-18,Introduced In House - Assigned to Judiciary,1
HB18-1109,2018,RS,House,2018-03-15,House Committee on Judiciary Refer Amended to House Committee of the Whole,2
HB18-1109,2018,RS,House,2018-03-20,House Second Reading Laid Over to 03/21/2018 - No Amendments,3
HB18-1109,2018,RS,House,2018-03-21,House Second Reading Laid Over to 03/22/2018 - No Amendments,4
HB18-1109,2018,RS,House,2018-03-22,House Second Reading Laid Over to 03/23/2018 - No Amendments,5
HB18-1109,2018,RS,House,2018-03-23,"House Second Reading Passed with Amendments - Committee, Floor",6
HB18-1109,2018,RS,House,2018-03-26,House Third Reading Passed - No Amendments,7
HB18-1109,2018,RS,Senate,2018-03-26,Introduced In Senate - Assigned to Judiciary,8
HB18-1109,2018,RS,Senate,2018-04-02,Senate Committee on Judiciary Refer Unamended - Consent Calendar to Senate Committee of the Whole,9
HB18-1109,2018,RS,Senate,2018-04-04,Senate Second Reading Special Order - Passed - No Amendments,10
HB18-1109,2018,RS,Senate,2018-04-05,Senate Third Reading Passed - No Amendments,11
HB18-1109,2018,RS,House,2018-04-16,Signed by the Speaker of the House,12
HB18-1109,2018,RS,Senate,2018-04-16,Signed by the President of the Senate,13
HB18-1109,2018,RS,Governor,2018-04-17,Sent to the Governor,14
HB18-1109,2018,RS,Governor,2018-04-23,Governor Signed,15
HB18-1110,2018,RS,House,2018-01-19,Introduced In House - Assigned to Judiciary,1
HB18-1110,2018,RS,House,2018-02-01,House Committee on Judiciary Postpone Indefinitely,2
HB18-1111,2018,RS,House,2018-01-19,"Introduced In House - Assigned to State, Veterans, & Military Affairs",1
HB18-1111,2018,RS,House,2018-02-14,"House Committee on State, Veterans, & Military Affairs Postpone Indefinitely",2
HB18-1112,2018,RS,House,2018-01-19,"Introduced In House - Assigned to Health, Insurance, & Environment",1
HB18-1112,2018,RS,House,2018-02-20,"House Committee on Health, Insurance, & Environment Refer Unamended to House Committee of the Whole",2
HB18-1112,2018,RS,House,2018-02-23,House Second Reading Laid Over to 02/26/2018 - No Amendments,3
HB18-1112,2018,RS,House,2018-02-26,House Second Reading Passed - No Amendments,4
HB18-1112,2018,RS,House,2018-02-27,House Third Reading Passed - No Amendments,5
HB18-1112,2018,RS,Senate,2018-03-05,"Introduced In Senate - Assigned to Business, Labor, & Technology",6
HB18-1112,2018,RS,Senate,2018-03-19,"Senate Committee on Business, Labor, & Technology Refer Unamended to Senate Committee of the Whole",7
HB18-1112,2018,RS,Senate,2018-03-22,Senate Second Reading Passed - No Amendments,8
HB18-1112,2018,RS,Senate,2018-03-23,Senate Third Reading Passed - No Amendments,9
HB18-1112,2018,RS,House,2018-03-29,Signed by the Speaker of the House,10
HB18-1112,2018,RS,Senate,2018-04-02,Signed by the President of the Senate,11
HB18-1112,2018,RS,Governor,2018-04-02,Sent to the Governor,12
HB18-1112,2018,RS,Governor,2018-04-09,Governor Signed,13
HB18-1113,2018,RS,House,2018-01-19,"Introduced In House - Assigned to State, Veterans, & Military Affairs",1
HB18-1113,2018,RS,House,2018-02-14,"House Committee on State, Veterans, & Military Affairs Postpone Indefinitely",2
HB18-1114,2018,RS,House,2018-01-19,"Introduced In House - Assigned to Health, Insurance, & Environment",1
HB18-1114,2018,RS,House,2018-03-08,"House Committee on Health, Insurance, & Environment Refer Amended to Finance",2
HB18-1114,2018,RS,House,2018-03-14,House Committee on Finance Refer Unamended to Appropriations,3
HB18-1114,2018,RS,House,2018-04-06,House Committee on Appropriations Refer Amended to House Committee of the Whole,4
HB18-1114,2018,RS,House,2018-04-06,House Second Reading Special Order - Passed with Amendments - Committee,5
HB18-1114,2018,RS,House,2018-04-09,House Third Reading Laid Over to 04/12/2018 - No Amendments,6
HB18-1114,2018,RS,House,2018-04-12,House Third Reading Passed - No Amendments,7
HB18-1114,2018,RS,Senate,2018-04-12,"Introduced In Senate - Assigned to State, Veterans, & Military Affairs",8
HB18-1114,2018,RS,Senate,2018-04-24,"Senate Committee on State, Veterans, & Military Affairs Postpone Indefinitely",9
HB18-1115,2018,RS,House,2018-01-19,Introduced In House - Assigned to Judiciary,1
HB18-1115,2018,RS,House,2018-03-13,House Committee on Judiciary Refer Amended to Appropriations,2
HB18-1115,2018,RS,House,2018-04-30,House Committee on Appropriations Refer Amended to House Committee of the Whole,3
HB18-1115,2018,RS,House,2018-04-30,House Second Reading Special Order - Passed with Amendments - Committee,4
HB18-1115,2018,RS,House,2018-05-01,House Third Reading Passed - No Amendments,5
HB18-1115,2018,RS,Senate,2018-05-01,Introduced In Senate - Assigned to Finance,6
HB18-1115,2018,RS,Senate,2018-05-02,Senate Committee on Finance Refer Amended to Appropriations,7
HB18-1115,2018,RS,Senate,2018-05-08,Senate Committee on Appropriations Postpone Indefinitely,8
HB18-1116,2018,RS,House,2018-01-19,Introduced In House - Assigned to Finance,1
HB18-1116,2018,RS,House,2018-01-22,House Committee on Finance Refer Unamended to House Committee of the Whole,2
HB18-1116,2018,RS,House,2018-01-23,House Second Reading Passed - No Amendments,3
HB18-1116,2018,RS,House,2018-01-24,House Third Reading Passed - No Amendments,4
HB18-1116,2018,RS,Senate,2018-01-24,Introduced In Senate - Assigned to Appropriations,5
HB18-1116,2018,RS,Senate,2018-01-25,Senate Committee on Appropriations Refer Unamended to Senate Committee of the Whole,6
HB18-1116,2018,RS,Senate,2018-01-25,Senate Second Reading Special Order - Passed - No Amendments,7
HB18-1116,2018,RS,Senate,2018-01-26,Senate Third Reading Passed - No Amendments,8
HB18-1116,2018,RS,House,2018-01-29,Signed by the Speaker of the House,9
HB18-1116,2018,RS,Governor,2018-01-29,Governor Signed,10
HB18-1116,2018,RS,Senate,2018-01-29,Signed by the President of the Senate,11
HB18-1116,2018,RS,Governor,2018-01-29,Sent to the Governor,12
HB18-1117,2018,RS,House,2018-01-19,Introduced In House - Assigned to Business Affairs and Labor,1
HB18-1117,2018,RS,House,2018-02-08,House Committee on Business Affairs and Labor Refer Unamended to House Committee of the Whole,2
HB18-1117,2018,RS,House,2018-02-12,House Second Reading Passed - No Amendments,3
HB18-1117,2018,RS,House,2018-02-13,House Third Reading Passed - No Amendments,4
HB18-1117,2018,RS,Senate,2018-02-21,"Introduced In Senate - Assigned to Business, Labor, & Technology",5
HB18-1117,2018,RS,Senate,2018-03-05,"Senate Committee on Business, Labor, & Technology Refer Unamended to Senate Committee of the Whole",6
HB18-1117,2018,RS,Senate,2018-03-08,Senate Second Reading Passed - No Amendments,7
HB18-1117,2018,RS,Senate,2018-03-09,Senate Third Reading Laid Over Daily - No Amendments,8
HB18-1117,2018,RS,Senate,2018-03-13,Senate Third Reading Passed - No Amendments,9
HB18-1117,2018,RS,House,2018-03-19,Signed by the Speaker of the House,10
HB18-1117,2018,RS,Senate,2018-03-19,Signed by the President of the Senate,11
HB18-1117,2018,RS,Governor,2018-03-19,Sent to the Governor,12
HB18-1117,2018,RS,Governor,2018-03-22,Governor Signed,13
HB18-1118,2018,RS,House,2018-01-19,"Introduced In House - Assigned to Health, Insurance, & Environment",1
HB18-1118,2018,RS,House,2018-02-15,"House Committee on Health, Insurance, & Environment Refer Amended to Appropriations",2
HB18-1118,2018,RS,House,2018-03-16,House Committee on Appropriations Refer Amended to House Committee of the Whole,3
HB18-1118,2018,RS,House,2018-03-20,House Second Reading Passed with Amendments - Committee,4
HB18-1118,2018,RS,House,2018-03-21,House Third Reading Passed - No Amendments,5
HB18-1118,2018,RS,Senate,2018-03-26,"Introduced In Senate - Assigned to State, Veterans, & Military Affairs",6
HB18-1118,2018,RS,Senate,2018-04-02,"Senate Committee on State, Veterans, & Military Affairs Postpone Indefinitely",7
HB18-1119,2018,RS,House,2018-01-19,Introduced In House - Assigned to Transportation & Energy,1
HB18-1119,2018,RS,House,2018-02-21,House Committee on Transportation & Energy Postpone Indefinitely,2
HB18-1120,2018,RS,House,2018-01-19,"Introduced In House - Assigned to State, Veterans, & Military Affairs",1
HB18-1120,2018,RS,House,2018-02-28,"House Committee on State, Veterans, & Military Affairs Postpone Indefinitely",2
HB18-1121,2018,RS,House,2018-01-19,"Introduced In House - Assigned to State, Veterans, & Military Affairs",1
HB18-1121,2018,RS,House,2018-02-28,"House Committee on State, Veterans, & Military Affairs Postpone Indefinitely",2
HB18-1122,2018,RS,House,2018-01-19,"Introduced In House - Assigned to Health, Insurance, & Environment + Appropriations",1
HB18-1122,2018,RS,House,2018-03-15,"House Committee on Health, Insurance, & Environment Postpone Indefinitely",2
HB18-1123,2018,RS,House,2018-01-19,"Introduced In House - Assigned to Health, Insurance, & Environment + Appropriations",1
HB18-1123,2018,RS,House,2018-03-15,"House Committee on Health, Insurance, & Environment Postpone Indefinitely",2
HB18-1124,2018,RS,House,2018-01-19,Introduced In House - Assigned to Appropriations,1
HB18-1124,2018,RS,House,2018-05-04,House Committee on Appropriations Postpone Indefinitely,2
HB18-1125,2018,RS,House,2018-01-19,Introduced In House - Assigned to Finance + Appropriations,1
HB18-1125,2018,RS,House,2018-02-26,House Committee on Finance Postpone Indefinitely,2
HB18-1126,2018,RS,House,2018-01-19,Introduced In House - Assigned to Local Government,1
HB18-1126,2018,RS,House,2018-02-14,House Committee on Local Government Refer Amended to House Committee of the Whole,2
HB18-1126,2018,RS,House,2018-02-21,House Second Reading Laid Over to 02/22/2018 - No Amendments,3
HB18-1126,2018,RS,House,2018-02-22,House Second Reading Laid Over to 02/23/2018 - No Amendments,4
HB18-1126,2018,RS,House,2018-02-23,House Second Reading Passed with Amendments - Committee,5
HB18-1126,2018,RS,House,2018-02-26,House Third Reading Lost - No Amendments,6
HB18-1127,2018,RS,House,2018-01-19,Introduced In House - Assigned to Finance,1
HB18-1127,2018,RS,House,2018-02-12,House Committee on Finance Refer Amended to House Committee of the Whole,2
HB18-1127,2018,RS,House,2018-02-16,House Second Reading Laid Over to 02/20/2018 - No Amendments,3
HB18-1127,2018,RS,House,2018-02-20,House Second Reading Laid Over to 02/22/2018 - No Amendments,4
HB18-1127,2018,RS,House,2018-02-22,"House Second Reading Passed with Amendments - Committee, Floor",5
HB18-1127,2018,RS,House,2018-02-23,House Third Reading Laid Over to 02/26/2018 - No Amendments,6
HB18-1127,2018,RS,House,2018-02-26,House Third Reading Passed - No Amendments,7
HB18-1127,2018,RS,Senate,2018-03-05,"Introduced In Senate - Assigned to State, Veterans, & Military Affairs + Business, Labor, & Technology + Finance",8
HB18-1127,2018,RS,Senate,2018-03-14,"Senate Committee on State, Veterans, & Military Affairs Postpone Indefinitely",9
HB18-1128,2018,RS,House,2018-01-19,"Introduced In House - Assigned to State, Veterans, & Military Affairs",1
HB18-1128,2018,RS,House,2018-02-14,"House Committee on State, Veterans, & Military Affairs Refer Amended to Appropriations",2
HB18-1128,2018,RS,House,2018-04-19,House Committee on Appropriations Refer Unamended to House Committee of the Whole,3
HB18-1128,2018,RS,House,2018-04-19,"House Second Reading Special Order - Passed with Amendments - Committee, Floor",4
HB18-1128,2018,RS,House,2018-04-20,House Third Reading Passed - No Amendments,5
HB18-1128,2018,RS,Senate,2018-04-23,"Introduced In Senate - Assigned to State, Veterans, & Military Affairs",6
HB18-1128,2018,RS,Senate,2018-05-01,"Senate Committee on State, Veterans, & Military Affairs Refer Amended - Consent Calendar to Senate Committee of the Whole",7
HB18-1128,2018,RS,Senate,2018-05-02,Senate Second Reading Special Order - Passed with Amendments - Committee,8
HB18-1128,2018,RS,Senate,2018-05-03,Senate Third Reading Passed - No Amendments,9
HB18-1128,2018,RS,House,2018-05-03,House Considered Senate Amendments - Result was to Laid Over Daily,10
HB18-1128,2018,RS,House,2018-05-04,House Considered Senate Amendments - Result was to Concur - Repass,11
HB18-1128,2018,RS,House,2018-05-18,Signed by the Speaker of the House,12
HB18-1128,2018,RS,Senate,2018-05-18,Signed by the President of the Senate,13
HB18-1128,2018,RS,Governor,2018-05-18,Sent to the Governor,14
HB18-1128,2018,RS,Governor,2018-05-29,Governor Signed,15
HB18-1129,2018,RS,House,2018-01-19,"Introduced In House - Assigned to State, Veterans, & Military Affairs",1
HB18-1129,2018,RS,House,2018-02-07,"House Committee on State, Veterans, & Military Affairs Postpone Indefinitely",2
HB18-1130,2018,RS,House,2018-01-19,Introduced In House - Assigned to Education,1
HB18-1130,2018,RS,House,2018-02-12,House Committee on Education Refer Amended to House Committee of the Whole,2
HB18-1130,2018,RS,House,2018-02-15,House Second Reading Passed with Amendments - Committee,3
HB18-1130,2018,RS,House,2018-02-16,House Third Reading Passed - No Amendments,4
HB18-1130,2018,RS,Senate,2018-02-21,Introduced In Senate - Assigned to Education,5
HB18-1130,2018,RS,Senate,2018-03-08,Senate Committee on Education Refer Unamended to Senate Committee of the Whole,6
HB18-1130,2018,RS,Senate,2018-03-14,Senate Second Reading Passed - No Amendments,7
HB18-1130,2018,RS,Senate,2018-03-15,Senate Third Reading Passed - No Amendments,8
HB18-1130,2018,RS,House,2018-03-21,Signed by the Speaker of the House,9
HB18-1130,2018,RS,Senate,2018-03-21,Signed by the President of the Senate,10
HB18-1130,2018,RS,Governor,2018-03-21,Sent to the Governor,11
HB18-1130,2018,RS,Governor,2018-03-29,Governor Signed,12
HB18-1131,2018,RS,House,2018-01-22,Introduced In House - Assigned to Judiciary,1
HB18-1131,2018,RS,House,2018-02-27,House Committee on Judiciary Refer Amended to Appropriations,2
HB18-1131,2018,RS,House,2018-03-16,House Committee on Appropriations Refer Amended to House Committee of the Whole,3
HB18-1131,2018,RS,House,2018-03-20,House Second Reading Laid Over to 03/21/2018 - No Amendments,4
HB18-1131,2018,RS,House,2018-03-21,House Second Reading Laid Over to 03/22/2018 - No Amendments,5
HB18-1131,2018,RS,House,2018-03-22,House Second Reading Laid Over to 03/26/2018 - No Amendments,6
HB18-1131,2018,RS,House,2018-03-26,House Second Reading Laid Over to 03/27/2018 - No Amendments,7
HB18-1131,2018,RS,House,2018-03-27,House Second Reading Laid Over to 03/28/2018 - No Amendments,8
HB18-1131,2018,RS,House,2018-03-28,House Second Reading Laid Over to 03/29/2018 - No Amendments,9
HB18-1131,2018,RS,House,2018-03-29,House Second Reading Laid Over to 04/03/2018 - No Amendments,10
HB18-1131,2018,RS,House,2018-04-03,House Second Reading Laid Over to 04/04/2018 - No Amendments,11
HB18-1131,2018,RS,House,2018-04-04,"House Second Reading Passed with Amendments - Committee, Floor",12
HB18-1131,2018,RS,House,2018-04-05,House Third Reading Passed - No Amendments,13
HB18-1131,2018,RS,Senate,2018-04-05,"Introduced In Senate - Assigned to State, Veterans, & Military Affairs",14
HB18-1131,2018,RS,Senate,2018-04-16,"Senate Committee on State, Veterans, & Military Affairs Postpone Indefinitely",15
HB18-1132,2018,RS,House,2018-01-22,Introduced In House - Assigned to Judiciary + Appropriations,1
HB18-1132,2018,RS,House,2018-02-27,House Committee on Judiciary Refer Amended to Appropriations,2
HB18-1132,2018,RS,House,2018-03-16,House Committee on Appropriations Refer Unamended to House Committee of the Whole,3
HB18-1132,2018,RS,House,2018-03-20,House Second Reading Passed with Amendments - Committee,4
HB18-1132,2018,RS,House,2018-03-21,House Third Reading Laid Over to 03/22/2018 - No Amendments,5
HB18-1132,2018,RS,House,2018-03-22,House Third Reading Laid Over to 03/26/2018 - No Amendments,6
HB18-1132,2018,RS,House,2018-03-26,House Third Reading Passed - No Amendments,7
HB18-1132,2018,RS,Senate,2018-03-26,Introduced In Senate - Assigned to Judiciary,8
HB18-1132,2018,RS,Senate,2018-04-02,Senate Committee on Judiciary Refer Unamended - Consent Calendar to Senate Committee of the Whole,9
HB18-1132,2018,RS,Senate,2018-04-04,Senate Second Reading Special Order - Laid Over Daily - No Amendments,10
HB18-1132,2018,RS,Senate,2018-04-05,Senate Second Reading Passed - No Amendments,11
HB18-1132,2018,RS,Senate,2018-04-06,Senate Third Reading Passed - No Amendments,12
HB18-1132,2018,RS,House,2018-04-17,Signed by the Speaker of the House,13
HB18-1132,2018,RS,Senate,2018-04-19,Signed by the President of the Senate,14
HB18-1132,2018,RS,Governor,2018-04-19,Sent to the Governor,15
HB18-1132,2018,RS,Governor,2018-04-25,Governor Signed,16
HB18-1133,2018,RS,House,2018-01-22,"Introduced In House - Assigned to Agriculture, Livestock, & Natural Resources",1
HB18-1133,2018,RS,House,2018-02-23,"House Committee on Agriculture, Livestock, & Natural Resources Postpone Indefinitely",2
HB18-1134,2018,RS,House,2018-01-22,Introduced In House - Assigned to Education,1
HB18-1134,2018,RS,House,2018-02-14,House Committee on Education Refer Unamended to House Committee of the Whole,2
HB18-1134,2018,RS,House,2018-02-20,House Second Reading Passed - No Amendments,3
HB18-1134,2018,RS,House,2018-02-21,House Third Reading Passed - No Amendments,4
HB18-1134,2018,RS,Senate,2018-02-26,Introduced In Senate - Assigned to Education,5
HB18-1134,2018,RS,Senate,2018-03-22,Senate Committee on Education Refer Unamended to Senate Committee of the Whole,6
HB18-1134,2018,RS,Senate,2018-03-27,Senate Second Reading Laid Over Daily - No Amendments,7
HB18-1134,2018,RS,Senate,2018-03-28,Senate Second Reading Passed - No Amendments,8
HB18-1134,2018,RS,Senate,2018-03-29,Senate Third Reading Passed - No Amendments,9
HB18-1134,2018,RS,House,2018-04-04,Signed by the Speaker of the House,10
HB18-1134,2018,RS,Senate,2018-04-04,Signed by the President of the Senate,11
HB18-1134,2018,RS,Governor,2018-04-04,Sent to the Governor,12
HB18-1134,2018,RS,Governor,2018-04-09,Governor Signed,13
HB18-1135,2018,RS,House,2018-01-23,Introduced In House - Assigned to Business Affairs and Labor + Appropriations,1
HB18-1135,2018,RS,House,2018-02-08,House Committee on Business Affairs and Labor Refer Unamended to Appropriations,2
HB18-1135,2018,RS,House,2018-04-19,House Committee on Appropriations Refer Amended to House Committee of the Whole,3
HB18-1135,2018,RS,House,2018-04-19,House Second Reading Special Order - Passed with Amendments - Committee,4
HB18-1135,2018,RS,House,2018-04-20,House Third Reading Passed - No Amendments,5
HB18-1135,2018,RS,Senate,2018-04-23,"Introduced In Senate - Assigned to Business, Labor, & Technology",6
HB18-1135,2018,RS,Senate,2018-04-25,"Senate Committee on Business, Labor, & Technology Refer Unamended to Appropriations",7
HB18-1135,2018,RS,Senate,2018-04-26,Senate Committee on Appropriations Refer Unamended - Consent Calendar to Senate Committee of the Whole,8
HB18-1135,2018,RS,Senate,2018-04-27,Senate Second Reading Special Order - Passed - No Amendments,9
HB18-1135,2018,RS,Senate,2018-04-30,Senate Third Reading Passed - No Amendments,10
HB18-1135,2018,RS,House,2018-05-15,Signed by the Speaker of the House,11
HB18-1135,2018,RS,Senate,2018-05-16,Signed by the President of the Senate,12
HB18-1135,2018,RS,Governor,2018-05-16,Sent to the Governor,13
HB18-1135,2018,RS,Governor,2018-05-29,Governor Signed,14
HB18-1136,2018,RS,House,2018-01-23,Introduced In House - Assigned to Public Health Care & Human Services,1
HB18-1136,2018,RS,House,2018-03-13,House Committee on Public Health Care & Human Services Refer Amended to Appropriations,2
HB18-1136,2018,RS,House,2018-04-19,House Committee on Appropriations Refer Amended to House Committee of the Whole,3
HB18-1136,2018,RS,House,2018-04-19,"House Second Reading Special Order - Passed with Amendments - Committee, Floor",4
HB18-1136,2018,RS,House,2018-04-20,House Third Reading Passed - No Amendments,5
HB18-1136,2018,RS,Senate,2018-04-23,"Introduced In Senate - Assigned to State, Veterans, & Military Affairs",6
HB18-1136,2018,RS,Senate,2018-04-25,"Senate Committee on State, Veterans, & Military Affairs Refer Amended to Appropriations",7
HB18-1136,2018,RS,Senate,2018-04-27,Senate Committee on Appropriations Refer Unamended - Consent Calendar to Senate Committee of the Whole,8
HB18-1136,2018,RS,Senate,2018-05-01,Senate Second Reading Passed with Amendments - Committee,9
HB18-1136,2018,RS,Senate,2018-05-02,Senate Third Reading Laid Over to 05/07/2018 - No Amendments,10
HB18-1136,2018,RS,Senate,2018-05-04,Senate Third Reading Passed - No Amendments,11
HB18-1136,2018,RS,House,2018-05-04,House Considered Senate Amendments - Result was to Laid Over Daily,12
HB18-1136,2018,RS,House,2018-05-07,House Considered Senate Amendments - Result was to Concur - Repass,13
HB18-1136,2018,RS,House,2018-05-17,Signed by the Speaker of the House,14
HB18-1136,2018,RS,Senate,2018-05-18,Signed by the President of the Senate,15
HB18-1136,2018,RS,Governor,2018-05-18,Sent to the Governor,16
HB18-1136,2018,RS,Governor,2018-06-05,Governor Signed,17
HB18-1137,2018,RS,House,2018-01-24,"Introduced In House - Assigned to State, Veterans, & Military Affairs",1
HB18-1137,2018,RS,House,2018-02-08,"House Committee on State, Veterans, & Military Affairs Refer Amended to House Committee of the Whole",2
HB18-1137,2018,RS,House,2018-02-13,House Second Reading Passed with Amendments - Committee,3
HB18-1137,2018,RS,House,2018-02-14,House Third Reading Passed - No Amendments,4
HB18-1137,2018,RS,Senate,2018-02-21,Introduced In Senate - Assigned to Transportation,5
HB18-1137,2018,RS,Senate,2018-03-08,Senate Committee on Transportation Refer Unamended - Consent Calendar to Senate Committee of the Whole,6
HB18-1137,2018,RS,Senate,2018-03-13,Senate Second Reading Passed - No Amendments,7
HB18-1137,2018,RS,Senate,2018-03-14,Senate Third Reading Passed - No Amendments,8
HB18-1137,2018,RS,House,2018-03-21,Signed by the Speaker of the House,9
HB18-1137,2018,RS,Senate,2018-03-21,Signed by the President of the Senate,10
HB18-1137,2018,RS,Governor,2018-03-21,Sent to the Governor,11
HB18-1137,2018,RS,Governor,2018-03-29,Governor Signed,12
HB18-1138,2018,RS,House,2018-01-24,"Introduced In House - Assigned to State, Veterans, & Military Affairs",1
HB18-1138,2018,RS,House,2018-02-14,"House Committee on State, Veterans, & Military Affairs Refer Amended to House Committee of the Whole",2
HB18-1138,2018,RS,House,2018-02-20,"House Second Reading Passed with Amendments - Committee, Floor",3
HB18-1138,2018,RS,House,2018-02-21,House Third Reading Passed - No Amendments,4
HB18-1138,2018,RS,Senate,2018-02-21,"Introduced In Senate - Assigned to State, Veterans, & Military Affairs",5
HB18-1138,2018,RS,Senate,2018-03-07,"Senate Committee on State, Veterans, & Military Affairs Refer Amended to Senate Committee of the Whole",6
HB18-1138,2018,RS,Senate,2018-03-12,Senate Second Reading Laid Over Daily - No Amendments,7
HB18-1138,2018,RS,Senate,2018-03-13,Senate Second Reading Passed with Amendments - Committee,8
HB18-1138,2018,RS,Senate,2018-03-14,Senate Third Reading Passed - No Amendments,9
HB18-1138,2018,RS,House,2018-03-15,House Considered Senate Amendments - Result was to Concur - Repass,10
HB18-1138,2018,RS,House,2018-03-22,Signed by the Speaker of the House,11
HB18-1138,2018,RS,Senate,2018-03-22,Signed by the President of the Senate,12
HB18-1138,2018,RS,Governor,2018-03-22,Sent to the Governor,13
HB18-1138,2018,RS,Governor,2018-04-02,Governor Signed,14
HB18-1139,2018,RS,House,2018-01-24,"Introduced In House - Assigned to Agriculture, Livestock, & Natural Resources",1
HB18-1139,2018,RS,House,2018-02-05,"House Committee on Agriculture, Livestock, & Natural Resources Refer Unamended to House Committee of the Whole",2
HB18-1139,2018,RS,House,2018-02-08,House Second Reading Passed - No Amendments,3
HB18-1139,2018,RS,House,2018-02-09,House Third Reading Passed - No Amendments,4
HB18-1139,2018,RS,Senate,2018-02-12,"Introduced In Senate - Assigned to Agriculture, Natural Resources, & Energy",5
HB18-1139,2018,RS,Senate,2018-03-08,"Senate Committee on Agriculture, Natural Resources, & Energy Refer Unamended - Consent Calendar to Senate Committee of the Whole",6
HB18-1139,2018,RS,Senate,2018-03-13,Senate Second Reading Passed - No Amendments,7
HB18-1139,2018,RS,Senate,2018-03-14,Senate Third Reading Passed - No Amendments,8
HB18-1139,2018,RS,House,2018-03-21,Signed by the Speaker of the House,9
HB18-1139,2018,RS,Senate,2018-03-21,Signed by the President of the Senate,10
HB18-1139,2018,RS,Governor,2018-03-21,Sent to the Governor,11
HB18-1139,2018,RS,Governor,2018-03-29,Governor Signed,12
HB18-1140,2018,RS,House,2018-01-24,"Introduced In House - Assigned to State, Veterans, & Military Affairs",1
HB18-1140,2018,RS,House,2018-02-08,"House Committee on State, Veterans, & Military Affairs Refer Unamended to House Committee of the Whole",2
HB18-1140,2018,RS,House,2018-02-13,House Second Reading Passed - No Amendments,3
HB18-1140,2018,RS,House,2018-02-14,House Third Reading Passed - No Amendments,4
HB18-1140,2018,RS,Senate,2018-02-21,"Introduced In Senate - Assigned to State, Veterans, & Military Affairs",5
HB18-1140,2018,RS,Senate,2018-02-26,"Senate Committee on State, Veterans, & Military Affairs Refer Amended - Consent Calendar to Senate Committee of the Whole",6
HB18-1140,2018,RS,Senate,2018-03-01,Senate Second Reading Passed with Amendments - Committee,7
HB18-1140,2018,RS,Senate,2018-03-02,Senate Third Reading Laid Over Daily - No Amendments,8
HB18-1140,2018,RS,Senate,2018-03-05,Senate Third Reading Passed - No Amendments,9
HB18-1140,2018,RS,House,2018-03-06,House Considered Senate Amendments - Result was to Concur - Repass,10
HB18-1140,2018,RS,House,2018-03-12,Signed by the Speaker of the House,11
HB18-1140,2018,RS,Senate,2018-03-13,Signed by the President of the Senate,12
HB18-1140,2018,RS,Governor,2018-03-13,Sent to the Governor,13
HB18-1140,2018,RS,Governor,2018-03-15,Governor Signed,14
HB18-1141,2018,RS,House,2018-01-25,Introduced In House - Assigned to Education,1
HB18-1141,2018,RS,House,2018-02-05,House Committee on Education Refer Amended to House Committee of the Whole,2
HB18-1141,2018,RS,House,2018-02-08,House Second Reading Passed with Amendments - Committee,3
HB18-1141,2018,RS,House,2018-02-09,House Third Reading Passed - No Amendments,4
HB18-1141,2018,RS,Senate,2018-02-12,Introduced In Senate - Assigned to Judiciary,5
HB18-1141,2018,RS,Senate,2018-02-28,Senate Committee on Judiciary Refer Unamended - Consent Calendar to Senate Committee of the Whole,6
HB18-1141,2018,RS,Senate,2018-03-05,Senate Second Reading Passed - No Amendments,7
HB18-1141,2018,RS,Senate,2018-03-06,Senate Third Reading Laid Over to 03/08/2018 - No Amendments,8
HB18-1141,2018,RS,Senate,2018-03-08,Senate Third Reading Passed - No Amendments,9
HB18-1141,2018,RS,House,2018-03-14,Signed by the Speaker of the House,10
HB18-1141,2018,RS,Senate,2018-03-15,Signed by the President of the Senate,11
HB18-1141,2018,RS,Governor,2018-03-15,Sent to the Governor,12
HB18-1141,2018,RS,Governor,2018-03-22,Governor Signed,13
HB18-1142,2018,RS,House,2018-01-25,Introduced In House - Assigned to Public Health Care & Human Services,1
HB18-1142,2018,RS,House,2018-02-06,House Committee on Public Health Care & Human Services Refer Amended to House Committee of the Whole,2
HB18-1142,2018,RS,House,2018-02-09,House Second Reading Passed with Amendments - Committee,3
HB18-1142,2018,RS,House,2018-02-12,House Third Reading Passed - No Amendments,4
HB18-1142,2018,RS,Senate,2018-02-12,Introduced In Senate - Assigned to Judiciary,5
HB18-1142,2018,RS,Senate,2018-02-28,Senate Committee on Judiciary Refer Unamended - Consent Calendar to Senate Committee of the Whole,6
HB18-1142,2018,RS,Senate,2018-03-05,Senate Second Reading Passed - No Amendments,7
HB18-1142,2018,RS,Senate,2018-03-06,Senate Third Reading Laid Over to 03/08/2018 - No Amendments,8
HB18-1142,2018,RS,Senate,2018-03-08,Senate Third Reading Passed - No Amendments,9
HB18-1142,2018,RS,House,2018-03-14,Signed by the Speaker of the House,10
HB18-1142,2018,RS,Senate,2018-03-15,Signed by the President of the Senate,11
HB18-1142,2018,RS,Governor,2018-03-15,Sent to the Governor,12
HB18-1142,2018,RS,Governor,2018-03-22,Governor Signed,13
HB18-1143,2018,RS,House,2018-01-25,Introduced In House - Assigned to Judiciary,1
HB18-1143,2018,RS,House,2018-02-15,House Committee on Judiciary Refer Amended to House Committee of the Whole,2
HB18-1143,2018,RS,House,2018-02-20,House Second Reading Laid Over to 02/22/2018 - No Amendments,3
HB18-1143,2018,RS,House,2018-02-22,House Second Reading Laid Over to 02/23/2018 - No Amendments,4
HB18-1143,2018,RS,House,2018-02-23,House Second Reading Laid Over to 03/22/2018 - No Amendments,5
HB18-1143,2018,RS,House,2018-03-22,House Second Reading Laid Over to 03/23/2018 - No Amendments,6
HB18-1143,2018,RS,House,2018-03-23,House Second Reading Laid Over to 03/26/2018 - No Amendments,7
HB18-1143,2018,RS,House,2018-03-23,House Second Reading Laid Over to 05/04/2018 - No Amendments,8
HB18-1143,2018,RS,House,2018-05-02,House Second Reading Special Order - Laid Over to 05/09/2018 - No Amendments,9
HB18-1144,2018,RS,House,2018-01-26,Introduced In House - Assigned to Finance,1
HB18-1144,2018,RS,House,2018-02-05,House Committee on Finance Refer Amended to House Committee of the Whole,2
HB18-1144,2018,RS,House,2018-02-08,House Second Reading Passed with Amendments - Committee,3
HB18-1144,2018,RS,House,2018-02-09,House Third Reading Passed - No Amendments,4
HB18-1144,2018,RS,Senate,2018-02-12,Introduced In Senate - Assigned to Finance,5
HB18-1144,2018,RS,Senate,2018-02-15,Senate Committee on Finance Refer Unamended - Consent Calendar to Senate Committee of the Whole,6
HB18-1144,2018,RS,Senate,2018-02-21,Senate Second Reading Passed - No Amendments,7
HB18-1144,2018,RS,Senate,2018-02-22,Senate Third Reading Passed - No Amendments,8
HB18-1144,2018,RS,House,2018-02-27,Signed by the Speaker of the House,9
HB18-1144,2018,RS,Senate,2018-02-27,Signed by the President of the Senate,10
HB18-1144,2018,RS,Governor,2018-02-27,Sent to the Governor,11
HB18-1144,2018,RS,Governor,2018-03-01,Governor Signed,12
HB18-1145,2018,RS,House,2018-01-26,"Introduced In House - Assigned to State, Veterans, & Military Affairs",1
HB18-1145,2018,RS,House,2018-02-22,"House Committee on State, Veterans, & Military Affairs Refer Amended to House Committee of the Whole",2
HB18-1145,2018,RS,House,2018-02-26,House Second Reading Special Order - Passed with Amendments - Committee,3
HB18-1145,2018,RS,House,2018-02-27,House Third Reading Passed - No Amendments,4
HB18-1145,2018,RS,Senate,2018-03-05,"Introduced In Senate - Assigned to State, Veterans, & Military Affairs",5
HB18-1145,2018,RS,Senate,2018-03-21,"Senate Committee on State, Veterans, & Military Affairs Refer Unamended - Consent Calendar to Senate Committee of the Whole",6
HB18-1145,2018,RS,Senate,2018-03-26,Senate Second Reading Passed - No Amendments,7
HB18-1145,2018,RS,Senate,2018-03-27,Senate Third Reading Passed - No Amendments,8
HB18-1145,2018,RS,House,2018-04-02,Signed by the Speaker of the House,9
HB18-1145,2018,RS,Senate,2018-04-03,Signed by the President of the Senate,10
HB18-1145,2018,RS,Governor,2018-04-03,Sent to the Governor,11
HB18-1145,2018,RS,Governor,2018-04-09,Governor Signed,12
HB18-1146,2018,RS,House,2018-01-31,"Introduced In House - Assigned to State, Veterans, & Military Affairs",1
HB18-1146,2018,RS,House,2018-02-22,"House Committee on State, Veterans, & Military Affairs Refer Unamended to House Committee of the Whole",2
HB18-1146,2018,RS,House,2018-02-26,House Second Reading Special Order - Passed - No Amendments,3
HB18-1146,2018,RS,House,2018-02-27,House Third Reading Passed - No Amendments,4
HB18-1146,2018,RS,Senate,2018-03-05,"Introduced In Senate - Assigned to Agriculture, Natural Resources, & Energy",5
HB18-1146,2018,RS,Senate,2018-03-15,"Senate Committee on Agriculture, Natural Resources, & Energy Refer Unamended to Finance",6
HB18-1146,2018,RS,Senate,2018-03-22,Senate Committee on Finance Refer Amended to Appropriations,7
HB18-1146,2018,RS,Senate,2018-04-10,Senate Committee on Appropriations Refer Unamended - Consent Calendar to Senate Committee of the Whole,8
HB18-1146,2018,RS,Senate,2018-04-11,Senate Second Reading Special Order - Passed with Amendments - Committee,9
HB18-1146,2018,RS,Senate,2018-04-12,Senate Third Reading Passed - No Amendments,10
HB18-1146,2018,RS,House,2018-04-12,House Considered Senate Amendments - Result was to Laid Over Daily,11
HB18-1146,2018,RS,House,2018-04-26,House Considered Senate Amendments - Result was to Concur - Repass,12
HB18-1146,2018,RS,House,2018-05-11,Signed by the Speaker of the House,13
HB18-1146,2018,RS,Governor,2018-05-14,Sent to the Governor,14
HB18-1146,2018,RS,Senate,2018-05-14,Signed by the President of the Senate,15
HB18-1146,2018,RS,Governor,2018-06-06,Governor Signed,16
HB18-1147,2018,RS,House,2018-01-31,"Introduced In House - Assigned to Health, Insurance, & Environment",1
HB18-1147,2018,RS,House,2018-02-22,"House Committee on Health, Insurance, & Environment Refer Unamended to Appropriations",2
HB18-1147,2018,RS,House,2018-03-16,House Committee on Appropriations Refer Unamended to House Committee of the Whole,3
HB18-1147,2018,RS,House,2018-03-20,House Second Reading Passed - No Amendments,4
HB18-1147,2018,RS,House,2018-03-21,House Third Reading Passed - No Amendments,5
HB18-1147,2018,RS,Senate,2018-03-26,"Introduced In Senate - Assigned to Agriculture, Natural Resources, & Energy",6
HB18-1147,2018,RS,Senate,2018-03-28,"Senate Committee on Agriculture, Natural Resources, & Energy Refer Unamended to Appropriations",7
HB18-1147,2018,RS,Senate,2018-04-10,Senate Committee on Appropriations Refer Unamended - Consent Calendar to Senate Committee of the Whole,8
HB18-1147,2018,RS,Senate,2018-04-11,Senate Second Reading Special Order - Passed - No Amendments,9
HB18-1147,2018,RS,Senate,2018-04-12,Senate Third Reading Passed - No Amendments,10
HB18-1147,2018,RS,House,2018-04-18,Signed by the Speaker of the House,11
HB18-1147,2018,RS,Senate,2018-04-19,Signed by the President of the Senate,12
HB18-1147,2018,RS,Governor,2018-04-19,Sent to the Governor,13
HB18-1147,2018,RS,Governor,2018-04-26,Governor Signed,14
HB18-1148,2018,RS,House,2018-01-31,Introduced In House - Assigned to Public Health Care & Human Services,1
HB18-1148,2018,RS,House,2018-02-20,House Committee on Public Health Care & Human Services Refer Amended to House Committee of the Whole,2
HB18-1148,2018,RS,House,2018-02-23,House Second Reading Passed with Amendments - Committee,3
HB18-1148,2018,RS,House,2018-02-26,House Third Reading Passed - No Amendments,4
HB18-1148,2018,RS,Senate,2018-03-05,Introduced In Senate - Assigned to Health & Human Services,5
HB18-1148,2018,RS,Senate,2018-03-21,Senate Committee on Health & Human Services Refer Unamended to Senate Committee of the Whole,6
HB18-1148,2018,RS,Senate,2018-03-23,Senate Second Reading Laid Over Daily - No Amendments,7
HB18-1148,2018,RS,Senate,2018-03-28,Senate Second Reading Passed - No Amendments,8
HB18-1148,2018,RS,Senate,2018-03-29,Senate Third Reading Passed - No Amendments,9
HB18-1148,2018,RS,House,2018-04-04,Signed by the Speaker of the House,10
HB18-1148,2018,RS,Senate,2018-04-04,Signed by the President of the Senate,11
HB18-1148,2018,RS,Governor,2018-04-04,Sent to the Governor,12
HB18-1148,2018,RS,Governor,2018-04-09,Governor Signed,13
HB18-1149,2018,RS,House,2018-01-31,"Introduced In House - Assigned to Health, Insurance, & Environment",1
HB18-1149,2018,RS,House,2018-02-22,"House Committee on Health, Insurance, & Environment Refer Unamended to Appropriations",2
HB18-1149,2018,RS,House,2018-03-16,House Committee on Appropriations Refer Unamended to House Committee of the Whole,3
HB18-1149,2018,RS,House,2018-03-20,House Second Reading Laid Over to 03/21/2018 - No Amendments,4
HB18-1149,2018,RS,House,2018-03-21,House Second Reading Laid Over to 03/22/2018 - No Amendments,5
HB18-1149,2018,RS,House,2018-03-22,House Second Reading Laid Over to 03/23/2018 - No Amendments,6
HB18-1149,2018,RS,House,2018-03-23,House Second Reading Passed with Amendments - Floor,7
HB18-1149,2018,RS,House,2018-03-26,House Third Reading Passed - No Amendments,8
HB18-1149,2018,RS,Senate,2018-03-26,"Introduced In Senate - Assigned to Business, Labor, & Technology",9
HB18-1149,2018,RS,Senate,2018-04-11,"Senate Committee on Business, Labor, & Technology Postpone Indefinitely",10
HB18-1150,2018,RS,House,2018-01-31,"Introduced In House - Assigned to State, Veterans, & Military Affairs",1
HB18-1150,2018,RS,House,2018-03-07,"House Committee on State, Veterans, & Military Affairs Postpone Indefinitely",2
HB18-1151,2018,RS,House,2018-01-31,"Introduced In House - Assigned to Agriculture, Livestock, & Natural Resources",1
HB18-1151,2018,RS,House,2018-02-26,"House Committee on Agriculture, Livestock, & Natural Resources Refer Amended to House Committee of the Whole",2
HB18-1151,2018,RS,House,2018-03-02,House Second Reading Laid Over to 03/05/2018 - No Amendments,3
HB18-1151,2018,RS,House,2018-03-05,House Second Reading Passed with Amendments - Committee,4
HB18-1151,2018,RS,House,2018-03-06,House Third Reading Passed - No Amendments,5
HB18-1151,2018,RS,Senate,2018-03-12,"Introduced In Senate - Assigned to State, Veterans, & Military Affairs",6
HB18-1151,2018,RS,Senate,2018-03-20,"Senate Committee on State, Veterans, & Military Affairs Postpone Indefinitely",7
HB18-1152,2018,RS,House,2018-01-31,"Introduced In House - Assigned to State, Veterans, & Military Affairs",1
HB18-1152,2018,RS,House,2018-03-07,"House Committee on State, Veterans, & Military Affairs Witness Testimony and/or Committee Discussion Only",2
HB18-1152,2018,RS,House,2018-04-05,"House Committee on State, Veterans, & Military Affairs Refer Amended to House Committee of the Whole",3
HB18-1152,2018,RS,House,2018-04-10,House Second Reading Passed with Amendments - Committee,4
HB18-1152,2018,RS,House,2018-04-11,House Third Reading Passed - No Amendments,5
HB18-1152,2018,RS,Senate,2018-04-11,"Introduced In Senate - Assigned to State, Veterans, & Military Affairs",6
HB18-1152,2018,RS,Senate,2018-04-18,"Senate Committee on State, Veterans, & Military Affairs Refer Unamended - Consent Calendar to Senate Committee of the Whole",7
HB18-1152,2018,RS,Senate,2018-04-23,Senate Second Reading Laid Over Daily - No Amendments,8
HB18-1152,2018,RS,Senate,2018-04-25,Senate Second Reading Passed - No Amendments,9
HB18-1152,2018,RS,Senate,2018-04-26,Senate Third Reading Passed - No Amendments,10
HB18-1152,2018,RS,House,2018-05-03,Signed by the Speaker of the House,11
HB18-1152,2018,RS,Senate,2018-05-04,Signed by the President of the Senate,12
HB18-1152,2018,RS,Governor,2018-05-07,Sent to the Governor,13
HB18-1152,2018,RS,Governor,2018-05-29,Governor Signed,14
HB18-1153,2018,RS,House,2018-01-31,Introduced In House - Assigned to Finance,1
HB18-1153,2018,RS,House,2018-03-19,House Committee on Finance Postpone Indefinitely,2
HB18-1154,2018,RS,House,2018-01-31,Introduced In House - Assigned to Finance,1
HB18-1154,2018,RS,House,2018-02-26,House Committee on Finance Refer Amended to House Committee of the Whole,2
HB18-1154,2018,RS,House,2018-03-02,House Second Reading Laid Over to 03/05/2018 - No Amendments,3
HB18-1154,2018,RS,House,2018-03-05,House Second Reading Laid Over to 03/06/2018 - No Amendments,4
HB18-1154,2018,RS,House,2018-03-12,House Second Reading Laid Over to 03/12/2018 - No Amendments,5
HB18-1154,2018,RS,House,2018-03-12,"House Second Reading Passed with Amendments - Committee, Floor",6
HB18-1154,2018,RS,House,2018-03-13,House Third Reading Passed - No Amendments,7
HB18-1154,2018,RS,Senate,2018-03-19,"Introduced In Senate - Assigned to State, Veterans, & Military Affairs",8
HB18-1154,2018,RS,Senate,2018-03-26,"Senate Committee on State, Veterans, & Military Affairs Refer Unamended to Senate Committee of the Whole",9
HB18-1154,2018,RS,Senate,2018-03-29,Senate Second Reading Laid Over Daily - No Amendments,10
HB18-1154,2018,RS,Senate,2018-04-02,Senate Second Reading Passed - No Amendments,11
HB18-1154,2018,RS,Senate,2018-04-03,Senate Third Reading Passed - No Amendments,12
HB18-1154,2018,RS,House,2018-04-10,Signed by the Speaker of the House,13
HB18-1154,2018,RS,Senate,2018-04-11,Signed by the President of the Senate,14
HB18-1154,2018,RS,Governor,2018-04-11,Sent to the Governor,15
HB18-1154,2018,RS,Governor,2018-04-12,Governor Signed,16
HB18-1155,2018,RS,House,2018-01-31,Introduced In House - Assigned to Public Health Care & Human Services,1
HB18-1155,2018,RS,House,2018-02-13,House Committee on Public Health Care & Human Services Refer Amended to Finance,2
HB18-1155,2018,RS,House,2018-03-05,House Committee on Finance Refer Unamended to Appropriations,3
HB18-1155,2018,RS,House,2018-03-16,House Committee on Appropriations Refer Unamended to House Committee of the Whole,4
HB18-1155,2018,RS,House,2018-03-20,House Second Reading Laid Over to 03/21/2018 - No Amendments,5
HB18-1155,2018,RS,House,2018-03-21,House Second Reading Laid Over to 03/22/2018 - No Amendments,6
HB18-1155,2018,RS,House,2018-03-22,"House Second Reading Passed with Amendments - Committee, Floor",7
HB18-1155,2018,RS,House,2018-03-23,House Third Reading Passed - No Amendments,8
HB18-1155,2018,RS,Senate,2018-03-26,Introduced In Senate - Assigned to Health & Human Services,9
HB18-1155,2018,RS,Senate,2018-04-12,Senate Committee on Health & Human Services Refer Amended to Finance,10
HB18-1155,2018,RS,Senate,2018-04-17,Senate Committee on Finance Refer Amended to Appropriations,11
HB18-1155,2018,RS,Senate,2018-04-24,Senate Committee on Appropriations Refer Amended to Senate Committee of the Whole,12
HB18-1155,2018,RS,Senate,2018-04-26,Senate Second Reading Laid Over Daily - No Amendments,13
HB18-1155,2018,RS,Senate,2018-04-27,Senate Second Reading Passed with Amendments - Committee,14
HB18-1155,2018,RS,Senate,2018-04-30,Senate Third Reading Passed - No Amendments,15
HB18-1155,2018,RS,House,2018-04-30,House Considered Senate Amendments - Result was to Laid Over Daily,16
HB18-1155,2018,RS,House,2018-05-03,House Considered Senate Amendments - Result was to Not Concur - Request Conference Committee,17
HB18-1155,2018,RS,ConfComm,2018-05-07,First Conference Committee Result was to Adopt Reengrossed w/ Amendments,18
HB18-1155,2018,RS,Senate,2018-05-08,Senate Consideration of First Conference Committee Report result was to Adopt Committee Report - Repass,19
HB18-1155,2018,RS,House,2018-05-08,House Consideration of First Conference Committee Report result was to Adopt Committee Report - Repass,20
HB18-1155,2018,RS,House,2018-05-22,Signed by the Speaker of the House,21
HB18-1155,2018,RS,Senate,2018-05-22,Signed by the President of the Senate,22
HB18-1155,2018,RS,Governor,2018-05-22,Sent to the Governor,23
HB18-1155,2018,RS,Governor,2018-05-29,Governor Signed,24
HB18-1156,2018,RS,House,2018-02-01,Introduced In House - Assigned to Judiciary,1
HB18-1156,2018,RS,House,2018-03-13,House Committee on Judiciary Refer Amended to House Committee of the Whole,2
HB18-1156,2018,RS,House,2018-03-16,House Second Reading Special Order - Laid Over to 03/19/2018 - No Amendments,3
HB18-1156,2018,RS,House,2018-03-19,"House Second Reading Passed with Amendments - Committee, Floor",4
HB18-1156,2018,RS,House,2018-03-20,House Third Reading Passed - No Amendments,5
HB18-1156,2018,RS,Senate,2018-03-26,Introduced In Senate - Assigned to Judiciary,6
HB18-1156,2018,RS,Senate,2018-04-11,Senate Committee on Judiciary Refer Amended - Consent Calendar to Senate Committee of the Whole,7
HB18-1156,2018,RS,Senate,2018-04-16,Senate Second Reading Passed with Amendments - Committee,8
HB18-1156,2018,RS,Senate,2018-04-17,Senate Third Reading Passed - No Amendments,9
HB18-1156,2018,RS,House,2018-04-17,House Considered Senate Amendments - Result was to Laid Over Daily,10
HB18-1156,2018,RS,House,2018-04-26,House Considered Senate Amendments - Result was to Concur - Repass,11
HB18-1156,2018,RS,House,2018-05-11,Signed by the Speaker of the House,12
HB18-1156,2018,RS,Governor,2018-05-14,Sent to the Governor,13
HB18-1156,2018,RS,Senate,2018-05-14,Signed by the President of the Senate,14
HB18-1156,2018,RS,Governor,2018-06-06,Governor Signed,15
HB18-1157,2018,RS,House,2018-02-01,Introduced In House - Assigned to Transportation & Energy,1
HB18-1157,2018,RS,House,2018-03-14,House Committee on Transportation & Energy Refer Amended to Appropriations,2
HB18-1157,2018,RS,House,2018-03-27,House Committee on Appropriations Refer Unamended to House Committee of the Whole,3
HB18-1157,2018,RS,House,2018-03-29,House Second Reading Laid Over to 04/03/2018 - No Amendments,4
HB18-1157,2018,RS,House,2018-04-03,House Second Reading Laid Over to 04/04/2018 - No Amendments,5
HB18-1157,2018,RS,House,2018-04-04,House Second Reading Laid Over to 04/05/2018 - No Amendments,6
HB18-1157,2018,RS,House,2018-04-05,House Second Reading Laid Over to 04/06/2018 - No Amendments,7
HB18-1157,2018,RS,House,2018-04-06,House Second Reading Special Order - Passed with Amendments - Committee,8
HB18-1157,2018,RS,House,2018-04-09,House Third Reading Passed - No Amendments,9
HB18-1157,2018,RS,Senate,2018-04-09,"Introduced In Senate - Assigned to Agriculture, Natural Resources, & Energy",10
HB18-1157,2018,RS,Senate,2018-04-19,"Senate Committee on Agriculture, Natural Resources, & Energy Postpone Indefinitely",11
HB18-1158,2018,RS,House,2018-02-02,Introduced In House - Assigned to Appropriations,1
HB18-1158,2018,RS,House,2018-02-06,House Committee on Appropriations Refer Unamended to House Committee of the Whole,2
HB18-1158,2018,RS,House,2018-02-12,House Second Reading Laid Over to 02/14/2018 - No Amendments,3
HB18-1158,2018,RS,House,2018-02-14,House Second Reading Laid Over to 02/15/2018 - No Amendments,4
HB18-1158,2018,RS,House,2018-02-15,House Second Reading Laid Over to 02/16/2018 - No Amendments,5
HB18-1158,2018,RS,House,2018-02-16,House Second Reading Laid Over to 02/22/2018 - No Amendments,6
HB18-1158,2018,RS,House,2018-02-22,House Second Reading Passed - No Amendments,7
HB18-1158,2018,RS,House,2018-02-23,House Third Reading Passed - No Amendments,8
HB18-1158,2018,RS,Senate,2018-03-02,Introduced In Senate - Assigned to Appropriations,9
HB18-1158,2018,RS,Senate,2018-03-06,Senate Committee on Appropriations Refer Unamended to Senate Committee of the Whole,10
HB18-1158,2018,RS,Senate,2018-03-08,Senate Second Reading Laid Over to 03/13/2018 - No Amendments,11
HB18-1158,2018,RS,Senate,2018-03-13,Senate Second Reading Passed - No Amendments,12
HB18-1158,2018,RS,Senate,2018-03-14,Senate Third Reading Passed - No Amendments,13
HB18-1158,2018,RS,House,2018-03-20,Signed by the Speaker of the House,14
HB18-1158,2018,RS,Senate,2018-03-21,Signed by the President of the Senate,15
HB18-1158,2018,RS,Governor,2018-03-21,Sent to the Governor,16
HB18-1158,2018,RS,Governor,2018-03-29,Governor Signed,17
HB18-1159,2018,RS,House,2018-02-02,Introduced In House - Assigned to Appropriations,1
HB18-1159,2018,RS,House,2018-02-06,House Committee on Appropriations Refer Unamended to House Committee of the Whole,2
HB18-1159,2018,RS,House,2018-02-07,House Second Reading Passed - No Amendments,3
HB18-1159,2018,RS,House,2018-02-08,House Third Reading Passed - No Amendments,4
HB18-1159,2018,RS,Senate,2018-02-12,Introduced In Senate - Assigned to Appropriations,5
HB18-1159,2018,RS,Senate,2018-02-14,Senate Committee on Appropriations Refer Unamended - Consent Calendar to Senate Committee of the Whole,6
HB18-1159,2018,RS,Senate,2018-02-15,Senate Second Reading Special Order - Passed - No Amendments,7
HB18-1159,2018,RS,Senate,2018-02-16,Senate Third Reading Passed - No Amendments,8
HB18-1159,2018,RS,House,2018-02-27,Signed by the Speaker of the House,9
HB18-1159,2018,RS,Senate,2018-02-27,Signed by the President of the Senate,10
HB18-1159,2018,RS,Governor,2018-02-27,Sent to the Governor,11
HB18-1159,2018,RS,Governor,2018-03-01,Governor Signed,12
HB18-1160,2018,RS,House,2018-02-02,Introduced In House - Assigned to Appropriations,1
HB18-1160,2018,RS,House,2018-02-06,House Committee on Appropriations Refer Unamended to House Committee of the Whole,2
HB18-1160,2018,RS,House,2018-02-07,House Second Reading Passed - No Amendments,3
HB18-1160,2018,RS,House,2018-02-08,House Third Reading Passed - No Amendments,4
HB18-1160,2018,RS,Senate,2018-02-12,Introduced In Senate - Assigned to Appropriations,5
HB18-1160,2018,RS,Senate,2018-02-14,Senate Committee on Appropriations Refer Unamended to Senate Committee of the Whole,6
HB18-1160,2018,RS,Senate,2018-02-15,Senate Second Reading Special Order - Passed - No Amendments,7
HB18-1160,2018,RS,Senate,2018-02-16,Senate Third Reading Passed - No Amendments,8
HB18-1160,2018,RS,House,2018-02-27,Signed by the Speaker of the House,9
HB18-1160,2018,RS,Senate,2018-02-27,Signed by the President of the Senate,10
HB18-1160,2018,RS,Governor,2018-02-27,Sent to the Governor,11
HB18-1160,2018,RS,Governor,2018-03-01,Governor Signed,12
HB18-1161,2018,RS,House,2018-02-02,Introduced In House - Assigned to Appropriations,1
HB18-1161,2018,RS,House,2018-02-06,House Committee on Appropriations Refer Amended to House Committee of the Whole,2
HB18-1161,2018,RS,House,2018-02-07,House Second Reading Passed with Amendments - Committee,3
HB18-1161,2018,RS,House,2018-02-08,House Third Reading Passed - No Amendments,4
HB18-1161,2018,RS,Senate,2018-02-12,Introduced In Senate - Assigned to Appropriations,5
HB18-1161,2018,RS,Senate,2018-02-14,Senate Committee on Appropriations Refer Unamended to Senate Committee of the Whole,6
HB18-1161,2018,RS,Senate,2018-02-15,Senate Second Reading Special Order - Passed - No Amendments,7
HB18-1161,2018,RS,Senate,2018-02-16,Senate Third Reading Passed - No Amendments,8
HB18-1161,2018,RS,House,2018-02-27,Signed by the Speaker of the House,9
HB18-1161,2018,RS,Senate,2018-02-27,Signed by the President of the Senate,10
HB18-1161,2018,RS,Governor,2018-02-27,Sent to the Governor,11
HB18-1161,2018,RS,Governor,2018-03-01,Governor Signed,12
HB18-1162,2018,RS,House,2018-02-02,Introduced In House - Assigned to Appropriations,1
HB18-1162,2018,RS,House,2018-02-06,House Committee on Appropriations Refer Unamended to House Committee of the Whole,2
HB18-1162,2018,RS,House,2018-02-07,House Second Reading Passed - No Amendments,3
HB18-1162,2018,RS,House,2018-02-08,House Third Reading Passed - No Amendments,4
HB18-1162,2018,RS,Senate,2018-02-12,Introduced In Senate - Assigned to Appropriations,5
HB18-1162,2018,RS,Senate,2018-02-14,Senate Committee on Appropriations Refer Unamended to Senate Committee of the Whole,6
HB18-1162,2018,RS,Senate,2018-02-15,Senate Second Reading Special Order - Passed - No Amendments,7
HB18-1162,2018,RS,Senate,2018-02-16,Senate Third Reading Passed - No Amendments,8
HB18-1162,2018,RS,House,2018-02-27,Signed by the Speaker of the House,9
HB18-1162,2018,RS,Senate,2018-02-27,Signed by the President of the Senate,10
HB18-1162,2018,RS,Governor,2018-02-27,Sent to the Governor,11
HB18-1162,2018,RS,Governor,2018-03-01,Governor Signed,12
HB18-1163,2018,RS,House,2018-02-02,Introduced In House - Assigned to Appropriations,1
HB18-1163,2018,RS,House,2018-02-06,House Committee on Appropriations Refer Unamended to House Committee of the Whole,2
HB18-1163,2018,RS,House,2018-02-07,House Second Reading Passed - No Amendments,3
HB18-1163,2018,RS,House,2018-02-08,House Third Reading Passed - No Amendments,4
HB18-1163,2018,RS,Senate,2018-02-12,Introduced In Senate - Assigned to Appropriations,5
HB18-1163,2018,RS,Senate,2018-02-14,Senate Committee on Appropriations Refer Unamended to Senate Committee of the Whole,6
HB18-1163,2018,RS,Senate,2018-02-15,Senate Second Reading Special Order - Passed - No Amendments,7
HB18-1163,2018,RS,Senate,2018-02-16,Senate Third Reading Passed - No Amendments,8
HB18-1163,2018,RS,House,2018-02-27,Signed by the Speaker of the House,9
HB18-1163,2018,RS,Senate,2018-02-27,Signed by the President of the Senate,10
HB18-1163,2018,RS,Governor,2018-02-27,Sent to the Governor,11
HB18-1163,2018,RS,Governor,2018-03-01,Governor Signed,12
HB18-1164,2018,RS,House,2018-02-02,Introduced In House - Assigned to Appropriations,1
HB18-1164,2018,RS,House,2018-02-06,House Committee on Appropriations Refer Unamended to House Committee of the Whole,2
HB18-1164,2018,RS,House,2018-02-07,House Second Reading Passed - No Amendments,3
HB18-1164,2018,RS,House,2018-02-08,House Third Reading Passed - No Amendments,4
HB18-1164,2018,RS,Senate,2018-02-12,Introduced In Senate - Assigned to Appropriations,5
HB18-1164,2018,RS,Senate,2018-02-14,Senate Committee on Appropriations Refer Unamended to Senate Committee of the Whole,6
HB18-1164,2018,RS,Senate,2018-02-15,Senate Second Reading Special Order - Passed - No Amendments,7
HB18-1164,2018,RS,Senate,2018-02-16,Senate Third Reading Passed - No Amendments,8
HB18-1164,2018,RS,House,2018-02-27,Signed by the Speaker of the House,9
HB18-1164,2018,RS,Senate,2018-02-27,Signed by the President of the Senate,10
HB18-1164,2018,RS,Governor,2018-02-27,Sent to the Governor,11
HB18-1164,2018,RS,Governor,2018-03-01,Governor Signed,12
HB18-1165,2018,RS,House,2018-02-02,Introduced In House - Assigned to Appropriations,1
HB18-1165,2018,RS,House,2018-02-06,House Committee on Appropriations Refer Unamended to House Committee of the Whole,2
HB18-1165,2018,RS,House,2018-02-07,House Second Reading Passed - No Amendments,3
HB18-1165,2018,RS,House,2018-02-08,House Third Reading Passed - No Amendments,4
HB18-1165,2018,RS,Senate,2018-02-12,Introduced In Senate - Assigned to Appropriations,5
HB18-1165,2018,RS,Senate,2018-02-14,Senate Committee on Appropriations Refer Amended - Consent Calendar to Senate Committee of the Whole,6
HB18-1165,2018,RS,Senate,2018-02-15,Senate Second Reading Special Order - Passed with Amendments - Committee,7
HB18-1165,2018,RS,Senate,2018-02-16,Senate Third Reading Passed - No Amendments,8
HB18-1165,2018,RS,House,2018-02-21,House Considered Senate Amendments - Result was to Concur - Repass,9
HB18-1165,2018,RS,House,2018-02-23,Signed by the Speaker of the House,10
HB18-1165,2018,RS,Senate,2018-02-26,Signed by the President of the Senate,11
HB18-1165,2018,RS,Governor,2018-02-26,Sent to the Governor,12
HB18-1165,2018,RS,Governor,2018-03-01,Governor Signed,13
HB18-1166,2018,RS,House,2018-02-02,Introduced In House - Assigned to Appropriations,1
HB18-1166,2018,RS,House,2018-02-06,House Committee on Appropriations Refer Unamended to House Committee of the Whole,2
HB18-1166,2018,RS,House,2018-02-07,House Second Reading Passed - No Amendments,3
HB18-1166,2018,RS,House,2018-02-08,House Third Reading Passed - No Amendments,4
HB18-1166,2018,RS,Senate,2018-02-12,Introduced In Senate - Assigned to Appropriations,5
HB18-1166,2018,RS,Senate,2018-02-14,Senate Committee on Appropriations Refer Unamended - Consent Calendar to Senate Committee of the Whole,6
HB18-1166,2018,RS,Senate,2018-02-15,Senate Second Reading Special Order - Passed - No Amendments,7
HB18-1166,2018,RS,Senate,2018-02-16,Senate Third Reading Passed - No Amendments,8
HB18-1166,2018,RS,House,2018-02-27,Signed by the Speaker of the House,9
HB18-1166,2018,RS,Senate,2018-02-27,Signed by the President of the Senate,10
HB18-1166,2018,RS,Governor,2018-02-27,Sent to the Governor,11
HB18-1166,2018,RS,Governor,2018-03-01,Governor Signed,12
HB18-1167,2018,RS,House,2018-02-02,Introduced In House - Assigned to Appropriations,1
HB18-1167,2018,RS,House,2018-02-06,House Committee on Appropriations Refer Unamended to House Committee of the Whole,2
HB18-1167,2018,RS,House,2018-02-07,House Second Reading Passed - No Amendments,3
HB18-1167,2018,RS,House,2018-02-08,House Third Reading Passed - No Amendments,4
HB18-1167,2018,RS,Senate,2018-02-12,Introduced In Senate - Assigned to Appropriations,5
HB18-1167,2018,RS,Senate,2018-02-14,Senate Committee on Appropriations Refer Unamended to Senate Committee of the Whole,6
HB18-1167,2018,RS,Senate,2018-02-15,Senate Second Reading Special Order - Passed - No Amendments,7
HB18-1167,2018,RS,Senate,2018-02-16,Senate Third Reading Passed - No Amendments,8
HB18-1167,2018,RS,House,2018-02-27,Signed by the Speaker of the House,9
HB18-1167,2018,RS,Senate,2018-02-27,Signed by the President of the Senate,10
HB18-1167,2018,RS,Governor,2018-02-27,Sent to the Governor,11
HB18-1167,2018,RS,Governor,2018-03-01,Governor Signed,12
HB18-1168,2018,RS,House,2018-02-02,Introduced In House - Assigned to Appropriations,1
HB18-1168,2018,RS,House,2018-02-06,House Committee on Appropriations Refer Unamended to House Committee of the Whole,2
HB18-1168,2018,RS,House,2018-02-07,House Second Reading Passed - No Amendments,3
HB18-1168,2018,RS,House,2018-02-08,House Third Reading Passed - No Amendments,4
HB18-1168,2018,RS,Senate,2018-02-12,Introduced In Senate - Assigned to Appropriations,5
HB18-1168,2018,RS,Senate,2018-02-14,Senate Committee on Appropriations Refer Unamended - Consent Calendar to Senate Committee of the Whole,6
HB18-1168,2018,RS,Senate,2018-02-15,Senate Second Reading Special Order - Passed - No Amendments,7
HB18-1168,2018,RS,Senate,2018-02-16,Senate Third Reading Passed - No Amendments,8
HB18-1168,2018,RS,House,2018-02-27,Signed by the Speaker of the House,9
HB18-1168,2018,RS,Senate,2018-02-27,Signed by the President of the Senate,10
HB18-1168,2018,RS,Governor,2018-02-27,Sent to the Governor,11
HB18-1168,2018,RS,Governor,2018-03-01,Governor Signed,12
HB18-1169,2018,RS,House,2018-02-02,Introduced In House - Assigned to Appropriations,1
HB18-1169,2018,RS,House,2018-02-06,House Committee on Appropriations Refer Unamended to House Committee of the Whole,2
HB18-1169,2018,RS,House,2018-02-07,House Second Reading Passed - No Amendments,3
HB18-1169,2018,RS,House,2018-02-08,House Third Reading Passed - No Amendments,4
HB18-1169,2018,RS,Senate,2018-02-12,Introduced In Senate - Assigned to Appropriations,5
HB18-1169,2018,RS,Senate,2018-02-14,Senate Committee on Appropriations Refer Unamended - Consent Calendar to Senate Committee of the Whole,6
HB18-1169,2018,RS,Senate,2018-02-15,Senate Second Reading Special Order - Passed - No Amendments,7
HB18-1169,2018,RS,Senate,2018-02-16,Senate Third Reading Passed - No Amendments,8
HB18-1169,2018,RS,House,2018-02-27,Signed by the Speaker of the House,9
HB18-1169,2018,RS,Senate,2018-02-27,Signed by the President of the Senate,10
HB18-1169,2018,RS,Governor,2018-02-27,Sent to the Governor,11
HB18-1169,2018,RS,Governor,2018-03-01,Governor Signed,12
HB18-1170,2018,RS,House,2018-02-02,Introduced In House - Assigned to Appropriations,1
HB18-1170,2018,RS,House,2018-02-06,House Committee on Appropriations Refer Unamended to House Committee of the Whole,2
HB18-1170,2018,RS,House,2018-02-07,House Second Reading Passed - No Amendments,3
HB18-1170,2018,RS,House,2018-02-08,House Third Reading Passed - No Amendments,4
HB18-1170,2018,RS,Senate,2018-02-12,Introduced In Senate - Assigned to Appropriations,5
HB18-1170,2018,RS,Senate,2018-02-14,Senate Committee on Appropriations Refer Unamended - Consent Calendar to Senate Committee of the Whole,6
HB18-1170,2018,RS,Senate,2018-02-15,Senate Second Reading Special Order - Passed - No Amendments,7
HB18-1170,2018,RS,Senate,2018-02-16,Senate Third Reading Passed - No Amendments,8
HB18-1170,2018,RS,House,2018-02-27,Signed by the Speaker of the House,9
HB18-1170,2018,RS,Senate,2018-02-27,Signed by the President of the Senate,10
HB18-1170,2018,RS,Governor,2018-02-27,Sent to the Governor,11
HB18-1170,2018,RS,Governor,2018-03-01,Governor Signed,12
HB18-1171,2018,RS,House,2018-02-02,Introduced In House - Assigned to Appropriations,1
HB18-1171,2018,RS,House,2018-02-06,House Committee on Appropriations Refer Amended to House Committee of the Whole,2
HB18-1171,2018,RS,House,2018-02-07,"House Second Reading Passed with Amendments - Committee, Floor",3
HB18-1171,2018,RS,House,2018-02-08,House Third Reading Passed - No Amendments,4
HB18-1171,2018,RS,Senate,2018-02-12,Introduced In Senate - Assigned to Appropriations,5
HB18-1171,2018,RS,Senate,2018-02-14,Senate Committee on Appropriations Refer Amended to Senate Committee of the Whole,6
HB18-1171,2018,RS,Senate,2018-02-16,Senate Second Reading Laid Over Daily - No Amendments,7
HB18-1171,2018,RS,Senate,2018-02-21,Senate Second Reading Passed with Amendments - Committee,8
HB18-1171,2018,RS,Senate,2018-02-22,Senate Third Reading Passed - No Amendments,9
HB18-1171,2018,RS,House,2018-03-06,House Considered Senate Amendments - Result was to Not Concur - Request Conference Committee,10
HB18-1171,2018,RS,ConfComm,2018-03-09,First Conference Committee Result was to Adopt Rerevised w/ Amendments,11
HB18-1171,2018,RS,Senate,2018-03-12,Senate Consideration of First Conference Committee Report result was to Adopt Committee Report - Repass,12
HB18-1171,2018,RS,House,2018-03-13,House Consideration of First Conference Committee Report result was to Adopt Committee Report - Repass,13
HB18-1171,2018,RS,House,2018-03-20,Signed by the Speaker of the House,14
HB18-1171,2018,RS,Senate,2018-03-21,Signed by the President of the Senate,15
HB18-1171,2018,RS,Governor,2018-03-21,Sent to the Governor,16
HB18-1171,2018,RS,Governor,2018-03-29,Governor Signed,17
HB18-1172,2018,RS,House,2018-02-02,Introduced In House - Assigned to Appropriations,1
HB18-1172,2018,RS,House,2018-02-06,House Committee on Appropriations Refer Unamended to House Committee of the Whole,2
HB18-1172,2018,RS,House,2018-02-12,House Second Reading Laid Over to 02/14/2018 - No Amendments,3
HB18-1172,2018,RS,House,2018-02-14,House Second Reading Laid Over to 02/20/2018 - No Amendments,4
HB18-1172,2018,RS,House,2018-02-20,House Second Reading Laid Over to 02/23/2018 - No Amendments,5
HB18-1172,2018,RS,House,2018-02-23,House Second Reading Laid Over to 03/01/2018 - No Amendments,6
HB18-1172,2018,RS,House,2018-03-02,House Second Reading Laid Over to 03/05/2018 - No Amendments,7
HB18-1172,2018,RS,House,2018-03-05,House Second Reading Laid Over to 03/08/2018 - No Amendments,8
HB18-1172,2018,RS,House,2018-03-08,House Second Reading Passed - No Amendments,9
HB18-1172,2018,RS,House,2018-03-09,House Third Reading Passed - No Amendments,10
HB18-1172,2018,RS,Senate,2018-03-15,Introduced In Senate - Assigned to Appropriations,11
HB18-1172,2018,RS,Senate,2018-03-20,Senate Committee on Appropriations Refer Unamended to Senate Committee of the Whole,12
HB18-1172,2018,RS,Senate,2018-03-22,Senate Second Reading Passed - No Amendments,13
HB18-1172,2018,RS,Senate,2018-03-23,Senate Third Reading Passed - No Amendments,14
HB18-1172,2018,RS,House,2018-04-02,Signed by the Speaker of the House,15
HB18-1172,2018,RS,Senate,2018-04-03,Signed by the President of the Senate,16
HB18-1172,2018,RS,Governor,2018-04-03,Sent to the Governor,17
HB18-1172,2018,RS,Governor,2018-04-09,Governor Signed,18
HB18-1173,2018,RS,House,2018-02-02,Introduced In House - Assigned to Appropriations,1
HB18-1173,2018,RS,House,2018-02-06,House Committee on Appropriations Refer Unamended to House Committee of the Whole,2
HB18-1173,2018,RS,House,2018-02-07,House Second Reading Passed - No Amendments,3
HB18-1173,2018,RS,House,2018-02-08,House Third Reading Passed - No Amendments,4
HB18-1173,2018,RS,Senate,2018-02-12,Introduced In Senate - Assigned to Appropriations,5
HB18-1173,2018,RS,Senate,2018-02-14,Senate Committee on Appropriations Refer Unamended - Consent Calendar to Senate Committee of the Whole,6
HB18-1173,2018,RS,Senate,2018-02-15,Senate Second Reading Special Order - Passed - No Amendments,7
HB18-1173,2018,RS,Senate,2018-02-16,Senate Third Reading Passed - No Amendments,8
HB18-1173,2018,RS,House,2018-02-23,Signed by the Speaker of the House,9
HB18-1173,2018,RS,Senate,2018-02-26,Signed by the President of the Senate,10
HB18-1173,2018,RS,Governor,2018-02-26,Sent to the Governor,11
HB18-1173,2018,RS,Governor,2018-03-01,Governor Signed,12
HB18-1174,2018,RS,House,2018-02-02,Introduced In House - Assigned to Business Affairs and Labor,1
HB18-1174,2018,RS,House,2018-02-13,House Committee on Business Affairs and Labor Refer Amended to Finance,2
HB18-1174,2018,RS,House,2018-03-21,House Committee on Finance Refer Unamended to Appropriations,3
HB18-1174,2018,RS,House,2018-04-06,House Committee on Appropriations Refer Unamended to House Committee of the Whole,4
HB18-1174,2018,RS,House,2018-04-06,House Second Reading Special Order - Passed with Amendments - Committee,5
HB18-1174,2018,RS,House,2018-04-09,House Third Reading Passed - No Amendments,6
HB18-1174,2018,RS,Senate,2018-04-09,"Introduced In Senate - Assigned to Business, Labor, & Technology",7
HB18-1174,2018,RS,Senate,2018-04-16,"Senate Committee on Business, Labor, & Technology Refer Unamended to Appropriations",8
HB18-1174,2018,RS,Senate,2018-04-24,Senate Committee on Appropriations Refer Unamended - Consent Calendar to Senate Committee of the Whole,9
HB18-1174,2018,RS,Senate,2018-04-25,Senate Second Reading Special Order - Passed - No Amendments,10
HB18-1174,2018,RS,Senate,2018-04-26,Senate Third Reading Passed - No Amendments,11
HB18-1174,2018,RS,House,2018-05-02,Signed by the Speaker of the House,12
HB18-1174,2018,RS,Senate,2018-05-04,Signed by the President of the Senate,13
HB18-1174,2018,RS,Governor,2018-05-04,Sent to the Governor,14
HB18-1174,2018,RS,Governor,2018-05-29,Governor Signed,15
HB18-1175,2018,RS,House,2018-02-02,Introduced In House - Assigned to Business Affairs and Labor,1
HB18-1175,2018,RS,House,2018-02-13,House Committee on Business Affairs and Labor Refer Unamended to Finance,2
HB18-1175,2018,RS,House,2018-02-28,House Committee on Finance Refer Unamended to Appropriations,3
HB18-1175,2018,RS,House,2018-03-16,House Committee on Appropriations Refer Unamended to House Committee of the Whole,4
HB18-1175,2018,RS,House,2018-03-20,House Second Reading Laid Over to 03/21/2018 - No Amendments,5
HB18-1175,2018,RS,House,2018-03-21,House Second Reading Laid Over to 03/22/2018 - No Amendments,6
HB18-1175,2018,RS,House,2018-03-22,House Second Reading Passed - No Amendments,7
HB18-1175,2018,RS,House,2018-03-23,House Third Reading Passed - No Amendments,8
HB18-1175,2018,RS,Senate,2018-03-26,Introduced In Senate - Assigned to Finance,9
HB18-1175,2018,RS,Senate,2018-04-10,Senate Committee on Finance Postpone Indefinitely,10
HB18-1176,2018,RS,House,2018-02-02,Introduced In House - Assigned to Judiciary,1
HB18-1176,2018,RS,House,2018-03-29,House Committee on Judiciary Refer Amended to Appropriations,2
HB18-1176,2018,RS,House,2018-04-11,House Committee on Appropriations Refer Amended to House Committee of the Whole,3
HB18-1176,2018,RS,House,2018-04-12,House Second Reading Special Order - Laid Over Daily - No Amendments,4
HB18-1176,2018,RS,House,2018-04-13,House Second Reading Special Order - Passed with Amendments - Committee,5
HB18-1176,2018,RS,House,2018-04-16,House Third Reading Passed - No Amendments,6
HB18-1176,2018,RS,Senate,2018-04-16,Introduced In Senate - Assigned to Judiciary,7
HB18-1176,2018,RS,Senate,2018-04-23,Senate Committee on Judiciary Refer Unamended to Appropriations,8
HB18-1176,2018,RS,Senate,2018-04-26,Senate Committee on Appropriations Refer Unamended - Consent Calendar to Senate Committee of the Whole,9
HB18-1176,2018,RS,Senate,2018-04-27,Senate Second Reading Special Order - Passed - No Amendments,10
HB18-1176,2018,RS,Senate,2018-04-30,Senate Third Reading Passed - No Amendments,11
HB18-1176,2018,RS,House,2018-05-11,Signed by the Speaker of the House,12
HB18-1176,2018,RS,Governor,2018-05-14,Sent to the Governor,13
HB18-1176,2018,RS,Senate,2018-05-14,Signed by the President of the Senate,14
HB18-1176,2018,RS,Governor,2018-05-30,Governor Signed,15
HB18-1177,2018,RS,House,2018-02-02,Introduced In House - Assigned to Public Health Care & Human Services,1
HB18-1177,2018,RS,House,2018-03-09,House Committee on Public Health Care & Human Services Witness Testimony and/or Committee Discussion Only,2
HB18-1177,2018,RS,House,2018-03-13,House Committee on Public Health Care & Human Services Refer Amended to Appropriations,3
HB18-1177,2018,RS,House,2018-04-19,House Committee on Appropriations Refer Amended to House Committee of the Whole,4
HB18-1177,2018,RS,House,2018-04-19,House Second Reading Special Order - Passed with Amendments - Committee,5
HB18-1177,2018,RS,House,2018-04-20,House Third Reading Passed - No Amendments,6
HB18-1177,2018,RS,Senate,2018-04-23,"Introduced In Senate - Assigned to State, Veterans, & Military Affairs",7
HB18-1177,2018,RS,Senate,2018-05-01,"Senate Committee on State, Veterans, & Military Affairs Postpone Indefinitely",8
HB18-1178,2018,RS,House,2018-02-02,"Introduced In House - Assigned to State, Veterans, & Military Affairs",1
HB18-1178,2018,RS,House,2018-03-14,"House Committee on State, Veterans, & Military Affairs Postpone Indefinitely",2
HB18-1179,2018,RS,House,2018-02-02,"Introduced In House - Assigned to Health, Insurance, & Environment",1
HB18-1179,2018,RS,House,2018-03-08,"House Committee on Health, Insurance, & Environment Refer Amended to Finance",2
HB18-1179,2018,RS,House,2018-03-14,House Committee on Finance Refer Unamended to Appropriations,3
HB18-1179,2018,RS,House,2018-04-11,House Committee on Appropriations Refer Amended to House Committee of the Whole,4
HB18-1179,2018,RS,House,2018-04-12,House Second Reading Special Order - Laid Over Daily - No Amendments,5
HB18-1179,2018,RS,House,2018-04-13,House Second Reading Special Order - Laid Over to 04/16/2018 - No Amendments,6
HB18-1179,2018,RS,House,2018-04-16,House Second Reading Laid Over to 04/19/2018 - No Amendments,7
HB18-1179,2018,RS,House,2018-04-19,House Second Reading Special Order - Laid Over to 04/23/2018 - No Amendments,8
HB18-1179,2018,RS,House,2018-04-23,House Second Reading Laid Over to 04/25/2018 - No Amendments,9
HB18-1179,2018,RS,House,2018-04-24,House Second Reading Laid Over to 04/26/2018 - No Amendments,10
HB18-1179,2018,RS,House,2018-04-25,House Second Reading Laid Over to 04/27/2018 - No Amendments,11
HB18-1179,2018,RS,House,2018-04-27,House Second Reading Laid Over Daily - No Amendments,12
HB18-1179,2018,RS,House,2018-05-02,House Second Reading Laid Over to 08/31/2018 - No Amendments,13
HB18-1180,2018,RS,House,2018-02-02,Introduced In House - Assigned to Public Health Care & Human Services,1
HB18-1180,2018,RS,House,2018-02-20,House Committee on Public Health Care & Human Services Refer Amended to House Committee of the Whole,2
HB18-1180,2018,RS,House,2018-02-23,House Second Reading Passed with Amendments - Committee,3
HB18-1180,2018,RS,House,2018-02-26,House Third Reading Laid Over to 02/27/2018 - No Amendments,4
HB18-1180,2018,RS,House,2018-02-27,House Third Reading Passed - No Amendments,5
HB18-1180,2018,RS,Senate,2018-03-05,Introduced In Senate - Assigned to Health & Human Services,6
HB18-1180,2018,RS,Senate,2018-03-21,Senate Committee on Health & Human Services Postpone Indefinitely,7
HB18-1181,2018,RS,House,2018-02-02,"Introduced In House - Assigned to State, Veterans, & Military Affairs",1
HB18-1181,2018,RS,House,2018-04-05,"House Committee on State, Veterans, & Military Affairs Refer Amended to House Committee of the Whole",2
HB18-1181,2018,RS,House,2018-04-10,House Second Reading Passed with Amendments - Committee,3
HB18-1181,2018,RS,House,2018-04-11,House Third Reading Passed - No Amendments,4
HB18-1181,2018,RS,Senate,2018-04-11,"Introduced In Senate - Assigned to State, Veterans, & Military Affairs",5
HB18-1181,2018,RS,Senate,2018-04-18,"Senate Committee on State, Veterans, & Military Affairs Refer Amended - Consent Calendar to Senate Committee of the Whole",6
HB18-1181,2018,RS,Senate,2018-04-23,Senate Second Reading Passed with Amendments - Committee,7
HB18-1181,2018,RS,Senate,2018-04-24,Senate Third Reading Passed - No Amendments,8
HB18-1181,2018,RS,House,2018-04-24,House Considered Senate Amendments - Result was to Laid Over Daily,9
HB18-1181,2018,RS,House,2018-04-26,House Considered Senate Amendments - Result was to Concur - Repass,10
HB18-1181,2018,RS,House,2018-05-15,Signed by the Speaker of the House,11
HB18-1181,2018,RS,Senate,2018-05-16,Signed by the President of the Senate,12
HB18-1181,2018,RS,Governor,2018-05-16,Sent to the Governor,13
HB18-1181,2018,RS,Governor,2018-06-01,Governor Vetoed,14
HB18-1182,2018,RS,House,2018-02-02,"Introduced In House - Assigned to Health, Insurance, & Environment",1
HB18-1182,2018,RS,House,2018-03-29,"House Committee on Health, Insurance, & Environment Postpone Indefinitely",2
HB18-1183,2018,RS,House,2018-02-02,Introduced In House - Assigned to Public Health Care & Human Services,1
HB18-1183,2018,RS,House,2018-02-13,House Committee on Public Health Care & Human Services Refer Unamended to House Committee of the Whole,2
HB18-1183,2018,RS,House,2018-02-16,House Second Reading Passed - No Amendments,3
HB18-1183,2018,RS,House,2018-02-20,House Third Reading Laid Over to 02/21/2018 - No Amendments,4
HB18-1183,2018,RS,House,2018-02-21,House Third Reading Passed - No Amendments,5
HB18-1183,2018,RS,Senate,2018-02-21,"Introduced In Senate - Assigned to Agriculture, Natural Resources, & Energy",6
HB18-1183,2018,RS,Senate,2018-03-01,"Senate Committee on Agriculture, Natural Resources, & Energy Refer Unamended - Consent Calendar to Senate Committee of the Whole",7
HB18-1183,2018,RS,Senate,2018-03-06,Senate Second Reading Passed - No Amendments,8
HB18-1183,2018,RS,Senate,2018-03-07,Senate Third Reading Laid Over Daily - No Amendments,9
HB18-1183,2018,RS,Senate,2018-03-08,Senate Third Reading Passed - No Amendments,10
HB18-1183,2018,RS,House,2018-03-14,Signed by the Speaker of the House,11
HB18-1183,2018,RS,Senate,2018-03-15,Signed by the President of the Senate,12
HB18-1183,2018,RS,Governor,2018-03-15,Sent to the Governor,13
HB18-1183,2018,RS,Governor,2018-03-22,Governor Signed,14
HB18-1184,2018,RS,House,2018-02-02,Introduced In House - Assigned to Business Affairs and Labor,1
HB18-1184,2018,RS,House,2018-03-13,House Committee on Business Affairs and Labor Witness Testimony and/or Committee Discussion Only,2
HB18-1184,2018,RS,House,2018-03-27,House Committee on Business Affairs and Labor Refer Amended to Appropriations,3
HB18-1184,2018,RS,House,2018-04-19,House Committee on Appropriations Refer Unamended to House Committee of the Whole,4
HB18-1184,2018,RS,House,2018-04-19,House Second Reading Special Order - Passed with Amendments - Committee,5
HB18-1184,2018,RS,House,2018-04-20,House Third Reading Passed - No Amendments,6
HB18-1184,2018,RS,Senate,2018-04-23,Introduced In Senate - Assigned to Finance,7
HB18-1184,2018,RS,Senate,2018-04-26,Senate Committee on Finance Refer Unamended to Senate Committee of the Whole,8
HB18-1184,2018,RS,Senate,2018-04-30,Senate Second Reading Passed - No Amendments,9
HB18-1184,2018,RS,Senate,2018-05-01,Senate Third Reading Passed - No Amendments,10
HB18-1184,2018,RS,House,2018-05-15,Signed by the Speaker of the House,11
HB18-1184,2018,RS,Senate,2018-05-16,Signed by the President of the Senate,12
HB18-1184,2018,RS,Governor,2018-05-16,Sent to the Governor,13
HB18-1184,2018,RS,Governor,2018-05-29,Governor Signed,14
HB18-1185,2018,RS,House,2018-02-02,Introduced In House - Assigned to Business Affairs and Labor,1
HB18-1185,2018,RS,House,2018-02-15,House Committee on Business Affairs and Labor Refer Unamended to Finance,2
HB18-1185,2018,RS,House,2018-02-28,House Committee on Finance Refer Amended to Appropriations,3
HB18-1185,2018,RS,House,2018-04-25,House Committee on Appropriations Refer Amended to House Committee of the Whole,4
HB18-1185,2018,RS,House,2018-04-26,"House Second Reading Special Order - Passed with Amendments - Committee, Floor",5
HB18-1185,2018,RS,House,2018-04-27,House Third Reading Passed - No Amendments,6
HB18-1185,2018,RS,Senate,2018-04-27,Introduced In Senate - Assigned to Finance,7
HB18-1185,2018,RS,Senate,2018-05-02,Senate Committee on Finance Refer Amended to Appropriations,8
HB18-1185,2018,RS,Senate,2018-05-03,Senate Committee on Appropriations Refer Unamended - Consent Calendar to Senate Committee of the Whole,9
HB18-1185,2018,RS,Senate,2018-05-03,Senate Second Reading Special Order - Passed with Amendments - Committee,10
HB18-1185,2018,RS,Senate,2018-05-04,Senate Third Reading Passed - No Amendments,11
HB18-1185,2018,RS,House,2018-05-04,House Considered Senate Amendments - Result was to Laid Over Daily,12
HB18-1185,2018,RS,House,2018-05-07,House Considered Senate Amendments - Result was to Concur - Repass,13
HB18-1185,2018,RS,House,2018-05-22,Signed by the Speaker of the House,14
HB18-1185,2018,RS,Senate,2018-05-22,Signed by the President of the Senate,15
HB18-1185,2018,RS,Governor,2018-05-22,Sent to the Governor,16
HB18-1185,2018,RS,Governor,2018-06-04,Governor Signed,17
HB18-1186,2018,RS,House,2018-02-02,Introduced In House - Assigned to Education,1
HB18-1186,2018,RS,House,2018-02-14,House Committee on Education Refer Unamended to Appropriations,2
HB18-1186,2018,RS,House,2018-03-16,House Committee on Appropriations Refer Amended to House Committee of the Whole,3
HB18-1186,2018,RS,House,2018-03-20,House Second Reading Laid Over to 03/21/2018 - No Amendments,4
HB18-1186,2018,RS,House,2018-03-21,House Second Reading Laid Over to 03/22/2018 - No Amendments,5
HB18-1186,2018,RS,House,2018-03-22,House Second Reading Passed with Amendments - Committee,6
HB18-1186,2018,RS,House,2018-03-23,House Third Reading Passed - No Amendments,7
HB18-1186,2018,RS,Senate,2018-03-26,"Introduced In Senate - Assigned to State, Veterans, & Military Affairs",8
HB18-1186,2018,RS,Senate,2018-04-02,"Senate Committee on State, Veterans, & Military Affairs Refer Unamended to Appropriations",9
HB18-1186,2018,RS,Senate,2018-04-17,Senate Committee on Appropriations Refer Unamended - Consent Calendar to Senate Committee of the Whole,10
HB18-1186,2018,RS,Senate,2018-04-18,Senate Second Reading Special Order - Passed - No Amendments,11
HB18-1186,2018,RS,Senate,2018-04-19,Senate Third Reading Passed - No Amendments,12
HB18-1186,2018,RS,House,2018-04-26,Signed by the Speaker of the House,13
HB18-1186,2018,RS,Senate,2018-04-26,Signed by the President of the Senate,14
HB18-1186,2018,RS,Governor,2018-04-26,Sent to the Governor,15
HB18-1186,2018,RS,Governor,2018-04-30,Governor Signed,16
HB18-1187,2018,RS,House,2018-02-02,Introduced In House - Assigned to Public Health Care & Human Services,1
HB18-1187,2018,RS,House,2018-03-20,House Committee on Public Health Care & Human Services Refer Amended to House Committee of the Whole,2
HB18-1187,2018,RS,House,2018-03-23,House Second Reading Laid Over to 03/26/2018 - No Amendments,3
HB18-1187,2018,RS,House,2018-03-26,House Second Reading Laid Over to 03/27/2018 - No Amendments,4
HB18-1187,2018,RS,House,2018-03-27,House Second Reading Laid Over to 03/28/2018 - No Amendments,5
HB18-1187,2018,RS,House,2018-03-28,House Second Reading Laid Over to 03/29/2018 - No Amendments,6
HB18-1187,2018,RS,House,2018-03-29,House Second Reading Laid Over to 04/02/2018 - No Amendments,7
HB18-1187,2018,RS,House,2018-04-02,House Second Reading Laid Over to 04/04/2018 - No Amendments,8
HB18-1187,2018,RS,House,2018-04-04,House Second Reading Passed with Amendments - Committee,9
HB18-1187,2018,RS,House,2018-04-05,House Third Reading Passed - No Amendments,10
HB18-1187,2018,RS,Senate,2018-04-05,"Introduced In Senate - Assigned to Business, Labor, & Technology",11
HB18-1187,2018,RS,Senate,2018-04-18,"Senate Committee on Business, Labor, & Technology Refer Unamended to Senate Committee of the Whole",12
HB18-1187,2018,RS,Senate,2018-04-23,Senate Second Reading Passed - No Amendments,13
HB18-1187,2018,RS,Senate,2018-04-24,Senate Third Reading Passed - No Amendments,14
HB18-1187,2018,RS,House,2018-05-01,Signed by the Speaker of the House,15
HB18-1187,2018,RS,Senate,2018-05-01,Signed by the President of the Senate,16
HB18-1187,2018,RS,Governor,2018-05-01,Sent to the Governor,17
HB18-1187,2018,RS,Governor,2018-06-04,Governor Signed,18
HB18-1188,2018,RS,House,2018-02-02,Introduced In House - Assigned to Transportation & Energy,1
HB18-1188,2018,RS,House,2018-02-22,House Committee on Transportation & Energy Refer Amended to House Committee of the Whole,2
HB18-1188,2018,RS,House,2018-02-27,House Second Reading Laid Over to 02/28/2018 - No Amendments,3
HB18-1188,2018,RS,House,2018-02-28,"House Second Reading Passed with Amendments - Committee, Floor",4
HB18-1188,2018,RS,House,2018-03-02,House Third Reading Laid Over to 03/05/2018 - No Amendments,5
HB18-1188,2018,RS,House,2018-03-05,House Third Reading Passed - No Amendments,6
HB18-1188,2018,RS,Senate,2018-03-12,Introduced In Senate - Assigned to Transportation,7
HB18-1188,2018,RS,Senate,2018-04-10,Senate Committee on Transportation Postpone Indefinitely,8
HB18-1189,2018,RS,House,2018-02-02,Introduced In House - Assigned to Education,1
HB18-1189,2018,RS,House,2018-02-26,House Committee on Education Refer Amended to Appropriations,2
HB18-1189,2018,RS,House,2018-04-11,House Committee on Appropriations Refer Amended to House Committee of the Whole,3
HB18-1189,2018,RS,House,2018-04-12,House Second Reading Special Order - Laid Over Daily - No Amendments,4
HB18-1189,2018,RS,House,2018-04-13,House Second Reading Special Order - Laid Over to 04/16/2018 - No Amendments,5
HB18-1189,2018,RS,House,2018-04-16,House Second Reading Passed with Amendments - Committee,6
HB18-1189,2018,RS,House,2018-04-17,House Third Reading Passed - No Amendments,7
HB18-1189,2018,RS,Senate,2018-04-17,Introduced In Senate - Assigned to Education,8
HB18-1189,2018,RS,Senate,2018-04-25,Senate Committee on Education Refer Amended to Appropriations,9
HB18-1189,2018,RS,Senate,2018-04-27,Senate Committee on Appropriations Refer Amended - Consent Calendar to Senate Committee of the Whole,10
HB18-1189,2018,RS,Senate,2018-05-01,"Senate Second Reading Passed with Amendments - Committee, Floor",11
HB18-1189,2018,RS,Senate,2018-05-02,Senate Third Reading Passed - No Amendments,12
HB18-1189,2018,RS,House,2018-05-02,House Considered Senate Amendments - Result was to Laid Over Daily,13
HB18-1189,2018,RS,House,2018-05-04,House Considered Senate Amendments - Result was to Concur - Repass,14
HB18-1189,2018,RS,House,2018-05-11,Signed by the Speaker of the House,15
HB18-1189,2018,RS,Governor,2018-05-14,Sent to the Governor,16
HB18-1189,2018,RS,Senate,2018-05-14,Signed by the President of the Senate,17
HB18-1189,2018,RS,Governor,2018-05-30,Governor Signed,18
HB18-1190,2018,RS,House,2018-02-02,Introduced In House - Assigned to Finance,1
HB18-1190,2018,RS,House,2018-02-28,House Committee on Finance Refer Amended to Appropriations,2
HB18-1190,2018,RS,House,2018-04-23,House Committee on Appropriations Refer Unamended to House Committee of the Whole,3
HB18-1190,2018,RS,House,2018-04-24,"House Second Reading Special Order - Passed with Amendments - Committee, Floor",4
HB18-1190,2018,RS,House,2018-04-25,House Third Reading Passed - No Amendments,5
HB18-1190,2018,RS,Senate,2018-04-25,Introduced In Senate - Assigned to Finance,6
HB18-1190,2018,RS,Senate,2018-05-01,Senate Committee on Finance Refer Amended to Appropriations,7
HB18-1190,2018,RS,Senate,2018-05-02,Senate Committee on Appropriations Refer Unamended to Senate Committee of the Whole,8
HB18-1190,2018,RS,Senate,2018-05-03,Senate Second Reading Special Order - Passed with Amendments - Committee,9
HB18-1190,2018,RS,Senate,2018-05-04,Senate Third Reading Passed - No Amendments,10
HB18-1190,2018,RS,House,2018-05-04,House Considered Senate Amendments - Result was to Laid Over Daily,11
HB18-1190,2018,RS,House,2018-05-07,House Considered Senate Amendments - Result was to Concur - Repass,12
HB18-1190,2018,RS,House,2018-05-22,Signed by the Speaker of the House,13
HB18-1190,2018,RS,Senate,2018-05-22,Signed by the President of the Senate,14
HB18-1190,2018,RS,Governor,2018-05-22,Sent to the Governor,15
HB18-1190,2018,RS,Governor,2018-05-30,Governor Signed,16
HB18-1191,2018,RS,House,2018-02-02,Introduced In House - Assigned to Transportation & Energy,1
HB18-1191,2018,RS,House,2018-02-22,House Committee on Transportation & Energy Refer Amended to House Committee of the Whole,2
HB18-1191,2018,RS,House,2018-02-26,House Second Reading Special Order - Passed with Amendments - Committee,3
HB18-1191,2018,RS,House,2018-02-27,House Third Reading Passed - No Amendments,4
HB18-1191,2018,RS,Senate,2018-03-05,Introduced In Senate - Assigned to Local Government,5
HB18-1191,2018,RS,Senate,2018-03-13,Senate Committee on Local Government Refer Unamended to Senate Committee of the Whole,6
HB18-1191,2018,RS,Senate,2018-03-16,Senate Second Reading Laid Over to 03/20/2018 - No Amendments,7
HB18-1191,2018,RS,Senate,2018-03-20,Senate Second Reading Laid Over Daily - No Amendments,8
HB18-1191,2018,RS,Senate,2018-03-21,Senate Second Reading Passed with Amendments - Floor,9
HB18-1191,2018,RS,Senate,2018-03-22,Senate Third Reading Laid Over Daily - No Amendments,10
HB18-1191,2018,RS,Senate,2018-03-23,Senate Third Reading Passed - No Amendments,11
HB18-1191,2018,RS,House,2018-03-23,House Considered Senate Amendments - Result was to Laid Over to 04/03/2018,12
HB18-1191,2018,RS,House,2018-04-03,House Considered Senate Amendments - Result was to Concur - Repass,13
HB18-1191,2018,RS,House,2018-04-13,Signed by the Speaker of the House,14
HB18-1191,2018,RS,Senate,2018-04-16,Signed by the President of the Senate,15
HB18-1191,2018,RS,Governor,2018-04-16,Sent to the Governor,16
HB18-1191,2018,RS,Governor,2018-04-23,Governor Signed,17
HB18-1192,2018,RS,House,2018-02-02,Introduced In House - Assigned to Public Health Care & Human Services,1
HB18-1192,2018,RS,House,2018-03-09,House Committee on Public Health Care & Human Services Postpone Indefinitely,2
HB18-1193,2018,RS,House,2018-02-02,Introduced In House - Assigned to Education,1
HB18-1193,2018,RS,House,2018-02-12,House Committee on Education Refer Unamended to Appropriations,2
HB18-1193,2018,RS,House,2018-02-23,House Committee on Appropriations Refer Amended to House Committee of the Whole,3
HB18-1193,2018,RS,House,2018-02-27,House Second Reading Laid Over to 02/28/2018 - No Amendments,4
HB18-1193,2018,RS,House,2018-02-28,House Second Reading Passed with Amendments - Committee,5
HB18-1193,2018,RS,House,2018-03-02,House Third Reading Laid Over to 03/05/2018 - No Amendments,6
HB18-1193,2018,RS,House,2018-03-05,House Third Reading Passed with Amendments - Floor,7
HB18-1193,2018,RS,Senate,2018-03-12,Introduced In Senate - Assigned to Education,8
HB18-1193,2018,RS,Senate,2018-03-22,Senate Committee on Education Refer Unamended to Appropriations,9
HB18-1193,2018,RS,Senate,2018-04-10,Senate Committee on Appropriations Refer Unamended - Consent Calendar to Senate Committee of the Whole,10
HB18-1193,2018,RS,Senate,2018-04-11,Senate Second Reading Special Order - Passed - No Amendments,11
HB18-1193,2018,RS,Senate,2018-04-12,Senate Third Reading Passed - No Amendments,12
HB18-1193,2018,RS,House,2018-04-26,Signed by the Speaker of the House,13
HB18-1193,2018,RS,Senate,2018-04-26,Signed by the President of the Senate,14
HB18-1193,2018,RS,Governor,2018-04-26,Sent to the Governor,15
HB18-1193,2018,RS,Governor,2018-05-03,Governor Signed,16
HB18-1194,2018,RS,House,2018-02-05,"Introduced In House - Assigned to Health, Insurance, & Environment",1
HB18-1194,2018,RS,House,2018-03-15,"House Committee on Health, Insurance, & Environment Postpone Indefinitely",2
HB18-1195,2018,RS,House,2018-02-05,Introduced In House - Assigned to Finance + Appropriations,1
HB18-1195,2018,RS,House,2018-02-26,House Committee on Finance Refer Amended to Appropriations,2
HB18-1195,2018,RS,House,2018-05-04,House Committee on Appropriations Refer Amended to House Committee of the Whole,3
HB18-1195,2018,RS,House,2018-05-04,"House Second Reading Special Order - Passed with Amendments - Committee, Floor",4
HB18-1195,2018,RS,House,2018-05-07,House Third Reading Passed - No Amendments,5
HB18-1195,2018,RS,Senate,2018-05-07,"Introduced In Senate - Assigned to State, Veterans, & Military Affairs",6
HB18-1195,2018,RS,Senate,2018-05-07,"Senate Committee on State, Veterans, & Military Affairs Postpone Indefinitely",7
HB18-1196,2018,RS,House,2018-02-05,Introduced In House - Assigned to Public Health Care & Human Services,1
HB18-1196,2018,RS,House,2018-02-20,House Committee on Public Health Care & Human Services Refer Amended to House Committee of the Whole,2
HB18-1196,2018,RS,House,2018-02-23,House Second Reading Passed with Amendments - Committee,3
HB18-1196,2018,RS,House,2018-02-26,House Third Reading Laid Over to 02/27/2018 - No Amendments,4
HB18-1196,2018,RS,House,2018-02-27,House Third Reading Passed - No Amendments,5
HB18-1196,2018,RS,Senate,2018-03-05,Introduced In Senate - Assigned to Health & Human Services,6
HB18-1196,2018,RS,Senate,2018-03-08,Senate Committee on Health & Human Services Refer Amended to Senate Committee of the Whole,7
HB18-1196,2018,RS,Senate,2018-03-13,Senate Second Reading Passed with Amendments - Committee,8
HB18-1196,2018,RS,Senate,2018-03-14,Senate Third Reading Passed - No Amendments,9
HB18-1196,2018,RS,House,2018-03-15,House Considered Senate Amendments - Result was to Concur - Repass,10
HB18-1196,2018,RS,House,2018-03-21,Signed by the Speaker of the House,11
HB18-1196,2018,RS,Senate,2018-03-21,Signed by the President of the Senate,12
HB18-1196,2018,RS,Governor,2018-03-21,Sent to the Governor,13
HB18-1196,2018,RS,Governor,2018-03-29,Governor Signed,14
HB18-1197,2018,RS,House,2018-02-05,Introduced In House - Assigned to Education,1
HB18-1197,2018,RS,House,2018-04-23,House Committee on Education Refer Amended to Appropriations,2
HB18-1197,2018,RS,House,2018-04-25,House Committee on Appropriations Refer Amended to House Committee of the Whole,3
HB18-1197,2018,RS,House,2018-04-26,House Second Reading Special Order - Passed with Amendments - Committee,4
HB18-1197,2018,RS,House,2018-04-27,House Third Reading Passed - No Amendments,5
HB18-1197,2018,RS,Senate,2018-04-27,"Introduced In Senate - Assigned to State, Veterans, & Military Affairs",6
HB18-1197,2018,RS,Senate,2018-05-02,"Senate Committee on State, Veterans, & Military Affairs Postpone Indefinitely",7
HB18-1198,2018,RS,House,2018-02-05,Introduced In House - Assigned to Business Affairs and Labor,1
HB18-1198,2018,RS,House,2018-02-20,House Committee on Business Affairs and Labor Refer Amended to House Committee of the Whole,2
HB18-1198,2018,RS,House,2018-02-23,House Second Reading Passed with Amendments - Committee,3
HB18-1198,2018,RS,House,2018-02-26,House Third Reading Passed - No Amendments,4
HB18-1198,2018,RS,Senate,2018-03-05,"Introduced In Senate - Assigned to State, Veterans, & Military Affairs",5
HB18-1198,2018,RS,Senate,2018-03-14,"Senate Committee on State, Veterans, & Military Affairs Refer Amended to Appropriations",6
HB18-1198,2018,RS,Senate,2018-03-27,Senate Committee on Appropriations Refer Unamended - Consent Calendar to Senate Committee of the Whole,7
HB18-1198,2018,RS,Senate,2018-03-29,Senate Second Reading Laid Over Daily - No Amendments,8
HB18-1198,2018,RS,Senate,2018-04-02,Senate Second Reading Passed with Amendments - Committee,9
HB18-1198,2018,RS,Senate,2018-04-03,Senate Third Reading Passed with Amendments - Floor,10
HB18-1198,2018,RS,House,2018-04-05,House Considered Senate Amendments - Result was to Concur - Repass,11
HB18-1198,2018,RS,House,2018-04-13,Signed by the Speaker of the House,12
HB18-1198,2018,RS,Senate,2018-04-16,Signed by the President of the Senate,13
HB18-1198,2018,RS,Governor,2018-04-16,Sent to the Governor,14
HB18-1198,2018,RS,Governor,2018-04-23,Governor Signed,15
HB18-1199,2018,RS,House,2018-02-05,"Introduced In House - Assigned to Agriculture, Livestock, & Natural Resources",1
HB18-1199,2018,RS,House,2018-02-26,"House Committee on Agriculture, Livestock, & Natural Resources Refer Amended to House Committee of the Whole",2
HB18-1199,2018,RS,House,2018-03-01,House Second Reading Laid Over to 03/05/2018 - No Amendments,3
HB18-1199,2018,RS,House,2018-03-05,House Second Reading Passed with Amendments - Committee,4
HB18-1199,2018,RS,House,2018-03-06,House Third Reading Passed - No Amendments,5
HB18-1199,2018,RS,Senate,2018-03-12,"Introduced In Senate - Assigned to Agriculture, Natural Resources, & Energy",6
HB18-1199,2018,RS,Senate,2018-03-22,"Senate Committee on Agriculture, Natural Resources, & Energy Refer Unamended to Senate Committee of the Whole",7
HB18-1199,2018,RS,Senate,2018-03-27,Senate Second Reading Laid Over Daily - No Amendments,8
HB18-1199,2018,RS,Senate,2018-03-28,Senate Second Reading Passed - No Amendments,9
HB18-1199,2018,RS,Senate,2018-03-29,Senate Third Reading Passed - No Amendments,10
HB18-1199,2018,RS,House,2018-04-04,Signed by the Speaker of the House,11
HB18-1199,2018,RS,Senate,2018-04-04,Signed by the President of the Senate,12
HB18-1199,2018,RS,Governor,2018-04-04,Sent to the Governor,13
HB18-1199,2018,RS,Governor,2018-04-09,Governor Signed,14
HB18-1200,2018,RS,House,2018-02-05,Introduced In House - Assigned to Judiciary,1
HB18-1200,2018,RS,House,2018-03-20,House Committee on Judiciary Refer Amended to Appropriations,2
HB18-1200,2018,RS,House,2018-04-11,House Committee on Appropriations Refer Amended to House Committee of the Whole,3
HB18-1200,2018,RS,House,2018-04-12,House Second Reading Special Order - Laid Over Daily - No Amendments,4
HB18-1200,2018,RS,House,2018-04-13,House Second Reading Special Order - Passed with Amendments - Committee,5
HB18-1200,2018,RS,House,2018-04-16,House Third Reading Passed - No Amendments,6
HB18-1200,2018,RS,Senate,2018-04-16,Introduced In Senate - Assigned to Judiciary,7
HB18-1200,2018,RS,Senate,2018-04-23,Senate Committee on Judiciary Refer Unamended to Appropriations,8
HB18-1200,2018,RS,Senate,2018-04-26,Senate Committee on Appropriations Refer Unamended - Consent Calendar to Senate Committee of the Whole,9
HB18-1200,2018,RS,Senate,2018-04-27,Senate Second Reading Special Order - Passed - No Amendments,10
HB18-1200,2018,RS,Senate,2018-04-30,Senate Third Reading Passed - No Amendments,11
HB18-1200,2018,RS,House,2018-05-11,Signed by the Speaker of the House,12
HB18-1200,2018,RS,Governor,2018-05-14,Sent to the Governor,13
HB18-1200,2018,RS,Senate,2018-05-14,Signed by the President of the Senate,14
HB18-1200,2018,RS,Governor,2018-06-06,Governor Signed,15
HB18-1201,2018,RS,House,2018-02-05,Introduced In House - Assigned to Finance + Appropriations,1
HB18-1201,2018,RS,House,2018-04-09,House Committee on Finance Postpone Indefinitely,2
HB18-1202,2018,RS,House,2018-02-05,Introduced In House - Assigned to Finance + Appropriations,1
HB18-1202,2018,RS,House,2018-02-26,House Committee on Finance Refer Unamended to Appropriations,2
HB18-1202,2018,RS,House,2018-04-27,House Committee on Appropriations Refer Amended to House Committee of the Whole,3
HB18-1202,2018,RS,House,2018-04-27,"House Second Reading Special Order - Passed with Amendments - Committee, Floor",4
HB18-1202,2018,RS,House,2018-04-30,House Third Reading Passed - No Amendments,5
HB18-1202,2018,RS,Senate,2018-04-30,Introduced In Senate - Assigned to Finance,6
HB18-1202,2018,RS,Senate,2018-05-03,Senate Committee on Finance Refer Unamended to Appropriations,7
HB18-1202,2018,RS,Senate,2018-05-03,Senate Committee on Appropriations Refer Unamended to Senate Committee of the Whole,8
HB18-1202,2018,RS,Senate,2018-05-03,Senate Second Reading Special Order - Passed with Amendments - Floor,9
HB18-1202,2018,RS,Senate,2018-05-04,Senate Third Reading Lost - No Amendments,10
HB18-1202,2018,RS,Senate,2018-05-07,Senate Third Reading Reconsidered - No Amendments,11
HB18-1202,2018,RS,Senate,2018-05-07,Senate Third Reading Passed - No Amendments,12
HB18-1202,2018,RS,House,2018-05-08,House Considered Senate Amendments - Result was to Concur - Repass,13
HB18-1202,2018,RS,House,2018-05-22,Signed by the Speaker of the House,14
HB18-1202,2018,RS,Senate,2018-05-22,Signed by the President of the Senate,15
HB18-1202,2018,RS,Governor,2018-05-22,Sent to the Governor,16
HB18-1202,2018,RS,Governor,2018-05-29,Governor Signed,17
HB18-1203,2018,RS,House,2018-02-05,"Introduced In House - Assigned to State, Veterans, & Military Affairs + Appropriations",1
HB18-1203,2018,RS,House,2018-03-08,"House Committee on State, Veterans, & Military Affairs Postpone Indefinitely",2
HB18-1204,2018,RS,House,2018-02-05,Introduced In House - Assigned to Judiciary + Finance,1
HB18-1204,2018,RS,House,2018-03-08,House Committee on Judiciary Postpone Indefinitely,2
HB18-1205,2018,RS,House,2018-02-05,"Introduced In House - Assigned to Health, Insurance, & Environment + Appropriations",1
HB18-1205,2018,RS,House,2018-03-08,"House Committee on Health, Insurance, & Environment Refer Unamended to Appropriations",2
HB18-1205,2018,RS,House,2018-04-23,House Committee on Appropriations Refer Amended to House Committee of the Whole,3
HB18-1205,2018,RS,House,2018-04-24,House Second Reading Special Order - Passed with Amendments - Committee,4
HB18-1205,2018,RS,House,2018-04-25,House Third Reading Passed - No Amendments,5
HB18-1205,2018,RS,Senate,2018-04-25,"Introduced In Senate - Assigned to State, Veterans, & Military Affairs",6
HB18-1205,2018,RS,Senate,2018-05-03,"Senate Committee on State, Veterans, & Military Affairs Postpone Indefinitely",7
HB18-1206,2018,RS,House,2018-02-05,Introduced In House - Assigned to Judiciary,1
HB18-1206,2018,RS,House,2018-03-27,House Committee on Judiciary Postpone Indefinitely,2
HB18-1207,2018,RS,House,2018-02-05,"Introduced In House - Assigned to Health, Insurance, & Environment",1
HB18-1207,2018,RS,House,2018-03-08,"House Committee on Health, Insurance, & Environment Refer Unamended to House Committee of the Whole",2
HB18-1207,2018,RS,House,2018-03-13,House Second Reading Passed - No Amendments,3
HB18-1207,2018,RS,House,2018-03-14,House Third Reading Passed - No Amendments,4
HB18-1207,2018,RS,Senate,2018-04-18,"Introduced In Senate - Assigned to State, Veterans, & Military Affairs",5
HB18-1207,2018,RS,Senate,2018-04-30,"Senate Committee on State, Veterans, & Military Affairs Postpone Indefinitely",6
HB18-1208,2018,RS,House,2018-02-05,Introduced In House - Assigned to Finance,1
HB18-1208,2018,RS,House,2018-03-12,House Committee on Finance Refer Amended to Appropriations,2
HB18-1208,2018,RS,House,2018-04-25,House Committee on Appropriations Refer Amended to House Committee of the Whole,3
HB18-1208,2018,RS,House,2018-04-26,House Second Reading Special Order - Passed with Amendments - Committee,4
HB18-1208,2018,RS,House,2018-04-27,House Third Reading Passed - No Amendments,5
HB18-1208,2018,RS,Senate,2018-05-01,Introduced In Senate - Assigned to Finance + Appropriations,6
HB18-1208,2018,RS,Senate,2018-05-03,Senate Committee on Finance Refer Amended to Appropriations,7
HB18-1208,2018,RS,Senate,2018-05-07,Senate Committee on Appropriations Refer Amended to Senate Committee of the Whole,8
HB18-1208,2018,RS,Senate,2018-05-08,Senate Second Reading Special Order - Passed with Amendments - Committee,9
HB18-1208,2018,RS,Senate,2018-05-09,Senate Third Reading Passed - No Amendments,10
HB18-1208,2018,RS,House,2018-05-09,House Considered Senate Amendments - Result was to Concur - Repass,11
HB18-1208,2018,RS,House,2018-05-16,Signed by the Speaker of the House,12
HB18-1208,2018,RS,Senate,2018-05-16,Signed by the President of the Senate,13
HB18-1208,2018,RS,Governor,2018-05-16,Sent to the Governor,14
HB18-1208,2018,RS,Governor,2018-05-22,Governor Signed,15
HB18-1209,2018,RS,House,2018-02-05,Introduced In House - Assigned to Education,1
HB18-1209,2018,RS,House,2018-03-26,House Committee on Education Refer Unamended to House Committee of the Whole,2
HB18-1209,2018,RS,House,2018-03-29,House Second Reading Laid Over to 04/02/2018 - No Amendments,3
HB18-1209,2018,RS,House,2018-04-02,House Second Reading Laid Over to 04/03/2018 - No Amendments,4
HB18-1209,2018,RS,House,2018-04-03,House Second Reading Laid Over to 04/04/2018 - No Amendments,5
HB18-1209,2018,RS,House,2018-04-04,House Second Reading Laid Over to 04/09/2018 - No Amendments,6
HB18-1209,2018,RS,House,2018-04-09,House Second Reading Laid Over to 04/10/2018 - No Amendments,7
HB18-1209,2018,RS,House,2018-04-10,House Second Reading Laid Over to 04/13/2018 - No Amendments,8
HB18-1209,2018,RS,House,2018-04-13,House Second Reading Special Order - Laid Over Daily - No Amendments,9
HB18-1209,2018,RS,House,2018-04-16,House Second Reading Passed - No Amendments,10
HB18-1209,2018,RS,House,2018-04-17,House Third Reading Passed - No Amendments,11
HB18-1209,2018,RS,Senate,2018-04-17,Introduced In Senate - Assigned to Finance,12
HB18-1209,2018,RS,Senate,2018-04-19,Senate Committee on Finance Postpone Indefinitely,13
HB18-1210,2018,RS,House,2018-02-05,Introduced In House - Assigned to Judiciary,1
HB18-1210,2018,RS,House,2018-02-15,House Committee on Judiciary Refer Unamended to House Committee of the Whole,2
HB18-1210,2018,RS,House,2018-02-20,House Second Reading Passed - No Amendments,3
HB18-1210,2018,RS,House,2018-02-21,House Third Reading Passed - No Amendments,4
HB18-1210,2018,RS,Senate,2018-02-21,Introduced In Senate - Assigned to Judiciary,5
HB18-1210,2018,RS,Senate,2018-03-05,Senate Committee on Judiciary Refer Unamended - Consent Calendar to Senate Committee of the Whole,6
HB18-1210,2018,RS,Senate,2018-03-08,Senate Second Reading Passed - No Amendments,7
HB18-1210,2018,RS,Senate,2018-03-09,Senate Third Reading Laid Over Daily - No Amendments,8
HB18-1210,2018,RS,Senate,2018-03-13,Senate Third Reading Passed - No Amendments,9
HB18-1210,2018,RS,House,2018-03-19,Signed by the Speaker of the House,10
HB18-1210,2018,RS,Senate,2018-03-19,Signed by the President of the Senate,11
HB18-1210,2018,RS,Governor,2018-03-19,Sent to the Governor,12
HB18-1210,2018,RS,Governor,2018-03-22,Governor Signed,13
HB18-1211,2018,RS,House,2018-02-05,Introduced In House - Assigned to Judiciary,1
HB18-1211,2018,RS,House,2018-03-15,House Committee on Judiciary Refer Amended to House Committee of the Whole,2
HB18-1211,2018,RS,House,2018-03-20,House Second Reading Laid Over to 03/21/2018 - No Amendments,3
HB18-1211,2018,RS,House,2018-03-21,House Second Reading Laid Over to 03/22/2018 - No Amendments,4
HB18-1211,2018,RS,House,2018-03-22,House Second Reading Laid Over to 03/23/2018 - No Amendments,5
HB18-1211,2018,RS,House,2018-03-23,"House Second Reading Passed with Amendments - Committee, Floor",6
HB18-1211,2018,RS,House,2018-03-26,House Third Reading Passed - No Amendments,7
HB18-1211,2018,RS,Senate,2018-03-26,Introduced In Senate - Assigned to Health & Human Services,8
HB18-1211,2018,RS,Senate,2018-03-29,Senate Committee on Health & Human Services Refer Unamended - Consent Calendar to Senate Committee of the Whole,9
HB18-1211,2018,RS,Senate,2018-04-04,Senate Second Reading Passed - No Amendments,10
HB18-1211,2018,RS,Senate,2018-04-05,Senate Third Reading Passed - No Amendments,11
HB18-1211,2018,RS,House,2018-04-17,Signed by the Speaker of the House,12
HB18-1211,2018,RS,Senate,2018-04-19,Signed by the President of the Senate,13
HB18-1211,2018,RS,Governor,2018-04-19,Sent to the Governor,14
HB18-1211,2018,RS,Governor,2018-04-25,Governor Signed,15
HB18-1212,2018,RS,House,2018-02-05,"Introduced In House - Assigned to Health, Insurance, & Environment",1
HB18-1212,2018,RS,House,2018-03-15,"House Committee on Health, Insurance, & Environment Refer Amended to Finance",2
HB18-1212,2018,RS,House,2018-04-11,House Committee on Finance Refer Amended to Appropriations,3
HB18-1212,2018,RS,House,2018-04-19,House Committee on Appropriations Refer Amended to House Committee of the Whole,4
HB18-1212,2018,RS,House,2018-04-19,House Second Reading Special Order - Passed with Amendments - Committee,5
HB18-1212,2018,RS,House,2018-04-20,House Third Reading Laid Over to 04/23/2018 - No Amendments,6
HB18-1212,2018,RS,House,2018-04-23,House Third Reading Laid Over Daily - No Amendments,7
HB18-1212,2018,RS,House,2018-04-24,House Third Reading Passed - No Amendments,8
HB18-1212,2018,RS,Senate,2018-04-24,"Introduced In Senate - Assigned to State, Veterans, & Military Affairs",9
HB18-1212,2018,RS,Senate,2018-05-01,"Senate Committee on State, Veterans, & Military Affairs Postpone Indefinitely",10
HB18-1213,2018,RS,House,2018-02-05,"Introduced In House - Assigned to State, Veterans, & Military Affairs",1
HB18-1213,2018,RS,House,2018-03-21,"House Committee on State, Veterans, & Military Affairs Postpone Indefinitely",2
HB18-1214,2018,RS,House,2018-02-05,Introduced In House - Assigned to Business Affairs and Labor + Finance,1
HB18-1214,2018,RS,House,2018-04-10,House Committee on Business Affairs and Labor Postpone Indefinitely,2
HB18-1215,2018,RS,House,2018-02-05,"Introduced In House - Assigned to Health, Insurance, & Environment",1
HB18-1215,2018,RS,House,2018-03-22,"House Committee on Health, Insurance, & Environment Refer Amended to Finance",2
HB18-1215,2018,RS,House,2018-04-18,House Committee on Finance Refer Unamended to Appropriations,3
HB18-1215,2018,RS,House,2018-04-23,House Committee on Appropriations Refer Amended to House Committee of the Whole,4
HB18-1215,2018,RS,House,2018-04-24,House Second Reading Special Order - Passed with Amendments - Committee,5
HB18-1215,2018,RS,House,2018-04-25,House Third Reading Passed - No Amendments,6
HB18-1215,2018,RS,Senate,2018-04-25,"Introduced In Senate - Assigned to State, Veterans, & Military Affairs",7
HB18-1215,2018,RS,Senate,2018-05-03,"Senate Committee on State, Veterans, & Military Affairs Postpone Indefinitely",8
HB18-1216,2018,RS,House,2018-02-05,"Introduced In House - Assigned to State, Veterans, & Military Affairs",1
HB18-1216,2018,RS,House,2018-04-12,"House Committee on State, Veterans, & Military Affairs Postpone Indefinitely",2
HB18-1217,2018,RS,House,2018-02-05,Introduced In House - Assigned to Education + Finance,1
HB18-1217,2018,RS,House,2018-03-12,House Committee on Education Refer Unamended to Finance,2
HB18-1217,2018,RS,House,2018-03-14,House Committee on Finance Refer Amended to Appropriations,3
HB18-1217,2018,RS,House,2018-04-19,House Committee on Appropriations Refer Unamended to House Committee of the Whole,4
HB18-1217,2018,RS,House,2018-04-19,"House Second Reading Special Order - Passed with Amendments - Committee, Floor",5
HB18-1217,2018,RS,House,2018-04-20,House Third Reading Passed - No Amendments,6
HB18-1217,2018,RS,Senate,2018-04-23,Introduced In Senate - Assigned to Finance,7
HB18-1217,2018,RS,Senate,2018-04-26,Senate Committee on Finance Refer Unamended to Appropriations,8
HB18-1217,2018,RS,Senate,2018-05-01,Senate Committee on Appropriations Refer Unamended to Senate Committee of the Whole,9
HB18-1217,2018,RS,Senate,2018-05-03,Senate Second Reading Laid Over to 05/07/2018 - No Amendments,10
HB18-1217,2018,RS,Senate,2018-05-03,Senate Second Reading Special Order - Passed - No Amendments,11
HB18-1217,2018,RS,Senate,2018-05-04,Senate Third Reading Passed - No Amendments,12
HB18-1217,2018,RS,House,2018-05-16,Signed by the Speaker of the House,13
HB18-1217,2018,RS,Senate,2018-05-16,Signed by the President of the Senate,14
HB18-1217,2018,RS,Governor,2018-05-16,Sent to the Governor,15
HB18-1217,2018,RS,Governor,2018-05-29,Governor Signed,16
HB18-1218,2018,RS,House,2018-02-05,Introduced In House - Assigned to Finance + Appropriations,1
HB18-1218,2018,RS,House,2018-03-14,House Committee on Finance Refer Unamended to Appropriations,2
HB18-1218,2018,RS,House,2018-04-26,House Committee on Appropriations Refer Unamended to House Committee of the Whole,3
HB18-1218,2018,RS,House,2018-04-26,House Second Reading Special Order - Passed - No Amendments,4
HB18-1218,2018,RS,House,2018-04-27,House Third Reading Passed - No Amendments,5
HB18-1218,2018,RS,Senate,2018-04-27,Introduced In Senate - Assigned to Finance,6
HB18-1218,2018,RS,Senate,2018-05-03,Senate Committee on Finance Refer Unamended to Appropriations,7
HB18-1218,2018,RS,Senate,2018-05-03,Senate Committee on Appropriations Refer Unamended - Consent Calendar to Senate Committee of the Whole,8
HB18-1218,2018,RS,Senate,2018-05-03,Senate Second Reading Special Order - Passed - No Amendments,9
HB18-1218,2018,RS,Senate,2018-05-04,Senate Third Reading Passed - No Amendments,10
HB18-1218,2018,RS,House,2018-05-17,Signed by the Speaker of the House,11
HB18-1218,2018,RS,Senate,2018-05-18,Signed by the President of the Senate,12
HB18-1218,2018,RS,Governor,2018-05-18,Sent to the Governor,13
HB18-1218,2018,RS,Governor,2018-06-06,Governor Signed,14
HB18-1219,2018,RS,House,2018-02-05,Introduced In House - Assigned to Public Health Care & Human Services,1
HB18-1219,2018,RS,House,2018-04-24,House Committee on Public Health Care & Human Services Postpone Indefinitely,2
HB18-1220,2018,RS,House,2018-02-05,Introduced In House - Assigned to Business Affairs and Labor + Finance,1
HB18-1220,2018,RS,House,2018-04-12,House Committee on Business Affairs and Labor Refer Amended to Finance,2
HB18-1220,2018,RS,House,2018-04-18,House Committee on Finance Refer Unamended to House Committee of the Whole,3
HB18-1220,2018,RS,House,2018-04-19,House Second Reading Special Order - Passed with Amendments - Committee,4
HB18-1220,2018,RS,House,2018-04-20,House Third Reading Passed - No Amendments,5
HB18-1220,2018,RS,Senate,2018-04-23,"Introduced In Senate - Assigned to Business, Labor, & Technology",6
HB18-1220,2018,RS,Senate,2018-04-30,"Senate Committee on Business, Labor, & Technology Postpone Indefinitely",7
HB18-1221,2018,RS,House,2018-02-05,Introduced In House - Assigned to Education,1
HB18-1221,2018,RS,House,2018-03-26,House Committee on Education Postpone Indefinitely,2
HB18-1222,2018,RS,House,2018-02-05,Introduced In House - Assigned to Education,1
HB18-1222,2018,RS,House,2018-03-12,House Committee on Education Postpone Indefinitely,2
HB18-1223,2018,RS,House,2018-02-05,"Introduced In House - Assigned to Health, Insurance, & Environment",1
HB18-1223,2018,RS,House,2018-04-26,"House Committee on Health, Insurance, & Environment Postpone Indefinitely",2
HB18-1224,2018,RS,House,2018-02-05,"Introduced In House - Assigned to State, Veterans, & Military Affairs",1
HB18-1224,2018,RS,House,2018-03-22,"House Committee on State, Veterans, & Military Affairs Witness Testimony and/or Committee Discussion Only",2
HB18-1224,2018,RS,House,2018-04-11,"House Committee on State, Veterans, & Military Affairs Refer Amended to Finance",3
HB18-1224,2018,RS,House,2018-04-18,House Committee on Finance Refer Unamended to Appropriations,4
HB18-1224,2018,RS,House,2018-04-23,House Committee on Appropriations Refer Amended to House Committee of the Whole,5
HB18-1224,2018,RS,House,2018-04-24,House Second Reading Special Order - Passed with Amendments - Committee,6
HB18-1224,2018,RS,House,2018-04-25,House Third Reading Passed - No Amendments,7
HB18-1224,2018,RS,Senate,2018-04-25,Introduced In Senate - Assigned to Finance,8
HB18-1224,2018,RS,Senate,2018-05-01,Senate Committee on Finance Refer Amended to Appropriations,9
HB18-1224,2018,RS,Senate,2018-05-02,Senate Committee on Appropriations Refer Unamended to Senate Committee of the Whole,10
HB18-1224,2018,RS,Senate,2018-05-03,Senate Second Reading Special Order - Passed with Amendments - Committee,11
HB18-1224,2018,RS,Senate,2018-05-04,Senate Third Reading Passed - No Amendments,12
HB18-1224,2018,RS,House,2018-05-07,House Considered Senate Amendments - Result was to Concur - Repass,13
HB18-1224,2018,RS,House,2018-05-16,Signed by the Speaker of the House,14
HB18-1224,2018,RS,Senate,2018-05-16,Signed by the President of the Senate,15
HB18-1224,2018,RS,Governor,2018-05-16,Sent to the Governor,16
HB18-1224,2018,RS,Governor,2018-05-29,Governor Signed,17
HB18-1225,2018,RS,House,2018-02-05,"Introduced In House - Assigned to Health, Insurance, & Environment",1
HB18-1225,2018,RS,House,2018-02-22,"House Committee on Health, Insurance, & Environment Postpone Indefinitely",2
HB18-1226,2018,RS,House,2018-02-05,Introduced In House - Assigned to Education,1
HB18-1226,2018,RS,House,2018-04-18,House Committee on Education Refer Amended to Appropriations,2
HB18-1226,2018,RS,House,2018-05-07,House Committee on Appropriations Refer Amended to House Committee of the Whole,3
HB18-1226,2018,RS,House,2018-05-07,House Second Reading Special Order - Passed with Amendments - Committee,4
HB18-1226,2018,RS,House,2018-05-08,House Third Reading Passed - No Amendments,5
HB18-1226,2018,RS,Senate,2018-05-08,Introduced In Senate - Assigned to Finance,6
HB18-1226,2018,RS,Senate,2018-05-08,Senate Committee on Finance Refer Unamended to Appropriations,7
HB18-1226,2018,RS,Senate,2018-05-08,Senate Committee on Appropriations Refer Unamended - Consent Calendar to Senate Committee of the Whole,8
HB18-1226,2018,RS,Senate,2018-05-08,Senate Second Reading Special Order - Passed - No Amendments,9
HB18-1226,2018,RS,Senate,2018-05-09,Senate Third Reading Passed - No Amendments,10
HB18-1226,2018,RS,House,2018-05-18,Signed by the Speaker of the House,11
HB18-1226,2018,RS,Senate,2018-05-18,Signed by the President of the Senate,12
HB18-1226,2018,RS,Governor,2018-05-18,Sent to the Governor,13
HB18-1226,2018,RS,Governor,2018-05-24,Governor Signed,14
HB18-1227,2018,RS,House,2018-02-05,Introduced In House - Assigned to Business Affairs and Labor,1
HB18-1227,2018,RS,House,2018-02-15,House Committee on Business Affairs and Labor Refer Amended to House Committee of the Whole,2
HB18-1227,2018,RS,House,2018-02-20,House Second Reading Passed with Amendments - Committee,3
HB18-1227,2018,RS,House,2018-02-21,House Third Reading Passed - No Amendments,4
HB18-1227,2018,RS,Senate,2018-02-21,"Introduced In Senate - Assigned to Business, Labor, & Technology",5
HB18-1227,2018,RS,Senate,2018-03-21,"Senate Committee on Business, Labor, & Technology Refer Amended - Consent Calendar to Senate Committee of the Whole",6
HB18-1227,2018,RS,Senate,2018-03-26,Senate Second Reading Passed with Amendments - Committee,7
HB18-1227,2018,RS,Senate,2018-03-27,Senate Third Reading Passed - No Amendments,8
HB18-1227,2018,RS,House,2018-03-27,House Considered Senate Amendments - Result was to Laid Over to 04/03/2018,9
HB18-1227,2018,RS,House,2018-04-03,House Considered Senate Amendments - Result was to Concur - Repass,10
HB18-1227,2018,RS,House,2018-04-13,Signed by the Speaker of the House,11
HB18-1227,2018,RS,Senate,2018-04-16,Signed by the President of the Senate,12
HB18-1227,2018,RS,Governor,2018-04-16,Sent to the Governor,13
HB18-1227,2018,RS,Governor,2018-04-23,Governor Signed,14
HB18-1228,2018,RS,House,2018-02-05,Introduced In House - Assigned to Education,1
HB18-1228,2018,RS,House,2018-02-21,House Committee on Education Refer Unamended to House Committee of the Whole,2
HB18-1228,2018,RS,House,2018-02-26,House Second Reading Passed - No Amendments,3
HB18-1228,2018,RS,House,2018-02-27,House Third Reading Passed - No Amendments,4
HB18-1228,2018,RS,Senate,2018-03-05,Introduced In Senate - Assigned to Education,5
HB18-1228,2018,RS,Senate,2018-03-15,Senate Committee on Education Refer Unamended - Consent Calendar to Senate Committee of the Whole,6
HB18-1228,2018,RS,Senate,2018-03-21,Senate Second Reading Passed - No Amendments,7
HB18-1228,2018,RS,Senate,2018-03-22,Senate Third Reading Passed - No Amendments,8
HB18-1228,2018,RS,House,2018-03-29,Signed by the Speaker of the House,9
HB18-1228,2018,RS,Senate,2018-04-02,Signed by the President of the Senate,10
HB18-1228,2018,RS,Governor,2018-04-02,Sent to the Governor,11
HB18-1228,2018,RS,Governor,2018-04-09,Governor Signed,12
HB18-1229,2018,RS,House,2018-02-05,"Introduced In House - Assigned to State, Veterans, & Military Affairs + Finance",1
HB18-1229,2018,RS,House,2018-02-28,"House Committee on State, Veterans, & Military Affairs Postpone Indefinitely",2
HB18-1230,2018,RS,House,2018-02-05,Introduced In House - Assigned to Judiciary,1
HB18-1230,2018,RS,House,2018-04-24,House Committee on Judiciary Witness Testimony and/or Committee Discussion Only,2
HB18-1230,2018,RS,House,2018-04-26,House Committee on Judiciary Refer Amended to Finance,3
HB18-1230,2018,RS,House,2018-04-30,House Committee on Finance Refer Unamended to Appropriations,4
HB18-1230,2018,RS,House,2018-05-02,House Committee on Appropriations Refer Amended to House Committee of the Whole,5
HB18-1230,2018,RS,House,2018-05-04,House Second Reading Special Order - Passed with Amendments - Committee,6
HB18-1230,2018,RS,House,2018-05-07,House Third Reading Passed - No Amendments,7
HB18-1230,2018,RS,Senate,2018-05-07,"Introduced In Senate - Assigned to State, Veterans, & Military Affairs",8
HB18-1230,2018,RS,Senate,2018-05-07,"Senate Committee on State, Veterans, & Military Affairs Postpone Indefinitely",9
HB18-1231,2018,RS,House,2018-02-05,Introduced In House - Assigned to Local Government,1
HB18-1231,2018,RS,House,2018-02-28,House Committee on Local Government Refer Amended to House Committee of the Whole,2
HB18-1231,2018,RS,House,2018-03-05,House Second Reading Laid Over to 03/09/2018 - No Amendments,3
HB18-1231,2018,RS,House,2018-03-09,House Second Reading Laid Over to 03/26/2018 - No Amendments,4
HB18-1231,2018,RS,House,2018-03-23,House Second Reading Laid Over to 04/03/2018 - No Amendments,5
HB18-1231,2018,RS,House,2018-04-03,House Second Reading Laid Over to 04/04/2018 - No Amendments,6
HB18-1231,2018,RS,House,2018-04-04,House Second Reading Laid Over to 04/09/2018 - No Amendments,7
HB18-1231,2018,RS,House,2018-04-09,House Second Reading Laid Over to 04/10/2018 - No Amendments,8
HB18-1231,2018,RS,House,2018-04-10,"House Second Reading Referred w/Amend. to Appropriations - Committee, Floor",9
HB18-1231,2018,RS,House,2018-04-23,House Committee on Appropriations Postpone Indefinitely,10
HB18-1232,2018,RS,House,2018-02-05,Introduced In House - Assigned to Education,1
HB18-1232,2018,RS,House,2018-04-02,House Committee on Education Lay Over Unamended - Amendment(s) Failed,2
HB18-1232,2018,RS,House,2018-04-25,House Committee on Education Postpone Indefinitely,3
HB18-1233,2018,RS,House,2018-02-06,"Introduced In House - Assigned to State, Veterans, & Military Affairs",1
HB18-1233,2018,RS,House,2018-02-07,"House Committee on State, Veterans, & Military Affairs Refer Amended to House Committee of the Whole",2
HB18-1233,2018,RS,House,2018-02-12,House Second Reading Laid Over to 02/14/2018 - No Amendments,3
HB18-1233,2018,RS,House,2018-02-14,"House Second Reading Passed with Amendments - Committee, Floor",4
HB18-1233,2018,RS,House,2018-02-15,House Third Reading Passed - No Amendments,5
HB18-1233,2018,RS,Senate,2018-02-21,Introduced In Senate - Assigned to Judiciary,6
HB18-1233,2018,RS,Senate,2018-03-05,Senate Committee on Judiciary Refer Amended - Consent Calendar to Senate Committee of the Whole,7
HB18-1233,2018,RS,Senate,2018-03-08,Senate Second Reading Passed with Amendments - Committee,8
HB18-1233,2018,RS,Senate,2018-03-09,Senate Third Reading Laid Over Daily - No Amendments,9
HB18-1233,2018,RS,Senate,2018-03-13,Senate Third Reading Passed - No Amendments,10
HB18-1233,2018,RS,House,2018-03-14,House Considered Senate Amendments - Result was to Concur - Repass,11
HB18-1233,2018,RS,House,2018-03-21,Signed by the Speaker of the House,12
HB18-1233,2018,RS,Senate,2018-03-21,Signed by the President of the Senate,13
HB18-1233,2018,RS,Governor,2018-03-21,Sent to the Governor,14
HB18-1233,2018,RS,Governor,2018-03-29,Governor Signed,15
HB18-1234,2018,RS,House,2018-02-06,Introduced In House - Assigned to Business Affairs and Labor,1
HB18-1234,2018,RS,House,2018-03-15,House Committee on Business Affairs and Labor Refer Amended to House Committee of the Whole,2
HB18-1234,2018,RS,House,2018-03-20,House Second Reading Laid Over to 03/21/2018 - No Amendments,3
HB18-1234,2018,RS,House,2018-03-21,House Second Reading Laid Over to 03/22/2018 - No Amendments,4
HB18-1234,2018,RS,House,2018-03-22,House Second Reading Laid Over to 03/23/2018 - No Amendments,5
HB18-1234,2018,RS,House,2018-03-23,"House Second Reading Passed with Amendments - Committee, Floor",6
HB18-1234,2018,RS,House,2018-03-26,House Third Reading Passed - No Amendments,7
HB18-1234,2018,RS,Senate,2018-03-26,"Introduced In Senate - Assigned to Business, Labor, & Technology",8
HB18-1234,2018,RS,Senate,2018-04-30,"Senate Committee on Business, Labor, & Technology Refer Amended to Senate Committee of the Whole",9
HB18-1234,2018,RS,Senate,2018-05-03,Senate Second Reading Passed with Amendments - Committee,10
HB18-1234,2018,RS,Senate,2018-05-04,Senate Third Reading Passed - No Amendments,11
HB18-1234,2018,RS,House,2018-05-07,House Considered Senate Amendments - Result was to Concur - Repass,12
HB18-1234,2018,RS,House,2018-05-16,Signed by the Speaker of the House,13
HB18-1234,2018,RS,Senate,2018-05-16,Signed by the President of the Senate,14
HB18-1234,2018,RS,Governor,2018-05-16,Sent to the Governor,15
HB18-1234,2018,RS,Governor,2018-06-06,Governor Signed,16
HB18-1235,2018,RS,House,2018-02-07,"Introduced In House - Assigned to Agriculture, Livestock, & Natural Resources",1
HB18-1235,2018,RS,House,2018-02-26,"House Committee on Agriculture, Livestock, & Natural Resources Refer Amended to Appropriations",2
HB18-1235,2018,RS,House,2018-03-16,House Committee on Appropriations Refer Unamended to House Committee of the Whole,3
HB18-1235,2018,RS,House,2018-03-20,House Second Reading Laid Over to 03/21/2018 - No Amendments,4
HB18-1235,2018,RS,House,2018-03-21,House Second Reading Laid Over to 03/22/2018 - No Amendments,5
HB18-1235,2018,RS,House,2018-03-22,House Second Reading Passed with Amendments - Committee,6
HB18-1235,2018,RS,House,2018-03-23,House Third Reading Passed - No Amendments,7
HB18-1235,2018,RS,Senate,2018-03-26,Introduced In Senate - Assigned to Finance,8
HB18-1235,2018,RS,Senate,2018-04-10,Senate Committee on Finance Refer Unamended to Appropriations,9
HB18-1235,2018,RS,Senate,2018-04-17,Senate Committee on Appropriations Refer Unamended - Consent Calendar to Senate Committee of the Whole,10
HB18-1235,2018,RS,Senate,2018-04-18,Senate Second Reading Special Order - Passed - No Amendments,11
HB18-1235,2018,RS,Senate,2018-04-19,Senate Third Reading Passed - No Amendments,12
HB18-1235,2018,RS,House,2018-04-26,Signed by the Speaker of the House,13
HB18-1235,2018,RS,Senate,2018-04-26,Signed by the President of the Senate,14
HB18-1235,2018,RS,Governor,2018-04-26,Sent to the Governor,15
HB18-1235,2018,RS,Governor,2018-05-04,Governor Signed,16
HB18-1236,2018,RS,House,2018-02-07,"Introduced In House - Assigned to Agriculture, Livestock, & Natural Resources",1
HB18-1236,2018,RS,House,2018-02-26,"House Committee on Agriculture, Livestock, & Natural Resources Refer Amended to House Committee of the Whole",2
HB18-1236,2018,RS,House,2018-03-01,House Second Reading Laid Over to 03/05/2018 - No Amendments,3
HB18-1236,2018,RS,House,2018-03-05,House Second Reading Referred to Appropriations - No Amendments,4
HB18-1236,2018,RS,House,2018-04-27,House Committee on Appropriations Refer Unamended to House Committee of the Whole,5
HB18-1236,2018,RS,House,2018-04-27,House Second Reading Special Order - Passed - No Amendments,6
HB18-1236,2018,RS,House,2018-04-30,House Third Reading Passed - No Amendments,7
HB18-1236,2018,RS,Senate,2018-04-30,"Introduced In Senate - Assigned to State, Veterans, & Military Affairs",8
HB18-1236,2018,RS,Senate,2018-05-04,"Senate Committee on State, Veterans, & Military Affairs Refer Amended to Senate Committee of the Whole",9
HB18-1236,2018,RS,Senate,2018-05-08,Senate Second Reading Passed with Amendments - Committee,10
HB18-1236,2018,RS,Senate,2018-05-09,Senate Third Reading Passed - No Amendments,11
HB18-1236,2018,RS,House,2018-05-09,House Considered Senate Amendments - Result was to Concur - Repass,12
HB18-1236,2018,RS,House,2018-05-22,Signed by the Speaker of the House,13
HB18-1236,2018,RS,Senate,2018-05-22,Signed by the President of the Senate,14
HB18-1236,2018,RS,Governor,2018-05-22,Sent to the Governor,15
HB18-1236,2018,RS,Governor,2018-05-30,Governor Signed,16
HB18-1237,2018,RS,House,2018-02-07,Introduced In House - Assigned to Business Affairs and Labor,1
HB18-1237,2018,RS,House,2018-02-22,House Committee on Business Affairs and Labor Refer Unamended to House Committee of the Whole,2
HB18-1237,2018,RS,House,2018-02-27,House Second Reading Laid Over to 02/28/2018 - No Amendments,3
HB18-1237,2018,RS,House,2018-02-28,House Second Reading Passed - No Amendments,4
HB18-1237,2018,RS,House,2018-03-02,House Third Reading Laid Over to 03/05/2018 - No Amendments,5
HB18-1237,2018,RS,House,2018-03-05,House Third Reading Passed - No Amendments,6
HB18-1237,2018,RS,Senate,2018-03-12,"Introduced In Senate - Assigned to Business, Labor, & Technology",7
HB18-1237,2018,RS,Senate,2018-03-21,"Senate Committee on Business, Labor, & Technology Refer Amended to Senate Committee of the Whole",8
HB18-1237,2018,RS,Senate,2018-03-26,Senate Second Reading Laid Over Daily - No Amendments,9
HB18-1237,2018,RS,Senate,2018-03-27,Senate Second Reading Referred to Appropriations - No Amendments,10
HB18-1237,2018,RS,Senate,2018-04-03,Senate Committee on Appropriations Refer Amended to Senate Committee of the Whole,11
HB18-1237,2018,RS,Senate,2018-04-04,Senate Second Reading Special Order - Laid Over Daily - No Amendments,12
HB18-1237,2018,RS,Senate,2018-04-05,Senate Second Reading Passed with Amendments - Committee,13
HB18-1237,2018,RS,Senate,2018-04-06,Senate Third Reading Passed - No Amendments,14
HB18-1237,2018,RS,House,2018-04-06,House Considered Senate Amendments - Result was to Laid Over to 04/09/2018,15
HB18-1237,2018,RS,House,2018-04-09,House Considered Senate Amendments - Result was to Adhere,16
HB18-1237,2018,RS,Senate,2018-04-10,Senate Considered House Adherence - Result was to Recede,17
HB18-1237,2018,RS,House,2018-04-17,Signed by the Speaker of the House,18
HB18-1237,2018,RS,Senate,2018-04-19,Signed by the President of the Senate,19
HB18-1237,2018,RS,Governor,2018-04-19,Sent to the Governor,20
HB18-1237,2018,RS,Governor,2018-04-25,Governor Signed,21
HB18-1238,2018,RS,House,2018-02-08,"Introduced In House - Assigned to Agriculture, Livestock, & Natural Resources",1
HB18-1238,2018,RS,House,2018-02-26,"House Committee on Agriculture, Livestock, & Natural Resources Refer Unamended to House Committee of the Whole",2
HB18-1238,2018,RS,House,2018-03-02,House Second Reading Laid Over to 03/05/2018 - No Amendments,3
HB18-1238,2018,RS,House,2018-03-05,House Second Reading Passed - No Amendments,4
HB18-1238,2018,RS,House,2018-03-06,House Third Reading Passed - No Amendments,5
HB18-1238,2018,RS,Senate,2018-03-12,"Introduced In Senate - Assigned to Agriculture, Natural Resources, & Energy",6
HB18-1238,2018,RS,Senate,2018-03-22,"Senate Committee on Agriculture, Natural Resources, & Energy Refer Unamended - Consent Calendar to Senate Committee of the Whole",7
HB18-1238,2018,RS,Senate,2018-03-27,Senate Second Reading Passed - No Amendments,8
HB18-1238,2018,RS,Senate,2018-03-28,Senate Third Reading Passed - No Amendments,9
HB18-1238,2018,RS,House,2018-04-02,Signed by the Speaker of the House,10
HB18-1238,2018,RS,Senate,2018-04-03,Signed by the President of the Senate,11
HB18-1238,2018,RS,Governor,2018-04-03,Sent to the Governor,12
HB18-1238,2018,RS,Governor,2018-04-09,Governor Signed,13
HB18-1239,2018,RS,House,2018-02-12,"Introduced In House - Assigned to Health, Insurance, & Environment",1
HB18-1239,2018,RS,House,2018-02-22,"House Committee on Health, Insurance, & Environment Refer Unamended to House Committee of the Whole",2
HB18-1239,2018,RS,House,2018-02-27,House Second Reading Laid Over to 02/28/2018 - No Amendments,3
HB18-1239,2018,RS,House,2018-02-28,House Second Reading Passed - No Amendments,4
HB18-1239,2018,RS,House,2018-03-01,House Third Reading Laid Over to 03/05/2018 - No Amendments,5
HB18-1239,2018,RS,House,2018-03-05,House Third Reading Passed - No Amendments,6
HB18-1239,2018,RS,Senate,2018-03-12,"Introduced In Senate - Assigned to Agriculture, Natural Resources, & Energy",7
HB18-1239,2018,RS,Senate,2018-03-22,"Senate Committee on Agriculture, Natural Resources, & Energy Refer Unamended - Consent Calendar to Senate Committee of the Whole",8
HB18-1239,2018,RS,Senate,2018-03-27,Senate Second Reading Passed - No Amendments,9
HB18-1239,2018,RS,Senate,2018-03-28,Senate Third Reading Passed - No Amendments,10
HB18-1239,2018,RS,House,2018-04-02,Signed by the Speaker of the House,11
HB18-1239,2018,RS,Senate,2018-04-03,Signed by the President of the Senate,12
HB18-1239,2018,RS,Governor,2018-04-03,Sent to the Governor,13
HB18-1239,2018,RS,Governor,2018-04-12,Governor Signed,14
HB18-1240,2018,RS,House,2018-02-12,Introduced In House - Assigned to Transportation & Energy,1
HB18-1240,2018,RS,House,2018-03-07,House Committee on Transportation & Energy Refer Unamended to House Committee of the Whole,2
HB18-1240,2018,RS,House,2018-03-12,House Second Reading Passed - No Amendments,3
HB18-1240,2018,RS,House,2018-03-13,House Third Reading Passed - No Amendments,4
HB18-1240,2018,RS,Senate,2018-03-19,Introduced In Senate - Assigned to Judiciary,5
HB18-1240,2018,RS,Senate,2018-03-26,Senate Committee on Judiciary Refer Unamended to Finance,6
HB18-1240,2018,RS,Senate,2018-04-10,Senate Committee on Finance Refer Unamended to Appropriations,7
HB18-1240,2018,RS,Senate,2018-04-17,Senate Committee on Appropriations Refer Unamended - Consent Calendar to Senate Committee of the Whole,8
HB18-1240,2018,RS,Senate,2018-04-18,Senate Second Reading Special Order - Passed - No Amendments,9
HB18-1240,2018,RS,Senate,2018-04-19,Senate Third Reading Passed - No Amendments,10
HB18-1240,2018,RS,House,2018-04-26,Signed by the Speaker of the House,11
HB18-1240,2018,RS,Senate,2018-04-26,Signed by the President of the Senate,12
HB18-1240,2018,RS,Governor,2018-04-26,Sent to the Governor,13
HB18-1240,2018,RS,Governor,2018-05-04,Governor Signed,14
HB18-1241,2018,RS,House,2018-02-12,Introduced In House - Assigned to Finance,1
HB18-1241,2018,RS,House,2018-03-21,House Committee on Finance Refer Unamended to Appropriations,2
HB18-1241,2018,RS,House,2018-04-06,House Committee on Appropriations Refer Unamended to House Committee of the Whole,3
HB18-1241,2018,RS,House,2018-04-06,House Second Reading Special Order - Passed - No Amendments,4
HB18-1241,2018,RS,House,2018-04-09,House Third Reading Passed - No Amendments,5
HB18-1241,2018,RS,Senate,2018-04-09,Introduced In Senate - Assigned to Finance,6
HB18-1241,2018,RS,Senate,2018-04-12,Senate Committee on Finance Refer Unamended to Appropriations,7
HB18-1241,2018,RS,Senate,2018-04-24,Senate Committee on Appropriations Postpone Indefinitely,8
HB18-1242,2018,RS,House,2018-02-13,Introduced In House - Assigned to Finance,1
HB18-1242,2018,RS,House,2018-03-07,House Committee on Finance Refer Unamended to House Committee of the Whole,2
HB18-1242,2018,RS,House,2018-03-12,House Second Reading Passed - No Amendments,3
HB18-1242,2018,RS,House,2018-03-13,House Third Reading Passed - No Amendments,4
HB18-1242,2018,RS,Senate,2018-03-19,Introduced In Senate - Assigned to Finance,5
HB18-1242,2018,RS,Senate,2018-03-22,Senate Committee on Finance Refer Amended to Senate Committee of the Whole,6
HB18-1242,2018,RS,Senate,2018-03-27,Senate Second Reading Laid Over Daily - No Amendments,7
HB18-1242,2018,RS,Senate,2018-03-28,Senate Second Reading Passed with Amendments - Committee,8
HB18-1242,2018,RS,Senate,2018-03-29,Senate Third Reading Passed - No Amendments,9
HB18-1242,2018,RS,House,2018-04-03,House Considered Senate Amendments - Result was to Concur - Repass,10
HB18-1242,2018,RS,House,2018-04-13,Signed by the Speaker of the House,11
HB18-1242,2018,RS,Senate,2018-04-16,Signed by the President of the Senate,12
HB18-1242,2018,RS,Governor,2018-04-16,Sent to the Governor,13
HB18-1242,2018,RS,Governor,2018-04-23,Governor Signed,14
HB18-1243,2018,RS,House,2018-02-13,Introduced In House - Assigned to Judiciary,1
HB18-1243,2018,RS,House,2018-03-15,House Committee on Judiciary Refer Unamended to House Committee of the Whole,2
HB18-1243,2018,RS,House,2018-03-20,House Second Reading Laid Over to 03/21/2018 - No Amendments,3
HB18-1243,2018,RS,House,2018-03-21,House Second Reading Laid Over to 03/22/2018 - No Amendments,4
HB18-1243,2018,RS,House,2018-03-22,House Second Reading Laid Over to 03/23/2018 - No Amendments,5
HB18-1243,2018,RS,House,2018-03-23,House Second Reading Passed - No Amendments,6
HB18-1243,2018,RS,House,2018-03-26,House Third Reading Passed - No Amendments,7
HB18-1243,2018,RS,Senate,2018-03-26,Introduced In Senate - Assigned to Judiciary,8
HB18-1243,2018,RS,Senate,2018-04-02,Senate Committee on Judiciary Refer Unamended - Consent Calendar to Senate Committee of the Whole,9
HB18-1243,2018,RS,Senate,2018-04-04,Senate Second Reading Special Order - Passed - No Amendments,10
HB18-1243,2018,RS,Senate,2018-04-05,Senate Third Reading Passed - No Amendments,11
HB18-1243,2018,RS,House,2018-04-17,Signed by the Speaker of the House,12
HB18-1243,2018,RS,Senate,2018-04-19,Signed by the President of the Senate,13
HB18-1243,2018,RS,Governor,2018-04-19,Sent to the Governor,14
HB18-1243,2018,RS,Governor,2018-04-25,Governor Signed,15
HB18-1244,2018,RS,House,2018-02-14,Introduced In House - Assigned to Finance,1
HB18-1244,2018,RS,House,2018-04-18,House Committee on Finance Refer Unamended to Appropriations,2
HB18-1244,2018,RS,House,2018-04-23,House Committee on Appropriations Refer Amended to House Committee of the Whole,3
HB18-1244,2018,RS,House,2018-04-24,House Second Reading Special Order - Passed with Amendments - Committee,4
HB18-1244,2018,RS,House,2018-04-25,House Third Reading Passed - No Amendments,5
HB18-1244,2018,RS,Senate,2018-04-25,Introduced In Senate - Assigned to Finance,6
HB18-1244,2018,RS,Senate,2018-05-01,Senate Committee on Finance Refer Unamended to Appropriations,7
HB18-1244,2018,RS,Senate,2018-05-02,Senate Committee on Appropriations Refer Unamended to Senate Committee of the Whole,8
HB18-1244,2018,RS,Senate,2018-05-03,Senate Second Reading Special Order - Passed - No Amendments,9
HB18-1244,2018,RS,Senate,2018-05-04,Senate Third Reading Passed - No Amendments,10
HB18-1244,2018,RS,House,2018-05-16,Signed by the Speaker of the House,11
HB18-1244,2018,RS,Senate,2018-05-16,Signed by the President of the Senate,12
HB18-1244,2018,RS,Governor,2018-05-16,Sent to the Governor,13
HB18-1244,2018,RS,Governor,2018-06-01,Governor Signed,14
HB18-1245,2018,RS,House,2018-02-14,Introduced In House - Assigned to Public Health Care & Human Services,1
HB18-1245,2018,RS,House,2018-03-20,House Committee on Public Health Care & Human Services Refer Unamended to House Committee of the Whole,2
HB18-1245,2018,RS,House,2018-03-23,House Second Reading Laid Over to 03/26/2018 - No Amendments,3
HB18-1245,2018,RS,House,2018-03-26,House Second Reading Laid Over to 03/27/2018 - No Amendments,4
HB18-1245,2018,RS,House,2018-03-27,House Second Reading Laid Over to 03/28/2018 - No Amendments,5
HB18-1245,2018,RS,House,2018-03-28,House Second Reading Laid Over to 03/29/2018 - No Amendments,6
HB18-1245,2018,RS,House,2018-03-29,House Second Reading Laid Over to 04/02/2018 - No Amendments,7
HB18-1245,2018,RS,House,2018-04-02,House Second Reading Laid Over to 04/03/2018 - No Amendments,8
HB18-1245,2018,RS,House,2018-04-03,House Second Reading Laid Over to 04/04/2018 - No Amendments,9
HB18-1245,2018,RS,House,2018-04-04,House Second Reading Passed - No Amendments,10
HB18-1245,2018,RS,House,2018-04-05,House Third Reading Passed - No Amendments,11
HB18-1245,2018,RS,Senate,2018-04-05,"Introduced In Senate - Assigned to State, Veterans, & Military Affairs",12
HB18-1245,2018,RS,Senate,2018-04-23,"Senate Committee on State, Veterans, & Military Affairs Postpone Indefinitely",13
HB18-1246,2018,RS,House,2018-02-16,"Introduced In House - Assigned to Agriculture, Livestock, & Natural Resources",1
HB18-1246,2018,RS,House,2018-03-05,"House Committee on Agriculture, Livestock, & Natural Resources Refer Unamended to House Committee of the Whole",2
HB18-1246,2018,RS,House,2018-03-08,House Second Reading Passed - No Amendments,3
HB18-1246,2018,RS,House,2018-03-09,House Third Reading Passed - No Amendments,4
HB18-1246,2018,RS,Senate,2018-03-12,"Introduced In Senate - Assigned to Agriculture, Natural Resources, & Energy",5
HB18-1246,2018,RS,Senate,2018-03-22,"Senate Committee on Agriculture, Natural Resources, & Energy Refer Unamended to Senate Committee of the Whole",6
HB18-1246,2018,RS,Senate,2018-03-27,Senate Second Reading Laid Over Daily - No Amendments,7
HB18-1246,2018,RS,Senate,2018-03-28,Senate Second Reading Passed - No Amendments,8
HB18-1246,2018,RS,Senate,2018-03-29,Senate Third Reading Passed - No Amendments,9
HB18-1246,2018,RS,House,2018-04-04,Signed by the Speaker of the House,10
HB18-1246,2018,RS,Senate,2018-04-04,Signed by the President of the Senate,11
HB18-1246,2018,RS,Governor,2018-04-04,Sent to the Governor,12
HB18-1246,2018,RS,Governor,2018-04-09,Governor Signed,13
HB18-1247,2018,RS,House,2018-02-20,Introduced In House - Assigned to Appropriations,1
HB18-1247,2018,RS,House,2018-04-23,House Committee on Appropriations Postpone Indefinitely,2
HB18-1248,2018,RS,House,2018-02-21,Introduced In House - Assigned to Business Affairs and Labor,1
HB18-1248,2018,RS,House,2018-03-08,House Committee on Business Affairs and Labor Refer Unamended to House Committee of the Whole,2
HB18-1248,2018,RS,House,2018-03-13,House Second Reading Laid Over to 03/14/2018 - No Amendments,3
HB18-1248,2018,RS,House,2018-03-14,House Second Reading Laid Over to 03/15/2018 - No Amendments,4
HB18-1248,2018,RS,House,2018-03-15,House Second Reading Laid Over to 03/21/2018 - No Amendments,5
HB18-1248,2018,RS,House,2018-03-21,House Second Reading Laid Over to 03/22/2018 - No Amendments,6
HB18-1248,2018,RS,House,2018-03-22,House Second Reading Laid Over to 03/23/2018 - No Amendments,7
HB18-1248,2018,RS,House,2018-03-23,House Second Reading Laid Over to 03/26/2018 - No Amendments,8
HB18-1248,2018,RS,House,2018-03-26,House Second Reading Laid Over to 03/27/2018 - No Amendments,9
HB18-1248,2018,RS,House,2018-03-27,House Second Reading Laid Over to 03/28/2018 - No Amendments,10
HB18-1248,2018,RS,House,2018-03-28,House Second Reading Laid Over to 03/29/2018 - No Amendments,11
HB18-1248,2018,RS,House,2018-03-29,House Second Reading Laid Over to 04/02/2018 - No Amendments,12
HB18-1248,2018,RS,House,2018-04-02,House Second Reading Laid Over to 05/10/2018 - No Amendments,13
HB18-1249,2018,RS,House,2018-02-21,Introduced In House - Assigned to Finance,1
HB18-1249,2018,RS,House,2018-03-05,House Committee on Finance Refer Amended to Appropriations,2
HB18-1249,2018,RS,House,2018-03-16,House Committee on Appropriations Refer Unamended to House Committee of the Whole,3
HB18-1249,2018,RS,House,2018-03-16,House Second Reading Special Order - Passed with Amendments - Committee,4
HB18-1249,2018,RS,Senate,2018-03-19,Introduced In Senate - Assigned to Appropriations,5
HB18-1249,2018,RS,House,2018-03-19,House Third Reading Passed - No Amendments,6
HB18-1249,2018,RS,Senate,2018-03-20,Senate Committee on Appropriations Refer Unamended - Consent Calendar to Senate Committee of the Whole,7
HB18-1249,2018,RS,Senate,2018-03-20,Senate Second Reading Special Order - Passed - No Amendments,8
HB18-1249,2018,RS,Senate,2018-03-21,Senate Third Reading Passed - No Amendments,9
HB18-1249,2018,RS,House,2018-03-22,Signed by the Speaker of the House,10
HB18-1249,2018,RS,Senate,2018-03-22,Signed by the President of the Senate,11
HB18-1249,2018,RS,Governor,2018-03-22,Sent to the Governor,12
HB18-1249,2018,RS,Governor,2018-03-22,Governor Signed,13
HB18-1250,2018,RS,House,2018-02-21,Introduced In House - Assigned to Business Affairs and Labor,1
HB18-1250,2018,RS,House,2018-03-15,House Committee on Business Affairs and Labor Refer Amended to House Committee of the Whole,2
HB18-1250,2018,RS,House,2018-03-20,House Second Reading Laid Over to 03/21/2018 - No Amendments,3
HB18-1250,2018,RS,House,2018-03-21,House Second Reading Laid Over to 03/22/2018 - No Amendments,4
HB18-1250,2018,RS,House,2018-03-22,House Second Reading Laid Over to 03/23/2018 - No Amendments,5
HB18-1250,2018,RS,House,2018-03-23,House Second Reading Passed with Amendments - Committee,6
HB18-1250,2018,RS,House,2018-03-26,House Third Reading Passed - No Amendments,7
HB18-1250,2018,RS,Senate,2018-03-26,"Introduced In Senate - Assigned to Business, Labor, & Technology",8
HB18-1250,2018,RS,Senate,2018-04-11,"Senate Committee on Business, Labor, & Technology Refer Unamended - Consent Calendar to Senate Committee of the Whole",9
HB18-1250,2018,RS,Senate,2018-04-16,Senate Second Reading Passed - No Amendments,10
HB18-1250,2018,RS,Senate,2018-04-17,Senate Third Reading Passed - No Amendments,11
HB18-1250,2018,RS,House,2018-04-26,Signed by the Speaker of the House,12
HB18-1250,2018,RS,Senate,2018-04-26,Signed by the President of the Senate,13
HB18-1250,2018,RS,Governor,2018-04-26,Sent to the Governor,14
HB18-1250,2018,RS,Governor,2018-05-03,Governor Signed,15
HB18-1251,2018,RS,House,2018-02-21,Introduced In House - Assigned to Judiciary,1
HB18-1251,2018,RS,House,2018-03-22,House Committee on Judiciary Lay Over Amended,2
HB18-1251,2018,RS,House,2018-03-29,House Committee on Judiciary Refer Amended to Appropriations,3
HB18-1251,2018,RS,House,2018-04-19,House Committee on Appropriations Refer Amended to House Committee of the Whole,4
HB18-1251,2018,RS,House,2018-04-19,House Second Reading Special Order - Passed with Amendments - Committee,5
HB18-1251,2018,RS,House,2018-04-20,House Third Reading Passed - No Amendments,6
HB18-1251,2018,RS,Senate,2018-04-23,"Introduced In Senate - Assigned to State, Veterans, & Military Affairs",7
HB18-1251,2018,RS,Senate,2018-05-01,"Senate Committee on State, Veterans, & Military Affairs Refer Unamended to Appropriations",8
HB18-1251,2018,RS,Senate,2018-05-02,Senate Committee on Appropriations Refer Unamended - Consent Calendar to Senate Committee of the Whole,9
HB18-1251,2018,RS,Senate,2018-05-03,Senate Second Reading Special Order - Passed - No Amendments,10
HB18-1251,2018,RS,Senate,2018-05-04,Senate Third Reading Passed - No Amendments,11
HB18-1251,2018,RS,House,2018-05-15,Signed by the Speaker of the House,12
HB18-1251,2018,RS,Senate,2018-05-16,Signed by the President of the Senate,13
HB18-1251,2018,RS,Governor,2018-05-16,Sent to the Governor,14
HB18-1251,2018,RS,Governor,2018-05-29,Governor Signed,15
HB18-1252,2018,RS,House,2018-02-21,Introduced In House - Assigned to Education,1
HB18-1252,2018,RS,House,2018-03-19,House Committee on Education Refer Amended to House Committee of the Whole,2
HB18-1252,2018,RS,House,2018-03-22,House Second Reading Laid Over to 03/23/2018 - No Amendments,3
HB18-1252,2018,RS,House,2018-03-23,House Second Reading Laid Over to 03/26/2018 - No Amendments,4
HB18-1252,2018,RS,House,2018-03-26,House Second Reading Passed with Amendments - Committee,5
HB18-1252,2018,RS,House,2018-03-27,House Third Reading Laid Over to 03/28/2018 - No Amendments,6
HB18-1252,2018,RS,House,2018-03-28,House Third Reading Laid Over to 03/29/2018 - No Amendments,7
HB18-1252,2018,RS,House,2018-03-29,House Third Reading Laid Over to 04/02/2018 - No Amendments,8
HB18-1252,2018,RS,House,2018-04-02,House Third Reading Passed - No Amendments,9
HB18-1252,2018,RS,Senate,2018-04-02,Introduced In Senate - Assigned to Education,10
HB18-1252,2018,RS,Senate,2018-04-19,Senate Committee on Education Refer Unamended to Senate Committee of the Whole,11
HB18-1252,2018,RS,Senate,2018-04-24,Senate Second Reading Passed - No Amendments,12
HB18-1252,2018,RS,Senate,2018-04-25,Senate Third Reading Passed - No Amendments,13
HB18-1252,2018,RS,House,2018-05-01,Signed by the Speaker of the House,14
HB18-1252,2018,RS,Senate,2018-05-01,Signed by the President of the Senate,15
HB18-1252,2018,RS,Governor,2018-05-01,Sent to the Governor,16
HB18-1252,2018,RS,Governor,2018-05-29,Governor Signed,17
HB18-1253,2018,RS,House,2018-02-22,Introduced In House - Assigned to Legal Services,1
HB18-1253,2018,RS,House,2018-03-01,House Committee on Legal Services Refer Amended to House Committee of the Whole,2
HB18-1253,2018,RS,House,2018-03-05,House Second Reading Passed with Amendments - Committee,3
HB18-1253,2018,RS,House,2018-03-06,House Third Reading Passed - No Amendments,4
HB18-1253,2018,RS,Senate,2018-03-12,Introduced In Senate - Assigned to Judiciary,5
HB18-1253,2018,RS,Senate,2018-03-19,Senate Committee on Judiciary Refer Unamended to Legal Services,6
HB18-1253,2018,RS,Senate,2018-04-05,Senate Committee on Legal Services Refer Amended to Senate Committee of the Whole,7
HB18-1253,2018,RS,Senate,2018-04-09,Senate Second Reading Passed with Amendments - Committee,8
HB18-1253,2018,RS,Senate,2018-04-10,Senate Third Reading Passed - No Amendments,9
HB18-1253,2018,RS,House,2018-04-10,House Considered Senate Amendments - Result was to Laid Over Daily,10
HB18-1253,2018,RS,House,2018-04-26,House Considered Senate Amendments - Result was to Concur - Repass,11
HB18-1253,2018,RS,House,2018-05-03,Signed by the Speaker of the House,12
HB18-1253,2018,RS,Senate,2018-05-04,Signed by the President of the Senate,13
HB18-1253,2018,RS,Governor,2018-05-07,Sent to the Governor,14
HB18-1253,2018,RS,Governor,2018-05-11,Governor Signed,15
HB18-1254,2018,RS,House,2018-02-22,Introduced In House - Assigned to Finance,1
HB18-1254,2018,RS,House,2018-03-12,House Committee on Finance Refer Amended to House Committee of the Whole,2
HB18-1254,2018,RS,House,2018-03-15,House Second Reading Passed with Amendments - Committee,3
HB18-1254,2018,RS,House,2018-03-16,House Third Reading Passed - No Amendments,4
HB18-1254,2018,RS,Senate,2018-03-19,Introduced In Senate - Assigned to Finance,5
HB18-1254,2018,RS,Senate,2018-03-22,Senate Committee on Finance Refer Unamended - Consent Calendar to Senate Committee of the Whole,6
HB18-1254,2018,RS,Senate,2018-03-27,Senate Second Reading Laid Over Daily - No Amendments,7
HB18-1254,2018,RS,Senate,2018-03-28,Senate Second Reading Passed with Amendments - Floor,8
HB18-1254,2018,RS,Senate,2018-03-29,Senate Third Reading Passed - No Amendments,9
HB18-1254,2018,RS,House,2018-04-03,House Considered Senate Amendments - Result was to Concur - Repass,10
HB18-1254,2018,RS,House,2018-04-16,Signed by the Speaker of the House,11
HB18-1254,2018,RS,Senate,2018-04-16,Signed by the President of the Senate,12
HB18-1254,2018,RS,Governor,2018-04-17,Sent to the Governor,13
HB18-1254,2018,RS,Governor,2018-04-23,Governor Signed,14
HB18-1255,2018,RS,House,2018-02-22,Introduced In House - Assigned to Transportation & Energy,1
HB18-1255,2018,RS,House,2018-03-21,House Committee on Transportation & Energy Refer Unamended to Finance,2
HB18-1255,2018,RS,House,2018-04-25,House Committee on Finance Refer Amended to Appropriations,3
HB18-1255,2018,RS,House,2018-04-26,House Committee on Appropriations Refer Amended to House Committee of the Whole,4
HB18-1255,2018,RS,House,2018-04-26,House Second Reading Special Order - Passed with Amendments - Committee,5
HB18-1255,2018,RS,House,2018-04-27,House Third Reading Passed - No Amendments,6
HB18-1255,2018,RS,House,2018-04-27,House Third Reading Reconsidered - No Amendments,7
HB18-1255,2018,RS,House,2018-04-27,House Third Reading Laid Over to 04/30/2018 - No Amendments,8
HB18-1255,2018,RS,House,2018-04-30,House Third Reading Passed with Amendments - Floor,9
HB18-1255,2018,RS,Senate,2018-04-30,Introduced In Senate - Assigned to Finance,10
HB18-1255,2018,RS,Senate,2018-05-02,Senate Committee on Finance Refer Unamended to Appropriations,11
HB18-1255,2018,RS,Senate,2018-05-03,Senate Committee on Appropriations Refer Unamended - Consent Calendar to Senate Committee of the Whole,12
HB18-1255,2018,RS,Senate,2018-05-03,Senate Second Reading Special Order - Passed - No Amendments,13
HB18-1255,2018,RS,Senate,2018-05-04,Senate Third Reading Passed - No Amendments,14
HB18-1255,2018,RS,House,2018-05-16,Signed by the Speaker of the House,15
HB18-1255,2018,RS,Senate,2018-05-16,Signed by the President of the Senate,16
HB18-1255,2018,RS,Governor,2018-05-16,Sent to the Governor,17
HB18-1255,2018,RS,Governor,2018-05-22,Governor Signed,18
HB18-1256,2018,RS,House,2018-02-23,Introduced In House - Assigned to Judiciary,1
HB18-1256,2018,RS,House,2018-03-13,House Committee on Judiciary Refer Unamended to Appropriations,2
HB18-1256,2018,RS,House,2018-03-16,House Committee on Appropriations Refer Amended to House Committee of the Whole,3
HB18-1256,2018,RS,House,2018-03-20,House Second Reading Passed with Amendments - Committee,4
HB18-1256,2018,RS,House,2018-03-21,House Third Reading Passed - No Amendments,5
HB18-1256,2018,RS,Senate,2018-03-26,Introduced In Senate - Assigned to Judiciary,6
HB18-1256,2018,RS,Senate,2018-04-18,Senate Committee on Judiciary Refer Amended to Appropriations,7
HB18-1256,2018,RS,Senate,2018-04-24,Senate Committee on Appropriations Refer Amended to Senate Committee of the Whole,8
HB18-1256,2018,RS,Senate,2018-04-26,Senate Second Reading Laid Over Daily - No Amendments,9
HB18-1256,2018,RS,Senate,2018-04-27,"Senate Second Reading Passed with Amendments - Committee, Floor",10
HB18-1256,2018,RS,Senate,2018-04-30,Senate Third Reading Passed with Amendments - Floor,11
HB18-1256,2018,RS,House,2018-04-30,House Considered Senate Amendments - Result was to Laid Over Daily,12
HB18-1256,2018,RS,House,2018-05-03,House Considered Senate Amendments - Result was to Not Concur - Request Conference Committee,13
HB18-1256,2018,RS,ConfComm,2018-05-09,First Conference Committee Result was to No Report,14
HB18-1256,2018,RS,ConfComm,2018-05-09,First Conference Committee Result was to Adopt Reengrossed w/ Amendments,15
HB18-1256,2018,RS,Senate,2018-05-09,Senate Consideration of First Conference Committee Report result was to Adopt Committee Report - Repass,16
HB18-1256,2018,RS,House,2018-05-09,House Consideration of First Conference Committee Report result was to Adopt Committee Report - Repass,17
HB18-1256,2018,RS,House,2018-05-22,Signed by the Speaker of the House,18
HB18-1256,2018,RS,Senate,2018-05-22,Signed by the President of the Senate,19
HB18-1256,2018,RS,Governor,2018-05-22,Sent to the Governor,20
HB18-1256,2018,RS,Governor,2018-05-22,Governor Signed,21
HB18-1257,2018,RS,House,2018-02-26,Introduced In House - Assigned to Public Health Care & Human Services,1
HB18-1257,2018,RS,House,2018-03-20,House Committee on Public Health Care & Human Services Refer Unamended to House Committee of the Whole,2
HB18-1257,2018,RS,House,2018-03-23,House Second Reading Laid Over to 03/26/2018 - No Amendments,3
HB18-1257,2018,RS,House,2018-03-26,House Second Reading Laid Over to 03/27/2018 - No Amendments,4
HB18-1257,2018,RS,House,2018-03-27,House Second Reading Laid Over to 03/28/2018 - No Amendments,5
HB18-1257,2018,RS,House,2018-03-28,House Second Reading Laid Over to 03/29/2018 - No Amendments,6
HB18-1257,2018,RS,House,2018-03-29,House Second Reading Laid Over to 04/02/2018 - No Amendments,7
HB18-1257,2018,RS,House,2018-04-02,House Second Reading Passed - No Amendments,8
HB18-1257,2018,RS,House,2018-04-03,House Third Reading Passed - No Amendments,9
HB18-1257,2018,RS,Senate,2018-04-03,Introduced In Senate - Assigned to Judiciary,10
HB18-1257,2018,RS,Senate,2018-04-09,Senate Committee on Judiciary Refer Unamended - Consent Calendar to Senate Committee of the Whole,11
HB18-1257,2018,RS,Senate,2018-04-11,Senate Second Reading Special Order - Passed - No Amendments,12
HB18-1257,2018,RS,Senate,2018-04-12,Senate Third Reading Passed - No Amendments,13
HB18-1257,2018,RS,House,2018-04-26,Signed by the Speaker of the House,14
HB18-1257,2018,RS,Senate,2018-04-26,Signed by the President of the Senate,15
HB18-1257,2018,RS,Governor,2018-04-26,Sent to the Governor,16
HB18-1257,2018,RS,Governor,2018-05-03,Governor Signed,17
HB18-1258,2018,RS,House,2018-02-26,Introduced In House - Assigned to Finance,1
HB18-1258,2018,RS,House,2018-03-19,House Committee on Finance Refer Amended to Appropriations,2
HB18-1258,2018,RS,House,2018-04-06,House Committee on Appropriations Refer Amended to House Committee of the Whole,3
HB18-1258,2018,RS,House,2018-04-06,House Second Reading Special Order - Laid Over to 04/09/2018 - No Amendments,4
HB18-1258,2018,RS,House,2018-04-09,House Second Reading Laid Over to 04/10/2018 - No Amendments,5
HB18-1258,2018,RS,House,2018-04-10,"House Second Reading Passed with Amendments - Committee, Floor",6
HB18-1258,2018,RS,House,2018-04-11,House Third Reading Passed with Amendments - Floor,7
HB18-1258,2018,RS,Senate,2018-04-11,Introduced In Senate - Assigned to Finance,8
HB18-1258,2018,RS,Senate,2018-04-17,Senate Committee on Finance Refer Amended to Appropriations,9
HB18-1258,2018,RS,Senate,2018-04-24,Senate Committee on Appropriations Refer Amended to Senate Committee of the Whole,10
HB18-1258,2018,RS,Senate,2018-04-26,"Senate Second Reading Passed with Amendments - Committee, Floor",11
HB18-1258,2018,RS,Senate,2018-04-27,Senate Third Reading Passed - No Amendments,12
HB18-1258,2018,RS,House,2018-04-27,House Considered Senate Amendments - Result was to Laid Over Daily,13
HB18-1258,2018,RS,House,2018-05-03,House Considered Senate Amendments - Result was to Concur - Repass,14
HB18-1258,2018,RS,House,2018-05-11,Signed by the Speaker of the House,15
HB18-1258,2018,RS,Governor,2018-05-14,Sent to the Governor,16
HB18-1258,2018,RS,Senate,2018-05-14,Signed by the President of the Senate,17
HB18-1258,2018,RS,Governor,2018-06-04,Governor Vetoed,18
HB18-1259,2018,RS,House,2018-02-26,Introduced In House - Assigned to Finance,1
HB18-1259,2018,RS,House,2018-03-12,House Committee on Finance Refer Amended to House Committee of the Whole,2
HB18-1259,2018,RS,House,2018-03-15,House Second Reading Laid Over to 03/16/2018 - No Amendments,3
HB18-1259,2018,RS,House,2018-03-16,"House Second Reading Special Order - Passed with Amendments - Committee, Floor",4
HB18-1259,2018,RS,House,2018-03-19,House Third Reading Passed - No Amendments,5
HB18-1259,2018,RS,Senate,2018-03-26,"Introduced In Senate - Assigned to Business, Labor, & Technology",6
HB18-1259,2018,RS,Senate,2018-04-02,"Senate Committee on Business, Labor, & Technology Refer Amended to Senate Committee of the Whole",7
HB18-1259,2018,RS,Senate,2018-04-05,Senate Second Reading Passed with Amendments - Committee,8
HB18-1259,2018,RS,Senate,2018-04-06,Senate Third Reading Passed - No Amendments,9
HB18-1259,2018,RS,House,2018-04-06,House Considered Senate Amendments - Result was to Laid Over to 04/09/2018,10
HB18-1259,2018,RS,House,2018-04-09,House Considered Senate Amendments - Result was to Concur - Repass,11
HB18-1259,2018,RS,House,2018-04-26,Signed by the Speaker of the House,12
HB18-1259,2018,RS,Senate,2018-04-26,Signed by the President of the Senate,13
HB18-1259,2018,RS,Governor,2018-04-26,Sent to the Governor,14
HB18-1259,2018,RS,Governor,2018-04-30,Governor Signed,15
HB18-1260,2018,RS,House,2018-02-26,"Introduced In House - Assigned to Health, Insurance, & Environment",1
HB18-1260,2018,RS,House,2018-03-08,"House Committee on Health, Insurance, & Environment Refer Amended to Appropriations",2
HB18-1260,2018,RS,House,2018-03-27,House Committee on Appropriations Refer Unamended to House Committee of the Whole,3
HB18-1260,2018,RS,House,2018-03-29,House Second Reading Laid Over to 04/02/2018 - No Amendments,4
HB18-1260,2018,RS,House,2018-04-02,House Second Reading Laid Over to 04/03/2018 - No Amendments,5
HB18-1260,2018,RS,House,2018-04-03,House Second Reading Laid Over to 04/04/2018 - No Amendments,6
HB18-1260,2018,RS,House,2018-04-04,House Second Reading Laid Over to 04/09/2018 - No Amendments,7
HB18-1260,2018,RS,House,2018-04-09,House Second Reading Laid Over to 04/10/2018 - No Amendments,8
HB18-1260,2018,RS,House,2018-04-10,House Second Reading Laid Over to 04/11/2018 - No Amendments,9
HB18-1260,2018,RS,House,2018-04-11,House Second Reading Laid Over Daily - No Amendments,10
HB18-1260,2018,RS,House,2018-04-12,House Second Reading Special Order - Passed with Amendments - Committee,11
HB18-1260,2018,RS,House,2018-04-13,House Third Reading Laid Over Daily - No Amendments,12
HB18-1260,2018,RS,House,2018-04-16,House Third Reading Laid Over to 04/17/2018 - No Amendments,13
HB18-1260,2018,RS,House,2018-04-17,House Third Reading Passed - No Amendments,14
HB18-1260,2018,RS,Senate,2018-04-17,"Introduced In Senate - Assigned to State, Veterans, & Military Affairs",15
HB18-1260,2018,RS,Senate,2018-04-30,"Senate Committee on State, Veterans, & Military Affairs Postpone Indefinitely",16
HB18-1261,2018,RS,House,2018-02-26,Introduced In House - Assigned to Judiciary,1
HB18-1261,2018,RS,House,2018-03-15,House Committee on Judiciary Refer Amended to House Committee of the Whole,2
HB18-1261,2018,RS,House,2018-03-19,House Second Reading Laid Over to 03/21/2018 - No Amendments,3
HB18-1261,2018,RS,House,2018-03-21,House Second Reading Laid Over to 03/22/2018 - No Amendments,4
HB18-1261,2018,RS,House,2018-03-22,House Second Reading Laid Over to 03/23/2018 - No Amendments,5
HB18-1261,2018,RS,House,2018-03-23,"House Second Reading Passed with Amendments - Committee, Floor",6
HB18-1261,2018,RS,House,2018-03-26,House Third Reading Passed - No Amendments,7
HB18-1261,2018,RS,Senate,2018-03-26,"Introduced In Senate - Assigned to State, Veterans, & Military Affairs + Judiciary + Finance",8
HB18-1261,2018,RS,Senate,2018-04-18,"Senate Committee on State, Veterans, & Military Affairs Postpone Indefinitely",9
HB18-1262,2018,RS,House,2018-02-26,Introduced In House - Assigned to Judiciary,1
HB18-1262,2018,RS,House,2018-03-15,House Committee on Judiciary Refer Amended to House Committee of the Whole,2
HB18-1262,2018,RS,House,2018-03-20,House Second Reading Laid Over to 03/21/2018 - No Amendments,3
HB18-1262,2018,RS,House,2018-03-21,House Second Reading Laid Over to 03/22/2018 - No Amendments,4
HB18-1262,2018,RS,House,2018-03-22,"House Second Reading Passed with Amendments - Committee, Floor",5
HB18-1262,2018,RS,House,2018-03-23,House Third Reading Passed - No Amendments,6
HB18-1262,2018,RS,Senate,2018-03-26,"Introduced In Senate - Assigned to State, Veterans, & Military Affairs + Judiciary + Finance",7
HB18-1262,2018,RS,Senate,2018-04-18,"Senate Committee on State, Veterans, & Military Affairs Postpone Indefinitely",8
HB18-1263,2018,RS,House,2018-03-01,"Introduced In House - Assigned to Health, Insurance, & Environment",1
HB18-1263,2018,RS,House,2018-04-05,"House Committee on Health, Insurance, & Environment Refer Amended to House Committee of the Whole",2
HB18-1263,2018,RS,House,2018-04-10,House Second Reading Laid Over to 04/11/2018 - No Amendments,3
HB18-1263,2018,RS,House,2018-04-11,House Second Reading Passed with Amendments - Committee,4
HB18-1263,2018,RS,House,2018-04-12,House Third Reading Passed - No Amendments,5
HB18-1263,2018,RS,Senate,2018-04-12,Introduced In Senate - Assigned to Health & Human Services,6
HB18-1263,2018,RS,Senate,2018-04-25,Senate Committee on Health & Human Services Refer Amended to Senate Committee of the Whole,7
HB18-1263,2018,RS,Senate,2018-04-30,Senate Second Reading Passed with Amendments - Committee,8
HB18-1263,2018,RS,Senate,2018-05-01,Senate Third Reading Passed - No Amendments,9
HB18-1263,2018,RS,House,2018-05-01,House Considered Senate Amendments - Result was to Laid Over Daily,10
HB18-1263,2018,RS,House,2018-05-04,House Considered Senate Amendments - Result was to Concur - Repass,11
HB18-1263,2018,RS,House,2018-05-18,Signed by the Speaker of the House,12
HB18-1263,2018,RS,Senate,2018-05-18,Signed by the President of the Senate,13
HB18-1263,2018,RS,Governor,2018-05-18,Sent to the Governor,14
HB18-1263,2018,RS,Governor,2018-06-05,Governor Vetoed,15
HB18-1264,2018,RS,House,2018-03-01,Introduced In House - Assigned to Judiciary,1
HB18-1264,2018,RS,House,2018-03-20,House Committee on Judiciary Refer Unamended to House Committee of the Whole,2
HB18-1264,2018,RS,House,2018-03-23,House Second Reading Laid Over to 03/26/2018 - No Amendments,3
HB18-1264,2018,RS,House,2018-03-26,House Second Reading Laid Over to 03/27/2018 - No Amendments,4
HB18-1264,2018,RS,House,2018-03-27,House Second Reading Laid Over to 03/28/2018 - No Amendments,5
HB18-1264,2018,RS,House,2018-03-28,House Second Reading Laid Over to 03/29/2018 - No Amendments,6
HB18-1264,2018,RS,House,2018-03-29,House Second Reading Laid Over to 04/02/2018 - No Amendments,7
HB18-1264,2018,RS,House,2018-04-02,House Second Reading Passed - No Amendments,8
HB18-1264,2018,RS,House,2018-04-03,House Third Reading Passed - No Amendments,9
HB18-1264,2018,RS,Senate,2018-04-03,Introduced In Senate - Assigned to Judiciary,10
HB18-1264,2018,RS,Senate,2018-04-09,Senate Committee on Judiciary Refer Unamended - Consent Calendar to Senate Committee of the Whole,11
HB18-1264,2018,RS,Senate,2018-04-11,Senate Second Reading Special Order - Passed - No Amendments,12
HB18-1264,2018,RS,Senate,2018-04-12,Senate Third Reading Passed - No Amendments,13
HB18-1264,2018,RS,House,2018-04-26,Signed by the Speaker of the House,14
HB18-1264,2018,RS,Senate,2018-04-26,Signed by the President of the Senate,15
HB18-1264,2018,RS,Governor,2018-04-26,Sent to the Governor,16
HB18-1264,2018,RS,Governor,2018-05-03,Governor Signed,17
HB18-1265,2018,RS,House,2018-03-05,"Introduced In House - Assigned to Health, Insurance, & Environment",1
HB18-1265,2018,RS,House,2018-03-22,"House Committee on Health, Insurance, & Environment Refer Unamended to House Committee of the Whole",2
HB18-1265,2018,RS,House,2018-03-27,House Second Reading Laid Over to 03/28/2018 - No Amendments,3
HB18-1265,2018,RS,House,2018-03-28,House Second Reading Laid Over to 03/29/2018 - No Amendments,4
HB18-1265,2018,RS,House,2018-03-29,House Second Reading Laid Over to 04/02/2018 - No Amendments,5
HB18-1265,2018,RS,House,2018-04-02,House Second Reading Passed with Amendments - Floor,6
HB18-1265,2018,RS,House,2018-04-03,House Third Reading Passed - No Amendments,7
HB18-1265,2018,RS,Senate,2018-04-03,Introduced In Senate - Assigned to Health & Human Services,8
HB18-1265,2018,RS,Senate,2018-04-12,Senate Committee on Health & Human Services Refer Unamended - Consent Calendar to Senate Committee of the Whole,9
HB18-1265,2018,RS,Senate,2018-04-18,Senate Second Reading Passed - No Amendments,10
HB18-1265,2018,RS,Senate,2018-04-19,Senate Third Reading Passed - No Amendments,11
HB18-1265,2018,RS,House,2018-04-26,Signed by the Speaker of the House,12
HB18-1265,2018,RS,Senate,2018-04-26,Signed by the President of the Senate,13
HB18-1265,2018,RS,Governor,2018-04-26,Sent to the Governor,14
HB18-1265,2018,RS,Governor,2018-05-04,Governor Signed,15
HB18-1266,2018,RS,House,2018-03-05,Introduced In House - Assigned to Education,1
HB18-1266,2018,RS,House,2018-03-19,House Committee on Education Refer Unamended to Appropriations,2
HB18-1266,2018,RS,House,2018-04-19,House Committee on Appropriations Refer Unamended to House Committee of the Whole,3
HB18-1266,2018,RS,House,2018-04-19,House Second Reading Special Order - Passed - No Amendments,4
HB18-1266,2018,RS,House,2018-04-20,House Third Reading Passed - No Amendments,5
HB18-1266,2018,RS,Senate,2018-04-23,Introduced In Senate - Assigned to Education,6
HB18-1266,2018,RS,Senate,2018-04-26,Senate Committee on Education Refer Unamended to Appropriations,7
HB18-1266,2018,RS,Senate,2018-04-27,Senate Committee on Appropriations Refer Unamended to Senate Committee of the Whole,8
HB18-1266,2018,RS,Senate,2018-05-01,Senate Second Reading Passed - No Amendments,9
HB18-1266,2018,RS,Senate,2018-05-02,Senate Third Reading Passed - No Amendments,10
HB18-1266,2018,RS,House,2018-05-11,Signed by the Speaker of the House,11
HB18-1266,2018,RS,Governor,2018-05-14,Sent to the Governor,12
HB18-1266,2018,RS,Senate,2018-05-14,Signed by the President of the Senate,13
HB18-1266,2018,RS,Governor,2018-06-05,Governor Signed,14
HB18-1267,2018,RS,House,2018-03-05,Introduced In House - Assigned to Finance,1
HB18-1267,2018,RS,House,2018-03-26,House Committee on Finance Refer Unamended to Appropriations,2
HB18-1267,2018,RS,House,2018-04-30,House Committee on Appropriations Refer Amended to House Committee of the Whole,3
HB18-1267,2018,RS,House,2018-04-30,"House Second Reading Special Order - Passed with Amendments - Committee, Floor",4
HB18-1267,2018,RS,House,2018-05-01,House Third Reading Passed - No Amendments,5
HB18-1267,2018,RS,Senate,2018-05-01,Introduced In Senate - Assigned to Finance,6
HB18-1267,2018,RS,Senate,2018-05-02,Senate Committee on Finance Refer Unamended to Appropriations,7
HB18-1267,2018,RS,Senate,2018-05-04,Senate Committee on Appropriations Refer Unamended to Senate Committee of the Whole,8
HB18-1267,2018,RS,Senate,2018-05-08,Senate Second Reading Laid Over Daily - No Amendments,9
HB18-1267,2018,RS,Senate,2018-05-08,Senate Second Reading Special Order - Passed - No Amendments,10
HB18-1267,2018,RS,Senate,2018-05-09,Senate Third Reading Passed - No Amendments,11
HB18-1267,2018,RS,House,2018-05-22,Signed by the Speaker of the House,12
HB18-1267,2018,RS,Senate,2018-05-22,Signed by the President of the Senate,13
HB18-1267,2018,RS,Governor,2018-05-22,Sent to the Governor,14
HB18-1267,2018,RS,Governor,2018-05-30,Governor Signed,15
HB18-1268,2018,RS,House,2018-03-06,"Introduced In House - Assigned to State, Veterans, & Military Affairs",1
HB18-1268,2018,RS,House,2018-03-21,"House Committee on State, Veterans, & Military Affairs Refer Amended to House Committee of the Whole",2
HB18-1268,2018,RS,House,2018-03-26,House Second Reading Laid Over to 03/27/2018 - No Amendments,3
HB18-1268,2018,RS,House,2018-03-27,House Second Reading Laid Over to 03/28/2018 - No Amendments,4
HB18-1268,2018,RS,House,2018-03-28,House Second Reading Laid Over to 03/29/2018 - No Amendments,5
HB18-1268,2018,RS,House,2018-03-29,House Second Reading Laid Over to 04/02/2018 - No Amendments,6
HB18-1268,2018,RS,House,2018-04-02,"House Second Reading Passed with Amendments - Committee, Floor",7
HB18-1268,2018,RS,House,2018-04-03,House Third Reading Passed - No Amendments,8
HB18-1268,2018,RS,Senate,2018-04-03,"Introduced In Senate - Assigned to State, Veterans, & Military Affairs",9
HB18-1268,2018,RS,Senate,2018-04-09,"Senate Committee on State, Veterans, & Military Affairs Refer Unamended - Consent Calendar to Senate Committee of the Whole",10
HB18-1268,2018,RS,Senate,2018-04-11,Senate Second Reading Special Order - Passed - No Amendments,11
HB18-1268,2018,RS,Senate,2018-04-12,Senate Third Reading Passed - No Amendments,12
HB18-1268,2018,RS,House,2018-04-26,Signed by the Speaker of the House,13
HB18-1268,2018,RS,Senate,2018-04-26,Signed by the President of the Senate,14
HB18-1268,2018,RS,Governor,2018-04-26,Sent to the Governor,15
HB18-1268,2018,RS,Governor,2018-05-04,Governor Signed,16
HB18-1269,2018,RS,House,2018-03-06,Introduced In House - Assigned to Judiciary,1
HB18-1269,2018,RS,House,2018-03-29,House Committee on Judiciary Witness Testimony and/or Committee Discussion Only,2
HB18-1269,2018,RS,House,2018-04-17,House Committee on Judiciary Refer Amended to House Committee of the Whole,3
HB18-1269,2018,RS,House,2018-04-19,House Second Reading Special Order - Passed with Amendments - Committee,4
HB18-1269,2018,RS,House,2018-04-20,House Third Reading Passed - No Amendments,5
HB18-1269,2018,RS,Senate,2018-04-23,Introduced In Senate - Assigned to Judiciary,6
HB18-1269,2018,RS,Senate,2018-04-25,Senate Committee on Judiciary Refer Unamended - Consent Calendar to Senate Committee of the Whole,7
HB18-1269,2018,RS,Senate,2018-04-30,Senate Second Reading Passed - No Amendments,8
HB18-1269,2018,RS,Senate,2018-05-01,Senate Third Reading Passed - No Amendments,9
HB18-1269,2018,RS,House,2018-05-11,Signed by the Speaker of the House,10
HB18-1269,2018,RS,Governor,2018-05-14,Sent to the Governor,11
HB18-1269,2018,RS,Senate,2018-05-14,Signed by the President of the Senate,12
HB18-1269,2018,RS,Governor,2018-05-29,Governor Signed,13
HB18-1270,2018,RS,House,2018-03-06,Introduced In House - Assigned to Transportation & Energy,1
HB18-1270,2018,RS,House,2018-03-22,House Committee on Transportation & Energy Refer Unamended to House Committee of the Whole,2
HB18-1270,2018,RS,House,2018-03-27,House Second Reading Laid Over to 03/28/2018 - No Amendments,3
HB18-1270,2018,RS,House,2018-03-28,House Second Reading Laid Over to 03/29/2018 - No Amendments,4
HB18-1270,2018,RS,House,2018-03-29,House Second Reading Laid Over to 04/03/2018 - No Amendments,5
HB18-1270,2018,RS,House,2018-04-03,House Second Reading Laid Over to 04/04/2018 - No Amendments,6
HB18-1270,2018,RS,House,2018-04-04,House Second Reading Passed with Amendments - Floor,7
HB18-1270,2018,RS,House,2018-04-05,House Third Reading Passed - No Amendments,8
HB18-1270,2018,RS,Senate,2018-04-05,"Introduced In Senate - Assigned to Agriculture, Natural Resources, & Energy",9
HB18-1270,2018,RS,Senate,2018-04-12,"Senate Committee on Agriculture, Natural Resources, & Energy Refer Amended to Senate Committee of the Whole",10
HB18-1270,2018,RS,Senate,2018-04-17,Senate Second Reading Laid Over to 04/19/2018 - No Amendments,11
HB18-1270,2018,RS,Senate,2018-04-19,"Senate Second Reading Passed with Amendments - Committee, Floor",12
HB18-1270,2018,RS,Senate,2018-04-20,Senate Third Reading Laid Over Daily - No Amendments,13
HB18-1270,2018,RS,Senate,2018-04-23,Senate Third Reading Passed - No Amendments,14
HB18-1270,2018,RS,House,2018-04-23,House Considered Senate Amendments - Result was to Laid Over Daily,15
HB18-1270,2018,RS,House,2018-04-26,House Considered Senate Amendments - Result was to Not Concur - Request Conference Committee,16
HB18-1270,2018,RS,ConfComm,2018-05-03,First Conference Committee Result was to Adopt Rerevised w/ Amendments,17
HB18-1270,2018,RS,Senate,2018-05-07,Senate Consideration of First Conference Committee Report result was to Adopt Committee Report - Repass,18
HB18-1270,2018,RS,House,2018-05-08,House Consideration of First Conference Committee Report result was to Adopt Committee Report - Repass,19
HB18-1270,2018,RS,House,2018-05-22,Signed by the Speaker of the House,20
HB18-1270,2018,RS,Senate,2018-05-22,Signed by the President of the Senate,21
HB18-1270,2018,RS,Governor,2018-05-22,Sent to the Governor,22
HB18-1270,2018,RS,Governor,2018-06-01,Governor Signed,23
HB18-1271,2018,RS,House,2018-03-06,Introduced In House - Assigned to Transportation & Energy,1
HB18-1271,2018,RS,House,2018-04-05,House Committee on Transportation & Energy Refer Amended to House Committee of the Whole,2
HB18-1271,2018,RS,House,2018-04-10,House Second Reading Passed with Amendments - Committee,3
HB18-1271,2018,RS,House,2018-04-11,House Third Reading Passed - No Amendments,4
HB18-1271,2018,RS,Senate,2018-04-11,"Introduced In Senate - Assigned to Business, Labor, & Technology",5
HB18-1271,2018,RS,Senate,2018-04-30,"Senate Committee on Business, Labor, & Technology Refer Unamended to Senate Committee of the Whole",6
HB18-1271,2018,RS,Senate,2018-05-02,Senate Second Reading Passed - No Amendments,7
HB18-1271,2018,RS,Senate,2018-05-03,Senate Third Reading Passed - No Amendments,8
HB18-1271,2018,RS,Senate,2018-05-03,Senate Third Reading Reconsidered - No Amendments,9
HB18-1271,2018,RS,House,2018-05-11,Signed by the Speaker of the House,10
HB18-1271,2018,RS,Governor,2018-05-14,Sent to the Governor,11
HB18-1271,2018,RS,Senate,2018-05-14,Signed by the President of the Senate,12
HB18-1271,2018,RS,Governor,2018-06-01,Governor Signed,13
HB18-1272,2018,RS,House,2018-03-06,Introduced In House - Assigned to Transportation & Energy,1
HB18-1272,2018,RS,House,2018-04-05,House Committee on Transportation & Energy Refer Amended to House Committee of the Whole,2
HB18-1272,2018,RS,House,2018-04-10,House Second Reading Laid Over to 04/11/2018 - No Amendments,3
HB18-1272,2018,RS,House,2018-04-11,House Second Reading Laid Over to 04/12/2018 - No Amendments,4
HB18-1272,2018,RS,House,2018-04-12,House Second Reading Special Order - Laid Over to 04/13/2018 - No Amendments,5
HB18-1272,2018,RS,House,2018-04-13,House Second Reading Special Order - Laid Over to 04/16/2018 - No Amendments,6
HB18-1272,2018,RS,House,2018-04-16,House Second Reading Passed with Amendments - Committee,7
HB18-1272,2018,RS,House,2018-04-17,House Third Reading Passed - No Amendments,8
HB18-1272,2018,RS,Senate,2018-04-17,"Introduced In Senate - Assigned to State, Veterans, & Military Affairs",9
HB18-1272,2018,RS,Senate,2018-04-25,"Senate Committee on State, Veterans, & Military Affairs Postpone Indefinitely",10
HB18-1273,2018,RS,House,2018-03-06,Introduced In House - Assigned to Judiciary,1
HB18-1273,2018,RS,House,2018-04-10,House Committee on Judiciary Refer Amended to House Committee of the Whole,2
HB18-1273,2018,RS,House,2018-04-13,House Second Reading Special Order - Laid Over Daily - No Amendments,3
HB18-1273,2018,RS,House,2018-04-16,House Second Reading Passed with Amendments - Committee,4
HB18-1273,2018,RS,House,2018-04-17,House Third Reading Laid Over to 04/18/2018 - No Amendments,5
HB18-1273,2018,RS,House,2018-04-18,House Third Reading Passed with Amendments - Floor,6
HB18-1273,2018,RS,Senate,2018-04-18,"Introduced In Senate - Assigned to State, Veterans, & Military Affairs",7
HB18-1273,2018,RS,Senate,2018-04-30,"Senate Committee on State, Veterans, & Military Affairs Postpone Indefinitely",8
HB18-1274,2018,RS,House,2018-03-07,Introduced In House - Assigned to Transportation & Energy,1
HB18-1274,2018,RS,House,2018-03-21,House Committee on Transportation & Energy Refer Unamended to House Committee of the Whole,2
HB18-1274,2018,RS,House,2018-03-26,House Second Reading Laid Over to 03/27/2018 - No Amendments,3
HB18-1274,2018,RS,House,2018-03-27,House Second Reading Laid Over to 03/28/2018 - No Amendments,4
HB18-1274,2018,RS,House,2018-03-28,House Second Reading Laid Over to 03/29/2018 - No Amendments,5
HB18-1274,2018,RS,House,2018-03-29,House Second Reading Laid Over to 04/02/2018 - No Amendments,6
HB18-1274,2018,RS,House,2018-04-02,House Second Reading Passed - No Amendments,7
HB18-1274,2018,RS,House,2018-04-03,House Third Reading Passed - No Amendments,8
HB18-1274,2018,RS,Senate,2018-04-03,"Introduced In Senate - Assigned to State, Veterans, & Military Affairs + Agriculture, Natural Resources, & Energy + Transportation",9
HB18-1274,2018,RS,Senate,2018-04-11,"Senate Committee on State, Veterans, & Military Affairs Postpone Indefinitely",10
HB18-1275,2018,RS,House,2018-03-07,Introduced In House - Assigned to Transportation & Energy,1
HB18-1275,2018,RS,House,2018-03-15,House Committee on Transportation & Energy Refer Unamended to House Committee of the Whole,2
HB18-1275,2018,RS,House,2018-03-20,House Second Reading Laid Over to 03/21/2018 - No Amendments,3
HB18-1275,2018,RS,House,2018-03-21,House Second Reading Laid Over to 03/22/2018 - No Amendments,4
HB18-1275,2018,RS,House,2018-03-22,House Second Reading Laid Over to 03/23/2018 - No Amendments,5
HB18-1275,2018,RS,House,2018-03-23,House Second Reading Passed - No Amendments,6
HB18-1275,2018,RS,House,2018-03-26,House Third Reading Passed - No Amendments,7
HB18-1275,2018,RS,Senate,2018-03-26,Introduced In Senate - Assigned to Transportation,8
HB18-1275,2018,RS,Senate,2018-04-10,Senate Committee on Transportation Refer Unamended - Consent Calendar to Senate Committee of the Whole,9
HB18-1275,2018,RS,Senate,2018-04-11,Senate Second Reading Special Order - Passed - No Amendments,10
HB18-1275,2018,RS,Senate,2018-04-12,Senate Third Reading Passed - No Amendments,11
HB18-1275,2018,RS,House,2018-04-18,Signed by the Speaker of the House,12
HB18-1275,2018,RS,Senate,2018-04-19,Signed by the President of the Senate,13
HB18-1275,2018,RS,Governor,2018-04-19,Sent to the Governor,14
HB18-1275,2018,RS,Governor,2018-04-26,Governor Signed,15
HB18-1276,2018,RS,House,2018-03-07,Introduced In House - Assigned to Education,1
HB18-1276,2018,RS,House,2018-03-19,House Committee on Education Refer Amended to Appropriations,2
HB18-1276,2018,RS,House,2018-04-23,House Committee on Appropriations Refer Amended to House Committee of the Whole,3
HB18-1276,2018,RS,House,2018-04-24,"House Second Reading Special Order - Passed with Amendments - Committee, Floor",4
HB18-1276,2018,RS,House,2018-04-25,House Third Reading Laid Over to 04/26/2018 - No Amendments,5
HB18-1276,2018,RS,House,2018-04-26,House Third Reading Passed with Amendments - Floor,6
HB18-1276,2018,RS,Senate,2018-04-26,"Introduced In Senate - Assigned to State, Veterans, & Military Affairs",7
HB18-1276,2018,RS,Senate,2018-05-03,"Senate Committee on State, Veterans, & Military Affairs Postpone Indefinitely",8
HB18-1277,2018,RS,House,2018-03-07,Introduced In House - Assigned to Education,1
HB18-1277,2018,RS,House,2018-03-26,House Committee on Education Refer Unamended to House Committee of the Whole,2
HB18-1277,2018,RS,House,2018-03-29,House Second Reading Laid Over to 04/02/2018 - No Amendments,3
HB18-1277,2018,RS,House,2018-04-02,House Second Reading Passed - No Amendments,4
HB18-1277,2018,RS,House,2018-04-03,House Third Reading Passed - No Amendments,5
HB18-1277,2018,RS,Senate,2018-04-03,Introduced In Senate - Assigned to Education,6
HB18-1277,2018,RS,Senate,2018-04-18,Senate Committee on Education Refer Unamended - Consent Calendar to Senate Committee of the Whole,7
HB18-1277,2018,RS,Senate,2018-04-23,Senate Second Reading Passed - No Amendments,8
HB18-1277,2018,RS,Senate,2018-04-24,Senate Third Reading Passed - No Amendments,9
HB18-1277,2018,RS,House,2018-05-02,Signed by the Speaker of the House,10
HB18-1277,2018,RS,Senate,2018-05-04,Signed by the President of the Senate,11
HB18-1277,2018,RS,Governor,2018-05-04,Sent to the Governor,12
HB18-1277,2018,RS,Governor,2018-05-29,Governor Signed,13
HB18-1278,2018,RS,House,2018-03-07,Introduced In House - Assigned to Business Affairs and Labor,1
HB18-1278,2018,RS,House,2018-03-20,House Committee on Business Affairs and Labor Refer Amended to House Committee of the Whole,2
HB18-1278,2018,RS,House,2018-03-23,House Second Reading Laid Over to 03/26/2018 - No Amendments,3
HB18-1278,2018,RS,House,2018-03-26,House Second Reading Passed with Amendments - Committee,4
HB18-1278,2018,RS,House,2018-03-27,House Third Reading Laid Over to 03/28/2018 - No Amendments,5
HB18-1278,2018,RS,House,2018-03-28,House Third Reading Laid Over to 03/29/2018 - No Amendments,6
HB18-1278,2018,RS,House,2018-03-29,House Third Reading Laid Over to 04/02/2018 - No Amendments,7
HB18-1278,2018,RS,House,2018-04-02,House Third Reading Passed with Amendments - Floor,8
HB18-1278,2018,RS,Senate,2018-04-02,"Introduced In Senate - Assigned to State, Veterans, & Military Affairs",9
HB18-1278,2018,RS,Senate,2018-04-16,"Senate Committee on State, Veterans, & Military Affairs Postpone Indefinitely",10
HB18-1279,2018,RS,House,2018-03-07,"Introduced In House - Assigned to Health, Insurance, & Environment",1
HB18-1279,2018,RS,House,2018-03-29,"House Committee on Health, Insurance, & Environment Refer Amended to House Committee of the Whole",2
HB18-1279,2018,RS,House,2018-04-04,House Second Reading Laid Over to 04/09/2018 - No Amendments,3
HB18-1279,2018,RS,House,2018-04-09,House Second Reading Laid Over to 04/10/2018 - No Amendments,4
HB18-1279,2018,RS,House,2018-04-10,House Second Reading Laid Over to 04/11/2018 - No Amendments,5
HB18-1279,2018,RS,House,2018-04-11,House Second Reading Laid Over Daily - No Amendments,6
HB18-1279,2018,RS,House,2018-04-12,House Second Reading Special Order - Laid Over Daily - No Amendments,7
HB18-1279,2018,RS,House,2018-04-13,"House Second Reading Special Order - Passed with Amendments - Committee, Floor",8
HB18-1279,2018,RS,House,2018-04-16,House Third Reading Laid Over to 04/17/2018 - No Amendments,9
HB18-1279,2018,RS,House,2018-04-17,House Third Reading Passed - No Amendments,10
HB18-1279,2018,RS,Senate,2018-04-17,"Introduced In Senate - Assigned to State, Veterans, & Military Affairs",11
HB18-1279,2018,RS,Senate,2018-04-25,"Senate Committee on State, Veterans, & Military Affairs Postpone Indefinitely",12
HB18-1280,2018,RS,House,2018-03-07,Introduced In House - Assigned to Finance,1
HB18-1280,2018,RS,House,2018-03-26,House Committee on Finance Refer Unamended to Appropriations,2
HB18-1280,2018,RS,House,2018-04-06,House Committee on Appropriations Refer Amended to House Committee of the Whole,3
HB18-1280,2018,RS,House,2018-04-06,House Second Reading Special Order - Laid Over to 04/09/2018 - No Amendments,4
HB18-1280,2018,RS,House,2018-04-09,House Second Reading Laid Over to 04/10/2018 - No Amendments,5
HB18-1280,2018,RS,House,2018-04-10,House Second Reading Passed with Amendments - Committee,6
HB18-1280,2018,RS,House,2018-04-11,House Third Reading Passed - No Amendments,7
HB18-1280,2018,RS,Senate,2018-04-11,Introduced In Senate - Assigned to Finance,8
HB18-1280,2018,RS,Senate,2018-04-17,Senate Committee on Finance Refer Unamended to Appropriations,9
HB18-1280,2018,RS,Senate,2018-04-24,Senate Committee on Appropriations Refer Unamended - Consent Calendar to Senate Committee of the Whole,10
HB18-1280,2018,RS,Senate,2018-04-25,Senate Second Reading Special Order - Passed - No Amendments,11
HB18-1280,2018,RS,Senate,2018-04-26,Senate Third Reading Passed - No Amendments,12
HB18-1280,2018,RS,House,2018-05-02,Signed by the Speaker of the House,13
HB18-1280,2018,RS,Senate,2018-05-04,Signed by the President of the Senate,14
HB18-1280,2018,RS,Governor,2018-05-04,Sent to the Governor,15
HB18-1280,2018,RS,Governor,2018-05-15,Governor Signed,16
HB18-1281,2018,RS,House,2018-03-07,Introduced In House - Assigned to Transportation & Energy,1
HB18-1281,2018,RS,House,2018-04-04,House Committee on Transportation & Energy Refer Unamended to Finance,2
HB18-1281,2018,RS,House,2018-04-11,House Committee on Finance Refer Amended to House Committee of the Whole,3
HB18-1281,2018,RS,House,2018-04-16,House Second Reading Laid Over to 04/17/2018 - No Amendments,4
HB18-1281,2018,RS,House,2018-04-17,"House Second Reading Passed with Amendments - Committee, Floor",5
HB18-1281,2018,RS,House,2018-04-18,House Third Reading Laid Over to 04/19/2018 - No Amendments,6
HB18-1281,2018,RS,House,2018-04-19,House Third Reading Passed - No Amendments,7
HB18-1281,2018,RS,Senate,2018-04-19,"Introduced In Senate - Assigned to State, Veterans, & Military Affairs",8
HB18-1281,2018,RS,Senate,2018-04-30,"Senate Committee on State, Veterans, & Military Affairs Postpone Indefinitely",9
HB18-1282,2018,RS,House,2018-03-07,"Introduced In House - Assigned to Health, Insurance, & Environment",1
HB18-1282,2018,RS,House,2018-03-15,"House Committee on Health, Insurance, & Environment Refer Unamended to House Committee of the Whole",2
HB18-1282,2018,RS,House,2018-03-19,House Second Reading Laid Over to 03/23/2018 - No Amendments,3
HB18-1282,2018,RS,House,2018-03-23,House Second Reading Passed - No Amendments,4
HB18-1282,2018,RS,House,2018-03-26,House Third Reading Passed - No Amendments,5
HB18-1282,2018,RS,Senate,2018-03-26,Introduced In Senate - Assigned to Health & Human Services,6
HB18-1282,2018,RS,Senate,2018-03-29,Senate Committee on Health & Human Services Refer Amended - Consent Calendar to Senate Committee of the Whole,7
HB18-1282,2018,RS,Senate,2018-04-04,Senate Second Reading Passed with Amendments - Committee,8
HB18-1282,2018,RS,Senate,2018-04-05,Senate Third Reading Passed - No Amendments,9
HB18-1282,2018,RS,House,2018-04-05,House Considered Senate Amendments - Result was to Laid Over to 04/09/2018,10
HB18-1282,2018,RS,House,2018-04-09,House Considered Senate Amendments - Result was to Concur - Repass,11
HB18-1282,2018,RS,House,2018-04-17,Signed by the Speaker of the House,12
HB18-1282,2018,RS,Senate,2018-04-19,Signed by the President of the Senate,13
HB18-1282,2018,RS,Governor,2018-04-19,Sent to the Governor,14
HB18-1282,2018,RS,Governor,2018-04-25,Governor Signed,15
HB18-1283,2018,RS,House,2018-03-08,Introduced In House - Assigned to Finance + Appropriations,1
HB18-1283,2018,RS,House,2018-03-26,House Committee on Finance Refer Amended to Appropriations,2
HB18-1283,2018,RS,House,2018-04-06,House Committee on Appropriations Refer Unamended to House Committee of the Whole,3
HB18-1283,2018,RS,House,2018-04-06,House Second Reading Special Order - Laid Over to 04/09/2018 - No Amendments,4
HB18-1283,2018,RS,House,2018-04-09,House Second Reading Laid Over to 04/10/2018 - No Amendments,5
HB18-1283,2018,RS,House,2018-04-10,House Second Reading Passed with Amendments - Committee,6
HB18-1283,2018,RS,House,2018-04-11,House Third Reading Passed - No Amendments,7
HB18-1283,2018,RS,Senate,2018-04-11,Introduced In Senate - Assigned to Finance,8
HB18-1283,2018,RS,Senate,2018-04-17,Senate Committee on Finance Refer Unamended - Consent Calendar to Senate Committee of the Whole,9
HB18-1283,2018,RS,Senate,2018-04-20,Senate Second Reading Passed - No Amendments,10
HB18-1283,2018,RS,Senate,2018-04-23,Senate Third Reading Passed - No Amendments,11
HB18-1283,2018,RS,House,2018-05-01,Signed by the Speaker of the House,12
HB18-1283,2018,RS,Senate,2018-05-01,Signed by the President of the Senate,13
HB18-1283,2018,RS,Governor,2018-05-01,Sent to the Governor,14
HB18-1283,2018,RS,Governor,2018-05-29,Governor Signed,15
HB18-1284,2018,RS,House,2018-03-08,"Introduced In House - Assigned to Health, Insurance, & Environment",1
HB18-1284,2018,RS,House,2018-03-29,"House Committee on Health, Insurance, & Environment Refer Unamended to House Committee of the Whole",2
HB18-1284,2018,RS,House,2018-04-04,House Second Reading Passed - No Amendments,3
HB18-1284,2018,RS,House,2018-04-05,House Third Reading Passed - No Amendments,4
HB18-1284,2018,RS,Senate,2018-04-05,Introduced In Senate - Assigned to Health & Human Services,5
HB18-1284,2018,RS,Senate,2018-04-12,Senate Committee on Health & Human Services Refer Unamended to Senate Committee of the Whole,6
HB18-1284,2018,RS,Senate,2018-04-18,Senate Second Reading Passed - No Amendments,7
HB18-1284,2018,RS,Senate,2018-04-19,Senate Third Reading Passed - No Amendments,8
HB18-1284,2018,RS,House,2018-04-26,Signed by the Speaker of the House,9
HB18-1284,2018,RS,Senate,2018-04-26,Signed by the President of the Senate,10
HB18-1284,2018,RS,Governor,2018-04-26,Sent to the Governor,11
HB18-1284,2018,RS,Governor,2018-04-30,Governor Signed,12
HB18-1285,2018,RS,House,2018-03-08,Introduced In House - Assigned to Transportation & Energy,1
HB18-1285,2018,RS,House,2018-04-04,House Committee on Transportation & Energy Refer Amended to Appropriations,2
HB18-1285,2018,RS,House,2018-04-11,House Committee on Appropriations Refer Amended to House Committee of the Whole,3
HB18-1285,2018,RS,House,2018-04-12,House Second Reading Special Order - Laid Over Daily - No Amendments,4
HB18-1285,2018,RS,House,2018-04-13,House Second Reading Special Order - Passed with Amendments - Committee,5
HB18-1285,2018,RS,House,2018-04-16,House Third Reading Passed with Amendments - Floor,6
HB18-1285,2018,RS,Senate,2018-04-16,"Introduced In Senate - Assigned to State, Veterans, & Military Affairs",7
HB18-1285,2018,RS,Senate,2018-04-24,"Senate Committee on State, Veterans, & Military Affairs Refer Unamended to Appropriations",8
HB18-1285,2018,RS,Senate,2018-04-26,Senate Committee on Appropriations Refer Unamended - Consent Calendar to Senate Committee of the Whole,9
HB18-1285,2018,RS,Senate,2018-04-27,Senate Second Reading Special Order - Passed - No Amendments,10
HB18-1285,2018,RS,Senate,2018-04-30,Senate Third Reading Passed - No Amendments,11
HB18-1285,2018,RS,House,2018-05-11,Signed by the Speaker of the House,12
HB18-1285,2018,RS,Governor,2018-05-14,Sent to the Governor,13
HB18-1285,2018,RS,Senate,2018-05-14,Signed by the President of the Senate,14
HB18-1285,2018,RS,Governor,2018-05-29,Governor Signed,15
HB18-1286,2018,RS,House,2018-03-08,"Introduced In House - Assigned to Health, Insurance, & Environment",1
HB18-1286,2018,RS,House,2018-04-05,"House Committee on Health, Insurance, & Environment Refer Amended to House Committee of the Whole",2
HB18-1286,2018,RS,House,2018-04-10,House Second Reading Laid Over to 04/11/2018 - No Amendments,3
HB18-1286,2018,RS,House,2018-04-11,House Second Reading Passed with Amendments - Floor,4
HB18-1286,2018,RS,House,2018-04-12,House Third Reading Passed - No Amendments,5
HB18-1286,2018,RS,Senate,2018-04-12,Introduced In Senate - Assigned to Health & Human Services,6
HB18-1286,2018,RS,Senate,2018-04-25,Senate Committee on Health & Human Services Refer Amended to Senate Committee of the Whole,7
HB18-1286,2018,RS,Senate,2018-04-30,"Senate Second Reading Passed with Amendments - Committee, Floor",8
HB18-1286,2018,RS,Senate,2018-05-01,Senate Third Reading Passed - No Amendments,9
HB18-1286,2018,RS,House,2018-05-01,House Considered Senate Amendments - Result was to Laid Over Daily,10
HB18-1286,2018,RS,House,2018-05-04,House Considered Senate Amendments - Result was to Concur - Repass,11
HB18-1286,2018,RS,House,2018-05-17,Signed by the Speaker of the House,12
HB18-1286,2018,RS,Senate,2018-05-18,Signed by the President of the Senate,13
HB18-1286,2018,RS,Governor,2018-05-18,Sent to the Governor,14
HB18-1286,2018,RS,Governor,2018-06-04,Governor Signed,15
HB18-1287,2018,RS,House,2018-03-08,Introduced In House - Assigned to Judiciary,1
HB18-1287,2018,RS,House,2018-04-05,House Committee on Judiciary Witness Testimony and/or Committee Discussion Only,2
HB18-1287,2018,RS,House,2018-04-12,House Committee on Judiciary Refer Amended to Appropriations,3
HB18-1287,2018,RS,House,2018-04-19,House Committee on Appropriations Refer Amended to House Committee of the Whole,4
HB18-1287,2018,RS,House,2018-04-19,House Second Reading Special Order - Passed with Amendments - Committee,5
HB18-1287,2018,RS,House,2018-04-20,House Third Reading Passed - No Amendments,6
HB18-1287,2018,RS,Senate,2018-04-23,"Introduced In Senate - Assigned to State, Veterans, & Military Affairs",7
HB18-1287,2018,RS,Senate,2018-05-01,"Senate Committee on State, Veterans, & Military Affairs Refer Unamended to Appropriations",8
HB18-1287,2018,RS,Senate,2018-05-02,Senate Committee on Appropriations Refer Unamended - Consent Calendar to Senate Committee of the Whole,9
HB18-1287,2018,RS,Senate,2018-05-03,Senate Second Reading Special Order - Passed - No Amendments,10
HB18-1287,2018,RS,Senate,2018-05-04,Senate Third Reading Passed - No Amendments,11
HB18-1287,2018,RS,House,2018-05-15,Signed by the Speaker of the House,12
HB18-1287,2018,RS,Senate,2018-05-16,Signed by the President of the Senate,13
HB18-1287,2018,RS,Governor,2018-05-16,Sent to the Governor,14
HB18-1287,2018,RS,Governor,2018-05-30,Governor Signed,15
HB18-1288,2018,RS,House,2018-03-08,Introduced In House - Assigned to Public Health Care & Human Services,1
HB18-1288,2018,RS,House,2018-04-10,House Committee on Public Health Care & Human Services Refer Amended to House Committee of the Whole,2
HB18-1288,2018,RS,House,2018-04-13,House Second Reading Special Order - Laid Over Daily - No Amendments,3
HB18-1288,2018,RS,House,2018-04-16,House Second Reading Passed with Amendments - Committee,4
HB18-1288,2018,RS,House,2018-04-17,House Third Reading Passed - No Amendments,5
HB18-1288,2018,RS,Senate,2018-04-17,"Introduced In Senate - Assigned to State, Veterans, & Military Affairs",6
HB18-1288,2018,RS,Senate,2018-04-24,"Senate Committee on State, Veterans, & Military Affairs Postpone Indefinitely",7
HB18-1289,2018,RS,House,2018-03-08,Introduced In House - Assigned to Transportation & Energy,1
HB18-1289,2018,RS,House,2018-04-26,House Committee on Transportation & Energy Refer Amended to Appropriations,2
HB18-1289,2018,RS,House,2018-04-27,House Committee on Appropriations Refer Unamended to House Committee of the Whole,3
HB18-1289,2018,RS,House,2018-04-30,House Second Reading Special Order - Passed with Amendments - Committee,4
HB18-1289,2018,RS,House,2018-05-01,House Third Reading Passed - No Amendments,5
HB18-1289,2018,RS,Senate,2018-05-01,"Introduced In Senate - Assigned to State, Veterans, & Military Affairs",6
HB18-1289,2018,RS,Senate,2018-05-02,"Senate Committee on State, Veterans, & Military Affairs Postpone Indefinitely",7
HB18-1290,2018,RS,House,2018-03-12,Introduced In House - Assigned to Transportation & Energy,1
HB18-1290,2018,RS,House,2018-03-15,House Committee on Transportation & Energy Refer Amended to Finance,2
HB18-1290,2018,RS,House,2018-04-04,House Committee on Finance Refer Unamended to Appropriations,3
HB18-1290,2018,RS,House,2018-04-19,House Committee on Appropriations Refer Unamended to House Committee of the Whole,4
HB18-1290,2018,RS,House,2018-04-19,House Second Reading Special Order - Laid Over to 04/24/2018 - No Amendments,5
HB18-1290,2018,RS,House,2018-04-24,"House Second Reading Special Order - Passed with Amendments - Committee, Floor",6
HB18-1290,2018,RS,House,2018-04-25,House Third Reading Laid Over to 04/27/2018 - No Amendments,7
HB18-1290,2018,RS,House,2018-04-27,House Third Reading Passed - No Amendments,8
HB18-1290,2018,RS,Senate,2018-04-27,"Introduced In Senate - Assigned to State, Veterans, & Military Affairs",9
HB18-1290,2018,RS,Senate,2018-05-02,"Senate Committee on State, Veterans, & Military Affairs Postpone Indefinitely",10
HB18-1291,2018,RS,House,2018-03-12,Introduced In House - Assigned to Transportation & Energy,1
HB18-1291,2018,RS,House,2018-03-15,House Committee on Transportation & Energy Refer Amended to Appropriations,2
HB18-1291,2018,RS,House,2018-04-23,House Committee on Appropriations Refer Amended to House Committee of the Whole,3
HB18-1291,2018,RS,House,2018-04-24,House Second Reading Special Order - Passed with Amendments - Committee,4
HB18-1291,2018,RS,House,2018-04-25,House Third Reading Laid Over to 04/27/2018 - No Amendments,5
HB18-1291,2018,RS,House,2018-04-27,House Third Reading Passed - No Amendments,6
HB18-1291,2018,RS,Senate,2018-04-27,"Introduced In Senate - Assigned to State, Veterans, & Military Affairs",7
HB18-1291,2018,RS,Senate,2018-05-02,"Senate Committee on State, Veterans, & Military Affairs Refer Amended to Finance",8
HB18-1291,2018,RS,Senate,2018-05-04,Senate Committee on Finance Refer Amended to Appropriations,9
HB18-1291,2018,RS,Senate,2018-05-07,Senate Committee on Appropriations Refer Unamended to Senate Committee of the Whole,10
HB18-1291,2018,RS,Senate,2018-05-08,"Senate Second Reading Special Order - Passed with Amendments - Committee, Floor",11
HB18-1291,2018,RS,Senate,2018-05-09,Senate Third Reading Lost - No Amendments,12
HB18-1291,2018,RS,Senate,2018-05-09,Senate Third Reading Reconsidered - No Amendments,13
HB18-1291,2018,RS,Senate,2018-05-09,Senate Third Reading Passed - No Amendments,14
HB18-1291,2018,RS,House,2018-05-09,House Considered Senate Amendments - Result was to Not Concur - Request Conference Committee,15
HB18-1291,2018,RS,ConfComm,2018-05-09,First Conference Committee Result was to Adopt Rerevised w/ Amendments,16
HB18-1291,2018,RS,Senate,2018-05-09,Senate Consideration of First Conference Committee Report result was to Adopt Committee Report - Repass,17
HB18-1291,2018,RS,House,2018-05-09,House Consideration of First Conference Committee Report result was to Adopt Committee Report - Repass,18
HB18-1291,2018,RS,House,2018-05-22,Signed by the Speaker of the House,19
HB18-1291,2018,RS,Senate,2018-05-22,Signed by the President of the Senate,20
HB18-1291,2018,RS,Governor,2018-05-22,Sent to the Governor,21
HB18-1291,2018,RS,Governor,2018-05-29,Governor Signed,22
HB18-1292,2018,RS,House,2018-03-12,Introduced In House - Assigned to Local Government,1
HB18-1292,2018,RS,House,2018-03-21,House Committee on Local Government Refer Unamended to Appropriations,2
HB18-1292,2018,RS,House,2018-04-19,House Committee on Appropriations Refer Amended to House Committee of the Whole,3
HB18-1292,2018,RS,House,2018-04-19,House Second Reading Special Order - Passed with Amendments - Committee,4
HB18-1292,2018,RS,House,2018-04-20,House Third Reading Passed - No Amendments,5
HB18-1292,2018,RS,Senate,2018-04-23,"Introduced In Senate - Assigned to State, Veterans, & Military Affairs",6
HB18-1292,2018,RS,Senate,2018-05-02,"Senate Committee on State, Veterans, & Military Affairs Postpone Indefinitely",7
HB18-1293,2018,RS,House,2018-03-13,Introduced In House - Assigned to Appropriations,1
HB18-1293,2018,RS,House,2018-03-16,House Committee on Appropriations Refer Unamended to House Committee of the Whole,2
HB18-1293,2018,RS,House,2018-03-19,House Second Reading Passed with Amendments - Floor,3
HB18-1293,2018,RS,House,2018-03-20,House Third Reading Passed - No Amendments,4
HB18-1293,2018,RS,Senate,2018-03-20,Introduced In Senate - Assigned to Appropriations,5
HB18-1293,2018,RS,Senate,2018-03-27,Senate Committee on Appropriations Refer Unamended to Senate Committee of the Whole,6
HB18-1293,2018,RS,Senate,2018-03-29,Senate Second Reading Laid Over Daily - No Amendments,7
HB18-1293,2018,RS,Senate,2018-04-02,Senate Second Reading Passed - No Amendments,8
HB18-1293,2018,RS,Senate,2018-04-03,Senate Third Reading Passed - No Amendments,9
HB18-1293,2018,RS,House,2018-04-04,Signed by the Speaker of the House,10
HB18-1293,2018,RS,Senate,2018-04-04,Signed by the President of the Senate,11
HB18-1293,2018,RS,Governor,2018-04-04,Sent to the Governor,12
HB18-1293,2018,RS,Governor,2018-04-09,Governor Signed,13
HB18-1294,2018,RS,House,2018-03-13,"Introduced In House - Assigned to Health, Insurance, & Environment",1
HB18-1294,2018,RS,House,2018-04-12,"House Committee on Health, Insurance, & Environment Refer Amended to Finance",2
HB18-1294,2018,RS,House,2018-04-23,House Committee on Finance Refer Amended to Appropriations,3
HB18-1294,2018,RS,House,2018-04-25,House Committee on Appropriations Refer Amended to House Committee of the Whole,4
HB18-1294,2018,RS,House,2018-04-26,House Second Reading Special Order - Passed with Amendments - Committee,5
HB18-1294,2018,RS,House,2018-04-27,House Third Reading Passed - No Amendments,6
HB18-1294,2018,RS,Senate,2018-04-27,Introduced In Senate - Assigned to Finance,7
HB18-1294,2018,RS,Senate,2018-05-03,Senate Committee on Finance Refer Amended to Appropriations,8
HB18-1294,2018,RS,Senate,2018-05-03,Senate Committee on Appropriations Refer Unamended to Senate Committee of the Whole,9
HB18-1294,2018,RS,Senate,2018-05-03,Senate Second Reading Special Order - Passed with Amendments - Committee,10
HB18-1294,2018,RS,Senate,2018-05-04,Senate Third Reading Passed - No Amendments,11
HB18-1294,2018,RS,House,2018-05-07,House Considered Senate Amendments - Result was to Concur - Repass,12
HB18-1294,2018,RS,House,2018-05-18,Signed by the Speaker of the House,13
HB18-1294,2018,RS,Senate,2018-05-18,Signed by the President of the Senate,14
HB18-1294,2018,RS,Governor,2018-05-18,Sent to the Governor,15
HB18-1294,2018,RS,Governor,2018-05-29,Governor Signed,16
HB18-1295,2018,RS,House,2018-03-15,"Introduced In House - Assigned to Agriculture, Livestock, & Natural Resources",1
HB18-1295,2018,RS,House,2018-04-02,"House Committee on Agriculture, Livestock, & Natural Resources Refer Amended to House Committee of the Whole",2
HB18-1295,2018,RS,House,2018-04-06,House Second Reading Special Order - Passed with Amendments - Committee,3
HB18-1295,2018,RS,House,2018-04-09,House Third Reading Passed - No Amendments,4
HB18-1295,2018,RS,Senate,2018-04-09,"Introduced In Senate - Assigned to Agriculture, Natural Resources, & Energy",5
HB18-1295,2018,RS,Senate,2018-04-19,"Senate Committee on Agriculture, Natural Resources, & Energy Refer Unamended - Consent Calendar to Senate Committee of the Whole",6
HB18-1295,2018,RS,Senate,2018-04-24,Senate Second Reading Passed with Amendments - Floor,7
HB18-1295,2018,RS,Senate,2018-04-25,Senate Third Reading Passed - No Amendments,8
HB18-1295,2018,RS,House,2018-04-25,House Considered Senate Amendments - Result was to Laid Over Daily,9
HB18-1295,2018,RS,House,2018-04-26,House Considered Senate Amendments - Result was to Not Concur - Request Conference Committee,10
HB18-1295,2018,RS,ConfComm,2018-04-30,First Conference Committee Result was to No Report,11
HB18-1295,2018,RS,ConfComm,2018-05-01,First Conference Committee Result was to Adopt Rerevised w/ Amendments,12
HB18-1295,2018,RS,Senate,2018-05-02,Senate Consideration of First Conference Committee Report result was to Adopt Committee Report - Repass,13
HB18-1295,2018,RS,House,2018-05-04,House Consideration of First Conference Committee Report result was to Adopt Committee Report - Repass,14
HB18-1295,2018,RS,House,2018-05-16,Signed by the Speaker of the House,15
HB18-1295,2018,RS,Senate,2018-05-16,Signed by the President of the Senate,16
HB18-1295,2018,RS,Governor,2018-05-16,Sent to the Governor,17
HB18-1295,2018,RS,Governor,2018-05-30,Governor Signed,18
HB18-1296,2018,RS,House,2018-03-15,Introduced In House - Assigned to Transportation & Energy,1
HB18-1296,2018,RS,House,2018-04-04,House Committee on Transportation & Energy Refer Unamended to House Committee of the Whole,2
HB18-1296,2018,RS,House,2018-04-09,House Second Reading Laid Over to 04/10/2018 - No Amendments,3
HB18-1296,2018,RS,House,2018-04-10,House Second Reading Passed - No Amendments,4
HB18-1296,2018,RS,House,2018-04-11,House Third Reading Passed - No Amendments,5
HB18-1296,2018,RS,Senate,2018-04-11,"Introduced In Senate - Assigned to State, Veterans, & Military Affairs",6
HB18-1296,2018,RS,Senate,2018-04-16,"Senate Committee on State, Veterans, & Military Affairs Refer Amended - Consent Calendar to Senate Committee of the Whole",7
HB18-1296,2018,RS,Senate,2018-04-18,Senate Second Reading Special Order - Passed with Amendments - Committee,8
HB18-1296,2018,RS,Senate,2018-04-19,Senate Third Reading Passed - No Amendments,9
HB18-1296,2018,RS,House,2018-04-19,House Considered Senate Amendments - Result was to Laid Over Daily,10
HB18-1296,2018,RS,House,2018-04-26,House Considered Senate Amendments - Result was to Not Concur - Request Conference Committee,11
HB18-1296,2018,RS,ConfComm,2018-05-02,First Conference Committee Result was to Corrected Report Amending Rerevised Bill,12
HB18-1296,2018,RS,Senate,2018-05-03,Senate Consideration of First Conference Committee Report result was to Adopt Committee Report - Repass,13
HB18-1296,2018,RS,House,2018-05-04,House Consideration of First Conference Committee Report result was to Adopt Committee Report - Repass,14
HB18-1296,2018,RS,House,2018-05-16,Signed by the Speaker of the House,15
HB18-1296,2018,RS,Senate,2018-05-16,Signed by the President of the Senate,16
HB18-1296,2018,RS,Governor,2018-05-16,Sent to the Governor,17
HB18-1296,2018,RS,Governor,2018-05-29,Governor Signed,18
HB18-1297,2018,RS,House,2018-03-16,Introduced In House - Assigned to Transportation & Energy,1
HB18-1297,2018,RS,House,2018-03-21,House Committee on Transportation & Energy Refer Unamended to Appropriations,2
HB18-1297,2018,RS,House,2018-04-19,House Committee on Appropriations Refer Amended to House Committee of the Whole,3
HB18-1297,2018,RS,House,2018-04-23,House Second Reading Passed with Amendments - Committee,4
HB18-1297,2018,RS,House,2018-04-24,House Third Reading Passed - No Amendments,5
HB18-1297,2018,RS,Senate,2018-04-24,"Introduced In Senate - Assigned to State, Veterans, & Military Affairs",6
HB18-1297,2018,RS,Senate,2018-05-01,"Senate Committee on State, Veterans, & Military Affairs Postpone Indefinitely",7
HB18-1298,2018,RS,House,2018-03-16,Introduced In House - Assigned to Business Affairs and Labor,1
HB18-1298,2018,RS,House,2018-04-05,House Committee on Business Affairs and Labor Witness Testimony and/or Committee Discussion Only,2
HB18-1298,2018,RS,House,2018-04-19,House Committee on Business Affairs and Labor Refer Amended to House Committee of the Whole,3
HB18-1298,2018,RS,House,2018-04-24,House Second Reading Special Order - Passed with Amendments - Committee,4
HB18-1298,2018,RS,House,2018-04-25,House Third Reading Passed - No Amendments,5
HB18-1298,2018,RS,Senate,2018-04-25,"Introduced In Senate - Assigned to State, Veterans, & Military Affairs",6
HB18-1298,2018,RS,Senate,2018-05-01,"Senate Committee on State, Veterans, & Military Affairs Postpone Indefinitely",7
HB18-1299,2018,RS,House,2018-03-19,Introduced In House - Assigned to Transportation & Energy,1
HB18-1299,2018,RS,House,2018-04-11,House Committee on Transportation & Energy Refer Amended to Appropriations,2
HB18-1299,2018,RS,House,2018-04-23,House Committee on Appropriations Refer Amended to House Committee of the Whole,3
HB18-1299,2018,RS,House,2018-04-24,"House Second Reading Special Order - Passed with Amendments - Committee, Floor",4
HB18-1299,2018,RS,House,2018-04-25,House Third Reading Passed - No Amendments,5
HB18-1299,2018,RS,Senate,2018-04-25,Introduced In Senate - Assigned to Finance,6
HB18-1299,2018,RS,Senate,2018-05-02,Senate Committee on Finance Refer Unamended to Appropriations,7
HB18-1299,2018,RS,Senate,2018-05-03,Senate Committee on Appropriations Refer Unamended - Consent Calendar to Senate Committee of the Whole,8
HB18-1299,2018,RS,Senate,2018-05-03,Senate Second Reading Special Order - Passed - No Amendments,9
HB18-1299,2018,RS,Senate,2018-05-04,Senate Third Reading Passed - No Amendments,10
HB18-1299,2018,RS,House,2018-05-16,Signed by the Speaker of the House,11
HB18-1299,2018,RS,Senate,2018-05-16,Signed by the President of the Senate,12
HB18-1299,2018,RS,Governor,2018-05-16,Sent to the Governor,13
HB18-1299,2018,RS,Governor,2018-05-29,Governor Signed,14
HB18-1300,2018,RS,House,2018-03-19,"Introduced In House - Assigned to Health, Insurance, & Environment",1
HB18-1300,2018,RS,House,2018-04-03,"House Committee on Health, Insurance, & Environment Refer Unamended to House Committee of the Whole",2
HB18-1300,2018,RS,House,2018-04-06,House Second Reading Special Order - Passed - No Amendments,3
HB18-1300,2018,RS,House,2018-04-09,House Third Reading Passed - No Amendments,4
HB18-1300,2018,RS,Senate,2018-04-09,Introduced In Senate - Assigned to Health & Human Services,5
HB18-1300,2018,RS,Senate,2018-04-12,Senate Committee on Health & Human Services Refer Unamended to Senate Committee of the Whole,6
HB18-1300,2018,RS,Senate,2018-04-18,Senate Second Reading Passed with Amendments - Floor,7
HB18-1300,2018,RS,Senate,2018-04-19,Senate Third Reading Passed - No Amendments,8
HB18-1300,2018,RS,Senate,2018-04-19,Senate Third Reading Reconsidered - No Amendments,9
HB18-1300,2018,RS,House,2018-04-19,House Considered Senate Amendments - Result was to Laid Over Daily,10
HB18-1300,2018,RS,House,2018-04-26,House Considered Senate Amendments - Result was to Concur - Repass,11
HB18-1300,2018,RS,House,2018-05-11,Signed by the Speaker of the House,12
HB18-1300,2018,RS,Governor,2018-05-14,Sent to the Governor,13
HB18-1300,2018,RS,Senate,2018-05-14,Signed by the President of the Senate,14
HB18-1300,2018,RS,Governor,2018-05-29,Governor Signed,15
HB18-1301,2018,RS,House,2018-03-19,"Introduced In House - Assigned to Agriculture, Livestock, & Natural Resources",1
HB18-1301,2018,RS,House,2018-04-02,"House Committee on Agriculture, Livestock, & Natural Resources Refer Unamended to Finance",2
HB18-1301,2018,RS,House,2018-04-04,House Committee on Finance Refer Unamended to Appropriations,3
HB18-1301,2018,RS,House,2018-04-11,House Committee on Appropriations Refer Unamended to House Committee of the Whole,4
HB18-1301,2018,RS,House,2018-04-12,House Second Reading Special Order - Laid Over Daily - No Amendments,5
HB18-1301,2018,RS,House,2018-04-13,House Second Reading Special Order - Passed - No Amendments,6
HB18-1301,2018,RS,House,2018-04-16,House Third Reading Passed - No Amendments,7
HB18-1301,2018,RS,Senate,2018-04-16,"Introduced In Senate - Assigned to State, Veterans, & Military Affairs",8
HB18-1301,2018,RS,Senate,2018-04-25,"Senate Committee on State, Veterans, & Military Affairs Postpone Indefinitely",9
HB18-1302,2018,RS,House,2018-03-20,"Introduced In House - Assigned to Health, Insurance, & Environment",1
HB18-1302,2018,RS,House,2018-04-10,"House Committee on Health, Insurance, & Environment Refer Amended to House Committee of the Whole",2
HB18-1302,2018,RS,House,2018-04-13,House Second Reading Special Order - Laid Over Daily - No Amendments,3
HB18-1302,2018,RS,House,2018-04-16,House Second Reading Passed with Amendments - Committee,4
HB18-1302,2018,RS,House,2018-04-17,House Third Reading Passed - No Amendments,5
HB18-1302,2018,RS,Senate,2018-04-17,Introduced In Senate - Assigned to Health & Human Services,6
HB18-1302,2018,RS,Senate,2018-04-26,Senate Committee on Health & Human Services Refer Unamended - Consent Calendar to Senate Committee of the Whole,7
HB18-1302,2018,RS,Senate,2018-04-30,Senate Second Reading Passed - No Amendments,8
HB18-1302,2018,RS,Senate,2018-05-01,Senate Third Reading Passed - No Amendments,9
HB18-1302,2018,RS,House,2018-05-11,Signed by the Speaker of the House,10
HB18-1302,2018,RS,Governor,2018-05-14,Sent to the Governor,11
HB18-1302,2018,RS,Senate,2018-05-14,Signed by the President of the Senate,12
HB18-1302,2018,RS,Governor,2018-06-06,Governor Signed,13
HB18-1303,2018,RS,House,2018-03-20,Introduced In House - Assigned to Judiciary,1
HB18-1303,2018,RS,House,2018-04-26,House Committee on Judiciary Refer Amended to House Committee of the Whole,2
HB18-1303,2018,RS,House,2018-04-26,House Second Reading Special Order - Passed with Amendments - Committee,3
HB18-1303,2018,RS,House,2018-04-27,House Third Reading Passed - No Amendments,4
HB18-1303,2018,RS,Senate,2018-04-27,Introduced In Senate - Assigned to Finance,5
HB18-1303,2018,RS,Senate,2018-05-01,Senate Committee on Finance Refer Unamended - Consent Calendar to Senate Committee of the Whole,6
HB18-1303,2018,RS,Senate,2018-05-02,Senate Second Reading Special Order - Passed - No Amendments,7
HB18-1303,2018,RS,Senate,2018-05-03,Senate Third Reading Passed - No Amendments,8
HB18-1303,2018,RS,House,2018-05-11,Signed by the Speaker of the House,9
HB18-1303,2018,RS,Governor,2018-05-14,Sent to the Governor,10
HB18-1303,2018,RS,Senate,2018-05-14,Signed by the President of the Senate,11
HB18-1303,2018,RS,Governor,2018-06-06,Governor Signed,12
HB18-1304,2018,RS,House,2018-03-20,Introduced In House - Assigned to Finance,1
HB18-1304,2018,RS,House,2018-04-02,House Committee on Finance Refer Unamended to House Committee of the Whole,2
HB18-1304,2018,RS,House,2018-04-05,House Second Reading Laid Over to 04/06/2018 - No Amendments,3
HB18-1304,2018,RS,House,2018-04-06,House Second Reading Special Order - Passed - No Amendments,4
HB18-1304,2018,RS,House,2018-04-09,House Third Reading Laid Over to 04/10/2018 - No Amendments,5
HB18-1304,2018,RS,House,2018-04-10,House Third Reading Laid Over to 04/11/2018 - No Amendments,6
HB18-1304,2018,RS,House,2018-04-11,House Third Reading Passed - No Amendments,7
HB18-1304,2018,RS,Senate,2018-04-11,"Introduced In Senate - Assigned to State, Veterans, & Military Affairs + Transportation + Finance",8
HB18-1304,2018,RS,Senate,2018-04-18,"Senate Committee on State, Veterans, & Military Affairs Postpone Indefinitely",9
HB18-1305,2018,RS,House,2018-03-20,Introduced In House - Assigned to Finance,1
HB18-1305,2018,RS,House,2018-03-26,House Committee on Finance Refer Unamended to House Committee of the Whole,2
HB18-1305,2018,RS,House,2018-03-29,House Second Reading Laid Over to 04/02/2018 - No Amendments,3
HB18-1305,2018,RS,House,2018-04-02,House Second Reading Passed - No Amendments,4
HB18-1305,2018,RS,House,2018-04-03,House Third Reading Passed - No Amendments,5
HB18-1305,2018,RS,Senate,2018-04-03,Introduced In Senate - Assigned to Finance,6
HB18-1305,2018,RS,Senate,2018-04-10,Senate Committee on Finance Refer Unamended - Consent Calendar to Senate Committee of the Whole,7
HB18-1305,2018,RS,Senate,2018-04-11,Senate Second Reading Special Order - Passed - No Amendments,8
HB18-1305,2018,RS,Senate,2018-04-12,Senate Third Reading Passed - No Amendments,9
HB18-1305,2018,RS,House,2018-04-26,Signed by the Speaker of the House,10
HB18-1305,2018,RS,Senate,2018-04-26,Signed by the President of the Senate,11
HB18-1305,2018,RS,Governor,2018-04-26,Sent to the Governor,12
HB18-1305,2018,RS,Governor,2018-05-04,Governor Signed,13
HB18-1306,2018,RS,House,2018-03-20,Introduced In House - Assigned to Public Health Care & Human Services,1
HB18-1306,2018,RS,House,2018-04-10,House Committee on Public Health Care & Human Services Refer Amended to Appropriations,2
HB18-1306,2018,RS,House,2018-04-27,House Committee on Appropriations Refer Amended to House Committee of the Whole,3
HB18-1306,2018,RS,House,2018-04-27,House Second Reading Special Order - Passed with Amendments - Committee,4
HB18-1306,2018,RS,House,2018-04-30,House Third Reading Passed - No Amendments,5
HB18-1306,2018,RS,Senate,2018-04-30,"Introduced In Senate - Assigned to State, Veterans, & Military Affairs",6
HB18-1306,2018,RS,Senate,2018-05-03,"Senate Committee on State, Veterans, & Military Affairs Refer Amended to Appropriations",7
HB18-1306,2018,RS,Senate,2018-05-03,Senate Committee on Appropriations Refer Unamended - Consent Calendar to Senate Committee of the Whole,8
HB18-1306,2018,RS,Senate,2018-05-03,Senate Second Reading Special Order - Passed with Amendments - Committee,9
HB18-1306,2018,RS,Senate,2018-05-04,Senate Third Reading Passed - No Amendments,10
HB18-1306,2018,RS,House,2018-05-04,House Considered Senate Amendments - Result was to Concur - Repass,11
HB18-1306,2018,RS,House,2018-05-15,Signed by the Speaker of the House,12
HB18-1306,2018,RS,Senate,2018-05-16,Signed by the President of the Senate,13
HB18-1306,2018,RS,Governor,2018-05-16,Sent to the Governor,14
HB18-1306,2018,RS,Governor,2018-06-01,Governor Signed,15
HB18-1307,2018,RS,House,2018-03-20,"Introduced In House - Assigned to Health, Insurance, & Environment",1
HB18-1307,2018,RS,House,2018-04-05,"House Committee on Health, Insurance, & Environment Refer Unamended to House Committee of the Whole",2
HB18-1307,2018,RS,House,2018-04-10,House Second Reading Passed - No Amendments,3
HB18-1307,2018,RS,House,2018-04-11,House Third Reading Passed - No Amendments,4
HB18-1307,2018,RS,Senate,2018-04-11,Introduced In Senate - Assigned to Judiciary,5
HB18-1307,2018,RS,Senate,2018-04-23,Senate Committee on Judiciary Refer Unamended - Consent Calendar to Senate Committee of the Whole,6
HB18-1307,2018,RS,Senate,2018-04-25,Senate Second Reading Special Order - Passed - No Amendments,7
HB18-1307,2018,RS,Senate,2018-04-26,Senate Third Reading Passed - No Amendments,8
HB18-1307,2018,RS,House,2018-05-02,Signed by the Speaker of the House,9
HB18-1307,2018,RS,Senate,2018-05-04,Signed by the President of the Senate,10
HB18-1307,2018,RS,Governor,2018-05-04,Sent to the Governor,11
HB18-1307,2018,RS,Governor,2018-05-11,Governor Signed,12
HB18-1308,2018,RS,House,2018-03-20,Introduced In House - Assigned to Business Affairs and Labor,1
HB18-1308,2018,RS,House,2018-03-27,House Committee on Business Affairs and Labor Refer Amended to House Committee of the Whole,2
HB18-1308,2018,RS,House,2018-03-30,House Second Reading Laid Over to 04/02/2018 - No Amendments,3
HB18-1308,2018,RS,House,2018-04-02,"House Second Reading Passed with Amendments - Committee, Floor",4
HB18-1308,2018,RS,House,2018-04-03,House Third Reading Passed - No Amendments,5
HB18-1308,2018,RS,Senate,2018-04-03,"Introduced In Senate - Assigned to Business, Labor, & Technology",6
HB18-1308,2018,RS,Senate,2018-04-16,"Senate Committee on Business, Labor, & Technology Refer Unamended - Consent Calendar to Senate Committee of the Whole",7
HB18-1308,2018,RS,Senate,2018-04-18,Senate Second Reading Special Order - Passed - No Amendments,8
HB18-1308,2018,RS,Senate,2018-04-19,Senate Third Reading Passed - No Amendments,9
HB18-1308,2018,RS,House,2018-04-26,Signed by the Speaker of the House,10
HB18-1308,2018,RS,Senate,2018-04-26,Signed by the President of the Senate,11
HB18-1308,2018,RS,Governor,2018-04-26,Sent to the Governor,12
HB18-1308,2018,RS,Governor,2018-04-30,Governor Signed,13
HB18-1309,2018,RS,House,2018-03-21,Introduced In House - Assigned to Education,1
HB18-1309,2018,RS,House,2018-04-23,House Committee on Education Refer Amended to Appropriations,2
HB18-1309,2018,RS,House,2018-04-24,House Committee on Appropriations Refer Amended to House Committee of the Whole,3
HB18-1309,2018,RS,House,2018-04-24,House Second Reading Special Order - Passed with Amendments - Committee,4
HB18-1309,2018,RS,House,2018-04-25,House Third Reading Passed - No Amendments,5
HB18-1309,2018,RS,Senate,2018-04-25,"Introduced In Senate - Assigned to State, Veterans, & Military Affairs",6
HB18-1309,2018,RS,Senate,2018-05-01,"Senate Committee on State, Veterans, & Military Affairs Refer Unamended to Appropriations",7
HB18-1309,2018,RS,Senate,2018-05-03,Senate Committee on Appropriations Refer Unamended - Consent Calendar to Senate Committee of the Whole,8
HB18-1309,2018,RS,Senate,2018-05-03,Senate Second Reading Special Order - Laid Over Daily - No Amendments,9
HB18-1309,2018,RS,Senate,2018-05-04,Senate Second Reading Passed - No Amendments,10
HB18-1309,2018,RS,Senate,2018-05-07,Senate Third Reading Passed - No Amendments,11
HB18-1309,2018,RS,Senate,2018-05-07,Senate Third Reading Reconsidered - No Amendments,12
HB18-1309,2018,RS,House,2018-05-22,Signed by the Speaker of the House,13
HB18-1309,2018,RS,Governor,2018-05-22,Sent to the Governor,14
HB18-1309,2018,RS,Senate,2018-05-22,Signed by the President of the Senate,15
HB18-1309,2018,RS,Governor,2018-05-29,Governor Signed,16
HB18-1310,2018,RS,House,2018-03-21,Introduced In House - Assigned to Business Affairs and Labor + Appropriations,1
HB18-1310,2018,RS,House,2018-04-05,House Committee on Business Affairs and Labor Refer Amended to Appropriations,2
HB18-1310,2018,RS,House,2018-04-19,House Committee on Appropriations Refer Amended to House Committee of the Whole,3
HB18-1310,2018,RS,House,2018-04-19,"House Second Reading Special Order - Passed with Amendments - Committee, Floor",4
HB18-1310,2018,RS,House,2018-04-20,House Third Reading Laid Over to 04/23/2018 - No Amendments,5
HB18-1310,2018,RS,House,2018-04-23,House Third Reading Laid Over Daily - No Amendments,6
HB18-1310,2018,RS,House,2018-04-24,House Third Reading Passed - No Amendments,7
HB18-1310,2018,RS,Senate,2018-04-24,"Introduced In Senate - Assigned to State, Veterans, & Military Affairs",8
HB18-1310,2018,RS,Senate,2018-05-02,"Senate Committee on State, Veterans, & Military Affairs Postpone Indefinitely",9
HB18-1311,2018,RS,House,2018-03-21,"Introduced In House - Assigned to Health, Insurance, & Environment + Finance + Appropriations",1
HB18-1311,2018,RS,House,2018-04-19,"House Committee on Health, Insurance, & Environment Postpone Indefinitely",2
HB18-1312,2018,RS,House,2018-03-22,"Introduced In House - Assigned to State, Veterans, & Military Affairs",1
HB18-1312,2018,RS,House,2018-04-11,"House Committee on State, Veterans, & Military Affairs Refer Amended to House Committee of the Whole",2
HB18-1312,2018,RS,House,2018-04-16,House Second Reading Passed with Amendments - Committee,3
HB18-1312,2018,RS,House,2018-04-17,House Third Reading Passed - No Amendments,4
HB18-1312,2018,RS,Senate,2018-04-17,"Introduced In Senate - Assigned to State, Veterans, & Military Affairs",5
HB18-1312,2018,RS,Senate,2018-04-23,"Senate Committee on State, Veterans, & Military Affairs Postpone Indefinitely",6
HB18-1313,2018,RS,House,2018-03-22,"Introduced In House - Assigned to Health, Insurance, & Environment",1
HB18-1313,2018,RS,House,2018-04-10,"House Committee on Health, Insurance, & Environment Refer Amended to House Committee of the Whole",2
HB18-1313,2018,RS,House,2018-04-13,House Second Reading Special Order - Laid Over Daily - No Amendments,3
HB18-1313,2018,RS,House,2018-04-16,House Second Reading Passed with Amendments - Committee,4
HB18-1313,2018,RS,House,2018-04-17,House Third Reading Passed - No Amendments,5
HB18-1313,2018,RS,Senate,2018-04-17,Introduced In Senate - Assigned to Health & Human Services,6
HB18-1313,2018,RS,Senate,2018-04-25,Senate Committee on Health & Human Services Refer Unamended to Senate Committee of the Whole,7
HB18-1313,2018,RS,Senate,2018-04-30,Senate Second Reading Passed - No Amendments,8
HB18-1313,2018,RS,Senate,2018-05-01,Senate Third Reading Passed - No Amendments,9
HB18-1313,2018,RS,House,2018-05-11,Signed by the Speaker of the House,10
HB18-1313,2018,RS,Governor,2018-05-14,Sent to the Governor,11
HB18-1313,2018,RS,Senate,2018-05-14,Signed by the President of the Senate,12
HB18-1313,2018,RS,Governor,2018-06-06,Governor Signed,13
HB18-1314,2018,RS,House,2018-03-22,Introduced In House - Assigned to Judiciary,1
HB18-1314,2018,RS,House,2018-04-12,House Committee on Judiciary Refer Amended to House Committee of the Whole,2
HB18-1314,2018,RS,House,2018-04-17,House Second Reading Laid Over to 04/18/2018 - No Amendments,3
HB18-1314,2018,RS,House,2018-04-18,House Second Reading Passed with Amendments - Floor,4
HB18-1314,2018,RS,House,2018-04-19,House Third Reading Passed - No Amendments,5
HB18-1314,2018,RS,Senate,2018-04-19,Introduced In Senate - Assigned to Judiciary,6
HB18-1314,2018,RS,Senate,2018-04-25,Senate Committee on Judiciary Refer Unamended - Consent Calendar to Senate Committee of the Whole,7
HB18-1314,2018,RS,Senate,2018-04-30,Senate Second Reading Passed - No Amendments,8
HB18-1314,2018,RS,Senate,2018-05-01,Senate Third Reading Passed - No Amendments,9
HB18-1314,2018,RS,House,2018-05-11,Signed by the Speaker of the House,10
HB18-1314,2018,RS,Governor,2018-05-14,Sent to the Governor,11
HB18-1314,2018,RS,Senate,2018-05-14,Signed by the President of the Senate,12
HB18-1314,2018,RS,Governor,2018-06-06,Governor Signed,13
HB18-1315,2018,RS,House,2018-03-22,Introduced In House - Assigned to Finance,1
HB18-1315,2018,RS,House,2018-04-09,House Committee on Finance Refer Unamended to Appropriations,2
HB18-1315,2018,RS,House,2018-04-26,House Committee on Appropriations Refer Amended to House Committee of the Whole,3
HB18-1315,2018,RS,House,2018-04-26,House Second Reading Special Order - Passed with Amendments - Committee,4
HB18-1315,2018,RS,House,2018-04-27,House Third Reading Passed - No Amendments,5
HB18-1315,2018,RS,Senate,2018-04-27,Introduced In Senate - Assigned to Finance,6
HB18-1315,2018,RS,Senate,2018-05-02,Senate Committee on Finance Refer Unamended to Appropriations,7
HB18-1315,2018,RS,Senate,2018-05-07,Senate Committee on Appropriations Refer Unamended - Consent Calendar to Senate Committee of the Whole,8
HB18-1315,2018,RS,Senate,2018-05-07,Senate Second Reading Special Order - Passed - No Amendments,9
HB18-1315,2018,RS,Senate,2018-05-08,Senate Third Reading Passed - No Amendments,10
HB18-1315,2018,RS,House,2018-05-18,Signed by the Speaker of the House,11
HB18-1315,2018,RS,Senate,2018-05-18,Signed by the President of the Senate,12
HB18-1315,2018,RS,Governor,2018-05-18,Sent to the Governor,13
HB18-1315,2018,RS,Governor,2018-05-24,Governor Signed,14
HB18-1316,2018,RS,House,2018-03-22,Introduced In House - Assigned to Finance,1
HB18-1316,2018,RS,House,2018-04-02,House Committee on Finance Refer Amended to Appropriations,2
HB18-1316,2018,RS,House,2018-04-25,House Committee on Appropriations Refer Amended to House Committee of the Whole,3
HB18-1316,2018,RS,House,2018-04-26,House Second Reading Special Order - Passed with Amendments - Committee,4
HB18-1316,2018,RS,House,2018-04-27,House Third Reading Passed - No Amendments,5
HB18-1316,2018,RS,Senate,2018-04-27,Introduced In Senate - Assigned to Finance + Appropriations,6
HB18-1316,2018,RS,Senate,2018-05-01,Senate Committee on Finance Refer Unamended to Appropriations,7
HB18-1316,2018,RS,Senate,2018-05-03,Senate Committee on Appropriations Refer Amended to Senate Committee of the Whole,8
HB18-1316,2018,RS,Senate,2018-05-03,Senate Second Reading Special Order - Passed with Amendments - Committee,9
HB18-1316,2018,RS,Senate,2018-05-04,Senate Third Reading Passed - No Amendments,10
HB18-1316,2018,RS,House,2018-05-07,House Considered Senate Amendments - Result was to Concur - Repass,11
HB18-1316,2018,RS,House,2018-05-18,Signed by the Speaker of the House,12
HB18-1316,2018,RS,Senate,2018-05-18,Signed by the President of the Senate,13
HB18-1316,2018,RS,Governor,2018-05-18,Sent to the Governor,14
HB18-1316,2018,RS,Governor,2018-05-24,Governor Signed,15
HB18-1317,2018,RS,House,2018-03-23,Introduced In House - Assigned to Business Affairs and Labor,1
HB18-1317,2018,RS,House,2018-04-03,House Committee on Business Affairs and Labor Postpone Indefinitely,2
HB18-1318,2018,RS,House,2018-03-23,"Introduced In House - Assigned to State, Veterans, & Military Affairs",1
HB18-1318,2018,RS,House,2018-04-18,"House Committee on State, Veterans, & Military Affairs Refer Unamended to House Committee of the Whole",2
HB18-1318,2018,RS,House,2018-04-23,House Second Reading Laid Over to 04/24/2018 - No Amendments,3
HB18-1318,2018,RS,House,2018-04-24,House Second Reading Special Order - Passed - No Amendments,4
HB18-1318,2018,RS,House,2018-04-25,House Third Reading Passed - No Amendments,5
HB18-1318,2018,RS,Senate,2018-04-25,"Introduced In Senate - Assigned to State, Veterans, & Military Affairs",6
HB18-1318,2018,RS,Senate,2018-05-03,"Senate Committee on State, Veterans, & Military Affairs Postpone Indefinitely",7
HB18-1319,2018,RS,House,2018-03-23,Introduced In House - Assigned to Public Health Care & Human Services,1
HB18-1319,2018,RS,House,2018-04-10,House Committee on Public Health Care & Human Services Refer Unamended to Appropriations,2
HB18-1319,2018,RS,House,2018-04-19,House Committee on Appropriations Refer Amended to House Committee of the Whole,3
HB18-1319,2018,RS,House,2018-04-19,House Second Reading Special Order - Passed with Amendments - Committee,4
HB18-1319,2018,RS,House,2018-04-20,House Third Reading Passed - No Amendments,5
HB18-1319,2018,RS,Senate,2018-04-23,"Introduced In Senate - Assigned to State, Veterans, & Military Affairs",6
HB18-1319,2018,RS,Senate,2018-05-02,"Senate Committee on State, Veterans, & Military Affairs Refer Unamended to Appropriations",7
HB18-1319,2018,RS,Senate,2018-05-03,Senate Committee on Appropriations Refer Unamended to Senate Committee of the Whole,8
HB18-1319,2018,RS,Senate,2018-05-03,Senate Second Reading Special Order - Passed - No Amendments,9
HB18-1319,2018,RS,Senate,2018-05-04,Senate Third Reading Passed - No Amendments,10
HB18-1319,2018,RS,House,2018-05-15,Signed by the Speaker of the House,11
HB18-1319,2018,RS,Senate,2018-05-16,Signed by the President of the Senate,12
HB18-1319,2018,RS,Governor,2018-05-16,Sent to the Governor,13
HB18-1319,2018,RS,Governor,2018-05-18,Governor Signed,14
HB18-1320,2018,RS,House,2018-03-23,Introduced In House - Assigned to Transportation & Energy,1
HB18-1320,2018,RS,House,2018-04-18,House Committee on Transportation & Energy Refer Amended to House Committee of the Whole,2
HB18-1320,2018,RS,House,2018-04-23,House Second Reading Passed with Amendments - Committee,3
HB18-1320,2018,RS,House,2018-04-24,House Third Reading Passed - No Amendments,4
HB18-1320,2018,RS,Senate,2018-04-24,Introduced In Senate - Assigned to Finance,5
HB18-1320,2018,RS,Senate,2018-05-01,Senate Committee on Finance Refer Amended - Consent Calendar to Senate Committee of the Whole,6
HB18-1320,2018,RS,Senate,2018-05-02,Senate Second Reading Special Order - Passed with Amendments - Committee,7
HB18-1320,2018,RS,Senate,2018-05-03,Senate Third Reading Passed - No Amendments,8
HB18-1320,2018,RS,House,2018-05-03,House Considered Senate Amendments - Result was to Laid Over Daily,9
HB18-1320,2018,RS,House,2018-05-04,House Considered Senate Amendments - Result was to Concur - Repass,10
HB18-1320,2018,RS,House,2018-05-17,Signed by the Speaker of the House,11
HB18-1320,2018,RS,Senate,2018-05-18,Signed by the President of the Senate,12
HB18-1320,2018,RS,Governor,2018-05-18,Sent to the Governor,13
HB18-1320,2018,RS,Governor,2018-06-01,Governor Signed,14
HB18-1321,2018,RS,House,2018-03-23,"Introduced In House - Assigned to Health, Insurance, & Environment",1
HB18-1321,2018,RS,House,2018-04-12,"House Committee on Health, Insurance, & Environment Refer Amended to Appropriations",2
HB18-1321,2018,RS,House,2018-04-23,House Committee on Appropriations Refer Amended to House Committee of the Whole,3
HB18-1321,2018,RS,House,2018-04-24,House Second Reading Special Order - Passed with Amendments - Committee,4
HB18-1321,2018,RS,House,2018-04-25,House Third Reading Passed - No Amendments,5
HB18-1321,2018,RS,Senate,2018-04-25,"Introduced In Senate - Assigned to State, Veterans, & Military Affairs",6
HB18-1321,2018,RS,Senate,2018-05-02,"Senate Committee on State, Veterans, & Military Affairs Refer Unamended to Appropriations",7
HB18-1321,2018,RS,Senate,2018-05-07,Senate Committee on Appropriations Refer Unamended to Senate Committee of the Whole,8
HB18-1321,2018,RS,Senate,2018-05-07,Senate Second Reading Special Order - Passed with Amendments - Floor,9
HB18-1321,2018,RS,Senate,2018-05-08,Senate Third Reading Passed with Amendments - Floor,10
HB18-1321,2018,RS,House,2018-05-08,House Considered Senate Amendments - Result was to Concur - Repass,11
HB18-1321,2018,RS,House,2018-05-22,Signed by the Speaker of the House,12
HB18-1321,2018,RS,Senate,2018-05-22,Signed by the President of the Senate,13
HB18-1321,2018,RS,Governor,2018-05-22,Sent to the Governor,14
HB18-1321,2018,RS,Governor,2018-05-30,Governor Signed,15
HB18-1322,2018,RS,House,2018-03-26,Introduced In House - Assigned to Appropriations,1
HB18-1322,2018,RS,House,2018-03-27,House Committee on Appropriations Refer Unamended to House Committee of the Whole,2
HB18-1322,2018,RS,House,2018-03-28,House Second Reading Special Order - Passed with Amendments - Floor,3
HB18-1322,2018,RS,House,2018-03-29,House Third Reading Passed - No Amendments,4
HB18-1322,2018,RS,Senate,2018-04-02,Introduced In Senate - Assigned to Appropriations,5
HB18-1322,2018,RS,Senate,2018-04-03,Senate Committee on Appropriations Refer Amended to Senate Committee of the Whole,6
HB18-1322,2018,RS,Senate,2018-04-04,"Senate Second Reading Special Order - Passed with Amendments - Committee, Floor",7
HB18-1322,2018,RS,Senate,2018-04-05,Senate Third Reading Passed - No Amendments,8
HB18-1322,2018,RS,Senate,2018-04-05,House Considered Senate Amendments - Result was to Laid Over to 04/09/2018,9
HB18-1322,2018,RS,Senate,2018-04-09,House Considered Senate Amendments - Result was to Not Concur - Request Conference Committee,10
HB18-1322,2018,RS,ConfComm,2018-04-11,First Conference Committee Result was to Adopt Rerevised w/ Amendments,11
HB18-1322,2018,RS,Senate,2018-04-12,Senate Consideration of First Conference Committee Report result was to Adopt Committee Report - Repass,12
HB18-1322,2018,RS,House,2018-04-12,House Consideration of First Conference Committee Report result was to Adopt Committee Report - Repass,13
HB18-1322,2018,RS,House,2018-04-18,Signed by the Speaker of the House,14
HB18-1322,2018,RS,Senate,2018-04-19,Signed by the President of the Senate,15
HB18-1322,2018,RS,Governor,2018-04-19,Sent to the Governor,16
HB18-1322,2018,RS,Governor,2018-04-30,Governor Signed,17
HB18-1323,2018,RS,House,2018-03-26,Introduced In House - Assigned to Appropriations,1
HB18-1323,2018,RS,House,2018-03-27,House Committee on Appropriations Refer Unamended to House Committee of the Whole,2
HB18-1323,2018,RS,House,2018-03-28,House Second Reading Special Order - Passed - No Amendments,3
HB18-1323,2018,RS,House,2018-03-29,House Third Reading Passed - No Amendments,4
HB18-1323,2018,RS,Senate,2018-04-02,Introduced In Senate - Assigned to Appropriations,5
HB18-1323,2018,RS,Senate,2018-04-03,Senate Committee on Appropriations Refer Unamended - Consent Calendar to Senate Committee of the Whole,6
HB18-1323,2018,RS,Senate,2018-04-04,Senate Second Reading Special Order - Passed - No Amendments,7
HB18-1323,2018,RS,Senate,2018-04-05,Senate Third Reading Passed - No Amendments,8
HB18-1323,2018,RS,House,2018-04-24,Signed by the Speaker of the House,9
HB18-1323,2018,RS,Senate,2018-04-24,Signed by the President of the Senate,10
HB18-1323,2018,RS,Governor,2018-04-24,Sent to the Governor,11
HB18-1323,2018,RS,Governor,2018-04-30,Governor Signed,12
HB18-1324,2018,RS,House,2018-03-26,Introduced In House - Assigned to Appropriations,1
HB18-1324,2018,RS,House,2018-03-27,House Committee on Appropriations Refer Unamended to House Committee of the Whole,2
HB18-1324,2018,RS,House,2018-03-28,House Second Reading Special Order - Passed - No Amendments,3
HB18-1324,2018,RS,House,2018-03-29,House Third Reading Passed - No Amendments,4
HB18-1324,2018,RS,Senate,2018-04-02,Introduced In Senate - Assigned to Appropriations,5
HB18-1324,2018,RS,Senate,2018-04-03,Senate Committee on Appropriations Refer Unamended to Senate Committee of the Whole,6
HB18-1324,2018,RS,Senate,2018-04-04,Senate Second Reading Special Order - Passed - No Amendments,7
HB18-1324,2018,RS,Senate,2018-04-05,Senate Third Reading Passed - No Amendments,8
HB18-1324,2018,RS,House,2018-04-24,Signed by the Speaker of the House,9
HB18-1324,2018,RS,Senate,2018-04-24,Signed by the President of the Senate,10
HB18-1324,2018,RS,Governor,2018-04-24,Sent to the Governor,11
HB18-1324,2018,RS,Governor,2018-04-30,Governor Signed,12
HB18-1325,2018,RS,House,2018-03-26,Introduced In House - Assigned to Appropriations,1
HB18-1325,2018,RS,House,2018-03-27,House Committee on Appropriations Refer Amended to House Committee of the Whole,2
HB18-1325,2018,RS,House,2018-03-28,House Second Reading Special Order - Passed with Amendments - Committee,3
HB18-1325,2018,RS,House,2018-03-29,House Third Reading Passed - No Amendments,4
HB18-1325,2018,RS,Senate,2018-04-02,Introduced In Senate - Assigned to Appropriations,5
HB18-1325,2018,RS,Senate,2018-04-03,Senate Committee on Appropriations Refer Unamended - Consent Calendar to Senate Committee of the Whole,6
HB18-1325,2018,RS,Senate,2018-04-04,Senate Second Reading Special Order - Passed - No Amendments,7
HB18-1325,2018,RS,Senate,2018-04-05,Senate Third Reading Passed - No Amendments,8
HB18-1325,2018,RS,House,2018-04-26,Signed by the Speaker of the House,9
HB18-1325,2018,RS,Senate,2018-04-26,Signed by the President of the Senate,10
HB18-1325,2018,RS,Governor,2018-04-26,Sent to the Governor,11
HB18-1325,2018,RS,Governor,2018-04-30,Governor Signed,12
HB18-1326,2018,RS,House,2018-03-26,Introduced In House - Assigned to Appropriations,1
HB18-1326,2018,RS,House,2018-03-27,House Committee on Appropriations Refer Unamended to House Committee of the Whole,2
HB18-1326,2018,RS,House,2018-03-28,House Second Reading Special Order - Passed - No Amendments,3
HB18-1326,2018,RS,House,2018-03-29,House Third Reading Passed - No Amendments,4
HB18-1326,2018,RS,Senate,2018-04-02,Introduced In Senate - Assigned to Appropriations,5
HB18-1326,2018,RS,Senate,2018-04-03,Senate Committee on Appropriations Refer Amended - Consent Calendar to Senate Committee of the Whole,6
HB18-1326,2018,RS,Senate,2018-04-04,"Senate Second Reading Special Order - Passed with Amendments - Committee, Floor",7
HB18-1326,2018,RS,Senate,2018-04-05,Senate Third Reading Passed - No Amendments,8
HB18-1326,2018,RS,House,2018-04-05,House Considered Senate Amendments - Result was to Laid Over to 04/09/2018,9
HB18-1326,2018,RS,House,2018-04-09,House Considered Senate Amendments - Result was to Concur - Repass,10
HB18-1326,2018,RS,House,2018-04-17,Signed by the Speaker of the House,11
HB18-1326,2018,RS,Senate,2018-04-19,Signed by the President of the Senate,12
HB18-1326,2018,RS,Governor,2018-04-19,Sent to the Governor,13
HB18-1326,2018,RS,Governor,2018-04-30,Governor Signed,14
HB18-1327,2018,RS,House,2018-03-26,Introduced In House - Assigned to Appropriations,1
HB18-1327,2018,RS,House,2018-03-27,House Committee on Appropriations Refer Unamended to House Committee of the Whole,2
HB18-1327,2018,RS,House,2018-03-28,House Second Reading Special Order - Passed - No Amendments,3
HB18-1327,2018,RS,House,2018-03-29,House Third Reading Passed - No Amendments,4
HB18-1327,2018,RS,Senate,2018-04-02,Introduced In Senate - Assigned to Appropriations,5
HB18-1327,2018,RS,Senate,2018-04-03,Senate Committee on Appropriations Refer Unamended to Senate Committee of the Whole,6
HB18-1327,2018,RS,Senate,2018-04-04,Senate Second Reading Special Order - Passed - No Amendments,7
HB18-1327,2018,RS,Senate,2018-04-05,Senate Third Reading Passed - No Amendments,8
HB18-1327,2018,RS,House,2018-04-16,Signed by the Speaker of the House,9
HB18-1327,2018,RS,Senate,2018-04-16,Signed by the President of the Senate,10
HB18-1327,2018,RS,Governor,2018-04-17,Sent to the Governor,11
HB18-1327,2018,RS,Governor,2018-04-23,Governor Signed,12
HB18-1328,2018,RS,House,2018-03-26,Introduced In House - Assigned to Appropriations,1
HB18-1328,2018,RS,House,2018-03-27,House Committee on Appropriations Refer Amended to House Committee of the Whole,2
HB18-1328,2018,RS,House,2018-03-28,House Second Reading Special Order - Passed with Amendments - Committee,3
HB18-1328,2018,RS,House,2018-03-29,House Third Reading Passed - No Amendments,4
HB18-1328,2018,RS,Senate,2018-04-02,Introduced In Senate - Assigned to Appropriations,5
HB18-1328,2018,RS,Senate,2018-04-03,Senate Committee on Appropriations Refer Unamended - Consent Calendar to Senate Committee of the Whole,6
HB18-1328,2018,RS,Senate,2018-04-04,Senate Second Reading Special Order - Passed - No Amendments,7
HB18-1328,2018,RS,Senate,2018-04-05,Senate Third Reading Passed - No Amendments,8
HB18-1328,2018,RS,House,2018-04-18,Signed by the Speaker of the House,9
HB18-1328,2018,RS,Senate,2018-04-19,Signed by the President of the Senate,10
HB18-1328,2018,RS,Governor,2018-04-19,Sent to the Governor,11
HB18-1328,2018,RS,Governor,2018-04-30,Governor Signed,12
HB18-1329,2018,RS,House,2018-03-26,Introduced In House - Assigned to Appropriations,1
HB18-1329,2018,RS,House,2018-03-27,House Committee on Appropriations Refer Unamended to House Committee of the Whole,2
HB18-1329,2018,RS,House,2018-03-28,House Second Reading Special Order - Passed - No Amendments,3
HB18-1329,2018,RS,House,2018-03-29,House Third Reading Passed - No Amendments,4
HB18-1329,2018,RS,Senate,2018-04-02,Introduced In Senate - Assigned to Appropriations,5
HB18-1329,2018,RS,Senate,2018-04-03,Senate Committee on Appropriations Refer Unamended to Senate Committee of the Whole,6
HB18-1329,2018,RS,Senate,2018-04-04,Senate Second Reading Special Order - Passed with Amendments - Floor,7
HB18-1329,2018,RS,Senate,2018-04-05,Senate Third Reading Passed - No Amendments,8
HB18-1329,2018,RS,House,2018-04-09,House Considered Senate Amendments - Result was to Not Concur - Request Conference Committee,9
HB18-1329,2018,RS,House,2018-04-09,House Considered Senate Amendments - Result was to Laid Over to 04/09/2018,10
HB18-1329,2018,RS,ConfComm,2018-04-11,First Conference Committee Result was to Adopt Rerevised w/ Amendments,11
HB18-1329,2018,RS,Senate,2018-04-12,Senate Consideration of First Conference Committee Report result was to Adopt Committee Report - Repass,12
HB18-1329,2018,RS,House,2018-04-12,House Consideration of First Conference Committee Report result was to Adopt Committee Report - Repass,13
HB18-1329,2018,RS,House,2018-04-26,Signed by the Speaker of the House,14
HB18-1329,2018,RS,Senate,2018-04-26,Signed by the President of the Senate,15
HB18-1329,2018,RS,Governor,2018-04-26,Sent to the Governor,16
HB18-1329,2018,RS,Governor,2018-05-04,Governor Signed,17
HB18-1330,2018,RS,House,2018-03-26,Introduced In House - Assigned to Appropriations,1
HB18-1330,2018,RS,House,2018-03-27,House Committee on Appropriations Refer Unamended to House Committee of the Whole,2
HB18-1330,2018,RS,House,2018-03-28,House Second Reading Special Order - Passed - No Amendments,3
HB18-1330,2018,RS,House,2018-03-29,House Third Reading Passed - No Amendments,4
HB18-1330,2018,RS,Senate,2018-04-02,Introduced In Senate - Assigned to Appropriations,5
HB18-1330,2018,RS,Senate,2018-04-03,Senate Committee on Appropriations Refer Unamended - Consent Calendar to Senate Committee of the Whole,6
HB18-1330,2018,RS,Senate,2018-04-04,Senate Second Reading Special Order - Passed - No Amendments,7
HB18-1330,2018,RS,Senate,2018-04-05,Senate Third Reading Passed - No Amendments,8
HB18-1330,2018,RS,House,2018-04-16,Signed by the Speaker of the House,9
HB18-1330,2018,RS,Senate,2018-04-16,Signed by the President of the Senate,10
HB18-1330,2018,RS,Governor,2018-04-17,Sent to the Governor,11
HB18-1330,2018,RS,Governor,2018-04-23,Governor Signed,12
HB18-1331,2018,RS,House,2018-03-26,Introduced In House - Assigned to Appropriations,1
HB18-1331,2018,RS,House,2018-03-27,House Committee on Appropriations Refer Amended to House Committee of the Whole,2
HB18-1331,2018,RS,House,2018-03-28,House Second Reading Special Order - Passed with Amendments - Committee,3
HB18-1331,2018,RS,House,2018-03-29,House Third Reading Passed - No Amendments,4
HB18-1331,2018,RS,Senate,2018-04-02,Introduced In Senate - Assigned to Appropriations,5
HB18-1331,2018,RS,Senate,2018-04-03,Senate Committee on Appropriations Refer Unamended to Senate Committee of the Whole,6
HB18-1331,2018,RS,Senate,2018-04-04,Senate Second Reading Special Order - Passed - No Amendments,7
HB18-1331,2018,RS,Senate,2018-04-05,Senate Third Reading Passed - No Amendments,8
HB18-1331,2018,RS,House,2018-04-26,Signed by the Speaker of the House,9
HB18-1331,2018,RS,Senate,2018-04-26,Signed by the President of the Senate,10
HB18-1331,2018,RS,Governor,2018-04-26,Sent to the Governor,11
HB18-1331,2018,RS,Governor,2018-04-30,Governor Signed,12
HB18-1332,2018,RS,House,2018-03-26,Introduced In House - Assigned to Appropriations,1
HB18-1332,2018,RS,House,2018-03-27,House Committee on Appropriations Refer Amended to House Committee of the Whole,2
HB18-1332,2018,RS,House,2018-03-28,"House Second Reading Special Order - Passed with Amendments - Committee, Floor",3
HB18-1332,2018,RS,House,2018-03-29,House Third Reading Passed - No Amendments,4
HB18-1332,2018,RS,Senate,2018-04-02,Introduced In Senate - Assigned to Appropriations,5
HB18-1332,2018,RS,Senate,2018-04-03,Senate Committee on Appropriations Refer Amended to Senate Committee of the Whole,6
HB18-1332,2018,RS,Senate,2018-04-04,Senate Second Reading Special Order - Passed - No Amendments,7
HB18-1332,2018,RS,Senate,2018-04-05,Senate Third Reading Passed - No Amendments,8
HB18-1332,2018,RS,House,2018-04-18,Signed by the Speaker of the House,9
HB18-1332,2018,RS,Senate,2018-04-19,Signed by the President of the Senate,10
HB18-1332,2018,RS,Governor,2018-04-19,Sent to the Governor,11
HB18-1332,2018,RS,Governor,2018-04-30,Governor Signed,12
HB18-1333,2018,RS,House,2018-03-26,Introduced In House - Assigned to Appropriations,1
HB18-1333,2018,RS,House,2018-03-27,House Committee on Appropriations Refer Amended to House Committee of the Whole,2
HB18-1333,2018,RS,House,2018-03-28,House Second Reading Special Order - Passed with Amendments - Committee,3
HB18-1333,2018,RS,House,2018-03-29,House Third Reading Passed - No Amendments,4
HB18-1333,2018,RS,Senate,2018-04-02,Introduced In Senate - Assigned to Appropriations,5
HB18-1333,2018,RS,Senate,2018-04-03,Senate Committee on Appropriations Refer Unamended to Senate Committee of the Whole,6
HB18-1333,2018,RS,Senate,2018-04-04,Senate Second Reading Special Order - Passed - No Amendments,7
HB18-1333,2018,RS,Senate,2018-04-05,Senate Third Reading Passed - No Amendments,8
HB18-1333,2018,RS,House,2018-04-18,Signed by the Speaker of the House,9
HB18-1333,2018,RS,Senate,2018-04-19,Signed by the President of the Senate,10
HB18-1333,2018,RS,Governor,2018-04-19,Sent to the Governor,11
HB18-1333,2018,RS,Governor,2018-04-30,Governor Signed,12
HB18-1334,2018,RS,House,2018-03-26,Introduced In House - Assigned to Appropriations,1
HB18-1334,2018,RS,House,2018-03-27,House Committee on Appropriations Refer Unamended to House Committee of the Whole,2
HB18-1334,2018,RS,House,2018-03-28,House Second Reading Special Order - Passed - No Amendments,3
HB18-1334,2018,RS,House,2018-03-29,House Third Reading Passed - No Amendments,4
HB18-1334,2018,RS,Senate,2018-04-02,Introduced In Senate - Assigned to Appropriations,5
HB18-1334,2018,RS,Senate,2018-04-03,Senate Committee on Appropriations Refer Unamended to Senate Committee of the Whole,6
HB18-1334,2018,RS,Senate,2018-04-04,Senate Second Reading Special Order - Passed - No Amendments,7
HB18-1334,2018,RS,Senate,2018-04-05,Senate Third Reading Passed - No Amendments,8
HB18-1334,2018,RS,House,2018-04-18,Signed by the Speaker of the House,9
HB18-1334,2018,RS,Senate,2018-04-19,Signed by the President of the Senate,10
HB18-1334,2018,RS,Governor,2018-04-19,Sent to the Governor,11
HB18-1334,2018,RS,Governor,2018-04-30,Governor Signed,12
HB18-1335,2018,RS,House,2018-03-26,Introduced In House - Assigned to Appropriations,1
HB18-1335,2018,RS,House,2018-04-06,House Committee on Appropriations Refer Amended to House Committee of the Whole,2
HB18-1335,2018,RS,House,2018-04-06,House Second Reading Special Order - Laid Over to 04/09/2018 - No Amendments,3
HB18-1335,2018,RS,House,2018-04-09,House Second Reading Laid Over to 04/10/2018 - No Amendments,4
HB18-1335,2018,RS,House,2018-04-10,House Second Reading Passed with Amendments - Committee,5
HB18-1335,2018,RS,House,2018-04-11,House Third Reading Passed - No Amendments,6
HB18-1335,2018,RS,Senate,2018-04-11,Introduced In Senate - Assigned to Appropriations,7
HB18-1335,2018,RS,Senate,2018-04-17,Senate Committee on Appropriations Refer Unamended to Senate Committee of the Whole,8
HB18-1335,2018,RS,Senate,2018-04-19,Senate Second Reading Passed - No Amendments,9
HB18-1335,2018,RS,Senate,2018-04-20,Senate Third Reading Laid Over Daily - No Amendments,10
HB18-1335,2018,RS,Senate,2018-04-23,Senate Third Reading Passed - No Amendments,11
HB18-1335,2018,RS,Senate,2018-04-23,Senate Third Reading Reconsidered - No Amendments,12
HB18-1335,2018,RS,Senate,2018-04-23,Senate Third Reading Passed with Amendments - Floor,13
HB18-1335,2018,RS,House,2018-04-23,House Considered Senate Amendments - Result was to Laid Over Daily,14
HB18-1335,2018,RS,House,2018-04-26,House Considered Senate Amendments - Result was to Concur - Repass,15
HB18-1335,2018,RS,House,2018-05-11,Signed by the Speaker of the House,16
HB18-1335,2018,RS,Governor,2018-05-14,Sent to the Governor,17
HB18-1335,2018,RS,Senate,2018-05-14,Signed by the President of the Senate,18
HB18-1335,2018,RS,Governor,2018-06-06,Governor Signed,19
HB18-1336,2018,RS,House,2018-03-26,Introduced In House - Assigned to Appropriations,1
HB18-1336,2018,RS,House,2018-03-27,House Committee on Appropriations Refer Unamended to House Committee of the Whole,2
HB18-1336,2018,RS,House,2018-03-28,House Second Reading Special Order - Passed - No Amendments,3
HB18-1336,2018,RS,House,2018-03-29,House Third Reading Passed - No Amendments,4
HB18-1336,2018,RS,Senate,2018-04-02,Introduced In Senate - Assigned to Appropriations,5
HB18-1336,2018,RS,Senate,2018-04-03,Senate Committee on Appropriations Refer Unamended - Consent Calendar to Senate Committee of the Whole,6
HB18-1336,2018,RS,Senate,2018-04-04,Senate Second Reading Special Order - Passed - No Amendments,7
HB18-1336,2018,RS,Senate,2018-04-05,Senate Third Reading Passed - No Amendments,8
HB18-1336,2018,RS,House,2018-04-26,Signed by the Speaker of the House,9
HB18-1336,2018,RS,Senate,2018-04-26,Signed by the President of the Senate,10
HB18-1336,2018,RS,Governor,2018-04-26,Sent to the Governor,11
HB18-1336,2018,RS,Governor,2018-04-30,Governor Signed,12
HB18-1337,2018,RS,House,2018-03-26,Introduced In House - Assigned to Appropriations,1
HB18-1337,2018,RS,House,2018-03-27,House Committee on Appropriations Refer Amended to House Committee of the Whole,2
HB18-1337,2018,RS,House,2018-03-28,House Second Reading Special Order - Passed with Amendments - Committee,3
HB18-1337,2018,RS,House,2018-03-29,House Third Reading Passed - No Amendments,4
HB18-1337,2018,RS,Senate,2018-04-02,Introduced In Senate - Assigned to Appropriations,5
HB18-1337,2018,RS,Senate,2018-04-03,Senate Committee on Appropriations Refer Unamended - Consent Calendar to Senate Committee of the Whole,6
HB18-1337,2018,RS,Senate,2018-04-04,Senate Second Reading Special Order - Passed - No Amendments,7
HB18-1337,2018,RS,Senate,2018-04-05,Senate Third Reading Passed - No Amendments,8
HB18-1337,2018,RS,House,2018-04-18,Signed by the Speaker of the House,9
HB18-1337,2018,RS,Senate,2018-04-19,Signed by the President of the Senate,10
HB18-1337,2018,RS,Governor,2018-04-19,Sent to the Governor,11
HB18-1337,2018,RS,Governor,2018-04-30,Governor Signed,12
HB18-1338,2018,RS,House,2018-03-26,Introduced In House - Assigned to Appropriations,1
HB18-1338,2018,RS,House,2018-03-27,House Committee on Appropriations Refer Unamended to House Committee of the Whole,2
HB18-1338,2018,RS,House,2018-03-28,House Second Reading Special Order - Passed with Amendments - Floor,3
HB18-1338,2018,RS,House,2018-03-29,House Third Reading Passed - No Amendments,4
HB18-1338,2018,RS,Senate,2018-04-02,Introduced In Senate - Assigned to Appropriations,5
HB18-1338,2018,RS,Senate,2018-04-03,Senate Committee on Appropriations Refer Amended to Senate Committee of the Whole,6
HB18-1338,2018,RS,Senate,2018-04-04,Senate Second Reading Special Order - Passed with Amendments - Committee,7
HB18-1338,2018,RS,Senate,2018-04-05,Senate Third Reading Passed - No Amendments,8
HB18-1338,2018,RS,House,2018-04-09,House Considered Senate Amendments - Result was to Not Concur - Request Conference Committee,9
HB18-1338,2018,RS,House,2018-04-09,House Considered Senate Amendments - Result was to Laid Over to 04/09/2018,10
HB18-1338,2018,RS,Senate,2018-04-12,Senate Consideration of First Conference Committee Report result was to Adhere - CCR not produced,11
HB18-1338,2018,RS,House,2018-04-12,House Consideration of First Conference Committee Report result was to Recede - CCR not produced,12
HB18-1338,2018,RS,House,2018-04-26,Signed by the Speaker of the House,13
HB18-1338,2018,RS,Senate,2018-04-26,Signed by the President of the Senate,14
HB18-1338,2018,RS,Governor,2018-04-26,Sent to the Governor,15
HB18-1338,2018,RS,Governor,2018-05-04,Governor Signed,16
HB18-1339,2018,RS,House,2018-03-26,Introduced In House - Assigned to Appropriations,1
HB18-1339,2018,RS,House,2018-03-27,House Committee on Appropriations Refer Amended to House Committee of the Whole,2
HB18-1339,2018,RS,House,2018-03-28,House Second Reading Special Order - Passed with Amendments - Committee,3
HB18-1339,2018,RS,House,2018-03-29,House Third Reading Passed - No Amendments,4
HB18-1339,2018,RS,Senate,2018-04-02,Introduced In Senate - Assigned to Appropriations,5
HB18-1339,2018,RS,Senate,2018-04-03,Senate Committee on Appropriations Refer Amended - Consent Calendar to Senate Committee of the Whole,6
HB18-1339,2018,RS,Senate,2018-04-04,Senate Second Reading Special Order - Passed with Amendments - Committee,7
HB18-1339,2018,RS,Senate,2018-04-05,Senate Third Reading Passed - No Amendments,8
HB18-1339,2018,RS,House,2018-04-05,House Considered Senate Amendments - Result was to Laid Over to 04/09/2018,9
HB18-1339,2018,RS,House,2018-04-09,House Considered Senate Amendments - Result was to Concur - Repass,10
HB18-1339,2018,RS,House,2018-04-24,Signed by the Speaker of the House,11
HB18-1339,2018,RS,Senate,2018-04-24,Signed by the President of the Senate,12
HB18-1339,2018,RS,Governor,2018-04-24,Sent to the Governor,13
HB18-1339,2018,RS,Governor,2018-04-30,Governor Signed,14
HB18-1340,2018,RS,House,2018-03-26,Introduced In House - Assigned to Appropriations,1
HB18-1340,2018,RS,House,2018-03-27,House Committee on Appropriations Refer Unamended to House Committee of the Whole,2
HB18-1340,2018,RS,House,2018-03-28,House Second Reading Special Order - Passed with Amendments - Floor,3
HB18-1340,2018,RS,House,2018-03-29,House Third Reading Passed - No Amendments,4
HB18-1340,2018,RS,Senate,2018-04-02,Introduced In Senate - Assigned to Appropriations,5
HB18-1340,2018,RS,Senate,2018-04-03,Senate Committee on Appropriations Refer Amended to Senate Committee of the Whole,6
HB18-1340,2018,RS,Senate,2018-04-04,"Senate Second Reading Special Order - Passed with Amendments - Committee, Floor",7
HB18-1340,2018,RS,Senate,2018-04-05,Senate Third Reading Passed - No Amendments,8
HB18-1340,2018,RS,House,2018-04-05,House Considered Senate Amendments - Result was to Laid Over to 04/09/2018,9
HB18-1340,2018,RS,House,2018-04-09,House Considered Senate Amendments - Result was to Not Concur - Request Conference Committee,10
HB18-1340,2018,RS,ConfComm,2018-05-09,First Conference Committee Result was to Adopt Rerevised w/ Amendments,11
HB18-1340,2018,RS,Senate,2018-05-09,Senate Consideration of First Conference Committee Report result was to Adopt Committee Report - Repass,12
HB18-1340,2018,RS,House,2018-05-09,House Consideration of First Conference Committee Report result was to Adopt Committee Report - Repass,13
HB18-1340,2018,RS,House,2018-05-22,Signed by the Speaker of the House,14
HB18-1340,2018,RS,Senate,2018-05-22,Signed by the President of the Senate,15
HB18-1340,2018,RS,Governor,2018-05-22,Sent to the Governor,16
HB18-1340,2018,RS,Governor,2018-05-30,Governor Signed,17
HB18-1341,2018,RS,House,2018-03-26,Introduced In House - Assigned to Education,1
HB18-1341,2018,RS,House,2018-04-04,House Committee on Education Refer Unamended to Appropriations,2
HB18-1341,2018,RS,House,2018-04-11,House Committee on Appropriations Refer Amended to House Committee of the Whole,3
HB18-1341,2018,RS,House,2018-04-12,House Second Reading Special Order - Laid Over Daily - No Amendments,4
HB18-1341,2018,RS,House,2018-04-13,"House Second Reading Special Order - Passed with Amendments - Committee, Floor",5
HB18-1341,2018,RS,House,2018-04-13,House Third Reading Laid Over to 04/17/2018 - No Amendments,6
HB18-1341,2018,RS,House,2018-04-17,House Third Reading Passed - No Amendments,7
HB18-1341,2018,RS,Senate,2018-04-17,"Introduced In Senate - Assigned to State, Veterans, & Military Affairs",8
HB18-1341,2018,RS,Senate,2018-04-25,"Senate Committee on State, Veterans, & Military Affairs Postpone Indefinitely",9
HB18-1342,2018,RS,House,2018-03-26,Introduced In House - Assigned to Business Affairs and Labor,1
HB18-1342,2018,RS,House,2018-04-10,House Committee on Business Affairs and Labor Refer Unamended to House Committee of the Whole,2
HB18-1342,2018,RS,House,2018-04-13,House Second Reading Special Order - Laid Over Daily - No Amendments,3
HB18-1342,2018,RS,House,2018-04-16,House Second Reading Laid Over to 04/17/2018 - No Amendments,4
HB18-1342,2018,RS,House,2018-04-17,House Second Reading Laid Over to 04/18/2018 - No Amendments,5
HB18-1342,2018,RS,House,2018-04-18,House Second Reading Passed with Amendments - Floor,6
HB18-1342,2018,RS,House,2018-04-19,House Third Reading Laid Over to 04/20/2018 - No Amendments,7
HB18-1342,2018,RS,House,2018-04-20,House Third Reading Passed - No Amendments,8
HB18-1342,2018,RS,Senate,2018-04-23,Introduced In Senate - Assigned to Finance,9
HB18-1342,2018,RS,Senate,2018-04-26,Senate Committee on Finance Refer Unamended - Consent Calendar to Senate Committee of the Whole,10
HB18-1342,2018,RS,Senate,2018-04-30,Senate Second Reading Passed - No Amendments,11
HB18-1342,2018,RS,Senate,2018-05-01,Senate Third Reading Passed - No Amendments,12
HB18-1342,2018,RS,House,2018-05-11,Signed by the Speaker of the House,13
HB18-1342,2018,RS,Governor,2018-05-14,Sent to the Governor,14
HB18-1342,2018,RS,Senate,2018-05-14,Signed by the President of the Senate,15
HB18-1342,2018,RS,Governor,2018-06-06,Governor Signed,16
HB18-1343,2018,RS,House,2018-03-26,Introduced In House - Assigned to Education,1
HB18-1343,2018,RS,House,2018-04-11,House Committee on Education Refer Amended to Appropriations,2
HB18-1343,2018,RS,House,2018-04-25,House Committee on Appropriations Refer Amended to House Committee of the Whole,3
HB18-1343,2018,RS,House,2018-04-26,House Second Reading Special Order - Passed with Amendments - Committee,4
HB18-1343,2018,RS,House,2018-04-27,House Third Reading Passed - No Amendments,5
HB18-1343,2018,RS,Senate,2018-04-27,"Introduced In Senate - Assigned to State, Veterans, & Military Affairs",6
HB18-1343,2018,RS,Senate,2018-05-01,"Senate Committee on State, Veterans, & Military Affairs Refer Unamended to Appropriations",7
HB18-1343,2018,RS,Senate,2018-05-03,Senate Committee on Appropriations Refer Amended to Senate Committee of the Whole,8
HB18-1343,2018,RS,Senate,2018-05-03,Senate Second Reading Special Order - Passed with Amendments - Committee,9
HB18-1343,2018,RS,Senate,2018-05-04,Senate Third Reading Passed - No Amendments,10
HB18-1343,2018,RS,House,2018-05-07,House Considered Senate Amendments - Result was to Concur - Repass,11
HB18-1343,2018,RS,House,2018-05-18,Signed by the Speaker of the House,12
HB18-1343,2018,RS,Senate,2018-05-18,Signed by the President of the Senate,13
HB18-1343,2018,RS,Governor,2018-05-18,Sent to the Governor,14
HB18-1343,2018,RS,Governor,2018-05-24,Governor Signed,15
HB18-1344,2018,RS,House,2018-03-26,Introduced In House - Assigned to Judiciary,1
HB18-1344,2018,RS,House,2018-04-12,House Committee on Judiciary Refer Unamended to House Committee of the Whole,2
HB18-1344,2018,RS,House,2018-04-17,House Second Reading Passed - No Amendments,3
HB18-1344,2018,RS,House,2018-04-18,House Third Reading Passed - No Amendments,4
HB18-1344,2018,RS,Senate,2018-04-18,Introduced In Senate - Assigned to Judiciary,5
HB18-1344,2018,RS,Senate,2018-04-23,Senate Committee on Judiciary Refer Unamended - Consent Calendar to Senate Committee of the Whole,6
HB18-1344,2018,RS,Senate,2018-04-25,Senate Second Reading Special Order - Passed - No Amendments,7
HB18-1344,2018,RS,Senate,2018-04-26,Senate Third Reading Passed - No Amendments,8
HB18-1344,2018,RS,House,2018-05-02,Signed by the Speaker of the House,9
HB18-1344,2018,RS,Senate,2018-05-04,Signed by the President of the Senate,10
HB18-1344,2018,RS,Governor,2018-05-04,Sent to the Governor,11
HB18-1344,2018,RS,Governor,2018-05-29,Governor Signed,12
HB18-1345,2018,RS,House,2018-03-27,Introduced In House - Assigned to Transportation & Energy,1
HB18-1345,2018,RS,House,2018-04-26,House Committee on Transportation & Energy Postpone Indefinitely,2
HB18-1346,2018,RS,House,2018-04-02,Introduced In House - Assigned to Public Health Care & Human Services,1
HB18-1346,2018,RS,House,2018-04-10,House Committee on Public Health Care & Human Services Refer Amended to House Committee of the Whole,2
HB18-1346,2018,RS,House,2018-04-13,House Second Reading Special Order - Laid Over Daily - No Amendments,3
HB18-1346,2018,RS,House,2018-04-16,"House Second Reading Passed with Amendments - Committee, Floor",4
HB18-1346,2018,RS,House,2018-04-17,House Third Reading Passed - No Amendments,5
HB18-1346,2018,RS,Senate,2018-04-17,Introduced In Senate - Assigned to Health & Human Services,6
HB18-1346,2018,RS,Senate,2018-04-26,Senate Committee on Health & Human Services Refer Amended - Consent Calendar to Senate Committee of the Whole,7
HB18-1346,2018,RS,Senate,2018-04-30,Senate Second Reading Passed with Amendments - Committee,8
HB18-1346,2018,RS,Senate,2018-05-01,Senate Third Reading Passed - No Amendments,9
HB18-1346,2018,RS,House,2018-05-01,House Considered Senate Amendments - Result was to Laid Over Daily,10
HB18-1346,2018,RS,House,2018-05-04,House Considered Senate Amendments - Result was to Concur - Repass,11
HB18-1346,2018,RS,House,2018-05-16,Signed by the Speaker of the House,12
HB18-1346,2018,RS,Senate,2018-05-16,Signed by the President of the Senate,13
HB18-1346,2018,RS,Governor,2018-05-16,Sent to the Governor,14
HB18-1346,2018,RS,Governor,2018-05-30,Governor Signed,15
HB18-1347,2018,RS,House,2018-04-02,Introduced In House - Assigned to Transportation & Energy,1
HB18-1347,2018,RS,House,2018-04-25,House Committee on Transportation & Energy Postpone Indefinitely,2
HB18-1348,2018,RS,House,2018-04-02,Introduced In House - Assigned to Public Health Care & Human Services,1
HB18-1348,2018,RS,House,2018-04-10,House Committee on Public Health Care & Human Services Refer Amended to House Committee of the Whole,2
HB18-1348,2018,RS,House,2018-04-13,House Second Reading Special Order - Laid Over Daily - No Amendments,3
HB18-1348,2018,RS,House,2018-04-16,House Second Reading Passed with Amendments - Committee,4
HB18-1348,2018,RS,House,2018-04-17,House Third Reading Passed - No Amendments,5
HB18-1348,2018,RS,Senate,2018-04-17,"Introduced In Senate - Assigned to State, Veterans, & Military Affairs",6
HB18-1348,2018,RS,Senate,2018-04-23,"Senate Committee on State, Veterans, & Military Affairs Refer Unamended - Consent Calendar to Senate Committee of the Whole",7
HB18-1348,2018,RS,Senate,2018-04-25,Senate Second Reading Special Order - Passed - No Amendments,8
HB18-1348,2018,RS,Senate,2018-04-26,Senate Third Reading Passed - No Amendments,9
HB18-1348,2018,RS,House,2018-05-02,Signed by the Speaker of the House,10
HB18-1348,2018,RS,Senate,2018-05-04,Signed by the President of the Senate,11
HB18-1348,2018,RS,Governor,2018-05-04,Sent to the Governor,12
HB18-1348,2018,RS,Governor,2018-05-30,Governor Signed,13
HB18-1349,2018,RS,House,2018-04-02,Introduced In House - Assigned to Transportation & Energy,1
HB18-1349,2018,RS,House,2018-04-12,House Committee on Transportation & Energy Refer Unamended to Appropriations,2
HB18-1349,2018,RS,House,2018-04-23,House Committee on Appropriations Refer Unamended to House Committee of the Whole,3
HB18-1349,2018,RS,House,2018-04-24,House Second Reading Special Order - Passed - No Amendments,4
HB18-1349,2018,RS,House,2018-04-25,House Third Reading Passed - No Amendments,5
HB18-1349,2018,RS,Senate,2018-05-01,Introduced In Senate - Assigned to Finance,6
HB18-1349,2018,RS,Senate,2018-05-02,Senate Committee on Finance Refer Unamended to Appropriations,7
HB18-1349,2018,RS,Senate,2018-05-03,Senate Committee on Appropriations Refer Unamended - Consent Calendar to Senate Committee of the Whole,8
HB18-1349,2018,RS,Senate,2018-05-03,Senate Second Reading Special Order - Passed - No Amendments,9
HB18-1349,2018,RS,Senate,2018-05-04,Senate Third Reading Passed - No Amendments,10
HB18-1349,2018,RS,House,2018-05-16,Signed by the Speaker of the House,11
HB18-1349,2018,RS,Senate,2018-05-16,Signed by the President of the Senate,12
HB18-1349,2018,RS,Governor,2018-05-16,Sent to the Governor,13
HB18-1349,2018,RS,Governor,2018-05-24,Governor Signed,14
HB18-1350,2018,RS,House,2018-04-02,Introduced In House - Assigned to Business Affairs and Labor + Appropriations,1
HB18-1350,2018,RS,House,2018-04-10,House Committee on Business Affairs and Labor Refer Unamended to Finance,2
HB18-1350,2018,RS,House,2018-04-18,House Committee on Finance Refer Unamended to Appropriations,3
HB18-1350,2018,RS,House,2018-04-27,House Committee on Appropriations Refer Amended to House Committee of the Whole,4
HB18-1350,2018,RS,House,2018-04-27,House Second Reading Special Order - Passed with Amendments - Committee,5
HB18-1350,2018,RS,House,2018-04-30,House Third Reading Passed - No Amendments,6
HB18-1350,2018,RS,Senate,2018-04-30,Introduced In Senate - Assigned to Finance,7
HB18-1350,2018,RS,Senate,2018-05-02,Senate Committee on Finance Refer Unamended to Appropriations,8
HB18-1350,2018,RS,Senate,2018-05-03,Senate Committee on Appropriations Refer Unamended - Consent Calendar to Senate Committee of the Whole,9
HB18-1350,2018,RS,Senate,2018-05-03,Senate Second Reading Special Order - Passed - No Amendments,10
HB18-1350,2018,RS,Senate,2018-05-04,Senate Third Reading Passed - No Amendments,11
HB18-1350,2018,RS,House,2018-05-17,Signed by the Speaker of the House,12
HB18-1350,2018,RS,Senate,2018-05-18,Signed by the President of the Senate,13
HB18-1350,2018,RS,Governor,2018-05-18,Sent to the Governor,14
HB18-1350,2018,RS,Governor,2018-06-06,Governor Signed,15
HB18-1351,2018,RS,House,2018-04-02,Introduced In House - Assigned to Finance,1
HB18-1351,2018,RS,House,2018-04-11,House Committee on Finance Refer Unamended to Appropriations,2
HB18-1351,2018,RS,House,2018-05-04,House Committee on Appropriations Refer Amended to House Committee of the Whole,3
HB18-1351,2018,RS,House,2018-05-04,"House Second Reading Special Order - Passed with Amendments - Committee, Floor",4
HB18-1351,2018,RS,House,2018-05-07,House Third Reading Passed - No Amendments,5
HB18-1351,2018,RS,Senate,2018-05-07,Introduced In Senate - Assigned to Finance,6
HB18-1351,2018,RS,Senate,2018-05-07,Senate Committee on Finance Refer Unamended to Appropriations,7
HB18-1351,2018,RS,Senate,2018-05-07,Senate Committee on Appropriations Refer Unamended to Senate Committee of the Whole,8
HB18-1351,2018,RS,Senate,2018-05-07,Senate Second Reading Special Order - Passed - No Amendments,9
HB18-1351,2018,RS,Senate,2018-05-08,Senate Third Reading Passed - No Amendments,10
HB18-1351,2018,RS,House,2018-05-22,Signed by the Speaker of the House,11
HB18-1351,2018,RS,Senate,2018-05-22,Signed by the President of the Senate,12
HB18-1351,2018,RS,Governor,2018-05-22,Sent to the Governor,13
HB18-1351,2018,RS,Governor,2018-05-29,Governor Signed,14
HB18-1352,2018,RS,House,2018-04-03,"Introduced In House - Assigned to Health, Insurance, & Environment",1
HB18-1352,2018,RS,House,2018-04-26,"House Committee on Health, Insurance, & Environment Refer Unamended to Appropriations",2
HB18-1352,2018,RS,House,2018-04-30,House Committee on Appropriations Refer Unamended to House Committee of the Whole,3
HB18-1352,2018,RS,House,2018-04-30,House Second Reading Special Order - Passed - No Amendments,4
HB18-1352,2018,RS,House,2018-05-01,House Third Reading Passed - No Amendments,5
HB18-1352,2018,RS,Senate,2018-05-01,"Introduced In Senate - Assigned to State, Veterans, & Military Affairs",6
HB18-1352,2018,RS,Senate,2018-05-02,"Senate Committee on State, Veterans, & Military Affairs Postpone Indefinitely",7
HB18-1353,2018,RS,House,2018-04-03,Introduced In House - Assigned to Judiciary,1
HB18-1353,2018,RS,House,2018-04-12,House Committee on Judiciary Refer Unamended to Appropriations,2
HB18-1353,2018,RS,House,2018-04-25,House Committee on Appropriations Refer Amended to House Committee of the Whole,3
HB18-1353,2018,RS,House,2018-04-26,"House Second Reading Special Order - Passed with Amendments - Committee, Floor",4
HB18-1353,2018,RS,House,2018-04-27,House Third Reading Passed - No Amendments,5
HB18-1353,2018,RS,Senate,2018-04-27,"Introduced In Senate - Assigned to State, Veterans, & Military Affairs + Appropriations",6
HB18-1353,2018,RS,Senate,2018-05-01,"Senate Committee on State, Veterans, & Military Affairs Refer Unamended to Appropriations",7
HB18-1353,2018,RS,Senate,2018-05-03,Senate Committee on Appropriations Refer Amended to Senate Committee of the Whole,8
HB18-1353,2018,RS,Senate,2018-05-03,Senate Second Reading Special Order - Passed with Amendments - Committee,9
HB18-1353,2018,RS,Senate,2018-05-04,Senate Third Reading Passed - No Amendments,10
HB18-1353,2018,RS,House,2018-05-04,House Considered Senate Amendments - Result was to Laid Over Daily,11
HB18-1353,2018,RS,House,2018-05-07,House Considered Senate Amendments - Result was to Concur - Repass,12
HB18-1353,2018,RS,House,2018-05-22,Signed by the Speaker of the House,13
HB18-1353,2018,RS,Senate,2018-05-22,Signed by the President of the Senate,14
HB18-1353,2018,RS,Governor,2018-05-22,Sent to the Governor,15
HB18-1353,2018,RS,Governor,2018-05-30,Governor Signed,16
HB18-1354,2018,RS,House,2018-04-03,Introduced In House - Assigned to Transportation & Energy,1
HB18-1354,2018,RS,House,2018-04-12,House Committee on Transportation & Energy Refer Unamended to House Committee of the Whole,2
HB18-1354,2018,RS,House,2018-04-17,House Second Reading Passed - No Amendments,3
HB18-1354,2018,RS,House,2018-04-18,House Third Reading Passed - No Amendments,4
HB18-1354,2018,RS,Senate,2018-04-18,Introduced In Senate - Assigned to Finance,5
HB18-1354,2018,RS,Senate,2018-04-26,Senate Committee on Finance Refer Amended - Consent Calendar to Senate Committee of the Whole,6
HB18-1354,2018,RS,Senate,2018-04-30,Senate Second Reading Passed with Amendments - Committee,7
HB18-1354,2018,RS,Senate,2018-05-01,Senate Third Reading Passed - No Amendments,8
HB18-1354,2018,RS,House,2018-05-01,House Considered Senate Amendments - Result was to Laid Over Daily,9
HB18-1354,2018,RS,House,2018-05-03,House Considered Senate Amendments - Result was to Not Concur - Request Conference Committee,10
HB18-1354,2018,RS,House,2018-05-08,House Consideration of First Conference Committee Report result was to Recede - CCR not produced,11
HB18-1354,2018,RS,House,2018-05-22,Signed by the Speaker of the House,12
HB18-1354,2018,RS,Senate,2018-05-22,Signed by the President of the Senate,13
HB18-1354,2018,RS,Governor,2018-05-22,Sent to the Governor,14
HB18-1354,2018,RS,Governor,2018-05-30,Governor Signed,15
HB18-1355,2018,RS,House,2018-04-03,Introduced In House - Assigned to Education,1
HB18-1355,2018,RS,House,2018-04-09,House Committee on Education Refer Amended to House Committee of the Whole,2
HB18-1355,2018,RS,House,2018-04-12,House Second Reading Special Order - Passed with Amendments - Committee,3
HB18-1355,2018,RS,House,2018-04-13,House Third Reading Laid Over Daily - No Amendments,4
HB18-1355,2018,RS,House,2018-04-16,House Third Reading Passed - No Amendments,5
HB18-1355,2018,RS,Senate,2018-04-16,Introduced In Senate - Assigned to Education,6
HB18-1355,2018,RS,Senate,2018-04-19,Senate Committee on Education Refer Amended to Senate Committee of the Whole,7
HB18-1355,2018,RS,Senate,2018-04-24,Senate Second Reading Passed with Amendments - Committee,8
HB18-1355,2018,RS,Senate,2018-04-25,Senate Third Reading Passed - No Amendments,9
HB18-1355,2018,RS,House,2018-04-25,House Considered Senate Amendments - Result was to Laid Over Daily,10
HB18-1355,2018,RS,House,2018-04-26,House Considered Senate Amendments - Result was to Concur - Repass,11
HB18-1355,2018,RS,House,2018-05-11,Signed by the Speaker of the House,12
HB18-1355,2018,RS,Governor,2018-05-14,Sent to the Governor,13
HB18-1355,2018,RS,Senate,2018-05-14,Signed by the President of the Senate,14
HB18-1355,2018,RS,Governor,2018-05-30,Governor Signed,15
HB18-1356,2018,RS,House,2018-04-04,Introduced In House - Assigned to Judiciary,1
HB18-1356,2018,RS,House,2018-04-17,House Committee on Judiciary Refer Unamended to House Committee of the Whole,2
HB18-1356,2018,RS,House,2018-04-19,House Second Reading Special Order - Passed - No Amendments,3
HB18-1356,2018,RS,House,2018-04-20,House Third Reading Passed - No Amendments,4
HB18-1356,2018,RS,Senate,2018-04-23,"Introduced In Senate - Assigned to State, Veterans, & Military Affairs",5
HB18-1356,2018,RS,Senate,2018-05-02,"Senate Committee on State, Veterans, & Military Affairs Refer Unamended - Consent Calendar to Senate Committee of the Whole",6
HB18-1356,2018,RS,Senate,2018-05-03,Senate Second Reading Special Order - Passed - No Amendments,7
HB18-1356,2018,RS,Senate,2018-05-04,Senate Third Reading Passed - No Amendments,8
HB18-1356,2018,RS,House,2018-05-15,Signed by the Speaker of the House,9
HB18-1356,2018,RS,Senate,2018-05-16,Signed by the President of the Senate,10
HB18-1356,2018,RS,Governor,2018-05-16,Sent to the Governor,11
HB18-1356,2018,RS,Governor,2018-05-24,Governor Signed,12
HB18-1357,2018,RS,House,2018-04-04,Introduced In House - Assigned to Public Health Care & Human Services,1
HB18-1357,2018,RS,House,2018-04-17,House Committee on Public Health Care & Human Services Refer Amended to Appropriations,2
HB18-1357,2018,RS,House,2018-04-30,House Committee on Appropriations Refer Amended to House Committee of the Whole,3
HB18-1357,2018,RS,House,2018-04-30,"House Second Reading Special Order - Passed with Amendments - Committee, Floor",4
HB18-1357,2018,RS,House,2018-05-01,House Third Reading Passed with Amendments - Floor,5
HB18-1357,2018,RS,Senate,2018-05-01,"Introduced In Senate - Assigned to State, Veterans, & Military Affairs",6
HB18-1357,2018,RS,Senate,2018-05-03,"Senate Committee on State, Veterans, & Military Affairs Refer Amended to Appropriations",7
HB18-1357,2018,RS,Senate,2018-05-03,Senate Committee on Appropriations Refer Unamended to Senate Committee of the Whole,8
HB18-1357,2018,RS,Senate,2018-05-03,Senate Second Reading Special Order - Passed with Amendments - Committee,9
HB18-1357,2018,RS,Senate,2018-05-04,Senate Third Reading Passed with Amendments - Floor,10
HB18-1357,2018,RS,House,2018-05-04,House Considered Senate Amendments - Result was to Concur - Repass,11
HB18-1357,2018,RS,House,2018-05-16,Signed by the Speaker of the House,12
HB18-1357,2018,RS,Governor,2018-05-16,Sent to the Governor,13
HB18-1357,2018,RS,Senate,2018-05-16,Signed by the President of the Senate,14
HB18-1357,2018,RS,Governor,2018-05-24,Governor Signed,15
HB18-1358,2018,RS,House,2018-04-04,"Introduced In House - Assigned to Health, Insurance, & Environment",1
HB18-1358,2018,RS,House,2018-04-27,"House Committee on Health, Insurance, & Environment Postpone Indefinitely",2
HB18-1359,2018,RS,House,2018-04-04,Introduced In House - Assigned to Finance,1
HB18-1359,2018,RS,House,2018-04-11,House Committee on Finance Lay Over Unamended - Amendment(s) Failed,2
HB18-1359,2018,RS,House,2018-04-25,House Committee on Finance Refer Amended to Appropriations,3
HB18-1359,2018,RS,House,2018-05-07,House Committee on Appropriations Postpone Indefinitely,4
HB18-1360,2018,RS,House,2018-04-04,Introduced In House - Assigned to Local Government,1
HB18-1360,2018,RS,House,2018-04-11,House Committee on Local Government Refer Amended to House Committee of the Whole,2
HB18-1360,2018,RS,House,2018-04-16,House Second Reading Passed with Amendments - Committee,3
HB18-1360,2018,RS,House,2018-04-17,House Third Reading Passed - No Amendments,4
HB18-1360,2018,RS,Senate,2018-04-17,Introduced In Senate - Assigned to Local Government,5
HB18-1360,2018,RS,Senate,2018-04-24,Senate Committee on Local Government Refer Amended - Consent Calendar to Senate Committee of the Whole,6
HB18-1360,2018,RS,Senate,2018-04-26,Senate Second Reading Special Order - Passed with Amendments - Committee,7
HB18-1360,2018,RS,Senate,2018-04-27,Senate Third Reading Passed - No Amendments,8
HB18-1360,2018,RS,House,2018-04-27,House Considered Senate Amendments - Result was to Laid Over Daily,9
HB18-1360,2018,RS,House,2018-05-03,House Considered Senate Amendments - Result was to Concur - Repass,10
HB18-1360,2018,RS,House,2018-05-15,Signed by the Speaker of the House,11
HB18-1360,2018,RS,Senate,2018-05-16,Signed by the President of the Senate,12
HB18-1360,2018,RS,Governor,2018-05-16,Sent to the Governor,13
HB18-1360,2018,RS,Governor,2018-05-21,Governor Signed,14
HB18-1361,2018,RS,House,2018-04-05,Introduced In House - Assigned to Transportation & Energy,1
HB18-1361,2018,RS,House,2018-04-18,House Committee on Transportation & Energy Refer Amended to House Committee of the Whole,2
HB18-1361,2018,RS,House,2018-04-23,"House Second Reading Passed with Amendments - Committee, Floor",3
HB18-1361,2018,RS,House,2018-04-24,House Third Reading Passed - No Amendments,4
HB18-1361,2018,RS,Senate,2018-04-24,Introduced In Senate - Assigned to Finance,5
HB18-1361,2018,RS,Senate,2018-05-01,Senate Committee on Finance Refer Unamended - Consent Calendar to Senate Committee of the Whole,6
HB18-1361,2018,RS,Senate,2018-05-02,Senate Second Reading Special Order - Passed - No Amendments,7
HB18-1361,2018,RS,Senate,2018-05-03,Senate Third Reading Passed with Amendments - Floor,8
HB18-1361,2018,RS,Senate,2018-05-03,Senate Third Reading Reconsidered - No Amendments,9
HB18-1361,2018,RS,House,2018-05-03,House Considered Senate Amendments - Result was to Laid Over Daily,10
HB18-1361,2018,RS,House,2018-05-04,House Considered Senate Amendments - Result was to Concur - Repass,11
HB18-1361,2018,RS,House,2018-05-16,Signed by the Speaker of the House,12
HB18-1361,2018,RS,Senate,2018-05-16,Signed by the President of the Senate,13
HB18-1361,2018,RS,Governor,2018-05-16,Sent to the Governor,14
HB18-1361,2018,RS,Governor,2018-05-30,Governor Signed,15
HB18-1362,2018,RS,House,2018-04-05,Introduced In House - Assigned to Transportation & Energy,1
HB18-1362,2018,RS,House,2018-04-18,House Committee on Transportation & Energy Refer Unamended to House Committee of the Whole,2
HB18-1362,2018,RS,House,2018-04-23,House Second Reading Passed with Amendments - Floor,3
HB18-1362,2018,RS,House,2018-04-24,House Third Reading Passed - No Amendments,4
HB18-1362,2018,RS,Senate,2018-04-24,Introduced In Senate - Assigned to Finance,5
HB18-1362,2018,RS,Senate,2018-05-01,Senate Committee on Finance Refer Unamended - Consent Calendar to Senate Committee of the Whole,6
HB18-1362,2018,RS,Senate,2018-05-02,Senate Second Reading Special Order - Passed - No Amendments,7
HB18-1362,2018,RS,Senate,2018-05-03,Senate Third Reading Passed - No Amendments,8
HB18-1362,2018,RS,House,2018-05-11,Signed by the Speaker of the House,9
HB18-1362,2018,RS,Governor,2018-05-14,Sent to the Governor,10
HB18-1362,2018,RS,Senate,2018-05-14,Signed by the President of the Senate,11
HB18-1362,2018,RS,Governor,2018-05-29,Governor Signed,12
HB18-1363,2018,RS,House,2018-04-05,Introduced In House - Assigned to Public Health Care & Human Services,1
HB18-1363,2018,RS,House,2018-04-24,House Committee on Public Health Care & Human Services Refer Amended to Finance,2
HB18-1363,2018,RS,House,2018-04-25,House Committee on Finance Refer Unamended to Appropriations,3
HB18-1363,2018,RS,House,2018-04-30,House Committee on Appropriations Refer Amended to House Committee of the Whole,4
HB18-1363,2018,RS,House,2018-04-30,House Second Reading Special Order - Passed with Amendments - Committee,5
HB18-1363,2018,RS,House,2018-05-01,House Third Reading Passed - No Amendments,6
HB18-1363,2018,RS,Senate,2018-05-01,Introduced In Senate - Assigned to Finance,7
HB18-1363,2018,RS,Senate,2018-05-03,Senate Committee on Finance Refer Unamended to Appropriations,8
HB18-1363,2018,RS,Senate,2018-05-03,Senate Committee on Appropriations Refer Unamended to Senate Committee of the Whole,9
HB18-1363,2018,RS,Senate,2018-05-03,Senate Second Reading Special Order - Passed - No Amendments,10
HB18-1363,2018,RS,Senate,2018-05-04,Senate Third Reading Passed - No Amendments,11
HB18-1363,2018,RS,House,2018-05-17,Signed by the Speaker of the House,12
HB18-1363,2018,RS,Senate,2018-05-18,Signed by the President of the Senate,13
HB18-1363,2018,RS,Governor,2018-05-18,Sent to the Governor,14
HB18-1363,2018,RS,Governor,2018-06-06,Governor Signed,15
HB18-1364,2018,RS,House,2018-04-05,Introduced In House - Assigned to Public Health Care & Human Services,1
HB18-1364,2018,RS,House,2018-04-17,House Committee on Public Health Care & Human Services Refer Amended to Appropriations,2
HB18-1364,2018,RS,House,2018-04-27,House Committee on Appropriations Refer Amended to House Committee of the Whole,3
HB18-1364,2018,RS,House,2018-04-27,House Second Reading Special Order - Passed with Amendments - Committee,4
HB18-1364,2018,RS,House,2018-04-30,House Third Reading Passed - No Amendments,5
HB18-1364,2018,RS,Senate,2018-04-30,"Introduced In Senate - Assigned to State, Veterans, & Military Affairs",6
HB18-1364,2018,RS,Senate,2018-05-03,"Senate Committee on State, Veterans, & Military Affairs Refer Amended to Appropriations",7
HB18-1364,2018,RS,Senate,2018-05-08,Senate Committee on Appropriations Refer Amended to Senate Committee of the Whole,8
HB18-1364,2018,RS,Senate,2018-05-08,Senate Second Reading Special Order - Passed with Amendments - Committee,9
HB18-1364,2018,RS,Senate,2018-05-09,Senate Third Reading Passed - No Amendments,10
HB18-1364,2018,RS,House,2018-05-09,House Considered Senate Amendments - Result was to Concur - Repass,11
HB18-1364,2018,RS,House,2018-05-22,Signed by the Speaker of the House,12
HB18-1364,2018,RS,Senate,2018-05-22,Signed by the President of the Senate,13
HB18-1364,2018,RS,Governor,2018-05-22,Sent to the Governor,14
HB18-1364,2018,RS,Governor,2018-05-30,Governor Signed,15
HB18-1365,2018,RS,House,2018-04-05,"Introduced In House - Assigned to Health, Insurance, & Environment",1
HB18-1365,2018,RS,House,2018-04-24,"House Committee on Health, Insurance, & Environment Refer Amended to Legislative Council",2
HB18-1365,2018,RS,House,2018-05-10,House Committee on Legislative Council Postpone Indefinitely,3
HB18-1366,2018,RS,House,2018-04-05,Introduced In House - Assigned to Local Government,1
HB18-1366,2018,RS,House,2018-04-19,House Committee on Local Government Refer Unamended to House Committee of the Whole,2
HB18-1366,2018,RS,House,2018-04-24,House Second Reading Special Order - Passed - No Amendments,3
HB18-1366,2018,RS,House,2018-04-25,House Third Reading Passed - No Amendments,4
HB18-1366,2018,RS,Senate,2018-04-25,Introduced In Senate - Assigned to Finance,5
HB18-1366,2018,RS,Senate,2018-05-02,Senate Committee on Finance Refer Unamended - Consent Calendar to Senate Committee of the Whole,6
HB18-1366,2018,RS,Senate,2018-05-03,Senate Second Reading Special Order - Passed - No Amendments,7
HB18-1366,2018,RS,Senate,2018-05-04,Senate Third Reading Passed - No Amendments,8
HB18-1366,2018,RS,House,2018-05-17,Signed by the Speaker of the House,9
HB18-1366,2018,RS,Senate,2018-05-18,Signed by the President of the Senate,10
HB18-1366,2018,RS,Governor,2018-05-18,Sent to the Governor,11
HB18-1366,2018,RS,Governor,2018-05-25,Governor Signed,12
HB18-1367,2018,RS,House,2018-04-09,Introduced In House - Assigned to Education,1
HB18-1367,2018,RS,House,2018-04-23,House Committee on Education Refer Unamended to Appropriations,2
HB18-1367,2018,RS,House,2018-04-24,House Committee on Appropriations Refer Amended to House Committee of the Whole,3
HB18-1367,2018,RS,House,2018-04-24,"House Second Reading Special Order - Passed with Amendments - Committee, Floor",4
HB18-1367,2018,RS,House,2018-04-25,House Third Reading Passed - No Amendments,5
HB18-1367,2018,RS,Senate,2018-04-25,"Introduced In Senate - Assigned to State, Veterans, & Military Affairs",6
HB18-1367,2018,RS,Senate,2018-05-02,"Senate Committee on State, Veterans, & Military Affairs Postpone Indefinitely",7
HB18-1368,2018,RS,House,2018-04-09,Introduced In House - Assigned to Local Government,1
HB18-1368,2018,RS,House,2018-04-18,House Committee on Local Government Refer Unamended to House Committee of the Whole,2
HB18-1368,2018,RS,House,2018-04-23,House Second Reading Passed - No Amendments,3
HB18-1368,2018,RS,House,2018-04-24,House Third Reading Laid Over to 04/26/2018 - No Amendments,4
HB18-1368,2018,RS,House,2018-04-26,House Third Reading Passed - No Amendments,5
HB18-1368,2018,RS,Senate,2018-04-26,"Introduced In Senate - Assigned to State, Veterans, & Military Affairs",6
HB18-1368,2018,RS,Senate,2018-05-03,"Senate Committee on State, Veterans, & Military Affairs Postpone Indefinitely",7
HB18-1369,2018,RS,House,2018-04-09,Introduced In House - Assigned to Finance,1
HB18-1369,2018,RS,House,2018-04-23,House Committee on Finance Refer Unamended to House Committee of the Whole,2
HB18-1369,2018,RS,House,2018-04-24,House Second Reading Special Order - Passed - No Amendments,3
HB18-1369,2018,RS,House,2018-04-25,House Third Reading Passed - No Amendments,4
HB18-1369,2018,RS,Senate,2018-04-25,Introduced In Senate - Assigned to Finance,5
HB18-1369,2018,RS,Senate,2018-05-02,Senate Committee on Finance Refer Unamended - Consent Calendar to Senate Committee of the Whole,6
HB18-1369,2018,RS,Senate,2018-05-03,Senate Second Reading Special Order - Passed - No Amendments,7
HB18-1369,2018,RS,Senate,2018-05-04,Senate Third Reading Passed - No Amendments,8
HB18-1369,2018,RS,House,2018-05-15,Signed by the Speaker of the House,9
HB18-1369,2018,RS,Senate,2018-05-16,Signed by the President of the Senate,10
HB18-1369,2018,RS,Governor,2018-05-16,Sent to the Governor,11
HB18-1369,2018,RS,Governor,2018-05-24,Governor Signed,12
HB18-1370,2018,RS,House,2018-04-09,"Introduced In House - Assigned to Health, Insurance, & Environment",1
HB18-1370,2018,RS,House,2018-05-03,"House Committee on Health, Insurance, & Environment Postpone Indefinitely",2
HB18-1371,2018,RS,House,2018-04-09,Introduced In House - Assigned to Finance,1
HB18-1371,2018,RS,House,2018-04-16,House Committee on Finance Refer Amended to House Committee of the Whole,2
HB18-1371,2018,RS,House,2018-04-17,House Second Reading Special Order - Passed with Amendments - Committee,3
HB18-1371,2018,RS,House,2018-04-18,House Third Reading Passed - No Amendments,4
HB18-1371,2018,RS,Senate,2018-04-18,Introduced In Senate - Assigned to Finance,5
HB18-1371,2018,RS,Senate,2018-04-24,Senate Committee on Finance Refer Unamended - Consent Calendar to Senate Committee of the Whole,6
HB18-1371,2018,RS,Senate,2018-04-25,Senate Second Reading Special Order - Passed - No Amendments,7
HB18-1371,2018,RS,Senate,2018-04-26,Senate Third Reading Passed - No Amendments,8
HB18-1371,2018,RS,House,2018-05-11,Signed by the Speaker of the House,9
HB18-1371,2018,RS,Governor,2018-05-14,Sent to the Governor,10
HB18-1371,2018,RS,Senate,2018-05-14,Signed by the President of the Senate,11
HB18-1371,2018,RS,Governor,2018-05-29,Governor Signed,12
HB18-1372,2018,RS,House,2018-04-09,Introduced In House - Assigned to Finance,1
HB18-1372,2018,RS,House,2018-04-16,House Committee on Finance Refer Unamended to House Committee of the Whole,2
HB18-1372,2018,RS,House,2018-04-17,House Second Reading Special Order - Passed - No Amendments,3
HB18-1372,2018,RS,House,2018-04-18,House Third Reading Passed - No Amendments,4
HB18-1372,2018,RS,Senate,2018-04-18,Introduced In Senate - Assigned to Finance,5
HB18-1372,2018,RS,Senate,2018-04-24,Senate Committee on Finance Refer Unamended - Consent Calendar to Senate Committee of the Whole,6
HB18-1372,2018,RS,Senate,2018-04-25,Senate Second Reading Special Order - Passed - No Amendments,7
HB18-1372,2018,RS,Senate,2018-04-26,Senate Third Reading Passed - No Amendments,8
HB18-1372,2018,RS,House,2018-05-03,Signed by the Speaker of the House,9
HB18-1372,2018,RS,Senate,2018-05-04,Signed by the President of the Senate,10
HB18-1372,2018,RS,Governor,2018-05-07,Sent to the Governor,11
HB18-1372,2018,RS,Governor,2018-05-29,Governor Signed,12
HB18-1373,2018,RS,House,2018-04-09,Introduced In House - Assigned to Business Affairs and Labor,1
HB18-1373,2018,RS,House,2018-04-19,House Committee on Business Affairs and Labor Refer Unamended to House Committee of the Whole,2
HB18-1373,2018,RS,House,2018-04-24,House Second Reading Special Order - Passed - No Amendments,3
HB18-1373,2018,RS,House,2018-04-25,House Third Reading Passed - No Amendments,4
HB18-1373,2018,RS,Senate,2018-04-25,Introduced In Senate - Assigned to Finance,5
HB18-1373,2018,RS,Senate,2018-05-02,Senate Committee on Finance Refer Unamended - Consent Calendar to Senate Committee of the Whole,6
HB18-1373,2018,RS,Senate,2018-05-03,Senate Second Reading Special Order - Passed - No Amendments,7
HB18-1373,2018,RS,Senate,2018-05-04,Senate Third Reading Passed - No Amendments,8
HB18-1373,2018,RS,House,2018-05-17,Signed by the Speaker of the House,9
HB18-1373,2018,RS,Senate,2018-05-18,Signed by the President of the Senate,10
HB18-1373,2018,RS,Governor,2018-05-18,Sent to the Governor,11
HB18-1373,2018,RS,Governor,2018-06-06,Governor Signed,12
HB18-1374,2018,RS,House,2018-04-09,Introduced In House - Assigned to Finance,1
HB18-1374,2018,RS,House,2018-04-16,House Committee on Finance Refer Amended to House Committee of the Whole,2
HB18-1374,2018,RS,House,2018-04-19,"House Second Reading Special Order - Passed with Amendments - Committee, Floor",3
HB18-1374,2018,RS,House,2018-04-20,House Third Reading Passed - No Amendments,4
HB18-1374,2018,RS,Senate,2018-04-23,Introduced In Senate - Assigned to Finance,5
HB18-1374,2018,RS,Senate,2018-04-24,Senate Committee on Finance Refer Amended - Consent Calendar to Senate Committee of the Whole,6
HB18-1374,2018,RS,Senate,2018-04-25,Senate Second Reading Special Order - Passed with Amendments - Committee,7
HB18-1374,2018,RS,Senate,2018-04-26,Senate Third Reading Passed - No Amendments,8
HB18-1374,2018,RS,House,2018-04-26,House Considered Senate Amendments - Result was to Laid Over Daily,9
HB18-1374,2018,RS,House,2018-05-03,House Considered Senate Amendments - Result was to Concur - Repass,10
HB18-1374,2018,RS,House,2018-05-15,Signed by the Speaker of the House,11
HB18-1374,2018,RS,Senate,2018-05-16,Signed by the President of the Senate,12
HB18-1374,2018,RS,Governor,2018-05-16,Sent to the Governor,13
HB18-1374,2018,RS,Governor,2018-05-24,Governor Signed,14
HB18-1375,2018,RS,House,2018-04-10,Introduced In House - Assigned to Judiciary,1
HB18-1375,2018,RS,House,2018-04-19,House Committee on Judiciary Refer Amended to House Committee of the Whole,2
HB18-1375,2018,RS,House,2018-04-24,House Second Reading Special Order - Passed with Amendments - Committee,3
HB18-1375,2018,RS,House,2018-04-25,House Third Reading Passed - No Amendments,4
HB18-1375,2018,RS,Senate,2018-04-25,Introduced In Senate - Assigned to Judiciary,5
HB18-1375,2018,RS,Senate,2018-04-30,Senate Committee on Judiciary Refer Amended - Consent Calendar to Senate Committee of the Whole,6
HB18-1375,2018,RS,Senate,2018-05-02,Senate Second Reading Passed with Amendments - Committee,7
HB18-1375,2018,RS,Senate,2018-05-03,Senate Third Reading Passed - No Amendments,8
HB18-1375,2018,RS,House,2018-05-03,House Considered Senate Amendments - Result was to Laid Over Daily,9
HB18-1375,2018,RS,House,2018-05-04,House Considered Senate Amendments - Result was to Concur - Repass,10
HB18-1375,2018,RS,House,2018-05-22,Signed by the Speaker of the House,11
HB18-1375,2018,RS,Senate,2018-05-22,Signed by the President of the Senate,12
HB18-1375,2018,RS,Governor,2018-05-22,Sent to the Governor,13
HB18-1375,2018,RS,Governor,2018-05-29,Governor Signed,14
HB18-1376,2018,RS,House,2018-04-10,Introduced In House - Assigned to Public Health Care & Human Services,1
HB18-1376,2018,RS,House,2018-04-17,House Committee on Public Health Care & Human Services Refer Amended to Appropriations,2
HB18-1376,2018,RS,House,2018-04-30,House Committee on Appropriations Refer Amended to House Committee of the Whole,3
HB18-1376,2018,RS,House,2018-04-30,"House Second Reading Special Order - Passed with Amendments - Committee, Floor",4
HB18-1376,2018,RS,House,2018-05-01,House Third Reading Passed - No Amendments,5
HB18-1376,2018,RS,Senate,2018-05-01,"Introduced In Senate - Assigned to State, Veterans, & Military Affairs",6
HB18-1376,2018,RS,Senate,2018-05-02,"Senate Committee on State, Veterans, & Military Affairs Postpone Indefinitely",7
HB18-1377,2018,RS,House,2018-04-10,Introduced In House - Assigned to Finance,1
HB18-1377,2018,RS,House,2018-04-23,House Committee on Finance Refer Unamended to House Committee of the Whole,2
HB18-1377,2018,RS,House,2018-04-24,House Second Reading Special Order - Passed - No Amendments,3
HB18-1377,2018,RS,House,2018-04-25,House Third Reading Passed - No Amendments,4
HB18-1377,2018,RS,Senate,2018-04-25,"Introduced In Senate - Assigned to State, Veterans, & Military Affairs",5
HB18-1377,2018,RS,Senate,2018-05-02,"Senate Committee on State, Veterans, & Military Affairs Postpone Indefinitely",6
HB18-1378,2018,RS,House,2018-04-10,Introduced In House - Assigned to Finance,1
HB18-1378,2018,RS,House,2018-04-23,House Committee on Finance Refer Unamended to Appropriations,2
HB18-1378,2018,RS,House,2018-04-26,House Committee on Appropriations Refer Amended to House Committee of the Whole,3
HB18-1378,2018,RS,House,2018-04-30,House Second Reading Passed with Amendments - Committee,4
HB18-1378,2018,RS,House,2018-05-01,House Third Reading Passed - No Amendments,5
HB18-1378,2018,RS,Senate,2018-05-01,"Introduced In Senate - Assigned to State, Veterans, & Military Affairs",6
HB18-1378,2018,RS,Senate,2018-05-04,"Senate Committee on State, Veterans, & Military Affairs Postpone Indefinitely",7
HB18-1379,2018,RS,House,2018-04-11,Introduced In House - Assigned to Education,1
HB18-1379,2018,RS,House,2018-04-16,House Committee on Education Refer Amended to Appropriations,2
HB18-1379,2018,RS,House,2018-04-19,House Committee on Appropriations Refer Amended to House Committee of the Whole,3
HB18-1379,2018,RS,House,2018-04-19,"House Second Reading Special Order - Passed with Amendments - Committee, Floor",4
HB18-1379,2018,RS,House,2018-04-20,House Third Reading Passed - No Amendments,5
HB18-1379,2018,RS,Senate,2018-04-23,Introduced In Senate - Assigned to Education,6
HB18-1379,2018,RS,Senate,2018-04-26,Senate Committee on Education Refer Unamended to Appropriations,7
HB18-1379,2018,RS,Senate,2018-04-27,Senate Committee on Appropriations Refer Amended to Senate Committee of the Whole,8
HB18-1379,2018,RS,Senate,2018-05-01,Senate Second Reading Laid Over Daily - No Amendments,9
HB18-1379,2018,RS,Senate,2018-05-02,Senate Second Reading Passed with Amendments - Committee,10
HB18-1379,2018,RS,Senate,2018-05-03,Senate Third Reading Laid Over Daily - No Amendments,11
HB18-1379,2018,RS,Senate,2018-05-08,Senate Third Reading Passed - No Amendments,12
HB18-1379,2018,RS,House,2018-05-08,House Considered Senate Amendments - Result was to Concur - Repass,13
HB18-1379,2018,RS,House,2018-05-16,Signed by the Speaker of the House,14
HB18-1379,2018,RS,Senate,2018-05-16,Signed by the President of the Senate,15
HB18-1379,2018,RS,Governor,2018-05-16,Sent to the Governor,16
HB18-1379,2018,RS,Governor,2018-05-24,Governor Signed,17
HB18-1380,2018,RS,House,2018-04-11,Introduced In House - Assigned to Public Health Care & Human Services,1
HB18-1380,2018,RS,House,2018-04-24,House Committee on Public Health Care & Human Services Refer Unamended to Appropriations,2
HB18-1380,2018,RS,House,2018-04-25,House Committee on Appropriations Refer Amended to House Committee of the Whole,3
HB18-1380,2018,RS,House,2018-04-26,House Second Reading Special Order - Passed with Amendments - Committee,4
HB18-1380,2018,RS,House,2018-04-27,House Third Reading Passed - No Amendments,5
HB18-1380,2018,RS,Senate,2018-04-27,"Introduced In Senate - Assigned to State, Veterans, & Military Affairs",6
HB18-1380,2018,RS,Senate,2018-05-03,"Senate Committee on State, Veterans, & Military Affairs Postpone Indefinitely",7
HB18-1381,2018,RS,House,2018-04-11,Introduced In House - Assigned to Finance,1
HB18-1381,2018,RS,House,2018-04-16,House Committee on Finance Refer Unamended to House Committee of the Whole,2
HB18-1381,2018,RS,House,2018-04-19,House Second Reading Special Order - Passed - No Amendments,3
HB18-1381,2018,RS,House,2018-04-20,House Third Reading Passed - No Amendments,4
HB18-1381,2018,RS,Senate,2018-04-23,Introduced In Senate - Assigned to Finance,5
HB18-1381,2018,RS,Senate,2018-04-24,Senate Committee on Finance Refer Unamended - Consent Calendar to Senate Committee of the Whole,6
HB18-1381,2018,RS,Senate,2018-04-26,Senate Second Reading Special Order - Passed - No Amendments,7
HB18-1381,2018,RS,Senate,2018-04-27,Senate Third Reading Passed - No Amendments,8
HB18-1381,2018,RS,Senate,2018-05-07,Signed by the President of the Senate,9
HB18-1381,2018,RS,House,2018-05-07,Signed by the Speaker of the House,10
HB18-1381,2018,RS,Governor,2018-05-08,Sent to the Governor,11
HB18-1381,2018,RS,Governor,2018-05-29,Governor Signed,12
HB18-1382,2018,RS,House,2018-04-11,Introduced In House - Assigned to Transportation & Energy,1
HB18-1382,2018,RS,House,2018-04-18,House Committee on Transportation & Energy Refer Amended to Legislative Council,2
HB18-1382,2018,RS,House,2018-04-26,House Committee on Legislative Council Postpone Indefinitely,3
HB18-1383,2018,RS,House,2018-04-12,Introduced In House - Assigned to Business Affairs and Labor,1
HB18-1383,2018,RS,House,2018-04-24,House Committee on Business Affairs and Labor Refer Amended to House Committee of the Whole,2
HB18-1383,2018,RS,House,2018-04-26,House Second Reading Special Order - Passed with Amendments - Committee,3
HB18-1383,2018,RS,House,2018-04-27,House Third Reading Passed - No Amendments,4
HB18-1383,2018,RS,Senate,2018-04-27,Introduced In Senate - Assigned to Finance,5
HB18-1383,2018,RS,Senate,2018-05-02,Senate Committee on Finance Postpone Indefinitely,6
HB18-1384,2018,RS,House,2018-04-12,"Introduced In House - Assigned to Health, Insurance, & Environment",1
HB18-1384,2018,RS,House,2018-04-17,"House Committee on Health, Insurance, & Environment Refer Unamended to Appropriations",2
HB18-1384,2018,RS,House,2018-04-23,House Committee on Appropriations Refer Amended to House Committee of the Whole,3
HB18-1384,2018,RS,House,2018-04-24,House Second Reading Special Order - Passed with Amendments - Committee,4
HB18-1384,2018,RS,House,2018-04-25,House Third Reading Passed - No Amendments,5
HB18-1384,2018,RS,Senate,2018-04-25,"Introduced In Senate - Assigned to State, Veterans, & Military Affairs",6
HB18-1384,2018,RS,Senate,2018-05-04,"Senate Committee on State, Veterans, & Military Affairs Postpone Indefinitely",7
HB18-1385,2018,RS,House,2018-04-12,Introduced In House - Assigned to Judiciary,1
HB18-1385,2018,RS,House,2018-04-24,House Committee on Judiciary Refer Unamended to House Committee of the Whole,2
HB18-1385,2018,RS,House,2018-04-26,House Second Reading Special Order - Passed - No Amendments,3
HB18-1385,2018,RS,House,2018-04-27,House Third Reading Passed - No Amendments,4
HB18-1385,2018,RS,Senate,2018-04-27,Introduced In Senate - Assigned to Finance,5
HB18-1385,2018,RS,Senate,2018-05-03,Senate Committee on Finance Refer Unamended - Consent Calendar to Senate Committee of the Whole,6
HB18-1385,2018,RS,Senate,2018-05-03,Senate Second Reading Special Order - Passed - No Amendments,7
HB18-1385,2018,RS,Senate,2018-05-04,Senate Third Reading Passed - No Amendments,8
HB18-1385,2018,RS,House,2018-05-16,Signed by the Speaker of the House,9
HB18-1385,2018,RS,Senate,2018-05-16,Signed by the President of the Senate,10
HB18-1385,2018,RS,Governor,2018-05-16,Sent to the Governor,11
HB18-1385,2018,RS,Governor,2018-05-24,Governor Signed,12
HB18-1386,2018,RS,House,2018-04-12,Introduced In House - Assigned to Finance,1
HB18-1386,2018,RS,House,2018-04-23,House Committee on Finance Postpone Indefinitely,2
HB18-1387,2018,RS,House,2018-04-12,Introduced In House - Assigned to Finance,1
HB18-1387,2018,RS,House,2018-04-23,House Committee on Finance Refer Unamended to House Committee of the Whole,2
HB18-1387,2018,RS,House,2018-04-24,House Second Reading Special Order - Laid Over to 04/25/2018 - No Amendments,3
HB18-1387,2018,RS,House,2018-04-25,House Second Reading Special Order - Passed with Amendments - Floor,4
HB18-1387,2018,RS,House,2018-04-26,House Third Reading Passed - No Amendments,5
HB18-1387,2018,RS,Senate,2018-04-26,Introduced In Senate - Assigned to Finance,6
HB18-1387,2018,RS,Senate,2018-05-02,Senate Committee on Finance Postpone Indefinitely,7
HB18-1388,2018,RS,House,2018-04-12,Introduced In House - Assigned to Finance,1
HB18-1388,2018,RS,House,2018-04-25,House Committee on Finance Refer Unamended to House Committee of the Whole,2
HB18-1388,2018,RS,House,2018-04-26,House Second Reading Special Order - Passed - No Amendments,3
HB18-1388,2018,RS,House,2018-04-27,House Third Reading Passed - No Amendments,4
HB18-1388,2018,RS,Senate,2018-04-27,Introduced In Senate - Assigned to Finance,5
HB18-1388,2018,RS,Senate,2018-05-01,Senate Committee on Finance Refer Unamended - Consent Calendar to Senate Committee of the Whole,6
HB18-1388,2018,RS,Senate,2018-05-02,Senate Second Reading Special Order - Passed - No Amendments,7
HB18-1388,2018,RS,Senate,2018-05-03,Senate Third Reading Passed - No Amendments,8
HB18-1388,2018,RS,House,2018-05-11,Signed by the Speaker of the House,9
HB18-1388,2018,RS,Governor,2018-05-14,Sent to the Governor,10
HB18-1388,2018,RS,Senate,2018-05-14,Signed by the President of the Senate,11
HB18-1388,2018,RS,Governor,2018-05-29,Governor Signed,12
HB18-1389,2018,RS,House,2018-04-12,Introduced In House - Assigned to Finance,1
HB18-1389,2018,RS,House,2018-04-23,House Committee on Finance Refer Amended to House Committee of the Whole,2
HB18-1389,2018,RS,House,2018-04-24,House Second Reading Special Order - Passed with Amendments - Committee,3
HB18-1389,2018,RS,House,2018-04-25,House Third Reading Passed - No Amendments,4
HB18-1389,2018,RS,Senate,2018-04-25,Introduced In Senate - Assigned to Finance,5
HB18-1389,2018,RS,Senate,2018-05-01,Senate Committee on Finance Refer Amended - Consent Calendar to Senate Committee of the Whole,6
HB18-1389,2018,RS,Senate,2018-05-02,Senate Second Reading Special Order - Passed with Amendments - Committee,7
HB18-1389,2018,RS,Senate,2018-05-03,Senate Third Reading Passed - No Amendments,8
HB18-1389,2018,RS,House,2018-05-04,House Considered Senate Amendments - Result was to Concur - Repass,9
HB18-1389,2018,RS,House,2018-05-15,Signed by the Speaker of the House,10
HB18-1389,2018,RS,Senate,2018-05-16,Signed by the President of the Senate,11
HB18-1389,2018,RS,Governor,2018-05-16,Sent to the Governor,12
HB18-1389,2018,RS,Governor,2018-05-24,Governor Signed,13
HB18-1390,2018,RS,House,2018-04-12,Introduced In House - Assigned to Public Health Care & Human Services,1
HB18-1390,2018,RS,House,2018-04-24,House Committee on Public Health Care & Human Services Witness Testimony and/or Committee Discussion Only,2
HB18-1390,2018,RS,House,2018-04-27,House Committee on Public Health Care & Human Services Refer Amended to Finance,3
HB18-1390,2018,RS,House,2018-04-30,House Committee on Finance Refer Amended to Appropriations,4
HB18-1390,2018,RS,House,2018-05-02,House Committee on Appropriations Refer Amended to House Committee of the Whole,5
HB18-1390,2018,RS,House,2018-05-04,"House Second Reading Special Order - Passed with Amendments - Committee, Floor",6
HB18-1390,2018,RS,House,2018-05-07,House Third Reading Passed - No Amendments,7
HB18-1390,2018,RS,Senate,2018-05-07,"Introduced In Senate - Assigned to State, Veterans, & Military Affairs",8
HB18-1390,2018,RS,Senate,2018-05-07,"Senate Committee on State, Veterans, & Military Affairs Committee Vote - Final Action Failed",9
HB18-1390,2018,RS,Senate,2018-05-07,"Senate Committee on State, Veterans, & Military Affairs Postpone Indefinitely",10
HB18-1391,2018,RS,House,2018-04-13,Introduced In House - Assigned to Education,1
HB18-1391,2018,RS,House,2018-04-16,House Committee on Education Refer Amended to House Committee of the Whole,2
HB18-1391,2018,RS,House,2018-04-17,House Second Reading Special Order - Passed with Amendments - Committee,3
HB18-1391,2018,RS,House,2018-04-18,House Third Reading Passed - No Amendments,4
HB18-1391,2018,RS,Senate,2018-04-18,Introduced In Senate - Assigned to Judiciary,5
HB18-1391,2018,RS,Senate,2018-04-25,Senate Committee on Judiciary Refer Amended to Appropriations,6
HB18-1391,2018,RS,Senate,2018-05-01,Senate Committee on Appropriations Postpone Indefinitely,7
HB18-1392,2018,RS,House,2018-04-13,"Introduced In House - Assigned to Health, Insurance, & Environment",1
HB18-1392,2018,RS,House,2018-04-19,"House Committee on Health, Insurance, & Environment Refer Amended to Finance",2
HB18-1392,2018,RS,House,2018-04-23,House Committee on Finance Refer Amended to Appropriations,3
HB18-1392,2018,RS,House,2018-04-27,House Committee on Appropriations Refer Amended to House Committee of the Whole,4
HB18-1392,2018,RS,House,2018-04-27,"House Second Reading Special Order - Passed with Amendments - Committee, Floor",5
HB18-1392,2018,RS,House,2018-04-30,House Third Reading Passed - No Amendments,6
HB18-1392,2018,RS,Senate,2018-04-30,"Introduced In Senate - Assigned to State, Veterans, & Military Affairs",7
HB18-1392,2018,RS,Senate,2018-05-04,"Senate Committee on State, Veterans, & Military Affairs Postpone Indefinitely",8
HB18-1393,2018,RS,House,2018-04-16,Introduced In House - Assigned to Education,1
HB18-1393,2018,RS,House,2018-04-25,House Committee on Education Refer Amended to House Committee of the Whole,2
HB18-1393,2018,RS,House,2018-04-26,House Second Reading Special Order - Passed with Amendments - Committee,3
HB18-1393,2018,RS,House,2018-04-27,House Third Reading Passed - No Amendments,4
HB18-1393,2018,RS,Senate,2018-04-27,"Introduced In Senate - Assigned to State, Veterans, & Military Affairs",5
HB18-1393,2018,RS,Senate,2018-05-02,"Senate Committee on State, Veterans, & Military Affairs Refer Unamended to Appropriations",6
HB18-1393,2018,RS,Senate,2018-05-03,Senate Committee on Appropriations Refer Amended to Senate Committee of the Whole,7
HB18-1393,2018,RS,Senate,2018-05-03,Senate Second Reading Special Order - Passed with Amendments - Committee,8
HB18-1393,2018,RS,Senate,2018-05-04,Senate Third Reading Passed - No Amendments,9
HB18-1393,2018,RS,House,2018-05-04,House Considered Senate Amendments - Result was to Laid Over Daily,10
HB18-1393,2018,RS,House,2018-05-07,House Considered Senate Amendments - Result was to Concur - Repass,11
HB18-1393,2018,RS,House,2018-05-18,Signed by the Speaker of the House,12
HB18-1393,2018,RS,Senate,2018-05-18,Signed by the President of the Senate,13
HB18-1393,2018,RS,Governor,2018-05-18,Sent to the Governor,14
HB18-1393,2018,RS,Governor,2018-05-29,Governor Signed,15
HB18-1394,2018,RS,House,2018-04-16,Introduced In House - Assigned to Local Government,1
HB18-1394,2018,RS,House,2018-04-19,House Committee on Local Government Refer Amended to Appropriations,2
HB18-1394,2018,RS,House,2018-04-26,House Committee on Appropriations Refer Unamended to House Committee of the Whole,3
HB18-1394,2018,RS,House,2018-04-26,House Second Reading Special Order - Passed with Amendments - Committee,4
HB18-1394,2018,RS,House,2018-04-27,House Third Reading Passed - No Amendments,5
HB18-1394,2018,RS,Senate,2018-04-27,Introduced In Senate - Assigned to Finance,6
HB18-1394,2018,RS,Senate,2018-05-02,Senate Committee on Finance Refer Amended to Appropriations,7
HB18-1394,2018,RS,Senate,2018-05-03,Senate Committee on Appropriations Refer Unamended to Senate Committee of the Whole,8
HB18-1394,2018,RS,Senate,2018-05-03,Senate Second Reading Special Order - Passed with Amendments - Committee,9
HB18-1394,2018,RS,Senate,2018-05-04,Senate Third Reading Passed - No Amendments,10
HB18-1394,2018,RS,House,2018-05-04,House Considered Senate Amendments - Result was to Laid Over Daily,11
HB18-1394,2018,RS,House,2018-05-07,House Considered Senate Amendments - Result was to Concur - Repass,12
HB18-1394,2018,RS,House,2018-05-18,Signed by the Speaker of the House,13
HB18-1394,2018,RS,Senate,2018-05-18,Signed by the President of the Senate,14
HB18-1394,2018,RS,Governor,2018-05-18,Sent to the Governor,15
HB18-1394,2018,RS,Governor,2018-05-24,Governor Signed,16
HB18-1395,2018,RS,House,2018-04-17,Introduced In House - Assigned to Education,1
HB18-1395,2018,RS,House,2018-04-23,House Committee on Education Refer Unamended to Legislative Council,2
HB18-1395,2018,RS,House,2018-05-10,House Committee on Legislative Council Postpone Indefinitely,3
HB18-1396,2018,RS,House,2018-04-17,Introduced In House - Assigned to Education,1
HB18-1396,2018,RS,House,2018-04-23,House Committee on Education Refer Unamended to Appropriations,2
HB18-1396,2018,RS,House,2018-04-30,House Committee on Appropriations Refer Amended to House Committee of the Whole,3
HB18-1396,2018,RS,House,2018-04-30,House Second Reading Special Order - Passed with Amendments - Committee,4
HB18-1396,2018,RS,House,2018-05-01,House Third Reading Passed - No Amendments,5
HB18-1396,2018,RS,Senate,2018-05-01,Introduced In Senate - Assigned to Finance,6
HB18-1396,2018,RS,Senate,2018-05-02,Senate Committee on Finance Refer Unamended to Appropriations,7
HB18-1396,2018,RS,Senate,2018-05-08,Senate Committee on Appropriations Refer Unamended to Senate Committee of the Whole,8
HB18-1396,2018,RS,Senate,2018-05-08,Senate Second Reading Special Order - Passed - No Amendments,9
HB18-1396,2018,RS,Senate,2018-05-09,Senate Third Reading Passed - No Amendments,10
HB18-1396,2018,RS,House,2018-05-18,Signed by the Speaker of the House,11
HB18-1396,2018,RS,Senate,2018-05-18,Signed by the President of the Senate,12
HB18-1396,2018,RS,Governor,2018-05-18,Sent to the Governor,13
HB18-1396,2018,RS,Governor,2018-05-24,Governor Signed,14
HB18-1397,2018,RS,House,2018-04-17,"Introduced In House - Assigned to Health, Insurance, & Environment",1
HB18-1397,2018,RS,House,2018-05-01,"House Committee on Health, Insurance, & Environment Refer Unamended to House Committee of the Whole",2
HB18-1397,2018,RS,House,2018-05-02,House Second Reading Special Order - Passed with Amendments - Floor,3
HB18-1397,2018,RS,House,2018-05-03,House Third Reading Passed - No Amendments,4
HB18-1397,2018,RS,Senate,2018-05-03,"Introduced In Senate - Assigned to State, Veterans, & Military Affairs",5
HB18-1397,2018,RS,Senate,2018-05-04,"Senate Committee on State, Veterans, & Military Affairs Postpone Indefinitely",6
HB18-1398,2018,RS,House,2018-04-18,Introduced In House - Assigned to Judiciary,1
HB18-1398,2018,RS,House,2018-04-26,House Committee on Judiciary Refer Unamended to House Committee of the Whole,2
HB18-1398,2018,RS,House,2018-04-27,House Second Reading Special Order - Passed - No Amendments,3
HB18-1398,2018,RS,House,2018-04-30,House Third Reading Passed - No Amendments,4
HB18-1398,2018,RS,Senate,2018-04-30,Introduced In Senate - Assigned to Finance,5
HB18-1398,2018,RS,Senate,2018-05-03,Senate Committee on Finance Refer Amended - Consent Calendar to Senate Committee of the Whole,6
HB18-1398,2018,RS,Senate,2018-05-03,Senate Second Reading Special Order - Passed with Amendments - Committee,7
HB18-1398,2018,RS,Senate,2018-05-04,Senate Third Reading Passed - No Amendments,8
HB18-1398,2018,RS,House,2018-05-04,House Considered Senate Amendments - Result was to Laid Over Daily,9
HB18-1398,2018,RS,House,2018-05-07,House Considered Senate Amendments - Result was to Concur - Repass,10
HB18-1398,2018,RS,House,2018-05-22,Signed by the Speaker of the House,11
HB18-1398,2018,RS,Senate,2018-05-22,Signed by the President of the Senate,12
HB18-1398,2018,RS,Governor,2018-05-22,Sent to the Governor,13
HB18-1398,2018,RS,Governor,2018-05-30,Governor Signed,14
HB18-1399,2018,RS,House,2018-04-18,"Introduced In House - Assigned to Health, Insurance, & Environment",1
HB18-1399,2018,RS,House,2018-05-03,"House Committee on Health, Insurance, & Environment Postpone Indefinitely",2
HB18-1400,2018,RS,House,2018-04-18,Introduced In House - Assigned to Finance,1
HB18-1400,2018,RS,House,2018-04-23,House Committee on Finance Refer Amended to Appropriations,2
HB18-1400,2018,RS,House,2018-04-25,House Committee on Appropriations Refer Amended to House Committee of the Whole,3
HB18-1400,2018,RS,House,2018-04-26,"House Second Reading Special Order - Passed with Amendments - Committee, Floor",4
HB18-1400,2018,RS,House,2018-04-27,House Third Reading Passed - No Amendments,5
HB18-1400,2018,RS,Senate,2018-04-27,Introduced In Senate - Assigned to Finance,6
HB18-1400,2018,RS,Senate,2018-05-02,Senate Committee on Finance Refer Unamended to Appropriations,7
HB18-1400,2018,RS,Senate,2018-05-03,Senate Committee on Appropriations Refer Amended to Senate Committee of the Whole,8
HB18-1400,2018,RS,Senate,2018-05-03,Senate Second Reading Special Order - Passed with Amendments - Committee,9
HB18-1400,2018,RS,Senate,2018-05-04,Senate Third Reading Passed - No Amendments,10
HB18-1400,2018,RS,House,2018-05-07,House Considered Senate Amendments - Result was to Concur - Repass,11
HB18-1400,2018,RS,House,2018-05-15,Signed by the Speaker of the House,12
HB18-1400,2018,RS,Senate,2018-05-16,Signed by the President of the Senate,13
HB18-1400,2018,RS,Governor,2018-05-16,Sent to the Governor,14
HB18-1400,2018,RS,Governor,2018-05-18,Governor Signed,15
HB18-1401,2018,RS,House,2018-04-18,Introduced In House - Assigned to Transportation & Energy,1
HB18-1401,2018,RS,House,2018-04-25,House Committee on Transportation & Energy Refer Amended to Appropriations,2
HB18-1401,2018,RS,House,2018-04-30,House Committee on Appropriations Postpone Indefinitely,3
HB18-1402,2018,RS,House,2018-04-18,Introduced In House - Assigned to Appropriations,1
HB18-1402,2018,RS,House,2018-04-23,House Committee on Appropriations Refer Unamended to House Committee of the Whole,2
HB18-1402,2018,RS,House,2018-04-24,House Second Reading Special Order - Passed - No Amendments,3
HB18-1402,2018,RS,House,2018-04-25,House Third Reading Passed - No Amendments,4
HB18-1402,2018,RS,Senate,2018-04-25,Introduced In Senate - Assigned to Finance,5
HB18-1402,2018,RS,Senate,2018-05-01,Senate Committee on Finance Refer Amended - Consent Calendar to Senate Committee of the Whole,6
HB18-1402,2018,RS,Senate,2018-05-02,Senate Second Reading Special Order - Passed with Amendments - Committee,7
HB18-1402,2018,RS,Senate,2018-05-03,Senate Third Reading Passed - No Amendments,8
HB18-1402,2018,RS,House,2018-05-04,House Considered Senate Amendments - Result was to Concur - Repass,9
HB18-1402,2018,RS,House,2018-05-17,Signed by the Speaker of the House,10
HB18-1402,2018,RS,Senate,2018-05-18,Signed by the President of the Senate,11
HB18-1402,2018,RS,Governor,2018-05-18,Sent to the Governor,12
HB18-1402,2018,RS,Governor,2018-06-06,Governor Signed,13
HB18-1403,2018,RS,House,2018-04-18,"Introduced In House - Assigned to State, Veterans, & Military Affairs",1
HB18-1403,2018,RS,House,2018-04-25,"House Committee on State, Veterans, & Military Affairs Refer Unamended to House Committee of the Whole",2
HB18-1403,2018,RS,House,2018-04-26,House Second Reading Special Order - Passed - No Amendments,3
HB18-1403,2018,RS,House,2018-04-27,House Third Reading Passed - No Amendments,4
HB18-1403,2018,RS,Senate,2018-04-27,"Introduced In Senate - Assigned to State, Veterans, & Military Affairs",5
HB18-1403,2018,RS,Senate,2018-05-03,"Senate Committee on State, Veterans, & Military Affairs Postpone Indefinitely",6
HB18-1404,2018,RS,House,2018-04-18,Introduced In House - Assigned to Judiciary,1
HB18-1404,2018,RS,House,2018-04-24,House Committee on Judiciary Refer Amended to House Committee of the Whole,2
HB18-1404,2018,RS,House,2018-04-26,"House Second Reading Special Order - Laid Over with Amendments to 04/30/2018 - Committee, Floor",3
HB18-1404,2018,RS,House,2018-04-30,House Second Reading Laid Over Daily - No Amendments,4
HB18-1404,2018,RS,House,2018-05-02,"House Second Reading Special Order - Passed with Amendments - Committee, Floor",5
HB18-1404,2018,RS,House,2018-05-03,House Third Reading Passed - No Amendments,6
HB18-1404,2018,RS,Senate,2018-05-03,"Introduced In Senate - Assigned to State, Veterans, & Military Affairs",7
HB18-1404,2018,RS,Senate,2018-05-04,"Senate Committee on State, Veterans, & Military Affairs Postpone Indefinitely",8
HB18-1405,2018,RS,House,2018-04-19,Introduced In House - Assigned to Public Health Care & Human Services,1
HB18-1405,2018,RS,House,2018-04-27,House Committee on Public Health Care & Human Services Refer Amended to House Committee of the Whole,2
HB18-1405,2018,RS,House,2018-04-30,House Second Reading Special Order - Passed with Amendments - Committee,3
HB18-1405,2018,RS,House,2018-05-01,House Third Reading Passed - No Amendments,4
HB18-1405,2018,RS,Senate,2018-05-01,Introduced In Senate - Assigned to Finance,5
HB18-1405,2018,RS,Senate,2018-05-03,Senate Committee on Finance Refer Unamended - Consent Calendar to Senate Committee of the Whole,6
HB18-1405,2018,RS,Senate,2018-05-03,Senate Second Reading Special Order - Passed - No Amendments,7
HB18-1405,2018,RS,Senate,2018-05-04,Senate Third Reading Passed - No Amendments,8
HB18-1405,2018,RS,House,2018-05-17,Signed by the Speaker of the House,9
HB18-1405,2018,RS,Senate,2018-05-18,Signed by the President of the Senate,10
HB18-1405,2018,RS,Governor,2018-05-18,Sent to the Governor,11
HB18-1405,2018,RS,Governor,2018-06-06,Governor Signed,12
HB18-1406,2018,RS,House,2018-04-19,Introduced In House - Assigned to Transportation & Energy,1
HB18-1406,2018,RS,House,2018-04-26,House Committee on Transportation & Energy Refer Amended to Appropriations,2
HB18-1406,2018,RS,House,2018-05-10,House Committee on Appropriations Postpone Indefinitely,3
HB18-1407,2018,RS,House,2018-04-19,Introduced In House - Assigned to Public Health Care & Human Services,1
HB18-1407,2018,RS,House,2018-04-27,House Committee on Public Health Care & Human Services Refer Amended to Appropriations,2
HB18-1407,2018,RS,House,2018-04-30,House Committee on Appropriations Refer Amended to House Committee of the Whole,3
HB18-1407,2018,RS,House,2018-04-30,House Second Reading Special Order - Passed with Amendments - Committee,4
HB18-1407,2018,RS,House,2018-05-01,House Third Reading Passed - No Amendments,5
HB18-1407,2018,RS,Senate,2018-05-01,Introduced In Senate - Assigned to Appropriations,6
HB18-1407,2018,RS,Senate,2018-05-03,Senate Committee on Appropriations Refer Unamended - Consent Calendar to Senate Committee of the Whole,7
HB18-1407,2018,RS,Senate,2018-05-03,Senate Second Reading Special Order - Passed - No Amendments,8
HB18-1407,2018,RS,Senate,2018-05-04,Senate Third Reading Passed - No Amendments,9
HB18-1407,2018,RS,House,2018-05-15,Signed by the Speaker of the House,10
HB18-1407,2018,RS,Senate,2018-05-16,Signed by the President of the Senate,11
HB18-1407,2018,RS,Governor,2018-05-16,Sent to the Governor,12
HB18-1407,2018,RS,Governor,2018-05-24,Governor Signed,13
HB18-1408,2018,RS,House,2018-04-20,Introduced In House - Assigned to Judiciary,1
HB18-1408,2018,RS,House,2018-04-24,House Committee on Judiciary Postpone Indefinitely,2
HB18-1409,2018,RS,House,2018-04-20,Introduced In House - Assigned to Judiciary,1
HB18-1409,2018,RS,House,2018-04-26,House Committee on Judiciary Refer Amended to Appropriations,2
HB18-1409,2018,RS,House,2018-04-30,House Committee on Appropriations Refer Amended to House Committee of the Whole,3
HB18-1409,2018,RS,House,2018-04-30,"House Second Reading Special Order - Passed with Amendments - Committee, Floor",4
HB18-1409,2018,RS,House,2018-05-01,House Third Reading Passed - No Amendments,5
HB18-1409,2018,RS,Senate,2018-05-01,"Introduced In Senate - Assigned to State, Veterans, & Military Affairs",6
HB18-1409,2018,RS,Senate,2018-05-04,"Senate Committee on State, Veterans, & Military Affairs Refer Unamended to Appropriations",7
HB18-1409,2018,RS,Senate,2018-05-08,Senate Committee on Appropriations Refer Unamended to Senate Committee of the Whole,8
HB18-1409,2018,RS,Senate,2018-05-08,Senate Second Reading Special Order - Passed - No Amendments,9
HB18-1409,2018,RS,Senate,2018-05-09,Senate Third Reading Passed - No Amendments,10
HB18-1409,2018,RS,House,2018-05-18,Signed by the Speaker of the House,11
HB18-1409,2018,RS,Senate,2018-05-18,Signed by the President of the Senate,12
HB18-1409,2018,RS,Governor,2018-05-18,Sent to the Governor,13
HB18-1409,2018,RS,Governor,2018-05-24,Governor Signed,14
HB18-1410,2018,RS,House,2018-04-20,Introduced In House - Assigned to Judiciary,1
HB18-1410,2018,RS,House,2018-04-26,House Committee on Judiciary Refer Amended to House Committee of the Whole,2
HB18-1410,2018,RS,House,2018-04-27,House Second Reading Special Order - Passed with Amendments - Committee,3
HB18-1410,2018,RS,House,2018-04-30,House Third Reading Passed - No Amendments,4
HB18-1410,2018,RS,Senate,2018-04-30,Introduced In Senate - Assigned to Finance,5
HB18-1410,2018,RS,Senate,2018-05-02,Senate Committee on Finance Refer Unamended - Consent Calendar to Senate Committee of the Whole,6
HB18-1410,2018,RS,Senate,2018-05-03,Senate Second Reading Special Order - Passed - No Amendments,7
HB18-1410,2018,RS,Senate,2018-05-04,Senate Third Reading Passed - No Amendments,8
HB18-1410,2018,RS,House,2018-05-17,Signed by the Speaker of the House,9
HB18-1410,2018,RS,Senate,2018-05-18,Signed by the President of the Senate,10
HB18-1410,2018,RS,Governor,2018-05-18,Sent to the Governor,11
HB18-1410,2018,RS,Governor,2018-06-06,Governor Signed,12
HB18-1411,2018,RS,House,2018-04-20,Introduced In House - Assigned to Public Health Care & Human Services,1
HB18-1411,2018,RS,House,2018-04-27,House Committee on Public Health Care & Human Services Refer Amended to House Committee of the Whole,2
HB18-1411,2018,RS,House,2018-04-30,House Second Reading Special Order - Passed with Amendments - Committee,3
HB18-1411,2018,RS,House,2018-05-01,House Third Reading Passed - No Amendments,4
HB18-1411,2018,RS,Senate,2018-05-01,Introduced In Senate - Assigned to Finance,5
HB18-1411,2018,RS,Senate,2018-05-03,Senate Committee on Finance Refer Unamended - Consent Calendar to Senate Committee of the Whole,6
HB18-1411,2018,RS,Senate,2018-05-03,Senate Second Reading Special Order - Passed - No Amendments,7
HB18-1411,2018,RS,Senate,2018-05-04,Senate Third Reading Passed - No Amendments,8
HB18-1411,2018,RS,House,2018-05-18,Signed by the Speaker of the House,9
HB18-1411,2018,RS,Senate,2018-05-18,Signed by the President of the Senate,10
HB18-1411,2018,RS,Governor,2018-05-18,Sent to the Governor,11
HB18-1411,2018,RS,Governor,2018-05-24,Governor Signed,12
HB18-1412,2018,RS,House,2018-04-20,Introduced In House - Assigned to Education,1
HB18-1412,2018,RS,House,2018-04-23,House Committee on Education Refer Unamended to Appropriations,2
HB18-1412,2018,RS,House,2018-04-24,House Committee on Appropriations Refer Unamended to House Committee of the Whole,3
HB18-1412,2018,RS,House,2018-04-24,House Second Reading Special Order - Passed - No Amendments,4
HB18-1412,2018,RS,House,2018-04-25,House Third Reading Passed - No Amendments,5
HB18-1412,2018,RS,Senate,2018-04-25,"Introduced In Senate - Assigned to State, Veterans, & Military Affairs",6
HB18-1412,2018,RS,Senate,2018-05-01,"Senate Committee on State, Veterans, & Military Affairs Refer Unamended to Appropriations",7
HB18-1412,2018,RS,Senate,2018-05-03,Senate Committee on Appropriations Refer Unamended - Consent Calendar to Senate Committee of the Whole,8
HB18-1412,2018,RS,Senate,2018-05-03,Senate Second Reading Special Order - Passed - No Amendments,9
HB18-1412,2018,RS,Senate,2018-05-04,Senate Third Reading Passed - No Amendments,10
HB18-1412,2018,RS,House,2018-05-18,Signed by the Speaker of the House,11
HB18-1412,2018,RS,Senate,2018-05-18,Signed by the President of the Senate,12
HB18-1412,2018,RS,Governor,2018-05-18,Sent to the Governor,13
HB18-1412,2018,RS,Governor,2018-05-24,Governor Signed,14
HB18-1413,2018,RS,House,2018-04-20,Introduced In House - Assigned to Education,1
HB18-1413,2018,RS,House,2018-04-26,House Committee on Education Refer Amended to Appropriations,2
HB18-1413,2018,RS,House,2018-04-26,House Committee on Appropriations Refer Amended to House Committee of the Whole,3
HB18-1413,2018,RS,House,2018-04-26,House Second Reading Special Order - Passed with Amendments - Committee,4
HB18-1413,2018,RS,House,2018-04-27,House Third Reading Passed - No Amendments,5
HB18-1413,2018,RS,Senate,2018-04-27,Introduced In Senate - Assigned to Finance,6
HB18-1413,2018,RS,Senate,2018-05-02,Senate Committee on Finance Refer Unamended to Appropriations,7
HB18-1413,2018,RS,Senate,2018-05-03,Senate Committee on Appropriations Refer Unamended - Consent Calendar to Senate Committee of the Whole,8
HB18-1413,2018,RS,Senate,2018-05-03,Senate Second Reading Special Order - Passed - No Amendments,9
HB18-1413,2018,RS,Senate,2018-05-04,Senate Third Reading Passed - No Amendments,10
HB18-1413,2018,RS,House,2018-05-18,Signed by the Speaker of the House,11
HB18-1413,2018,RS,Senate,2018-05-18,Signed by the President of the Senate,12
HB18-1413,2018,RS,Governor,2018-05-18,Sent to the Governor,13
HB18-1413,2018,RS,Governor,2018-05-24,Governor Signed,14
HB18-1414,2018,RS,House,2018-04-20,Introduced In House - Assigned to Education,1
HB18-1414,2018,RS,House,2018-04-26,House Committee on Education Refer Unamended to Appropriations,2
HB18-1414,2018,RS,House,2018-04-26,House Committee on Appropriations Refer Amended to House Committee of the Whole,3
HB18-1414,2018,RS,House,2018-04-26,"House Second Reading Special Order - Passed with Amendments - Committee, Floor",4
HB18-1414,2018,RS,House,2018-04-27,House Third Reading Passed - No Amendments,5
HB18-1414,2018,RS,Senate,2018-04-27,"Introduced In Senate - Assigned to State, Veterans, & Military Affairs",6
HB18-1414,2018,RS,Senate,2018-05-02,"Senate Committee on State, Veterans, & Military Affairs Postpone Indefinitely",7
HB18-1415,2018,RS,House,2018-04-20,Introduced In House - Assigned to Business Affairs and Labor,1
HB18-1415,2018,RS,House,2018-04-26,House Committee on Business Affairs and Labor Refer Unamended to House Committee of the Whole,2
HB18-1415,2018,RS,House,2018-04-26,House Second Reading Special Order - Passed - No Amendments,3
HB18-1415,2018,RS,House,2018-04-27,House Third Reading Passed - No Amendments,4
HB18-1415,2018,RS,Senate,2018-04-27,"Introduced In Senate - Assigned to State, Veterans, & Military Affairs",5
HB18-1415,2018,RS,Senate,2018-05-03,"Senate Committee on State, Veterans, & Military Affairs Postpone Indefinitely",6
HB18-1416,2018,RS,House,2018-04-20,Introduced In House - Assigned to Education,1
HB18-1416,2018,RS,House,2018-04-26,House Committee on Education Refer Amended to Appropriations,2
HB18-1416,2018,RS,House,2018-04-27,House Committee on Appropriations Refer Amended to House Committee of the Whole,3
HB18-1416,2018,RS,House,2018-04-27,House Second Reading Special Order - Passed with Amendments - Committee,4
HB18-1416,2018,RS,House,2018-04-30,House Third Reading Passed - No Amendments,5
HB18-1416,2018,RS,Senate,2018-04-30,Introduced In Senate - Assigned to Finance,6
HB18-1416,2018,RS,Senate,2018-05-03,Senate Committee on Finance Refer Unamended to Appropriations,7
HB18-1416,2018,RS,Senate,2018-05-08,Senate Committee on Appropriations Postpone Indefinitely,8
HB18-1417,2018,RS,House,2018-04-20,"Introduced In House - Assigned to State, Veterans, & Military Affairs + Appropriations",1
HB18-1417,2018,RS,House,2018-04-25,"House Committee on State, Veterans, & Military Affairs Refer Unamended to Appropriations",2
HB18-1417,2018,RS,House,2018-05-10,House Committee on Appropriations Postpone Indefinitely,3
HB18-1418,2018,RS,House,2018-04-23,Introduced In House - Assigned to Judiciary,1
HB18-1418,2018,RS,House,2018-04-26,House Committee on Judiciary Witness Testimony and/or Committee Discussion Only,2
HB18-1418,2018,RS,House,2018-05-01,House Committee on Judiciary Refer Amended to House Committee of the Whole,3
HB18-1418,2018,RS,House,2018-05-02,House Second Reading Special Order - Passed with Amendments - Committee,4
HB18-1418,2018,RS,House,2018-05-03,House Third Reading Passed - No Amendments,5
HB18-1418,2018,RS,Senate,2018-05-03,Introduced In Senate - Assigned to Finance,6
HB18-1418,2018,RS,Senate,2018-05-04,Senate Committee on Finance Refer Amended - Consent Calendar to Senate Committee of the Whole,7
HB18-1418,2018,RS,Senate,2018-05-07,Senate Second Reading Special Order - Passed with Amendments - Committee,8
HB18-1418,2018,RS,Senate,2018-05-08,Senate Third Reading Passed - No Amendments,9
HB18-1418,2018,RS,House,2018-05-08,House Considered Senate Amendments - Result was to Concur - Repass,10
HB18-1418,2018,RS,House,2018-05-22,Signed by the Speaker of the House,11
HB18-1418,2018,RS,Senate,2018-05-22,Signed by the President of the Senate,12
HB18-1418,2018,RS,Governor,2018-05-22,Sent to the Governor,13
HB18-1418,2018,RS,Governor,2018-05-30,Governor Signed,14
HB18-1419,2018,RS,House,2018-04-23,"Introduced In House - Assigned to State, Veterans, & Military Affairs",1
HB18-1419,2018,RS,House,2018-04-25,"House Committee on State, Veterans, & Military Affairs Refer Amended to Appropriations",2
HB18-1419,2018,RS,House,2018-04-27,House Committee on Appropriations Refer Unamended to House Committee of the Whole,3
HB18-1419,2018,RS,House,2018-04-30,House Second Reading Special Order - Passed with Amendments - Committee,4
HB18-1419,2018,RS,House,2018-05-01,House Third Reading Passed - No Amendments,5
HB18-1419,2018,RS,Senate,2018-05-01,"Introduced In Senate - Assigned to State, Veterans, & Military Affairs",6
HB18-1419,2018,RS,Senate,2018-05-02,"Senate Committee on State, Veterans, & Military Affairs Postpone Indefinitely",7
HB18-1420,2018,RS,House,2018-04-23,Introduced In House - Assigned to Local Government,1
HB18-1420,2018,RS,House,2018-04-26,House Committee on Local Government Refer Unamended to House Committee of the Whole,2
HB18-1420,2018,RS,House,2018-04-26,House Second Reading Special Order - Passed - No Amendments,3
HB18-1420,2018,RS,House,2018-04-27,House Third Reading Passed with Amendments - Floor,4
HB18-1420,2018,RS,Senate,2018-04-27,"Introduced In Senate - Assigned to State, Veterans, & Military Affairs",5
HB18-1420,2018,RS,Senate,2018-05-01,"Senate Committee on State, Veterans, & Military Affairs Postpone Indefinitely",6
HB18-1421,2018,RS,House,2018-04-23,Introduced In House - Assigned to Business Affairs and Labor,1
HB18-1421,2018,RS,House,2018-05-01,House Committee on Business Affairs and Labor Refer Amended to Appropriations,2
HB18-1421,2018,RS,House,2018-05-02,House Committee on Appropriations Refer Unamended to House Committee of the Whole,3
HB18-1421,2018,RS,House,2018-05-02,House Second Reading Special Order - Laid Over to 05/03/2018 - No Amendments,4
HB18-1421,2018,RS,House,2018-05-03,House Second Reading Laid Over Daily - No Amendments,5
HB18-1421,2018,RS,House,2018-05-04,House Second Reading Special Order - Passed with Amendments - Committee,6
HB18-1421,2018,RS,House,2018-05-07,House Third Reading Passed - No Amendments,7
HB18-1421,2018,RS,Senate,2018-05-07,Introduced In Senate - Assigned to Appropriations,8
HB18-1421,2018,RS,Senate,2018-05-07,Senate Committee on Appropriations Refer Unamended to Senate Committee of the Whole,9
HB18-1421,2018,RS,Senate,2018-05-08,Senate Second Reading Special Order - Passed - No Amendments,10
HB18-1421,2018,RS,Senate,2018-05-09,Senate Third Reading Passed - No Amendments,11
HB18-1421,2018,RS,House,2018-05-22,Signed by the Speaker of the House,12
HB18-1421,2018,RS,Senate,2018-05-22,Signed by the President of the Senate,13
HB18-1421,2018,RS,Governor,2018-05-22,Sent to the Governor,14
HB18-1421,2018,RS,Governor,2018-06-06,Governor Signed,15
HB18-1422,2018,RS,House,2018-04-23,Introduced In House - Assigned to Finance,1
HB18-1422,2018,RS,House,2018-04-30,House Committee on Finance Refer Amended to Appropriations,2
HB18-1422,2018,RS,House,2018-05-02,House Committee on Appropriations Refer Amended to House Committee of the Whole,3
HB18-1422,2018,RS,House,2018-05-02,"House Second Reading Special Order - Passed with Amendments - Committee, Floor",4
HB18-1422,2018,RS,House,2018-05-03,House Third Reading Passed - No Amendments,5
HB18-1422,2018,RS,Senate,2018-05-03,Introduced In Senate - Assigned to Finance,6
HB18-1422,2018,RS,Senate,2018-05-04,Senate Committee on Finance Refer Unamended to Appropriations,7
HB18-1422,2018,RS,Senate,2018-05-07,Senate Committee on Appropriations Refer Amended to Senate Committee of the Whole,8
HB18-1422,2018,RS,Senate,2018-05-08,Senate Second Reading Special Order - Passed with Amendments - Committee,9
HB18-1422,2018,RS,Senate,2018-05-09,Senate Third Reading Passed - No Amendments,10
HB18-1422,2018,RS,House,2018-05-09,House Considered Senate Amendments - Result was to Concur - Repass,11
HB18-1422,2018,RS,House,2018-05-22,Signed by the Speaker of the House,12
HB18-1422,2018,RS,Senate,2018-05-22,Signed by the President of the Senate,13
HB18-1422,2018,RS,Governor,2018-05-22,Sent to the Governor,14
HB18-1422,2018,RS,Governor,2018-06-06,Governor Signed,15
HB18-1423,2018,RS,House,2018-04-23,Introduced In House - Assigned to Local Government,1
HB18-1423,2018,RS,House,2018-04-25,House Committee on Local Government Refer Amended to Appropriations,2
HB18-1423,2018,RS,House,2018-05-04,House Committee on Appropriations Refer Amended to House Committee of the Whole,3
HB18-1423,2018,RS,House,2018-05-04,"House Second Reading Special Order - Passed with Amendments - Committee, Floor",4
HB18-1423,2018,RS,House,2018-05-07,House Third Reading Passed - No Amendments,5
HB18-1423,2018,RS,Senate,2018-05-07,Introduced In Senate - Assigned to Finance,6
HB18-1423,2018,RS,Senate,2018-05-07,Senate Committee on Finance Refer Unamended to Appropriations,7
HB18-1423,2018,RS,Senate,2018-05-07,Senate Committee on Appropriations Refer Unamended to Senate Committee of the Whole,8
HB18-1423,2018,RS,Senate,2018-05-07,Senate Second Reading Special Order - Passed - No Amendments,9
HB18-1423,2018,RS,Senate,2018-05-08,Senate Third Reading Passed - No Amendments,10
HB18-1423,2018,RS,House,2018-05-16,Signed by the Speaker of the House,11
HB18-1423,2018,RS,Senate,2018-05-16,Signed by the President of the Senate,12
HB18-1423,2018,RS,Governor,2018-05-16,Sent to the Governor,13
HB18-1423,2018,RS,Governor,2018-05-23,Governor Signed,14
HB18-1424,2018,RS,House,2018-04-23,Introduced In House - Assigned to Transportation & Energy,1
HB18-1424,2018,RS,House,2018-05-03,House Committee on Transportation & Energy Refer Unamended to Finance,2
HB18-1424,2018,RS,House,2018-05-04,House Committee on Finance Refer Unamended to Appropriations,3
HB18-1424,2018,RS,House,2018-05-04,House Committee on Appropriations Refer Amended to House Committee of the Whole,4
HB18-1424,2018,RS,House,2018-05-04,House Second Reading Special Order - Passed with Amendments - Committee,5
HB18-1424,2018,RS,House,2018-05-07,House Third Reading Passed - No Amendments,6
HB18-1424,2018,RS,Senate,2018-05-07,Introduced In Senate - Assigned to Finance,7
HB18-1424,2018,RS,Senate,2018-05-07,Senate Committee on Finance Refer Amended to Appropriations,8
HB18-1424,2018,RS,Senate,2018-05-08,Senate Committee on Appropriations Postpone Indefinitely,9
HB18-1425,2018,RS,House,2018-04-25,Introduced In House - Assigned to Legislative Council + Judiciary,1
HB18-1425,2018,RS,House,2018-04-26,House Committee on Legislative Council Refer Unamended to Judiciary,2
HB18-1425,2018,RS,House,2018-04-27,House Committee on Judiciary Refer Unamended to Appropriations,3
HB18-1425,2018,RS,House,2018-05-02,House Committee on Appropriations Refer Amended to House Committee of the Whole,4
HB18-1425,2018,RS,House,2018-05-02,House Second Reading Special Order - Passed with Amendments - Committee,5
HB18-1425,2018,RS,House,2018-05-03,House Third Reading Passed - No Amendments,6
HB18-1425,2018,RS,Senate,2018-05-03,"Introduced In Senate - Assigned to State, Veterans, & Military Affairs",7
HB18-1425,2018,RS,Senate,2018-05-04,"Senate Committee on State, Veterans, & Military Affairs Postpone Indefinitely",8
HB18-1426,2018,RS,House,2018-04-25,"Introduced In House - Assigned to State, Veterans, & Military Affairs",1
HB18-1426,2018,RS,House,2018-05-02,"House Committee on State, Veterans, & Military Affairs Refer Amended to House Committee of the Whole",2
HB18-1426,2018,RS,House,2018-05-02,House Second Reading Special Order - Passed with Amendments - Committee,3
HB18-1426,2018,RS,House,2018-05-03,House Third Reading Passed - No Amendments,4
HB18-1426,2018,RS,Senate,2018-05-03,Introduced In Senate - Assigned to Finance,5
HB18-1426,2018,RS,Senate,2018-05-04,Senate Committee on Finance Refer Amended to Senate Committee of the Whole,6
HB18-1426,2018,RS,Senate,2018-05-08,Senate Second Reading Passed with Amendments - Committee,7
HB18-1426,2018,RS,Senate,2018-05-09,Senate Third Reading Passed - No Amendments,8
HB18-1426,2018,RS,Senate,2018-05-09,Senate Third Reading Reconsidered - No Amendments,9
HB18-1426,2018,RS,Senate,2018-05-09,Senate Third Reading Lost - No Amendments,10
HB18-1427,2018,RS,House,2018-04-25,Introduced In House - Assigned to Judiciary,1
HB18-1427,2018,RS,House,2018-05-01,House Committee on Judiciary Refer Amended to House Committee of the Whole,2
HB18-1427,2018,RS,House,2018-05-02,House Second Reading Special Order - Passed with Amendments - Committee,3
HB18-1427,2018,RS,House,2018-05-03,House Third Reading Passed - No Amendments,4
HB18-1427,2018,RS,Senate,2018-05-03,Introduced In Senate - Assigned to Finance,5
HB18-1427,2018,RS,Senate,2018-05-04,Senate Committee on Finance Refer Unamended to Senate Committee of the Whole,6
HB18-1427,2018,RS,Senate,2018-05-08,Senate Second Reading Laid Over Daily - No Amendments,7
HB18-1427,2018,RS,Senate,2018-05-08,Senate Second Reading Special Order - Passed - No Amendments,8
HB18-1427,2018,RS,Senate,2018-05-09,Senate Third Reading Passed - No Amendments,9
HB18-1427,2018,RS,Senate,2018-05-09,Senate Third Reading Reconsidered - No Amendments,10
HB18-1427,2018,RS,House,2018-05-18,Signed by the Speaker of the House,11
HB18-1427,2018,RS,Senate,2018-05-18,Signed by the President of the Senate,12
HB18-1427,2018,RS,Governor,2018-05-18,Sent to the Governor,13
HB18-1427,2018,RS,Governor,2018-06-04,Governor Vetoed,14
HB18-1428,2018,RS,House,2018-04-25,Introduced In House - Assigned to Transportation & Energy,1
HB18-1428,2018,RS,House,2018-05-03,House Committee on Transportation & Energy Refer Amended to Finance,2
HB18-1428,2018,RS,House,2018-05-04,House Committee on Finance Refer Amended to Appropriations,3
HB18-1428,2018,RS,House,2018-05-04,House Committee on Appropriations Refer Amended to House Committee of the Whole,4
HB18-1428,2018,RS,House,2018-05-04,House Second Reading Special Order - Passed with Amendments - Committee,5
HB18-1428,2018,RS,House,2018-05-07,House Third Reading Passed with Amendments - Floor,6
HB18-1428,2018,RS,Senate,2018-05-07,"Introduced In Senate - Assigned to State, Veterans, & Military Affairs",7
HB18-1428,2018,RS,Senate,2018-05-07,"Senate Committee on State, Veterans, & Military Affairs Postpone Indefinitely",8
HB18-1429,2018,RS,House,2018-04-25,Introduced In House - Assigned to Appropriations,1
HB18-1429,2018,RS,House,2018-04-30,House Committee on Appropriations Refer Unamended to House Committee of the Whole,2
HB18-1429,2018,RS,House,2018-04-30,House Second Reading Special Order - Passed - No Amendments,3
HB18-1429,2018,RS,House,2018-05-01,House Third Reading Passed - No Amendments,4
HB18-1429,2018,RS,Senate,2018-05-01,Introduced In Senate - Assigned to Appropriations,5
HB18-1429,2018,RS,Senate,2018-05-03,Senate Committee on Appropriations Refer Unamended - Consent Calendar to Senate Committee of the Whole,6
HB18-1429,2018,RS,Senate,2018-05-03,Senate Second Reading Special Order - Passed - No Amendments,7
HB18-1429,2018,RS,Senate,2018-05-04,Senate Third Reading Passed - No Amendments,8
HB18-1429,2018,RS,House,2018-05-17,Signed by the Speaker of the House,9
HB18-1429,2018,RS,Senate,2018-05-18,Signed by the President of the Senate,10
HB18-1429,2018,RS,Governor,2018-05-18,Sent to the Governor,11
HB18-1429,2018,RS,Governor,2018-06-06,Governor Signed,12
HB18-1430,2018,RS,House,2018-04-25,Introduced In House - Assigned to Finance,1
HB18-1430,2018,RS,House,2018-04-30,House Committee on Finance Refer Amended to Appropriations,2
HB18-1430,2018,RS,House,2018-05-04,House Committee on Appropriations Refer Unamended to House Committee of the Whole,3
HB18-1430,2018,RS,House,2018-05-04,"House Second Reading Special Order - Passed with Amendments - Committee, Floor",4
HB18-1430,2018,RS,House,2018-05-07,House Third Reading Passed with Amendments - Floor,5
HB18-1430,2018,RS,Senate,2018-05-07,Introduced In Senate - Assigned to Appropriations,6
HB18-1430,2018,RS,Senate,2018-05-07,Senate Committee on Appropriations Refer Unamended - Consent Calendar to Senate Committee of the Whole,7
HB18-1430,2018,RS,Senate,2018-05-07,Senate Second Reading Special Order - Passed - No Amendments,8
HB18-1430,2018,RS,Senate,2018-05-08,Senate Third Reading Passed - No Amendments,9
HB18-1430,2018,RS,House,2018-05-22,Signed by the Speaker of the House,10
HB18-1430,2018,RS,Senate,2018-05-22,Signed by the President of the Senate,11
HB18-1430,2018,RS,Governor,2018-05-22,Sent to the Governor,12
HB18-1430,2018,RS,Governor,2018-06-01,Governor Signed,13
HB18-1431,2018,RS,House,2018-04-27,"Introduced In House - Assigned to Health, Insurance, & Environment",1
HB18-1431,2018,RS,House,2018-05-03,"House Committee on Health, Insurance, & Environment Refer Unamended to House Committee of the Whole",2
HB18-1431,2018,RS,House,2018-05-04,House Second Reading Special Order - Passed - No Amendments,3
HB18-1431,2018,RS,House,2018-05-07,House Third Reading Passed - No Amendments,4
HB18-1431,2018,RS,Senate,2018-05-07,Introduced In Senate - Assigned to Finance,5
HB18-1431,2018,RS,Senate,2018-05-07,Senate Committee on Finance Refer Amended to Senate Committee of the Whole,6
HB18-1431,2018,RS,Senate,2018-05-08,Senate Second Reading Special Order - Passed with Amendments - Committee,7
HB18-1431,2018,RS,Senate,2018-05-09,Senate Third Reading Passed - No Amendments,8
HB18-1431,2018,RS,House,2018-05-09,House Considered Senate Amendments - Result was to Concur - Repass,9
HB18-1431,2018,RS,House,2018-05-22,Signed by the Speaker of the House,10
HB18-1431,2018,RS,Senate,2018-05-22,Signed by the President of the Senate,11
HB18-1431,2018,RS,Governor,2018-05-22,Sent to the Governor,12
HB18-1431,2018,RS,Governor,2018-05-29,Governor Signed,13
HB18-1432,2018,RS,House,2018-04-27,Introduced In House - Assigned to Local Government,1
HB18-1432,2018,RS,House,2018-05-02,House Committee on Local Government Refer Amended to House Committee of the Whole,2
HB18-1432,2018,RS,House,2018-05-02,House Second Reading Special Order - Passed with Amendments - Committee,3
HB18-1432,2018,RS,House,2018-05-03,House Third Reading Passed - No Amendments,4
HB18-1432,2018,RS,Senate,2018-05-03,"Introduced In Senate - Assigned to State, Veterans, & Military Affairs",5
HB18-1432,2018,RS,Senate,2018-05-04,"Senate Committee on State, Veterans, & Military Affairs Postpone Indefinitely",6
HB18-1433,2018,RS,House,2018-04-27,Introduced In House - Assigned to Public Health Care & Human Services,1
HB18-1433,2018,RS,House,2018-05-01,House Committee on Public Health Care & Human Services Refer Unamended to House Committee of the Whole,2
HB18-1433,2018,RS,House,2018-05-02,House Second Reading Special Order - Passed - No Amendments,3
HB18-1433,2018,RS,House,2018-05-03,House Third Reading Passed - No Amendments,4
HB18-1433,2018,RS,Senate,2018-05-03,Introduced In Senate - Assigned to Finance,5
HB18-1433,2018,RS,Senate,2018-05-04,Senate Committee on Finance Refer Unamended to Senate Committee of the Whole,6
HB18-1433,2018,RS,Senate,2018-05-08,Senate Second Reading Laid Over Daily - No Amendments,7
HB18-1433,2018,RS,Senate,2018-05-08,Senate Second Reading Special Order - Passed with Amendments - Floor,8
HB18-1433,2018,RS,Senate,2018-05-09,Senate Third Reading Passed - No Amendments,9
HB18-1433,2018,RS,House,2018-05-09,House Considered Senate Amendments - Result was to Concur - Repass,10
HB18-1433,2018,RS,House,2018-05-22,Signed by the Speaker of the House,11
HB18-1433,2018,RS,Senate,2018-05-22,Signed by the President of the Senate,12
HB18-1433,2018,RS,Governor,2018-05-22,Sent to the Governor,13
HB18-1433,2018,RS,Governor,2018-05-29,Governor Signed,14
HB18-1434,2018,RS,House,2018-04-27,Introduced In House - Assigned to Public Health Care & Human Services,1
HB18-1434,2018,RS,House,2018-05-01,House Committee on Public Health Care & Human Services Refer Amended to Appropriations,2
HB18-1434,2018,RS,House,2018-05-04,House Committee on Appropriations Refer Amended to House Committee of the Whole,3
HB18-1434,2018,RS,House,2018-05-04,House Second Reading Special Order - Passed with Amendments - Committee,4
HB18-1434,2018,RS,House,2018-05-07,House Third Reading Passed - No Amendments,5
HB18-1434,2018,RS,Senate,2018-05-07,"Introduced In Senate - Assigned to State, Veterans, & Military Affairs",6
HB18-1434,2018,RS,Senate,2018-05-07,"Senate Committee on State, Veterans, & Military Affairs Refer Unamended to Appropriations",7
HB18-1434,2018,RS,Senate,2018-05-07,Senate Committee on Appropriations Refer Unamended to Senate Committee of the Whole,8
HB18-1434,2018,RS,Senate,2018-05-07,Senate Second Reading Special Order - Passed - No Amendments,9
HB18-1434,2018,RS,Senate,2018-05-08,Senate Third Reading Passed - No Amendments,10
HB18-1434,2018,RS,House,2018-05-18,Signed by the Speaker of the House,11
HB18-1434,2018,RS,Senate,2018-05-18,Signed by the President of the Senate,12
HB18-1434,2018,RS,Governor,2018-05-18,Sent to the Governor,13
HB18-1434,2018,RS,Governor,2018-05-24,Governor Signed,14
HB18-1435,2018,RS,House,2018-04-27,Introduced In House - Assigned to Finance,1
HB18-1435,2018,RS,House,2018-04-30,House Committee on Finance Postpone Indefinitely,2
HB18-1436,2018,RS,House,2018-04-30,Introduced In House - Assigned to Judiciary,1
HB18-1436,2018,RS,House,2018-05-01,House Committee on Judiciary Refer Amended to House Committee of the Whole,2
HB18-1436,2018,RS,House,2018-05-02,House Second Reading Special Order - Passed with Amendments - Committee,3
HB18-1436,2018,RS,House,2018-05-03,House Third Reading Laid Over to 05/04/2018 - No Amendments,4
HB18-1436,2018,RS,House,2018-05-04,House Third Reading Passed - No Amendments,5
HB18-1436,2018,RS,Senate,2018-05-07,"Introduced In Senate - Assigned to State, Veterans, & Military Affairs",6
HB18-1436,2018,RS,Senate,2018-05-07,"Senate Committee on State, Veterans, & Military Affairs Postpone Indefinitely",7
HB18-1437,2018,RS,House,2018-05-01,Introduced In House - Assigned to Education,1
HB18-1437,2018,RS,House,2018-05-02,House Committee on Education Refer Unamended to House Committee of the Whole,2
HB18-1437,2018,RS,House,2018-05-02,House Second Reading Special Order - Passed - No Amendments,3
HB18-1437,2018,RS,House,2018-05-03,House Third Reading Passed - No Amendments,4
HB18-1437,2018,RS,Senate,2018-05-03,Introduced In Senate - Assigned to Finance,5
HB18-1437,2018,RS,Senate,2018-05-04,Senate Committee on Finance Refer Unamended - Consent Calendar to Senate Committee of the Whole,6
HB18-1437,2018,RS,Senate,2018-05-07,Senate Second Reading Special Order - Passed - No Amendments,7
HB18-1437,2018,RS,Senate,2018-05-08,Senate Third Reading Passed - No Amendments,8
HB18-1437,2018,RS,House,2018-05-22,Signed by the Speaker of the House,9
HB18-1437,2018,RS,Senate,2018-05-22,Signed by the President of the Senate,10
HB18-1437,2018,RS,Governor,2018-05-22,Sent to the Governor,11
HB18-1437,2018,RS,Governor,2018-06-06,Governor Signed,12
HB18-1438,2018,RS,House,2018-05-02,"Introduced In House - Assigned to Health, Insurance, & Environment",1
HB18-1438,2018,RS,House,2018-05-03,"House Committee on Health, Insurance, & Environment Postpone Indefinitely",2
HB18-1439,2018,RS,House,2018-05-03,Introduced In House - Assigned to Judiciary,1
HB18-1439,2018,RS,House,2018-05-04,House Committee on Judiciary Postpone Indefinitely,2
HB18-1440,2018,RS,House,2018-05-03,Introduced In House - Assigned to Public Health Care & Human Services,1
HB18-1440,2018,RS,House,2018-05-04,House Committee on Public Health Care & Human Services Refer Unamended to Finance,2
HB18-1440,2018,RS,House,2018-05-04,House Committee on Finance Refer Unamended to Appropriations,3
HB18-1440,2018,RS,House,2018-05-07,House Committee on Appropriations Refer Amended to House Committee of the Whole,4
HB18-1440,2018,RS,House,2018-05-07,"House Second Reading Special Order - Passed with Amendments - Committee, Floor",5
HB18-1440,2018,RS,House,2018-05-08,House Third Reading Passed - No Amendments,6
HB18-1440,2018,RS,Senate,2018-05-08,"Introduced In Senate - Assigned to State, Veterans, & Military Affairs",7
HB18-1440,2018,RS,Senate,2018-05-08,"Senate Committee on State, Veterans, & Military Affairs Postpone Indefinitely",8
HB18-1441,2018,RS,House,2018-05-04,Introduced In House - Assigned to Public Health Care & Human Services,1
HB18-1441,2018,RS,House,2018-05-07,House Committee on Public Health Care & Human Services Refer Unamended to House Committee of the Whole,2
HB18-1441,2018,RS,House,2018-05-07,House Second Reading Special Order - Passed - No Amendments,3
HB18-1441,2018,RS,House,2018-05-08,House Third Reading Passed - No Amendments,4
HB18-1441,2018,RS,Senate,2018-05-08,Introduced In Senate - Assigned to Finance,5
HB18-1441,2018,RS,Senate,2018-05-08,Senate Committee on Finance Refer Amended - Consent Calendar to Senate Committee of the Whole,6
HB18-1441,2018,RS,Senate,2018-05-08,Senate Second Reading Special Order - Passed with Amendments - Committee,7
HB18-1441,2018,RS,Senate,2018-05-09,Senate Third Reading Passed - No Amendments,8
HB18-1441,2018,RS,House,2018-05-09,House Considered Senate Amendments - Result was to Concur - Repass,9
HB18-1441,2018,RS,House,2018-05-18,Signed by the Speaker of the House,10
HB18-1441,2018,RS,Senate,2018-05-18,Signed by the President of the Senate,11
HB18-1441,2018,RS,Governor,2018-05-18,Sent to the Governor,12
HB18-1441,2018,RS,Governor,2018-05-24,Governor Signed,13
HCR18-1001,2018,RS,House,2018-02-27,"Introduced In House - Assigned to State, Veterans, & Military Affairs",1
HCR18-1001,2018,RS,House,2018-03-22,"House Committee on State, Veterans, & Military Affairs Refer Unamended to House Committee of the Whole",2
HCR18-1001,2018,RS,House,2018-03-27,House Second Reading Laid Over to 03/28/2018 - No Amendments,3
HCR18-1001,2018,RS,House,2018-03-28,House Second Reading Laid Over to 03/29/2018 - No Amendments,4
HCR18-1001,2018,RS,House,2018-03-29,House Second Reading Laid Over to 04/02/2018 - No Amendments,5
HCR18-1001,2018,RS,House,2018-04-02,House Second Reading Passed - No Amendments,6
HCR18-1001,2018,RS,House,2018-04-03,House Third Reading Passed - No Amendments,7
HCR18-1001,2018,RS,Senate,2018-04-03,Introduced In Senate - Assigned to Judiciary,8
HCR18-1001,2018,RS,Senate,2018-04-09,Senate Committee on Judiciary Refer Unamended - Consent Calendar to Senate Committee of the Whole,9
HCR18-1001,2018,RS,Senate,2018-04-12,Senate Second Reading Passed - No Amendments,10
HCR18-1001,2018,RS,Senate,2018-04-13,Senate Third Reading Laid Over Daily - No Amendments,11
HCR18-1001,2018,RS,Senate,2018-04-16,Senate Third Reading Passed - No Amendments,12
HCR18-1001,2018,RS,House,2018-04-26,Signed by the Speaker of the House,13
HCR18-1001,2018,RS,Senate,2018-04-26,Signed by the President of the Senate,14
HCR18-1002,2018,RS,House,2018-04-09,"Introduced In House - Assigned to State, Veterans, & Military Affairs",1
HCR18-1002,2018,RS,House,2018-04-26,"House Committee on State, Veterans, & Military Affairs Refer Amended to House Committee of the Whole",2
HCR18-1002,2018,RS,House,2018-04-30,House Second Reading Passed with Amendments - Floor,3
HCR18-1002,2018,RS,Senate,2018-05-01,"Introduced In Senate - Assigned to State, Veterans, & Military Affairs",4
HCR18-1002,2018,RS,House,2018-05-01,House Third Reading Passed - No Amendments,5
HCR18-1002,2018,RS,Senate,2018-05-03,"Senate Committee on State, Veterans, & Military Affairs Refer Unamended to Senate Committee of the Whole",6
HCR18-1002,2018,RS,Senate,2018-05-07,Senate Second Reading Passed - No Amendments,7
HCR18-1002,2018,RS,Senate,2018-05-08,Senate Third Reading Passed - No Amendments,8
HCR18-1002,2018,RS,Senate,2018-05-08,Senate Third Reading Reconsidered - No Amendments,9
HCR18-1002,2018,RS,House,2018-05-17,Signed by the Speaker of the House,10
HCR18-1002,2018,RS,Senate,2018-05-17,Signed by the President of the Senate,11
HJR18-1001,2018,RS,House,2018-01-10,Introduced In House - Assigned to,1
HJR18-1001,2018,RS,Senate,2018-01-10,Introduced In Senate - Assigned to,2
HJR18-1001,2018,RS,Senate,2018-01-10,Senate Third Reading Passed - No Amendments,3
HJR18-1001,2018,RS,House,2018-01-10,House Third Reading Passed - No Amendments,4
HJR18-1001,2018,RS,House,2018-01-16,Signed by the Speaker of the House,5
HJR18-1001,2018,RS,Senate,2018-01-17,Signed by the President of the Senate,6
HJR18-1002,2018,RS,House,2018-01-22,Introduced In House - Assigned to,1
HJR18-1002,2018,RS,House,2018-01-22,House Third Reading Laid Over Daily - No Amendments,2
HJR18-1002,2018,RS,House,2018-01-23,House Third Reading Passed - No Amendments,3
HJR18-1002,2018,RS,Senate,2018-06-06,Introduced In Senate - Assigned to,4
HJR18-1003,2018,RS,House,2018-01-25,Introduced In House - Assigned to,1
HJR18-1003,2018,RS,House,2018-01-25,House Third Reading Laid Over Daily - No Amendments,2
HJR18-1003,2018,RS,House,2018-01-26,House Third Reading Passed - No Amendments,3
HJR18-1003,2018,RS,Senate,2018-01-29,Introduced In Senate - Assigned to,4
HJR18-1003,2018,RS,Senate,2018-01-29,Senate Third Reading Laid Over Daily - No Amendments,5
HJR18-1003,2018,RS,Senate,2018-01-30,Senate Third Reading Passed - No Amendments,6
HJR18-1003,2018,RS,House,2018-01-31,Signed by the Speaker of the House,7
HJR18-1003,2018,RS,Senate,2018-01-31,Signed by the President of the Senate,8
HJR18-1004,2018,RS,House,2018-01-25,Introduced In House - Assigned to,1
HJR18-1004,2018,RS,House,2018-01-25,House Third Reading Laid Over Daily - No Amendments,2
HJR18-1004,2018,RS,House,2018-01-26,House Third Reading Passed - No Amendments,3
HJR18-1004,2018,RS,Senate,2018-01-29,Introduced In Senate - Assigned to,4
HJR18-1004,2018,RS,Senate,2018-01-29,Senate Third Reading Laid Over Daily - No Amendments,5
HJR18-1004,2018,RS,Senate,2018-01-30,Senate Third Reading Passed - No Amendments,6
HJR18-1004,2018,RS,House,2018-01-31,Signed by the Speaker of the House,7
HJR18-1004,2018,RS,Senate,2018-01-31,Signed by the President of the Senate,8
HJR18-1005,2018,RS,House,2018-01-25,Introduced In House - Assigned to,1
HJR18-1005,2018,RS,House,2018-01-25,House Third Reading Laid Over Daily - No Amendments,2
HJR18-1005,2018,RS,House,2018-01-26,House Third Reading Passed - No Amendments,3
HJR18-1005,2018,RS,Senate,2018-01-29,Introduced In Senate - Assigned to,4
HJR18-1005,2018,RS,Senate,2018-01-29,Senate Third Reading Laid Over Daily - No Amendments,5
HJR18-1005,2018,RS,Senate,2018-01-30,Senate Third Reading Passed - No Amendments,6
HJR18-1005,2018,RS,House,2018-01-31,Signed by the Speaker of the House,7
HJR18-1005,2018,RS,Senate,2018-01-31,Signed by the President of the Senate,8
HJR18-1006,2018,RS,House,2018-01-25,Introduced In House - Assigned to,1
HJR18-1006,2018,RS,House,2018-01-25,House Third Reading Laid Over Daily - No Amendments,2
HJR18-1006,2018,RS,House,2018-01-26,House Third Reading Passed - No Amendments,3
HJR18-1006,2018,RS,Senate,2018-01-29,Introduced In Senate - Assigned to,4
HJR18-1006,2018,RS,Senate,2018-01-29,Senate Third Reading Laid Over Daily - No Amendments,5
HJR18-1006,2018,RS,Senate,2018-01-30,Senate Third Reading Passed - No Amendments,6
HJR18-1006,2018,RS,House,2018-01-31,Signed by the Speaker of the House,7
HJR18-1006,2018,RS,Senate,2018-01-31,Signed by the President of the Senate,8
HJR18-1007,2018,RS,House,2018-01-25,Introduced In House - Assigned to,1
HJR18-1007,2018,RS,House,2018-01-25,House Third Reading Laid Over Daily - No Amendments,2
HJR18-1007,2018,RS,House,2018-01-26,House Third Reading Passed - No Amendments,3
HJR18-1007,2018,RS,Senate,2018-01-29,Introduced In Senate - Assigned to,4
HJR18-1007,2018,RS,Senate,2018-01-29,Senate Third Reading Laid Over Daily - No Amendments,5
HJR18-1007,2018,RS,Senate,2018-01-30,Senate Third Reading Passed - No Amendments,6
HJR18-1007,2018,RS,House,2018-01-31,Signed by the Speaker of the House,7
HJR18-1007,2018,RS,Senate,2018-01-31,Signed by the President of the Senate,8
HJR18-1008,2018,RS,House,2018-01-25,Introduced In House - Assigned to,1
HJR18-1008,2018,RS,House,2018-01-25,House Third Reading Laid Over Daily - No Amendments,2
HJR18-1008,2018,RS,House,2018-01-26,House Third Reading Passed - No Amendments,3
HJR18-1008,2018,RS,Senate,2018-01-29,Introduced In Senate - Assigned to,4
HJR18-1008,2018,RS,Senate,2018-01-29,Senate Third Reading Laid Over Daily - No Amendments,5
HJR18-1008,2018,RS,Senate,2018-01-30,Senate Third Reading Passed - No Amendments,6
HJR18-1008,2018,RS,House,2018-01-31,Signed by the Speaker of the House,7
HJR18-1008,2018,RS,Senate,2018-01-31,Signed by the President of the Senate,8
HJR18-1009,2018,RS,House,2018-01-25,Introduced In House - Assigned to,1
HJR18-1009,2018,RS,House,2018-01-25,House Third Reading Laid Over Daily - No Amendments,2
HJR18-1009,2018,RS,House,2018-01-26,House Third Reading Passed - No Amendments,3
HJR18-1009,2018,RS,Senate,2018-01-29,Introduced In Senate - Assigned to,4
HJR18-1009,2018,RS,Senate,2018-01-29,Senate Third Reading Laid Over Daily - No Amendments,5
HJR18-1009,2018,RS,Senate,2018-01-30,Senate Third Reading Passed - No Amendments,6
HJR18-1009,2018,RS,House,2018-01-31,Signed by the Speaker of the House,7
HJR18-1009,2018,RS,Senate,2018-01-31,Signed by the President of the Senate,8
HJR18-1010,2018,RS,House,2018-01-25,Introduced In House - Assigned to,1
HJR18-1010,2018,RS,House,2018-01-25,House Third Reading Laid Over Daily - No Amendments,2
HJR18-1010,2018,RS,House,2018-01-26,House Third Reading Passed - No Amendments,3
HJR18-1010,2018,RS,Senate,2018-01-29,Introduced In Senate - Assigned to,4
HJR18-1010,2018,RS,Senate,2018-01-29,Senate Third Reading Laid Over Daily - No Amendments,5
HJR18-1010,2018,RS,Senate,2018-01-30,Senate Third Reading Passed - No Amendments,6
HJR18-1010,2018,RS,House,2018-01-31,Signed by the Speaker of the House,7
HJR18-1010,2018,RS,Senate,2018-01-31,Signed by the President of the Senate,8
HJR18-1011,2018,RS,House,2018-02-05,Introduced In House - Assigned to,1
HJR18-1011,2018,RS,House,2018-02-05,House Third Reading Laid Over Daily - No Amendments,2
HJR18-1011,2018,RS,House,2018-02-06,House Third Reading Laid Over to 02/16/2018 - No Amendments,3
HJR18-1011,2018,RS,House,2018-02-16,House Third Reading Passed - No Amendments,4
HJR18-1011,2018,RS,Senate,2018-02-21,Introduced In Senate - Assigned to,5
HJR18-1011,2018,RS,Senate,2018-02-22,Senate Third Reading Laid Over Daily - No Amendments,6
HJR18-1011,2018,RS,Senate,2018-02-23,Senate Third Reading Passed - No Amendments,7
HJR18-1011,2018,RS,House,2018-02-27,Signed by the Speaker of the House,8
HJR18-1011,2018,RS,Senate,2018-02-27,Signed by the President of the Senate,9
HJR18-1012,2018,RS,House,2018-04-05,Introduced In House - Assigned to Public Health Care & Human Services,1
HJR18-1012,2018,RS,House,2018-04-17,House Committee on Public Health Care & Human Services Refer Unamended to House Committee of the Whole,2
HJR18-1012,2018,RS,House,2018-04-19,House Third Reading Laid Over Daily - No Amendments,3
HJR18-1012,2018,RS,House,2018-04-24,House Third Reading Passed - No Amendments,4
HJR18-1012,2018,RS,Senate,2018-04-24,Introduced In Senate - Assigned to,5
HJR18-1012,2018,RS,Senate,2018-04-24,Senate Third Reading Laid Over Daily - No Amendments,6
HJR18-1012,2018,RS,Senate,2018-04-25,Senate Third Reading Passed - No Amendments,7
HJR18-1013,2018,RS,House,2018-04-09,Introduced In House - Assigned to Judiciary,1
HJR18-1013,2018,RS,House,2018-04-17,House Committee on Judiciary Refer Unamended to House Committee of the Whole,2
HJR18-1013,2018,RS,House,2018-04-19,House Third Reading Laid Over Daily - No Amendments,3
HJR18-1013,2018,RS,House,2018-04-24,House Third Reading Passed with Amendments - Floor,4
HJR18-1013,2018,RS,Senate,2018-04-24,Introduced In Senate - Assigned to,5
HJR18-1013,2018,RS,Senate,2018-04-24,Senate Third Reading Laid Over Daily - No Amendments,6
HJR18-1013,2018,RS,Senate,2018-04-26,Senate Third Reading Passed - No Amendments,7
HJR18-1014,2018,RS,House,2018-04-09,Introduced In House - Assigned to,1
HJR18-1014,2018,RS,House,2018-04-09,House Third Reading Laid Over Daily - No Amendments,2
HJR18-1014,2018,RS,House,2018-04-10,House Third Reading Laid Over to 04/11/2018 - No Amendments,3
HJR18-1014,2018,RS,House,2018-04-20,House Third Reading Passed - No Amendments,4
HJR18-1014,2018,RS,Senate,2018-04-23,Introduced In Senate - Assigned to,5
HJR18-1014,2018,RS,Senate,2018-04-23,Senate Third Reading Laid Over to 04/27/2018 - No Amendments,6
HJR18-1014,2018,RS,Senate,2018-04-27,Senate Third Reading Passed - No Amendments,7
HJR18-1015,2018,RS,House,2018-04-09,"Introduced In House - Assigned to State, Veterans, & Military Affairs",1
HJR18-1015,2018,RS,House,2018-04-25,"House Committee on State, Veterans, & Military Affairs Postpone Indefinitely",2
HJR18-1016,2018,RS,House,2018-04-09,Introduced In House - Assigned to Transportation & Energy,1
HJR18-1016,2018,RS,House,2018-04-19,House Committee on Transportation & Energy Refer Unamended to House Committee of the Whole,2
HJR18-1016,2018,RS,House,2018-04-23,House Third Reading Laid Over Daily - No Amendments,3
HJR18-1016,2018,RS,House,2018-05-08,House Third Reading Passed - No Amendments,4
HJR18-1016,2018,RS,Senate,2018-06-06,Introduced In Senate - Assigned to,5
HJR18-1017,2018,RS,House,2018-04-09,Introduced In House - Assigned to,1
HJR18-1017,2018,RS,House,2018-04-09,House Third Reading Laid Over Daily - No Amendments,2
HJR18-1017,2018,RS,House,2018-04-10,House Third Reading Passed - No Amendments,3
HJR18-1017,2018,RS,Senate,2018-06-06,Introduced In Senate - Assigned to,4
HJR18-1018,2018,RS,House,2018-04-09,Introduced In House - Assigned to,1
HJR18-1018,2018,RS,House,2018-04-09,House Third Reading Laid Over Daily - No Amendments,2
HJR18-1018,2018,RS,House,2018-04-10,House Third Reading Laid Over to 04/11/2018 - No Amendments,3
HJR18-1018,2018,RS,House,2018-05-04,House Third Reading Passed - No Amendments,4
HJR18-1018,2018,RS,Senate,2018-05-04,Introduced In Senate - Assigned to,5
HJR18-1018,2018,RS,Senate,2018-05-07,Senate Third Reading Laid Over Daily - No Amendments,6
HJR18-1018,2018,RS,Senate,2018-05-07,Senate Third Reading Passed - No Amendments,7
HJR18-1019,2018,RS,House,2018-04-23,Introduced In House - Assigned to,1
HJR18-1019,2018,RS,House,2018-04-23,House Third Reading Laid Over Daily - No Amendments,2
HJR18-1019,2018,RS,House,2018-04-24,House Third Reading Passed - No Amendments,3
HJR18-1019,2018,RS,Senate,2018-04-24,Introduced In Senate - Assigned to,4
HJR18-1019,2018,RS,Senate,2018-04-24,Senate Third Reading Laid Over Daily - No Amendments,5
HJR18-1019,2018,RS,Senate,2018-04-25,Senate Third Reading Passed - No Amendments,6
HJR18-1020,2018,RS,House,2018-04-26,Introduced In House - Assigned to,1
HJR18-1020,2018,RS,House,2018-04-26,House Third Reading Laid Over Daily - No Amendments,2
HJR18-1020,2018,RS,House,2018-04-27,House Third Reading Passed - No Amendments,3
HJR18-1020,2018,RS,Senate,2018-04-27,Introduced In Senate - Assigned to,4
HJR18-1020,2018,RS,Senate,2018-04-27,Senate Third Reading Passed - No Amendments,5
HJR18-1021,2018,RS,House,2018-05-02,Introduced In House - Assigned to,1
HJR18-1021,2018,RS,House,2018-05-02,House Third Reading Laid Over Daily - No Amendments,2
HJR18-1021,2018,RS,House,2018-05-04,House Third Reading Passed - No Amendments,3
HJR18-1021,2018,RS,Senate,2018-05-04,Introduced In Senate - Assigned to,4
HJR18-1021,2018,RS,Senate,2018-05-07,Senate Third Reading Laid Over Daily - No Amendments,5
HJR18-1021,2018,RS,Senate,2018-05-07,Senate Third Reading Passed - No Amendments,6
HJR18-1022,2018,RS,House,2018-05-08,Introduced In House - Assigned to,1
HJR18-1022,2018,RS,House,2018-05-08,House Third Reading Laid Over Daily - No Amendments,2
HJR18-1022,2018,RS,House,2018-05-09,House Third Reading Passed - No Amendments,3
HJR18-1022,2018,RS,Senate,2018-05-09,Introduced In Senate - Assigned to,4
HJR18-1022,2018,RS,Senate,2018-05-09,Senate Third Reading Passed - No Amendments,5
HM18-1001,2018,RS,House,2018-04-18,Introduced In House - Assigned to,1
HM18-1001,2018,RS,House,2018-04-18,House Third Reading Laid Over Daily - No Amendments,2
HM18-1001,2018,RS,House,2018-04-27,House Third Reading Passed - No Amendments,3
HR18-1001,2018,RS,House,2018-01-10,Introduced In House - Assigned to,1
HR18-1001,2018,RS,House,2018-01-10,House Third Reading Laid Over to 01/12/2018 - No Amendments,2
HR18-1001,2018,RS,House,2018-01-12,House Third Reading Passed - No Amendments,3
HR18-1001,2018,RS,House,2018-01-16,Signed by the Speaker of the House,4
HR18-1002,2018,RS,House,2018-01-18,Introduced In House - Assigned to,1
HR18-1002,2018,RS,House,2018-01-19,House Third Reading Passed - No Amendments,2
HR18-1002,2018,RS,House,2018-01-24,Signed by the Speaker of the House,3
HR18-1003,2018,RS,House,2018-01-18,Introduced In House - Assigned to,1
HR18-1003,2018,RS,House,2018-01-19,House Third Reading Passed - No Amendments,2
HR18-1003,2018,RS,House,2018-01-24,Signed by the Speaker of the House,3
HR18-1004,2018,RS,House,2018-01-19,Introduced In House - Assigned to,1
HR18-1004,2018,RS,House,2018-01-19,House Third Reading Passed - No Amendments,2
HR18-1004,2018,RS,House,2018-01-24,Signed by the Speaker of the House,3
HR18-1005,2018,RS,House,2018-02-27,Introduced In House - Assigned to,1
HR18-1005,2018,RS,House,2018-03-02,House Third Reading Passed - No Amendments,2
HR18-1005,2018,RS,House,2018-03-06,Signed by the Speaker of the House,3
HR18-1006,2018,RS,House,2018-03-21,Introduced In House - Assigned to,1
HR18-1006,2018,RS,House,2018-03-21,House Third Reading Passed - No Amendments,2
HR18-1006,2018,RS,House,2018-03-22,Signed by the Speaker of the House,3
HR18-1007,2018,RS,House,2018-05-07,Introduced In House - Assigned to,1
HR18-1007,2018,RS,House,2018-05-07,House Third Reading Laid Over Daily - No Amendments,2
HR18-1007,2018,RS,House,2018-05-08,House Third Reading Passed - No Amendments,3
SB18-001,2018,RS,Senate,2018-01-10,Introduced In Senate - Assigned to Transportation,1
SB18-001,2018,RS,Senate,2018-01-23,Senate Committee on Transportation Refer Amended to Finance,2
SB18-001,2018,RS,Senate,2018-03-01,Senate Committee on Finance Refer Unamended to Appropriations,3
SB18-001,2018,RS,Senate,2018-03-07,Senate Committee on Appropriations Refer Amended to Senate Committee of the Whole,4
SB18-001,2018,RS,Senate,2018-03-09,Senate Second Reading Laid Over Daily - No Amendments,5
SB18-001,2018,RS,Senate,2018-03-12,Senate Second Reading Laid Over to 03/14/2018 - No Amendments,6
SB18-001,2018,RS,Senate,2018-03-14,"Senate Second Reading Laid Over Daily with Amendments - Committee, Floor",7
SB18-001,2018,RS,Senate,2018-03-15,Senate Second Reading Laid Over with Amendments to 03/20/2018 - Floor,8
SB18-001,2018,RS,Senate,2018-03-21,"Senate Second Reading Passed with Amendments - Committee, Floor",9
SB18-001,2018,RS,Senate,2018-03-22,Senate Third Reading Laid Over Daily - No Amendments,10
SB18-001,2018,RS,Senate,2018-03-23,Senate Third Reading Laid Over to 03/27/2018 - No Amendments,11
SB18-001,2018,RS,Senate,2018-03-28,Senate Third Reading Passed with Amendments - Floor,12
SB18-001,2018,RS,House,2018-04-03,Introduced In House - Assigned to Transportation & Energy + Finance + Appropriations,13
SB18-001,2018,RS,House,2018-05-03,House Committee on Transportation & Energy Refer Amended to Finance,14
SB18-001,2018,RS,House,2018-05-04,House Committee on Finance Refer Unamended to Appropriations,15
SB18-001,2018,RS,House,2018-05-04,House Committee on Appropriations Refer Unamended to House Committee of the Whole,16
SB18-001,2018,RS,House,2018-05-07,House Second Reading Special Order - Passed with Amendments - Floor,17
SB18-001,2018,RS,House,2018-05-08,House Third Reading Passed with Amendments - Floor,18
SB18-001,2018,RS,Senate,2018-05-08,Senate Considered House Amendments - Result was to Concur - Repass,19
SB18-001,2018,RS,Senate,2018-05-16,Signed by the President of the Senate,20
SB18-001,2018,RS,House,2018-05-17,Signed by the Speaker of the House,21
SB18-001,2018,RS,Governor,2018-05-17,Sent to the Governor,22
SB18-001,2018,RS,Governor,2018-05-31,Governor Signed,23
SB18-002,2018,RS,Senate,2018-01-10,"Introduced In Senate - Assigned to Business, Labor, & Technology",1
SB18-002,2018,RS,Senate,2018-01-31,"Senate Committee on Business, Labor, & Technology Refer Amended to Senate Committee of the Whole",2
SB18-002,2018,RS,Senate,2018-02-05,Senate Second Reading Laid Over to 02/07/2018 - No Amendments,3
SB18-002,2018,RS,Senate,2018-02-07,"Senate Second Reading Passed with Amendments - Committee, Floor",4
SB18-002,2018,RS,Senate,2018-02-08,Senate Third Reading Passed - No Amendments,5
SB18-002,2018,RS,Senate,2018-02-09,Senate Third Reading Laid Over Daily - No Amendments,6
SB18-002,2018,RS,Senate,2018-02-12,Senate Third Reading Reconsidered - No Amendments,7
SB18-002,2018,RS,House,2018-02-15,"Introduced In House - Assigned to Agriculture, Livestock, & Natural Resources",8
SB18-002,2018,RS,House,2018-03-05,"House Committee on Agriculture, Livestock, & Natural Resources Lay Over Unamended - Amendment(s) Failed",9
SB18-002,2018,RS,House,2018-03-12,"House Committee on Agriculture, Livestock, & Natural Resources Refer Amended to House Committee of the Whole",10
SB18-002,2018,RS,House,2018-03-15,"House Second Reading Passed with Amendments - Committee, Floor",11
SB18-002,2018,RS,House,2018-03-16,House Third Reading Passed - No Amendments,12
SB18-002,2018,RS,Senate,2018-03-20,Senate Considered House Amendments - Result was to Concur - Repass,13
SB18-002,2018,RS,Senate,2018-03-27,Signed by the President of the Senate,14
SB18-002,2018,RS,House,2018-03-29,Signed by the Speaker of the House,15
SB18-002,2018,RS,Governor,2018-03-29,Sent to the Governor,16
SB18-002,2018,RS,Governor,2018-04-02,Governor Signed,17
SB18-003,2018,RS,Senate,2018-01-10,"Introduced In Senate - Assigned to Agriculture, Natural Resources, & Energy",1
SB18-003,2018,RS,Senate,2018-01-18,"Senate Committee on Agriculture, Natural Resources, & Energy Refer Amended to Appropriations",2
SB18-003,2018,RS,Senate,2018-02-14,Senate Committee on Appropriations Refer Unamended to Senate Committee of the Whole,3
SB18-003,2018,RS,Senate,2018-02-16,Senate Second Reading Laid Over Daily - No Amendments,4
SB18-003,2018,RS,Senate,2018-02-21,"Senate Second Reading Passed with Amendments - Committee, Floor",5
SB18-003,2018,RS,Senate,2018-02-22,Senate Third Reading Passed - No Amendments,6
SB18-003,2018,RS,House,2018-02-27,Introduced In House - Assigned to Transportation & Energy,7
SB18-003,2018,RS,House,2018-04-11,House Committee on Transportation & Energy Refer Unamended to House Committee of the Whole,8
SB18-003,2018,RS,House,2018-04-16,House Second Reading Laid Over Daily - No Amendments,9
SB18-003,2018,RS,House,2018-04-18,House Second Reading Passed - No Amendments,10
SB18-003,2018,RS,House,2018-04-19,House Third Reading Passed - No Amendments,11
SB18-003,2018,RS,Senate,2018-05-01,Signed by the President of the Senate,12
SB18-003,2018,RS,House,2018-05-02,Signed by the Speaker of the House,13
SB18-003,2018,RS,Governor,2018-05-03,Sent to the Governor,14
SB18-003,2018,RS,Governor,2018-06-01,Governor Signed,15
SB18-004,2018,RS,Senate,2018-01-10,"Introduced In Senate - Assigned to State, Veterans, & Military Affairs",1
SB18-004,2018,RS,Senate,2018-01-31,"Senate Committee on State, Veterans, & Military Affairs Witness Testimony and/or Committee Discussion Only",2
SB18-004,2018,RS,Senate,2018-02-05,"Senate Committee on State, Veterans, & Military Affairs Postpone Indefinitely",3
SB18-005,2018,RS,Senate,2018-01-10,"Introduced In Senate - Assigned to State, Veterans, & Military Affairs",1
SB18-005,2018,RS,Senate,2018-02-07,"Senate Committee on State, Veterans, & Military Affairs Refer Amended to Senate Committee of the Whole",2
SB18-005,2018,RS,Senate,2018-02-12,Senate Second Reading Passed with Amendments - Committee,3
SB18-005,2018,RS,Senate,2018-02-13,Senate Third Reading Passed - No Amendments,4
SB18-005,2018,RS,House,2018-02-16,"Introduced In House - Assigned to Agriculture, Livestock, & Natural Resources",5
SB18-005,2018,RS,House,2018-03-05,"House Committee on Agriculture, Livestock, & Natural Resources Refer Unamended to House Committee of the Whole",6
SB18-005,2018,RS,House,2018-03-08,House Second Reading Passed - No Amendments,7
SB18-005,2018,RS,House,2018-03-09,House Third Reading Passed - No Amendments,8
SB18-005,2018,RS,Senate,2018-03-14,Signed by the President of the Senate,9
SB18-005,2018,RS,House,2018-03-14,Signed by the Speaker of the House,10
SB18-005,2018,RS,Governor,2018-03-14,Sent to the Governor,11
SB18-005,2018,RS,Governor,2018-03-22,Governor Signed,12
SB18-006,2018,RS,Senate,2018-01-10,"Introduced In Senate - Assigned to State, Veterans, & Military Affairs",1
SB18-006,2018,RS,Senate,2018-01-31,"Senate Committee on State, Veterans, & Military Affairs Witness Testimony and/or Committee Discussion Only",2
SB18-006,2018,RS,Senate,2018-02-05,"Senate Committee on State, Veterans, & Military Affairs Postpone Indefinitely",3
SB18-007,2018,RS,Senate,2018-01-10,Introduced In Senate - Assigned to Finance,1
SB18-007,2018,RS,Senate,2018-01-23,Senate Committee on Finance Refer Unamended to Appropriations,2
SB18-007,2018,RS,Senate,2018-02-14,Senate Committee on Appropriations Refer Unamended to Senate Committee of the Whole,3
SB18-007,2018,RS,Senate,2018-02-16,Senate Second Reading Laid Over Daily - No Amendments,4
SB18-007,2018,RS,Senate,2018-02-21,Senate Second Reading Passed - No Amendments,5
SB18-007,2018,RS,Senate,2018-02-22,Senate Third Reading Passed - No Amendments,6
SB18-007,2018,RS,House,2018-02-23,Introduced In House - Assigned to Finance,7
SB18-007,2018,RS,House,2018-03-19,House Committee on Finance Refer Amended to Appropriations,8
SB18-007,2018,RS,House,2018-04-23,House Committee on Appropriations Refer Unamended to House Committee of the Whole,9
SB18-007,2018,RS,House,2018-04-24,"House Second Reading Special Order - Passed with Amendments - Committee, Floor",10
SB18-007,2018,RS,House,2018-04-25,House Third Reading Laid Over to 04/26/2018 - No Amendments,11
SB18-007,2018,RS,House,2018-04-26,House Third Reading Passed - No Amendments,12
SB18-007,2018,RS,Senate,2018-04-27,Senate Considered House Amendments - Result was to Concur - Repass,13
SB18-007,2018,RS,Senate,2018-05-09,Signed by the President of the Senate,14
SB18-007,2018,RS,House,2018-05-11,Signed by the Speaker of the House,15
SB18-007,2018,RS,Governor,2018-05-11,Sent to the Governor,16
SB18-007,2018,RS,Governor,2018-05-22,Governor Signed,17
SB18-008,2018,RS,Senate,2018-01-10,Introduced In Senate - Assigned to Education,1
SB18-008,2018,RS,Senate,2018-01-25,Senate Committee on Education Postpone Indefinitely,2
SB18-009,2018,RS,Senate,2018-01-10,"Introduced In Senate - Assigned to Agriculture, Natural Resources, & Energy",1
SB18-009,2018,RS,Senate,2018-01-25,"Senate Committee on Agriculture, Natural Resources, & Energy Lay Over Unamended - Amendment(s) Failed",2
SB18-009,2018,RS,Senate,2018-02-01,"Senate Committee on Agriculture, Natural Resources, & Energy Refer Amended to Senate Committee of the Whole",3
SB18-009,2018,RS,Senate,2018-02-07,"Senate Second Reading Passed with Amendments - Committee, Floor",4
SB18-009,2018,RS,Senate,2018-02-08,Senate Third Reading Passed - No Amendments,5
SB18-009,2018,RS,House,2018-02-13,Introduced In House - Assigned to Transportation & Energy,6
SB18-009,2018,RS,House,2018-02-21,House Committee on Transportation & Energy Refer Unamended to House Committee of the Whole,7
SB18-009,2018,RS,House,2018-02-26,House Second Reading Passed - No Amendments,8
SB18-009,2018,RS,House,2018-02-27,House Third Reading Laid Over to 02/28/2018 - No Amendments,9
SB18-009,2018,RS,House,2018-02-28,House Third Reading Laid Over to 03/01/2018 - No Amendments,10
SB18-009,2018,RS,House,2018-03-02,House Third Reading Laid Over to 03/05/2018 - No Amendments,11
SB18-009,2018,RS,House,2018-03-05,House Third Reading Passed - No Amendments,12
SB18-009,2018,RS,Senate,2018-03-09,Signed by the President of the Senate,13
SB18-009,2018,RS,House,2018-03-12,Signed by the Speaker of the House,14
SB18-009,2018,RS,Governor,2018-03-12,Sent to the Governor,15
SB18-009,2018,RS,Governor,2018-03-22,Governor Signed,16
SB18-010,2018,RS,Senate,2018-01-10,Introduced In Senate - Assigned to Local Government,1
SB18-010,2018,RS,Senate,2018-02-13,Senate Committee on Local Government Refer Amended - Consent Calendar to Senate Committee of the Whole,2
SB18-010,2018,RS,Senate,2018-02-15,Senate Second Reading Special Order - Passed with Amendments - Committee,3
SB18-010,2018,RS,Senate,2018-02-16,Senate Third Reading Passed - No Amendments,4
SB18-010,2018,RS,House,2018-02-20,Introduced In House - Assigned to Finance,5
SB18-010,2018,RS,House,2018-03-05,House Committee on Finance Refer Unamended to House Committee of the Whole,6
SB18-010,2018,RS,House,2018-03-08,House Second Reading Passed - No Amendments,7
SB18-010,2018,RS,House,2018-03-09,House Third Reading Passed - No Amendments,8
SB18-010,2018,RS,Senate,2018-03-15,Signed by the President of the Senate,9
SB18-010,2018,RS,House,2018-03-15,Signed by the Speaker of the House,10
SB18-010,2018,RS,Governor,2018-03-16,Sent to the Governor,11
SB18-010,2018,RS,Governor,2018-03-22,Governor Signed,12
SB18-011,2018,RS,Senate,2018-01-10,Introduced In Senate - Assigned to Education,1
SB18-011,2018,RS,Senate,2018-02-14,Senate Committee on Education Refer Amended to Appropriations,2
SB18-011,2018,RS,Senate,2018-03-06,Senate Committee on Appropriations Refer Unamended to Senate Committee of the Whole,3
SB18-011,2018,RS,Senate,2018-03-08,"Senate Second Reading Passed with Amendments - Committee, Floor",4
SB18-011,2018,RS,Senate,2018-03-09,Senate Third Reading Laid Over Daily - No Amendments,5
SB18-011,2018,RS,Senate,2018-03-13,Senate Third Reading Passed - No Amendments,6
SB18-011,2018,RS,House,2018-03-14,Introduced In House - Assigned to Education,7
SB18-011,2018,RS,House,2018-03-26,House Committee on Education Refer Unamended to House Committee of the Whole,8
SB18-011,2018,RS,House,2018-03-29,House Second Reading Laid Over to 04/02/2018 - No Amendments,9
SB18-011,2018,RS,House,2018-04-02,House Second Reading Passed - No Amendments,10
SB18-011,2018,RS,House,2018-04-03,House Third Reading Passed - No Amendments,11
SB18-011,2018,RS,Senate,2018-04-06,Signed by the President of the Senate,12
SB18-011,2018,RS,House,2018-04-06,Signed by the Speaker of the House,13
SB18-011,2018,RS,Governor,2018-04-09,Sent to the Governor,14
SB18-011,2018,RS,Governor,2018-04-12,Governor Signed,15
SB18-012,2018,RS,Senate,2018-01-10,Introduced In Senate - Assigned to Education,1
SB18-012,2018,RS,Senate,2018-02-01,Senate Committee on Education Refer Unamended to Appropriations,2
SB18-012,2018,RS,Senate,2018-04-10,Senate Committee on Appropriations Refer Unamended to Senate Committee of the Whole,3
SB18-012,2018,RS,Senate,2018-04-13,Senate Second Reading Laid Over Daily - No Amendments,4
SB18-012,2018,RS,Senate,2018-04-16,Senate Second Reading Passed - No Amendments,5
SB18-012,2018,RS,Senate,2018-04-17,Senate Third Reading Passed - No Amendments,6
SB18-012,2018,RS,House,2018-04-18,Introduced In House - Assigned to Education,7
SB18-012,2018,RS,House,2018-04-30,House Committee on Education Refer Amended to House Committee of the Whole,8
SB18-012,2018,RS,House,2018-04-30,House Second Reading Special Order - Passed with Amendments - Committee,9
SB18-012,2018,RS,House,2018-05-01,House Third Reading Passed - No Amendments,10
SB18-012,2018,RS,Senate,2018-05-02,Senate Considered House Amendments - Result was to Concur - Repass,11
SB18-012,2018,RS,Senate,2018-05-09,Signed by the President of the Senate,12
SB18-012,2018,RS,House,2018-05-11,Signed by the Speaker of the House,13
SB18-012,2018,RS,Governor,2018-05-11,Sent to the Governor,14
SB18-012,2018,RS,Governor,2018-05-29,Governor Signed,15
SB18-013,2018,RS,Senate,2018-01-10,Introduced In Senate - Assigned to Education,1
SB18-013,2018,RS,Senate,2018-01-25,Senate Committee on Education Refer Unamended to Appropriations,2
SB18-013,2018,RS,Senate,2018-04-27,Senate Committee on Appropriations Refer Amended to Senate Committee of the Whole,3
SB18-013,2018,RS,Senate,2018-05-01,Senate Second Reading Passed with Amendments - Committee,4
SB18-013,2018,RS,Senate,2018-05-02,Senate Third Reading Passed - No Amendments,5
SB18-013,2018,RS,House,2018-05-02,Introduced In House - Assigned to Education,6
SB18-013,2018,RS,House,2018-05-07,House Committee on Education Refer Unamended to Appropriations,7
SB18-013,2018,RS,House,2018-05-07,House Committee on Appropriations Refer Unamended to House Committee of the Whole,8
SB18-013,2018,RS,House,2018-05-07,House Second Reading Special Order - Passed - No Amendments,9
SB18-013,2018,RS,House,2018-05-08,House Third Reading Passed - No Amendments,10
SB18-013,2018,RS,Senate,2018-05-16,Signed by the President of the Senate,11
SB18-013,2018,RS,House,2018-05-17,Signed by the Speaker of the House,12
SB18-013,2018,RS,Governor,2018-05-17,Sent to the Governor,13
SB18-013,2018,RS,Governor,2018-05-29,Governor Signed,14
SB18-014,2018,RS,Senate,2018-01-10,Introduced In Senate - Assigned to Judiciary,1
SB18-014,2018,RS,Senate,2018-01-22,Senate Committee on Judiciary Refer Amended to Senate Committee of the Whole,2
SB18-014,2018,RS,Senate,2018-01-25,Senate Second Reading Passed with Amendments - Committee,3
SB18-014,2018,RS,Senate,2018-01-26,Senate Third Reading Laid Over Daily - No Amendments,4
SB18-014,2018,RS,Senate,2018-01-29,Senate Third Reading Passed - No Amendments,5
SB18-014,2018,RS,House,2018-02-01,Introduced In House - Assigned to Judiciary,6
SB18-014,2018,RS,House,2018-04-03,House Committee on Judiciary Refer Unamended to House Committee of the Whole,7
SB18-014,2018,RS,House,2018-04-06,House Second Reading Special Order - Passed - No Amendments,8
SB18-014,2018,RS,House,2018-04-09,House Third Reading Passed - No Amendments,9
SB18-014,2018,RS,Senate,2018-04-12,Signed by the President of the Senate,10
SB18-014,2018,RS,House,2018-04-17,Signed by the Speaker of the House,11
SB18-014,2018,RS,Governor,2018-04-17,Sent to the Governor,12
SB18-014,2018,RS,Governor,2018-04-23,Governor Signed,13
SB18-015,2018,RS,Senate,2018-01-10,Introduced In Senate - Assigned to Judiciary,1
SB18-015,2018,RS,Senate,2018-01-22,Senate Committee on Judiciary Refer Unamended to Senate Committee of the Whole,2
SB18-015,2018,RS,Senate,2018-01-25,Senate Second Reading Passed with Amendments - Floor,3
SB18-015,2018,RS,Senate,2018-01-26,Senate Third Reading Laid Over Daily - No Amendments,4
SB18-015,2018,RS,Senate,2018-01-29,Senate Third Reading Passed - No Amendments,5
SB18-015,2018,RS,House,2018-02-01,"Introduced In House - Assigned to State, Veterans, & Military Affairs",6
SB18-015,2018,RS,House,2018-03-21,"House Committee on State, Veterans, & Military Affairs Witness Testimony and/or Committee Discussion Only",7
SB18-015,2018,RS,House,2018-04-12,"House Committee on State, Veterans, & Military Affairs Refer Amended to House Committee of the Whole",8
SB18-015,2018,RS,House,2018-04-17,House Second Reading Laid Over Daily - No Amendments,9
SB18-015,2018,RS,House,2018-04-18,"House Second Reading Passed with Amendments - Committee, Floor",10
SB18-015,2018,RS,House,2018-04-19,House Third Reading Passed - No Amendments,11
SB18-015,2018,RS,Senate,2018-04-20,Senate Considered House Amendments - Result was to Laid Over Daily,12
SB18-015,2018,RS,Senate,2018-04-24,Senate Considered House Amendments - Result was to Not Concur - Request Conference Committee,13
SB18-015,2018,RS,ConfComm,2018-04-27,First Conference Committee Result was to No Report,14
SB18-015,2018,RS,ConfComm,2018-05-03,First Conference Committee Result was to Adopt Rerevised w/ Amendments,15
SB18-015,2018,RS,House,2018-05-04,"House Consideration of First Conference Committee Report result was to Reject, Discharge and Appoint",16
SB18-015,2018,RS,ConfComm,2018-05-08,Second Conference Committee Result was to Adopt Rerevised w/ Amendments,17
SB18-015,2018,RS,House,2018-05-08,House Consideration of Second Conference Committee Report result was to Adopt Committee Report - Repass,18
SB18-015,2018,RS,Senate,2018-05-08,Senate Consideration of Second Conference Committee Report result was to Adopt Committee Report - Repass,19
SB18-015,2018,RS,Senate,2018-05-16,Signed by the President of the Senate,20
SB18-015,2018,RS,House,2018-05-17,Signed by the Speaker of the House,21
SB18-015,2018,RS,Governor,2018-05-17,Sent to the Governor,22
SB18-015,2018,RS,Governor,2018-06-06,Governor Signed,23
SB18-016,2018,RS,Senate,2018-01-10,Introduced In Senate - Assigned to Judiciary,1
SB18-016,2018,RS,Senate,2018-01-29,Senate Committee on Judiciary Refer Unamended to Appropriations,2
SB18-016,2018,RS,Senate,2018-04-17,Senate Committee on Appropriations Refer Amended to Senate Committee of the Whole,3
SB18-016,2018,RS,Senate,2018-04-19,Senate Second Reading Passed with Amendments - Committee,4
SB18-016,2018,RS,Senate,2018-04-20,Senate Third Reading Laid Over Daily - No Amendments,5
SB18-016,2018,RS,Senate,2018-04-23,Senate Third Reading Passed - No Amendments,6
SB18-016,2018,RS,House,2018-04-24,Introduced In House - Assigned to Public Health Care & Human Services,7
SB18-016,2018,RS,House,2018-04-27,House Committee on Public Health Care & Human Services Refer Amended to Appropriations,8
SB18-016,2018,RS,House,2018-05-02,House Committee on Appropriations Refer Unamended to House Committee of the Whole,9
SB18-016,2018,RS,House,2018-05-02,House Second Reading Special Order - Passed with Amendments - Committee,10
SB18-016,2018,RS,House,2018-05-03,House Third Reading Passed - No Amendments,11
SB18-016,2018,RS,Senate,2018-05-03,Senate Considered House Amendments - Result was to Concur - Repass,12
SB18-016,2018,RS,Senate,2018-05-11,Signed by the President of the Senate,13
SB18-016,2018,RS,House,2018-05-11,Signed by the Speaker of the House,14
SB18-016,2018,RS,Governor,2018-05-11,Sent to the Governor,15
SB18-016,2018,RS,Governor,2018-05-30,Governor Signed,16
SB18-017,2018,RS,Senate,2018-01-10,Introduced In Senate - Assigned to Judiciary,1
SB18-017,2018,RS,Senate,2018-01-31,Senate Committee on Judiciary Lay Over Unamended - Amendment(s) Failed,2
SB18-017,2018,RS,Senate,2018-02-12,Senate Committee on Judiciary Postpone Indefinitely,3
SB18-018,2018,RS,Senate,2018-01-10,Introduced In Senate - Assigned to Judiciary,1
SB18-018,2018,RS,Senate,2018-01-22,Senate Committee on Judiciary Refer Amended to Appropriations,2
SB18-018,2018,RS,Senate,2018-04-11,Senate Committee on Appropriations Postpone Indefinitely,3
SB18-019,2018,RS,Senate,2018-01-10,"Introduced In Senate - Assigned to Agriculture, Natural Resources, & Energy",1
SB18-019,2018,RS,Senate,2018-01-18,"Senate Committee on Agriculture, Natural Resources, & Energy Refer Unamended to Senate Committee of the Whole",2
SB18-019,2018,RS,Senate,2018-01-23,Senate Second Reading Passed - No Amendments,3
SB18-019,2018,RS,Senate,2018-01-24,Senate Third Reading Passed - No Amendments,4
SB18-019,2018,RS,House,2018-01-26,"Introduced In House - Assigned to Agriculture, Livestock, & Natural Resources",5
SB18-019,2018,RS,House,2018-02-12,"House Committee on Agriculture, Livestock, & Natural Resources Refer Unamended to House Committee of the Whole",6
SB18-019,2018,RS,House,2018-02-15,House Second Reading Passed - No Amendments,7
SB18-019,2018,RS,House,2018-02-16,House Third Reading Passed - No Amendments,8
SB18-019,2018,RS,Senate,2018-02-22,Signed by the President of the Senate,9
SB18-019,2018,RS,House,2018-02-23,Signed by the Speaker of the House,10
SB18-019,2018,RS,Governor,2018-02-23,Sent to the Governor,11
SB18-019,2018,RS,Governor,2018-03-01,Governor Signed,12
SB18-020,2018,RS,Senate,2018-01-10,Introduced In Senate - Assigned to Health & Human Services,1
SB18-020,2018,RS,Senate,2018-01-17,Senate Committee on Health & Human Services Refer Unamended to Senate Committee of the Whole,2
SB18-020,2018,RS,Senate,2018-01-22,Senate Second Reading Laid Over Daily - No Amendments,3
SB18-020,2018,RS,Senate,2018-01-23,Senate Second Reading Passed - No Amendments,4
SB18-020,2018,RS,Senate,2018-01-24,Senate Third Reading Passed - No Amendments,5
SB18-020,2018,RS,House,2018-01-26,"Introduced In House - Assigned to Health, Insurance, & Environment",6
SB18-020,2018,RS,House,2018-02-27,"House Committee on Health, Insurance, & Environment Refer Unamended to House Committee of the Whole",7
SB18-020,2018,RS,House,2018-03-02,House Second Reading Laid Over to 03/05/2018 - No Amendments,8
SB18-020,2018,RS,House,2018-03-05,House Second Reading Passed - No Amendments,9
SB18-020,2018,RS,House,2018-03-06,House Third Reading Passed - No Amendments,10
SB18-020,2018,RS,Senate,2018-03-09,Signed by the President of the Senate,11
SB18-020,2018,RS,House,2018-03-12,Signed by the Speaker of the House,12
SB18-020,2018,RS,Governor,2018-03-12,Sent to the Governor,13
SB18-020,2018,RS,Governor,2018-03-22,Governor Signed,14
SB18-021,2018,RS,Senate,2018-01-10,"Introduced In Senate - Assigned to Business, Labor, & Technology",1
SB18-021,2018,RS,Senate,2018-01-29,"Senate Committee on Business, Labor, & Technology Witness Testimony and/or Committee Discussion Only",2
SB18-021,2018,RS,Senate,2018-02-05,"Senate Committee on Business, Labor, & Technology Postpone Indefinitely",3
SB18-022,2018,RS,Senate,2018-01-10,Introduced In Senate - Assigned to Health & Human Services,1
SB18-022,2018,RS,Senate,2018-02-08,Senate Committee on Health & Human Services Refer Amended to Senate Committee of the Whole,2
SB18-022,2018,RS,Senate,2018-02-13,Senate Second Reading Laid Over Daily - No Amendments,3
SB18-022,2018,RS,Senate,2018-02-14,Senate Second Reading Laid Over to 02/16/2018 - No Amendments,4
SB18-022,2018,RS,Senate,2018-02-21,Senate Second Reading Passed with Amendments - Committee,5
SB18-022,2018,RS,Senate,2018-02-22,Senate Third Reading Passed - No Amendments,6
SB18-022,2018,RS,House,2018-02-23,"Introduced In House - Assigned to Health, Insurance, & Environment",7
SB18-022,2018,RS,House,2018-05-03,"House Committee on Health, Insurance, & Environment Refer Amended to House Committee of the Whole",8
SB18-022,2018,RS,House,2018-05-04,House Second Reading Special Order - Passed with Amendments - Committee,9
SB18-022,2018,RS,House,2018-05-07,House Third Reading Passed - No Amendments,10
SB18-022,2018,RS,Senate,2018-05-07,Senate Considered House Amendments - Result was to Concur - Repass,11
SB18-022,2018,RS,Senate,2018-05-15,Signed by the President of the Senate,12
SB18-022,2018,RS,House,2018-05-16,Signed by the Speaker of the House,13
SB18-022,2018,RS,Governor,2018-05-16,Sent to the Governor,14
SB18-022,2018,RS,Governor,2018-05-21,Governor Signed,15
SB18-023,2018,RS,Senate,2018-01-10,Introduced In Senate - Assigned to Health & Human Services,1
SB18-023,2018,RS,Senate,2018-02-15,Senate Committee on Health & Human Services Postpone Indefinitely,2
SB18-024,2018,RS,Senate,2018-01-10,Introduced In Senate - Assigned to Health & Human Services,1
SB18-024,2018,RS,Senate,2018-01-25,Senate Committee on Health & Human Services Refer Amended to Appropriations,2
SB18-024,2018,RS,Senate,2018-04-10,Senate Committee on Appropriations Refer Amended to Senate Committee of the Whole,3
SB18-024,2018,RS,Senate,2018-04-13,Senate Second Reading Laid Over Daily - No Amendments,4
SB18-024,2018,RS,Senate,2018-04-16,Senate Second Reading Passed with Amendments - Committee,5
SB18-024,2018,RS,Senate,2018-04-17,Senate Third Reading Passed - No Amendments,6
SB18-024,2018,RS,House,2018-04-20,Introduced In House - Assigned to Public Health Care & Human Services,7
SB18-024,2018,RS,House,2018-04-27,House Committee on Public Health Care & Human Services Refer Unamended to Appropriations,8
SB18-024,2018,RS,House,2018-05-02,House Committee on Appropriations Refer Unamended to House Committee of the Whole,9
SB18-024,2018,RS,House,2018-05-02,House Second Reading Special Order - Passed - No Amendments,10
SB18-024,2018,RS,House,2018-05-03,House Third Reading Passed - No Amendments,11
SB18-024,2018,RS,Senate,2018-05-14,Signed by the President of the Senate,12
SB18-024,2018,RS,House,2018-05-15,Signed by the Speaker of the House,13
SB18-024,2018,RS,Governor,2018-05-15,Sent to the Governor,14
SB18-024,2018,RS,Governor,2018-05-21,Governor Signed,15
SB18-025,2018,RS,Senate,2018-01-10,"Introduced In Senate - Assigned to State, Veterans, & Military Affairs",1
SB18-025,2018,RS,Senate,2018-01-22,"Senate Committee on State, Veterans, & Military Affairs Refer Amended - Consent Calendar to Senate Committee of the Whole",2
SB18-025,2018,RS,Senate,2018-01-25,Senate Second Reading Passed with Amendments - Committee,3
SB18-025,2018,RS,Senate,2018-01-26,Senate Third Reading Passed - No Amendments,4
SB18-025,2018,RS,House,2018-01-31,Introduced In House - Assigned to Local Government,5
SB18-025,2018,RS,House,2018-02-14,House Committee on Local Government Refer Unamended to House Committee of the Whole,6
SB18-025,2018,RS,House,2018-02-20,House Second Reading Passed - No Amendments,7
SB18-025,2018,RS,House,2018-02-21,House Third Reading Passed - No Amendments,8
SB18-025,2018,RS,Senate,2018-02-27,Signed by the President of the Senate,9
SB18-025,2018,RS,House,2018-02-27,Signed by the Speaker of the House,10
SB18-025,2018,RS,Governor,2018-02-27,Sent to the Governor,11
SB18-025,2018,RS,Governor,2018-03-07,Governor Signed,12
SB18-026,2018,RS,Senate,2018-01-10,Introduced In Senate - Assigned to Judiciary,1
SB18-026,2018,RS,Senate,2018-02-14,Senate Committee on Judiciary Refer Amended to Senate Committee of the Whole,2
SB18-026,2018,RS,Senate,2018-02-20,Senate Second Reading Laid Over Daily - No Amendments,3
SB18-026,2018,RS,Senate,2018-02-22,"Senate Second Reading Passed with Amendments - Committee, Floor",4
SB18-026,2018,RS,Senate,2018-02-23,Senate Third Reading Laid Over to 02/27/2018 - No Amendments,5
SB18-026,2018,RS,Senate,2018-02-27,Senate Third Reading Passed - No Amendments,6
SB18-026,2018,RS,House,2018-03-02,Introduced In House - Assigned to Judiciary,7
SB18-026,2018,RS,House,2018-03-20,House Committee on Judiciary Refer Amended to House Committee of the Whole,8
SB18-026,2018,RS,House,2018-03-23,House Second Reading Laid Over to 03/26/2018 - No Amendments,9
SB18-026,2018,RS,House,2018-03-26,House Second Reading Laid Over to 03/27/2018 - No Amendments,10
SB18-026,2018,RS,House,2018-03-27,House Second Reading Laid Over to 03/28/2018 - No Amendments,11
SB18-026,2018,RS,House,2018-03-28,House Second Reading Laid Over to 03/29/2018 - No Amendments,12
SB18-026,2018,RS,House,2018-03-29,House Second Reading Laid Over to 04/02/2018 - No Amendments,13
SB18-026,2018,RS,House,2018-04-02,House Second Reading Passed with Amendments - Committee,14
SB18-026,2018,RS,House,2018-04-03,House Third Reading Passed - No Amendments,15
SB18-026,2018,RS,Senate,2018-04-04,Senate Considered House Amendments - Result was to Concur - Repass,16
SB18-026,2018,RS,Senate,2018-04-11,Signed by the President of the Senate,17
SB18-026,2018,RS,Governor,2018-04-13,Sent to the Governor,18
SB18-026,2018,RS,House,2018-04-13,Signed by the Speaker of the House,19
SB18-026,2018,RS,Governor,2018-04-23,Governor Signed,20
SB18-027,2018,RS,Senate,2018-01-10,Introduced In Senate - Assigned to Finance + Appropriations,1
SB18-027,2018,RS,Senate,2018-01-11,Senate Committee on Finance Refer Unamended to Appropriations,2
SB18-027,2018,RS,Senate,2018-01-11,Senate Committee on Appropriations Refer Amended to Senate Committee of the Whole,3
SB18-027,2018,RS,Senate,2018-01-11,Senate Second Reading Special Order - Passed with Amendments - Committee,4
SB18-027,2018,RS,Senate,2018-01-12,Senate Third Reading Passed with Amendments - Floor,5
SB18-027,2018,RS,House,2018-01-12,Introduced In House - Assigned to Finance + Appropriations,6
SB18-027,2018,RS,House,2018-01-16,House Committee on Finance Refer Unamended to Appropriations,7
SB18-027,2018,RS,House,2018-01-16,House Committee on Appropriations Refer Unamended to House Committee of the Whole,8
SB18-027,2018,RS,House,2018-01-16,House Second Reading Special Order - Passed - No Amendments,9
SB18-027,2018,RS,House,2018-01-17,House Third Reading Passed - No Amendments,10
SB18-027,2018,RS,Senate,2018-01-17,Signed by the President of the Senate,11
SB18-027,2018,RS,House,2018-01-17,Signed by the Speaker of the House,12
SB18-027,2018,RS,Governor,2018-01-17,Sent to the Governor,13
SB18-027,2018,RS,Governor,2018-01-18,Governor Signed,14
SB18-028,2018,RS,Senate,2018-01-10,Introduced In Senate - Assigned to Transportation,1
SB18-028,2018,RS,Senate,2018-01-30,Senate Committee on Transportation Refer Amended - Consent Calendar to Senate Committee of the Whole,2
SB18-028,2018,RS,Senate,2018-02-02,Senate Second Reading Passed with Amendments - Committee,3
SB18-028,2018,RS,Senate,2018-02-05,Senate Third Reading Passed - No Amendments,4
SB18-028,2018,RS,House,2018-02-08,Introduced In House - Assigned to Transportation & Energy,5
SB18-028,2018,RS,House,2018-03-07,House Committee on Transportation & Energy Refer Unamended to House Committee of the Whole,6
SB18-028,2018,RS,House,2018-03-12,House Second Reading Passed - No Amendments,7
SB18-028,2018,RS,House,2018-03-13,House Third Reading Passed - No Amendments,8
SB18-028,2018,RS,Senate,2018-03-16,Signed by the President of the Senate,9
SB18-028,2018,RS,House,2018-03-20,Signed by the Speaker of the House,10
SB18-028,2018,RS,Governor,2018-03-20,Sent to the Governor,11
SB18-028,2018,RS,Governor,2018-03-29,Governor Signed,12
SB18-029,2018,RS,Senate,2018-01-10,"Introduced In Senate - Assigned to Business, Labor, & Technology",1
SB18-029,2018,RS,Senate,2018-02-07,"Senate Committee on Business, Labor, & Technology Postpone Indefinitely",2
SB18-030,2018,RS,Senate,2018-01-10,Introduced In Senate - Assigned to Judiciary,1
SB18-030,2018,RS,Senate,2018-01-17,Senate Committee on Judiciary Refer Amended - Consent Calendar to Senate Committee of the Whole,2
SB18-030,2018,RS,Senate,2018-01-22,Senate Second Reading Passed with Amendments - Committee,3
SB18-030,2018,RS,Senate,2018-01-23,Senate Third Reading Passed - No Amendments,4
SB18-030,2018,RS,House,2018-01-25,Introduced In House - Assigned to Judiciary,5
SB18-030,2018,RS,House,2018-02-08,House Committee on Judiciary Refer Unamended to House Committee of the Whole,6
SB18-030,2018,RS,House,2018-02-13,House Second Reading Passed - No Amendments,7
SB18-030,2018,RS,House,2018-02-14,House Third Reading Passed - No Amendments,8
SB18-030,2018,RS,Senate,2018-02-22,Signed by the President of the Senate,9
SB18-030,2018,RS,House,2018-02-23,Signed by the Speaker of the House,10
SB18-030,2018,RS,Governor,2018-02-23,Sent to the Governor,11
SB18-030,2018,RS,Governor,2018-03-01,Governor Signed,12
SB18-031,2018,RS,Senate,2018-01-10,Introduced In Senate - Assigned to Judiciary,1
SB18-031,2018,RS,Senate,2018-01-17,Senate Committee on Judiciary Refer Unamended to Appropriations,2
SB18-031,2018,RS,Senate,2018-04-10,Senate Committee on Appropriations Refer Amended - Consent Calendar to Senate Committee of the Whole,3
SB18-031,2018,RS,Senate,2018-04-11,Senate Second Reading Special Order - Passed with Amendments - Committee,4
SB18-031,2018,RS,Senate,2018-04-12,Senate Third Reading Passed - No Amendments,5
SB18-031,2018,RS,House,2018-04-17,Introduced In House - Assigned to Judiciary,6
SB18-031,2018,RS,House,2018-04-24,House Committee on Judiciary Refer Unamended to Legislative Council,7
SB18-031,2018,RS,House,2018-04-26,House Committee on Legislative Council Refer Unamended to Appropriations,8
SB18-031,2018,RS,House,2018-05-02,House Committee on Appropriations Refer Unamended to House Committee of the Whole,9
SB18-031,2018,RS,House,2018-05-02,House Second Reading Special Order - Passed - No Amendments,10
SB18-031,2018,RS,House,2018-05-03,House Third Reading Passed - No Amendments,11
SB18-031,2018,RS,Senate,2018-05-11,Signed by the President of the Senate,12
SB18-031,2018,RS,House,2018-05-11,Signed by the Speaker of the House,13
SB18-031,2018,RS,Governor,2018-05-11,Sent to the Governor,14
SB18-031,2018,RS,Governor,2018-05-29,Governor Signed,15
SB18-032,2018,RS,Senate,2018-01-10,Introduced In Senate - Assigned to Judiciary,1
SB18-032,2018,RS,Senate,2018-01-17,Senate Committee on Judiciary Refer Amended - Consent Calendar to Senate Committee of the Whole,2
SB18-032,2018,RS,Senate,2018-01-22,Senate Second Reading Passed with Amendments - Committee,3
SB18-032,2018,RS,Senate,2018-01-23,Senate Third Reading Passed - No Amendments,4
SB18-032,2018,RS,House,2018-01-25,Introduced In House - Assigned to Judiciary,5
SB18-032,2018,RS,House,2018-02-08,House Committee on Judiciary Refer Unamended to House Committee of the Whole,6
SB18-032,2018,RS,House,2018-02-13,House Second Reading Passed - No Amendments,7
SB18-032,2018,RS,House,2018-02-14,House Third Reading Passed - No Amendments,8
SB18-032,2018,RS,Senate,2018-02-21,Signed by the President of the Senate,9
SB18-032,2018,RS,House,2018-02-21,Signed by the Speaker of the House,10
SB18-032,2018,RS,Governor,2018-02-21,Sent to the Governor,11
SB18-032,2018,RS,Governor,2018-03-01,Governor Signed,12
SB18-033,2018,RS,Senate,2018-01-10,"Introduced In Senate - Assigned to Agriculture, Natural Resources, & Energy",1
SB18-033,2018,RS,Senate,2018-01-18,"Senate Committee on Agriculture, Natural Resources, & Energy Refer Unamended to Finance",2
SB18-033,2018,RS,Senate,2018-01-23,Senate Committee on Finance Refer Unamended to Appropriations,3
SB18-033,2018,RS,Senate,2018-02-14,Senate Committee on Appropriations Refer Amended - Consent Calendar to Senate Committee of the Whole,4
SB18-033,2018,RS,Senate,2018-02-15,Senate Second Reading Special Order - Passed with Amendments - Committee,5
SB18-033,2018,RS,Senate,2018-02-16,Senate Third Reading Passed - No Amendments,6
SB18-033,2018,RS,House,2018-02-20,"Introduced In House - Assigned to Agriculture, Livestock, & Natural Resources",7
SB18-033,2018,RS,House,2018-03-12,"House Committee on Agriculture, Livestock, & Natural Resources Refer Unamended to Finance",8
SB18-033,2018,RS,House,2018-04-04,House Committee on Finance Refer Unamended to Appropriations,9
SB18-033,2018,RS,House,2018-04-11,House Committee on Appropriations Refer Unamended to House Committee of the Whole,10
SB18-033,2018,RS,House,2018-04-12,House Second Reading Special Order - Laid Over Daily - No Amendments,11
SB18-033,2018,RS,House,2018-04-17,House Second Reading Passed with Amendments - Floor,12
SB18-033,2018,RS,House,2018-04-18,House Third Reading Passed - No Amendments,13
SB18-033,2018,RS,Senate,2018-04-19,Senate Considered House Amendments - Result was to Adhere,14
SB18-033,2018,RS,House,2018-04-26,House Considered Senate Adherence - Result was to Recede,15
SB18-033,2018,RS,Senate,2018-05-07,Signed by the President of the Senate,16
SB18-033,2018,RS,House,2018-05-11,Signed by the Speaker of the House,17
SB18-033,2018,RS,Governor,2018-05-11,Sent to the Governor,18
SB18-033,2018,RS,Governor,2018-05-29,Governor Signed,19
SB18-034,2018,RS,Senate,2018-01-10,Introduced In Senate - Assigned to Judiciary,1
SB18-034,2018,RS,Senate,2018-01-17,Senate Committee on Judiciary Refer Amended - Consent Calendar to Senate Committee of the Whole,2
SB18-034,2018,RS,Senate,2018-01-22,Senate Second Reading Passed with Amendments - Committee,3
SB18-034,2018,RS,Senate,2018-01-23,Senate Third Reading Passed - No Amendments,4
SB18-034,2018,RS,House,2018-01-25,Introduced In House - Assigned to Judiciary,5
SB18-034,2018,RS,House,2018-02-08,House Committee on Judiciary Refer Amended to House Committee of the Whole,6
SB18-034,2018,RS,House,2018-02-13,House Second Reading Passed with Amendments - Committee,7
SB18-034,2018,RS,House,2018-02-14,House Third Reading Passed - No Amendments,8
SB18-034,2018,RS,Senate,2018-02-15,Senate Considered House Amendments - Result was to Concur - Repass,9
SB18-034,2018,RS,Senate,2018-02-27,Signed by the President of the Senate,10
SB18-034,2018,RS,House,2018-02-27,Signed by the Speaker of the House,11
SB18-034,2018,RS,Governor,2018-02-27,Sent to the Governor,12
SB18-034,2018,RS,Governor,2018-03-01,Governor Signed,13
SB18-035,2018,RS,Senate,2018-01-10,Introduced In Senate - Assigned to Judiciary,1
SB18-035,2018,RS,Senate,2018-01-17,Senate Committee on Judiciary Refer Amended - Consent Calendar to Senate Committee of the Whole,2
SB18-035,2018,RS,Senate,2018-01-22,Senate Second Reading Passed with Amendments - Committee,3
SB18-035,2018,RS,Senate,2018-01-23,Senate Third Reading Passed - No Amendments,4
SB18-035,2018,RS,House,2018-01-25,Introduced In House - Assigned to Judiciary,5
SB18-035,2018,RS,House,2018-02-08,House Committee on Judiciary Refer Unamended to House Committee of the Whole,6
SB18-035,2018,RS,House,2018-02-13,House Second Reading Passed - No Amendments,7
SB18-035,2018,RS,House,2018-02-14,House Third Reading Passed - No Amendments,8
SB18-035,2018,RS,Senate,2018-02-21,Signed by the President of the Senate,9
SB18-035,2018,RS,House,2018-02-21,Signed by the Speaker of the House,10
SB18-035,2018,RS,Governor,2018-02-21,Sent to the Governor,11
SB18-035,2018,RS,Governor,2018-03-01,Governor Signed,12
SB18-036,2018,RS,Senate,2018-01-10,Introduced In Senate - Assigned to Judiciary,1
SB18-036,2018,RS,Senate,2018-01-17,Senate Committee on Judiciary Refer Amended - Consent Calendar to Senate Committee of the Whole,2
SB18-036,2018,RS,Senate,2018-01-22,Senate Second Reading Passed with Amendments - Committee,3
SB18-036,2018,RS,Senate,2018-01-23,Senate Third Reading Passed - No Amendments,4
SB18-036,2018,RS,House,2018-01-25,Introduced In House - Assigned to Judiciary,5
SB18-036,2018,RS,House,2018-02-08,House Committee on Judiciary Refer Unamended to Appropriations,6
SB18-036,2018,RS,House,2018-02-23,House Committee on Appropriations Refer Amended to House Committee of the Whole,7
SB18-036,2018,RS,House,2018-02-27,House Second Reading Laid Over to 02/28/2018 - No Amendments,8
SB18-036,2018,RS,House,2018-02-28,House Second Reading Passed with Amendments - Committee,9
SB18-036,2018,RS,House,2018-03-02,House Third Reading Laid Over to 03/05/2018 - No Amendments,10
SB18-036,2018,RS,House,2018-03-05,House Third Reading Passed - No Amendments,11
SB18-036,2018,RS,Senate,2018-03-06,Senate Considered House Amendments - Result was to Concur - Repass,12
SB18-036,2018,RS,Senate,2018-03-09,Signed by the President of the Senate,13
SB18-036,2018,RS,House,2018-03-12,Signed by the Speaker of the House,14
SB18-036,2018,RS,Governor,2018-03-12,Sent to the Governor,15
SB18-036,2018,RS,Governor,2018-03-15,Governor Signed,16
SB18-037,2018,RS,Senate,2018-01-10,Introduced In Senate - Assigned to Judiciary,1
SB18-037,2018,RS,Senate,2018-02-12,Senate Committee on Judiciary Postpone Indefinitely,2
SB18-038,2018,RS,Senate,2018-01-10,"Introduced In Senate - Assigned to Agriculture, Natural Resources, & Energy",1
SB18-038,2018,RS,Senate,2018-01-18,"Senate Committee on Agriculture, Natural Resources, & Energy Refer Amended to Appropriations",2
SB18-038,2018,RS,Senate,2018-04-11,Senate Committee on Appropriations Refer Unamended - Consent Calendar to Senate Committee of the Whole,3
SB18-038,2018,RS,Senate,2018-04-11,Senate Second Reading Special Order - Passed with Amendments - Committee,4
SB18-038,2018,RS,Senate,2018-04-12,Senate Third Reading Passed - No Amendments,5
SB18-038,2018,RS,House,2018-04-17,"Introduced In House - Assigned to Agriculture, Livestock, & Natural Resources",6
SB18-038,2018,RS,House,2018-04-23,"House Committee on Agriculture, Livestock, & Natural Resources Refer Amended to Appropriations",7
SB18-038,2018,RS,House,2018-05-02,House Committee on Appropriations Refer Amended to House Committee of the Whole,8
SB18-038,2018,RS,House,2018-05-02,House Second Reading Special Order - Passed with Amendments - Committee,9
SB18-038,2018,RS,House,2018-05-03,House Third Reading Passed - No Amendments,10
SB18-038,2018,RS,Senate,2018-05-03,Senate Considered House Amendments - Result was to Concur - Repass,11
SB18-038,2018,RS,Senate,2018-05-11,Signed by the President of the Senate,12
SB18-038,2018,RS,House,2018-05-15,Signed by the Speaker of the House,13
SB18-038,2018,RS,Governor,2018-05-15,Sent to the Governor,14
SB18-038,2018,RS,Governor,2018-06-06,Governor Signed,15
SB18-039,2018,RS,Senate,2018-01-10,"Introduced In Senate - Assigned to Agriculture, Natural Resources, & Energy",1
SB18-039,2018,RS,Senate,2018-01-18,"Senate Committee on Agriculture, Natural Resources, & Energy Refer Unamended to Appropriations",2
SB18-039,2018,RS,Senate,2018-04-11,Senate Committee on Appropriations Refer Amended - Consent Calendar to Senate Committee of the Whole,3
SB18-039,2018,RS,Senate,2018-04-11,Senate Second Reading Special Order - Passed with Amendments - Committee,4
SB18-039,2018,RS,Senate,2018-04-12,Senate Third Reading Passed - No Amendments,5
SB18-039,2018,RS,House,2018-04-17,Introduced In House - Assigned to Local Government,6
SB18-039,2018,RS,House,2018-04-25,House Committee on Local Government Refer Amended to Legislative Council,7
SB18-039,2018,RS,House,2018-04-26,House Committee on Legislative Council Refer Unamended to Appropriations,8
SB18-039,2018,RS,House,2018-05-02,House Committee on Appropriations Refer Unamended to House Committee of the Whole,9
SB18-039,2018,RS,House,2018-05-02,House Second Reading Special Order - Passed with Amendments - Committee,10
SB18-039,2018,RS,House,2018-05-03,House Third Reading Passed - No Amendments,11
SB18-039,2018,RS,Senate,2018-05-03,Senate Considered House Amendments - Result was to Concur - Repass,12
SB18-039,2018,RS,Senate,2018-05-11,Signed by the President of the Senate,13
SB18-039,2018,RS,House,2018-05-15,Signed by the Speaker of the House,14
SB18-039,2018,RS,Governor,2018-05-15,Sent to the Governor,15
SB18-039,2018,RS,Governor,2018-05-18,Governor Signed,16
SB18-040,2018,RS,Senate,2018-01-10,"Introduced In Senate - Assigned to State, Veterans, & Military Affairs",1
SB18-040,2018,RS,Senate,2018-02-14,"Senate Committee on State, Veterans, & Military Affairs Postpone Indefinitely",2
SB18-041,2018,RS,Senate,2018-01-10,"Introduced In Senate - Assigned to Agriculture, Natural Resources, & Energy",1
SB18-041,2018,RS,Senate,2018-01-18,"Senate Committee on Agriculture, Natural Resources, & Energy Refer Amended - Consent Calendar to Senate Committee of the Whole",2
SB18-041,2018,RS,Senate,2018-01-23,Senate Second Reading Passed with Amendments - Committee,3
SB18-041,2018,RS,Senate,2018-01-24,Senate Third Reading Passed - No Amendments,4
SB18-041,2018,RS,House,2018-01-26,"Introduced In House - Assigned to Agriculture, Livestock, & Natural Resources",5
SB18-041,2018,RS,House,2018-02-12,"House Committee on Agriculture, Livestock, & Natural Resources Refer Unamended to House Committee of the Whole",6
SB18-041,2018,RS,House,2018-02-15,House Second Reading Passed - No Amendments,7
SB18-041,2018,RS,House,2018-02-16,House Third Reading Passed - No Amendments,8
SB18-041,2018,RS,Senate,2018-02-22,Signed by the President of the Senate,9
SB18-041,2018,RS,House,2018-02-23,Signed by the Speaker of the House,10
SB18-041,2018,RS,Governor,2018-02-23,Sent to the Governor,11
SB18-041,2018,RS,Governor,2018-03-01,Governor Signed,12
SB18-042,2018,RS,Senate,2018-01-10,"Introduced In Senate - Assigned to Agriculture, Natural Resources, & Energy",1
SB18-042,2018,RS,Senate,2018-02-01,"Senate Committee on Agriculture, Natural Resources, & Energy Refer Unamended to Appropriations",2
SB18-042,2018,RS,Senate,2018-04-11,Senate Committee on Appropriations Refer Amended to Senate Committee of the Whole,3
SB18-042,2018,RS,Senate,2018-04-13,Senate Second Reading Laid Over Daily - No Amendments,4
SB18-042,2018,RS,Senate,2018-04-16,Senate Second Reading Passed with Amendments - Committee,5
SB18-042,2018,RS,Senate,2018-04-17,Senate Third Reading Passed - No Amendments,6
SB18-042,2018,RS,House,2018-04-20,"Introduced In House - Assigned to Agriculture, Livestock, & Natural Resources",7
SB18-042,2018,RS,House,2018-04-30,"House Committee on Agriculture, Livestock, & Natural Resources Refer Amended to Appropriations",8
SB18-042,2018,RS,House,2018-05-02,House Committee on Appropriations Refer Amended to House Committee of the Whole,9
SB18-042,2018,RS,House,2018-05-02,House Second Reading Special Order - Passed with Amendments - Committee,10
SB18-042,2018,RS,House,2018-05-03,House Third Reading Passed - No Amendments,11
SB18-042,2018,RS,Senate,2018-05-03,Senate Considered House Amendments - Result was to Adhere,12
SB18-042,2018,RS,House,2018-05-09,House Considered Senate Adherence - Result was to Recede,13
SB18-042,2018,RS,Senate,2018-05-16,Signed by the President of the Senate,14
SB18-042,2018,RS,House,2018-05-16,Signed by the Speaker of the House,15
SB18-042,2018,RS,Governor,2018-05-16,Sent to the Governor,16
SB18-042,2018,RS,Governor,2018-05-24,Governor Signed,17
SB18-043,2018,RS,Senate,2018-01-10,"Introduced In Senate - Assigned to State, Veterans, & Military Affairs",1
SB18-043,2018,RS,Senate,2018-02-07,"Senate Committee on State, Veterans, & Military Affairs Refer Unamended to Senate Committee of the Whole",2
SB18-043,2018,RS,Senate,2018-02-12,Senate Second Reading Laid Over Daily - No Amendments,3
SB18-043,2018,RS,Senate,2018-02-14,Senate Second Reading Laid Over to 02/20/2018 - No Amendments,4
SB18-043,2018,RS,Senate,2018-02-22,Senate Second Reading Laid Over to 02/27/2018 - No Amendments,5
SB18-043,2018,RS,Senate,2018-02-27,Senate Second Reading Laid Over to 03/05/2018 - No Amendments,6
SB18-043,2018,RS,Senate,2018-03-06,Senate Second Reading Laid Over to 03/08/2018 - No Amendments,7
SB18-043,2018,RS,Senate,2018-03-08,Senate Second Reading Laid Over to 03/12/2018 - No Amendments,8
SB18-043,2018,RS,Senate,2018-03-13,Senate Second Reading Laid Over to 03/19/2018 - No Amendments,9
SB18-043,2018,RS,Senate,2018-03-19,Senate Second Reading Laid Over to 03/26/2018 - No Amendments,10
SB18-043,2018,RS,Senate,2018-03-26,Senate Second Reading Laid Over to 03/29/2018 - No Amendments,11
SB18-043,2018,RS,Senate,2018-04-04,Senate Second Reading Laid Over to 04/06/2018 - No Amendments,12
SB18-043,2018,RS,Senate,2018-04-06,Senate Second Reading Laid Over Daily with Amendments - Floor,13
SB18-043,2018,RS,Senate,2018-04-09,Senate Second Reading Passed with Amendments - Floor,14
SB18-043,2018,RS,Senate,2018-04-10,Senate Third Reading Passed - No Amendments,15
SB18-043,2018,RS,House,2018-04-13,"Introduced In House - Assigned to State, Veterans, & Military Affairs",16
SB18-043,2018,RS,House,2018-05-03,"House Committee on State, Veterans, & Military Affairs Postpone Indefinitely",17
SB18-044,2018,RS,Senate,2018-01-10,"Introduced In Senate - Assigned to State, Veterans, & Military Affairs",1
SB18-044,2018,RS,Senate,2018-01-22,"Senate Committee on State, Veterans, & Military Affairs Refer Unamended - Consent Calendar to Senate Committee of the Whole",2
SB18-044,2018,RS,Senate,2018-01-25,Senate Second Reading Passed - No Amendments,3
SB18-044,2018,RS,Senate,2018-01-26,Senate Third Reading Passed - No Amendments,4
SB18-044,2018,RS,House,2018-01-31,"Introduced In House - Assigned to State, Veterans, & Military Affairs",5
SB18-044,2018,RS,House,2018-02-22,"House Committee on State, Veterans, & Military Affairs Witness Testimony and/or Committee Discussion Only",6
SB18-044,2018,RS,House,2018-03-08,"House Committee on State, Veterans, & Military Affairs Refer Amended to House Committee of the Whole",7
SB18-044,2018,RS,House,2018-03-12,House Second Reading Laid Over to 03/21/2018 - No Amendments,8
SB18-044,2018,RS,House,2018-03-19,House Second Reading Laid Over to 03/28/2018 - No Amendments,9
SB18-044,2018,RS,House,2018-03-28,House Second Reading Laid Over to 03/29/2018 - No Amendments,10
SB18-044,2018,RS,House,2018-03-29,House Second Reading Laid Over to 04/16/2018 - No Amendments,11
SB18-044,2018,RS,House,2018-04-16,House Second Reading Laid Over Daily - No Amendments,12
SB18-044,2018,RS,House,2018-04-19,House Second Reading Special Order - Laid Over with Amendments to 04/20/2018 - Committee,13
SB18-044,2018,RS,House,2018-04-24,House Second Reading Laid Over to 04/26/2018 - No Amendments,14
SB18-044,2018,RS,House,2018-04-30,House Second Reading Special Order - Laid Over to 05/02/2018 - No Amendments,15
SB18-044,2018,RS,House,2018-05-02,House Second Reading Special Order - Passed with Amendments - Committee,16
SB18-044,2018,RS,House,2018-05-03,House Third Reading Passed with Amendments - Floor,17
SB18-044,2018,RS,Senate,2018-05-03,Senate Considered House Amendments - Result was to Adhere,18
SB18-045,2018,RS,Senate,2018-01-10,Introduced In Senate - Assigned to Finance,1
SB18-045,2018,RS,Senate,2018-01-25,Senate Committee on Finance Refer Unamended to Appropriations,2
SB18-045,2018,RS,Senate,2018-02-14,Senate Committee on Appropriations Refer Amended to Senate Committee of the Whole,3
SB18-045,2018,RS,Senate,2018-02-16,Senate Second Reading Laid Over Daily - No Amendments,4
SB18-045,2018,RS,Senate,2018-02-21,Senate Second Reading Lost with Amendments - Committee,5
SB18-046,2018,RS,Senate,2018-01-10,Introduced In Senate - Assigned to Finance,1
SB18-046,2018,RS,Senate,2018-01-30,Senate Committee on Finance Refer Unamended - Consent Calendar to Senate Committee of the Whole,2
SB18-046,2018,RS,Senate,2018-02-02,Senate Second Reading Passed - No Amendments,3
SB18-046,2018,RS,Senate,2018-02-05,Senate Third Reading Passed - No Amendments,4
SB18-046,2018,RS,House,2018-02-08,Introduced In House - Assigned to Transportation & Energy,5
SB18-046,2018,RS,House,2018-02-28,House Committee on Transportation & Energy Refer Unamended to House Committee of the Whole,6
SB18-046,2018,RS,House,2018-03-05,House Second Reading Passed - No Amendments,7
SB18-046,2018,RS,House,2018-03-06,House Third Reading Passed - No Amendments,8
SB18-046,2018,RS,Senate,2018-03-09,Signed by the President of the Senate,9
SB18-046,2018,RS,House,2018-03-12,Signed by the Speaker of the House,10
SB18-046,2018,RS,Governor,2018-03-12,Sent to the Governor,11
SB18-046,2018,RS,Governor,2018-03-22,Governor Signed,12
SB18-047,2018,RS,Senate,2018-01-10,Introduced In Senate - Assigned to Finance,1
SB18-047,2018,RS,Senate,2018-02-06,Senate Committee on Finance Refer Unamended to Appropriations,2
SB18-047,2018,RS,Senate,2018-03-13,Senate Committee on Appropriations Refer Amended to Senate Committee of the Whole,3
SB18-047,2018,RS,Senate,2018-03-15,Senate Second Reading Laid Over to 03/20/2018 - No Amendments,4
SB18-047,2018,RS,Senate,2018-03-20,Senate Second Reading Laid Over Daily - No Amendments,5
SB18-047,2018,RS,Senate,2018-03-21,Senate Second Reading Passed with Amendments - Committee,6
SB18-047,2018,RS,Senate,2018-03-22,Senate Third Reading Laid Over Daily - No Amendments,7
SB18-047,2018,RS,Senate,2018-03-23,Senate Third Reading Passed - No Amendments,8
SB18-047,2018,RS,House,2018-03-27,Introduced In House - Assigned to Transportation & Energy,9
SB18-047,2018,RS,House,2018-04-18,House Committee on Transportation & Energy Postpone Indefinitely,10
SB18-048,2018,RS,Senate,2018-01-10,"Introduced In Senate - Assigned to State, Veterans, & Military Affairs",1
SB18-048,2018,RS,Senate,2018-01-29,"Senate Committee on State, Veterans, & Military Affairs Postpone Indefinitely",2
SB18-049,2018,RS,Senate,2018-01-10,"Introduced In Senate - Assigned to State, Veterans, & Military Affairs",1
SB18-049,2018,RS,Senate,2018-01-24,"Senate Committee on State, Veterans, & Military Affairs Postpone Indefinitely",2
SB18-050,2018,RS,Senate,2018-01-10,Introduced In Senate - Assigned to Health & Human Services,1
SB18-050,2018,RS,Senate,2018-01-17,Senate Committee on Health & Human Services Refer Amended to Senate Committee of the Whole,2
SB18-050,2018,RS,Senate,2018-01-22,"Senate Second Reading Passed with Amendments - Committee, Floor",3
SB18-050,2018,RS,Senate,2018-01-23,Senate Third Reading Passed - No Amendments,4
SB18-050,2018,RS,House,2018-01-26,"Introduced In House - Assigned to Health, Insurance, & Environment",5
SB18-050,2018,RS,House,2018-02-15,"House Committee on Health, Insurance, & Environment Refer Amended to House Committee of the Whole",6
SB18-050,2018,RS,House,2018-02-20,House Second Reading Passed with Amendments - Committee,7
SB18-050,2018,RS,House,2018-02-21,House Third Reading Passed - No Amendments,8
SB18-050,2018,RS,Senate,2018-02-22,Senate Considered House Amendments - Result was to Concur - Repass,9
SB18-050,2018,RS,Senate,2018-02-28,Signed by the President of the Senate,10
SB18-050,2018,RS,House,2018-03-01,Signed by the Speaker of the House,11
SB18-050,2018,RS,Governor,2018-03-02,Sent to the Governor,12
SB18-050,2018,RS,Governor,2018-03-07,Governor Signed,13
SB18-051,2018,RS,Senate,2018-01-10,"Introduced In Senate - Assigned to State, Veterans, & Military Affairs",1
SB18-051,2018,RS,Senate,2018-03-19,"Senate Committee on State, Veterans, & Military Affairs Postpone Indefinitely",2
SB18-052,2018,RS,Senate,2018-01-10,"Introduced In Senate - Assigned to State, Veterans, & Military Affairs",1
SB18-052,2018,RS,Senate,2018-03-19,"Senate Committee on State, Veterans, & Military Affairs Refer Unamended to Senate Committee of the Whole",2
SB18-052,2018,RS,Senate,2018-03-22,Senate Second Reading Laid Over Daily - No Amendments,3
SB18-052,2018,RS,Senate,2018-03-28,Senate Second Reading Passed - No Amendments,4
SB18-052,2018,RS,Senate,2018-03-29,Senate Third Reading Passed - No Amendments,5
SB18-052,2018,RS,House,2018-04-03,"Introduced In House - Assigned to State, Veterans, & Military Affairs",6
SB18-052,2018,RS,House,2018-04-25,"House Committee on State, Veterans, & Military Affairs Postpone Indefinitely",7
SB18-053,2018,RS,Senate,2018-01-10,"Introduced In Senate - Assigned to State, Veterans, & Military Affairs",1
SB18-053,2018,RS,Senate,2018-01-24,"Senate Committee on State, Veterans, & Military Affairs Postpone Indefinitely",2
SB18-054,2018,RS,Senate,2018-01-11,Introduced In Senate - Assigned to Health & Human Services,1
SB18-054,2018,RS,Senate,2018-01-24,Senate Committee on Health & Human Services Refer Amended to Senate Committee of the Whole,2
SB18-054,2018,RS,Senate,2018-01-29,Senate Second Reading Passed with Amendments - Committee,3
SB18-054,2018,RS,Senate,2018-01-30,Senate Third Reading Passed - No Amendments,4
SB18-054,2018,RS,House,2018-02-02,Introduced In House - Assigned to Public Health Care & Human Services,5
SB18-054,2018,RS,House,2018-02-13,House Committee on Public Health Care & Human Services Refer Unamended to House Committee of the Whole,6
SB18-054,2018,RS,House,2018-02-16,House Second Reading Laid Over to 02/20/2018 - No Amendments,7
SB18-054,2018,RS,House,2018-02-20,House Second Reading Passed - No Amendments,8
SB18-054,2018,RS,House,2018-02-21,House Third Reading Passed - No Amendments,9
SB18-054,2018,RS,Senate,2018-02-27,Signed by the President of the Senate,10
SB18-054,2018,RS,House,2018-02-27,Signed by the Speaker of the House,11
SB18-054,2018,RS,Governor,2018-02-27,Sent to the Governor,12
SB18-054,2018,RS,Governor,2018-03-01,Governor Signed,13
SB18-055,2018,RS,Senate,2018-01-11,Introduced In Senate - Assigned to Finance,1
SB18-055,2018,RS,Senate,2018-01-23,Senate Committee on Finance Refer Unamended - Consent Calendar to Senate Committee of the Whole,2
SB18-055,2018,RS,Senate,2018-01-26,Senate Second Reading Laid Over Daily - No Amendments,3
SB18-055,2018,RS,Senate,2018-01-29,Senate Second Reading Passed - No Amendments,4
SB18-055,2018,RS,Senate,2018-01-30,Senate Third Reading Passed - No Amendments,5
SB18-055,2018,RS,House,2018-02-02,Introduced In House - Assigned to Judiciary,6
SB18-055,2018,RS,House,2018-03-22,House Committee on Judiciary Witness Testimony and/or Committee Discussion Only,7
SB18-055,2018,RS,House,2018-03-29,House Committee on Judiciary Refer Unamended to House Committee of the Whole,8
SB18-055,2018,RS,House,2018-04-04,House Second Reading Passed with Amendments - Floor,9
SB18-055,2018,RS,House,2018-04-05,House Third Reading Passed - No Amendments,10
SB18-055,2018,RS,Senate,2018-04-06,Senate Considered House Amendments - Result was to Concur - Repass,11
SB18-055,2018,RS,Senate,2018-04-12,Signed by the President of the Senate,12
SB18-055,2018,RS,House,2018-04-17,Signed by the Speaker of the House,13
SB18-055,2018,RS,Governor,2018-04-17,Sent to the Governor,14
SB18-055,2018,RS,Governor,2018-04-23,Governor Signed,15
SB18-056,2018,RS,Senate,2018-01-11,Introduced In Senate - Assigned to Judiciary,1
SB18-056,2018,RS,Senate,2018-02-14,Senate Committee on Judiciary Lay Over Unamended - Amendment(s) Failed,2
SB18-056,2018,RS,Senate,2018-02-28,Senate Committee on Judiciary Refer Amended to Finance,3
SB18-056,2018,RS,Senate,2018-03-08,Senate Committee on Finance Refer Amended - Consent Calendar to Senate Committee of the Whole,4
SB18-056,2018,RS,Senate,2018-03-13,Senate Second Reading Passed with Amendments - Committee,5
SB18-056,2018,RS,Senate,2018-03-14,Senate Third Reading Passed - No Amendments,6
SB18-056,2018,RS,House,2018-03-15,Introduced In House - Assigned to Judiciary,7
SB18-056,2018,RS,House,2018-04-19,House Committee on Judiciary Refer Amended to House Committee of the Whole,8
SB18-056,2018,RS,House,2018-04-24,"House Second Reading Special Order - Passed with Amendments - Committee, Floor",9
SB18-056,2018,RS,House,2018-04-25,House Third Reading Laid Over to 04/26/2018 - No Amendments,10
SB18-056,2018,RS,House,2018-04-26,House Third Reading Passed - No Amendments,11
SB18-056,2018,RS,Senate,2018-04-27,Senate Considered House Amendments - Result was to Laid Over Daily,12
SB18-056,2018,RS,Senate,2018-05-02,Senate Considered House Amendments - Result was to Concur - Repass,13
SB18-056,2018,RS,Senate,2018-05-11,Signed by the President of the Senate,14
SB18-056,2018,RS,House,2018-05-11,Signed by the Speaker of the House,15
SB18-056,2018,RS,Governor,2018-05-11,Sent to the Governor,16
SB18-056,2018,RS,Governor,2018-05-29,Governor Signed,17
SB18-057,2018,RS,Senate,2018-01-11,"Introduced In Senate - Assigned to State, Veterans, & Military Affairs",1
SB18-057,2018,RS,Senate,2018-02-07,"Senate Committee on State, Veterans, & Military Affairs Postpone Indefinitely",2
SB18-058,2018,RS,Senate,2018-01-11,"Introduced In Senate - Assigned to State, Veterans, & Military Affairs",1
SB18-058,2018,RS,Senate,2018-02-05,"Senate Committee on State, Veterans, & Military Affairs Witness Testimony and/or Committee Discussion Only",2
SB18-058,2018,RS,Senate,2018-02-14,"Senate Committee on State, Veterans, & Military Affairs Postpone Indefinitely",3
SB18-059,2018,RS,Senate,2018-01-11,Introduced In Senate - Assigned to Judiciary,1
SB18-059,2018,RS,Senate,2018-02-14,Senate Committee on Judiciary Lay Over Unamended - Amendment(s) Failed,2
SB18-059,2018,RS,Senate,2018-03-05,Senate Committee on Judiciary Refer Amended to Appropriations,3
SB18-059,2018,RS,Senate,2018-04-17,Senate Committee on Appropriations Refer Amended to Senate Committee of the Whole,4
SB18-059,2018,RS,Senate,2018-04-19,"Senate Second Reading Passed with Amendments - Committee, Floor",5
SB18-059,2018,RS,Senate,2018-04-20,Senate Third Reading Laid Over Daily - No Amendments,6
SB18-059,2018,RS,Senate,2018-04-23,Senate Third Reading Passed - No Amendments,7
SB18-059,2018,RS,House,2018-04-24,Introduced In House - Assigned to Judiciary,8
SB18-059,2018,RS,House,2018-04-27,House Committee on Judiciary Lay Over Amended,9
SB18-059,2018,RS,House,2018-05-01,House Committee on Judiciary Postpone Indefinitely,10
SB18-060,2018,RS,Senate,2018-01-11,Introduced In Senate - Assigned to Judiciary,1
SB18-060,2018,RS,Senate,2018-01-22,Senate Committee on Judiciary Witness Testimony and/or Committee Discussion Only,2
SB18-060,2018,RS,Senate,2018-01-24,Senate Committee on Judiciary Refer Amended - Consent Calendar to Senate Committee of the Whole,3
SB18-060,2018,RS,Senate,2018-01-29,Senate Second Reading Passed with Amendments - Committee,4
SB18-060,2018,RS,Senate,2018-01-30,Senate Third Reading Passed - No Amendments,5
SB18-060,2018,RS,House,2018-02-02,Introduced In House - Assigned to Judiciary,6
SB18-060,2018,RS,House,2018-02-27,House Committee on Judiciary Refer Amended to House Committee of the Whole,7
SB18-060,2018,RS,House,2018-03-02,House Second Reading Laid Over to 03/05/2018 - No Amendments,8
SB18-060,2018,RS,House,2018-03-05,House Second Reading Passed with Amendments - Committee,9
SB18-060,2018,RS,House,2018-03-06,House Third Reading Passed - No Amendments,10
SB18-060,2018,RS,Senate,2018-03-08,Senate Considered House Amendments - Result was to Concur - Repass,11
SB18-060,2018,RS,Senate,2018-03-15,Signed by the President of the Senate,12
SB18-060,2018,RS,House,2018-03-15,Signed by the Speaker of the House,13
SB18-060,2018,RS,Governor,2018-03-16,Sent to the Governor,14
SB18-060,2018,RS,Governor,2018-03-22,Governor Signed,15
SB18-061,2018,RS,Senate,2018-01-11,Introduced In Senate - Assigned to Finance,1
SB18-061,2018,RS,Senate,2018-01-30,Senate Committee on Finance Refer Unamended to Appropriations,2
SB18-061,2018,RS,Senate,2018-04-11,Senate Committee on Appropriations Refer Amended to Senate Committee of the Whole,3
SB18-061,2018,RS,Senate,2018-04-13,Senate Second Reading Laid Over Daily - No Amendments,4
SB18-061,2018,RS,Senate,2018-04-17,Senate Second Reading Passed with Amendments - Committee,5
SB18-061,2018,RS,Senate,2018-04-18,Senate Third Reading Laid Over Daily - No Amendments,6
SB18-061,2018,RS,Senate,2018-04-19,Senate Third Reading Passed - No Amendments,7
SB18-061,2018,RS,House,2018-04-23,"Introduced In House - Assigned to State, Veterans, & Military Affairs",8
SB18-061,2018,RS,House,2018-05-02,"House Committee on State, Veterans, & Military Affairs Postpone Indefinitely",9
SB18-062,2018,RS,Senate,2018-01-11,Introduced In Senate - Assigned to Judiciary,1
SB18-062,2018,RS,Senate,2018-02-14,Senate Committee on Judiciary Refer Unamended to Senate Committee of the Whole,2
SB18-062,2018,RS,Senate,2018-02-21,Senate Second Reading Laid Over Daily - No Amendments,3
SB18-062,2018,RS,Senate,2018-02-22,Senate Second Reading Laid Over to 02/27/2018 - No Amendments,4
SB18-062,2018,RS,Senate,2018-02-27,Senate Second Reading Passed - No Amendments,5
SB18-062,2018,RS,Senate,2018-02-28,Senate Third Reading Laid Over Daily - No Amendments,6
SB18-062,2018,RS,Senate,2018-03-01,Senate Third Reading Passed - No Amendments,7
SB18-062,2018,RS,House,2018-03-05,Introduced In House - Assigned to Judiciary,8
SB18-062,2018,RS,House,2018-04-12,House Committee on Judiciary Refer Amended to House Committee of the Whole,9
SB18-062,2018,RS,House,2018-04-17,House Second Reading Laid Over Daily - No Amendments,10
SB18-062,2018,RS,House,2018-04-18,House Second Reading Passed with Amendments - Committee,11
SB18-062,2018,RS,House,2018-04-19,House Third Reading Passed - No Amendments,12
SB18-062,2018,RS,Senate,2018-04-20,Senate Considered House Amendments - Result was to Laid Over Daily,13
SB18-062,2018,RS,Senate,2018-04-23,Senate Considered House Amendments - Result was to Concur - Repass,14
SB18-062,2018,RS,Senate,2018-05-17,Signed by the President of the Senate,15
SB18-062,2018,RS,House,2018-05-21,Signed by the Speaker of the House,16
SB18-062,2018,RS,Governor,2018-05-21,Sent to the Governor,17
SB18-062,2018,RS,Governor,2018-05-30,Governor Signed,18
SB18-063,2018,RS,Senate,2018-01-12,"Introduced In Senate - Assigned to Agriculture, Natural Resources, & Energy",1
SB18-063,2018,RS,Senate,2018-02-01,"Senate Committee on Agriculture, Natural Resources, & Energy Postpone Indefinitely",2
SB18-064,2018,RS,Senate,2018-01-12,"Introduced In Senate - Assigned to Agriculture, Natural Resources, & Energy",1
SB18-064,2018,RS,Senate,2018-02-01,"Senate Committee on Agriculture, Natural Resources, & Energy Postpone Indefinitely",2
SB18-065,2018,RS,Senate,2018-01-12,"Introduced In Senate - Assigned to Business, Labor, & Technology",1
SB18-065,2018,RS,Senate,2018-01-31,"Senate Committee on Business, Labor, & Technology Witness Testimony and/or Committee Discussion Only",2
SB18-065,2018,RS,Senate,2018-02-05,"Senate Committee on Business, Labor, & Technology Committee Vote - Final Action Failed",3
SB18-065,2018,RS,Senate,2018-02-16,"Senate Committee on Business, Labor, & Technology Postpone Indefinitely",4
SB18-066,2018,RS,Senate,2018-01-12,"Introduced In Senate - Assigned to Agriculture, Natural Resources, & Energy",1
SB18-066,2018,RS,Senate,2018-01-25,"Senate Committee on Agriculture, Natural Resources, & Energy Refer Unamended to Finance",2
SB18-066,2018,RS,Senate,2018-01-30,Senate Committee on Finance Refer Amended to Appropriations,3
SB18-066,2018,RS,Senate,2018-02-14,Senate Committee on Appropriations Refer Unamended to Senate Committee of the Whole,4
SB18-066,2018,RS,Senate,2018-02-16,Senate Second Reading Laid Over Daily - No Amendments,5
SB18-066,2018,RS,Senate,2018-02-21,Senate Second Reading Passed with Amendments - Committee,6
SB18-066,2018,RS,Senate,2018-02-22,Senate Third Reading Passed - No Amendments,7
SB18-066,2018,RS,House,2018-02-23,Introduced In House - Assigned to Finance,8
SB18-066,2018,RS,House,2018-03-19,House Committee on Finance Refer Unamended to Appropriations,9
SB18-066,2018,RS,House,2018-04-06,House Committee on Appropriations Refer Unamended to House Committee of the Whole,10
SB18-066,2018,RS,House,2018-04-06,House Second Reading Special Order - Laid Over to 04/09/2018 - No Amendments,11
SB18-066,2018,RS,House,2018-04-09,House Second Reading Laid Over to 04/10/2018 - No Amendments,12
SB18-066,2018,RS,House,2018-04-10,House Second Reading Laid Over to 04/11/2018 - No Amendments,13
SB18-066,2018,RS,House,2018-04-11,House Second Reading Laid Over Daily - No Amendments,14
SB18-066,2018,RS,House,2018-04-12,House Second Reading Special Order - Passed - No Amendments,15
SB18-066,2018,RS,House,2018-04-13,House Third Reading Laid Over Daily - No Amendments,16
SB18-066,2018,RS,House,2018-04-16,House Third Reading Passed - No Amendments,17
SB18-066,2018,RS,Senate,2018-04-23,Signed by the President of the Senate,18
SB18-066,2018,RS,House,2018-04-24,Signed by the Speaker of the House,19
SB18-066,2018,RS,Governor,2018-04-24,Sent to the Governor,20
SB18-066,2018,RS,Governor,2018-04-30,Governor Signed,21
SB18-067,2018,RS,Senate,2018-01-12,"Introduced In Senate - Assigned to Business, Labor, & Technology",1
SB18-067,2018,RS,Senate,2018-01-29,"Senate Committee on Business, Labor, & Technology Refer Amended - Consent Calendar to Senate Committee of the Whole",2
SB18-067,2018,RS,Senate,2018-02-01,Senate Second Reading Passed with Amendments - Committee,3
SB18-067,2018,RS,Senate,2018-02-02,Senate Third Reading Passed - No Amendments,4
SB18-067,2018,RS,House,2018-02-07,Introduced In House - Assigned to Business Affairs and Labor,5
SB18-067,2018,RS,House,2018-02-15,House Committee on Business Affairs and Labor Refer Unamended to House Committee of the Whole,6
SB18-067,2018,RS,House,2018-02-20,House Second Reading Passed - No Amendments,7
SB18-067,2018,RS,House,2018-02-21,House Third Reading Passed - No Amendments,8
SB18-067,2018,RS,Senate,2018-02-27,Signed by the President of the Senate,9
SB18-067,2018,RS,House,2018-02-27,Signed by the Speaker of the House,10
SB18-067,2018,RS,Governor,2018-02-27,Sent to the Governor,11
SB18-067,2018,RS,Governor,2018-03-01,Governor Signed,12
SB18-068,2018,RS,Senate,2018-01-12,Introduced In Senate - Assigned to Judiciary,1
SB18-068,2018,RS,Senate,2018-01-29,Senate Committee on Judiciary Refer Unamended to Appropriations,2
SB18-068,2018,RS,Senate,2018-02-27,Senate Committee on Appropriations Refer Amended - Consent Calendar to Senate Committee of the Whole,3
SB18-068,2018,RS,Senate,2018-03-01,Senate Second Reading Passed with Amendments - Committee,4
SB18-068,2018,RS,Senate,2018-03-02,Senate Third Reading Laid Over Daily - No Amendments,5
SB18-068,2018,RS,Senate,2018-03-05,Senate Third Reading Passed - No Amendments,6
SB18-068,2018,RS,House,2018-03-08,Introduced In House - Assigned to Judiciary,7
SB18-068,2018,RS,House,2018-03-22,House Committee on Judiciary Lay Over Amended,8
SB18-068,2018,RS,House,2018-04-03,House Committee on Judiciary Refer Amended to Appropriations,9
SB18-068,2018,RS,House,2018-04-11,House Committee on Appropriations Refer Amended to House Committee of the Whole,10
SB18-068,2018,RS,House,2018-04-12,House Second Reading Special Order - Laid Over Daily - No Amendments,11
SB18-068,2018,RS,House,2018-04-17,House Second Reading Laid Over to 04/18/2018 - No Amendments,12
SB18-068,2018,RS,House,2018-04-18,House Second Reading Laid Over to 04/23/2018 - No Amendments,13
SB18-068,2018,RS,House,2018-04-23,House Second Reading Passed with Amendments - Committee,14
SB18-068,2018,RS,House,2018-04-24,House Third Reading Passed - No Amendments,15
SB18-068,2018,RS,Senate,2018-04-25,Senate Third Reading Laid Over to 04/27/2018 - No Amendments,16
SB18-068,2018,RS,Senate,2018-04-27,Senate Considered House Amendments - Result was to Not Concur - Request Conference Committee,17
SB18-068,2018,RS,ConfComm,2018-05-04,First Conference Committee Result was to Adopt Rerevised w/ Amendments,18
SB18-068,2018,RS,House,2018-05-07,House Consideration of First Conference Committee Report result was to Adopt Committee Report - Repass,19
SB18-068,2018,RS,Senate,2018-05-08,Senate Consideration of First Conference Committee Report result was to Adopt Committee Report - Repass,20
SB18-068,2018,RS,Senate,2018-05-16,Signed by the President of the Senate,21
SB18-068,2018,RS,House,2018-05-17,Signed by the Speaker of the House,22
SB18-068,2018,RS,Governor,2018-05-17,Sent to the Governor,23
SB18-068,2018,RS,Governor,2018-06-06,Governor Signed,24
SB18-069,2018,RS,Senate,2018-01-12,Introduced In Senate - Assigned to Education,1
SB18-069,2018,RS,Senate,2018-01-25,Senate Committee on Education Refer Amended to Senate Committee of the Whole,2
SB18-069,2018,RS,Senate,2018-01-30,Senate Second Reading Laid Over Daily - No Amendments,3
SB18-069,2018,RS,Senate,2018-01-31,"Senate Second Reading Passed with Amendments - Committee, Floor",4
SB18-069,2018,RS,Senate,2018-02-01,Senate Third Reading Laid Over Daily - No Amendments,5
SB18-069,2018,RS,Senate,2018-02-02,Senate Third Reading Passed - No Amendments,6
SB18-069,2018,RS,House,2018-02-07,Introduced In House - Assigned to Education,7
SB18-069,2018,RS,House,2018-02-26,House Committee on Education Refer Amended to House Committee of the Whole,8
SB18-069,2018,RS,House,2018-03-02,House Second Reading Laid Over to 03/05/2018 - No Amendments,9
SB18-069,2018,RS,House,2018-03-05,House Second Reading Passed with Amendments - Committee,10
SB18-069,2018,RS,House,2018-03-06,House Third Reading Passed - No Amendments,11
SB18-069,2018,RS,Senate,2018-03-08,Senate Considered House Amendments - Result was to Concur - Repass,12
SB18-069,2018,RS,Senate,2018-03-15,Signed by the President of the Senate,13
SB18-069,2018,RS,House,2018-03-15,Signed by the Speaker of the House,14
SB18-069,2018,RS,Governor,2018-03-16,Sent to the Governor,15
SB18-069,2018,RS,Governor,2018-03-22,Governor Signed,16
SB18-070,2018,RS,Senate,2018-01-12,Introduced In Senate - Assigned to Finance,1
SB18-070,2018,RS,Senate,2018-01-25,Senate Committee on Finance Refer Unamended to Appropriations,2
SB18-070,2018,RS,Senate,2018-02-27,Senate Committee on Appropriations Refer Amended to Senate Committee of the Whole,3
SB18-070,2018,RS,Senate,2018-03-01,Senate Second Reading Laid Over to 03/05/2018 - No Amendments,4
SB18-070,2018,RS,Senate,2018-03-05,Senate Second Reading Passed with Amendments - Committee,5
SB18-070,2018,RS,Senate,2018-03-06,Senate Third Reading Laid Over to 03/08/2018 - No Amendments,6
SB18-070,2018,RS,Senate,2018-03-08,Senate Third Reading Passed - No Amendments,7
SB18-070,2018,RS,House,2018-03-13,"Introduced In House - Assigned to State, Veterans, & Military Affairs",8
SB18-070,2018,RS,House,2018-04-04,"House Committee on State, Veterans, & Military Affairs Postpone Indefinitely",9
SB18-071,2018,RS,Senate,2018-01-12,Introduced In Senate - Assigned to Health & Human Services,1
SB18-071,2018,RS,Senate,2018-01-25,Senate Committee on Health & Human Services Refer Amended to Senate Committee of the Whole,2
SB18-071,2018,RS,Senate,2018-01-31,Senate Second Reading Referred to Appropriations - No Amendments,3
SB18-071,2018,RS,Senate,2018-02-27,Senate Committee on Appropriations Refer Amended to Senate Committee of the Whole,4
SB18-071,2018,RS,Senate,2018-03-01,Senate Second Reading Laid Over to 03/05/2018 - No Amendments,5
SB18-071,2018,RS,Senate,2018-03-05,Senate Second Reading Passed with Amendments - Committee,6
SB18-071,2018,RS,Senate,2018-03-07,Senate Third Reading Laid Over to 03/08/2018 - No Amendments,7
SB18-071,2018,RS,Senate,2018-03-08,Senate Third Reading Passed - No Amendments,8
SB18-071,2018,RS,House,2018-03-12,Introduced In House - Assigned to Public Health Care & Human Services,9
SB18-071,2018,RS,House,2018-03-20,House Committee on Public Health Care & Human Services Refer Unamended to Appropriations,10
SB18-071,2018,RS,House,2018-04-06,House Committee on Appropriations Refer Unamended to House Committee of the Whole,11
SB18-071,2018,RS,House,2018-04-06,House Second Reading Special Order - Laid Over to 04/09/2018 - No Amendments,12
SB18-071,2018,RS,House,2018-04-09,House Second Reading Laid Over to 04/10/2018 - No Amendments,13
SB18-071,2018,RS,House,2018-04-10,House Second Reading Laid Over to 04/11/2018 - No Amendments,14
SB18-071,2018,RS,House,2018-04-11,House Second Reading Laid Over Daily - No Amendments,15
SB18-071,2018,RS,House,2018-04-12,House Second Reading Special Order - Passed - No Amendments,16
SB18-071,2018,RS,House,2018-04-13,House Third Reading Laid Over Daily - No Amendments,17
SB18-071,2018,RS,House,2018-04-16,House Third Reading Passed - No Amendments,18
SB18-071,2018,RS,Senate,2018-04-19,Signed by the President of the Senate,19
SB18-071,2018,RS,House,2018-04-20,Signed by the Speaker of the House,20
SB18-071,2018,RS,Governor,2018-04-20,Sent to the Governor,21
SB18-071,2018,RS,Governor,2018-04-26,Governor Signed,22
SB18-072,2018,RS,Senate,2018-01-12,Introduced In Senate - Assigned to Judiciary,1
SB18-072,2018,RS,Senate,2018-03-07,Senate Committee on Judiciary Postpone Indefinitely,2
SB18-073,2018,RS,Senate,2018-01-12,Introduced In Senate - Assigned to Finance,1
SB18-073,2018,RS,Senate,2018-02-01,Senate Committee on Finance Refer Amended to Senate Committee of the Whole,2
SB18-073,2018,RS,Senate,2018-02-06,Senate Second Reading Passed with Amendments - Committee,3
SB18-073,2018,RS,Senate,2018-02-07,Senate Third Reading Passed with Amendments - Floor,4
SB18-073,2018,RS,House,2018-02-12,Introduced In House - Assigned to Transportation & Energy,5
SB18-073,2018,RS,House,2018-03-08,House Committee on Transportation & Energy Refer Unamended to House Committee of the Whole,6
SB18-073,2018,RS,House,2018-03-13,House Second Reading Passed - No Amendments,7
SB18-073,2018,RS,House,2018-03-14,House Third Reading Passed - No Amendments,8
SB18-073,2018,RS,Senate,2018-03-19,Signed by the President of the Senate,9
SB18-073,2018,RS,House,2018-03-20,Signed by the Speaker of the House,10
SB18-073,2018,RS,Governor,2018-03-20,Sent to the Governor,11
SB18-073,2018,RS,Governor,2018-03-29,Governor Signed,12
SB18-074,2018,RS,Senate,2018-01-12,Introduced In Senate - Assigned to Health & Human Services,1
SB18-074,2018,RS,Senate,2018-02-15,Senate Committee on Health & Human Services Refer Amended to Appropriations,2
SB18-074,2018,RS,Senate,2018-02-27,Senate Committee on Appropriations Refer Unamended - Consent Calendar to Senate Committee of the Whole,3
SB18-074,2018,RS,Senate,2018-03-01,Senate Second Reading Passed with Amendments - Committee,4
SB18-074,2018,RS,Senate,2018-03-02,Senate Third Reading Laid Over Daily - No Amendments,5
SB18-074,2018,RS,Senate,2018-03-05,Senate Third Reading Passed - No Amendments,6
SB18-074,2018,RS,House,2018-03-05,Introduced In House - Assigned to Public Health Care & Human Services,7
SB18-074,2018,RS,House,2018-03-09,House Committee on Public Health Care & Human Services Refer Unamended to House Committee of the Whole,8
SB18-074,2018,RS,House,2018-03-14,House Second Reading Laid Over to 03/15/2018 - No Amendments,9
SB18-074,2018,RS,House,2018-03-15,House Second Reading Passed - No Amendments,10
SB18-074,2018,RS,House,2018-03-16,House Third Reading Passed - No Amendments,11
SB18-074,2018,RS,Senate,2018-03-21,Signed by the President of the Senate,12
SB18-074,2018,RS,House,2018-03-22,Signed by the Speaker of the House,13
SB18-074,2018,RS,Governor,2018-03-22,Sent to the Governor,14
SB18-074,2018,RS,Governor,2018-04-02,Governor Signed,15
SB18-075,2018,RS,Senate,2018-01-12,"Introduced In Senate - Assigned to State, Veterans, & Military Affairs",1
SB18-075,2018,RS,Senate,2018-02-07,"Senate Committee on State, Veterans, & Military Affairs Postpone Indefinitely",2
SB18-076,2018,RS,Senate,2018-01-12,"Introduced In Senate - Assigned to State, Veterans, & Military Affairs",1
SB18-076,2018,RS,Senate,2018-01-29,"Senate Committee on State, Veterans, & Military Affairs Refer Unamended - Consent Calendar to Senate Committee of the Whole",2
SB18-076,2018,RS,Senate,2018-02-01,Senate Second Reading Passed - No Amendments,3
SB18-076,2018,RS,Senate,2018-02-02,Senate Third Reading Passed - No Amendments,4
SB18-076,2018,RS,House,2018-02-07,"Introduced In House - Assigned to State, Veterans, & Military Affairs",5
SB18-076,2018,RS,House,2018-03-15,"House Committee on State, Veterans, & Military Affairs Witness Testimony and/or Committee Discussion Only",6
SB18-076,2018,RS,House,2018-04-04,"House Committee on State, Veterans, & Military Affairs Refer Amended to House Committee of the Whole",7
SB18-076,2018,RS,House,2018-04-09,House Second Reading Laid Over to 04/10/2018 - No Amendments,8
SB18-076,2018,RS,House,2018-04-10,House Second Reading Laid Over to 04/11/2018 - No Amendments,9
SB18-076,2018,RS,House,2018-04-11,House Second Reading Laid Over Daily - No Amendments,10
SB18-076,2018,RS,House,2018-04-12,House Second Reading Special Order - Laid Over Daily - No Amendments,11
SB18-076,2018,RS,House,2018-04-13,House Second Reading Special Order - Passed with Amendments - Committee,12
SB18-076,2018,RS,House,2018-04-16,House Third Reading Passed - No Amendments,13
SB18-076,2018,RS,Senate,2018-04-17,Senate Considered House Amendments - Result was to Laid Over Daily,14
SB18-076,2018,RS,Senate,2018-04-18,Senate Considered House Amendments - Result was to Concur - Repass,15
SB18-076,2018,RS,Senate,2018-04-25,Signed by the President of the Senate,16
SB18-076,2018,RS,House,2018-04-26,Signed by the Speaker of the House,17
SB18-076,2018,RS,Governor,2018-04-26,Sent to the Governor,18
SB18-076,2018,RS,Governor,2018-05-04,Governor Signed,19
SB18-077,2018,RS,Senate,2018-01-12,Introduced In Senate - Assigned to Finance,1
SB18-077,2018,RS,Senate,2018-02-01,Senate Committee on Finance Refer Amended to Appropriations,2
SB18-077,2018,RS,Senate,2018-04-11,Senate Committee on Appropriations Refer Amended to Senate Committee of the Whole,3
SB18-077,2018,RS,Senate,2018-04-13,Senate Second Reading Laid Over Daily - No Amendments,4
SB18-077,2018,RS,Senate,2018-04-17,Senate Second Reading Passed with Amendments - Committee,5
SB18-077,2018,RS,Senate,2018-04-18,Senate Third Reading Laid Over Daily - No Amendments,6
SB18-077,2018,RS,Senate,2018-04-19,Senate Third Reading Passed - No Amendments,7
SB18-077,2018,RS,House,2018-04-23,"Introduced In House - Assigned to State, Veterans, & Military Affairs",8
SB18-077,2018,RS,House,2018-05-02,"House Committee on State, Veterans, & Military Affairs Postpone Indefinitely",9
SB18-078,2018,RS,Senate,2018-01-12,Introduced In Senate - Assigned to Transportation,1
SB18-078,2018,RS,Senate,2018-04-24,Senate Committee on Transportation Postpone Indefinitely,2
SB18-079,2018,RS,Senate,2018-01-12,"Introduced In Senate - Assigned to Business, Labor, & Technology",1
SB18-079,2018,RS,Senate,2018-02-12,"Senate Committee on Business, Labor, & Technology Refer Amended - Consent Calendar to Senate Committee of the Whole",2
SB18-079,2018,RS,Senate,2018-02-15,Senate Second Reading Passed with Amendments - Committee,3
SB18-079,2018,RS,Senate,2018-02-16,Senate Third Reading Passed - No Amendments,4
SB18-079,2018,RS,House,2018-02-20,Introduced In House - Assigned to Business Affairs and Labor,5
SB18-079,2018,RS,House,2018-03-20,House Committee on Business Affairs and Labor Refer Amended to House Committee of the Whole,6
SB18-079,2018,RS,House,2018-03-23,House Second Reading Laid Over to 03/26/2018 - No Amendments,7
SB18-079,2018,RS,House,2018-03-26,House Second Reading Passed with Amendments - Committee,8
SB18-079,2018,RS,House,2018-03-27,House Third Reading Laid Over to 03/28/2018 - No Amendments,9
SB18-079,2018,RS,House,2018-03-28,House Third Reading Laid Over to 03/29/2018 - No Amendments,10
SB18-079,2018,RS,House,2018-03-29,House Third Reading Laid Over to 04/02/2018 - No Amendments,11
SB18-079,2018,RS,House,2018-04-02,House Third Reading Passed - No Amendments,12
SB18-079,2018,RS,Senate,2018-04-03,Senate Considered House Amendments - Result was to Laid Over Daily,13
SB18-079,2018,RS,Senate,2018-04-04,Senate Considered House Amendments - Result was to Concur - Repass,14
SB18-079,2018,RS,Senate,2018-04-10,Signed by the President of the Senate,15
SB18-079,2018,RS,House,2018-04-11,Signed by the Speaker of the House,16
SB18-079,2018,RS,Governor,2018-04-11,Sent to the Governor,17
SB18-079,2018,RS,Governor,2018-04-12,Governor Signed,18
SB18-080,2018,RS,Senate,2018-01-12,"Introduced In Senate - Assigned to State, Veterans, & Military Affairs",1
SB18-080,2018,RS,Senate,2018-01-31,"Senate Committee on State, Veterans, & Military Affairs Witness Testimony and/or Committee Discussion Only",2
SB18-080,2018,RS,Senate,2018-02-05,"Senate Committee on State, Veterans, & Military Affairs Postpone Indefinitely",3
SB18-081,2018,RS,Senate,2018-01-12,"Introduced In Senate - Assigned to Business, Labor, & Technology",1
SB18-081,2018,RS,Senate,2018-01-24,"Senate Committee on Business, Labor, & Technology Postpone Indefinitely",2
SB18-082,2018,RS,Senate,2018-01-12,"Introduced In Senate - Assigned to State, Veterans, & Military Affairs",1
SB18-082,2018,RS,Senate,2018-02-05,"Senate Committee on State, Veterans, & Military Affairs Refer Unamended to Senate Committee of the Whole",2
SB18-082,2018,RS,Senate,2018-02-08,Senate Second Reading Passed - No Amendments,3
SB18-082,2018,RS,Senate,2018-02-09,Senate Third Reading Passed - No Amendments,4
SB18-082,2018,RS,House,2018-02-13,"Introduced In House - Assigned to Health, Insurance, & Environment",5
SB18-082,2018,RS,House,2018-03-13,"House Committee on Health, Insurance, & Environment Refer Unamended to House Committee of the Whole",6
SB18-082,2018,RS,House,2018-03-16,House Second Reading Special Order - Passed with Amendments - Floor,7
SB18-082,2018,RS,House,2018-03-19,House Third Reading Passed - No Amendments,8
SB18-082,2018,RS,Senate,2018-03-20,Senate Considered House Amendments - Result was to Concur - Repass,9
SB18-082,2018,RS,Senate,2018-03-26,Signed by the President of the Senate,10
SB18-082,2018,RS,House,2018-03-27,Signed by the Speaker of the House,11
SB18-082,2018,RS,Governor,2018-03-27,Sent to the Governor,12
SB18-082,2018,RS,Governor,2018-04-02,Governor Signed,13
SB18-083,2018,RS,Senate,2018-01-12,Introduced In Senate - Assigned to Finance,1
SB18-083,2018,RS,Senate,2018-02-06,Senate Committee on Finance Refer Unamended to Appropriations,2
SB18-083,2018,RS,Senate,2018-04-10,Senate Committee on Appropriations Refer Amended to Senate Committee of the Whole,3
SB18-083,2018,RS,Senate,2018-04-13,Senate Second Reading Laid Over Daily - No Amendments,4
SB18-083,2018,RS,Senate,2018-04-16,Senate Second Reading Passed with Amendments - Committee,5
SB18-083,2018,RS,Senate,2018-04-17,Senate Third Reading Passed - No Amendments,6
SB18-083,2018,RS,House,2018-04-18,Introduced In House - Assigned to Education,7
SB18-083,2018,RS,House,2018-05-07,House Committee on Education Postpone Indefinitely,8
SB18-084,2018,RS,Senate,2018-01-16,Introduced In Senate - Assigned to Health & Human Services,1
SB18-084,2018,RS,Senate,2018-02-15,Senate Committee on Health & Human Services Refer Amended to Appropriations,2
SB18-084,2018,RS,Senate,2018-04-03,Senate Committee on Appropriations Refer Unamended to Judiciary,3
SB18-084,2018,RS,Senate,2018-04-09,Senate Committee on Judiciary Postpone Indefinitely,4
SB18-085,2018,RS,Senate,2018-01-16,Introduced In Senate - Assigned to Education,1
SB18-085,2018,RS,Senate,2018-02-01,Senate Committee on Education Refer Amended to Appropriations,2
SB18-085,2018,RS,Senate,2018-04-11,Senate Committee on Appropriations Refer Amended to Senate Committee of the Whole,3
SB18-085,2018,RS,Senate,2018-04-13,Senate Second Reading Laid Over Daily - No Amendments,4
SB18-085,2018,RS,Senate,2018-04-16,"Senate Second Reading Passed with Amendments - Committee, Floor",5
SB18-085,2018,RS,Senate,2018-04-17,Senate Third Reading Passed - No Amendments,6
SB18-085,2018,RS,House,2018-04-18,Introduced In House - Assigned to Education,7
SB18-085,2018,RS,House,2018-04-23,House Committee on Education Refer Amended to Appropriations,8
SB18-085,2018,RS,House,2018-04-24,House Committee on Appropriations Refer Amended to House Committee of the Whole,9
SB18-085,2018,RS,House,2018-04-24,House Second Reading Special Order - Passed with Amendments - Committee,10
SB18-085,2018,RS,House,2018-04-25,House Third Reading Laid Over to 04/26/2018 - No Amendments,11
SB18-085,2018,RS,House,2018-04-26,House Third Reading Passed - No Amendments,12
SB18-085,2018,RS,Senate,2018-04-27,Senate Considered House Amendments - Result was to Concur - Repass,13
SB18-085,2018,RS,Senate,2018-04-30,Senate Considered House Amendments - Result was to Reconsider,14
SB18-085,2018,RS,Senate,2018-04-30,Senate Considered House Amendments - Result was to Laid Over Daily,15
SB18-085,2018,RS,Senate,2018-05-01,Senate Considered House Amendments - Result was to Not Concur - Request Conference Committee,16
SB18-085,2018,RS,ConfComm,2018-05-07,First Conference Committee Result was to Adopt Rerevised,17
SB18-085,2018,RS,House,2018-05-08,House Consideration of First Conference Committee Report result was to Adopt Committee Report - Repass,18
SB18-085,2018,RS,Senate,2018-05-08,Senate Consideration of First Conference Committee Report result was to Adopt Committee Report - Repass,19
SB18-085,2018,RS,Senate,2018-05-16,Signed by the President of the Senate,20
SB18-085,2018,RS,House,2018-05-17,Signed by the Speaker of the House,21
SB18-085,2018,RS,Governor,2018-05-17,Sent to the Governor,22
SB18-085,2018,RS,Governor,2018-05-24,Governor Signed,23
SB18-086,2018,RS,Senate,2018-01-16,"Introduced In Senate - Assigned to Business, Labor, & Technology",1
SB18-086,2018,RS,Senate,2018-02-07,"Senate Committee on Business, Labor, & Technology Refer Amended to Appropriations",2
SB18-086,2018,RS,Senate,2018-04-03,Senate Committee on Appropriations Refer Amended to Senate Committee of the Whole,3
SB18-086,2018,RS,Senate,2018-04-04,Senate Second Reading Special Order - Laid Over Daily - No Amendments,4
SB18-086,2018,RS,Senate,2018-04-05,Senate Second Reading Passed with Amendments - Committee,5
SB18-086,2018,RS,Senate,2018-04-06,Senate Third Reading Passed - No Amendments,6
SB18-086,2018,RS,House,2018-04-10,Introduced In House - Assigned to Business Affairs and Labor,7
SB18-086,2018,RS,House,2018-04-17,House Committee on Business Affairs and Labor Witness Testimony and/or Committee Discussion Only,8
SB18-086,2018,RS,House,2018-04-26,House Committee on Business Affairs and Labor Refer Amended to Appropriations,9
SB18-086,2018,RS,House,2018-05-02,House Committee on Appropriations Refer Unamended to House Committee of the Whole,10
SB18-086,2018,RS,House,2018-05-02,"House Second Reading Special Order - Passed with Amendments - Committee, Floor",11
SB18-086,2018,RS,House,2018-05-03,House Third Reading Laid Over to 05/04/2018 - No Amendments,12
SB18-086,2018,RS,House,2018-05-04,House Third Reading Passed with Amendments - Floor,13
SB18-086,2018,RS,Senate,2018-05-07,Senate Considered House Amendments - Result was to Concur - Repass,14
SB18-086,2018,RS,Senate,2018-05-15,Signed by the President of the Senate,15
SB18-086,2018,RS,House,2018-05-16,Signed by the Speaker of the House,16
SB18-086,2018,RS,Governor,2018-05-16,Sent to the Governor,17
SB18-086,2018,RS,Governor,2018-05-30,Governor Signed,18
SB18-087,2018,RS,Senate,2018-01-16,"Introduced In Senate - Assigned to State, Veterans, & Military Affairs",1
SB18-087,2018,RS,Senate,2018-02-05,"Senate Committee on State, Veterans, & Military Affairs Refer Unamended - Consent Calendar to Senate Committee of the Whole",2
SB18-087,2018,RS,Senate,2018-02-08,Senate Second Reading Passed - No Amendments,3
SB18-087,2018,RS,Senate,2018-02-09,Senate Third Reading Passed - No Amendments,4
SB18-087,2018,RS,House,2018-02-14,Introduced In House - Assigned to Education,5
SB18-087,2018,RS,House,2018-03-21,House Committee on Education Refer Unamended to House Committee of the Whole,6
SB18-087,2018,RS,House,2018-03-26,House Second Reading Passed - No Amendments,7
SB18-087,2018,RS,House,2018-03-27,House Third Reading Laid Over to 03/28/2018 - No Amendments,8
SB18-087,2018,RS,House,2018-03-28,House Third Reading Laid Over to 03/29/2018 - No Amendments,9
SB18-087,2018,RS,House,2018-03-29,House Third Reading Laid Over to 04/02/2018 - No Amendments,10
SB18-087,2018,RS,House,2018-04-02,House Third Reading Passed - No Amendments,11
SB18-087,2018,RS,Senate,2018-04-06,Signed by the President of the Senate,12
SB18-087,2018,RS,House,2018-04-06,Signed by the Speaker of the House,13
SB18-087,2018,RS,Governor,2018-04-09,Sent to the Governor,14
SB18-087,2018,RS,Governor,2018-04-12,Governor Signed,15
SB18-088,2018,RS,Senate,2018-01-16,Introduced In Senate - Assigned to Finance,1
SB18-088,2018,RS,Senate,2018-01-23,Senate Committee on Finance Refer Unamended to Senate Committee of the Whole,2
SB18-088,2018,RS,Senate,2018-01-26,Senate Second Reading Laid Over Daily - No Amendments,3
SB18-088,2018,RS,Senate,2018-01-29,Senate Second Reading Passed - No Amendments,4
SB18-088,2018,RS,Senate,2018-01-30,Senate Third Reading Passed - No Amendments,5
SB18-088,2018,RS,House,2018-02-01,Introduced In House - Assigned to Finance,6
SB18-088,2018,RS,House,2018-02-05,House Committee on Finance Refer Amended to House Committee of the Whole,7
SB18-088,2018,RS,House,2018-02-08,House Second Reading Passed with Amendments - Committee,8
SB18-088,2018,RS,House,2018-02-09,House Third Reading Passed - No Amendments,9
SB18-088,2018,RS,Senate,2018-02-13,Senate Considered House Amendments - Result was to Concur - Repass,10
SB18-088,2018,RS,Senate,2018-02-21,Signed by the President of the Senate,11
SB18-088,2018,RS,House,2018-02-21,Signed by the Speaker of the House,12
SB18-088,2018,RS,Governor,2018-02-21,Sent to the Governor,13
SB18-088,2018,RS,Governor,2018-02-22,Governor Signed,14
SB18-089,2018,RS,Senate,2018-01-16,"Introduced In Senate - Assigned to State, Veterans, & Military Affairs",1
SB18-089,2018,RS,Senate,2018-02-12,"Senate Committee on State, Veterans, & Military Affairs Witness Testimony and/or Committee Discussion Only",2
SB18-089,2018,RS,Senate,2018-02-14,"Senate Committee on State, Veterans, & Military Affairs Postpone Indefinitely",3
SB18-090,2018,RS,Senate,2018-01-22,Introduced In Senate - Assigned to Judiciary,1
SB18-090,2018,RS,Senate,2018-02-07,Senate Committee on Judiciary Refer Amended - Consent Calendar to Senate Committee of the Whole,2
SB18-090,2018,RS,Senate,2018-02-12,Senate Second Reading Passed with Amendments - Committee,3
SB18-090,2018,RS,Senate,2018-02-13,Senate Third Reading Passed - No Amendments,4
SB18-090,2018,RS,House,2018-02-15,Introduced In House - Assigned to Judiciary,5
SB18-090,2018,RS,House,2018-03-13,House Committee on Judiciary Refer Unamended to House Committee of the Whole,6
SB18-090,2018,RS,House,2018-03-16,House Second Reading Special Order - Passed - No Amendments,7
SB18-090,2018,RS,House,2018-03-19,House Third Reading Passed - No Amendments,8
SB18-090,2018,RS,Senate,2018-03-23,Signed by the President of the Senate,9
SB18-090,2018,RS,House,2018-03-26,Signed by the Speaker of the House,10
SB18-090,2018,RS,Governor,2018-03-26,Sent to the Governor,11
SB18-090,2018,RS,Governor,2018-03-29,Governor Signed,12
SB18-091,2018,RS,Senate,2018-01-22,Introduced In Senate - Assigned to Health & Human Services,1
SB18-091,2018,RS,Senate,2018-02-07,Senate Committee on Health & Human Services Refer Amended - Consent Calendar to Senate Committee of the Whole,2
SB18-091,2018,RS,Senate,2018-02-12,Senate Second Reading Passed with Amendments - Committee,3
SB18-091,2018,RS,Senate,2018-02-13,Senate Third Reading Passed - No Amendments,4
SB18-091,2018,RS,House,2018-02-15,Introduced In House - Assigned to Public Health Care & Human Services,5
SB18-091,2018,RS,House,2018-02-27,House Committee on Public Health Care & Human Services Refer Unamended to House Committee of the Whole,6
SB18-091,2018,RS,House,2018-03-02,House Second Reading Laid Over to 03/05/2018 - No Amendments,7
SB18-091,2018,RS,House,2018-03-05,House Second Reading Passed - No Amendments,8
SB18-091,2018,RS,House,2018-03-06,House Third Reading Passed - No Amendments,9
SB18-091,2018,RS,Senate,2018-03-09,Signed by the President of the Senate,10
SB18-091,2018,RS,House,2018-03-12,Signed by the Speaker of the House,11
SB18-091,2018,RS,Governor,2018-03-12,Sent to the Governor,12
SB18-091,2018,RS,Governor,2018-03-15,Governor Signed,13
SB18-092,2018,RS,Senate,2018-01-22,Introduced In Senate - Assigned to Health & Human Services,1
SB18-092,2018,RS,Senate,2018-02-07,Senate Committee on Health & Human Services Refer Amended - Consent Calendar to Senate Committee of the Whole,2
SB18-092,2018,RS,Senate,2018-02-12,Senate Second Reading Passed with Amendments - Committee,3
SB18-092,2018,RS,Senate,2018-02-13,Senate Third Reading Passed - No Amendments,4
SB18-092,2018,RS,House,2018-02-15,Introduced In House - Assigned to Public Health Care & Human Services,5
SB18-092,2018,RS,House,2018-02-27,House Committee on Public Health Care & Human Services Refer Unamended to House Committee of the Whole,6
SB18-092,2018,RS,House,2018-03-02,House Second Reading Laid Over to 03/05/2018 - No Amendments,7
SB18-092,2018,RS,House,2018-03-05,House Second Reading Passed - No Amendments,8
SB18-092,2018,RS,House,2018-03-06,House Third Reading Passed - No Amendments,9
SB18-092,2018,RS,Senate,2018-03-09,Signed by the President of the Senate,10
SB18-092,2018,RS,House,2018-03-12,Signed by the Speaker of the House,11
SB18-092,2018,RS,Governor,2018-03-12,Sent to the Governor,12
SB18-092,2018,RS,Governor,2018-03-15,Governor Signed,13
SB18-093,2018,RS,Senate,2018-01-22,Introduced In Senate - Assigned to Health & Human Services,1
SB18-093,2018,RS,Senate,2018-02-01,Senate Committee on Health & Human Services Refer Amended - Consent Calendar to Senate Committee of the Whole,2
SB18-093,2018,RS,Senate,2018-02-06,Senate Second Reading Passed with Amendments - Committee,3
SB18-093,2018,RS,Senate,2018-02-07,Senate Third Reading Passed - No Amendments,4
SB18-093,2018,RS,House,2018-02-12,Introduced In House - Assigned to Public Health Care & Human Services,5
SB18-093,2018,RS,House,2018-02-27,House Committee on Public Health Care & Human Services Refer Unamended to House Committee of the Whole,6
SB18-093,2018,RS,House,2018-03-02,House Second Reading Laid Over to 03/05/2018 - No Amendments,7
SB18-093,2018,RS,House,2018-03-05,House Second Reading Passed - No Amendments,8
SB18-093,2018,RS,House,2018-03-06,House Third Reading Passed - No Amendments,9
SB18-093,2018,RS,Senate,2018-03-09,Signed by the President of the Senate,10
SB18-093,2018,RS,House,2018-03-12,Signed by the Speaker of the House,11
SB18-093,2018,RS,Governor,2018-03-12,Sent to the Governor,12
SB18-093,2018,RS,Governor,2018-03-22,Governor Signed,13
SB18-094,2018,RS,Senate,2018-01-22,Introduced In Senate - Assigned to Judiciary,1
SB18-094,2018,RS,Senate,2018-02-07,Senate Committee on Judiciary Refer Amended - Consent Calendar to Senate Committee of the Whole,2
SB18-094,2018,RS,Senate,2018-02-12,Senate Second Reading Passed with Amendments - Committee,3
SB18-094,2018,RS,Senate,2018-02-13,Senate Third Reading Passed - No Amendments,4
SB18-094,2018,RS,House,2018-02-15,Introduced In House - Assigned to Public Health Care & Human Services,5
SB18-094,2018,RS,House,2018-02-27,House Committee on Public Health Care & Human Services Refer Unamended to House Committee of the Whole,6
SB18-094,2018,RS,House,2018-03-02,House Second Reading Laid Over to 03/05/2018 - No Amendments,7
SB18-094,2018,RS,House,2018-03-05,House Second Reading Passed - No Amendments,8
SB18-094,2018,RS,House,2018-03-06,House Third Reading Passed - No Amendments,9
SB18-094,2018,RS,Senate,2018-03-09,Signed by the President of the Senate,10
SB18-094,2018,RS,House,2018-03-12,Signed by the Speaker of the House,11
SB18-094,2018,RS,Governor,2018-03-15,Governor Signed,12
SB18-094,2018,RS,Governor,2018-03-16,Sent to the Governor,13
SB18-095,2018,RS,Senate,2018-01-22,Introduced In Senate - Assigned to Judiciary,1
SB18-095,2018,RS,Senate,2018-02-07,Senate Committee on Judiciary Refer Amended - Consent Calendar to Senate Committee of the Whole,2
SB18-095,2018,RS,Senate,2018-02-12,Senate Second Reading Passed with Amendments - Committee,3
SB18-095,2018,RS,Senate,2018-02-13,Senate Third Reading Passed - No Amendments,4
SB18-095,2018,RS,House,2018-02-15,Introduced In House - Assigned to Judiciary,5
SB18-095,2018,RS,House,2018-03-13,House Committee on Judiciary Refer Amended to House Committee of the Whole,6
SB18-095,2018,RS,House,2018-03-16,House Second Reading Special Order - Passed with Amendments - Committee,7
SB18-095,2018,RS,House,2018-03-19,House Third Reading Passed - No Amendments,8
SB18-095,2018,RS,Senate,2018-03-20,Senate Considered House Amendments - Result was to Concur - Repass,9
SB18-095,2018,RS,Senate,2018-03-23,Signed by the President of the Senate,10
SB18-095,2018,RS,House,2018-03-26,Signed by the Speaker of the House,11
SB18-095,2018,RS,Governor,2018-03-26,Sent to the Governor,12
SB18-095,2018,RS,Governor,2018-04-02,Governor Signed,13
SB18-096,2018,RS,Senate,2018-01-22,Introduced In Senate - Assigned to Judiciary,1
SB18-096,2018,RS,Senate,2018-02-07,Senate Committee on Judiciary Refer Amended - Consent Calendar to Senate Committee of the Whole,2
SB18-096,2018,RS,Senate,2018-02-12,Senate Second Reading Passed with Amendments - Committee,3
SB18-096,2018,RS,Senate,2018-02-13,Senate Third Reading Passed - No Amendments,4
SB18-096,2018,RS,House,2018-02-15,Introduced In House - Assigned to Public Health Care & Human Services,5
SB18-096,2018,RS,House,2018-02-27,House Committee on Public Health Care & Human Services Refer Unamended to House Committee of the Whole,6
SB18-096,2018,RS,House,2018-03-02,House Second Reading Laid Over to 03/05/2018 - No Amendments,7
SB18-096,2018,RS,House,2018-03-05,House Second Reading Passed - No Amendments,8
SB18-096,2018,RS,House,2018-03-06,House Third Reading Passed - No Amendments,9
SB18-096,2018,RS,Senate,2018-03-09,Signed by the President of the Senate,10
SB18-096,2018,RS,House,2018-03-12,Signed by the Speaker of the House,11
SB18-096,2018,RS,Governor,2018-03-12,Sent to the Governor,12
SB18-096,2018,RS,Governor,2018-03-21,Governor Signed,13
SB18-097,2018,RS,Senate,2018-01-22,"Introduced In Senate - Assigned to State, Veterans, & Military Affairs",1
SB18-097,2018,RS,Senate,2018-02-14,"Senate Committee on State, Veterans, & Military Affairs Refer Unamended to Appropriations",2
SB18-097,2018,RS,Senate,2018-02-27,Senate Committee on Appropriations Refer Amended to Senate Committee of the Whole,3
SB18-097,2018,RS,Senate,2018-03-01,Senate Second Reading Laid Over to 03/05/2018 - No Amendments,4
SB18-097,2018,RS,Senate,2018-03-05,Senate Second Reading Passed with Amendments - Committee,5
SB18-097,2018,RS,Senate,2018-03-06,Senate Third Reading Laid Over to 03/08/2018 - No Amendments,6
SB18-097,2018,RS,Senate,2018-03-08,Senate Third Reading Passed - No Amendments,7
SB18-097,2018,RS,House,2018-03-12,"Introduced In House - Assigned to State, Veterans, & Military Affairs",8
SB18-097,2018,RS,House,2018-03-21,"House Committee on State, Veterans, & Military Affairs Postpone Indefinitely",9
SB18-098,2018,RS,Senate,2018-01-22,Introduced In Senate - Assigned to Judiciary,1
SB18-098,2018,RS,Senate,2018-02-07,Senate Committee on Judiciary Lay Over Unamended - Amendment(s) Failed,2
SB18-098,2018,RS,Senate,2018-02-21,Senate Committee on Judiciary Refer Amended - Consent Calendar to Senate Committee of the Whole,3
SB18-098,2018,RS,Senate,2018-02-26,Senate Second Reading Passed with Amendments - Committee,4
SB18-098,2018,RS,Senate,2018-02-27,Senate Third Reading Passed - No Amendments,5
SB18-098,2018,RS,House,2018-03-02,Introduced In House - Assigned to Judiciary,6
SB18-098,2018,RS,House,2018-03-13,House Committee on Judiciary Refer Unamended to House Committee of the Whole,7
SB18-098,2018,RS,House,2018-03-16,House Second Reading Special Order - Passed - No Amendments,8
SB18-098,2018,RS,House,2018-03-19,House Third Reading Passed - No Amendments,9
SB18-098,2018,RS,Senate,2018-03-23,Signed by the President of the Senate,10
SB18-098,2018,RS,House,2018-03-26,Signed by the Speaker of the House,11
SB18-098,2018,RS,Governor,2018-03-26,Sent to the Governor,12
SB18-098,2018,RS,Governor,2018-04-02,Governor Signed,13
SB18-099,2018,RS,Senate,2018-01-22,Introduced In Senate - Assigned to Education,1
SB18-099,2018,RS,Senate,2018-02-14,Senate Committee on Education Refer Amended to Senate Committee of the Whole,2
SB18-099,2018,RS,Senate,2018-02-20,Senate Second Reading Laid Over Daily - No Amendments,3
SB18-099,2018,RS,Senate,2018-02-21,Senate Second Reading Passed with Amendments - Committee,4
SB18-099,2018,RS,Senate,2018-02-22,Senate Third Reading Passed - No Amendments,5
SB18-099,2018,RS,House,2018-02-23,Introduced In House - Assigned to Education,6
SB18-099,2018,RS,House,2018-03-12,House Committee on Education Refer Unamended to House Committee of the Whole,7
SB18-099,2018,RS,House,2018-03-15,House Second Reading Laid Over to 03/19/2018 - No Amendments,8
SB18-099,2018,RS,House,2018-03-19,House Second Reading Passed - No Amendments,9
SB18-099,2018,RS,House,2018-03-20,House Third Reading Passed - No Amendments,10
SB18-099,2018,RS,Senate,2018-03-27,Signed by the President of the Senate,11
SB18-099,2018,RS,House,2018-03-29,Signed by the Speaker of the House,12
SB18-099,2018,RS,Governor,2018-03-29,Sent to the Governor,13
SB18-099,2018,RS,Governor,2018-04-02,Governor Signed,14
SB18-100,2018,RS,Senate,2018-01-22,Introduced In Senate - Assigned to Finance,1
SB18-100,2018,RS,Senate,2018-01-30,Senate Committee on Finance Refer Unamended - Consent Calendar to Senate Committee of the Whole,2
SB18-100,2018,RS,Senate,2018-02-02,Senate Second Reading Passed - No Amendments,3
SB18-100,2018,RS,Senate,2018-02-05,Senate Third Reading Passed - No Amendments,4
SB18-100,2018,RS,House,2018-02-08,Introduced In House - Assigned to Finance,5
SB18-100,2018,RS,House,2018-02-28,House Committee on Finance Refer Unamended to House Committee of the Whole,6
SB18-100,2018,RS,House,2018-03-05,House Second Reading Passed - No Amendments,7
SB18-100,2018,RS,House,2018-03-06,House Third Reading Passed - No Amendments,8
SB18-100,2018,RS,Senate,2018-03-09,Signed by the President of the Senate,9
SB18-100,2018,RS,House,2018-03-12,Signed by the Speaker of the House,10
SB18-100,2018,RS,Governor,2018-03-12,Sent to the Governor,11
SB18-100,2018,RS,Governor,2018-03-15,Governor Signed,12
SB18-101,2018,RS,Senate,2018-01-22,Introduced In Senate - Assigned to Education,1
SB18-101,2018,RS,Senate,2018-01-31,Senate Committee on Education Refer Unamended - Consent Calendar to Senate Committee of the Whole,2
SB18-101,2018,RS,Senate,2018-02-05,Senate Second Reading Passed - No Amendments,3
SB18-101,2018,RS,Senate,2018-02-06,Senate Third Reading Passed - No Amendments,4
SB18-101,2018,RS,House,2018-02-08,Introduced In House - Assigned to Education,5
SB18-101,2018,RS,House,2018-02-26,House Committee on Education Refer Unamended to House Committee of the Whole,6
SB18-101,2018,RS,House,2018-03-02,House Second Reading Laid Over to 03/05/2018 - No Amendments,7
SB18-101,2018,RS,House,2018-03-05,House Second Reading Passed - No Amendments,8
SB18-101,2018,RS,House,2018-03-06,House Third Reading Passed - No Amendments,9
SB18-101,2018,RS,Senate,2018-03-09,Signed by the President of the Senate,10
SB18-101,2018,RS,House,2018-03-12,Signed by the Speaker of the House,11
SB18-101,2018,RS,Governor,2018-03-12,Sent to the Governor,12
SB18-101,2018,RS,Governor,2018-03-22,Governor Signed,13
SB18-102,2018,RS,Senate,2018-01-22,Introduced In Senate - Assigned to Transportation,1
SB18-102,2018,RS,Senate,2018-02-06,Senate Committee on Transportation Refer Amended to Senate Committee of the Whole,2
SB18-102,2018,RS,Senate,2018-02-09,Senate Second Reading Passed with Amendments - Committee,3
SB18-102,2018,RS,Senate,2018-02-12,Senate Third Reading Passed - No Amendments,4
SB18-102,2018,RS,House,2018-02-13,Introduced In House - Assigned to Transportation & Energy,5
SB18-102,2018,RS,House,2018-03-08,House Committee on Transportation & Energy Refer Unamended to House Committee of the Whole,6
SB18-102,2018,RS,House,2018-03-13,House Second Reading Passed - No Amendments,7
SB18-102,2018,RS,House,2018-03-14,House Third Reading Passed - No Amendments,8
SB18-102,2018,RS,Senate,2018-03-21,Signed by the President of the Senate,9
SB18-102,2018,RS,House,2018-03-22,Signed by the Speaker of the House,10
SB18-102,2018,RS,Governor,2018-03-22,Sent to the Governor,11
SB18-102,2018,RS,Governor,2018-03-29,Governor Signed,12
SB18-103,2018,RS,Senate,2018-01-22,Introduced In Senate - Assigned to Finance,1
SB18-103,2018,RS,Senate,2018-02-08,Senate Committee on Finance Refer Unamended - Consent Calendar to Senate Committee of the Whole,2
SB18-103,2018,RS,Senate,2018-02-13,Senate Second Reading Passed - No Amendments,3
SB18-103,2018,RS,Senate,2018-02-14,Senate Third Reading Passed - No Amendments,4
SB18-103,2018,RS,House,2018-02-15,Introduced In House - Assigned to Business Affairs and Labor,5
SB18-103,2018,RS,House,2018-02-27,House Committee on Business Affairs and Labor Refer Unamended to House Committee of the Whole,6
SB18-103,2018,RS,House,2018-03-02,House Second Reading Laid Over to 03/05/2018 - No Amendments,7
SB18-103,2018,RS,House,2018-03-05,House Second Reading Passed - No Amendments,8
SB18-103,2018,RS,House,2018-03-06,House Third Reading Passed - No Amendments,9
SB18-103,2018,RS,Senate,2018-03-09,Signed by the President of the Senate,10
SB18-103,2018,RS,House,2018-03-12,Signed by the Speaker of the House,11
SB18-103,2018,RS,Governor,2018-03-12,Sent to the Governor,12
SB18-103,2018,RS,Governor,2018-03-15,Governor Signed,13
SB18-104,2018,RS,Senate,2018-01-22,"Introduced In Senate - Assigned to Business, Labor, & Technology",1
SB18-104,2018,RS,Senate,2018-02-05,"Senate Committee on Business, Labor, & Technology Refer Amended to Senate Committee of the Whole",2
SB18-104,2018,RS,Senate,2018-02-08,Senate Second Reading Passed with Amendments - Committee,3
SB18-104,2018,RS,Senate,2018-02-09,Senate Third Reading Passed - No Amendments,4
SB18-104,2018,RS,House,2018-02-14,Introduced In House - Assigned to Finance,5
SB18-104,2018,RS,House,2018-03-14,House Committee on Finance Refer Unamended to House Committee of the Whole,6
SB18-104,2018,RS,House,2018-03-19,House Second Reading Laid Over to 03/20/2018 - No Amendments,7
SB18-104,2018,RS,House,2018-03-20,House Second Reading Passed - No Amendments,8
SB18-104,2018,RS,House,2018-03-21,House Third Reading Passed - No Amendments,9
SB18-104,2018,RS,Senate,2018-03-27,Signed by the President of the Senate,10
SB18-104,2018,RS,House,2018-03-29,Signed by the Speaker of the House,11
SB18-104,2018,RS,Governor,2018-03-29,Sent to the Governor,12
SB18-104,2018,RS,Governor,2018-04-02,Governor Signed,13
SB18-105,2018,RS,Senate,2018-01-24,"Introduced In Senate - Assigned to Business, Labor, & Technology",1
SB18-105,2018,RS,Senate,2018-01-29,"Senate Committee on Business, Labor, & Technology Refer Unamended - Consent Calendar to Senate Committee of the Whole",2
SB18-105,2018,RS,Senate,2018-02-01,Senate Second Reading Passed - No Amendments,3
SB18-105,2018,RS,Senate,2018-02-02,Senate Third Reading Passed - No Amendments,4
SB18-105,2018,RS,House,2018-02-07,Introduced In House - Assigned to Finance,5
SB18-105,2018,RS,House,2018-02-12,House Committee on Finance Refer Unamended to House Committee of the Whole,6
SB18-105,2018,RS,House,2018-02-15,House Second Reading Laid Over to 02/16/2018 - No Amendments,7
SB18-105,2018,RS,House,2018-02-16,House Second Reading Passed - No Amendments,8
SB18-105,2018,RS,House,2018-02-20,House Third Reading Laid Over to 02/21/2018 - No Amendments,9
SB18-105,2018,RS,House,2018-02-21,House Third Reading Laid Over to 02/23/2018 - No Amendments,10
SB18-105,2018,RS,House,2018-02-23,House Third Reading Passed - No Amendments,11
SB18-105,2018,RS,Senate,2018-02-28,Signed by the President of the Senate,12
SB18-105,2018,RS,House,2018-03-01,Signed by the Speaker of the House,13
SB18-105,2018,RS,Governor,2018-03-02,Sent to the Governor,14
SB18-105,2018,RS,Governor,2018-03-05,Governor Signed,15
SB18-106,2018,RS,Senate,2018-01-29,Introduced In Senate - Assigned to Local Government,1
SB18-106,2018,RS,Senate,2018-02-13,Senate Committee on Local Government Refer Amended - Consent Calendar to Senate Committee of the Whole,2
SB18-106,2018,RS,Senate,2018-02-15,Senate Second Reading Special Order - Passed with Amendments - Committee,3
SB18-106,2018,RS,Senate,2018-02-16,Senate Third Reading Passed - No Amendments,4
SB18-106,2018,RS,House,2018-02-21,Introduced In House - Assigned to Finance,5
SB18-106,2018,RS,House,2018-03-21,House Committee on Finance Refer Unamended to House Committee of the Whole,6
SB18-106,2018,RS,House,2018-03-23,House Second Reading Laid Over to 03/26/2018 - No Amendments,7
SB18-106,2018,RS,House,2018-03-26,House Second Reading Laid Over to 03/27/2018 - No Amendments,8
SB18-106,2018,RS,House,2018-03-27,House Second Reading Laid Over to 03/28/2018 - No Amendments,9
SB18-106,2018,RS,House,2018-03-28,House Second Reading Laid Over to 03/29/2018 - No Amendments,10
SB18-106,2018,RS,House,2018-03-29,House Second Reading Laid Over to 04/02/2018 - No Amendments,11
SB18-106,2018,RS,House,2018-04-02,House Second Reading Passed - No Amendments,12
SB18-106,2018,RS,House,2018-04-03,House Third Reading Passed - No Amendments,13
SB18-106,2018,RS,Senate,2018-04-10,Signed by the President of the Senate,14
SB18-106,2018,RS,House,2018-04-11,Signed by the Speaker of the House,15
SB18-106,2018,RS,Governor,2018-04-11,Sent to the Governor,16
SB18-106,2018,RS,Governor,2018-04-12,Governor Signed,17
SB18-107,2018,RS,Senate,2018-01-29,"Introduced In Senate - Assigned to State, Veterans, & Military Affairs",1
SB18-107,2018,RS,Senate,2018-02-12,"Senate Committee on State, Veterans, & Military Affairs Refer Amended - Consent Calendar to Senate Committee of the Whole",2
SB18-107,2018,RS,Senate,2018-02-15,Senate Second Reading Passed with Amendments - Committee,3
SB18-107,2018,RS,Senate,2018-02-16,Senate Third Reading Passed - No Amendments,4
SB18-107,2018,RS,House,2018-02-21,"Introduced In House - Assigned to State, Veterans, & Military Affairs",5
SB18-107,2018,RS,House,2018-03-15,"House Committee on State, Veterans, & Military Affairs Refer Unamended to House Committee of the Whole",6
SB18-107,2018,RS,House,2018-03-20,House Second Reading Laid Over to 03/21/2018 - No Amendments,7
SB18-107,2018,RS,House,2018-03-21,House Second Reading Laid Over to 03/22/2018 - No Amendments,8
SB18-107,2018,RS,House,2018-03-22,House Second Reading Laid Over to 03/23/2018 - No Amendments,9
SB18-107,2018,RS,House,2018-03-23,House Second Reading Passed - No Amendments,10
SB18-107,2018,RS,House,2018-03-26,House Third Reading Passed - No Amendments,11
SB18-107,2018,RS,Senate,2018-04-02,Signed by the President of the Senate,12
SB18-107,2018,RS,House,2018-04-03,Signed by the Speaker of the House,13
SB18-107,2018,RS,Governor,2018-04-03,Sent to the Governor,14
SB18-107,2018,RS,Governor,2018-04-09,Governor Signed,15
SB18-108,2018,RS,Senate,2018-01-29,"Introduced In Senate - Assigned to State, Veterans, & Military Affairs",1
SB18-108,2018,RS,Senate,2018-02-07,"Senate Committee on State, Veterans, & Military Affairs Witness Testimony and/or Committee Discussion Only",2
SB18-108,2018,RS,Senate,2018-02-14,"Senate Committee on State, Veterans, & Military Affairs Refer Amended to Appropriations",3
SB18-108,2018,RS,Senate,2018-03-20,Senate Committee on Appropriations Refer Amended to Senate Committee of the Whole,4
SB18-108,2018,RS,Senate,2018-03-22,Senate Second Reading Passed with Amendments - Committee,5
SB18-108,2018,RS,Senate,2018-03-23,Senate Third Reading Passed - No Amendments,6
SB18-108,2018,RS,House,2018-03-23,Introduced In House - Assigned to Local Government,7
SB18-108,2018,RS,House,2018-04-04,House Committee on Local Government Refer Unamended to Appropriations,8
SB18-108,2018,RS,House,2018-04-11,House Committee on Appropriations Refer Amended to House Committee of the Whole,9
SB18-108,2018,RS,House,2018-04-12,House Second Reading Special Order - Laid Over Daily - No Amendments,10
SB18-108,2018,RS,House,2018-04-17,House Second Reading Passed with Amendments - Committee,11
SB18-108,2018,RS,House,2018-04-18,House Third Reading Passed - No Amendments,12
SB18-108,2018,RS,Senate,2018-04-19,Senate Considered House Amendments - Result was to Adhere,13
SB18-108,2018,RS,House,2018-04-26,House Considered Senate Adherence - Result was to Recede,14
SB18-108,2018,RS,Senate,2018-05-07,Signed by the President of the Senate,15
SB18-108,2018,RS,House,2018-05-11,Signed by the Speaker of the House,16
SB18-108,2018,RS,Governor,2018-05-11,Sent to the Governor,17
SB18-108,2018,RS,Governor,2018-05-29,Governor Signed,18
SB18-109,2018,RS,Senate,2018-01-29,"Introduced In Senate - Assigned to Business, Labor, & Technology",1
SB18-109,2018,RS,Senate,2018-03-05,"Senate Committee on Business, Labor, & Technology Refer Amended to Finance",2
SB18-109,2018,RS,Senate,2018-03-08,Senate Committee on Finance Refer Unamended to Appropriations,3
SB18-109,2018,RS,Senate,2018-03-20,Senate Committee on Appropriations Refer Amended - Consent Calendar to Senate Committee of the Whole,4
SB18-109,2018,RS,Senate,2018-03-20,Senate Second Reading Special Order - Passed with Amendments - Committee,5
SB18-109,2018,RS,Senate,2018-03-21,Senate Third Reading Passed - No Amendments,6
SB18-109,2018,RS,House,2018-03-27,Introduced In House - Assigned to Judiciary,7
SB18-109,2018,RS,House,2018-04-10,House Committee on Judiciary Witness Testimony and/or Committee Discussion Only,8
SB18-109,2018,RS,House,2018-05-03,House Committee on Judiciary Refer Amended to Finance,9
SB18-109,2018,RS,House,2018-05-07,House Committee on Finance Refer Unamended to Appropriations,10
SB18-109,2018,RS,House,2018-05-10,House Committee on Appropriations Postpone Indefinitely,11
SB18-110,2018,RS,Senate,2018-01-29,"Introduced In Senate - Assigned to State, Veterans, & Military Affairs",1
SB18-110,2018,RS,Senate,2018-02-07,"Senate Committee on State, Veterans, & Military Affairs Refer Unamended - Consent Calendar to Senate Committee of the Whole",2
SB18-110,2018,RS,Senate,2018-02-12,Senate Second Reading Passed with Amendments - Floor,3
SB18-110,2018,RS,Senate,2018-02-13,Senate Third Reading Passed - No Amendments,4
SB18-110,2018,RS,House,2018-02-15,Introduced In House - Assigned to Finance,5
SB18-110,2018,RS,House,2018-03-21,House Committee on Finance Refer Unamended to House Committee of the Whole,6
SB18-110,2018,RS,House,2018-03-23,House Second Reading Laid Over to 03/26/2018 - No Amendments,7
SB18-110,2018,RS,House,2018-03-26,House Second Reading Laid Over to 03/27/2018 - No Amendments,8
SB18-110,2018,RS,House,2018-03-27,House Second Reading Laid Over to 03/28/2018 - No Amendments,9
SB18-110,2018,RS,House,2018-03-28,House Second Reading Laid Over to 03/29/2018 - No Amendments,10
SB18-110,2018,RS,House,2018-03-29,House Second Reading Laid Over to 04/02/2018 - No Amendments,11
SB18-110,2018,RS,House,2018-04-02,House Second Reading Passed - No Amendments,12
SB18-110,2018,RS,House,2018-04-03,House Third Reading Passed - No Amendments,13
SB18-110,2018,RS,Senate,2018-04-10,Signed by the President of the Senate,14
SB18-110,2018,RS,House,2018-04-11,Signed by the Speaker of the House,15
SB18-110,2018,RS,Governor,2018-04-11,Sent to the Governor,16
SB18-110,2018,RS,Governor,2018-04-12,Governor Signed,17
SB18-111,2018,RS,Senate,2018-01-29,"Introduced In Senate - Assigned to State, Veterans, & Military Affairs",1
SB18-111,2018,RS,Senate,2018-02-07,"Senate Committee on State, Veterans, & Military Affairs Refer Unamended - Consent Calendar to Senate Committee of the Whole",2
SB18-111,2018,RS,Senate,2018-02-12,Senate Second Reading Passed with Amendments - Floor,3
SB18-111,2018,RS,Senate,2018-02-13,Senate Third Reading Passed - No Amendments,4
SB18-111,2018,RS,House,2018-02-15,"Introduced In House - Assigned to State, Veterans, & Military Affairs",5
SB18-111,2018,RS,House,2018-03-08,"House Committee on State, Veterans, & Military Affairs Refer Unamended to House Committee of the Whole",6
SB18-111,2018,RS,House,2018-03-13,House Second Reading Passed - No Amendments,7
SB18-111,2018,RS,House,2018-03-14,House Third Reading Passed - No Amendments,8
SB18-111,2018,RS,Senate,2018-03-19,Signed by the President of the Senate,9
SB18-111,2018,RS,House,2018-03-20,Signed by the Speaker of the House,10
SB18-111,2018,RS,Governor,2018-03-20,Sent to the Governor,11
SB18-111,2018,RS,Governor,2018-03-29,Governor Signed,12
SB18-112,2018,RS,Senate,2018-01-29,"Introduced In Senate - Assigned to State, Veterans, & Military Affairs",1
SB18-112,2018,RS,Senate,2018-02-12,"Senate Committee on State, Veterans, & Military Affairs Refer Amended to Appropriations",2
SB18-112,2018,RS,Senate,2018-04-11,Senate Committee on Appropriations Postpone Indefinitely,3
SB18-113,2018,RS,Senate,2018-01-29,"Introduced In Senate - Assigned to State, Veterans, & Military Affairs",1
SB18-113,2018,RS,Senate,2018-02-07,"Senate Committee on State, Veterans, & Military Affairs Postpone Indefinitely",2
SB18-114,2018,RS,Senate,2018-01-29,"Introduced In Senate - Assigned to State, Veterans, & Military Affairs",1
SB18-114,2018,RS,Senate,2018-02-12,"Senate Committee on State, Veterans, & Military Affairs Witness Testimony and/or Committee Discussion Only",2
SB18-114,2018,RS,Senate,2018-02-14,"Senate Committee on State, Veterans, & Military Affairs Postpone Indefinitely",3
SB18-115,2018,RS,Senate,2018-01-29,"Introduced In Senate - Assigned to State, Veterans, & Military Affairs",1
SB18-115,2018,RS,Senate,2018-02-14,"Senate Committee on State, Veterans, & Military Affairs Postpone Indefinitely",2
SB18-116,2018,RS,Senate,2018-01-29,Introduced In Senate - Assigned to Finance,1
SB18-116,2018,RS,Senate,2018-02-13,Senate Committee on Finance Refer Amended to Appropriations,2
SB18-116,2018,RS,Senate,2018-03-06,Senate Committee on Appropriations Refer Amended to Senate Committee of the Whole,3
SB18-116,2018,RS,Senate,2018-03-08,Senate Second Reading Laid Over to 03/12/2018 - No Amendments,4
SB18-116,2018,RS,Senate,2018-03-12,Senate Second Reading Laid Over Daily - No Amendments,5
SB18-116,2018,RS,Senate,2018-03-13,"Senate Second Reading Passed with Amendments - Committee, Floor",6
SB18-116,2018,RS,Senate,2018-03-14,Senate Third Reading Passed - No Amendments,7
SB18-116,2018,RS,House,2018-03-15,"Introduced In House - Assigned to State, Veterans, & Military Affairs",8
SB18-116,2018,RS,House,2018-04-04,"House Committee on State, Veterans, & Military Affairs Postpone Indefinitely",9
SB18-117,2018,RS,Senate,2018-01-29,"Introduced In Senate - Assigned to State, Veterans, & Military Affairs",1
SB18-117,2018,RS,Senate,2018-02-13,"Senate Committee on State, Veterans, & Military Affairs Postpone Indefinitely",2
SB18-118,2018,RS,Senate,2018-01-29,Introduced In Senate - Assigned to Education,1
SB18-118,2018,RS,Senate,2018-02-21,Senate Committee on Education Postpone Indefinitely,2
SB18-119,2018,RS,Senate,2018-01-29,Introduced In Senate - Assigned to Judiciary,1
SB18-119,2018,RS,Senate,2018-02-07,Senate Committee on Judiciary Refer Unamended to Appropriations,2
SB18-119,2018,RS,Senate,2018-03-13,Senate Committee on Appropriations Refer Amended - Consent Calendar to Senate Committee of the Whole,3
SB18-119,2018,RS,Senate,2018-03-15,Senate Second Reading Passed with Amendments - Committee,4
SB18-119,2018,RS,Senate,2018-03-16,Senate Third Reading Laid Over Daily - No Amendments,5
SB18-119,2018,RS,Senate,2018-03-19,Senate Third Reading Passed - No Amendments,6
SB18-119,2018,RS,House,2018-03-22,Introduced In House - Assigned to Judiciary,7
SB18-119,2018,RS,House,2018-04-05,House Committee on Judiciary Witness Testimony and/or Committee Discussion Only,8
SB18-119,2018,RS,House,2018-04-19,House Committee on Judiciary Refer Amended to Appropriations,9
SB18-119,2018,RS,House,2018-04-25,House Committee on Appropriations Refer Unamended to House Committee of the Whole,10
SB18-119,2018,RS,House,2018-04-27,House Second Reading Special Order - Passed with Amendments - Committee,11
SB18-119,2018,RS,House,2018-04-30,House Third Reading Passed - No Amendments,12
SB18-119,2018,RS,Senate,2018-05-01,Senate Considered House Amendments - Result was to Laid Over Daily,13
SB18-119,2018,RS,Senate,2018-05-02,Senate Considered House Amendments - Result was to Concur - Repass,14
SB18-119,2018,RS,Senate,2018-05-11,Signed by the President of the Senate,15
SB18-119,2018,RS,House,2018-05-11,Signed by the Speaker of the House,16
SB18-119,2018,RS,Governor,2018-05-11,Sent to the Governor,17
SB18-119,2018,RS,Governor,2018-05-29,Governor Signed,18
SB18-120,2018,RS,Senate,2018-01-29,"Introduced In Senate - Assigned to Business, Labor, & Technology",1
SB18-120,2018,RS,Senate,2018-02-07,"Senate Committee on Business, Labor, & Technology Witness Testimony and/or Committee Discussion Only",2
SB18-120,2018,RS,Senate,2018-02-14,"Senate Committee on Business, Labor, & Technology Postpone Indefinitely",3
SB18-121,2018,RS,Senate,2018-01-29,"Introduced In Senate - Assigned to State, Veterans, & Military Affairs",1
SB18-121,2018,RS,Senate,2018-02-07,"Senate Committee on State, Veterans, & Military Affairs Refer Unamended - Consent Calendar to Senate Committee of the Whole",2
SB18-121,2018,RS,Senate,2018-02-12,Senate Second Reading Passed with Amendments - Floor,3
SB18-121,2018,RS,Senate,2018-02-13,Senate Third Reading Passed - No Amendments,4
SB18-121,2018,RS,House,2018-02-15,"Introduced In House - Assigned to State, Veterans, & Military Affairs",5
SB18-121,2018,RS,House,2018-03-08,"House Committee on State, Veterans, & Military Affairs Refer Unamended to House Committee of the Whole",6
SB18-121,2018,RS,House,2018-03-13,House Second Reading Passed - No Amendments,7
SB18-121,2018,RS,House,2018-03-14,House Third Reading Passed - No Amendments,8
SB18-121,2018,RS,Senate,2018-03-19,Signed by the President of the Senate,9
SB18-121,2018,RS,House,2018-03-20,Signed by the Speaker of the House,10
SB18-121,2018,RS,Governor,2018-03-20,Sent to the Governor,11
SB18-121,2018,RS,Governor,2018-03-29,Governor Signed,12
SB18-122,2018,RS,Senate,2018-01-29,Introduced In Senate - Assigned to Judiciary,1
SB18-122,2018,RS,Senate,2018-02-05,Senate Committee on Judiciary Refer Unamended - Consent Calendar to Senate Committee of the Whole,2
SB18-122,2018,RS,Senate,2018-02-08,Senate Second Reading Laid Over Daily - No Amendments,3
SB18-122,2018,RS,Senate,2018-02-09,Senate Second Reading Passed - No Amendments,4
SB18-122,2018,RS,Senate,2018-02-12,Senate Third Reading Passed - No Amendments,5
SB18-122,2018,RS,House,2018-02-15,Introduced In House - Assigned to Judiciary,6
SB18-122,2018,RS,House,2018-03-22,House Committee on Judiciary Witness Testimony and/or Committee Discussion Only,7
SB18-122,2018,RS,House,2018-04-05,House Committee on Judiciary Postpone Indefinitely,8
SB18-123,2018,RS,Senate,2018-01-29,Introduced In Senate - Assigned to Judiciary,1
SB18-123,2018,RS,Senate,2018-02-28,Senate Committee on Judiciary Refer Unamended to Senate Committee of the Whole,2
SB18-123,2018,RS,Senate,2018-03-05,Senate Second Reading Laid Over to 03/08/2018 - No Amendments,3
SB18-123,2018,RS,Senate,2018-03-08,Senate Second Reading Passed with Amendments - Floor,4
SB18-123,2018,RS,Senate,2018-03-09,Senate Third Reading Laid Over to 03/15/2018 - No Amendments,5
SB18-123,2018,RS,Senate,2018-03-15,Senate Third Reading Laid Over to 03/22/2018 - No Amendments,6
SB18-123,2018,RS,Senate,2018-03-22,Senate Third Reading Laid Over Daily - No Amendments,7
SB18-123,2018,RS,Senate,2018-03-26,Senate Second Reading Laid Over Daily with Amendments - Floor,8
SB18-123,2018,RS,Senate,2018-03-29,Senate Third Reading Passed - No Amendments,9
SB18-123,2018,RS,House,2018-04-04,Introduced In House - Assigned to Judiciary,10
SB18-123,2018,RS,House,2018-04-24,House Committee on Judiciary Postpone Indefinitely,11
SB18-124,2018,RS,Senate,2018-01-29,"Introduced In Senate - Assigned to Business, Labor, & Technology",1
SB18-124,2018,RS,Senate,2018-02-05,"Senate Committee on Business, Labor, & Technology Refer Unamended - Consent Calendar to Senate Committee of the Whole",2
SB18-124,2018,RS,Senate,2018-02-08,Senate Second Reading Passed - No Amendments,3
SB18-124,2018,RS,Senate,2018-02-09,Senate Third Reading Passed - No Amendments,4
SB18-124,2018,RS,House,2018-02-13,Introduced In House - Assigned to Business Affairs and Labor,5
SB18-124,2018,RS,House,2018-02-20,House Committee on Business Affairs and Labor Refer Unamended to House Committee of the Whole,6
SB18-124,2018,RS,House,2018-02-23,House Second Reading Laid Over to 02/26/2018 - No Amendments,7
SB18-124,2018,RS,House,2018-02-26,House Second Reading Passed - No Amendments,8
SB18-124,2018,RS,House,2018-02-27,House Third Reading Passed - No Amendments,9
SB18-124,2018,RS,Senate,2018-03-01,Signed by the President of the Senate,10
SB18-124,2018,RS,House,2018-03-02,Signed by the Speaker of the House,11
SB18-124,2018,RS,Governor,2018-03-02,Sent to the Governor,12
SB18-124,2018,RS,Governor,2018-03-07,Governor Signed,13
SB18-125,2018,RS,Senate,2018-01-29,"Introduced In Senate - Assigned to Business, Labor, & Technology",1
SB18-125,2018,RS,Senate,2018-02-14,"Senate Committee on Business, Labor, & Technology Refer Amended to Senate Committee of the Whole",2
SB18-125,2018,RS,Senate,2018-02-20,Senate Second Reading Laid Over Daily - No Amendments,3
SB18-125,2018,RS,Senate,2018-02-23,"Senate Second Reading Passed with Amendments - Committee, Floor",4
SB18-125,2018,RS,Senate,2018-02-26,Senate Third Reading Passed with Amendments - Floor,5
SB18-125,2018,RS,House,2018-03-01,Introduced In House - Assigned to Business Affairs and Labor,6
SB18-125,2018,RS,House,2018-03-08,House Committee on Business Affairs and Labor Refer Unamended to House Committee of the Whole,7
SB18-125,2018,RS,House,2018-03-13,House Second Reading Passed - No Amendments,8
SB18-125,2018,RS,House,2018-03-14,House Third Reading Passed - No Amendments,9
SB18-125,2018,RS,Senate,2018-03-21,Signed by the President of the Senate,10
SB18-125,2018,RS,House,2018-03-22,Signed by the Speaker of the House,11
SB18-125,2018,RS,Governor,2018-03-22,Sent to the Governor,12
SB18-125,2018,RS,Governor,2018-03-29,Governor Signed,13
SB18-126,2018,RS,Senate,2018-01-29,"Introduced In Senate - Assigned to Business, Labor, & Technology",1
SB18-126,2018,RS,Senate,2018-02-05,"Senate Committee on Business, Labor, & Technology Refer Unamended - Consent Calendar to Senate Committee of the Whole",2
SB18-126,2018,RS,Senate,2018-02-08,Senate Second Reading Passed - No Amendments,3
SB18-126,2018,RS,Senate,2018-02-09,Senate Third Reading Passed - No Amendments,4
SB18-126,2018,RS,House,2018-02-14,Introduced In House - Assigned to Business Affairs and Labor,5
SB18-126,2018,RS,House,2018-02-20,House Committee on Business Affairs and Labor Refer Unamended to House Committee of the Whole,6
SB18-126,2018,RS,House,2018-02-23,House Second Reading Laid Over to 03/01/2018 - No Amendments,7
SB18-126,2018,RS,House,2018-03-02,House Second Reading Laid Over to 03/05/2018 - No Amendments,8
SB18-126,2018,RS,House,2018-03-05,House Second Reading Laid Over to 03/13/2018 - No Amendments,9
SB18-126,2018,RS,House,2018-03-13,House Second Reading Laid Over to 03/19/2018 - No Amendments,10
SB18-126,2018,RS,House,2018-03-19,House Second Reading Laid Over to 03/26/2018 - No Amendments,11
SB18-126,2018,RS,House,2018-03-26,House Second Reading Laid Over to 03/27/2018 - No Amendments,12
SB18-126,2018,RS,House,2018-03-27,House Second Reading Laid Over to 03/28/2018 - No Amendments,13
SB18-126,2018,RS,House,2018-03-28,House Second Reading Laid Over to 03/29/2018 - No Amendments,14
SB18-126,2018,RS,House,2018-03-29,House Second Reading Laid Over to 04/02/2018 - No Amendments,15
SB18-126,2018,RS,House,2018-04-02,House Second Reading Passed - No Amendments,16
SB18-126,2018,RS,House,2018-04-03,House Third Reading Lost - No Amendments,17
SB18-127,2018,RS,Senate,2018-01-29,Introduced In Senate - Assigned to Finance,1
SB18-127,2018,RS,Senate,2018-02-06,Senate Committee on Finance Refer Amended - Consent Calendar to Senate Committee of the Whole,2
SB18-127,2018,RS,Senate,2018-02-09,Senate Second Reading Passed with Amendments - Committee,3
SB18-127,2018,RS,Senate,2018-02-12,Senate Third Reading Passed - No Amendments,4
SB18-127,2018,RS,House,2018-02-15,Introduced In House - Assigned to Finance,5
SB18-127,2018,RS,House,2018-03-21,House Committee on Finance Refer Unamended to House Committee of the Whole,6
SB18-127,2018,RS,House,2018-03-23,House Second Reading Laid Over to 03/26/2018 - No Amendments,7
SB18-127,2018,RS,House,2018-03-26,House Second Reading Laid Over to 03/27/2018 - No Amendments,8
SB18-127,2018,RS,House,2018-03-27,House Second Reading Laid Over to 03/28/2018 - No Amendments,9
SB18-127,2018,RS,House,2018-03-28,House Second Reading Laid Over to 03/29/2018 - No Amendments,10
SB18-127,2018,RS,House,2018-03-29,House Second Reading Laid Over to 04/02/2018 - No Amendments,11
SB18-127,2018,RS,House,2018-04-02,House Second Reading Passed - No Amendments,12
SB18-127,2018,RS,House,2018-04-03,House Third Reading Passed - No Amendments,13
SB18-127,2018,RS,Senate,2018-04-10,Signed by the President of the Senate,14
SB18-127,2018,RS,House,2018-04-11,Signed by the Speaker of the House,15
SB18-127,2018,RS,Governor,2018-04-11,Sent to the Governor,16
SB18-127,2018,RS,Governor,2018-04-12,Governor Signed,17
SB18-128,2018,RS,Senate,2018-01-29,Introduced In Senate - Assigned to Finance,1
SB18-128,2018,RS,Senate,2018-02-13,Senate Committee on Finance Refer Unamended to Senate Committee of the Whole,2
SB18-128,2018,RS,Senate,2018-02-16,Senate Second Reading Laid Over Daily - No Amendments,3
SB18-128,2018,RS,Senate,2018-02-20,Senate Second Reading Passed - No Amendments,4
SB18-128,2018,RS,Senate,2018-02-21,Senate Third Reading Passed - No Amendments,5
SB18-128,2018,RS,House,2018-02-26,"Introduced In House - Assigned to State, Veterans, & Military Affairs",6
SB18-128,2018,RS,House,2018-03-14,"House Committee on State, Veterans, & Military Affairs Postpone Indefinitely",7
SB18-129,2018,RS,Senate,2018-01-29,Introduced In Senate - Assigned to Health & Human Services,1
SB18-129,2018,RS,Senate,2018-02-08,Senate Committee on Health & Human Services Refer Amended - Consent Calendar to Senate Committee of the Whole,2
SB18-129,2018,RS,Senate,2018-02-13,Senate Second Reading Laid Over to 02/15/2018 - No Amendments,3
SB18-129,2018,RS,Senate,2018-02-15,"Senate Second Reading Passed with Amendments - Committee, Floor",4
SB18-129,2018,RS,Senate,2018-02-16,Senate Third Reading Passed - No Amendments,5
SB18-129,2018,RS,House,2018-02-22,Introduced In House - Assigned to Finance,6
SB18-129,2018,RS,House,2018-03-21,House Committee on Finance Refer Unamended to House Committee of the Whole,7
SB18-129,2018,RS,House,2018-03-23,House Second Reading Laid Over to 03/26/2018 - No Amendments,8
SB18-129,2018,RS,House,2018-03-26,House Second Reading Laid Over to 03/27/2018 - No Amendments,9
SB18-129,2018,RS,House,2018-03-27,House Second Reading Laid Over to 03/28/2018 - No Amendments,10
SB18-129,2018,RS,House,2018-03-28,House Second Reading Laid Over to 03/29/2018 - No Amendments,11
SB18-129,2018,RS,House,2018-03-29,House Second Reading Laid Over to 04/02/2018 - No Amendments,12
SB18-129,2018,RS,House,2018-04-02,House Second Reading Passed - No Amendments,13
SB18-129,2018,RS,House,2018-04-03,House Third Reading Passed - No Amendments,14
SB18-129,2018,RS,Senate,2018-04-10,Signed by the President of the Senate,15
SB18-129,2018,RS,House,2018-04-11,Signed by the Speaker of the House,16
SB18-129,2018,RS,Governor,2018-04-11,Sent to the Governor,17
SB18-129,2018,RS,Governor,2018-04-12,Governor Signed,18
SB18-130,2018,RS,Senate,2018-01-29,Introduced In Senate - Assigned to Health & Human Services,1
SB18-130,2018,RS,Senate,2018-02-14,Senate Committee on Health & Human Services Refer Unamended to Senate Committee of the Whole,2
SB18-130,2018,RS,Senate,2018-02-20,Senate Second Reading Laid Over Daily - No Amendments,3
SB18-130,2018,RS,Senate,2018-02-21,Senate Second Reading Passed - No Amendments,4
SB18-130,2018,RS,Senate,2018-02-22,Senate Third Reading Passed - No Amendments,5
SB18-130,2018,RS,House,2018-02-27,"Introduced In House - Assigned to Health, Insurance, & Environment",6
SB18-130,2018,RS,House,2018-04-12,"House Committee on Health, Insurance, & Environment Postpone Indefinitely",7
SB18-131,2018,RS,Senate,2018-01-29,Introduced In Senate - Assigned to Health & Human Services,1
SB18-131,2018,RS,Senate,2018-02-08,Senate Committee on Health & Human Services Refer Amended - Consent Calendar to Senate Committee of the Whole,2
SB18-131,2018,RS,Senate,2018-02-13,Senate Second Reading Passed with Amendments - Committee,3
SB18-131,2018,RS,Senate,2018-02-14,Senate Third Reading Passed - No Amendments,4
SB18-131,2018,RS,House,2018-02-15,"Introduced In House - Assigned to Health, Insurance, & Environment",5
SB18-131,2018,RS,House,2018-03-13,"House Committee on Health, Insurance, & Environment Refer Unamended to House Committee of the Whole",6
SB18-131,2018,RS,House,2018-03-16,House Second Reading Special Order - Passed - No Amendments,7
SB18-131,2018,RS,House,2018-03-19,House Third Reading Passed - No Amendments,8
SB18-131,2018,RS,Senate,2018-03-23,Signed by the President of the Senate,9
SB18-131,2018,RS,House,2018-03-26,Signed by the Speaker of the House,10
SB18-131,2018,RS,Governor,2018-03-26,Sent to the Governor,11
SB18-131,2018,RS,Governor,2018-04-02,Governor Signed,12
SB18-132,2018,RS,Senate,2018-01-29,Introduced In Senate - Assigned to Health & Human Services,1
SB18-132,2018,RS,Senate,2018-02-15,Senate Committee on Health & Human Services Refer Amended to Appropriations,2
SB18-132,2018,RS,Senate,2018-02-27,Senate Committee on Appropriations Refer Amended to Senate Committee of the Whole,3
SB18-132,2018,RS,Senate,2018-03-01,Senate Second Reading Laid Over to 03/05/2018 - No Amendments,4
SB18-132,2018,RS,Senate,2018-03-05,Senate Second Reading Passed with Amendments - Committee,5
SB18-132,2018,RS,Senate,2018-03-06,Senate Third Reading Laid Over to 03/08/2018 - No Amendments,6
SB18-132,2018,RS,Senate,2018-03-08,Senate Third Reading Passed - No Amendments,7
SB18-132,2018,RS,House,2018-03-12,"Introduced In House - Assigned to Health, Insurance, & Environment",8
SB18-132,2018,RS,House,2018-04-03,"House Committee on Health, Insurance, & Environment Refer Amended to Appropriations",9
SB18-132,2018,RS,House,2018-04-11,House Committee on Appropriations Refer Unamended to House Committee of the Whole,10
SB18-132,2018,RS,House,2018-04-12,House Second Reading Special Order - Laid Over Daily - No Amendments,11
SB18-132,2018,RS,House,2018-04-17,House Second Reading Passed with Amendments - Committee,12
SB18-132,2018,RS,House,2018-04-18,House Third Reading Passed - No Amendments,13
SB18-132,2018,RS,Senate,2018-04-19,Senate Considered House Amendments - Result was to Concur - Repass,14
SB18-132,2018,RS,Senate,2018-04-25,Signed by the President of the Senate,15
SB18-132,2018,RS,House,2018-04-26,Signed by the Speaker of the House,16
SB18-132,2018,RS,Governor,2018-04-26,Sent to the Governor,17
SB18-132,2018,RS,Governor,2018-05-03,Governor Signed,18
SB18-133,2018,RS,Senate,2018-01-29,Introduced In Senate - Assigned to Education,1
SB18-133,2018,RS,Senate,2018-03-29,Senate Committee on Education Postpone Indefinitely,2
SB18-134,2018,RS,Senate,2018-01-29,"Introduced In Senate - Assigned to Agriculture, Natural Resources, & Energy",1
SB18-134,2018,RS,Senate,2018-02-08,"Senate Committee on Agriculture, Natural Resources, & Energy Refer Amended - Consent Calendar to Senate Committee of the Whole",2
SB18-134,2018,RS,Senate,2018-02-13,Senate Second Reading Passed with Amendments - Committee,3
SB18-134,2018,RS,Senate,2018-02-14,Senate Third Reading Passed - No Amendments,4
SB18-134,2018,RS,House,2018-02-20,"Introduced In House - Assigned to Agriculture, Livestock, & Natural Resources",5
SB18-134,2018,RS,House,2018-03-12,"House Committee on Agriculture, Livestock, & Natural Resources Refer Unamended to House Committee of the Whole",6
SB18-134,2018,RS,House,2018-03-15,House Second Reading Passed - No Amendments,7
SB18-134,2018,RS,House,2018-03-16,House Third Reading Passed - No Amendments,8
SB18-134,2018,RS,Senate,2018-03-21,Signed by the President of the Senate,9
SB18-134,2018,RS,House,2018-03-22,Signed by the Speaker of the House,10
SB18-134,2018,RS,Governor,2018-03-22,Sent to the Governor,11
SB18-134,2018,RS,Governor,2018-04-02,Governor Signed,12
SB18-135,2018,RS,Senate,2018-01-29,Introduced In Senate - Assigned to Judiciary,1
SB18-135,2018,RS,Senate,2018-02-05,Senate Committee on Judiciary Refer Unamended - Consent Calendar to Senate Committee of the Whole,2
SB18-135,2018,RS,Senate,2018-02-08,Senate Second Reading Passed - No Amendments,3
SB18-135,2018,RS,Senate,2018-02-09,Senate Third Reading Passed with Amendments - Floor,4
SB18-135,2018,RS,House,2018-02-14,Introduced In House - Assigned to Judiciary,5
SB18-135,2018,RS,House,2018-03-13,House Committee on Judiciary Refer Amended to House Committee of the Whole,6
SB18-135,2018,RS,House,2018-03-16,"House Second Reading Special Order - Passed with Amendments - Committee, Floor",7
SB18-135,2018,RS,House,2018-03-19,House Third Reading Passed - No Amendments,8
SB18-135,2018,RS,Senate,2018-03-20,Senate Considered House Amendments - Result was to Concur - Repass,9
SB18-135,2018,RS,Senate,2018-03-26,Signed by the President of the Senate,10
SB18-135,2018,RS,House,2018-03-27,Signed by the Speaker of the House,11
SB18-135,2018,RS,Governor,2018-03-27,Sent to the Governor,12
SB18-135,2018,RS,Governor,2018-04-02,Governor Signed,13
SB18-136,2018,RS,Senate,2018-01-29,Introduced In Senate - Assigned to Finance,1
SB18-136,2018,RS,Senate,2018-02-13,Senate Committee on Finance Refer Unamended - Consent Calendar to Senate Committee of the Whole,2
SB18-136,2018,RS,Senate,2018-02-16,Senate Second Reading Laid Over Daily - No Amendments,3
SB18-136,2018,RS,Senate,2018-02-21,Senate Second Reading Passed with Amendments - Floor,4
SB18-136,2018,RS,Senate,2018-02-22,Senate Third Reading Passed - No Amendments,5
SB18-136,2018,RS,House,2018-02-27,"Introduced In House - Assigned to Health, Insurance, & Environment",6
SB18-136,2018,RS,House,2018-03-22,"House Committee on Health, Insurance, & Environment Refer Unamended to House Committee of the Whole",7
SB18-136,2018,RS,House,2018-03-27,House Second Reading Laid Over to 03/28/2018 - No Amendments,8
SB18-136,2018,RS,House,2018-03-28,House Second Reading Laid Over to 03/29/2018 - No Amendments,9
SB18-136,2018,RS,House,2018-03-29,House Second Reading Laid Over to 04/02/2018 - No Amendments,10
SB18-136,2018,RS,House,2018-04-02,House Second Reading Passed - No Amendments,11
SB18-136,2018,RS,House,2018-04-03,House Third Reading Passed - No Amendments,12
SB18-136,2018,RS,Senate,2018-04-10,Signed by the President of the Senate,13
SB18-136,2018,RS,House,2018-04-11,Signed by the Speaker of the House,14
SB18-136,2018,RS,Governor,2018-04-11,Sent to the Governor,15
SB18-136,2018,RS,Governor,2018-04-12,Governor Signed,16
SB18-137,2018,RS,Senate,2018-01-29,Introduced In Senate - Assigned to Finance,1
SB18-137,2018,RS,Senate,2018-02-27,Senate Committee on Finance Postpone Indefinitely,2
SB18-138,2018,RS,Senate,2018-01-29,"Introduced In Senate - Assigned to Business, Labor, & Technology",1
SB18-138,2018,RS,Senate,2018-02-12,"Senate Committee on Business, Labor, & Technology Refer Amended - Consent Calendar to Senate Committee of the Whole",2
SB18-138,2018,RS,Senate,2018-02-15,Senate Second Reading Passed with Amendments - Committee,3
SB18-138,2018,RS,Senate,2018-02-16,Senate Third Reading Passed - No Amendments,4
SB18-138,2018,RS,House,2018-02-21,Introduced In House - Assigned to Business Affairs and Labor,5
SB18-138,2018,RS,House,2018-03-08,House Committee on Business Affairs and Labor Refer Amended to House Committee of the Whole,6
SB18-138,2018,RS,House,2018-03-13,"House Second Reading Passed with Amendments - Committee, Floor",7
SB18-138,2018,RS,House,2018-03-14,House Third Reading Passed - No Amendments,8
SB18-138,2018,RS,Senate,2018-03-15,Senate Considered House Amendments - Result was to Concur - Repass,9
SB18-138,2018,RS,Senate,2018-03-21,Signed by the President of the Senate,10
SB18-138,2018,RS,House,2018-03-22,Signed by the Speaker of the House,11
SB18-138,2018,RS,Governor,2018-03-22,Sent to the Governor,12
SB18-138,2018,RS,Governor,2018-04-02,Governor Signed,13
SB18-139,2018,RS,Senate,2018-01-29,"Introduced In Senate - Assigned to Business, Labor, & Technology",1
SB18-139,2018,RS,Senate,2018-02-21,"Senate Committee on Business, Labor, & Technology Postpone Indefinitely",2
SB18-140,2018,RS,Senate,2018-01-29,Introduced In Senate - Assigned to Judiciary,1
SB18-140,2018,RS,Senate,2018-02-14,Senate Committee on Judiciary Postpone Indefinitely,2
SB18-141,2018,RS,Senate,2018-01-29,Introduced In Senate - Assigned to Finance,1
SB18-141,2018,RS,Senate,2018-02-15,Senate Committee on Finance Refer Amended - Consent Calendar to Senate Committee of the Whole,2
SB18-141,2018,RS,Senate,2018-02-21,Senate Second Reading Passed with Amendments - Committee,3
SB18-141,2018,RS,Senate,2018-02-22,Senate Third Reading Passed - No Amendments,4
SB18-141,2018,RS,House,2018-02-27,Introduced In House - Assigned to Finance,5
SB18-141,2018,RS,House,2018-04-02,House Committee on Finance Refer Unamended to Appropriations,6
SB18-141,2018,RS,House,2018-04-11,House Committee on Appropriations Refer Unamended to House Committee of the Whole,7
SB18-141,2018,RS,House,2018-04-12,House Second Reading Special Order - Laid Over Daily - No Amendments,8
SB18-141,2018,RS,House,2018-04-17,House Second Reading Passed with Amendments - Floor,9
SB18-141,2018,RS,House,2018-04-18,House Third Reading Passed - No Amendments,10
SB18-141,2018,RS,Senate,2018-04-19,Senate Considered House Amendments - Result was to Laid Over to 04/23/2018,11
SB18-141,2018,RS,Senate,2018-04-23,Senate Considered House Amendments - Result was to Laid Over to 04/27/2018,12
SB18-141,2018,RS,Senate,2018-04-27,Senate Considered House Amendments - Result was to Concur - Repass,13
SB18-141,2018,RS,Senate,2018-05-09,Signed by the President of the Senate,14
SB18-141,2018,RS,House,2018-05-11,Signed by the Speaker of the House,15
SB18-141,2018,RS,Governor,2018-05-11,Sent to the Governor,16
SB18-141,2018,RS,Governor,2018-05-29,Governor Signed,17
SB18-142,2018,RS,Senate,2018-01-29,"Introduced In Senate - Assigned to State, Veterans, & Military Affairs",1
SB18-142,2018,RS,Senate,2018-02-12,"Senate Committee on State, Veterans, & Military Affairs Postpone Indefinitely",2
SB18-143,2018,RS,Senate,2018-01-29,Introduced In Senate - Assigned to Finance,1
SB18-143,2018,RS,Senate,2018-02-13,Senate Committee on Finance Refer Amended to Appropriations,2
SB18-143,2018,RS,Senate,2018-03-06,Senate Committee on Appropriations Refer Unamended to Senate Committee of the Whole,3
SB18-143,2018,RS,Senate,2018-03-08,Senate Second Reading Passed with Amendments - Committee,4
SB18-143,2018,RS,Senate,2018-03-09,Senate Third Reading Laid Over Daily - No Amendments,5
SB18-143,2018,RS,Senate,2018-03-13,Senate Third Reading Passed - No Amendments,6
SB18-143,2018,RS,House,2018-03-15,"Introduced In House - Assigned to Agriculture, Livestock, & Natural Resources",7
SB18-143,2018,RS,House,2018-03-26,"House Committee on Agriculture, Livestock, & Natural Resources Refer Unamended to Finance",8
SB18-143,2018,RS,House,2018-04-02,House Committee on Finance Refer Unamended to Appropriations,9
SB18-143,2018,RS,House,2018-04-11,House Committee on Appropriations Refer Unamended to House Committee of the Whole,10
SB18-143,2018,RS,House,2018-04-12,House Second Reading Special Order - Laid Over Daily - No Amendments,11
SB18-143,2018,RS,House,2018-04-18,House Second Reading Passed - No Amendments,12
SB18-143,2018,RS,House,2018-04-19,House Third Reading Passed - No Amendments,13
SB18-143,2018,RS,Senate,2018-04-25,Signed by the President of the Senate,14
SB18-143,2018,RS,House,2018-04-26,Signed by the Speaker of the House,15
SB18-143,2018,RS,Governor,2018-04-26,Sent to the Governor,16
SB18-143,2018,RS,Governor,2018-05-04,Governor Signed,17
SB18-144,2018,RS,Senate,2018-01-29,"Introduced In Senate - Assigned to State, Veterans, & Military Affairs",1
SB18-144,2018,RS,Senate,2018-02-13,"Senate Committee on State, Veterans, & Military Affairs Refer Unamended to Senate Committee of the Whole",2
SB18-144,2018,RS,Senate,2018-02-16,Senate Second Reading Laid Over Daily - No Amendments,3
SB18-144,2018,RS,Senate,2018-02-20,Senate Second Reading Passed with Amendments - Floor,4
SB18-144,2018,RS,Senate,2018-02-21,Senate Third Reading Passed - No Amendments,5
SB18-144,2018,RS,House,2018-02-22,Introduced In House - Assigned to Transportation & Energy,6
SB18-144,2018,RS,House,2018-04-05,House Committee on Transportation & Energy Refer Amended to House Committee of the Whole,7
SB18-144,2018,RS,House,2018-04-10,House Second Reading Laid Over to 04/11/2018 - No Amendments,8
SB18-144,2018,RS,House,2018-04-11,House Second Reading Laid Over Daily - No Amendments,9
SB18-144,2018,RS,House,2018-04-12,"House Second Reading Special Order - Passed with Amendments - Committee, Floor",10
SB18-144,2018,RS,House,2018-04-13,House Third Reading Laid Over Daily - No Amendments,11
SB18-144,2018,RS,House,2018-04-16,House Third Reading Passed - No Amendments,12
SB18-144,2018,RS,Senate,2018-04-17,Senate Considered House Amendments - Result was to Laid Over Daily,13
SB18-144,2018,RS,Senate,2018-04-18,Senate Considered House Amendments - Result was to Concur - Repass,14
SB18-144,2018,RS,Senate,2018-04-25,Signed by the President of the Senate,15
SB18-144,2018,RS,House,2018-04-26,Signed by the Speaker of the House,16
SB18-144,2018,RS,Governor,2018-04-26,Sent to the Governor,17
SB18-144,2018,RS,Governor,2018-05-03,Governor Signed,18
SB18-145,2018,RS,Senate,2018-01-29,"Introduced In Senate - Assigned to Business, Labor, & Technology",1
SB18-145,2018,RS,Senate,2018-02-28,"Senate Committee on Business, Labor, & Technology Refer Amended to Appropriations",2
SB18-145,2018,RS,Senate,2018-04-10,Senate Committee on Appropriations Refer Amended to Senate Committee of the Whole,3
SB18-145,2018,RS,Senate,2018-04-13,Senate Second Reading Laid Over Daily - No Amendments,4
SB18-145,2018,RS,Senate,2018-04-16,Senate Second Reading Passed with Amendments - Committee,5
SB18-145,2018,RS,Senate,2018-04-17,Senate Third Reading Passed - No Amendments,6
SB18-145,2018,RS,House,2018-04-20,Introduced In House - Assigned to Public Health Care & Human Services,7
SB18-145,2018,RS,House,2018-05-01,House Committee on Public Health Care & Human Services Refer Unamended to Appropriations,8
SB18-145,2018,RS,House,2018-05-04,House Committee on Appropriations Refer Amended to House Committee of the Whole,9
SB18-145,2018,RS,House,2018-05-04,House Second Reading Special Order - Passed with Amendments - Committee,10
SB18-145,2018,RS,House,2018-05-07,House Third Reading Passed - No Amendments,11
SB18-145,2018,RS,Senate,2018-05-07,Senate Considered House Amendments - Result was to Concur - Repass,12
SB18-145,2018,RS,Senate,2018-05-16,Signed by the President of the Senate,13
SB18-145,2018,RS,House,2018-05-16,Signed by the Speaker of the House,14
SB18-145,2018,RS,Governor,2018-05-16,Sent to the Governor,15
SB18-145,2018,RS,Governor,2018-05-18,Governor Signed,16
SB18-146,2018,RS,Senate,2018-01-29,Introduced In Senate - Assigned to Health & Human Services,1
SB18-146,2018,RS,Senate,2018-02-14,Senate Committee on Health & Human Services Refer Amended to Finance,2
SB18-146,2018,RS,Senate,2018-02-20,Senate Committee on Finance Refer Unamended to Appropriations,3
SB18-146,2018,RS,Senate,2018-02-27,Senate Committee on Appropriations Refer Amended to Senate Committee of the Whole,4
SB18-146,2018,RS,Senate,2018-03-01,"Senate Second Reading Passed with Amendments - Committee, Floor",5
SB18-146,2018,RS,Senate,2018-03-02,Senate Third Reading Laid Over Daily - No Amendments,6
SB18-146,2018,RS,Senate,2018-03-05,Senate Third Reading Passed - No Amendments,7
SB18-146,2018,RS,House,2018-03-05,"Introduced In House - Assigned to Health, Insurance, & Environment",8
SB18-146,2018,RS,House,2018-03-15,"House Committee on Health, Insurance, & Environment Refer Amended to Finance",9
SB18-146,2018,RS,House,2018-03-26,House Committee on Finance Refer Unamended to Appropriations,10
SB18-146,2018,RS,House,2018-04-06,House Committee on Appropriations Refer Unamended to House Committee of the Whole,11
SB18-146,2018,RS,House,2018-04-06,House Second Reading Special Order - Passed with Amendments - Committee,12
SB18-146,2018,RS,House,2018-04-09,House Third Reading Passed - No Amendments,13
SB18-146,2018,RS,Senate,2018-04-10,Senate Considered House Amendments - Result was to Concur - Repass,14
SB18-146,2018,RS,Senate,2018-04-17,Signed by the President of the Senate,15
SB18-146,2018,RS,House,2018-04-18,Signed by the Speaker of the House,16
SB18-146,2018,RS,Governor,2018-04-18,Sent to the Governor,17
SB18-146,2018,RS,Governor,2018-04-25,Governor Signed,18
SB18-147,2018,RS,Senate,2018-01-29,Introduced In Senate - Assigned to Finance,1
SB18-147,2018,RS,Senate,2018-02-13,Senate Committee on Finance Postpone Indefinitely,2
SB18-148,2018,RS,Senate,2018-01-29,Introduced In Senate - Assigned to Health & Human Services,1
SB18-148,2018,RS,Senate,2018-02-08,Senate Committee on Health & Human Services Refer Unamended to Senate Committee of the Whole,2
SB18-148,2018,RS,Senate,2018-02-13,Senate Second Reading Passed - No Amendments,3
SB18-148,2018,RS,Senate,2018-02-14,Senate Third Reading Passed - No Amendments,4
SB18-148,2018,RS,House,2018-02-14,Introduced In House - Assigned to Public Health Care & Human Services,5
SB18-148,2018,RS,House,2018-02-20,House Committee on Public Health Care & Human Services Refer Unamended to House Committee of the Whole,6
SB18-148,2018,RS,House,2018-02-23,House Second Reading Passed - No Amendments,7
SB18-148,2018,RS,House,2018-02-26,House Third Reading Laid Over to 02/27/2018 - No Amendments,8
SB18-148,2018,RS,House,2018-02-27,House Third Reading Passed - No Amendments,9
SB18-148,2018,RS,Senate,2018-03-01,Signed by the President of the Senate,10
SB18-148,2018,RS,House,2018-03-02,Signed by the Speaker of the House,11
SB18-148,2018,RS,Governor,2018-03-02,Sent to the Governor,12
SB18-148,2018,RS,Governor,2018-03-07,Governor Signed,13
SB18-149,2018,RS,Senate,2018-01-29,Introduced In Senate - Assigned to Health & Human Services,1
SB18-149,2018,RS,Senate,2018-02-14,Senate Committee on Health & Human Services Refer Unamended - Consent Calendar to Senate Committee of the Whole,2
SB18-149,2018,RS,Senate,2018-02-20,Senate Second Reading Passed - No Amendments,3
SB18-149,2018,RS,Senate,2018-02-21,Senate Third Reading Passed - No Amendments,4
SB18-149,2018,RS,House,2018-02-22,"Introduced In House - Assigned to Health, Insurance, & Environment",5
SB18-149,2018,RS,House,2018-03-22,"House Committee on Health, Insurance, & Environment Refer Amended to House Committee of the Whole",6
SB18-149,2018,RS,House,2018-03-27,House Second Reading Laid Over to 03/28/2018 - No Amendments,7
SB18-149,2018,RS,House,2018-03-28,House Second Reading Laid Over to 03/29/2018 - No Amendments,8
SB18-149,2018,RS,House,2018-03-29,House Second Reading Laid Over to 04/02/2018 - No Amendments,9
SB18-149,2018,RS,House,2018-04-02,House Second Reading Passed with Amendments - Committee,10
SB18-149,2018,RS,House,2018-04-03,House Third Reading Passed - No Amendments,11
SB18-149,2018,RS,Senate,2018-04-04,Senate Considered House Amendments - Result was to Concur - Repass,12
SB18-149,2018,RS,Senate,2018-04-11,Signed by the President of the Senate,13
SB18-149,2018,RS,Governor,2018-04-13,Sent to the Governor,14
SB18-149,2018,RS,House,2018-04-13,Signed by the Speaker of the House,15
SB18-149,2018,RS,Governor,2018-04-23,Governor Signed,16
SB18-150,2018,RS,Senate,2018-01-29,"Introduced In Senate - Assigned to State, Veterans, & Military Affairs",1
SB18-150,2018,RS,Senate,2018-02-13,"Senate Committee on State, Veterans, & Military Affairs Postpone Indefinitely",2
SB18-150,2018,RS,Senate,2018-02-14,"Senate Committee on State, Veterans, & Military Affairs Reconsider to State, Veterans, & Military Affairs",3
SB18-150,2018,RS,Senate,2018-02-14,"Senate Committee on State, Veterans, & Military Affairs Refer Amended to Appropriations",4
SB18-150,2018,RS,Senate,2018-04-11,Senate Committee on Appropriations Refer Amended to Senate Committee of the Whole,5
SB18-150,2018,RS,Senate,2018-04-13,Senate Second Reading Laid Over Daily - No Amendments,6
SB18-150,2018,RS,Senate,2018-04-16,Senate Second Reading Passed with Amendments - Committee,7
SB18-150,2018,RS,Senate,2018-04-17,Senate Third Reading Passed - No Amendments,8
SB18-150,2018,RS,House,2018-04-18,"Introduced In House - Assigned to State, Veterans, & Military Affairs",9
SB18-150,2018,RS,House,2018-04-26,"House Committee on State, Veterans, & Military Affairs Refer Unamended to Appropriations",10
SB18-150,2018,RS,House,2018-04-27,House Committee on Appropriations Refer Unamended to House Committee of the Whole,11
SB18-150,2018,RS,House,2018-04-27,House Second Reading Special Order - Passed - No Amendments,12
SB18-150,2018,RS,House,2018-04-30,House Third Reading Passed - No Amendments,13
SB18-150,2018,RS,Senate,2018-05-11,Signed by the President of the Senate,14
SB18-150,2018,RS,House,2018-05-11,Signed by the Speaker of the House,15
SB18-150,2018,RS,Governor,2018-05-11,Sent to the Governor,16
SB18-150,2018,RS,Governor,2018-05-29,Governor Signed,17
SB18-151,2018,RS,Senate,2018-01-29,Introduced In Senate - Assigned to Education,1
SB18-151,2018,RS,Senate,2018-02-14,Senate Committee on Education Refer Amended to Senate Committee of the Whole,2
SB18-151,2018,RS,Senate,2018-02-20,Senate Second Reading Laid Over Daily - No Amendments,3
SB18-151,2018,RS,Senate,2018-02-21,Senate Second Reading Passed with Amendments - Committee,4
SB18-151,2018,RS,Senate,2018-02-22,Senate Third Reading Passed - No Amendments,5
SB18-151,2018,RS,House,2018-02-23,Introduced In House - Assigned to Education,6
SB18-151,2018,RS,House,2018-03-19,House Committee on Education Refer Amended to House Committee of the Whole,7
SB18-151,2018,RS,House,2018-03-22,House Second Reading Laid Over to 03/23/2018 - No Amendments,8
SB18-151,2018,RS,House,2018-03-23,House Second Reading Laid Over to 03/26/2018 - No Amendments,9
SB18-151,2018,RS,House,2018-03-26,"House Second Reading Passed with Amendments - Committee, Floor",10
SB18-151,2018,RS,House,2018-03-27,House Third Reading Laid Over to 03/28/2018 - No Amendments,11
SB18-151,2018,RS,House,2018-03-28,House Third Reading Laid Over to 03/29/2018 - No Amendments,12
SB18-151,2018,RS,House,2018-03-29,House Third Reading Laid Over to 04/02/2018 - No Amendments,13
SB18-151,2018,RS,House,2018-04-02,House Third Reading Passed with Amendments - Floor,14
SB18-151,2018,RS,Senate,2018-04-03,Senate Considered House Amendments - Result was to Adhere,15
SB18-151,2018,RS,House,2018-04-09,House Considered Senate Adherence - Result was to Recede,16
SB18-151,2018,RS,Senate,2018-04-12,Signed by the President of the Senate,17
SB18-151,2018,RS,House,2018-04-17,Signed by the Speaker of the House,18
SB18-151,2018,RS,Governor,2018-04-17,Sent to the Governor,19
SB18-151,2018,RS,Governor,2018-04-23,Governor Signed,20
SB18-152,2018,RS,Senate,2018-01-29,"Introduced In Senate - Assigned to State, Veterans, & Military Affairs",1
SB18-152,2018,RS,Senate,2018-02-14,"Senate Committee on State, Veterans, & Military Affairs Postpone Indefinitely",2
SB18-153,2018,RS,Senate,2018-01-29,"Introduced In Senate - Assigned to State, Veterans, & Military Affairs",1
SB18-153,2018,RS,Senate,2018-02-12,"Senate Committee on State, Veterans, & Military Affairs Witness Testimony and/or Committee Discussion Only",2
SB18-153,2018,RS,Senate,2018-02-14,"Senate Committee on State, Veterans, & Military Affairs Postpone Indefinitely",3
SB18-154,2018,RS,Senate,2018-01-29,Introduced In Senate - Assigned to Judiciary,1
SB18-154,2018,RS,Senate,2018-02-12,Senate Committee on Judiciary Refer Unamended - Consent Calendar to Senate Committee of the Whole,2
SB18-154,2018,RS,Senate,2018-02-15,Senate Second Reading Passed - No Amendments,3
SB18-154,2018,RS,Senate,2018-02-16,Senate Third Reading Passed - No Amendments,4
SB18-154,2018,RS,House,2018-02-21,Introduced In House - Assigned to Judiciary,5
SB18-154,2018,RS,House,2018-04-03,House Committee on Judiciary Refer Amended to House Committee of the Whole,6
SB18-154,2018,RS,House,2018-04-06,House Second Reading Special Order - Passed with Amendments - Committee,7
SB18-154,2018,RS,House,2018-04-09,House Third Reading Passed - No Amendments,8
SB18-154,2018,RS,Senate,2018-04-10,Senate Considered House Amendments - Result was to Concur - Repass,9
SB18-154,2018,RS,Senate,2018-04-17,Signed by the President of the Senate,10
SB18-154,2018,RS,House,2018-04-18,Signed by the Speaker of the House,11
SB18-154,2018,RS,Governor,2018-04-18,Sent to the Governor,12
SB18-154,2018,RS,Governor,2018-04-25,Governor Signed,13
SB18-155,2018,RS,Senate,2018-01-29,"Introduced In Senate - Assigned to State, Veterans, & Military Affairs",1
SB18-155,2018,RS,Senate,2018-02-14,"Senate Committee on State, Veterans, & Military Affairs Postpone Indefinitely",2
SB18-156,2018,RS,Senate,2018-01-29,"Introduced In Senate - Assigned to State, Veterans, & Military Affairs",1
SB18-156,2018,RS,Senate,2018-02-14,"Senate Committee on State, Veterans, & Military Affairs Refer Amended to Senate Committee of the Whole",2
SB18-156,2018,RS,Senate,2018-02-20,Senate Second Reading Laid Over Daily - No Amendments,3
SB18-156,2018,RS,Senate,2018-02-22,Senate Second Reading Passed with Amendments - Committee,4
SB18-156,2018,RS,Senate,2018-02-23,Senate Third Reading Laid Over to 02/27/2018 - No Amendments,5
SB18-156,2018,RS,Senate,2018-02-27,Senate Third Reading Passed - No Amendments,6
SB18-156,2018,RS,House,2018-03-02,"Introduced In House - Assigned to State, Veterans, & Military Affairs",7
SB18-156,2018,RS,House,2018-03-14,"House Committee on State, Veterans, & Military Affairs Witness Testimony and/or Committee Discussion Only",8
SB18-156,2018,RS,House,2018-04-04,"House Committee on State, Veterans, & Military Affairs Refer Amended to House Committee of the Whole",9
SB18-156,2018,RS,House,2018-04-09,House Second Reading Laid Over to 04/10/2018 - No Amendments,10
SB18-156,2018,RS,House,2018-04-10,House Second Reading Laid Over to 04/11/2018 - No Amendments,11
SB18-156,2018,RS,House,2018-04-11,House Second Reading Laid Over Daily - No Amendments,12
SB18-156,2018,RS,House,2018-04-12,House Second Reading Special Order - Laid Over to 04/13/2018 - No Amendments,13
SB18-156,2018,RS,House,2018-04-13,House Second Reading Special Order - Laid Over to 04/16/2018 - No Amendments,14
SB18-156,2018,RS,House,2018-04-17,House Second Reading Laid Over to 04/18/2018 - No Amendments,15
SB18-156,2018,RS,House,2018-04-18,House Second Reading Laid Over to 04/19/2018 - No Amendments,16
SB18-156,2018,RS,House,2018-04-23,House Second Reading Laid Over to 04/24/2018 - No Amendments,17
SB18-156,2018,RS,House,2018-04-24,House Second Reading Special Order - Passed with Amendments - Committee,18
SB18-156,2018,RS,House,2018-04-25,House Third Reading Laid Over to 04/26/2018 - No Amendments,19
SB18-156,2018,RS,House,2018-04-26,House Third Reading Passed - No Amendments,20
SB18-156,2018,RS,Senate,2018-04-27,Senate Considered House Amendments - Result was to Concur - Repass,21
SB18-156,2018,RS,Senate,2018-05-09,Signed by the President of the Senate,22
SB18-156,2018,RS,House,2018-05-11,Signed by the Speaker of the House,23
SB18-156,2018,RS,Governor,2018-05-11,Sent to the Governor,24
SB18-156,2018,RS,Governor,2018-06-05,Governor Vetoed,25
SB18-157,2018,RS,Senate,2018-01-31,"Introduced In Senate - Assigned to State, Veterans, & Military Affairs",1
SB18-157,2018,RS,Senate,2018-02-26,"Senate Committee on State, Veterans, & Military Affairs Postpone Indefinitely",2
SB18-158,2018,RS,Senate,2018-02-05,Introduced In Senate - Assigned to Education,1
SB18-158,2018,RS,Senate,2018-02-14,Senate Committee on Education Refer Amended to Appropriations,2
SB18-158,2018,RS,Senate,2018-04-03,Senate Committee on Appropriations Refer Amended to Senate Committee of the Whole,3
SB18-158,2018,RS,Senate,2018-04-04,Senate Second Reading Special Order - Laid Over Daily - No Amendments,4
SB18-158,2018,RS,Senate,2018-04-05,"Senate Second Reading Passed with Amendments - Committee, Floor",5
SB18-158,2018,RS,Senate,2018-04-06,Senate Third Reading Passed - No Amendments,6
SB18-158,2018,RS,House,2018-04-11,Introduced In House - Assigned to Education,7
SB18-158,2018,RS,House,2018-04-23,House Committee on Education Refer Unamended to Appropriations,8
SB18-158,2018,RS,House,2018-04-24,House Committee on Appropriations Refer Amended to House Committee of the Whole,9
SB18-158,2018,RS,House,2018-04-24,House Second Reading Special Order - Passed with Amendments - Committee,10
SB18-158,2018,RS,House,2018-04-25,House Third Reading Laid Over to 04/26/2018 - No Amendments,11
SB18-158,2018,RS,House,2018-04-26,House Third Reading Passed - No Amendments,12
SB18-158,2018,RS,Senate,2018-04-27,Senate Considered House Amendments - Result was to Concur - Repass,13
SB18-158,2018,RS,Senate,2018-05-09,Signed by the President of the Senate,14
SB18-158,2018,RS,House,2018-05-11,Signed by the Speaker of the House,15
SB18-158,2018,RS,Governor,2018-05-11,Sent to the Governor,16
SB18-158,2018,RS,Governor,2018-05-16,Governor Signed,17
SB18-159,2018,RS,Senate,2018-02-05,Introduced In Senate - Assigned to Education,1
SB18-159,2018,RS,Senate,2018-03-22,Senate Committee on Education Postpone Indefinitely,2
SB18-160,2018,RS,Senate,2018-02-05,Introduced In Senate - Assigned to Education,1
SB18-160,2018,RS,Senate,2018-02-14,Senate Committee on Education Refer Unamended to Senate Committee of the Whole,2
SB18-160,2018,RS,Senate,2018-02-20,Senate Second Reading Laid Over Daily - No Amendments,3
SB18-160,2018,RS,Senate,2018-02-21,Senate Second Reading Passed - No Amendments,4
SB18-160,2018,RS,Senate,2018-02-22,Senate Third Reading Passed - No Amendments,5
SB18-160,2018,RS,House,2018-02-27,Introduced In House - Assigned to Education,6
SB18-160,2018,RS,House,2018-03-14,House Committee on Education Refer Unamended to House Committee of the Whole,7
SB18-160,2018,RS,House,2018-03-19,House Second Reading Passed - No Amendments,8
SB18-160,2018,RS,House,2018-03-20,House Third Reading Passed - No Amendments,9
SB18-160,2018,RS,Senate,2018-03-28,Signed by the President of the Senate,10
SB18-160,2018,RS,House,2018-03-29,Signed by the Speaker of the House,11
SB18-160,2018,RS,Governor,2018-03-29,Sent to the Governor,12
SB18-160,2018,RS,Governor,2018-04-02,Governor Signed,13
SB18-161,2018,RS,Senate,2018-02-05,Introduced In Senate - Assigned to Health & Human Services,1
SB18-161,2018,RS,Senate,2018-02-15,Senate Committee on Health & Human Services Refer Unamended - Consent Calendar to Senate Committee of the Whole,2
SB18-161,2018,RS,Senate,2018-02-21,Senate Second Reading Passed - No Amendments,3
SB18-161,2018,RS,Senate,2018-02-22,Senate Third Reading Passed - No Amendments,4
SB18-161,2018,RS,House,2018-02-27,Introduced In House - Assigned to Public Health Care & Human Services,5
SB18-161,2018,RS,House,2018-03-20,House Committee on Public Health Care & Human Services Refer Unamended to House Committee of the Whole,6
SB18-161,2018,RS,House,2018-03-23,House Second Reading Laid Over to 03/26/2018 - No Amendments,7
SB18-161,2018,RS,House,2018-03-26,House Second Reading Laid Over to 03/27/2018 - No Amendments,8
SB18-161,2018,RS,House,2018-03-27,House Second Reading Laid Over to 03/28/2018 - No Amendments,9
SB18-161,2018,RS,House,2018-03-28,House Second Reading Laid Over to 03/29/2018 - No Amendments,10
SB18-161,2018,RS,House,2018-03-29,House Second Reading Laid Over to 04/02/2018 - No Amendments,11
SB18-161,2018,RS,House,2018-04-02,House Second Reading Passed - No Amendments,12
SB18-161,2018,RS,House,2018-04-03,House Third Reading Passed - No Amendments,13
SB18-161,2018,RS,Senate,2018-04-06,Signed by the President of the Senate,14
SB18-161,2018,RS,House,2018-04-06,Signed by the Speaker of the House,15
SB18-161,2018,RS,Governor,2018-04-09,Sent to the Governor,16
SB18-161,2018,RS,Governor,2018-04-12,Governor Signed,17
SB18-162,2018,RS,Senate,2018-02-05,Introduced In Senate - Assigned to Health & Human Services,1
SB18-162,2018,RS,Senate,2018-02-08,Senate Committee on Health & Human Services Refer Unamended to Senate Committee of the Whole,2
SB18-162,2018,RS,Senate,2018-02-13,Senate Second Reading Passed - No Amendments,3
SB18-162,2018,RS,Senate,2018-02-14,Senate Third Reading Passed - No Amendments,4
SB18-162,2018,RS,House,2018-02-15,Introduced In House - Assigned to Public Health Care & Human Services,5
SB18-162,2018,RS,House,2018-02-27,House Committee on Public Health Care & Human Services Witness Testimony and/or Committee Discussion Only,6
SB18-162,2018,RS,House,2018-03-20,House Committee on Public Health Care & Human Services Refer Unamended to House Committee of the Whole,7
SB18-162,2018,RS,House,2018-03-23,House Second Reading Laid Over to 03/26/2018 - No Amendments,8
SB18-162,2018,RS,House,2018-03-26,House Second Reading Passed - No Amendments,9
SB18-162,2018,RS,House,2018-03-27,House Third Reading Laid Over to 03/28/2018 - No Amendments,10
SB18-162,2018,RS,House,2018-03-28,House Third Reading Laid Over to 03/29/2018 - No Amendments,11
SB18-162,2018,RS,House,2018-03-29,House Third Reading Laid Over to 04/02/2018 - No Amendments,12
SB18-162,2018,RS,House,2018-04-02,House Third Reading Passed - No Amendments,13
SB18-162,2018,RS,Senate,2018-04-06,Signed by the President of the Senate,14
SB18-162,2018,RS,House,2018-04-06,Signed by the Speaker of the House,15
SB18-162,2018,RS,Governor,2018-04-09,Sent to the Governor,16
SB18-162,2018,RS,Governor,2018-04-12,Governor Signed,17
SB18-163,2018,RS,Senate,2018-02-05,Introduced In Senate - Assigned to Health & Human Services,1
SB18-163,2018,RS,Senate,2018-02-14,Senate Committee on Health & Human Services Refer Unamended to Appropriations,2
SB18-163,2018,RS,Senate,2018-04-17,Senate Committee on Appropriations Refer Amended to Senate Committee of the Whole,3
SB18-163,2018,RS,Senate,2018-04-19,Senate Second Reading Passed with Amendments - Committee,4
SB18-163,2018,RS,Senate,2018-04-20,Senate Third Reading Laid Over Daily - No Amendments,5
SB18-163,2018,RS,Senate,2018-04-23,Senate Third Reading Passed - No Amendments,6
SB18-163,2018,RS,House,2018-04-23,Introduced In House - Assigned to Legislative Council + Education,7
SB18-163,2018,RS,House,2018-04-26,House Committee on Legislative Council Refer Unamended to Education,8
SB18-163,2018,RS,House,2018-04-30,House Committee on Education Refer Amended to Appropriations,9
SB18-163,2018,RS,House,2018-05-02,House Committee on Appropriations Refer Amended to House Committee of the Whole,10
SB18-163,2018,RS,House,2018-05-02,House Second Reading Special Order - Passed with Amendments - Committee,11
SB18-163,2018,RS,House,2018-05-03,House Third Reading Passed - No Amendments,12
SB18-163,2018,RS,Senate,2018-05-03,Senate Considered House Amendments - Result was to Not Concur - Request Conference Committee,13
SB18-163,2018,RS,Senate,2018-05-04,Senate Consideration of First Conference Committee Report result was to Reconsider - CCR not produced,14
SB18-163,2018,RS,Senate,2018-05-04,Senate Considered House Amendments - Result was to Concur - Repass,15
SB18-163,2018,RS,Senate,2018-05-11,Signed by the President of the Senate,16
SB18-163,2018,RS,House,2018-05-11,Signed by the Speaker of the House,17
SB18-163,2018,RS,Governor,2018-05-11,Sent to the Governor,18
SB18-163,2018,RS,Governor,2018-05-30,Governor Signed,19
SB18-164,2018,RS,Senate,2018-02-05,Introduced In Senate - Assigned to Health & Human Services,1
SB18-164,2018,RS,Senate,2018-02-08,Senate Committee on Health & Human Services Refer Amended - Consent Calendar to Senate Committee of the Whole,2
SB18-164,2018,RS,Senate,2018-02-13,Senate Second Reading Passed with Amendments - Committee,3
SB18-164,2018,RS,Senate,2018-02-14,Senate Third Reading Passed - No Amendments,4
SB18-164,2018,RS,House,2018-02-15,Introduced In House - Assigned to Public Health Care & Human Services,5
SB18-164,2018,RS,House,2018-02-27,House Committee on Public Health Care & Human Services Refer Unamended to House Committee of the Whole,6
SB18-164,2018,RS,House,2018-03-02,House Second Reading Laid Over to 03/05/2018 - No Amendments,7
SB18-164,2018,RS,House,2018-03-05,House Second Reading Passed - No Amendments,8
SB18-164,2018,RS,House,2018-03-06,House Third Reading Passed - No Amendments,9
SB18-164,2018,RS,Senate,2018-03-09,Signed by the President of the Senate,10
SB18-164,2018,RS,House,2018-03-12,Signed by the Speaker of the House,11
SB18-164,2018,RS,Governor,2018-03-12,Sent to the Governor,12
SB18-164,2018,RS,Governor,2018-03-15,Governor Signed,13
SB18-165,2018,RS,Senate,2018-02-05,Introduced In Senate - Assigned to Finance,1
SB18-165,2018,RS,Senate,2018-02-13,Senate Committee on Finance Refer Unamended - Consent Calendar to Senate Committee of the Whole,2
SB18-165,2018,RS,Senate,2018-02-16,Senate Second Reading Laid Over Daily - No Amendments,3
SB18-165,2018,RS,Senate,2018-02-21,Senate Second Reading Passed - No Amendments,4
SB18-165,2018,RS,Senate,2018-02-22,Senate Third Reading Passed - No Amendments,5
SB18-165,2018,RS,House,2018-02-27,Introduced In House - Assigned to Finance,6
SB18-165,2018,RS,House,2018-03-12,House Committee on Finance Refer Unamended to House Committee of the Whole,7
SB18-165,2018,RS,House,2018-03-15,House Second Reading Passed - No Amendments,8
SB18-165,2018,RS,House,2018-03-16,House Third Reading Passed - No Amendments,9
SB18-165,2018,RS,Senate,2018-03-21,Signed by the President of the Senate,10
SB18-165,2018,RS,House,2018-03-22,Signed by the Speaker of the House,11
SB18-165,2018,RS,Governor,2018-03-22,Sent to the Governor,12
SB18-165,2018,RS,Governor,2018-04-02,Governor Signed,13
SB18-166,2018,RS,Senate,2018-02-05,Introduced In Senate - Assigned to Judiciary,1
SB18-166,2018,RS,Senate,2018-02-21,Senate Committee on Judiciary Refer Amended - Consent Calendar to Senate Committee of the Whole,2
SB18-166,2018,RS,Senate,2018-02-26,Senate Second Reading Laid Over Daily - No Amendments,3
SB18-166,2018,RS,Senate,2018-02-27,Senate Second Reading Laid Over to 03/01/2018 - No Amendments,4
SB18-166,2018,RS,Senate,2018-03-01,Senate Second Reading Laid Over to 03/05/2018 - No Amendments,5
SB18-166,2018,RS,Senate,2018-03-05,Senate Second Reading Laid Over to 03/08/2018 - No Amendments,6
SB18-166,2018,RS,Senate,2018-03-08,Senate Second Reading Laid Over to 03/15/2018 - No Amendments,7
SB18-166,2018,RS,Senate,2018-03-15,Senate Second Reading Laid Over to 03/20/2018 - No Amendments,8
SB18-166,2018,RS,Senate,2018-03-21,Senate Second Reading Laid Over to 03/23/2018 - No Amendments,9
SB18-166,2018,RS,Senate,2018-04-04,Senate Second Reading Laid Over to 04/06/2018 - No Amendments,10
SB18-166,2018,RS,Senate,2018-04-06,Senate Second Reading Laid Over to 04/10/2018 - No Amendments,11
SB18-166,2018,RS,Senate,2018-04-10,Senate Second Reading Passed with Amendments - Floor,12
SB18-166,2018,RS,Senate,2018-04-11,Senate Third Reading Passed - No Amendments,13
SB18-166,2018,RS,House,2018-04-12,Introduced In House - Assigned to Judiciary,14
SB18-166,2018,RS,House,2018-04-19,House Committee on Judiciary Refer Amended to House Committee of the Whole,15
SB18-166,2018,RS,House,2018-04-24,House Second Reading Special Order - Passed with Amendments - Committee,16
SB18-166,2018,RS,House,2018-04-25,House Third Reading Laid Over to 04/26/2018 - No Amendments,17
SB18-166,2018,RS,House,2018-04-26,House Third Reading Passed - No Amendments,18
SB18-166,2018,RS,Senate,2018-04-27,Senate Considered House Amendments - Result was to Laid Over Daily,19
SB18-166,2018,RS,Senate,2018-05-02,Senate Considered House Amendments - Result was to Laid Over to 05/07/2018,20
SB18-166,2018,RS,Senate,2018-05-07,Senate Considered House Amendments - Result was to Adhere,21
SB18-166,2018,RS,Senate,2018-05-09,House Considered Senate Adherence - Result was to Adhere,22
SB18-167,2018,RS,Senate,2018-02-12,Introduced In Senate - Assigned to Transportation,1
SB18-167,2018,RS,Senate,2018-02-22,Senate Committee on Transportation Refer Amended to Finance,2
SB18-167,2018,RS,Senate,2018-03-01,Senate Committee on Finance Refer Amended to Appropriations,3
SB18-167,2018,RS,Senate,2018-04-24,Senate Committee on Appropriations Refer Amended to Senate Committee of the Whole,4
SB18-167,2018,RS,Senate,2018-04-26,"Senate Second Reading Passed with Amendments - Committee, Floor",5
SB18-167,2018,RS,Senate,2018-04-27,Senate Third Reading Passed - No Amendments,6
SB18-167,2018,RS,House,2018-04-27,Introduced In House - Assigned to Finance,7
SB18-167,2018,RS,House,2018-04-30,House Committee on Finance Refer Amended to Appropriations,8
SB18-167,2018,RS,House,2018-05-02,House Committee on Appropriations Refer Unamended to House Committee of the Whole,9
SB18-167,2018,RS,House,2018-05-02,House Second Reading Special Order - Passed with Amendments - Committee,10
SB18-167,2018,RS,House,2018-05-03,House Third Reading Passed - No Amendments,11
SB18-167,2018,RS,Senate,2018-05-03,Senate Considered House Amendments - Result was to Concur - Repass,12
SB18-167,2018,RS,Senate,2018-05-11,Signed by the President of the Senate,13
SB18-167,2018,RS,House,2018-05-15,Signed by the Speaker of the House,14
SB18-167,2018,RS,Governor,2018-05-15,Sent to the Governor,15
SB18-167,2018,RS,Governor,2018-05-25,Governor Signed,16
SB18-168,2018,RS,Senate,2018-02-21,"Introduced In Senate - Assigned to Business, Labor, & Technology",1
SB18-168,2018,RS,Senate,2018-04-30,"Senate Committee on Business, Labor, & Technology Postpone Indefinitely",2
SB18-169,2018,RS,Senate,2018-02-21,Introduced In Senate - Assigned to Judiciary,1
SB18-169,2018,RS,Senate,2018-02-28,Senate Committee on Judiciary Refer Unamended - Consent Calendar to Senate Committee of the Whole,2
SB18-169,2018,RS,Senate,2018-03-05,Senate Second Reading Passed - No Amendments,3
SB18-169,2018,RS,Senate,2018-03-06,Senate Third Reading Laid Over to 03/08/2018 - No Amendments,4
SB18-169,2018,RS,Senate,2018-03-08,Senate Third Reading Passed - No Amendments,5
SB18-169,2018,RS,House,2018-03-13,Introduced In House - Assigned to Judiciary,6
SB18-169,2018,RS,House,2018-03-29,House Committee on Judiciary Refer Unamended to House Committee of the Whole,7
SB18-169,2018,RS,House,2018-04-04,House Second Reading Passed with Amendments - Floor,8
SB18-169,2018,RS,House,2018-04-05,House Third Reading Passed - No Amendments,9
SB18-169,2018,RS,Senate,2018-04-06,Senate Considered House Amendments - Result was to Concur - Repass,10
SB18-169,2018,RS,Senate,2018-04-17,Signed by the President of the Senate,11
SB18-169,2018,RS,House,2018-04-18,Signed by the Speaker of the House,12
SB18-169,2018,RS,Governor,2018-04-18,Sent to the Governor,13
SB18-169,2018,RS,Governor,2018-04-25,Governor Signed,14
SB18-170,2018,RS,Senate,2018-02-21,"Introduced In Senate - Assigned to Agriculture, Natural Resources, & Energy",1
SB18-170,2018,RS,Senate,2018-02-28,"Senate Committee on Agriculture, Natural Resources, & Energy Refer Amended to Senate Committee of the Whole",2
SB18-170,2018,RS,Senate,2018-03-05,Senate Second Reading Passed with Amendments - Committee,3
SB18-170,2018,RS,Senate,2018-03-06,Senate Third Reading Laid Over to 03/08/2018 - No Amendments,4
SB18-170,2018,RS,Senate,2018-03-08,Senate Third Reading Passed - No Amendments,5
SB18-170,2018,RS,House,2018-03-13,"Introduced In House - Assigned to Agriculture, Livestock, & Natural Resources",6
SB18-170,2018,RS,House,2018-03-19,"House Committee on Agriculture, Livestock, & Natural Resources Refer Unamended to House Committee of the Whole",7
SB18-170,2018,RS,House,2018-03-22,House Second Reading Laid Over to 03/23/2018 - No Amendments,8
SB18-170,2018,RS,House,2018-03-23,House Second Reading Laid Over to 03/26/2018 - No Amendments,9
SB18-170,2018,RS,House,2018-03-26,House Second Reading Passed - No Amendments,10
SB18-170,2018,RS,House,2018-03-27,House Third Reading Laid Over to 03/28/2018 - No Amendments,11
SB18-170,2018,RS,House,2018-03-28,House Third Reading Laid Over to 03/29/2018 - No Amendments,12
SB18-170,2018,RS,House,2018-03-29,House Third Reading Passed - No Amendments,13
SB18-170,2018,RS,Senate,2018-04-04,Signed by the President of the Senate,14
SB18-170,2018,RS,House,2018-04-06,Signed by the Speaker of the House,15
SB18-170,2018,RS,Governor,2018-04-09,Sent to the Governor,16
SB18-170,2018,RS,Governor,2018-04-12,Governor Signed,17
SB18-171,2018,RS,Senate,2018-02-21,"Introduced In Senate - Assigned to Business, Labor, & Technology",1
SB18-171,2018,RS,Senate,2018-02-28,"Senate Committee on Business, Labor, & Technology Refer Amended to Senate Committee of the Whole",2
SB18-171,2018,RS,Senate,2018-03-05,Senate Second Reading Laid Over Daily - No Amendments,3
SB18-171,2018,RS,Senate,2018-03-06,Senate Second Reading Laid Over to 03/08/2018 - No Amendments,4
SB18-171,2018,RS,Senate,2018-03-08,Senate Second Reading Passed with Amendments - Floor,5
SB18-171,2018,RS,Senate,2018-03-09,Senate Third Reading Laid Over Daily - No Amendments,6
SB18-171,2018,RS,Senate,2018-03-13,Senate Third Reading Passed - No Amendments,7
SB18-171,2018,RS,Senate,2018-03-13,Senate Third Reading Reconsidered - No Amendments,8
SB18-171,2018,RS,House,2018-03-16,Introduced In House - Assigned to Judiciary,9
SB18-171,2018,RS,House,2018-04-10,House Committee on Judiciary Refer Amended to House Committee of the Whole,10
SB18-171,2018,RS,House,2018-04-16,House Second Reading Laid Over to 04/23/2018 - No Amendments,11
SB18-171,2018,RS,House,2018-04-20,House Second Reading Laid Over to 04/25/2018 - No Amendments,12
SB18-171,2018,RS,House,2018-04-24,House Second Reading Laid Over to 04/26/2018 - No Amendments,13
SB18-171,2018,RS,House,2018-04-25,House Second Reading Laid Over to 04/30/2018 - No Amendments,14
SB18-171,2018,RS,House,2018-04-27,House Second Reading Laid Over to 05/01/2018 - No Amendments,15
SB18-171,2018,RS,House,2018-04-30,House Second Reading Laid Over to 05/02/2018 - No Amendments,16
SB18-171,2018,RS,House,2018-05-02,House Second Reading Laid Over Daily - No Amendments,17
SB18-171,2018,RS,House,2018-05-02,House Second Reading Laid Over to 05/10/2018 - No Amendments,18
SB18-172,2018,RS,Senate,2018-02-21,"Introduced In Senate - Assigned to Agriculture, Natural Resources, & Energy",1
SB18-172,2018,RS,Senate,2018-02-28,"Senate Committee on Agriculture, Natural Resources, & Energy Refer Amended to Senate Committee of the Whole",2
SB18-172,2018,RS,Senate,2018-03-05,Senate Second Reading Laid Over to 03/08/2018 - No Amendments,3
SB18-172,2018,RS,Senate,2018-03-08,Senate Second Reading Laid Over to 03/12/2018 - No Amendments,4
SB18-172,2018,RS,Senate,2018-03-12,"Senate Second Reading Passed with Amendments - Committee, Floor",5
SB18-172,2018,RS,Senate,2018-03-13,Senate Third Reading Passed - No Amendments,6
SB18-172,2018,RS,House,2018-03-14,Introduced In House - Assigned to Judiciary,7
SB18-172,2018,RS,House,2018-03-20,House Committee on Judiciary Refer Unamended to House Committee of the Whole,8
SB18-172,2018,RS,House,2018-03-23,House Second Reading Laid Over to 03/26/2018 - No Amendments,9
SB18-172,2018,RS,House,2018-03-26,House Second Reading Laid Over to 03/27/2018 - No Amendments,10
SB18-172,2018,RS,House,2018-03-27,House Second Reading Laid Over to 03/28/2018 - No Amendments,11
SB18-172,2018,RS,House,2018-03-28,House Second Reading Laid Over to 03/29/2018 - No Amendments,12
SB18-172,2018,RS,House,2018-03-29,House Second Reading Laid Over to 04/02/2018 - No Amendments,13
SB18-172,2018,RS,House,2018-04-02,House Second Reading Passed - No Amendments,14
SB18-172,2018,RS,House,2018-04-03,House Third Reading Passed - No Amendments,15
SB18-172,2018,RS,Senate,2018-04-10,Signed by the President of the Senate,16
SB18-172,2018,RS,House,2018-04-11,Signed by the Speaker of the House,17
SB18-172,2018,RS,Governor,2018-04-11,Sent to the Governor,18
SB18-172,2018,RS,Governor,2018-04-12,Governor Signed,19
SB18-173,2018,RS,Senate,2018-02-21,"Introduced In Senate - Assigned to Business, Labor, & Technology",1
SB18-173,2018,RS,Senate,2018-02-26,"Senate Committee on Business, Labor, & Technology Refer Unamended - Consent Calendar to Senate Committee of the Whole",2
SB18-173,2018,RS,Senate,2018-03-01,Senate Second Reading Passed - No Amendments,3
SB18-173,2018,RS,Senate,2018-03-02,Senate Third Reading Laid Over Daily - No Amendments,4
SB18-173,2018,RS,Senate,2018-03-05,Senate Third Reading Passed - No Amendments,5
SB18-173,2018,RS,House,2018-03-05,Introduced In House - Assigned to Business Affairs and Labor,6
SB18-173,2018,RS,House,2018-03-13,House Committee on Business Affairs and Labor Refer Unamended to House Committee of the Whole,7
SB18-173,2018,RS,House,2018-03-16,House Second Reading Special Order - Passed - No Amendments,8
SB18-173,2018,RS,House,2018-03-19,House Third Reading Passed - No Amendments,9
SB18-173,2018,RS,Senate,2018-03-23,Signed by the President of the Senate,10
SB18-173,2018,RS,House,2018-03-26,Signed by the Speaker of the House,11
SB18-173,2018,RS,Governor,2018-03-26,Sent to the Governor,12
SB18-173,2018,RS,Governor,2018-04-02,Governor Signed,13
SB18-174,2018,RS,Senate,2018-02-21,Introduced In Senate - Assigned to Local Government,1
SB18-174,2018,RS,Senate,2018-02-27,Senate Committee on Local Government Refer Unamended - Consent Calendar to Senate Committee of the Whole,2
SB18-174,2018,RS,Senate,2018-03-02,Senate Second Reading Passed - No Amendments,3
SB18-174,2018,RS,Senate,2018-03-05,Senate Third Reading Laid Over Daily - No Amendments,4
SB18-174,2018,RS,Senate,2018-03-06,Senate Third Reading Laid Over to 03/08/2018 - No Amendments,5
SB18-174,2018,RS,Senate,2018-03-13,Senate Third Reading Passed - No Amendments,6
SB18-174,2018,RS,House,2018-03-14,Introduced In House - Assigned to Public Health Care & Human Services,7
SB18-174,2018,RS,House,2018-03-27,House Committee on Public Health Care & Human Services Refer Amended to House Committee of the Whole,8
SB18-174,2018,RS,House,2018-03-29,House Second Reading Laid Over to 04/02/2018 - No Amendments,9
SB18-174,2018,RS,House,2018-04-02,House Second Reading Passed with Amendments - Committee,10
SB18-174,2018,RS,House,2018-04-03,House Third Reading Passed - No Amendments,11
SB18-174,2018,RS,Senate,2018-04-04,Senate Considered House Amendments - Result was to Concur - Repass,12
SB18-174,2018,RS,Senate,2018-04-12,Signed by the President of the Senate,13
SB18-174,2018,RS,House,2018-04-17,Signed by the Speaker of the House,14
SB18-174,2018,RS,Governor,2018-04-17,Sent to the Governor,15
SB18-174,2018,RS,Governor,2018-04-23,Governor Signed,16
SB18-175,2018,RS,Senate,2018-02-21,"Introduced In Senate - Assigned to Business, Labor, & Technology",1
SB18-175,2018,RS,Senate,2018-02-28,"Senate Committee on Business, Labor, & Technology Refer Amended to Senate Committee of the Whole",2
SB18-175,2018,RS,Senate,2018-03-05,Senate Second Reading Laid Over Daily - No Amendments,3
SB18-175,2018,RS,Senate,2018-03-06,Senate Second Reading Laid Over to 03/08/2018 - No Amendments,4
SB18-175,2018,RS,Senate,2018-03-08,Senate Second Reading Laid Over to 03/12/2018 - No Amendments,5
SB18-175,2018,RS,Senate,2018-03-12,Senate Second Reading Passed with Amendments - Committee,6
SB18-175,2018,RS,Senate,2018-03-13,Senate Third Reading Passed - No Amendments,7
SB18-175,2018,RS,House,2018-03-14,"Introduced In House - Assigned to State, Veterans, & Military Affairs",8
SB18-175,2018,RS,House,2018-04-11,"House Committee on State, Veterans, & Military Affairs Postpone Indefinitely",9
SB18-176,2018,RS,Senate,2018-02-21,"Introduced In Senate - Assigned to Agriculture, Natural Resources, & Energy",1
SB18-176,2018,RS,Senate,2018-02-28,"Senate Committee on Agriculture, Natural Resources, & Energy Refer Unamended - Consent Calendar to Senate Committee of the Whole",2
SB18-176,2018,RS,Senate,2018-03-05,Senate Second Reading Passed - No Amendments,3
SB18-176,2018,RS,Senate,2018-03-06,Senate Third Reading Laid Over to 03/08/2018 - No Amendments,4
SB18-176,2018,RS,Senate,2018-03-08,Senate Third Reading Passed - No Amendments,5
SB18-176,2018,RS,House,2018-03-12,"Introduced In House - Assigned to Agriculture, Livestock, & Natural Resources",6
SB18-176,2018,RS,House,2018-03-19,"House Committee on Agriculture, Livestock, & Natural Resources Refer Unamended to House Committee of the Whole",7
SB18-176,2018,RS,House,2018-03-22,House Second Reading Laid Over to 03/23/2018 - No Amendments,8
SB18-176,2018,RS,House,2018-03-23,House Second Reading Laid Over to 03/26/2018 - No Amendments,9
SB18-176,2018,RS,House,2018-03-26,House Second Reading Passed - No Amendments,10
SB18-176,2018,RS,House,2018-03-27,House Third Reading Laid Over to 03/28/2018 - No Amendments,11
SB18-176,2018,RS,House,2018-03-28,House Third Reading Laid Over to 03/29/2018 - No Amendments,12
SB18-176,2018,RS,House,2018-03-29,House Third Reading Laid Over to 04/02/2018 - No Amendments,13
SB18-176,2018,RS,House,2018-04-02,House Third Reading Passed - No Amendments,14
SB18-176,2018,RS,Senate,2018-04-10,Signed by the President of the Senate,15
SB18-176,2018,RS,House,2018-04-11,Signed by the Speaker of the House,16
SB18-176,2018,RS,Governor,2018-04-11,Sent to the Governor,17
SB18-176,2018,RS,Governor,2018-04-12,Governor Signed,18
SB18-177,2018,RS,Senate,2018-02-21,Introduced In Senate - Assigned to Education,1
SB18-177,2018,RS,Senate,2018-03-08,Senate Committee on Education Refer Unamended to Senate Committee of the Whole,2
SB18-177,2018,RS,Senate,2018-03-14,Senate Second Reading Passed - No Amendments,3
SB18-177,2018,RS,Senate,2018-03-15,Senate Third Reading Passed - No Amendments,4
SB18-177,2018,RS,House,2018-03-20,Introduced In House - Assigned to Education,5
SB18-177,2018,RS,House,2018-04-11,House Committee on Education Refer Unamended to House Committee of the Whole,6
SB18-177,2018,RS,House,2018-04-16,House Second Reading Laid Over Daily - No Amendments,7
SB18-177,2018,RS,House,2018-04-18,House Second Reading Passed - No Amendments,8
SB18-177,2018,RS,House,2018-04-19,House Third Reading Passed - No Amendments,9
SB18-177,2018,RS,Senate,2018-04-25,Signed by the President of the Senate,10
SB18-177,2018,RS,House,2018-04-26,Signed by the Speaker of the House,11
SB18-177,2018,RS,Governor,2018-04-26,Sent to the Governor,12
SB18-177,2018,RS,Governor,2018-05-03,Governor Signed,13
SB18-178,2018,RS,Senate,2018-02-21,"Introduced In Senate - Assigned to Business, Labor, & Technology",1
SB18-178,2018,RS,Senate,2018-03-21,"Senate Committee on Business, Labor, & Technology Refer Amended - Consent Calendar to Senate Committee of the Whole",2
SB18-178,2018,RS,Senate,2018-03-26,Senate Second Reading Passed with Amendments - Committee,3
SB18-178,2018,RS,Senate,2018-03-27,Senate Third Reading Passed - No Amendments,4
SB18-178,2018,RS,House,2018-04-02,Introduced In House - Assigned to Business Affairs and Labor,5
SB18-178,2018,RS,House,2018-04-10,House Committee on Business Affairs and Labor Refer Unamended to House Committee of the Whole,6
SB18-178,2018,RS,House,2018-04-13,House Second Reading Special Order - Laid Over Daily - No Amendments,7
SB18-178,2018,RS,House,2018-04-18,House Second Reading Passed - No Amendments,8
SB18-178,2018,RS,House,2018-04-19,House Third Reading Passed - No Amendments,9
SB18-178,2018,RS,Senate,2018-04-25,Signed by the President of the Senate,10
SB18-178,2018,RS,House,2018-04-26,Signed by the Speaker of the House,11
SB18-178,2018,RS,Governor,2018-04-26,Sent to the Governor,12
SB18-178,2018,RS,Governor,2018-05-04,Governor Signed,13
SB18-179,2018,RS,Senate,2018-02-21,Introduced In Senate - Assigned to Finance,1
SB18-179,2018,RS,Senate,2018-02-27,Senate Committee on Finance Refer Unamended to Senate Committee of the Whole,2
SB18-179,2018,RS,Senate,2018-03-02,Senate Second Reading Passed with Amendments - Floor,3
SB18-179,2018,RS,Senate,2018-03-05,Senate Third Reading Passed - No Amendments,4
SB18-179,2018,RS,House,2018-03-08,Introduced In House - Assigned to Finance,5
SB18-179,2018,RS,House,2018-03-19,House Committee on Finance Refer Unamended to House Committee of the Whole,6
SB18-179,2018,RS,House,2018-03-20,House Second Reading Laid Over to 03/23/2018 - No Amendments,7
SB18-179,2018,RS,House,2018-03-23,House Second Reading Laid Over to 03/26/2018 - No Amendments,8
SB18-179,2018,RS,House,2018-03-26,House Second Reading Laid Over to 03/27/2018 - No Amendments,9
SB18-179,2018,RS,House,2018-03-27,House Second Reading Laid Over to 03/28/2018 - No Amendments,10
SB18-179,2018,RS,House,2018-03-28,House Second Reading Laid Over to 03/29/2018 - No Amendments,11
SB18-179,2018,RS,House,2018-03-29,House Second Reading Laid Over to 04/02/2018 - No Amendments,12
SB18-179,2018,RS,House,2018-04-02,House Second Reading Laid Over to 04/05/2018 - No Amendments,13
SB18-179,2018,RS,House,2018-04-05,House Second Reading Laid Over to 04/06/2018 - No Amendments,14
SB18-179,2018,RS,House,2018-04-06,House Second Reading Special Order - Passed with Amendments - Floor,15
SB18-179,2018,RS,House,2018-04-09,House Third Reading Passed - No Amendments,16
SB18-179,2018,RS,Senate,2018-04-10,Senate Considered House Amendments - Result was to Laid Over Daily,17
SB18-179,2018,RS,Senate,2018-04-11,Senate Considered House Amendments - Result was to Not Concur - Request Conference Committee,18
SB18-179,2018,RS,ConfComm,2018-04-23,First Conference Committee Result was to Adopt Rerevised w/ Amendments,19
SB18-179,2018,RS,House,2018-05-04,House Consideration of First Conference Committee Report result was to Adopt Committee Report - Repass,20
SB18-179,2018,RS,Senate,2018-05-07,Senate Consideration of First Conference Committee Report result was to Adopt Committee Report - Repass,21
SB18-179,2018,RS,Senate,2018-05-15,Signed by the President of the Senate,22
SB18-179,2018,RS,House,2018-05-16,Signed by the Speaker of the House,23
SB18-179,2018,RS,Governor,2018-05-16,Sent to the Governor,24
SB18-179,2018,RS,Governor,2018-06-01,Governor Vetoed,25
SB18-180,2018,RS,Senate,2018-02-21,Introduced In Senate - Assigned to Judiciary,1
SB18-180,2018,RS,Senate,2018-03-07,Senate Committee on Judiciary Refer Amended - Consent Calendar to Senate Committee of the Whole,2
SB18-180,2018,RS,Senate,2018-03-12,Senate Second Reading Passed with Amendments - Committee,3
SB18-180,2018,RS,Senate,2018-03-13,Senate Third Reading Passed - No Amendments,4
SB18-180,2018,RS,House,2018-03-14,Introduced In House - Assigned to Judiciary,5
SB18-180,2018,RS,House,2018-04-03,House Committee on Judiciary Refer Amended to House Committee of the Whole,6
SB18-180,2018,RS,House,2018-04-06,House Second Reading Special Order - Passed with Amendments - Committee,7
SB18-180,2018,RS,House,2018-04-09,House Third Reading Passed - No Amendments,8
SB18-180,2018,RS,Senate,2018-04-10,Senate Considered House Amendments - Result was to Concur - Repass,9
SB18-180,2018,RS,Senate,2018-04-18,Signed by the President of the Senate,10
SB18-180,2018,RS,House,2018-04-20,Signed by the Speaker of the House,11
SB18-180,2018,RS,Governor,2018-04-20,Sent to the Governor,12
SB18-180,2018,RS,Governor,2018-04-26,Governor Signed,13
SB18-181,2018,RS,Senate,2018-02-26,Introduced In Senate - Assigned to Transportation,1
SB18-181,2018,RS,Senate,2018-04-17,Senate Committee on Transportation Lay Over Amended,2
SB18-181,2018,RS,Senate,2018-04-24,Senate Committee on Transportation Postpone Indefinitely,3
SB18-182,2018,RS,Senate,2018-02-26,"Introduced In Senate - Assigned to Agriculture, Natural Resources, & Energy",1
SB18-182,2018,RS,Senate,2018-03-08,"Senate Committee on Agriculture, Natural Resources, & Energy Refer Amended - Consent Calendar to Senate Committee of the Whole",2
SB18-182,2018,RS,Senate,2018-03-13,Senate Second Reading Passed with Amendments - Committee,3
SB18-182,2018,RS,Senate,2018-03-14,Senate Third Reading Passed - No Amendments,4
SB18-182,2018,RS,House,2018-03-15,"Introduced In House - Assigned to Agriculture, Livestock, & Natural Resources",5
SB18-182,2018,RS,House,2018-03-19,"House Committee on Agriculture, Livestock, & Natural Resources Refer Unamended to House Committee of the Whole",6
SB18-182,2018,RS,House,2018-03-22,House Second Reading Laid Over to 03/23/2018 - No Amendments,7
SB18-182,2018,RS,House,2018-03-23,House Second Reading Laid Over to 03/26/2018 - No Amendments,8
SB18-182,2018,RS,House,2018-03-26,House Second Reading Passed - No Amendments,9
SB18-182,2018,RS,House,2018-03-27,House Third Reading Laid Over to 03/28/2018 - No Amendments,10
SB18-182,2018,RS,House,2018-03-28,House Third Reading Laid Over to 03/29/2018 - No Amendments,11
SB18-182,2018,RS,House,2018-03-29,House Third Reading Laid Over to 04/02/2018 - No Amendments,12
SB18-182,2018,RS,House,2018-04-02,House Third Reading Passed - No Amendments,13
SB18-182,2018,RS,Senate,2018-04-10,Signed by the President of the Senate,14
SB18-182,2018,RS,House,2018-04-11,Signed by the Speaker of the House,15
SB18-182,2018,RS,Governor,2018-04-11,Sent to the Governor,16
SB18-182,2018,RS,Governor,2018-04-12,Governor Signed,17
SB18-183,2018,RS,Senate,2018-02-26,"Introduced In Senate - Assigned to Business, Labor, & Technology",1
SB18-183,2018,RS,Senate,2018-03-12,"Senate Committee on Business, Labor, & Technology Refer Unamended - Consent Calendar to Senate Committee of the Whole",2
SB18-183,2018,RS,Senate,2018-03-15,Senate Second Reading Passed - No Amendments,3
SB18-183,2018,RS,Senate,2018-03-16,Senate Third Reading Laid Over Daily - No Amendments,4
SB18-183,2018,RS,Senate,2018-03-19,Senate Third Reading Passed - No Amendments,5
SB18-183,2018,RS,House,2018-03-22,Introduced In House - Assigned to Business Affairs and Labor,6
SB18-183,2018,RS,House,2018-03-27,House Committee on Business Affairs and Labor Refer Unamended to House Committee of the Whole,7
SB18-183,2018,RS,House,2018-03-29,House Second Reading Laid Over to 04/02/2018 - No Amendments,8
SB18-183,2018,RS,House,2018-04-02,House Second Reading Passed - No Amendments,9
SB18-183,2018,RS,House,2018-04-03,House Third Reading Passed - No Amendments,10
SB18-183,2018,RS,Senate,2018-04-10,Signed by the President of the Senate,11
SB18-183,2018,RS,House,2018-04-11,Signed by the Speaker of the House,12
SB18-183,2018,RS,Governor,2018-04-11,Sent to the Governor,13
SB18-183,2018,RS,Governor,2018-04-12,Governor Signed,14
SB18-184,2018,RS,Senate,2018-03-01,"Introduced In Senate - Assigned to Agriculture, Natural Resources, & Energy",1
SB18-184,2018,RS,Senate,2018-03-08,"Senate Committee on Agriculture, Natural Resources, & Energy Refer Unamended - Consent Calendar to Senate Committee of the Whole",2
SB18-184,2018,RS,Senate,2018-03-13,Senate Second Reading Passed - No Amendments,3
SB18-184,2018,RS,Senate,2018-03-14,Senate Third Reading Passed - No Amendments,4
SB18-184,2018,RS,House,2018-03-15,"Introduced In House - Assigned to Agriculture, Livestock, & Natural Resources",5
SB18-184,2018,RS,House,2018-03-26,"House Committee on Agriculture, Livestock, & Natural Resources Refer Amended to House Committee of the Whole",6
SB18-184,2018,RS,House,2018-03-29,House Second Reading Laid Over to 04/02/2018 - No Amendments,7
SB18-184,2018,RS,House,2018-04-02,House Second Reading Passed with Amendments - Committee,8
SB18-184,2018,RS,House,2018-04-03,House Third Reading Passed - No Amendments,9
SB18-184,2018,RS,Senate,2018-04-04,Senate Considered House Amendments - Result was to Concur - Repass,10
SB18-184,2018,RS,Senate,2018-04-10,Signed by the President of the Senate,11
SB18-184,2018,RS,House,2018-04-11,Signed by the Speaker of the House,12
SB18-184,2018,RS,Governor,2018-04-11,Sent to the Governor,13
SB18-184,2018,RS,Governor,2018-04-12,Governor Signed,14
SB18-185,2018,RS,Senate,2018-03-05,Introduced In Senate - Assigned to Judiciary,1
SB18-185,2018,RS,Senate,2018-03-19,Senate Committee on Judiciary Refer Unamended to Senate Committee of the Whole,2
SB18-185,2018,RS,Senate,2018-03-22,Senate Second Reading Laid Over Daily - No Amendments,3
SB18-185,2018,RS,Senate,2018-03-28,Senate Second Reading Passed - No Amendments,4
SB18-185,2018,RS,Senate,2018-03-29,Senate Third Reading Passed - No Amendments,5
SB18-185,2018,RS,House,2018-04-03,"Introduced In House - Assigned to State, Veterans, & Military Affairs",6
SB18-185,2018,RS,House,2018-04-25,"House Committee on State, Veterans, & Military Affairs Postpone Indefinitely",7
SB18-186,2018,RS,Senate,2018-03-05,"Introduced In Senate - Assigned to Business, Labor, & Technology",1
SB18-186,2018,RS,Senate,2018-03-14,"Senate Committee on Business, Labor, & Technology Committee Vote - Final Action Failed",2
SB18-186,2018,RS,Senate,2018-03-19,"Senate Committee on Business, Labor, & Technology Postpone Indefinitely",3
SB18-187,2018,RS,Senate,2018-03-05,"Introduced In Senate - Assigned to Business, Labor, & Technology",1
SB18-187,2018,RS,Senate,2018-03-12,"Senate Committee on Business, Labor, & Technology Refer Amended - Consent Calendar to Senate Committee of the Whole",2
SB18-187,2018,RS,Senate,2018-03-15,Senate Second Reading Passed with Amendments - Committee,3
SB18-187,2018,RS,Senate,2018-03-16,Senate Third Reading Laid Over Daily - No Amendments,4
SB18-187,2018,RS,Senate,2018-03-19,Senate Third Reading Passed - No Amendments,5
SB18-187,2018,RS,House,2018-03-22,"Introduced In House - Assigned to Agriculture, Livestock, & Natural Resources",6
SB18-187,2018,RS,House,2018-04-02,"House Committee on Agriculture, Livestock, & Natural Resources Refer Unamended to House Committee of the Whole",7
SB18-187,2018,RS,House,2018-04-05,House Second Reading Laid Over to 04/06/2018 - No Amendments,8
SB18-187,2018,RS,House,2018-04-06,House Second Reading Special Order - Passed with Amendments - Floor,9
SB18-187,2018,RS,House,2018-04-09,House Third Reading Passed - No Amendments,10
SB18-187,2018,RS,Senate,2018-04-10,Senate Considered House Amendments - Result was to Concur - Repass,11
SB18-187,2018,RS,Senate,2018-04-18,Signed by the President of the Senate,12
SB18-187,2018,RS,House,2018-04-20,Signed by the Speaker of the House,13
SB18-187,2018,RS,Governor,2018-04-20,Sent to the Governor,14
SB18-187,2018,RS,Governor,2018-04-26,Governor Signed,15
SB18-188,2018,RS,Senate,2018-03-05,"Introduced In Senate - Assigned to Agriculture, Natural Resources, & Energy",1
SB18-188,2018,RS,Senate,2018-03-15,"Senate Committee on Agriculture, Natural Resources, & Energy Refer Unamended - Consent Calendar to Senate Committee of the Whole",2
SB18-188,2018,RS,Senate,2018-03-20,Senate Second Reading Passed - No Amendments,3
SB18-188,2018,RS,Senate,2018-03-21,Senate Third Reading Passed - No Amendments,4
SB18-188,2018,RS,House,2018-03-23,"Introduced In House - Assigned to Agriculture, Livestock, & Natural Resources",5
SB18-188,2018,RS,House,2018-04-02,"House Committee on Agriculture, Livestock, & Natural Resources Refer Unamended to House Committee of the Whole",6
SB18-188,2018,RS,House,2018-04-05,House Second Reading Laid Over to 04/06/2018 - No Amendments,7
SB18-188,2018,RS,House,2018-04-06,House Second Reading Special Order - Passed - No Amendments,8
SB18-188,2018,RS,House,2018-04-09,House Third Reading Passed - No Amendments,9
SB18-188,2018,RS,Senate,2018-04-12,Signed by the President of the Senate,10
SB18-188,2018,RS,House,2018-04-17,Signed by the Speaker of the House,11
SB18-188,2018,RS,Governor,2018-04-17,Sent to the Governor,12
SB18-188,2018,RS,Governor,2018-04-23,Governor Signed,13
SB18-189,2018,RS,Senate,2018-03-05,"Introduced In Senate - Assigned to Business, Labor, & Technology",1
SB18-189,2018,RS,Senate,2018-03-14,"Senate Committee on Business, Labor, & Technology Postpone Indefinitely",2
SB18-190,2018,RS,Senate,2018-03-05,Introduced In Senate - Assigned to Local Government,1
SB18-190,2018,RS,Senate,2018-04-10,Senate Committee on Local Government Postpone Indefinitely,2
SB18-191,2018,RS,Senate,2018-03-05,Introduced In Senate - Assigned to Finance,1
SB18-191,2018,RS,Senate,2018-03-13,Senate Committee on Finance Refer Amended to Appropriations,2
SB18-191,2018,RS,Senate,2018-04-10,Senate Committee on Appropriations Refer Unamended to Senate Committee of the Whole,3
SB18-191,2018,RS,Senate,2018-04-13,Senate Second Reading Laid Over Daily - No Amendments,4
SB18-191,2018,RS,Senate,2018-04-16,"Senate Second Reading Passed with Amendments - Committee, Floor",5
SB18-191,2018,RS,Senate,2018-04-17,Senate Third Reading Passed - No Amendments,6
SB18-191,2018,RS,House,2018-04-20,Introduced In House - Assigned to Finance,7
SB18-191,2018,RS,House,2018-04-30,House Committee on Finance Refer Amended to Appropriations,8
SB18-191,2018,RS,House,2018-05-04,House Committee on Appropriations Refer Unamended to House Committee of the Whole,9
SB18-191,2018,RS,House,2018-05-08,House Second Reading Special Order - Passed with Amendments - Floor,10
SB18-191,2018,RS,House,2018-05-09,House Third Reading Passed - No Amendments,11
SB18-191,2018,RS,Senate,2018-05-09,Senate Considered House Amendments - Result was to Concur - Repass,12
SB18-191,2018,RS,Senate,2018-05-16,Signed by the President of the Senate,13
SB18-191,2018,RS,House,2018-05-17,Signed by the Speaker of the House,14
SB18-191,2018,RS,Governor,2018-05-17,Sent to the Governor,15
SB18-191,2018,RS,Governor,2018-05-29,Governor Signed,16
SB18-192,2018,RS,Senate,2018-03-05,"Introduced In Senate - Assigned to Agriculture, Natural Resources, & Energy",1
SB18-192,2018,RS,Senate,2018-03-15,"Senate Committee on Agriculture, Natural Resources, & Energy Witness Testimony and/or Committee Discussion Only",2
SB18-192,2018,RS,Senate,2018-03-22,"Senate Committee on Agriculture, Natural Resources, & Energy Refer Unamended to Senate Committee of the Whole",3
SB18-192,2018,RS,Senate,2018-03-27,Senate Second Reading Laid Over Daily - No Amendments,4
SB18-192,2018,RS,Senate,2018-03-28,Senate Second Reading Passed - No Amendments,5
SB18-192,2018,RS,Senate,2018-03-29,Senate Third Reading Passed - No Amendments,6
SB18-192,2018,RS,House,2018-04-03,"Introduced In House - Assigned to State, Veterans, & Military Affairs",7
SB18-192,2018,RS,House,2018-04-18,"House Committee on State, Veterans, & Military Affairs Postpone Indefinitely",8
SB18-193,2018,RS,Senate,2018-03-05,"Introduced In Senate - Assigned to Business, Labor, & Technology",1
SB18-193,2018,RS,Senate,2018-03-14,"Senate Committee on Business, Labor, & Technology Witness Testimony and/or Committee Discussion Only",2
SB18-193,2018,RS,Senate,2018-03-28,"Senate Committee on Business, Labor, & Technology Refer Unamended to Appropriations",3
SB18-193,2018,RS,Senate,2018-04-10,Senate Committee on Appropriations Refer Amended to Senate Committee of the Whole,4
SB18-193,2018,RS,Senate,2018-04-13,Senate Second Reading Laid Over Daily - No Amendments,5
SB18-193,2018,RS,Senate,2018-04-16,Senate Second Reading Passed with Amendments - Committee,6
SB18-193,2018,RS,Senate,2018-04-17,Senate Third Reading Passed - No Amendments,7
SB18-193,2018,RS,House,2018-04-20,"Introduced In House - Assigned to State, Veterans, & Military Affairs",8
SB18-193,2018,RS,House,2018-05-02,"House Committee on State, Veterans, & Military Affairs Postpone Indefinitely",9
SB18-194,2018,RS,Senate,2018-03-05,Introduced In Senate - Assigned to Finance,1
SB18-194,2018,RS,Senate,2018-03-13,Senate Committee on Finance Postpone Indefinitely,2
SB18-195,2018,RS,Senate,2018-03-05,Introduced In Senate - Assigned to Appropriations,1
SB18-195,2018,RS,Senate,2018-03-13,Senate Committee on Appropriations Refer Unamended - Consent Calendar to Senate Committee of the Whole,2
SB18-195,2018,RS,Senate,2018-03-15,Senate Second Reading Passed - No Amendments,3
SB18-195,2018,RS,Senate,2018-03-16,Senate Third Reading Laid Over Daily - No Amendments,4
SB18-195,2018,RS,Senate,2018-03-19,Senate Third Reading Passed - No Amendments,5
SB18-195,2018,RS,House,2018-03-22,Introduced In House - Assigned to Appropriations,6
SB18-195,2018,RS,House,2018-04-06,House Committee on Appropriations Refer Unamended to House Committee of the Whole,7
SB18-195,2018,RS,House,2018-04-06,House Second Reading Special Order - Laid Over to 04/09/2018 - No Amendments,8
SB18-195,2018,RS,House,2018-04-09,House Second Reading Laid Over to 04/10/2018 - No Amendments,9
SB18-195,2018,RS,House,2018-04-10,House Second Reading Laid Over to 04/11/2018 - No Amendments,10
SB18-195,2018,RS,House,2018-04-11,House Second Reading Laid Over Daily - No Amendments,11
SB18-195,2018,RS,House,2018-04-12,House Second Reading Special Order - Passed - No Amendments,12
SB18-195,2018,RS,House,2018-04-13,House Third Reading Laid Over Daily - No Amendments,13
SB18-195,2018,RS,House,2018-04-16,House Third Reading Passed - No Amendments,14
SB18-195,2018,RS,Senate,2018-04-23,Signed by the President of the Senate,15
SB18-195,2018,RS,House,2018-04-24,Signed by the Speaker of the House,16
SB18-195,2018,RS,Governor,2018-04-24,Sent to the Governor,17
SB18-195,2018,RS,Governor,2018-04-30,Governor Signed,18
SB18-196,2018,RS,Senate,2018-03-05,Introduced In Senate - Assigned to Finance,1
SB18-196,2018,RS,Senate,2018-03-13,Senate Committee on Finance Refer Unamended to Senate Committee of the Whole,2
SB18-196,2018,RS,Senate,2018-03-16,Senate Second Reading Laid Over Daily - No Amendments,3
SB18-196,2018,RS,Senate,2018-03-19,Senate Second Reading Passed - No Amendments,4
SB18-196,2018,RS,Senate,2018-03-20,Senate Third Reading Passed - No Amendments,5
SB18-196,2018,RS,House,2018-03-23,"Introduced In House - Assigned to State, Veterans, & Military Affairs",6
SB18-196,2018,RS,House,2018-04-12,"House Committee on State, Veterans, & Military Affairs Postpone Indefinitely",7
SB18-197,2018,RS,Senate,2018-03-05,"Introduced In Senate - Assigned to Agriculture, Natural Resources, & Energy",1
SB18-197,2018,RS,Senate,2018-03-22,"Senate Committee on Agriculture, Natural Resources, & Energy Refer Amended to Senate Committee of the Whole",2
SB18-197,2018,RS,Senate,2018-03-27,Senate Second Reading Laid Over Daily - No Amendments,3
SB18-197,2018,RS,Senate,2018-03-28,Senate Second Reading Passed with Amendments - Committee,4
SB18-197,2018,RS,Senate,2018-03-29,Senate Third Reading Passed - No Amendments,5
SB18-197,2018,RS,House,2018-04-04,"Introduced In House - Assigned to State, Veterans, & Military Affairs",6
SB18-197,2018,RS,House,2018-04-25,"House Committee on State, Veterans, & Military Affairs Postpone Indefinitely",7
SB18-198,2018,RS,Senate,2018-03-07,"Introduced In Senate - Assigned to State, Veterans, & Military Affairs",1
SB18-198,2018,RS,Senate,2018-03-21,"Senate Committee on State, Veterans, & Military Affairs Witness Testimony and/or Committee Discussion Only",2
SB18-198,2018,RS,Senate,2018-05-07,"Senate Committee on State, Veterans, & Military Affairs Postpone Indefinitely",3
SB18-199,2018,RS,Senate,2018-03-12,Introduced In Senate - Assigned to Judiciary,1
SB18-199,2018,RS,Senate,2018-03-28,Senate Committee on Judiciary Refer Amended to Finance,2
SB18-199,2018,RS,Senate,2018-03-29,Senate Committee on Finance Postpone Indefinitely,3
SB18-200,2018,RS,Senate,2018-03-07,Introduced In Senate - Assigned to Finance,1
SB18-200,2018,RS,Senate,2018-03-13,Senate Committee on Finance Witness Testimony and/or Committee Discussion Only,2
SB18-200,2018,RS,Senate,2018-03-15,Senate Committee on Finance Refer Amended to Appropriations,3
SB18-200,2018,RS,Senate,2018-03-20,Senate Committee on Appropriations Refer Amended to Senate Committee of the Whole,4
SB18-200,2018,RS,Senate,2018-03-22,Senate Second Reading Laid Over Daily - No Amendments,5
SB18-200,2018,RS,Senate,2018-03-23,Senate Second Reading Laid Over Daily with Amendments - Committee,6
SB18-200,2018,RS,Senate,2018-03-26,"Senate Second Reading Passed with Amendments - Committee, Floor",7
SB18-200,2018,RS,Senate,2018-03-27,Senate Third Reading Passed - No Amendments,8
SB18-200,2018,RS,House,2018-04-03,Introduced In House - Assigned to Finance + Appropriations,9
SB18-200,2018,RS,House,2018-04-16,House Committee on Finance Refer Amended to Appropriations,10
SB18-200,2018,RS,House,2018-04-19,House Committee on Appropriations Refer Amended to House Committee of the Whole,11
SB18-200,2018,RS,House,2018-04-23,House Second Reading Laid Over to 04/24/2018 - No Amendments,12
SB18-200,2018,RS,House,2018-04-24,House Second Reading Special Order - Laid Over to 04/25/2018 - No Amendments,13
SB18-200,2018,RS,House,2018-04-25,House Second Reading Special Order - Laid Over to 04/30/2018 - No Amendments,14
SB18-200,2018,RS,House,2018-04-30,"House Second Reading Special Order - Passed with Amendments - Committee, Floor",15
SB18-200,2018,RS,House,2018-05-01,House Third Reading Passed - No Amendments,16
SB18-200,2018,RS,Senate,2018-05-02,Senate Considered House Amendments - Result was to Not Concur - Request Conference Committee,17
SB18-200,2018,RS,House,2018-05-09,House Consideration of First Conference Committee Report result was to Adopt Committee Report - Repass,18
SB18-200,2018,RS,Senate,2018-05-09,Senate Consideration of First Conference Committee Report result was to Adopt Committee Report - Repass,19
SB18-200,2018,RS,Senate,2018-05-21,Signed by the President of the Senate,20
SB18-200,2018,RS,House,2018-05-23,Signed by the Speaker of the House,21
SB18-200,2018,RS,Governor,2018-05-23,Sent to the Governor,22
SB18-200,2018,RS,Governor,2018-06-04,Governor Signed,23
SB18-201,2018,RS,Senate,2018-03-12,"Introduced In Senate - Assigned to Business, Labor, & Technology",1
SB18-201,2018,RS,Senate,2018-04-02,"Senate Committee on Business, Labor, & Technology Refer Amended to Senate Committee of the Whole",2
SB18-201,2018,RS,Senate,2018-04-05,Senate Second Reading Passed with Amendments - Committee,3
SB18-201,2018,RS,Senate,2018-04-06,Senate Third Reading Laid Over to 04/12/2018 - No Amendments,4
SB18-201,2018,RS,Senate,2018-04-12,Senate Third Reading Passed - No Amendments,5
SB18-201,2018,RS,Senate,2018-04-12,Senate Third Reading Reconsidered - No Amendments,6
SB18-201,2018,RS,House,2018-04-17,Introduced In House - Assigned to Public Health Care & Human Services,7
SB18-201,2018,RS,House,2018-05-01,House Committee on Public Health Care & Human Services Postpone Indefinitely,8
SB18-202,2018,RS,Senate,2018-03-12,Introduced In Senate - Assigned to Appropriations,1
SB18-202,2018,RS,Senate,2018-03-20,Senate Committee on Appropriations Refer Unamended - Consent Calendar to Senate Committee of the Whole,2
SB18-202,2018,RS,Senate,2018-03-20,Senate Second Reading Special Order - Passed - No Amendments,3
SB18-202,2018,RS,Senate,2018-03-21,Senate Third Reading Passed - No Amendments,4
SB18-202,2018,RS,House,2018-03-23,Introduced In House - Assigned to Appropriations,5
SB18-202,2018,RS,House,2018-04-06,House Committee on Appropriations Refer Unamended to House Committee of the Whole,6
SB18-202,2018,RS,House,2018-04-06,House Second Reading Special Order - Laid Over to 04/09/2018 - No Amendments,7
SB18-202,2018,RS,House,2018-04-09,House Second Reading Laid Over to 04/10/2018 - No Amendments,8
SB18-202,2018,RS,House,2018-04-10,House Second Reading Laid Over to 04/11/2018 - No Amendments,9
SB18-202,2018,RS,House,2018-04-11,House Second Reading Laid Over Daily - No Amendments,10
SB18-202,2018,RS,House,2018-04-12,House Second Reading Special Order - Passed - No Amendments,11
SB18-202,2018,RS,House,2018-04-13,House Third Reading Laid Over Daily - No Amendments,12
SB18-202,2018,RS,House,2018-04-16,House Third Reading Passed - No Amendments,13
SB18-202,2018,RS,Senate,2018-04-23,Signed by the President of the Senate,14
SB18-202,2018,RS,House,2018-04-24,Signed by the Speaker of the House,15
SB18-202,2018,RS,Governor,2018-04-24,Sent to the Governor,16
SB18-202,2018,RS,Governor,2018-04-30,Governor Signed,17
SB18-203,2018,RS,Senate,2018-03-12,Introduced In Senate - Assigned to Judiciary,1
SB18-203,2018,RS,Senate,2018-03-21,Senate Committee on Judiciary Witness Testimony and/or Committee Discussion Only,2
SB18-203,2018,RS,Senate,2018-03-28,Senate Committee on Judiciary Refer Amended to Appropriations,3
SB18-203,2018,RS,Senate,2018-04-11,Senate Committee on Appropriations Refer Unamended to Senate Committee of the Whole,4
SB18-203,2018,RS,Senate,2018-04-13,Senate Second Reading Laid Over Daily - No Amendments,5
SB18-203,2018,RS,Senate,2018-04-16,Senate Second Reading Passed with Amendments - Committee,6
SB18-203,2018,RS,Senate,2018-04-17,Senate Third Reading Passed - No Amendments,7
SB18-203,2018,RS,House,2018-04-20,Introduced In House - Assigned to Judiciary,8
SB18-203,2018,RS,House,2018-04-27,House Committee on Judiciary Refer Amended to Appropriations,9
SB18-203,2018,RS,House,2018-05-02,House Committee on Appropriations Refer Amended to House Committee of the Whole,10
SB18-203,2018,RS,House,2018-05-02,House Second Reading Special Order - Passed with Amendments - Committee,11
SB18-203,2018,RS,House,2018-05-03,House Third Reading Passed - No Amendments,12
SB18-203,2018,RS,Senate,2018-05-04,Senate Considered House Amendments - Result was to Concur - Repass,13
SB18-203,2018,RS,Senate,2018-05-11,Signed by the President of the Senate,14
SB18-203,2018,RS,House,2018-05-11,Signed by the Speaker of the House,15
SB18-203,2018,RS,Governor,2018-05-11,Sent to the Governor,16
SB18-203,2018,RS,Governor,2018-06-01,Governor Signed,17
SB18-204,2018,RS,Senate,2018-03-12,Introduced In Senate - Assigned to Finance,1
SB18-204,2018,RS,Senate,2018-03-20,Senate Committee on Finance Refer Unamended to Senate Committee of the Whole,2
SB18-204,2018,RS,Senate,2018-03-23,Senate Second Reading Laid Over Daily - No Amendments,3
SB18-204,2018,RS,Senate,2018-03-27,Senate Second Reading Laid Over to 04/09/2018 - No Amendments,4
SB18-204,2018,RS,Senate,2018-04-09,Senate Second Reading Laid Over to 04/20/2018 - No Amendments,5
SB18-204,2018,RS,Senate,2018-04-23,Senate Second Reading Laid Over to 04/30/2018 - No Amendments,6
SB18-204,2018,RS,Senate,2018-04-30,Senate Second Reading Laid Over to 05/03/2018 - No Amendments,7
SB18-204,2018,RS,Senate,2018-05-03,Senate Second Reading Laid Over to 05/07/2018 - No Amendments,8
SB18-204,2018,RS,Senate,2018-05-07,Senate Second Reading Laid Over to 05/10/2018 - No Amendments,9
SB18-205,2018,RS,Senate,2018-03-12,"Introduced In Senate - Assigned to Agriculture, Natural Resources, & Energy",1
SB18-205,2018,RS,Senate,2018-03-22,"Senate Committee on Agriculture, Natural Resources, & Energy Refer Unamended - Consent Calendar to Senate Committee of the Whole",2
SB18-205,2018,RS,Senate,2018-03-27,Senate Second Reading Passed - No Amendments,3
SB18-205,2018,RS,Senate,2018-03-28,Senate Third Reading Passed - No Amendments,4
SB18-205,2018,RS,House,2018-04-03,"Introduced In House - Assigned to Agriculture, Livestock, & Natural Resources",5
SB18-205,2018,RS,House,2018-04-23,"House Committee on Agriculture, Livestock, & Natural Resources Refer Unamended to House Committee of the Whole",6
SB18-205,2018,RS,House,2018-04-26,House Second Reading Laid Over Daily - No Amendments,7
SB18-205,2018,RS,House,2018-04-30,House Second Reading Passed with Amendments - Floor,8
SB18-205,2018,RS,House,2018-05-01,House Third Reading Passed - No Amendments,9
SB18-205,2018,RS,Senate,2018-05-02,Senate Considered House Amendments - Result was to Concur - Repass,10
SB18-205,2018,RS,Senate,2018-05-11,Signed by the President of the Senate,11
SB18-205,2018,RS,House,2018-05-11,Signed by the Speaker of the House,12
SB18-205,2018,RS,Governor,2018-05-11,Sent to the Governor,13
SB18-205,2018,RS,Governor,2018-05-29,Governor Signed,14
SB18-206,2018,RS,Senate,2018-03-19,Introduced In Senate - Assigned to Education,1
SB18-206,2018,RS,Senate,2018-03-29,Senate Committee on Education Refer Unamended - Consent Calendar to Senate Committee of the Whole,2
SB18-206,2018,RS,Senate,2018-04-04,Senate Second Reading Laid Over to 04/09/2018 - No Amendments,3
SB18-206,2018,RS,Senate,2018-04-09,Senate Second Reading Re-referred to Appropriations - No Amendments,4
SB18-206,2018,RS,Senate,2018-04-10,Senate Committee on Appropriations Refer Amended - Consent Calendar to Senate Committee of the Whole,5
SB18-206,2018,RS,Senate,2018-04-11,Senate Second Reading Special Order - Passed with Amendments - Committee,6
SB18-206,2018,RS,Senate,2018-04-12,Senate Third Reading Passed - No Amendments,7
SB18-206,2018,RS,House,2018-04-17,Introduced In House - Assigned to Education,8
SB18-206,2018,RS,House,2018-05-02,House Committee on Education Refer Unamended to Appropriations,9
SB18-206,2018,RS,House,2018-05-04,House Committee on Appropriations Refer Unamended to House Committee of the Whole,10
SB18-206,2018,RS,House,2018-05-04,House Second Reading Special Order - Passed - No Amendments,11
SB18-206,2018,RS,House,2018-05-07,House Third Reading Passed - No Amendments,12
SB18-206,2018,RS,Senate,2018-05-16,Signed by the President of the Senate,13
SB18-206,2018,RS,House,2018-05-16,Signed by the Speaker of the House,14
SB18-206,2018,RS,Governor,2018-05-16,Sent to the Governor,15
SB18-206,2018,RS,Governor,2018-06-05,Governor Signed,16
SB18-207,2018,RS,Senate,2018-03-19,Introduced In Senate - Assigned to Appropriations,1
SB18-207,2018,RS,Senate,2018-03-27,Senate Committee on Appropriations Refer Unamended to Senate Committee of the Whole,2
SB18-207,2018,RS,Senate,2018-03-29,Senate Second Reading Laid Over Daily - No Amendments,3
SB18-207,2018,RS,Senate,2018-04-02,Senate Second Reading Passed - No Amendments,4
SB18-207,2018,RS,Senate,2018-04-03,Senate Third Reading Passed - No Amendments,5
SB18-207,2018,RS,House,2018-04-04,Introduced In House - Assigned to Appropriations,6
SB18-207,2018,RS,House,2018-04-11,House Committee on Appropriations Refer Unamended to House Committee of the Whole,7
SB18-207,2018,RS,House,2018-04-12,House Second Reading Special Order - Laid Over Daily - No Amendments,8
SB18-207,2018,RS,House,2018-04-18,House Second Reading Passed - No Amendments,9
SB18-207,2018,RS,House,2018-04-19,House Third Reading Passed - No Amendments,10
SB18-207,2018,RS,Senate,2018-04-25,Signed by the President of the Senate,11
SB18-207,2018,RS,House,2018-04-26,Signed by the Speaker of the House,12
SB18-207,2018,RS,Governor,2018-04-26,Sent to the Governor,13
SB18-207,2018,RS,Governor,2018-05-04,Governor Signed,14
SB18-208,2018,RS,Senate,2018-03-19,Introduced In Senate - Assigned to Finance,1
SB18-208,2018,RS,Senate,2018-03-27,Senate Committee on Finance Refer Unamended to Appropriations,2
SB18-208,2018,RS,Senate,2018-04-03,Senate Committee on Appropriations Refer Unamended - Consent Calendar to Senate Committee of the Whole,3
SB18-208,2018,RS,Senate,2018-04-04,Senate Second Reading Special Order - Passed - No Amendments,4
SB18-208,2018,RS,Senate,2018-04-05,Senate Third Reading Passed - No Amendments,5
SB18-208,2018,RS,House,2018-04-09,Introduced In House - Assigned to Finance,6
SB18-208,2018,RS,House,2018-04-16,House Committee on Finance Refer Unamended to Appropriations,7
SB18-208,2018,RS,House,2018-04-23,House Committee on Appropriations Refer Unamended to House Committee of the Whole,8
SB18-208,2018,RS,House,2018-04-24,House Second Reading Special Order - Passed - No Amendments,9
SB18-208,2018,RS,House,2018-04-25,House Third Reading Laid Over to 04/26/2018 - No Amendments,10
SB18-208,2018,RS,House,2018-04-26,House Third Reading Passed - No Amendments,11
SB18-208,2018,RS,Senate,2018-05-03,Signed by the President of the Senate,12
SB18-208,2018,RS,House,2018-05-04,Signed by the Speaker of the House,13
SB18-208,2018,RS,Governor,2018-05-04,Sent to the Governor,14
SB18-208,2018,RS,Governor,2018-05-29,Governor Signed,15
SB18-209,2018,RS,Senate,2018-03-19,"Introduced In Senate - Assigned to Business, Labor, & Technology",1
SB18-209,2018,RS,Senate,2018-04-09,"Senate Committee on Business, Labor, & Technology Refer Unamended - Consent Calendar to Senate Committee of the Whole",2
SB18-209,2018,RS,Senate,2018-04-11,Senate Second Reading Special Order - Passed - No Amendments,3
SB18-209,2018,RS,Senate,2018-04-12,Senate Third Reading Passed - No Amendments,4
SB18-209,2018,RS,House,2018-04-17,Introduced In House - Assigned to Business Affairs and Labor,5
SB18-209,2018,RS,House,2018-04-24,House Committee on Business Affairs and Labor Refer Unamended to House Committee of the Whole,6
SB18-209,2018,RS,House,2018-04-26,House Second Reading Laid Over Daily - No Amendments,7
SB18-209,2018,RS,House,2018-04-27,House Second Reading Special Order - Passed - No Amendments,8
SB18-209,2018,RS,House,2018-04-30,House Third Reading Passed - No Amendments,9
SB18-209,2018,RS,Senate,2018-05-09,Signed by the President of the Senate,10
SB18-209,2018,RS,House,2018-05-11,Signed by the Speaker of the House,11
SB18-209,2018,RS,Governor,2018-05-11,Sent to the Governor,12
SB18-209,2018,RS,Governor,2018-05-29,Governor Signed,13
SB18-210,2018,RS,Senate,2018-03-19,"Introduced In Senate - Assigned to Business, Labor, & Technology",1
SB18-210,2018,RS,Senate,2018-03-28,"Senate Committee on Business, Labor, & Technology Refer Unamended to Finance",2
SB18-210,2018,RS,Senate,2018-03-29,Senate Committee on Finance Refer Unamended to Appropriations,3
SB18-210,2018,RS,Senate,2018-04-10,Senate Committee on Appropriations Refer Unamended - Consent Calendar to Senate Committee of the Whole,4
SB18-210,2018,RS,Senate,2018-04-11,Senate Second Reading Special Order - Passed - No Amendments,5
SB18-210,2018,RS,Senate,2018-04-12,Senate Third Reading Passed - No Amendments,6
SB18-210,2018,RS,House,2018-04-17,Introduced In House - Assigned to Business Affairs and Labor,7
SB18-210,2018,RS,House,2018-04-19,House Committee on Business Affairs and Labor Refer Unamended to Finance,8
SB18-210,2018,RS,House,2018-04-30,House Committee on Finance Refer Unamended to Appropriations,9
SB18-210,2018,RS,House,2018-05-04,House Committee on Appropriations Refer Unamended to House Committee of the Whole,10
SB18-210,2018,RS,House,2018-05-04,House Second Reading Special Order - Passed - No Amendments,11
SB18-210,2018,RS,House,2018-05-07,House Third Reading Passed - No Amendments,12
SB18-210,2018,RS,Senate,2018-05-15,Signed by the President of the Senate,13
SB18-210,2018,RS,House,2018-05-16,Signed by the Speaker of the House,14
SB18-210,2018,RS,Governor,2018-05-16,Sent to the Governor,15
SB18-210,2018,RS,Governor,2018-05-29,Governor Signed,16
SB18-211,2018,RS,Senate,2018-03-19,"Introduced In Senate - Assigned to Business, Labor, & Technology",1
SB18-211,2018,RS,Senate,2018-04-02,"Senate Committee on Business, Labor, & Technology Postpone Indefinitely",2
SB18-212,2018,RS,Senate,2018-03-19,Introduced In Senate - Assigned to Judiciary,1
SB18-212,2018,RS,Senate,2018-03-28,Senate Committee on Judiciary Refer Unamended to Appropriations,2
SB18-212,2018,RS,Senate,2018-05-07,Senate Committee on Appropriations Postpone Indefinitely,3
SB18-213,2018,RS,Senate,2018-03-19,Introduced In Senate - Assigned to Education,1
SB18-213,2018,RS,Senate,2018-03-29,Senate Committee on Education Refer Unamended - Consent Calendar to Senate Committee of the Whole,2
SB18-213,2018,RS,Senate,2018-04-04,Senate Second Reading Passed - No Amendments,3
SB18-213,2018,RS,Senate,2018-04-05,Senate Third Reading Passed - No Amendments,4
SB18-213,2018,RS,House,2018-04-09,Introduced In House - Assigned to Education,5
SB18-213,2018,RS,House,2018-05-02,House Committee on Education Refer Unamended to House Committee of the Whole,6
SB18-213,2018,RS,House,2018-05-02,House Second Reading Special Order - Passed - No Amendments,7
SB18-213,2018,RS,House,2018-05-03,House Third Reading Passed - No Amendments,8
SB18-213,2018,RS,Senate,2018-05-11,Signed by the President of the Senate,9
SB18-213,2018,RS,House,2018-05-11,Signed by the Speaker of the House,10
SB18-213,2018,RS,Governor,2018-05-11,Sent to the Governor,11
SB18-213,2018,RS,Governor,2018-05-29,Governor Signed,12
SB18-214,2018,RS,Senate,2018-03-19,Introduced In Senate - Assigned to Health & Human Services,1
SB18-214,2018,RS,Senate,2018-03-29,Senate Committee on Health & Human Services Postpone Indefinitely,2
SB18-215,2018,RS,Senate,2018-03-19,Introduced In Senate - Assigned to Education,1
SB18-215,2018,RS,Senate,2018-04-26,Senate Committee on Education Postpone Indefinitely,2
SB18-216,2018,RS,Senate,2018-03-19,Introduced In Senate - Assigned to Transportation,1
SB18-216,2018,RS,Senate,2018-03-27,Senate Committee on Transportation Postpone Indefinitely,2
SB18-217,2018,RS,Senate,2018-03-26,"Introduced In Senate - Assigned to Business, Labor, & Technology",1
SB18-217,2018,RS,Senate,2018-04-23,"Senate Committee on Business, Labor, & Technology Postpone Indefinitely",2
SB18-218,2018,RS,Senate,2018-03-26,"Introduced In Senate - Assigned to Agriculture, Natural Resources, & Energy",1
SB18-218,2018,RS,Senate,2018-03-28,"Senate Committee on Agriculture, Natural Resources, & Energy Refer Unamended to Appropriations",2
SB18-218,2018,RS,Senate,2018-04-10,Senate Committee on Appropriations Refer Unamended - Consent Calendar to Senate Committee of the Whole,3
SB18-218,2018,RS,Senate,2018-04-11,Senate Second Reading Special Order - Passed - No Amendments,4
SB18-218,2018,RS,Senate,2018-04-12,Senate Third Reading Passed - No Amendments,5
SB18-218,2018,RS,House,2018-04-17,"Introduced In House - Assigned to Agriculture, Livestock, & Natural Resources",6
SB18-218,2018,RS,House,2018-04-23,"House Committee on Agriculture, Livestock, & Natural Resources Refer Unamended to Appropriations",7
SB18-218,2018,RS,House,2018-05-02,House Committee on Appropriations Refer Unamended to House Committee of the Whole,8
SB18-218,2018,RS,House,2018-05-02,House Second Reading Special Order - Passed - No Amendments,9
SB18-218,2018,RS,House,2018-05-03,House Third Reading Passed - No Amendments,10
SB18-218,2018,RS,Senate,2018-05-11,Signed by the President of the Senate,11
SB18-218,2018,RS,House,2018-05-11,Signed by the Speaker of the House,12
SB18-218,2018,RS,Governor,2018-05-11,Sent to the Governor,13
SB18-218,2018,RS,Governor,2018-05-30,Governor Signed,14
SB18-219,2018,RS,Senate,2018-03-26,"Introduced In Senate - Assigned to Business, Labor, & Technology",1
SB18-219,2018,RS,Senate,2018-04-16,"Senate Committee on Business, Labor, & Technology Witness Testimony and/or Committee Discussion Only",2
SB18-219,2018,RS,Senate,2018-04-18,"Senate Committee on Business, Labor, & Technology Refer Amended to Senate Committee of the Whole",3
SB18-219,2018,RS,Senate,2018-04-23,Senate Second Reading Laid Over Daily - No Amendments,4
SB18-219,2018,RS,Senate,2018-04-24,"Senate Second Reading Passed with Amendments - Committee, Floor",5
SB18-219,2018,RS,Senate,2018-04-25,Senate Third Reading Passed - No Amendments,6
SB18-219,2018,RS,House,2018-04-26,Introduced In House - Assigned to Business Affairs and Labor,7
SB18-219,2018,RS,House,2018-05-01,House Committee on Business Affairs and Labor Refer Amended to House Committee of the Whole,8
SB18-219,2018,RS,House,2018-05-02,"House Second Reading Special Order - Passed with Amendments - Committee, Floor",9
SB18-219,2018,RS,House,2018-05-03,House Third Reading Passed - No Amendments,10
SB18-219,2018,RS,Senate,2018-05-03,Senate Considered House Amendments - Result was to Concur - Repass,11
SB18-219,2018,RS,Senate,2018-05-15,Signed by the President of the Senate,12
SB18-219,2018,RS,House,2018-05-16,Signed by the Speaker of the House,13
SB18-219,2018,RS,Governor,2018-05-16,Sent to the Governor,14
SB18-219,2018,RS,Governor,2018-05-30,Governor Signed,15
SB18-220,2018,RS,Senate,2018-03-26,"Introduced In Senate - Assigned to State, Veterans, & Military Affairs",1
SB18-220,2018,RS,Senate,2018-04-09,"Senate Committee on State, Veterans, & Military Affairs Refer Amended to Senate Committee of the Whole",2
SB18-220,2018,RS,Senate,2018-04-12,Senate Second Reading Laid Over to 04/16/2018 - No Amendments,3
SB18-220,2018,RS,Senate,2018-04-16,Senate Second Reading Passed with Amendments - Committee,4
SB18-220,2018,RS,Senate,2018-04-17,Senate Third Reading Passed - No Amendments,5
SB18-220,2018,RS,House,2018-04-18,"Introduced In House - Assigned to State, Veterans, & Military Affairs",6
SB18-220,2018,RS,House,2018-05-02,"House Committee on State, Veterans, & Military Affairs Postpone Indefinitely",7
SB18-221,2018,RS,Senate,2018-03-26,Introduced In Senate - Assigned to Local Government,1
SB18-221,2018,RS,Senate,2018-04-10,Senate Committee on Local Government Refer Unamended to Senate Committee of the Whole,2
SB18-221,2018,RS,Senate,2018-04-13,Senate Second Reading Laid Over Daily - No Amendments,3
SB18-221,2018,RS,Senate,2018-04-16,Senate Second Reading Passed - No Amendments,4
SB18-221,2018,RS,Senate,2018-04-17,Senate Third Reading Passed - No Amendments,5
SB18-221,2018,RS,House,2018-04-18,"Introduced In House - Assigned to State, Veterans, & Military Affairs",6
SB18-221,2018,RS,House,2018-05-02,"House Committee on State, Veterans, & Military Affairs Postpone Indefinitely",7
SB18-222,2018,RS,Senate,2018-03-26,Introduced In Senate - Assigned to Judiciary,1
SB18-222,2018,RS,Senate,2018-04-16,Senate Committee on Judiciary Refer Unamended to Appropriations,2
SB18-222,2018,RS,Senate,2018-05-07,Senate Committee on Appropriations Refer Amended to Senate Committee of the Whole,3
SB18-222,2018,RS,Senate,2018-05-07,Senate Second Reading Special Order - Passed with Amendments - Committee,4
SB18-222,2018,RS,Senate,2018-05-08,Senate Third Reading Passed - No Amendments,5
SB18-222,2018,RS,House,2018-05-08,Introduced In House - Assigned to Judiciary,6
SB18-222,2018,RS,House,2018-05-08,House Committee on Judiciary Postpone Indefinitely,7
SB18-223,2018,RS,Senate,2018-04-02,Introduced In Senate - Assigned to Judiciary,1
SB18-223,2018,RS,Senate,2018-04-16,Senate Committee on Judiciary Refer Amended - Consent Calendar to Senate Committee of the Whole,2
SB18-223,2018,RS,Senate,2018-04-18,Senate Second Reading Special Order - Passed with Amendments - Committee,3
SB18-223,2018,RS,Senate,2018-04-19,Senate Third Reading Passed - No Amendments,4
SB18-223,2018,RS,House,2018-04-23,Introduced In House - Assigned to Judiciary,5
SB18-223,2018,RS,House,2018-05-03,House Committee on Judiciary Refer Amended to House Committee of the Whole,6
SB18-223,2018,RS,House,2018-05-04,House Second Reading Special Order - Laid Over Daily - No Amendments,7
SB18-223,2018,RS,House,2018-05-07,"House Second Reading Special Order - Passed with Amendments - Committee, Floor",8
SB18-223,2018,RS,House,2018-05-08,House Third Reading Passed - No Amendments,9
SB18-223,2018,RS,Senate,2018-05-08,Senate Considered House Amendments - Result was to Concur - Repass,10
SB18-223,2018,RS,Senate,2018-05-16,Signed by the President of the Senate,11
SB18-223,2018,RS,House,2018-05-17,Signed by the Speaker of the House,12
SB18-223,2018,RS,Governor,2018-05-17,Sent to the Governor,13
SB18-223,2018,RS,Governor,2018-06-01,Governor Vetoed,14
SB18-224,2018,RS,Senate,2018-04-02,Introduced In Senate - Assigned to Health & Human Services,1
SB18-224,2018,RS,Senate,2018-04-12,Senate Committee on Health & Human Services Postpone Indefinitely,2
SB18-225,2018,RS,Senate,2018-04-02,Introduced In Senate - Assigned to Appropriations,1
SB18-225,2018,RS,Senate,2018-04-10,Senate Committee on Appropriations Refer Amended to Senate Committee of the Whole,2
SB18-225,2018,RS,Senate,2018-04-13,Senate Second Reading Laid Over Daily - No Amendments,3
SB18-225,2018,RS,Senate,2018-04-16,Senate Second Reading Passed with Amendments - Committee,4
SB18-225,2018,RS,Senate,2018-04-17,Senate Third Reading Passed - No Amendments,5
SB18-225,2018,RS,House,2018-04-18,Introduced In House - Assigned to Education,6
SB18-225,2018,RS,House,2018-04-30,House Committee on Education Refer Unamended to House Committee of the Whole,7
SB18-225,2018,RS,House,2018-04-30,House Second Reading Special Order - Passed - No Amendments,8
SB18-225,2018,RS,House,2018-05-01,House Third Reading Passed - No Amendments,9
SB18-225,2018,RS,Senate,2018-05-09,Signed by the President of the Senate,10
SB18-225,2018,RS,House,2018-05-11,Signed by the Speaker of the House,11
SB18-225,2018,RS,Governor,2018-05-11,Sent to the Governor,12
SB18-225,2018,RS,Governor,2018-06-06,Governor Signed,13
SB18-226,2018,RS,Senate,2018-04-02,"Introduced In Senate - Assigned to Agriculture, Natural Resources, & Energy",1
SB18-226,2018,RS,Senate,2018-04-18,"Senate Committee on Agriculture, Natural Resources, & Energy Refer Unamended to Senate Committee of the Whole",2
SB18-226,2018,RS,Senate,2018-04-23,Senate Second Reading Passed - No Amendments,3
SB18-226,2018,RS,Senate,2018-04-24,Senate Third Reading Laid Over Daily - No Amendments,4
SB18-226,2018,RS,Senate,2018-04-25,Senate Third Reading Passed - No Amendments,5
SB18-226,2018,RS,House,2018-04-26,Introduced In House - Assigned to Transportation & Energy,6
SB18-226,2018,RS,House,2018-05-02,House Committee on Transportation & Energy Postpone Indefinitely,7
SB18-227,2018,RS,Senate,2018-04-02,"Introduced In Senate - Assigned to Agriculture, Natural Resources, & Energy",1
SB18-227,2018,RS,Senate,2018-04-19,"Senate Committee on Agriculture, Natural Resources, & Energy Postpone Indefinitely",2
SB18-228,2018,RS,Senate,2018-04-02,Introduced In Senate - Assigned to Education,1
SB18-228,2018,RS,Senate,2018-04-12,Senate Committee on Education Refer Unamended to Senate Committee of the Whole,2
SB18-228,2018,RS,Senate,2018-04-17,Senate Second Reading Passed - No Amendments,3
SB18-228,2018,RS,Senate,2018-04-18,Senate Third Reading Laid Over Daily - No Amendments,4
SB18-228,2018,RS,Senate,2018-04-19,Senate Third Reading Passed - No Amendments,5
SB18-228,2018,RS,House,2018-04-23,"Introduced In House - Assigned to State, Veterans, & Military Affairs",6
SB18-228,2018,RS,House,2018-05-02,"House Committee on State, Veterans, & Military Affairs Postpone Indefinitely",7
SB18-229,2018,RS,Senate,2018-04-02,Introduced In Senate - Assigned to Education,1
SB18-229,2018,RS,Senate,2018-04-12,Senate Committee on Education Lay Over Amended,2
SB18-229,2018,RS,Senate,2018-04-18,Senate Committee on Education Refer Amended to Finance,3
SB18-229,2018,RS,Senate,2018-04-19,Senate Committee on Finance Refer Unamended to Appropriations,4
SB18-229,2018,RS,Senate,2018-04-24,Senate Committee on Appropriations Refer Amended to Senate Committee of the Whole,5
SB18-229,2018,RS,Senate,2018-04-26,Senate Second Reading Passed with Amendments - Committee,6
SB18-229,2018,RS,Senate,2018-04-27,Senate Third Reading Passed - No Amendments,7
SB18-229,2018,RS,House,2018-04-27,Introduced In House - Assigned to Education,8
SB18-229,2018,RS,House,2018-04-30,House Committee on Education Refer Unamended to Finance,9
SB18-229,2018,RS,House,2018-05-02,House Committee on Finance Refer Unamended to Appropriations,10
SB18-229,2018,RS,House,2018-05-02,House Committee on Appropriations Refer Unamended to House Committee of the Whole,11
SB18-229,2018,RS,House,2018-05-04,House Second Reading Special Order - Passed - No Amendments,12
SB18-229,2018,RS,House,2018-05-07,House Third Reading Passed - No Amendments,13
SB18-229,2018,RS,Senate,2018-05-16,Signed by the President of the Senate,14
SB18-229,2018,RS,House,2018-05-16,Signed by the Speaker of the House,15
SB18-229,2018,RS,Governor,2018-05-16,Sent to the Governor,16
SB18-229,2018,RS,Governor,2018-05-24,Governor Signed,17
SB18-230,2018,RS,Senate,2018-04-04,"Introduced In Senate - Assigned to Agriculture, Natural Resources, & Energy",1
SB18-230,2018,RS,Senate,2018-04-11,"Senate Committee on Agriculture, Natural Resources, & Energy Refer Unamended to Senate Committee of the Whole",2
SB18-230,2018,RS,Senate,2018-04-13,Senate Second Reading Laid Over Daily - No Amendments,3
SB18-230,2018,RS,Senate,2018-04-17,Senate Second Reading Laid Over to 04/19/2018 - No Amendments,4
SB18-230,2018,RS,Senate,2018-04-19,Senate Second Reading Laid Over to 04/23/2018 - No Amendments,5
SB18-230,2018,RS,Senate,2018-04-23,Senate Second Reading Passed - No Amendments,6
SB18-230,2018,RS,Senate,2018-04-24,Senate Third Reading Passed - No Amendments,7
SB18-230,2018,RS,House,2018-04-24,"Introduced In House - Assigned to State, Veterans, & Military Affairs",8
SB18-230,2018,RS,House,2018-05-02,"House Committee on State, Veterans, & Military Affairs Refer Amended to House Committee of the Whole",9
SB18-230,2018,RS,House,2018-05-02,House Second Reading Special Order - Passed with Amendments - Committee,10
SB18-230,2018,RS,House,2018-05-03,House Third Reading Passed - No Amendments,11
SB18-230,2018,RS,Senate,2018-05-03,Senate Considered House Amendments - Result was to Concur - Repass,12
SB18-230,2018,RS,Senate,2018-05-14,Signed by the President of the Senate,13
SB18-230,2018,RS,House,2018-05-15,Signed by the Speaker of the House,14
SB18-230,2018,RS,Governor,2018-05-15,Sent to the Governor,15
SB18-230,2018,RS,Governor,2018-06-01,Governor Signed,16
SB18-231,2018,RS,Senate,2018-04-05,Introduced In Senate - Assigned to Appropriations,1
SB18-231,2018,RS,Senate,2018-04-11,Senate Committee on Appropriations Refer Unamended to Senate Committee of the Whole,2
SB18-231,2018,RS,Senate,2018-04-13,Senate Second Reading Laid Over Daily - No Amendments,3
SB18-231,2018,RS,Senate,2018-04-16,Senate Second Reading Passed - No Amendments,4
SB18-231,2018,RS,Senate,2018-04-17,Senate Third Reading Passed - No Amendments,5
SB18-231,2018,RS,House,2018-04-18,Introduced In House - Assigned to Public Health Care & Human Services,6
SB18-231,2018,RS,House,2018-05-01,House Committee on Public Health Care & Human Services Refer Amended to Appropriations,7
SB18-231,2018,RS,House,2018-05-02,House Committee on Appropriations Refer Unamended to House Committee of the Whole,8
SB18-231,2018,RS,House,2018-05-04,House Second Reading Special Order - Passed with Amendments - Committee,9
SB18-231,2018,RS,House,2018-05-07,House Third Reading Passed - No Amendments,10
SB18-231,2018,RS,Senate,2018-05-07,Senate Considered House Amendments - Result was to Concur - Repass,11
SB18-231,2018,RS,Senate,2018-05-16,Signed by the President of the Senate,12
SB18-231,2018,RS,House,2018-05-16,Signed by the Speaker of the House,13
SB18-231,2018,RS,Governor,2018-05-16,Sent to the Governor,14
SB18-231,2018,RS,Governor,2018-05-30,Governor Signed,15
SB18-232,2018,RS,Senate,2018-04-09,Introduced In Senate - Assigned to Finance,1
SB18-232,2018,RS,Senate,2018-04-12,Senate Committee on Finance Refer Unamended - Consent Calendar to Senate Committee of the Whole,2
SB18-232,2018,RS,Senate,2018-04-16,Senate Second Reading Passed - No Amendments,3
SB18-232,2018,RS,Senate,2018-04-17,Senate Third Reading Passed - No Amendments,4
SB18-232,2018,RS,House,2018-04-18,Introduced In House - Assigned to Finance,5
SB18-232,2018,RS,House,2018-04-25,House Committee on Finance Lay Over Unamended - Amendment(s) Failed,6
SB18-232,2018,RS,House,2018-04-30,House Committee on Finance Refer Unamended to House Committee of the Whole,7
SB18-232,2018,RS,House,2018-04-30,House Second Reading Special Order - Passed - No Amendments,8
SB18-232,2018,RS,House,2018-05-01,House Third Reading Passed - No Amendments,9
SB18-232,2018,RS,Senate,2018-05-11,Signed by the President of the Senate,10
SB18-232,2018,RS,House,2018-05-11,Signed by the Speaker of the House,11
SB18-232,2018,RS,Governor,2018-05-11,Sent to the Governor,12
SB18-232,2018,RS,Governor,2018-05-30,Governor Signed,13
SB18-233,2018,RS,Senate,2018-04-09,"Introduced In Senate - Assigned to State, Veterans, & Military Affairs",1
SB18-233,2018,RS,Senate,2018-04-16,"Senate Committee on State, Veterans, & Military Affairs Refer Amended to Senate Committee of the Whole",2
SB18-233,2018,RS,Senate,2018-04-19,Senate Second Reading Passed with Amendments - Committee,3
SB18-233,2018,RS,Senate,2018-04-20,Senate Third Reading Laid Over Daily - No Amendments,4
SB18-233,2018,RS,Senate,2018-04-23,Senate Third Reading Passed - No Amendments,5
SB18-233,2018,RS,House,2018-04-24,"Introduced In House - Assigned to State, Veterans, & Military Affairs",6
SB18-233,2018,RS,House,2018-04-26,"House Committee on State, Veterans, & Military Affairs Refer Amended to Appropriations",7
SB18-233,2018,RS,House,2018-05-02,House Committee on Appropriations Refer Amended to House Committee of the Whole,8
SB18-233,2018,RS,House,2018-05-02,House Second Reading Special Order - Passed with Amendments - Committee,9
SB18-233,2018,RS,House,2018-05-03,House Third Reading Passed - No Amendments,10
SB18-233,2018,RS,Senate,2018-05-03,Senate Considered House Amendments - Result was to Concur - Repass,11
SB18-233,2018,RS,Senate,2018-05-16,Signed by the President of the Senate,12
SB18-233,2018,RS,House,2018-05-17,Signed by the Speaker of the House,13
SB18-233,2018,RS,Governor,2018-05-17,Sent to the Governor,14
SB18-233,2018,RS,Governor,2018-05-29,Governor Signed,15
SB18-234,2018,RS,Senate,2018-04-09,Introduced In Senate - Assigned to Judiciary,1
SB18-234,2018,RS,Senate,2018-04-16,Senate Committee on Judiciary Witness Testimony and/or Committee Discussion Only,2
SB18-234,2018,RS,Senate,2018-04-18,Senate Committee on Judiciary Refer Amended - Consent Calendar to Senate Committee of the Whole,3
SB18-234,2018,RS,Senate,2018-04-23,Senate Second Reading Passed with Amendments - Committee,4
SB18-234,2018,RS,Senate,2018-04-24,Senate Third Reading Passed - No Amendments,5
SB18-234,2018,RS,House,2018-04-24,"Introduced In House - Assigned to Health, Insurance, & Environment",6
SB18-234,2018,RS,House,2018-05-01,"House Committee on Health, Insurance, & Environment Refer Amended to Finance",7
SB18-234,2018,RS,House,2018-05-02,House Committee on Finance Refer Amended to Appropriations,8
SB18-234,2018,RS,House,2018-05-04,House Committee on Appropriations Refer Amended to House Committee of the Whole,9
SB18-234,2018,RS,House,2018-05-04,House Second Reading Special Order - Passed with Amendments - Committee,10
SB18-234,2018,RS,House,2018-05-07,House Third Reading Passed - No Amendments,11
SB18-234,2018,RS,Senate,2018-05-07,Senate Considered House Amendments - Result was to Concur - Repass,12
SB18-234,2018,RS,Senate,2018-05-16,Signed by the President of the Senate,13
SB18-234,2018,RS,House,2018-05-16,Signed by the Speaker of the House,14
SB18-234,2018,RS,Governor,2018-05-16,Sent to the Governor,15
SB18-234,2018,RS,Governor,2018-05-30,Governor Signed,16
SB18-235,2018,RS,Senate,2018-04-09,"Introduced In Senate - Assigned to Agriculture, Natural Resources, & Energy",1
SB18-235,2018,RS,Senate,2018-04-12,"Senate Committee on Agriculture, Natural Resources, & Energy Refer Amended - Consent Calendar to Senate Committee of the Whole",2
SB18-235,2018,RS,Senate,2018-04-17,Senate Second Reading Laid Over to 04/19/2018 - No Amendments,3
SB18-235,2018,RS,Senate,2018-04-19,Senate Second Reading Laid Over to 04/26/2018 - No Amendments,4
SB18-235,2018,RS,Senate,2018-04-26,"Senate Second Reading Passed with Amendments - Committee, Floor",5
SB18-235,2018,RS,Senate,2018-04-27,Senate Third Reading Passed - No Amendments,6
SB18-235,2018,RS,House,2018-04-27,"Introduced In House - Assigned to Agriculture, Livestock, & Natural Resources",7
SB18-235,2018,RS,House,2018-04-30,"House Committee on Agriculture, Livestock, & Natural Resources Refer Unamended to House Committee of the Whole",8
SB18-235,2018,RS,House,2018-05-02,House Second Reading Special Order - Passed - No Amendments,9
SB18-235,2018,RS,House,2018-05-03,House Third Reading Passed - No Amendments,10
SB18-235,2018,RS,Senate,2018-05-11,Signed by the President of the Senate,11
SB18-235,2018,RS,House,2018-05-11,Signed by the Speaker of the House,12
SB18-235,2018,RS,Governor,2018-05-11,Sent to the Governor,13
SB18-235,2018,RS,Governor,2018-05-29,Governor Signed,14
SB18-236,2018,RS,Senate,2018-04-09,"Introduced In Senate - Assigned to Business, Labor, & Technology",1
SB18-236,2018,RS,Senate,2018-04-18,"Senate Committee on Business, Labor, & Technology Refer Amended to Senate Committee of the Whole",2
SB18-236,2018,RS,Senate,2018-04-23,Senate Second Reading Passed with Amendments - Committee,3
SB18-236,2018,RS,Senate,2018-04-24,Senate Third Reading Passed - No Amendments,4
SB18-236,2018,RS,House,2018-04-24,"Introduced In House - Assigned to State, Veterans, & Military Affairs",5
SB18-236,2018,RS,House,2018-05-03,"House Committee on State, Veterans, & Military Affairs Postpone Indefinitely",6
SB18-237,2018,RS,Senate,2018-04-09,Introduced In Senate - Assigned to Health & Human Services,1
SB18-237,2018,RS,Senate,2018-04-18,Senate Committee on Health & Human Services Postpone Indefinitely,2
SB18-238,2018,RS,Senate,2018-04-11,Introduced In Senate - Assigned to Local Government,1
SB18-238,2018,RS,Senate,2018-04-17,Senate Committee on Local Government Refer Amended to Senate Committee of the Whole,2
SB18-238,2018,RS,Senate,2018-04-20,Senate Second Reading Laid Over Daily - No Amendments,3
SB18-238,2018,RS,Senate,2018-04-23,Senate Second Reading Passed with Amendments - Committee,4
SB18-238,2018,RS,Senate,2018-04-24,Senate Third Reading Passed - No Amendments,5
SB18-238,2018,RS,House,2018-04-25,Introduced In House - Assigned to Local Government + Judiciary,6
SB18-238,2018,RS,House,2018-04-26,House Committee on Local Government Refer Unamended to Judiciary,7
SB18-238,2018,RS,House,2018-05-08,House Committee on Judiciary Postpone Indefinitely,8
SB18-239,2018,RS,Senate,2018-04-11,"Introduced In Senate - Assigned to Agriculture, Natural Resources, & Energy",1
SB18-239,2018,RS,Senate,2018-04-18,"Senate Committee on Agriculture, Natural Resources, & Energy Refer Unamended - Consent Calendar to Senate Committee of the Whole",2
SB18-239,2018,RS,Senate,2018-04-23,Senate Second Reading Passed - No Amendments,3
SB18-239,2018,RS,Senate,2018-04-24,Senate Third Reading Passed - No Amendments,4
SB18-239,2018,RS,House,2018-04-24,"Introduced In House - Assigned to Agriculture, Livestock, & Natural Resources",5
SB18-239,2018,RS,House,2018-04-30,"House Committee on Agriculture, Livestock, & Natural Resources Refer Unamended to House Committee of the Whole",6
SB18-239,2018,RS,House,2018-05-02,House Second Reading Special Order - Passed - No Amendments,7
SB18-239,2018,RS,House,2018-05-03,House Third Reading Passed - No Amendments,8
SB18-239,2018,RS,Senate,2018-05-11,Signed by the President of the Senate,9
SB18-239,2018,RS,House,2018-05-11,Signed by the Speaker of the House,10
SB18-239,2018,RS,Governor,2018-05-11,Sent to the Governor,11
SB18-239,2018,RS,Governor,2018-05-26,Governor Signed,12
SB18-240,2018,RS,Senate,2018-04-11,Introduced In Senate - Assigned to Judiciary,1
SB18-240,2018,RS,Senate,2018-04-25,Senate Committee on Judiciary Postpone Indefinitely,2
SB18-241,2018,RS,Senate,2018-04-12,"Introduced In Senate - Assigned to State, Veterans, & Military Affairs",1
SB18-241,2018,RS,Senate,2018-04-23,"Senate Committee on State, Veterans, & Military Affairs Refer Unamended to Appropriations",2
SB18-241,2018,RS,Senate,2018-04-26,Senate Committee on Appropriations Refer Amended to Senate Committee of the Whole,3
SB18-241,2018,RS,Senate,2018-04-30,Senate Second Reading Laid Over Daily - No Amendments,4
SB18-241,2018,RS,Senate,2018-05-01,Senate Second Reading Lost - No Amendments,5
SB18-242,2018,RS,Senate,2018-04-13,"Introduced In Senate - Assigned to State, Veterans, & Military Affairs",1
SB18-242,2018,RS,Senate,2018-04-18,"Senate Committee on State, Veterans, & Military Affairs Refer Unamended to Senate Committee of the Whole",2
SB18-242,2018,RS,Senate,2018-04-23,Senate Second Reading Passed - No Amendments,3
SB18-242,2018,RS,Senate,2018-04-24,Senate Third Reading Passed - No Amendments,4
SB18-242,2018,RS,House,2018-04-24,"Introduced In House - Assigned to State, Veterans, & Military Affairs",5
SB18-242,2018,RS,House,2018-05-03,"House Committee on State, Veterans, & Military Affairs Refer Unamended to House Committee of the Whole",6
SB18-242,2018,RS,House,2018-05-07,House Second Reading Laid Over Daily - No Amendments,7
SB18-242,2018,RS,House,2018-05-08,House Second Reading Special Order - Passed - No Amendments,8
SB18-242,2018,RS,House,2018-05-09,House Third Reading Passed with Amendments - Floor,9
SB18-242,2018,RS,Senate,2018-05-09,Senate Considered House Amendments - Result was to Concur - Repass,10
SB18-242,2018,RS,Senate,2018-05-09,Senate Considered House Amendments - Result was to Reconsider,11
SB18-242,2018,RS,Senate,2018-05-16,Signed by the President of the Senate,12
SB18-242,2018,RS,House,2018-05-17,Signed by the Speaker of the House,13
SB18-242,2018,RS,Governor,2018-05-17,Sent to the Governor,14
SB18-242,2018,RS,Governor,2018-06-01,Governor Signed,15
SB18-243,2018,RS,Senate,2018-04-16,"Introduced In Senate - Assigned to State, Veterans, & Military Affairs",1
SB18-243,2018,RS,Senate,2018-04-23,"Senate Committee on State, Veterans, & Military Affairs Lay Over Amended",2
SB18-243,2018,RS,Senate,2018-04-25,"Senate Committee on State, Veterans, & Military Affairs Refer Amended to Appropriations",3
SB18-243,2018,RS,Senate,2018-04-26,Senate Committee on Appropriations Refer Amended to Senate Committee of the Whole,4
SB18-243,2018,RS,Senate,2018-04-30,"Senate Second Reading Passed with Amendments - Committee, Floor",5
SB18-243,2018,RS,Senate,2018-05-01,Senate Third Reading Passed - No Amendments,6
SB18-243,2018,RS,House,2018-05-02,Introduced In House - Assigned to Public Health Care & Human Services + Appropriations,7
SB18-243,2018,RS,House,2018-05-04,House Committee on Public Health Care & Human Services Refer Amended to Appropriations,8
SB18-243,2018,RS,House,2018-05-07,House Committee on Appropriations Refer Amended to House Committee of the Whole,9
SB18-243,2018,RS,House,2018-05-07,"House Second Reading Special Order - Passed with Amendments - Committee, Floor",10
SB18-243,2018,RS,House,2018-05-08,House Third Reading Passed - No Amendments,11
SB18-243,2018,RS,Senate,2018-05-08,Senate Considered House Amendments - Result was to Not Concur - Request Conference Committee,12
SB18-243,2018,RS,House,2018-05-09,House Consideration of First Conference Committee Report result was to Adopt Committee Report - Repass,13
SB18-243,2018,RS,Senate,2018-05-09,Senate Consideration of First Conference Committee Report result was to Adopt Committee Report - Repass,14
SB18-243,2018,RS,Senate,2018-05-18,Signed by the President of the Senate,15
SB18-243,2018,RS,House,2018-05-21,Signed by the Speaker of the House,16
SB18-243,2018,RS,Governor,2018-05-21,Sent to the Governor,17
SB18-243,2018,RS,Governor,2018-06-04,Governor Signed,18
SB18-244,2018,RS,Senate,2018-04-16,"Introduced In Senate - Assigned to Business, Labor, & Technology",1
SB18-244,2018,RS,Senate,2018-04-30,"Senate Committee on Business, Labor, & Technology Postpone Indefinitely",2
SB18-245,2018,RS,Senate,2018-04-16,"Introduced In Senate - Assigned to Agriculture, Natural Resources, & Energy",1
SB18-245,2018,RS,Senate,2018-04-26,"Senate Committee on Agriculture, Natural Resources, & Energy Refer Unamended to Senate Committee of the Whole",2
SB18-245,2018,RS,Senate,2018-05-01,Senate Second Reading Laid Over Daily - No Amendments,3
SB18-245,2018,RS,Senate,2018-05-02,Senate Second Reading Passed with Amendments - Floor,4
SB18-245,2018,RS,Senate,2018-05-03,Senate Third Reading Passed with Amendments - Floor,5
SB18-245,2018,RS,House,2018-05-04,"Introduced In House - Assigned to Agriculture, Livestock, & Natural Resources",6
SB18-245,2018,RS,House,2018-05-07,"House Committee on Agriculture, Livestock, & Natural Resources Refer Unamended to House Committee of the Whole",7
SB18-245,2018,RS,House,2018-05-07,House Second Reading Special Order - Passed - No Amendments,8
SB18-245,2018,RS,House,2018-05-08,House Third Reading Passed - No Amendments,9
SB18-245,2018,RS,Senate,2018-05-16,Signed by the President of the Senate,10
SB18-245,2018,RS,House,2018-05-17,Signed by the Speaker of the House,11
SB18-245,2018,RS,Governor,2018-05-17,Sent to the Governor,12
SB18-245,2018,RS,Governor,2018-06-06,Governor Signed,13
SB18-246,2018,RS,Senate,2018-04-16,"Introduced In Senate - Assigned to State, Veterans, & Military Affairs",1
SB18-246,2018,RS,Senate,2018-04-25,"Senate Committee on State, Veterans, & Military Affairs Postpone Indefinitely",2
SB18-247,2018,RS,Senate,2018-04-16,Introduced In Senate - Assigned to Finance,1
SB18-247,2018,RS,Senate,2018-04-24,Senate Committee on Finance Refer Amended - Consent Calendar to Senate Committee of the Whole,2
SB18-247,2018,RS,Senate,2018-04-25,Senate Second Reading Special Order - Passed with Amendments - Committee,3
SB18-247,2018,RS,Senate,2018-04-26,Senate Third Reading Passed - No Amendments,4
SB18-247,2018,RS,House,2018-04-27,Introduced In House - Assigned to Local Government,5
SB18-247,2018,RS,House,2018-05-02,House Committee on Local Government Refer Unamended to House Committee of the Whole,6
SB18-247,2018,RS,House,2018-05-02,House Second Reading Special Order - Passed - No Amendments,7
SB18-247,2018,RS,House,2018-05-03,House Third Reading Passed - No Amendments,8
SB18-247,2018,RS,Senate,2018-05-11,Signed by the President of the Senate,9
SB18-247,2018,RS,House,2018-05-11,Signed by the Speaker of the House,10
SB18-247,2018,RS,Governor,2018-05-11,Sent to the Governor,11
SB18-247,2018,RS,Governor,2018-05-30,Governor Signed,12
SB18-248,2018,RS,Senate,2018-04-16,Introduced In Senate - Assigned to Finance,1
SB18-248,2018,RS,Senate,2018-04-24,Senate Committee on Finance Refer Amended - Consent Calendar to Senate Committee of the Whole,2
SB18-248,2018,RS,Senate,2018-04-25,Senate Second Reading Special Order - Passed with Amendments - Committee,3
SB18-248,2018,RS,Senate,2018-04-26,Senate Third Reading Passed - No Amendments,4
SB18-248,2018,RS,House,2018-04-26,Introduced In House - Assigned to Finance,5
SB18-248,2018,RS,House,2018-05-02,House Committee on Finance Refer Unamended to House Committee of the Whole,6
SB18-248,2018,RS,House,2018-05-02,House Second Reading Special Order - Passed - No Amendments,7
SB18-248,2018,RS,House,2018-05-03,House Third Reading Passed - No Amendments,8
SB18-248,2018,RS,Senate,2018-05-11,Signed by the President of the Senate,9
SB18-248,2018,RS,House,2018-05-11,Signed by the Speaker of the House,10
SB18-248,2018,RS,Governor,2018-05-11,Sent to the Governor,11
SB18-248,2018,RS,Governor,2018-05-30,Governor Signed,12
SB18-249,2018,RS,Senate,2018-04-17,Introduced In Senate - Assigned to Judiciary,1
SB18-249,2018,RS,Senate,2018-04-30,Senate Committee on Judiciary Refer Amended to Appropriations,2
SB18-249,2018,RS,Senate,2018-05-01,Senate Committee on Appropriations Refer Amended - Consent Calendar to Senate Committee of the Whole,3
SB18-249,2018,RS,Senate,2018-05-02,"Senate Second Reading Special Order - Passed with Amendments - Committee, Floor",4
SB18-249,2018,RS,Senate,2018-05-03,Senate Third Reading Passed - No Amendments,5
SB18-249,2018,RS,House,2018-05-03,Introduced In House - Assigned to Judiciary,6
SB18-249,2018,RS,House,2018-05-03,House Committee on Judiciary Refer Amended to Appropriations,7
SB18-249,2018,RS,House,2018-05-04,House Committee on Appropriations Refer Amended to House Committee of the Whole,8
SB18-249,2018,RS,House,2018-05-04,House Second Reading Special Order - Passed with Amendments - Committee,9
SB18-249,2018,RS,House,2018-05-07,House Third Reading Passed - No Amendments,10
SB18-249,2018,RS,Senate,2018-05-07,Senate Considered House Amendments - Result was to Concur - Repass,11
SB18-249,2018,RS,Senate,2018-05-15,Signed by the President of the Senate,12
SB18-249,2018,RS,House,2018-05-16,Signed by the Speaker of the House,13
SB18-249,2018,RS,Governor,2018-05-16,Sent to the Governor,14
SB18-249,2018,RS,Governor,2018-05-30,Governor Signed,15
SB18-250,2018,RS,Senate,2018-04-17,Introduced In Senate - Assigned to Judiciary,1
SB18-250,2018,RS,Senate,2018-04-30,Senate Committee on Judiciary Refer Amended to Appropriations,2
SB18-250,2018,RS,Senate,2018-05-01,Senate Committee on Appropriations Refer Amended to Senate Committee of the Whole,3
SB18-250,2018,RS,Senate,2018-05-02,Senate Second Reading Special Order - Passed with Amendments - Committee,4
SB18-250,2018,RS,Senate,2018-05-03,Senate Third Reading Passed - No Amendments,5
SB18-250,2018,RS,House,2018-05-03,Introduced In House - Assigned to Judiciary,6
SB18-250,2018,RS,House,2018-05-03,House Committee on Judiciary Refer Amended to Appropriations,7
SB18-250,2018,RS,House,2018-05-04,House Committee on Appropriations Refer Unamended to House Committee of the Whole,8
SB18-250,2018,RS,House,2018-05-04,House Second Reading Special Order - Passed with Amendments - Committee,9
SB18-250,2018,RS,House,2018-05-07,House Third Reading Passed - No Amendments,10
SB18-250,2018,RS,Senate,2018-05-07,Senate Considered House Amendments - Result was to Concur - Repass,11
SB18-250,2018,RS,Senate,2018-05-15,Signed by the President of the Senate,12
SB18-250,2018,RS,House,2018-05-16,Signed by the Speaker of the House,13
SB18-250,2018,RS,Governor,2018-05-16,Sent to the Governor,14
SB18-250,2018,RS,Governor,2018-06-06,Governor Signed,15
SB18-251,2018,RS,Senate,2018-04-17,Introduced In Senate - Assigned to Judiciary,1
SB18-251,2018,RS,Senate,2018-04-30,Senate Committee on Judiciary Refer Amended to Appropriations,2
SB18-251,2018,RS,Senate,2018-05-01,Senate Committee on Appropriations Refer Amended to Senate Committee of the Whole,3
SB18-251,2018,RS,Senate,2018-05-02,Senate Second Reading Special Order - Passed with Amendments - Committee,4
SB18-251,2018,RS,Senate,2018-05-03,Senate Third Reading Passed - No Amendments,5
SB18-251,2018,RS,House,2018-05-03,Introduced In House - Assigned to Judiciary,6
SB18-251,2018,RS,House,2018-05-03,House Committee on Judiciary Refer Amended to Appropriations,7
SB18-251,2018,RS,House,2018-05-04,House Committee on Appropriations Refer Unamended to House Committee of the Whole,8
SB18-251,2018,RS,House,2018-05-04,House Second Reading Special Order - Passed with Amendments - Committee,9
SB18-251,2018,RS,House,2018-05-07,House Third Reading Passed - No Amendments,10
SB18-251,2018,RS,Senate,2018-05-07,Senate Considered House Amendments - Result was to Concur - Repass,11
SB18-251,2018,RS,Senate,2018-05-16,Signed by the President of the Senate,12
SB18-251,2018,RS,House,2018-05-17,Signed by the Speaker of the House,13
SB18-251,2018,RS,Governor,2018-05-17,Sent to the Governor,14
SB18-251,2018,RS,Governor,2018-06-06,Governor Signed,15
SB18-252,2018,RS,Senate,2018-04-17,Introduced In Senate - Assigned to Judiciary,1
SB18-252,2018,RS,Senate,2018-04-30,Senate Committee on Judiciary Refer Amended to Appropriations,2
SB18-252,2018,RS,Senate,2018-05-01,Senate Committee on Appropriations Refer Amended to Senate Committee of the Whole,3
SB18-252,2018,RS,Senate,2018-05-02,"Senate Second Reading Special Order - Passed with Amendments - Committee, Floor",4
SB18-252,2018,RS,Senate,2018-05-03,Senate Third Reading Passed - No Amendments,5
SB18-252,2018,RS,House,2018-05-03,Introduced In House - Assigned to Judiciary,6
SB18-252,2018,RS,House,2018-05-04,House Committee on Judiciary Refer Amended to Appropriations,7
SB18-252,2018,RS,House,2018-05-04,House Committee on Appropriations Refer Unamended to House Committee of the Whole,8
SB18-252,2018,RS,House,2018-05-04,House Second Reading Special Order - Passed with Amendments - Committee,9
SB18-252,2018,RS,House,2018-05-07,House Third Reading Passed - No Amendments,10
SB18-252,2018,RS,Senate,2018-05-07,Senate Considered House Amendments - Result was to Not Concur - Request Conference Committee,11
SB18-252,2018,RS,House,2018-05-09,House Consideration of First Conference Committee Report result was to Adopt Committee Report - Repass,12
SB18-253,2018,RS,Senate,2018-04-17,Introduced In Senate - Assigned to Appropriations,1
SB18-253,2018,RS,Senate,2018-04-24,Senate Committee on Appropriations Refer Unamended to Senate Committee of the Whole,2
SB18-253,2018,RS,Senate,2018-04-26,Senate Second Reading Passed - No Amendments,3
SB18-253,2018,RS,Senate,2018-04-27,Senate Third Reading Passed - No Amendments,4
SB18-253,2018,RS,House,2018-04-27,Introduced In House - Assigned to Transportation & Energy,5
SB18-253,2018,RS,House,2018-05-03,House Committee on Transportation & Energy Refer Unamended to House Committee of the Whole,6
SB18-253,2018,RS,House,2018-05-07,House Second Reading Special Order - Passed - No Amendments,7
SB18-253,2018,RS,House,2018-05-08,House Third Reading Passed - No Amendments,8
SB18-253,2018,RS,Senate,2018-05-16,Signed by the President of the Senate,9
SB18-253,2018,RS,House,2018-05-16,Signed by the Speaker of the House,10
SB18-253,2018,RS,Governor,2018-05-16,Sent to the Governor,11
SB18-253,2018,RS,Governor,2018-05-29,Governor Signed,12
SB18-254,2018,RS,Senate,2018-04-17,Introduced In Senate - Assigned to Appropriations,1
SB18-254,2018,RS,Senate,2018-04-24,Senate Committee on Appropriations Refer Amended to Senate Committee of the Whole,2
SB18-254,2018,RS,Senate,2018-04-26,Senate Second Reading Passed with Amendments - Committee,3
SB18-254,2018,RS,Senate,2018-04-27,Senate Third Reading Passed - No Amendments,4
SB18-254,2018,RS,House,2018-04-27,Introduced In House - Assigned to Public Health Care & Human Services,5
SB18-254,2018,RS,House,2018-05-01,House Committee on Public Health Care & Human Services Refer Unamended to Appropriations,6
SB18-254,2018,RS,House,2018-05-02,House Committee on Appropriations Refer Unamended to House Committee of the Whole,7
SB18-254,2018,RS,House,2018-05-04,House Second Reading Special Order - Passed - No Amendments,8
SB18-254,2018,RS,House,2018-05-07,House Third Reading Passed - No Amendments,9
SB18-254,2018,RS,Senate,2018-05-15,Signed by the President of the Senate,10
SB18-254,2018,RS,House,2018-05-16,Signed by the Speaker of the House,11
SB18-254,2018,RS,Governor,2018-05-16,Sent to the Governor,12
SB18-254,2018,RS,Governor,2018-05-18,Governor Signed,13
SB18-255,2018,RS,Senate,2018-04-17,"Introduced In Senate - Assigned to Business, Labor, & Technology",1
SB18-255,2018,RS,Senate,2018-04-23,"Senate Committee on Business, Labor, & Technology Refer Unamended - Consent Calendar to Senate Committee of the Whole",2
SB18-255,2018,RS,Senate,2018-04-25,Senate Second Reading Passed with Amendments - Floor,3
SB18-255,2018,RS,Senate,2018-04-26,Senate Third Reading Passed - No Amendments,4
SB18-255,2018,RS,House,2018-04-26,Introduced In House - Assigned to Transportation & Energy,5
SB18-255,2018,RS,House,2018-05-03,House Committee on Transportation & Energy Refer Amended to House Committee of the Whole,6
SB18-255,2018,RS,House,2018-05-07,House Second Reading Special Order - Passed with Amendments - Committee,7
SB18-255,2018,RS,House,2018-05-08,House Third Reading Passed with Amendments - Floor,8
SB18-255,2018,RS,Senate,2018-05-08,Senate Considered House Amendments - Result was to Concur - Repass,9
SB18-255,2018,RS,Senate,2018-05-16,Signed by the President of the Senate,10
SB18-255,2018,RS,House,2018-05-17,Signed by the Speaker of the House,11
SB18-255,2018,RS,Governor,2018-05-17,Sent to the Governor,12
SB18-255,2018,RS,Governor,2018-06-06,Governor Signed,13
SB18-256,2018,RS,Senate,2018-04-17,"Introduced In Senate - Assigned to State, Veterans, & Military Affairs",1
SB18-256,2018,RS,Senate,2018-04-25,"Senate Committee on State, Veterans, & Military Affairs Postpone Indefinitely",2
SB18-257,2018,RS,Senate,2018-04-17,"Introduced In Senate - Assigned to State, Veterans, & Military Affairs",1
SB18-257,2018,RS,Senate,2018-04-25,"Senate Committee on State, Veterans, & Military Affairs Postpone Indefinitely",2
SB18-258,2018,RS,Senate,2018-04-17,Introduced In Senate - Assigned to Judiciary,1
SB18-258,2018,RS,Senate,2018-04-30,Senate Committee on Judiciary Refer Unamended to Senate Committee of the Whole,2
SB18-258,2018,RS,Senate,2018-05-02,Senate Second Reading Passed with Amendments - Floor,3
SB18-258,2018,RS,Senate,2018-05-03,Senate Third Reading Laid Over Daily - No Amendments,4
SB18-258,2018,RS,Senate,2018-05-04,Senate Third Reading Passed - No Amendments,5
SB18-258,2018,RS,House,2018-05-04,Introduced In House - Assigned to Judiciary,6
SB18-258,2018,RS,House,2018-05-08,House Committee on Judiciary Postpone Indefinitely,7
SB18-259,2018,RS,Senate,2018-04-17,Introduced In Senate - Assigned to Finance,1
SB18-259,2018,RS,Senate,2018-04-24,Senate Committee on Finance Refer Amended to Appropriations,2
SB18-259,2018,RS,Senate,2018-04-26,Senate Committee on Appropriations Refer Amended - Consent Calendar to Senate Committee of the Whole,3
SB18-259,2018,RS,Senate,2018-04-27,Senate Second Reading Special Order - Passed with Amendments - Committee,4
SB18-259,2018,RS,Senate,2018-04-30,Senate Third Reading Passed - No Amendments,5
SB18-259,2018,RS,House,2018-04-30,Introduced In House - Assigned to Local Government,6
SB18-259,2018,RS,House,2018-05-02,House Committee on Local Government Refer Unamended to Appropriations,7
SB18-259,2018,RS,House,2018-05-04,House Committee on Appropriations Refer Unamended to House Committee of the Whole,8
SB18-259,2018,RS,House,2018-05-04,House Second Reading Special Order - Laid Over to 05/07/2018 - No Amendments,9
SB18-259,2018,RS,House,2018-05-07,House Second Reading Special Order - Passed with Amendments - Floor,10
SB18-259,2018,RS,House,2018-05-08,House Third Reading Passed - No Amendments,11
SB18-259,2018,RS,Senate,2018-05-08,Senate Considered House Amendments - Result was to Not Concur - Request Conference Committee,12
SB18-259,2018,RS,ConfComm,2018-05-09,First Conference Committee Result was to Adopt Rerevised w/ Amendments,13
SB18-259,2018,RS,House,2018-05-09,House Consideration of First Conference Committee Report result was to Adopt Committee Report - Repass,14
SB18-259,2018,RS,Senate,2018-05-09,Senate Consideration of First Conference Committee Report result was to Adopt Committee Report - Repass,15
SB18-259,2018,RS,Senate,2018-05-16,Signed by the President of the Senate,16
SB18-259,2018,RS,House,2018-05-17,Signed by the Speaker of the House,17
SB18-259,2018,RS,Governor,2018-05-17,Sent to the Governor,18
SB18-259,2018,RS,Governor,2018-06-06,Governor Signed,19
SB18-260,2018,RS,Senate,2018-04-17,Introduced In Senate - Assigned to Education,1
SB18-260,2018,RS,Senate,2018-04-25,Senate Committee on Education Refer Amended to Finance,2
SB18-260,2018,RS,Senate,2018-04-26,Senate Committee on Finance Refer Amended to Appropriations,3
SB18-260,2018,RS,Senate,2018-04-27,Senate Committee on Appropriations Refer Amended to Senate Committee of the Whole,4
SB18-260,2018,RS,Senate,2018-05-01,Senate Second Reading Passed with Amendments - Committee,5
SB18-260,2018,RS,Senate,2018-05-02,Senate Third Reading Passed - No Amendments,6
SB18-260,2018,RS,House,2018-05-03,"Introduced In House - Assigned to State, Veterans, & Military Affairs",7
SB18-260,2018,RS,House,2018-05-08,"House Committee on State, Veterans, & Military Affairs Postpone Indefinitely",8
SB18-261,2018,RS,Senate,2018-04-19,"Introduced In Senate - Assigned to State, Veterans, & Military Affairs",1
SB18-261,2018,RS,Senate,2018-04-24,"Senate Committee on State, Veterans, & Military Affairs Refer Unamended to Senate Committee of the Whole",2
SB18-261,2018,RS,Senate,2018-04-26,Senate Second Reading Laid Over Daily - No Amendments,3
SB18-261,2018,RS,Senate,2018-04-27,Senate Second Reading Passed - No Amendments,4
SB18-261,2018,RS,Senate,2018-04-30,Senate Third Reading Lost - No Amendments,5
SB18-262,2018,RS,Senate,2018-04-19,Introduced In Senate - Assigned to Finance,1
SB18-262,2018,RS,Senate,2018-04-24,Senate Committee on Finance Refer Amended to Appropriations,2
SB18-262,2018,RS,Senate,2018-05-07,Senate Committee on Appropriations Refer Amended to Senate Committee of the Whole,3
SB18-262,2018,RS,Senate,2018-05-07,Senate Second Reading Special Order - Passed with Amendments - Committee,4
SB18-262,2018,RS,Senate,2018-05-08,Senate Third Reading Passed - No Amendments,5
SB18-262,2018,RS,House,2018-05-08,Introduced In House - Assigned to Appropriations,6
SB18-262,2018,RS,House,2018-05-08,House Committee on Appropriations Refer Amended to House Committee of the Whole,7
SB18-262,2018,RS,House,2018-05-08,House Second Reading Special Order - Passed with Amendments - Committee,8
SB18-262,2018,RS,House,2018-05-09,House Third Reading Passed with Amendments - Floor,9
SB18-262,2018,RS,Senate,2018-05-09,Senate Considered House Amendments - Result was to Concur - Repass,10
SB18-262,2018,RS,Senate,2018-05-16,Signed by the President of the Senate,11
SB18-262,2018,RS,House,2018-05-17,Signed by the Speaker of the House,12
SB18-262,2018,RS,Governor,2018-05-17,Sent to the Governor,13
SB18-262,2018,RS,Governor,2018-05-29,Governor Signed,14
SB18-263,2018,RS,Senate,2018-04-20,"Introduced In Senate - Assigned to State, Veterans, & Military Affairs",1
SB18-263,2018,RS,Senate,2018-04-30,"Senate Committee on State, Veterans, & Military Affairs Refer Amended to Senate Committee of the Whole",2
SB18-263,2018,RS,Senate,2018-05-02,Senate Second Reading Passed with Amendments - Committee,3
SB18-263,2018,RS,Senate,2018-05-03,Senate Third Reading Passed - No Amendments,4
SB18-263,2018,RS,House,2018-05-07,Introduced In House - Assigned to Judiciary,5
SB18-263,2018,RS,House,2018-05-08,House Committee on Judiciary Postpone Indefinitely,6
SB18-264,2018,RS,Senate,2018-04-20,"Introduced In Senate - Assigned to State, Veterans, & Military Affairs",1
SB18-264,2018,RS,Senate,2018-04-30,"Senate Committee on State, Veterans, & Military Affairs Postpone Indefinitely",2
SB18-265,2018,RS,Senate,2018-04-20,"Introduced In Senate - Assigned to State, Veterans, & Military Affairs",1
SB18-265,2018,RS,Senate,2018-04-30,"Senate Committee on State, Veterans, & Military Affairs Refer Amended to Finance",2
SB18-265,2018,RS,Senate,2018-05-01,Senate Committee on Finance Refer Unamended to Appropriations,3
SB18-265,2018,RS,Senate,2018-05-02,Senate Committee on Appropriations Postpone Indefinitely,4
SB18-266,2018,RS,Senate,2018-04-20,Introduced In Senate - Assigned to Appropriations,1
SB18-266,2018,RS,Senate,2018-04-24,Senate Committee on Appropriations Refer Unamended to Senate Committee of the Whole,2
SB18-266,2018,RS,Senate,2018-04-26,Senate Second Reading Laid Over Daily - No Amendments,3
SB18-266,2018,RS,Senate,2018-04-27,Senate Second Reading Passed with Amendments - Floor,4
SB18-266,2018,RS,Senate,2018-04-30,Senate Third Reading Passed - No Amendments,5
SB18-266,2018,RS,House,2018-04-30,Introduced In House - Assigned to Appropriations,6
SB18-266,2018,RS,House,2018-05-02,House Committee on Appropriations Refer Unamended to House Committee of the Whole,7
SB18-266,2018,RS,House,2018-05-02,House Second Reading Special Order - Passed with Amendments - Floor,8
SB18-266,2018,RS,House,2018-05-03,House Third Reading Passed - No Amendments,9
SB18-266,2018,RS,Senate,2018-05-03,Senate Considered House Amendments - Result was to Concur - Repass,10
SB18-266,2018,RS,Senate,2018-05-11,Signed by the President of the Senate,11
SB18-266,2018,RS,House,2018-05-11,Signed by the Speaker of the House,12
SB18-266,2018,RS,Governor,2018-05-11,Sent to the Governor,13
SB18-266,2018,RS,Governor,2018-05-29,Governor Signed,14
SB18-267,2018,RS,Senate,2018-04-20,Introduced In Senate - Assigned to Finance,1
SB18-267,2018,RS,Senate,2018-04-24,Senate Committee on Finance Refer Unamended to Appropriations,2
SB18-267,2018,RS,Senate,2018-04-26,Senate Committee on Appropriations Refer Unamended - Consent Calendar to Senate Committee of the Whole,3
SB18-267,2018,RS,Senate,2018-04-27,Senate Second Reading Special Order - Passed - No Amendments,4
SB18-267,2018,RS,Senate,2018-04-30,Senate Third Reading Passed - No Amendments,5
SB18-267,2018,RS,House,2018-04-30,Introduced In House - Assigned to Appropriations,6
SB18-267,2018,RS,House,2018-05-04,House Committee on Appropriations Refer Unamended to House Committee of the Whole,7
SB18-267,2018,RS,House,2018-05-04,House Second Reading Special Order - Passed - No Amendments,8
SB18-267,2018,RS,House,2018-05-07,House Third Reading Passed - No Amendments,9
SB18-267,2018,RS,Senate,2018-05-16,Signed by the President of the Senate,10
SB18-267,2018,RS,House,2018-05-17,Signed by the Speaker of the House,11
SB18-267,2018,RS,Governor,2018-05-17,Sent to the Governor,12
SB18-267,2018,RS,Governor,2018-06-06,Governor Signed,13
SB18-268,2018,RS,Senate,2018-04-20,Introduced In Senate - Assigned to Transportation,1
SB18-268,2018,RS,Senate,2018-04-24,Senate Committee on Transportation Refer Unamended - Consent Calendar to Senate Committee of the Whole,2
SB18-268,2018,RS,Senate,2018-04-27,Senate Second Reading Passed - No Amendments,3
SB18-268,2018,RS,Senate,2018-04-30,Senate Third Reading Laid Over Daily - No Amendments,4
SB18-268,2018,RS,Senate,2018-05-01,Senate Third Reading Passed - No Amendments,5
SB18-268,2018,RS,House,2018-05-01,Introduced In House - Assigned to Transportation & Energy,6
SB18-268,2018,RS,House,2018-05-02,House Committee on Transportation & Energy Refer Amended to House Committee of the Whole,7
SB18-268,2018,RS,House,2018-05-02,House Second Reading Special Order - Laid Over to 05/03/2018 - No Amendments,8
SB18-268,2018,RS,House,2018-05-03,House Second Reading Laid Over Daily - No Amendments,9
SB18-268,2018,RS,House,2018-05-04,House Second Reading Special Order - Passed with Amendments - Committee,10
SB18-268,2018,RS,House,2018-05-07,House Third Reading Passed - No Amendments,11
SB18-268,2018,RS,Senate,2018-05-07,Senate Considered House Amendments - Result was to Concur - Repass,12
SB18-268,2018,RS,Senate,2018-05-15,Signed by the President of the Senate,13
SB18-268,2018,RS,House,2018-05-16,Signed by the Speaker of the House,14
SB18-268,2018,RS,Governor,2018-05-16,Sent to the Governor,15
SB18-268,2018,RS,Governor,2018-05-29,Governor Signed,16
SB18-269,2018,RS,Senate,2018-04-20,Introduced In Senate - Assigned to Finance,1
SB18-269,2018,RS,Senate,2018-04-24,Senate Committee on Finance Refer Unamended to Appropriations,2
SB18-269,2018,RS,Senate,2018-04-26,Senate Committee on Appropriations Refer Unamended - Consent Calendar to Senate Committee of the Whole,3
SB18-269,2018,RS,Senate,2018-04-30,Senate Second Reading Passed - No Amendments,4
SB18-269,2018,RS,Senate,2018-05-01,Senate Third Reading Passed - No Amendments,5
SB18-269,2018,RS,House,2018-05-02,Introduced In House - Assigned to Education,6
SB18-269,2018,RS,House,2018-05-07,House Committee on Education Refer Unamended to Appropriations,7
SB18-269,2018,RS,House,2018-05-07,House Committee on Appropriations Refer Unamended to House Committee of the Whole,8
SB18-269,2018,RS,House,2018-05-07,House Second Reading Special Order - Passed with Amendments - Floor,9
SB18-269,2018,RS,House,2018-05-08,House Third Reading Passed - No Amendments,10
SB18-269,2018,RS,Senate,2018-05-08,Senate Considered House Amendments - Result was to Concur - Repass,11
SB18-269,2018,RS,Senate,2018-05-16,Signed by the President of the Senate,12
SB18-269,2018,RS,House,2018-05-17,Signed by the Speaker of the House,13
SB18-269,2018,RS,Governor,2018-05-17,Sent to the Governor,14
SB18-269,2018,RS,Governor,2018-06-06,Governor Signed,15
SB18-270,2018,RS,Senate,2018-04-20,"Introduced In Senate - Assigned to State, Veterans, & Military Affairs",1
SB18-270,2018,RS,Senate,2018-04-30,"Senate Committee on State, Veterans, & Military Affairs Refer Amended to Appropriations",2
SB18-270,2018,RS,Senate,2018-05-03,Senate Committee on Appropriations Refer Amended - Consent Calendar to Senate Committee of the Whole,3
SB18-270,2018,RS,Senate,2018-05-03,Senate Second Reading Special Order - Passed with Amendments - Committee,4
SB18-270,2018,RS,Senate,2018-05-04,Senate Third Reading Passed - No Amendments,5
SB18-270,2018,RS,House,2018-05-04,Introduced In House - Assigned to Public Health Care & Human Services,6
SB18-270,2018,RS,House,2018-05-08,House Committee on Public Health Care & Human Services Refer Unamended to Appropriations,7
SB18-270,2018,RS,House,2018-05-08,House Committee on Appropriations Refer Unamended to House Committee of the Whole,8
SB18-270,2018,RS,House,2018-05-08,House Second Reading Special Order - Passed - No Amendments,9
SB18-270,2018,RS,House,2018-05-09,House Third Reading Passed - No Amendments,10
SB18-270,2018,RS,Senate,2018-05-15,Signed by the President of the Senate,11
SB18-270,2018,RS,House,2018-05-16,Signed by the Speaker of the House,12
SB18-270,2018,RS,Governor,2018-05-16,Sent to the Governor,13
SB18-270,2018,RS,Governor,2018-05-21,Governor Signed,14
SB18-271,2018,RS,Senate,2018-04-20,Introduced In Senate - Assigned to Finance,1
SB18-271,2018,RS,Senate,2018-04-26,Senate Committee on Finance Refer Amended to Appropriations,2
SB18-271,2018,RS,Senate,2018-04-27,Senate Committee on Appropriations Refer Amended - Consent Calendar to Senate Committee of the Whole,3
SB18-271,2018,RS,Senate,2018-05-01,Senate Second Reading Passed with Amendments - Committee,4
SB18-271,2018,RS,Senate,2018-05-02,Senate Third Reading Passed - No Amendments,5
SB18-271,2018,RS,House,2018-05-02,"Introduced In House - Assigned to Agriculture, Livestock, & Natural Resources",6
SB18-271,2018,RS,House,2018-05-07,"House Committee on Agriculture, Livestock, & Natural Resources Refer Amended to Appropriations",7
SB18-271,2018,RS,House,2018-05-07,House Committee on Appropriations Refer Unamended to House Committee of the Whole,8
SB18-271,2018,RS,House,2018-05-07,House Second Reading Special Order - Passed with Amendments - Committee,9
SB18-271,2018,RS,House,2018-05-08,House Third Reading Passed - No Amendments,10
SB18-271,2018,RS,Senate,2018-05-08,Senate Considered House Amendments - Result was to Concur - Repass,11
SB18-271,2018,RS,Senate,2018-05-17,Signed by the President of the Senate,12
SB18-271,2018,RS,House,2018-05-21,Signed by the Speaker of the House,13
SB18-271,2018,RS,Governor,2018-05-21,Sent to the Governor,14
SB18-271,2018,RS,Governor,2018-05-30,Governor Signed,15
SB18-272,2018,RS,Senate,2018-04-20,Introduced In Senate - Assigned to Health & Human Services,1
SB18-272,2018,RS,Senate,2018-04-25,Senate Committee on Health & Human Services Refer Unamended to Appropriations,2
SB18-272,2018,RS,Senate,2018-05-04,Senate Committee on Appropriations Refer Amended to Senate Committee of the Whole,3
SB18-272,2018,RS,Senate,2018-05-04,Senate Second Reading Special Order - Passed with Amendments - Committee,4
SB18-272,2018,RS,Senate,2018-05-07,Senate Third Reading Passed - No Amendments,5
SB18-272,2018,RS,House,2018-05-07,Introduced In House - Assigned to Public Health Care & Human Services,6
SB18-272,2018,RS,House,2018-05-08,House Committee on Public Health Care & Human Services Refer Unamended to Appropriations,7
SB18-272,2018,RS,House,2018-05-08,House Committee on Appropriations Refer Unamended to House Committee of the Whole,8
SB18-272,2018,RS,House,2018-05-08,House Second Reading Special Order - Passed - No Amendments,9
SB18-272,2018,RS,House,2018-05-09,House Third Reading Passed - No Amendments,10
SB18-272,2018,RS,Senate,2018-05-17,Signed by the President of the Senate,11
SB18-272,2018,RS,House,2018-05-21,Signed by the Speaker of the House,12
SB18-272,2018,RS,Governor,2018-05-21,Sent to the Governor,13
SB18-272,2018,RS,Governor,2018-05-30,Governor Signed,14
SB18-273,2018,RS,Senate,2018-04-25,Introduced In Senate - Assigned to Finance,1
SB18-273,2018,RS,Senate,2018-05-01,Senate Committee on Finance Refer Amended to Appropriations,2
SB18-273,2018,RS,Senate,2018-05-02,Senate Committee on Appropriations Refer Unamended - Consent Calendar to Senate Committee of the Whole,3
SB18-273,2018,RS,Senate,2018-05-03,Senate Second Reading Special Order - Passed with Amendments - Committee,4
SB18-273,2018,RS,Senate,2018-05-04,Senate Third Reading Passed - No Amendments,5
SB18-273,2018,RS,House,2018-05-04,"Introduced In House - Assigned to State, Veterans, & Military Affairs",6
SB18-273,2018,RS,House,2018-05-08,"House Committee on State, Veterans, & Military Affairs Postpone Indefinitely",7
SB18-274,2018,RS,Senate,2018-04-27,"Introduced In Senate - Assigned to State, Veterans, & Military Affairs",1
SB18-274,2018,RS,Senate,2018-05-01,"Senate Committee on State, Veterans, & Military Affairs Refer Unamended to Appropriations",2
SB18-274,2018,RS,Senate,2018-05-02,Senate Committee on Appropriations Refer Amended to Senate Committee of the Whole,3
SB18-274,2018,RS,Senate,2018-05-03,"Senate Second Reading Special Order - Passed with Amendments - Committee, Floor",4
SB18-274,2018,RS,Senate,2018-05-04,Senate Third Reading Passed with Amendments - Floor,5
SB18-274,2018,RS,House,2018-05-07,Introduced In House - Assigned to Judiciary,6
SB18-274,2018,RS,House,2018-05-08,House Committee on Judiciary Postpone Indefinitely,7
SB18-275,2018,RS,Senate,2018-04-27,"Introduced In Senate - Assigned to State, Veterans, & Military Affairs",1
SB18-275,2018,RS,Senate,2018-05-01,"Senate Committee on State, Veterans, & Military Affairs Refer Unamended to Senate Committee of the Whole",2
SB18-275,2018,RS,Senate,2018-05-03,Senate Second Reading Passed - No Amendments,3
SB18-275,2018,RS,Senate,2018-05-04,Senate Third Reading Passed - No Amendments,4
SB18-275,2018,RS,House,2018-05-04,"Introduced In House - Assigned to Agriculture, Livestock, & Natural Resources",5
SB18-275,2018,RS,House,2018-05-07,"House Committee on Agriculture, Livestock, & Natural Resources Postpone Indefinitely",6
SB18-276,2018,RS,Senate,2018-04-27,Introduced In Senate - Assigned to Appropriations,1
SB18-276,2018,RS,Senate,2018-05-04,Senate Committee on Appropriations Refer Amended - Consent Calendar to Senate Committee of the Whole,2
SB18-276,2018,RS,Senate,2018-05-07,Senate Second Reading Special Order - Passed with Amendments - Committee,3
SB18-276,2018,RS,Senate,2018-05-08,Senate Third Reading Passed - No Amendments,4
SB18-276,2018,RS,House,2018-05-08,Introduced In House - Assigned to Appropriations,5
SB18-276,2018,RS,House,2018-05-08,House Committee on Appropriations Refer Unamended to House Committee of the Whole,6
SB18-276,2018,RS,House,2018-05-08,House Second Reading Special Order - Passed - No Amendments,7
SB18-276,2018,RS,House,2018-05-09,House Third Reading Passed - No Amendments,8
SB18-276,2018,RS,Senate,2018-05-16,Signed by the President of the Senate,9
SB18-276,2018,RS,House,2018-05-17,Signed by the Speaker of the House,10
SB18-276,2018,RS,Governor,2018-05-17,Sent to the Governor,11
SB18-276,2018,RS,Governor,2018-06-01,Governor Signed,12
SB18-277,2018,RS,Senate,2018-04-27,Introduced In Senate - Assigned to Finance,1
SB18-277,2018,RS,Senate,2018-05-01,Senate Committee on Finance Refer Amended to Senate Committee of the Whole,2
SB18-277,2018,RS,Senate,2018-05-03,"Senate Second Reading Passed with Amendments - Committee, Floor",3
SB18-277,2018,RS,Senate,2018-05-04,Senate Third Reading Laid Over Daily - No Amendments,4
SB18-277,2018,RS,Senate,2018-05-07,Senate Third Reading Lost - No Amendments,5
SB18-278,2018,RS,Senate,2018-04-27,Introduced In Senate - Assigned to Finance,1
SB18-278,2018,RS,Senate,2018-05-01,Senate Committee on Finance Refer Amended to Appropriations,2
SB18-278,2018,RS,Senate,2018-05-02,Senate Committee on Appropriations Refer Amended to Senate Committee of the Whole,3
SB18-278,2018,RS,Senate,2018-05-04,Senate Second Reading Laid Over Daily - No Amendments,4
SB18-278,2018,RS,Senate,2018-05-07,Senate Second Reading Lost with Amendments - Committee,5
SB18-279,2018,RS,Senate,2018-04-27,Introduced In Senate - Assigned to Finance,1
SB18-279,2018,RS,Senate,2018-05-02,Senate Committee on Finance Witness Testimony and/or Committee Discussion Only,2
SB18-279,2018,RS,Senate,2018-05-03,Senate Committee on Finance Postpone Indefinitely,3
SB18-280,2018,RS,Senate,2018-05-03,Introduced In Senate - Assigned to Appropriations,1
SB18-280,2018,RS,Senate,2018-05-04,Senate Committee on Appropriations Refer Amended - Consent Calendar to Senate Committee of the Whole,2
SB18-280,2018,RS,Senate,2018-05-07,Senate Second Reading Special Order - Passed with Amendments - Committee,3
SB18-280,2018,RS,Senate,2018-05-08,Senate Third Reading Passed - No Amendments,4
SB18-280,2018,RS,House,2018-05-08,Introduced In House - Assigned to Appropriations,5
SB18-280,2018,RS,House,2018-05-08,House Committee on Appropriations Refer Unamended to House Committee of the Whole,6
SB18-280,2018,RS,House,2018-05-08,House Second Reading Special Order - Passed - No Amendments,7
SB18-280,2018,RS,House,2018-05-09,House Third Reading Passed - No Amendments,8
SB18-280,2018,RS,Senate,2018-05-16,Signed by the President of the Senate,9
SB18-280,2018,RS,House,2018-05-17,Signed by the Speaker of the House,10
SB18-280,2018,RS,Governor,2018-05-17,Sent to the Governor,11
SB18-280,2018,RS,Governor,2018-06-06,Governor Signed,12
SCR18-001,2018,RS,Senate,2018-04-03,"Introduced In Senate - Assigned to State, Veterans, & Military Affairs + Education + Finance",1
SCR18-001,2018,RS,Senate,2018-04-25,"Senate Committee on State, Veterans, & Military Affairs Postpone Indefinitely",2
SCR18-002,2018,RS,Senate,2018-04-09,"Introduced In Senate - Assigned to State, Veterans, & Military Affairs",1
SCR18-002,2018,RS,Senate,2018-04-23,"Senate Committee on State, Veterans, & Military Affairs Refer Unamended to Senate Committee of the Whole",2
SCR18-002,2018,RS,Senate,2018-04-26,Senate Second Reading Passed - No Amendments,3
SCR18-002,2018,RS,Senate,2018-04-27,Senate Third Reading Lost - No Amendments,4
SCR18-003,2018,RS,Senate,2018-04-11,"Introduced In Senate - Assigned to State, Veterans, & Military Affairs",1
SCR18-003,2018,RS,Senate,2018-04-16,"Senate Committee on State, Veterans, & Military Affairs Refer Unamended to Senate Committee of the Whole",2
SCR18-003,2018,RS,Senate,2018-04-19,Senate Second Reading Passed with Amendments - Floor,3
SCR18-003,2018,RS,Senate,2018-04-20,Senate Third Reading Laid Over Daily - No Amendments,4
SCR18-003,2018,RS,Senate,2018-04-23,Senate Third Reading Passed - No Amendments,5
SCR18-003,2018,RS,House,2018-04-24,"Introduced In House - Assigned to Agriculture, Livestock, & Natural Resources",6
SCR18-003,2018,RS,House,2018-04-30,"House Committee on Agriculture, Livestock, & Natural Resources Refer Unamended to House Committee of the Whole",7
SCR18-003,2018,RS,House,2018-05-02,House Second Reading Special Order - Passed - No Amendments,8
SCR18-003,2018,RS,House,2018-05-03,House Third Reading Passed - No Amendments,9
SCR18-003,2018,RS,Senate,2018-05-11,Signed by the President of the Senate,10
SCR18-003,2018,RS,House,2018-05-11,Signed by the Speaker of the House,11
SCR18-004,2018,RS,Senate,2018-04-18,"Introduced In Senate - Assigned to State, Veterans, & Military Affairs",1
SCR18-004,2018,RS,Senate,2018-04-23,"Senate Committee on State, Veterans, & Military Affairs Refer Unamended to Legislative Council",2
SCR18-004,2018,RS,Senate,2018-04-26,Senate Committee on Legislative Council Refer Unamended to Appropriations,3
SCR18-004,2018,RS,Senate,2018-04-27,Senate Committee on Appropriations Refer Unamended to Senate Committee of the Whole,4
SCR18-004,2018,RS,Senate,2018-04-27,Senate Second Reading Special Order - Passed - No Amendments,5
SCR18-004,2018,RS,Senate,2018-04-30,Senate Third Reading Passed with Amendments - Floor,6
SCR18-004,2018,RS,House,2018-04-30,"Introduced In House - Assigned to State, Veterans, & Military Affairs",7
SCR18-004,2018,RS,House,2018-05-03,"House Committee on State, Veterans, & Military Affairs Refer Unamended to Appropriations",8
SCR18-004,2018,RS,House,2018-05-04,House Committee on Appropriations Refer Unamended to House Committee of the Whole,9
SCR18-004,2018,RS,House,2018-05-04,House Second Reading Special Order - Passed - No Amendments,10
SCR18-004,2018,RS,House,2018-05-07,House Third Reading Passed - No Amendments,11
SCR18-004,2018,RS,Senate,2018-05-16,Signed by the President of the Senate,12
SCR18-004,2018,RS,House,2018-05-16,Signed by the Speaker of the House,13
SCR18-005,2018,RS,Senate,2018-04-18,"Introduced In Senate - Assigned to State, Veterans, & Military Affairs",1
SCR18-005,2018,RS,Senate,2018-04-23,"Senate Committee on State, Veterans, & Military Affairs Refer Unamended to Legislative Council",2
SCR18-005,2018,RS,Senate,2018-04-26,Senate Committee on Legislative Council Refer Unamended to Appropriations,3
SCR18-005,2018,RS,Senate,2018-04-27,Senate Committee on Appropriations Refer Unamended to Senate Committee of the Whole,4
SCR18-005,2018,RS,Senate,2018-04-27,Senate Second Reading Special Order - Passed - No Amendments,5
SCR18-005,2018,RS,Senate,2018-04-30,Senate Third Reading Passed with Amendments - Floor,6
SCR18-005,2018,RS,House,2018-04-30,"Introduced In House - Assigned to State, Veterans, & Military Affairs",7
SCR18-005,2018,RS,House,2018-05-03,"House Committee on State, Veterans, & Military Affairs Refer Amended to Appropriations",8
SCR18-005,2018,RS,House,2018-05-04,House Committee on Appropriations Refer Unamended to House Committee of the Whole,9
SCR18-005,2018,RS,House,2018-05-04,House Second Reading Special Order - Passed with Amendments - Committee,10
SCR18-005,2018,RS,House,2018-05-07,House Third Reading Passed - No Amendments,11
SCR18-005,2018,RS,Senate,2018-05-07,Senate Considered House Amendments - Result was to Concur - Repass,12
SCR18-005,2018,RS,Senate,2018-05-16,Signed by the President of the Senate,13
SCR18-005,2018,RS,House,2018-05-16,Signed by the Speaker of the House,14
SJM18-001,2018,RS,Senate,2018-01-10,Introduced In Senate - Assigned to,1
SJM18-001,2018,RS,Senate,2018-01-10,Senate Third Reading Laid Over to 01/16/2018 - No Amendments,2
SJM18-001,2018,RS,Senate,2018-01-16,Senate Third Reading Passed - No Amendments,3
SJM18-001,2018,RS,House,2018-01-19,Introduced In House - Assigned to,4
SJM18-001,2018,RS,House,2018-01-19,House Third Reading Laid Over Daily - No Amendments,5
SJM18-001,2018,RS,House,2018-01-22,House Third Reading Passed - No Amendments,6
SJM18-001,2018,RS,Senate,2018-01-26,Signed by the President of the Senate,7
SJM18-001,2018,RS,House,2018-01-27,Signed by the Speaker of the House,8
SJM18-002,2018,RS,Senate,2018-01-12,"Introduced In Senate - Assigned to Agriculture, Natural Resources, & Energy",1
SJM18-002,2018,RS,Senate,2018-01-25,"Senate Committee on Agriculture, Natural Resources, & Energy Postpone Indefinitely",2
SJM18-003,2018,RS,Senate,2018-02-05,Introduced In Senate - Assigned to,1
SJM18-003,2018,RS,Senate,2018-02-05,Senate Third Reading Laid Over to 02/07/2018 - No Amendments,2
SJM18-003,2018,RS,Senate,2018-02-07,Senate Third Reading Passed - No Amendments,3
SJM18-003,2018,RS,House,2018-02-12,Introduced In House - Assigned to,4
SJM18-003,2018,RS,House,2018-02-12,House Third Reading Laid Over Daily - No Amendments,5
SJM18-003,2018,RS,House,2018-02-13,House Third Reading Laid Over to 02/14/2018 - No Amendments,6
SJM18-003,2018,RS,House,2018-02-14,House Third Reading Passed - No Amendments,7
SJM18-003,2018,RS,Senate,2018-02-14,Signed by the President of the Senate,8
SJM18-003,2018,RS,House,2018-02-16,Signed by the Speaker of the House,9
SJM18-004,2018,RS,Senate,2018-02-05,Introduced In Senate - Assigned to,1
SJM18-004,2018,RS,Senate,2018-02-05,Senate Third Reading Laid Over Daily - No Amendments,2
SJM18-004,2018,RS,Senate,2018-02-06,Senate Third Reading Passed - No Amendments,3
SJM18-004,2018,RS,House,2018-02-06,Introduced In House - Assigned to,4
SJM18-004,2018,RS,House,2018-02-06,House Third Reading Laid Over Daily - No Amendments,5
SJM18-004,2018,RS,House,2018-02-07,House Third Reading Laid Over to 02/08/2018 - No Amendments,6
SJM18-004,2018,RS,House,2018-02-08,House Third Reading Laid Over to 02/09/2018 - No Amendments,7
SJM18-004,2018,RS,House,2018-02-09,House Third Reading Passed - No Amendments,8
SJM18-004,2018,RS,Senate,2018-02-12,Signed by the President of the Senate,9
SJM18-004,2018,RS,House,2018-02-12,Signed by the Speaker of the House,10
SJM18-005,2018,RS,Senate,2018-04-11,"Introduced In Senate - Assigned to State, Veterans, & Military Affairs",1
SJM18-005,2018,RS,Senate,2018-04-25,"Senate Committee on State, Veterans, & Military Affairs Postpone Indefinitely",2
SJM18-006,2018,RS,Senate,2018-04-25,Introduced In Senate - Assigned to,1
SJM18-006,2018,RS,Senate,2018-04-25,Senate Third Reading Laid Over to 05/01/2018 - No Amendments,2
SJM18-006,2018,RS,Senate,2018-05-01,Senate Third Reading Passed - No Amendments,3
SJM18-006,2018,RS,House,2018-05-01,Introduced In House - Assigned to,4
SJM18-006,2018,RS,House,2018-05-01,House Third Reading Laid Over Daily - No Amendments,5
SJM18-006,2018,RS,House,2018-05-08,House Third Reading Passed - No Amendments,6
SJM18-006,2018,RS,Senate,2018-05-11,Signed by the President of the Senate,7
SJM18-007,2018,RS,Senate,2018-04-30,Introduced In Senate - Assigned to,1
SJM18-007,2018,RS,Senate,2018-04-30,Senate Third Reading Laid Over Daily - No Amendments,2
SJM18-007,2018,RS,Senate,2018-05-01,Senate Third Reading Passed - No Amendments,3
SJM18-007,2018,RS,House,2018-05-01,Introduced In House - Assigned to,4
SJM18-007,2018,RS,House,2018-05-01,House Third Reading Laid Over Daily - No Amendments,5
SJM18-007,2018,RS,House,2018-05-04,House Third Reading Passed - No Amendments,6
SJM18-007,2018,RS,Senate,2018-05-07,Signed by the President of the Senate,7
SJR18-001,2018,RS,Senate,2018-01-10,Senate Third Reading Passed - No Amendments,1
SJR18-001,2018,RS,Senate,2018-01-10,Introduced In Senate - Assigned to,2
SJR18-001,2018,RS,House,2018-01-10,Introduced In House - Assigned to,3
SJR18-001,2018,RS,House,2018-01-10,House Third Reading Laid Over to 01/12/2018 - No Amendments,4
SJR18-001,2018,RS,House,2018-01-12,House Third Reading Passed - No Amendments,5
SJR18-001,2018,RS,Senate,2018-01-12,Signed by the President of the Senate,6
SJR18-001,2018,RS,House,2018-01-16,Signed by the Speaker of the House,7
SJR18-002,2018,RS,Senate,2018-01-11,Introduced In Senate - Assigned to,1
SJR18-002,2018,RS,Senate,2018-01-11,Senate Third Reading Laid Over Daily - No Amendments,2
SJR18-002,2018,RS,Senate,2018-01-12,Senate Third Reading Passed - No Amendments,3
SJR18-002,2018,RS,House,2018-01-12,Introduced In House - Assigned to,4
SJR18-002,2018,RS,House,2018-01-12,House Third Reading Passed - No Amendments,5
SJR18-002,2018,RS,Senate,2018-01-12,Signed by the President of the Senate,6
SJR18-002,2018,RS,House,2018-01-16,Signed by the Speaker of the House,7
SJR18-003,2018,RS,Senate,2018-01-12,Introduced In Senate - Assigned to,1
SJR18-003,2018,RS,Senate,2018-01-12,Senate Third Reading Laid Over Daily - No Amendments,2
SJR18-003,2018,RS,Senate,2018-01-17,Senate Third Reading Passed - No Amendments,3
SJR18-003,2018,RS,House,2018-01-22,Introduced In House - Assigned to,4
SJR18-003,2018,RS,House,2018-01-24,"House Committee on Agriculture, Livestock, & Natural Resources Refer Unamended to House Committee of the Whole",5
SJR18-003,2018,RS,House,2018-01-29,House Third Reading Passed - No Amendments,6
SJR18-003,2018,RS,Senate,2018-02-01,Signed by the President of the Senate,7
SJR18-003,2018,RS,House,2018-02-02,Signed by the Speaker of the House,8
SJR18-003,2018,RS,Governor,2018-02-06,Sent to the Governor,9
SJR18-003,2018,RS,Governor,2018-02-13,Governor Signed,10
SJR18-004,2018,RS,Senate,2018-02-02,Introduced In Senate - Assigned to,1
SJR18-004,2018,RS,Senate,2018-02-02,Senate Third Reading Passed - No Amendments,2
SJR18-004,2018,RS,House,2018-02-05,Introduced In House - Assigned to,3
SJR18-004,2018,RS,House,2018-02-05,House Third Reading Passed - No Amendments,4
SJR18-004,2018,RS,Senate,2018-02-06,Signed by the President of the Senate,5
SJR18-004,2018,RS,House,2018-02-07,Signed by the Speaker of the House,6
SJR18-005,2018,RS,Senate,2018-02-12,Introduced In Senate - Assigned to,1
SJR18-005,2018,RS,Senate,2018-02-12,Senate Third Reading Laid Over Daily - No Amendments,2
SJR18-005,2018,RS,Senate,2018-02-13,Senate Third Reading Passed - No Amendments,3
SJR18-005,2018,RS,House,2018-02-20,Introduced In House - Assigned to,4
SJR18-005,2018,RS,House,2018-02-20,House Third Reading Laid Over Daily - No Amendments,5
SJR18-005,2018,RS,House,2018-02-21,House Third Reading Laid Over to 02/22/2018 - No Amendments,6
SJR18-005,2018,RS,House,2018-02-22,House Third Reading Laid Over to 02/23/2018 - No Amendments,7
SJR18-005,2018,RS,House,2018-02-23,House Third Reading Laid Over to 02/26/2018 - No Amendments,8
SJR18-005,2018,RS,House,2018-02-26,House Third Reading Laid Over to 02/27/2018 - No Amendments,9
SJR18-005,2018,RS,House,2018-02-27,House Third Reading Passed - No Amendments,10
SJR18-005,2018,RS,Senate,2018-02-27,Signed by the President of the Senate,11
SJR18-005,2018,RS,House,2018-02-27,Signed by the Speaker of the House,12
SJR18-006,2018,RS,Senate,2018-02-27,Introduced In Senate - Assigned to,1
SJR18-006,2018,RS,Senate,2018-02-27,Senate Third Reading Laid Over Daily - No Amendments,2
SJR18-006,2018,RS,Senate,2018-02-28,Senate Third Reading Passed - No Amendments,3
SJR18-006,2018,RS,House,2018-02-28,Introduced In House - Assigned to,4
SJR18-006,2018,RS,House,2018-02-28,House Third Reading Passed - No Amendments,5
SJR18-006,2018,RS,Senate,2018-02-28,Signed by the President of the Senate,6
SJR18-006,2018,RS,House,2018-03-01,Signed by the Speaker of the House,7
SJR18-007,2018,RS,Senate,2018-03-01,Introduced In Senate - Assigned to,1
SJR18-007,2018,RS,Senate,2018-03-01,Senate Third Reading Laid Over Daily - No Amendments,2
SJR18-007,2018,RS,Senate,2018-03-02,Senate Third Reading Passed - No Amendments,3
SJR18-007,2018,RS,House,2018-03-05,Introduced In House - Assigned to,4
SJR18-007,2018,RS,House,2018-03-05,House Third Reading Laid Over Daily - No Amendments,5
SJR18-007,2018,RS,House,2018-03-06,House Third Reading Laid Over to 03/07/2018 - No Amendments,6
SJR18-007,2018,RS,House,2018-03-07,House Third Reading Laid Over to 03/08/2018 - No Amendments,7
SJR18-007,2018,RS,House,2018-03-09,House Third Reading Passed - No Amendments,8
SJR18-007,2018,RS,Senate,2018-03-09,Signed by the President of the Senate,9
SJR18-007,2018,RS,House,2018-03-12,Signed by the Speaker of the House,10
SJR18-008,2018,RS,Senate,2018-03-12,Introduced In Senate - Assigned to,1
SJR18-008,2018,RS,Senate,2018-03-12,Senate Third Reading Laid Over Daily - No Amendments,2
SJR18-008,2018,RS,Senate,2018-03-13,Senate Third Reading Lost - No Amendments,3
SJR18-008,2018,RS,Senate,2018-03-14,Senate Third Reading Reconsidered - No Amendments,4
SJR18-008,2018,RS,Senate,2018-03-14,Senate Third Reading Passed - No Amendments,5
SJR18-008,2018,RS,House,2018-03-15,Introduced In House - Assigned to,6
SJR18-008,2018,RS,House,2018-03-15,House Third Reading Laid Over Daily - No Amendments,7
SJR18-008,2018,RS,House,2018-03-16,House Third Reading Laid Over to 03/19/2018 - No Amendments,8
SJR18-008,2018,RS,House,2018-03-19,House Third Reading Laid Over to 03/20/2018 - No Amendments,9
SJR18-008,2018,RS,House,2018-03-20,House Third Reading Laid Over to 03/21/2018 - No Amendments,10
SJR18-008,2018,RS,House,2018-03-21,House Third Reading Laid Over to 03/22/2018 - No Amendments,11
SJR18-008,2018,RS,House,2018-03-22,House Third Reading Laid Over to 03/23/2018 - No Amendments,12
SJR18-008,2018,RS,House,2018-03-23,House Third Reading Laid Over to 03/26/2018 - No Amendments,13
SJR18-008,2018,RS,House,2018-03-26,House Third Reading Laid Over to 03/27/2018 - No Amendments,14
SJR18-008,2018,RS,House,2018-03-27,House Third Reading Laid Over to 03/28/2018 - No Amendments,15
SJR18-008,2018,RS,House,2018-03-28,House Third Reading Laid Over to 03/29/2018 - No Amendments,16
SJR18-008,2018,RS,House,2018-03-29,House Third Reading Laid Over to 04/02/2018 - No Amendments,17
SJR18-008,2018,RS,House,2018-04-02,House Third Reading Passed - No Amendments,18
SJR18-008,2018,RS,Senate,2018-04-03,Signed by the President of the Senate,19
SJR18-008,2018,RS,House,2018-04-04,Signed by the Speaker of the House,20
SJR18-009,2018,RS,Senate,2018-03-26,Introduced In Senate - Assigned to,1
SJR18-009,2018,RS,Senate,2018-03-26,Senate Third Reading Laid Over to 03/28/2018 - No Amendments,2
SJR18-009,2018,RS,Senate,2018-03-28,Senate Third Reading Passed - No Amendments,3
SJR18-009,2018,RS,House,2018-04-03,Introduced In House - Assigned to,4
SJR18-009,2018,RS,House,2018-04-03,House Third Reading Laid Over Daily - No Amendments,5
SJR18-009,2018,RS,House,2018-04-04,House Third Reading Laid Over to 04/05/2018 - No Amendments,6
SJR18-009,2018,RS,House,2018-04-05,House Third Reading Laid Over to 04/06/2018 - No Amendments,7
SJR18-009,2018,RS,House,2018-04-06,House Third Reading Laid Over to 04/09/2018 - No Amendments,8
SJR18-009,2018,RS,House,2018-04-09,House Third Reading Laid Over to 04/10/2018 - No Amendments,9
SJR18-009,2018,RS,House,2018-04-10,House Third Reading Laid Over to 04/11/2018 - No Amendments,10
SJR18-009,2018,RS,House,2018-05-08,House Third Reading Passed - No Amendments,11
SJR18-009,2018,RS,Senate,2018-05-11,Signed by the President of the Senate,12
SJR18-009,2018,RS,House,2018-05-11,Signed by the Speaker of the House,13
SJR18-010,2018,RS,Senate,2018-04-11,Introduced In Senate - Assigned to,1
SJR18-010,2018,RS,Senate,2018-04-11,Senate Third Reading Laid Over Daily - No Amendments,2
SJR18-010,2018,RS,Senate,2018-04-12,Senate Third Reading Passed - No Amendments,3
SJR18-010,2018,RS,House,2018-04-17,Introduced In House - Assigned to Transportation & Energy,4
SJR18-010,2018,RS,House,2018-04-19,House Committee on Transportation & Energy Refer Unamended to House Committee of the Whole,5
SJR18-010,2018,RS,House,2018-04-20,House Third Reading Laid Over Daily - No Amendments,6
SJR18-010,2018,RS,House,2018-05-04,House Third Reading Passed - No Amendments,7
SJR18-010,2018,RS,Senate,2018-05-07,Signed by the President of the Senate,8
SJR18-010,2018,RS,House,2018-05-11,Signed by the Speaker of the House,9
SJR18-011,2018,RS,Senate,2018-04-30,Introduced In Senate - Assigned to,1
SJR18-011,2018,RS,Senate,2018-04-30,Senate Third Reading Laid Over to 05/09/2018 - No Amendments,2
SJR18-011,2018,RS,Senate,2018-05-09,Senate Third Reading Passed - No Amendments,3
SJR18-011,2018,RS,House,2018-05-09,Introduced In House - Assigned to,4
SJR18-011,2018,RS,House,2018-05-09,House Third Reading Passed - No Amendments,5
SJR18-011,2018,RS,Senate,2018-05-10,Signed by the President of the Senate,6
SJR18-011,2018,RS,House,2018-05-11,Signed by the Speaker of the House,7
SJR18-012,2018,RS,Senate,2018-05-07,Introduced In Senate - Assigned to,1
SJR18-012,2018,RS,Senate,2018-05-07,Senate Third Reading Laid Over Daily - No Amendments,2
SJR18-012,2018,RS,Senate,2018-05-09,Senate Third Reading Passed - No Amendments,3
SJR18-012,2018,RS,House,2018-05-09,Introduced In House - Assigned to,4
SJR18-012,2018,RS,House,2018-05-09,House Third Reading Passed - No Amendments,5
SJR18-012,2018,RS,Senate,2018-05-10,Signed by the President of the Senate,6
SJR18-012,2018,RS,House,2018-05-11,Signed by the Speaker of the House,7
SJR18-013,2018,RS,Senate,2018-05-08,Introduced In Senate - Assigned to,1
SJR18-013,2018,RS,Senate,2018-05-08,Senate Third Reading Laid Over Daily - No Amendments,2
SJR18-013,2018,RS,Senate,2018-05-09,Senate Third Reading Passed - No Amendments,3
SJR18-013,2018,RS,House,2018-05-09,Introduced In House - Assigned to,4
SJR18-013,2018,RS,House,2018-05-09,House Third Reading Passed - No Amendments,5
SJR18-013,2018,RS,Senate,2018-05-10,Signed by the President of the Senate,6
SJR18-013,2018,RS,House,2018-05-11,Signed by the Speaker of the House,7
SM18-001,2018,RS,Senate,2018-05-02,Introduced In Senate - Assigned to,1
SM18-001,2018,RS,Senate,2018-05-02,Senate Third Reading Laid Over Daily - No Amendments,2
SM18-001,2018,RS,Senate,2018-05-08,Senate Third Reading Passed with Amendments - Floor,3
SM18-001,2018,RS,Senate,2018-05-09,Signed by the President of the Senate,4
SR18-001,2018,RS,Senate,2018-01-10,Introduced In Senate - Assigned to,1
SR18-001,2018,RS,Senate,2018-01-10,Senate Third Reading Laid Over Daily - No Amendments,2
SR18-001,2018,RS,Senate,2018-01-11,Senate Third Reading Passed - No Amendments,3
SR18-001,2018,RS,Senate,2018-01-11,Signed by the President of the Senate,4
SR18-002,2018,RS,Senate,2018-03-07,Introduced In Senate - Assigned to,1
SR18-002,2018,RS,Senate,2018-03-07,Senate Third Reading Laid Over to 03/12/2018 - No Amendments,2
SR18-002,2018,RS,Senate,2018-03-12,Senate Third Reading Laid Over Daily - No Amendments,3
SR18-002,2018,RS,Senate,2018-03-13,Senate Third Reading Passed - No Amendments,4
SR18-002,2018,RS,Senate,2018-03-15,Signed by the President of the Senate,5
SR18-003,2018,RS,Senate,2018-04-02,Introduced In Senate - Assigned to,1
SR18-003,2018,RS,Senate,2018-04-02,Senate Third Reading Lost - No Amendments,2
SR18-004,2018,RS,Senate,2018-04-09,Introduced In Senate - Assigned to,1
SR18-004,2018,RS,Senate,2018-04-09,Senate Third Reading Laid Over Daily - No Amendments,2
SR18-004,2018,RS,Senate,2018-04-12,Senate Third Reading Passed - No Amendments,3
SR18-004,2018,RS,Senate,2018-04-12,Signed by the President of the Senate,4
SR18-005,2018,RS,Senate,2018-04-11,Introduced In Senate - Assigned to,1
SR18-005,2018,RS,Senate,2018-04-11,Senate Third Reading Laid Over Daily - No Amendments,2
SR18-005,2018,RS,Senate,2018-04-12,Senate Third Reading Laid Over to 04/16/2018 - No Amendments,3
SR18-005,2018,RS,Senate,2018-04-17,Senate Third Reading Passed with Amendments - Floor,4
SR18-005,2018,RS,Senate,2018-04-18,Signed by the President of the Senate,5
