bill_number,session,session_type,chamber,action_date,action,order
HB21-1001,2021,RS,House,2021-01-13,"Introduced In House - Assigned to State, Civic, Military, & Veterans Affairs",1
HB21-1001,2021,RS,House,2021-01-13,"House Committee on State, Civic, Military, & Veterans Affairs Refer Unamended to House Committee of the Whole",2
HB21-1001,2021,RS,House,2021-01-13,House Second Reading Special Order - Passed - No Amendments,3
HB21-1001,2021,RS,House,2021-01-14,House Third Reading Passed - No Amendments,4
HB21-1001,2021,RS,Senate,2021-01-14,"Introduced In Senate - Assigned to State, Veterans, & Military Affairs",5
HB21-1001,2021,RS,Senate,2021-01-14,"Senate Committee on State, Veterans, & Military Affairs Refer Unamended - Consent Calendar to Senate Committee of the Whole",6
HB21-1001,2021,RS,Senate,2021-01-14,Senate Second Reading Special Order - Passed with Amendments - Floor,7
HB21-1001,2021,RS,Senate,2021-01-15,Senate Third Reading Passed with Amendments - Floor,8
HB21-1001,2021,RS,House,2021-01-15,House Considered Senate Amendments - Result was to Concur - Repass,9
HB21-1001,2021,RS,House,2021-01-15,House Considered Senate Adherence - Result was to Adhere,10
HB21-1001,2021,RS,House,2021-01-15,Signed by the Speaker of the House,11
HB21-1001,2021,RS,Senate,2021-01-15,Signed by the President of the Senate,12
HB21-1001,2021,RS,Governor,2021-01-15,Sent to the Governor,13
HB21-1001,2021,RS,Governor,2021-01-20,Governor Signed,14
HB21-1002,2021,RS,House,2021-01-13,Introduced In House - Assigned to Finance,1
HB21-1002,2021,RS,House,2021-01-13,House Committee on Finance Refer Amended to Appropriations,2
HB21-1002,2021,RS,House,2021-01-13,House Committee on Appropriations Refer Amended to House Committee of the Whole,3
HB21-1002,2021,RS,House,2021-01-13,House Second Reading Special Order - Passed with Amendments - Committee,4
HB21-1002,2021,RS,House,2021-01-14,House Third Reading Passed - No Amendments,5
HB21-1002,2021,RS,Senate,2021-01-14,Introduced In Senate - Assigned to Finance,6
HB21-1002,2021,RS,Senate,2021-01-14,Senate Committee on Finance Refer Unamended to Appropriations,7
HB21-1002,2021,RS,Senate,2021-01-14,Senate Committee on Appropriations Refer Unamended to Senate Committee of the Whole,8
HB21-1002,2021,RS,Senate,2021-01-14,Senate Second Reading Special Order - Passed - No Amendments,9
HB21-1002,2021,RS,Senate,2021-01-15,Senate Third Reading Passed - No Amendments,10
HB21-1002,2021,RS,House,2021-01-15,Signed by the Speaker of the House,11
HB21-1002,2021,RS,Senate,2021-01-15,Signed by the President of the Senate,12
HB21-1002,2021,RS,Governor,2021-01-15,Sent to the Governor,13
HB21-1002,2021,RS,Governor,2021-01-21,Governor Signed,14
HB21-1003,2021,RS,House,2021-01-13,"Introduced In House - Assigned to State, Civic, Military, & Veterans Affairs",1
HB21-1003,2021,RS,House,2021-01-13,"House Committee on State, Civic, Military, & Veterans Affairs Refer Unamended to Appropriations",2
HB21-1003,2021,RS,House,2021-01-13,House Committee on Appropriations Refer Unamended to House Committee of the Whole,3
HB21-1003,2021,RS,House,2021-01-13,House Second Reading Special Order - Passed - No Amendments,4
HB21-1003,2021,RS,House,2021-01-14,House Third Reading Passed - No Amendments,5
HB21-1003,2021,RS,Senate,2021-01-14,"Introduced In Senate - Assigned to State, Veterans, & Military Affairs",6
HB21-1003,2021,RS,Senate,2021-01-14,"Senate Committee on State, Veterans, & Military Affairs Refer Unamended to Appropriations",7
HB21-1003,2021,RS,Senate,2021-01-14,Senate Committee on Appropriations Refer Unamended to Senate Committee of the Whole,8
HB21-1003,2021,RS,Senate,2021-01-14,Senate Second Reading Special Order - Passed with Amendments - Floor,9
HB21-1003,2021,RS,Senate,2021-01-15,Senate Third Reading Passed - No Amendments,10
HB21-1003,2021,RS,House,2021-01-15,House Considered Senate Amendments - Result was to Concur - Repass,11
HB21-1003,2021,RS,House,2021-01-15,Signed by the Speaker of the House,12
HB21-1003,2021,RS,Senate,2021-01-15,Signed by the President of the Senate,13
HB21-1003,2021,RS,Governor,2021-01-15,Sent to the Governor,14
HB21-1003,2021,RS,Governor,2021-01-20,Governor Signed,15
HB21-1004,2021,RS,House,2021-01-13,Introduced In House - Assigned to Finance,1
HB21-1004,2021,RS,House,2021-01-13,House Committee on Finance Refer Unamended to House Committee of the Whole,2
HB21-1004,2021,RS,House,2021-01-13,House Second Reading Special Order - Passed - No Amendments,3
HB21-1004,2021,RS,House,2021-01-14,House Third Reading Passed - No Amendments,4
HB21-1004,2021,RS,Senate,2021-01-14,"Introduced In Senate - Assigned to State, Veterans, & Military Affairs",5
HB21-1004,2021,RS,Senate,2021-01-14,"Senate Committee on State, Veterans, & Military Affairs Refer Unamended - Consent Calendar to Senate Committee of the Whole",6
HB21-1004,2021,RS,Senate,2021-01-14,Senate Second Reading Special Order - Passed - No Amendments,7
HB21-1004,2021,RS,Senate,2021-01-15,Senate Third Reading Passed - No Amendments,8
HB21-1004,2021,RS,House,2021-01-15,Signed by the Speaker of the House,9
HB21-1004,2021,RS,Senate,2021-01-15,Signed by the President of the Senate,10
HB21-1004,2021,RS,Governor,2021-01-15,Sent to the Governor,11
HB21-1004,2021,RS,Governor,2021-01-21,Governor Signed,12
HB21-1005,2021,RS,House,2021-02-16,Introduced In House - Assigned to Health & Insurance,1
HB21-1005,2021,RS,House,2021-02-24,House Committee on Health & Insurance Refer Amended to Appropriations,2
HB21-1005,2021,RS,House,2021-05-07,House Committee on Appropriations Refer Amended to House Committee of the Whole,3
HB21-1005,2021,RS,House,2021-05-11,House Second Reading Laid Over Daily - No Amendments,4
HB21-1005,2021,RS,House,2021-05-13,"House Second Reading Passed with Amendments - Committee, Floor",5
HB21-1005,2021,RS,House,2021-05-14,House Third Reading Passed - No Amendments,6
HB21-1005,2021,RS,Senate,2021-05-17,Introduced In Senate - Assigned to Health & Human Services,7
HB21-1005,2021,RS,Senate,2021-05-25,Senate Committee on Health & Human Services Refer Unamended to Appropriations,8
HB21-1005,2021,RS,Senate,2021-06-03,Senate Committee on Appropriations Refer Amended to Senate Committee of the Whole,9
HB21-1005,2021,RS,Senate,2021-06-04,Senate Second Reading Special Order - Passed with Amendments - Committee,10
HB21-1005,2021,RS,Senate,2021-06-07,Senate Third Reading Passed - No Amendments,11
HB21-1005,2021,RS,House,2021-06-07,House Considered Senate Amendments - Result was to Laid Over Daily,12
HB21-1005,2021,RS,House,2021-06-08,House Considered Senate Amendments - Result was to Concur - Repass,13
HB21-1005,2021,RS,House,2021-06-21,Signed by the Speaker of the House,14
HB21-1005,2021,RS,Senate,2021-06-21,Signed by the President of the Senate,15
HB21-1005,2021,RS,Governor,2021-06-21,Sent to the Governor,16
HB21-1005,2021,RS,Governor,2021-07-06,Governor Signed,17
HB21-1006,2021,RS,House,2021-02-16,Introduced In House - Assigned to Education,1
HB21-1006,2021,RS,House,2021-03-18,House Committee on Education Refer Amended to Appropriations,2
HB21-1006,2021,RS,House,2021-04-05,House Committee on Appropriations Refer Unamended to House Committee of the Whole,3
HB21-1006,2021,RS,House,2021-04-07,"House Second Reading Passed with Amendments - Committee, Floor",4
HB21-1006,2021,RS,House,2021-04-08,House Third Reading Passed - No Amendments,5
HB21-1006,2021,RS,Senate,2021-04-09,Introduced In Senate - Assigned to Education,6
HB21-1006,2021,RS,Senate,2021-04-29,Senate Committee on Education Refer Amended to Appropriations,7
HB21-1006,2021,RS,Senate,2021-05-14,Senate Committee on Appropriations Refer Unamended to Senate Committee of the Whole,8
HB21-1006,2021,RS,Senate,2021-05-18,Senate Second Reading Passed with Amendments - Committee,9
HB21-1006,2021,RS,Senate,2021-05-19,Senate Third Reading Passed - No Amendments,10
HB21-1006,2021,RS,House,2021-05-20,House Considered Senate Amendments - Result was to Laid Over Daily,11
HB21-1006,2021,RS,House,2021-05-21,House Considered Senate Amendments - Result was to Concur - Repass,12
HB21-1006,2021,RS,Senate,2021-06-21,Signed by the President of the Senate,13
HB21-1006,2021,RS,House,2021-06-21,Signed by the Speaker of the House,14
HB21-1006,2021,RS,Governor,2021-06-21,Sent to the Governor,15
HB21-1006,2021,RS,Governor,2021-06-30,Governor Signed,16
HB21-1007,2021,RS,House,2021-02-16,Introduced In House - Assigned to Business Affairs & Labor + Appropriations,1
HB21-1007,2021,RS,House,2021-03-11,House Committee on Business Affairs & Labor Refer Amended to Appropriations,2
HB21-1007,2021,RS,House,2021-05-07,House Committee on Appropriations Refer Amended to House Committee of the Whole,3
HB21-1007,2021,RS,House,2021-05-11,"House Second Reading Special Order - Passed with Amendments - Committee, Floor",4
HB21-1007,2021,RS,House,2021-05-12,House Third Reading Passed - No Amendments,5
HB21-1007,2021,RS,Senate,2021-05-12,"Introduced In Senate - Assigned to Business, Labor, & Technology",6
HB21-1007,2021,RS,Senate,2021-05-24,"Senate Committee on Business, Labor, & Technology Refer Amended to Appropriations",7
HB21-1007,2021,RS,Senate,2021-05-28,Senate Committee on Appropriations Refer Unamended to Senate Committee of the Whole,8
HB21-1007,2021,RS,Senate,2021-05-28,"Senate Second Reading Special Order - Passed with Amendments - Committee, Floor",9
HB21-1007,2021,RS,Senate,2021-06-01,Senate Third Reading Passed - No Amendments,10
HB21-1007,2021,RS,House,2021-06-02,House Considered Senate Amendments - Result was to Laid Over Daily,11
HB21-1007,2021,RS,House,2021-06-03,House Considered Senate Amendments - Result was to Not Concur - Request Conference Committee,12
HB21-1007,2021,RS,ConfComm,2021-06-07,First Conference Committee Result was to Adopt Rerevised w/ Amendments,13
HB21-1007,2021,RS,Senate,2021-06-07,Senate Consideration of First Conference Committee Report result was to Adopt Committee Report - Repass,14
HB21-1007,2021,RS,House,2021-06-21,House Considered Senate Amendments - Result was to Concur - Repass,15
HB21-1007,2021,RS,Senate,2021-06-22,Signed by the President of the Senate,16
HB21-1007,2021,RS,House,2021-06-22,Signed by the Speaker of the House,17
HB21-1007,2021,RS,Governor,2021-06-22,Sent to the Governor,18
HB21-1007,2021,RS,Governor,2021-06-23,Governor Signed,19
HB21-1008,2021,RS,House,2021-02-16,"Introduced In House - Assigned to Agriculture, Livestock, & Water + Finance",1
HB21-1008,2021,RS,House,2021-02-22,"House Committee on Agriculture, Livestock, & Water Refer Amended to Finance",2
HB21-1008,2021,RS,House,2021-03-04,House Committee on Finance Refer Amended to House Committee of the Whole,3
HB21-1008,2021,RS,House,2021-03-08,House Second Reading Special Order - Laid Over Daily - No Amendments,4
HB21-1008,2021,RS,House,2021-03-09,"House Second Reading Passed with Amendments - Committee, Floor",5
HB21-1008,2021,RS,House,2021-03-10,House Third Reading Passed - No Amendments,6
HB21-1008,2021,RS,Senate,2021-03-12,Introduced In Senate - Assigned to Agriculture & Natural Resources,7
HB21-1008,2021,RS,Senate,2021-04-15,Senate Committee on Agriculture & Natural Resources Refer Unamended - Consent Calendar to Senate Committee of the Whole,8
HB21-1008,2021,RS,Senate,2021-04-20,Senate Second Reading Passed - No Amendments,9
HB21-1008,2021,RS,Senate,2021-04-21,Senate Third Reading Passed - No Amendments,10
HB21-1008,2021,RS,House,2021-05-11,Signed by the Speaker of the House,11
HB21-1008,2021,RS,Senate,2021-05-11,Signed by the President of the Senate,12
HB21-1008,2021,RS,Governor,2021-05-11,Sent to the Governor,13
HB21-1008,2021,RS,Governor,2021-05-20,Governor Signed,14
HB21-1009,2021,RS,House,2021-02-16,Introduced In House - Assigned to Transportation & Local Government,1
HB21-1009,2021,RS,House,2021-03-02,House Committee on Transportation & Local Government Refer Unamended to House Committee of the Whole,2
HB21-1009,2021,RS,House,2021-03-04,House Second Reading Passed - No Amendments,3
HB21-1009,2021,RS,House,2021-03-05,House Third Reading Passed - No Amendments,4
HB21-1009,2021,RS,Senate,2021-03-10,Introduced In Senate - Assigned to Local Government,5
HB21-1009,2021,RS,Senate,2021-04-20,Senate Committee on Local Government Refer Unamended - Consent Calendar to Senate Committee of the Whole,6
HB21-1009,2021,RS,Senate,2021-04-23,Senate Second Reading Passed - No Amendments,7
HB21-1009,2021,RS,Senate,2021-04-26,Senate Third Reading Passed - No Amendments,8
HB21-1009,2021,RS,House,2021-04-30,Signed by the Speaker of the House,9
HB21-1009,2021,RS,Senate,2021-04-30,Signed by the President of the Senate,10
HB21-1009,2021,RS,Governor,2021-04-30,Sent to the Governor,11
HB21-1009,2021,RS,Governor,2021-05-10,Governor Signed,12
HB21-1010,2021,RS,House,2021-02-16,Introduced In House - Assigned to Education,1
HB21-1010,2021,RS,House,2021-03-25,House Committee on Education Refer Amended to Appropriations,2
HB21-1010,2021,RS,House,2021-04-13,House Committee on Appropriations Refer Amended to House Committee of the Whole,3
HB21-1010,2021,RS,House,2021-04-15,House Second Reading Laid Over Daily - No Amendments,4
HB21-1010,2021,RS,House,2021-04-16,House Second Reading Passed with Amendments - Committee,5
HB21-1010,2021,RS,House,2021-04-19,House Third Reading Passed - No Amendments,6
HB21-1010,2021,RS,Senate,2021-04-21,Introduced In Senate - Assigned to Education,7
HB21-1010,2021,RS,Senate,2021-04-29,Senate Committee on Education Refer Unamended to Appropriations,8
HB21-1010,2021,RS,Senate,2021-05-14,Senate Committee on Appropriations Refer Unamended to Senate Committee of the Whole,9
HB21-1010,2021,RS,Senate,2021-05-18,Senate Second Reading Passed - No Amendments,10
HB21-1010,2021,RS,Senate,2021-05-19,Senate Third Reading Passed - No Amendments,11
HB21-1010,2021,RS,Senate,2021-06-05,Signed by the President of the Senate,12
HB21-1010,2021,RS,House,2021-06-05,Signed by the Speaker of the House,13
HB21-1010,2021,RS,Governor,2021-06-09,Sent to the Governor,14
HB21-1010,2021,RS,Governor,2021-06-29,Governor Signed,15
HB21-1011,2021,RS,House,2021-02-16,"Introduced In House - Assigned to State, Civic, Military, & Veterans Affairs",1
HB21-1011,2021,RS,House,2021-03-11,"House Committee on State, Civic, Military, & Veterans Affairs Refer Amended to Appropriations",2
HB21-1011,2021,RS,House,2021-03-26,House Committee on Appropriations Refer Amended to House Committee of the Whole,3
HB21-1011,2021,RS,House,2021-03-26,House Second Reading Special Order - Passed with Amendments - Committee,4
HB21-1011,2021,RS,House,2021-03-29,House Third Reading Passed - No Amendments,5
HB21-1011,2021,RS,Senate,2021-03-30,"Introduced In Senate - Assigned to State, Veterans, & Military Affairs",6
HB21-1011,2021,RS,Senate,2021-04-22,"Senate Committee on State, Veterans, & Military Affairs Refer Amended to Appropriations",7
HB21-1011,2021,RS,Senate,2021-04-30,Senate Committee on Appropriations Refer Unamended to Legislative Council,8
HB21-1011,2021,RS,Senate,2021-05-10,Senate Committee on Legislative Council Refer Unamended to Senate Committee of the Whole,9
HB21-1011,2021,RS,Senate,2021-05-12,Senate Second Reading Passed with Amendments - Committee,10
HB21-1011,2021,RS,Senate,2021-05-13,Senate Third Reading Passed - No Amendments,11
HB21-1011,2021,RS,House,2021-05-14,House Considered Senate Amendments - Result was to Laid Over Daily,12
HB21-1011,2021,RS,House,2021-05-21,House Considered Senate Amendments - Result was to Concur - Repass,13
HB21-1011,2021,RS,Senate,2021-06-21,Signed by the President of the Senate,14
HB21-1011,2021,RS,House,2021-06-21,Signed by the Speaker of the House,15
HB21-1011,2021,RS,Governor,2021-06-21,Sent to the Governor,16
HB21-1011,2021,RS,Governor,2021-06-28,Governor Signed,17
HB21-1012,2021,RS,House,2021-02-16,Introduced In House - Assigned to Health & Insurance,1
HB21-1012,2021,RS,House,2021-03-10,House Committee on Health & Insurance Lay Over Unamended - Amendment(s) Failed,2
HB21-1012,2021,RS,House,2021-03-24,House Committee on Health & Insurance Refer Amended to Finance,3
HB21-1012,2021,RS,House,2021-04-05,House Committee on Finance Refer Unamended to Appropriations,4
HB21-1012,2021,RS,House,2021-05-07,House Committee on Appropriations Refer Unamended to House Committee of the Whole,5
HB21-1012,2021,RS,House,2021-05-07,House Second Reading Special Order - Passed with Amendments - No Amendments,6
HB21-1012,2021,RS,House,2021-05-10,House Third Reading Passed - No Amendments,7
HB21-1012,2021,RS,Senate,2021-05-10,Introduced In Senate - Assigned to Finance,8
HB21-1012,2021,RS,Senate,2021-05-17,Senate Committee on Finance Refer Unamended to Appropriations,9
HB21-1012,2021,RS,Senate,2021-05-26,Senate Committee on Appropriations Refer Amended to Senate Committee of the Whole,10
HB21-1012,2021,RS,Senate,2021-05-26,Senate Second Reading Special Order - Passed with Amendments - Committee,11
HB21-1012,2021,RS,Senate,2021-05-27,Senate Third Reading Passed - No Amendments,12
HB21-1012,2021,RS,House,2021-06-01,House Considered Senate Amendments - Result was to Laid Over Daily,13
HB21-1012,2021,RS,House,2021-06-07,House Considered Senate Amendments - Result was to Concur - Repass,14
HB21-1012,2021,RS,Senate,2021-06-16,Signed by the President of the Senate,15
HB21-1012,2021,RS,House,2021-06-16,Signed by the Speaker of the House,16
HB21-1012,2021,RS,Governor,2021-06-17,Sent to the Governor,17
HB21-1012,2021,RS,Governor,2021-07-07,Governor Signed,18
HB21-1013,2021,RS,House,2021-02-16,Introduced In House - Assigned to Business Affairs & Labor,1
HB21-1013,2021,RS,House,2021-02-24,House Committee on Business Affairs & Labor Refer Amended to Appropriations,2
HB21-1013,2021,RS,House,2021-03-26,House Committee on Appropriations Refer Amended to House Committee of the Whole,3
HB21-1013,2021,RS,House,2021-03-26,House Second Reading Special Order - Passed with Amendments - Committee,4
HB21-1013,2021,RS,House,2021-03-29,House Third Reading Passed - No Amendments,5
HB21-1013,2021,RS,Senate,2021-03-30,"Introduced In Senate - Assigned to Business, Labor, & Technology",6
HB21-1013,2021,RS,Senate,2021-04-14,"Senate Committee on Business, Labor, & Technology Refer Unamended to Appropriations",7
HB21-1013,2021,RS,Senate,2021-04-23,Senate Committee on Appropriations Refer Unamended - Consent Calendar to Senate Committee of the Whole,8
HB21-1013,2021,RS,Senate,2021-04-23,Senate Second Reading Special Order - Passed - No Amendments,9
HB21-1013,2021,RS,Senate,2021-04-26,Senate Third Reading Passed - No Amendments,10
HB21-1013,2021,RS,Senate,2021-05-11,Signed by the President of the Senate,11
HB21-1013,2021,RS,House,2021-05-11,Signed by the Speaker of the House,12
HB21-1013,2021,RS,Governor,2021-05-11,Sent to the Governor,13
HB21-1013,2021,RS,Governor,2021-05-17,Governor Signed,14
HB21-1014,2021,RS,House,2021-02-16,Introduced In House - Assigned to Transportation & Local Government,1
HB21-1014,2021,RS,House,2021-03-24,House Committee on Transportation & Local Government Refer Amended to Appropriations,2
HB21-1014,2021,RS,House,2021-05-07,House Committee on Appropriations Refer Amended to House Committee of the Whole,3
HB21-1014,2021,RS,House,2021-05-07,"House Second Reading Special Order - Passed with Amendments - Committee, Floor",4
HB21-1014,2021,RS,House,2021-05-10,House Third Reading Passed - No Amendments,5
HB21-1014,2021,RS,Senate,2021-05-10,Introduced In Senate - Assigned to Transportation & Energy,6
HB21-1014,2021,RS,Senate,2021-05-25,Senate Committee on Transportation & Energy Refer Amended to Appropriations,7
HB21-1014,2021,RS,Senate,2021-06-03,Senate Committee on Appropriations Refer Amended to Senate Committee of the Whole,8
HB21-1014,2021,RS,Senate,2021-06-04,Senate Second Reading Special Order - Passed with Amendments - Committee,9
HB21-1014,2021,RS,Senate,2021-06-07,Senate Third Reading Passed - No Amendments,10
HB21-1014,2021,RS,House,2021-06-08,House Considered Senate Amendments - Result was to Concur - Repass,11
HB21-1014,2021,RS,Senate,2021-06-22,Signed by the President of the Senate,12
HB21-1014,2021,RS,House,2021-06-22,Signed by the Speaker of the House,13
HB21-1014,2021,RS,Governor,2021-06-22,Sent to the Governor,14
HB21-1014,2021,RS,Governor,2021-06-30,Governor Signed,15
HB21-1015,2021,RS,House,2021-02-16,Introduced In House - Assigned to Judiciary,1
HB21-1015,2021,RS,House,2021-03-02,House Committee on Judiciary Refer Amended to House Committee of the Whole,2
HB21-1015,2021,RS,House,2021-03-08,House Second Reading Special Order - Passed with Amendments - Committee,3
HB21-1015,2021,RS,House,2021-03-09,House Third Reading Passed - No Amendments,4
HB21-1015,2021,RS,Senate,2021-03-10,Introduced In Senate - Assigned to Judiciary,5
HB21-1015,2021,RS,Senate,2021-04-14,Senate Committee on Judiciary Lay Over Unamended - Amendment(s) Failed,6
HB21-1015,2021,RS,Senate,2021-05-05,Senate Committee on Judiciary Refer Amended to Senate Committee of the Whole,7
HB21-1015,2021,RS,Senate,2021-05-10,Senate Second Reading Passed with Amendments - Committee,8
HB21-1015,2021,RS,Senate,2021-05-11,Senate Third Reading Passed - No Amendments,9
HB21-1015,2021,RS,House,2021-05-12,House Considered Senate Amendments - Result was to Laid Over Daily,10
HB21-1015,2021,RS,House,2021-05-21,House Considered Senate Amendments - Result was to Concur - Repass,11
HB21-1015,2021,RS,Senate,2021-06-16,Signed by the President of the Senate,12
HB21-1015,2021,RS,House,2021-06-16,Signed by the Speaker of the House,13
HB21-1015,2021,RS,Governor,2021-06-17,Sent to the Governor,14
HB21-1015,2021,RS,Governor,2021-06-24,Governor Signed,15
HB21-1016,2021,RS,House,2021-02-16,Introduced In House - Assigned to Judiciary,1
HB21-1016,2021,RS,House,2021-03-16,House Committee on Judiciary Witness Testimony and/or Committee Discussion Only,2
HB21-1016,2021,RS,House,2021-04-06,House Committee on Judiciary Refer Amended to House Committee of the Whole,3
HB21-1016,2021,RS,House,2021-04-09,House Second Reading Passed with Amendments - Committee,4
HB21-1016,2021,RS,House,2021-04-12,House Third Reading Passed - No Amendments,5
HB21-1016,2021,RS,Senate,2021-04-13,"Introduced In Senate - Assigned to State, Veterans, & Military Affairs",6
HB21-1016,2021,RS,Senate,2021-04-27,"Senate Committee on State, Veterans, & Military Affairs Refer Unamended to Senate Committee of the Whole",7
HB21-1016,2021,RS,Senate,2021-04-30,Senate Second Reading Passed with Amendments - Floor,8
HB21-1016,2021,RS,Senate,2021-05-03,Senate Third Reading Passed - No Amendments,9
HB21-1016,2021,RS,House,2021-05-04,House Considered Senate Amendments - Result was to Laid Over Daily,10
HB21-1016,2021,RS,House,2021-05-07,House Considered Senate Amendments - Result was to Not Concur - Request Conference Committee,11
HB21-1016,2021,RS,ConfComm,2021-05-19,First Conference Committee Result was to Adopt Rerevised w/ Amendments,12
HB21-1016,2021,RS,Senate,2021-05-20,Senate Consideration of First Conference Committee Report result was to Adopt Committee Report - Repass,13
HB21-1016,2021,RS,House,2021-05-24,House Consideration of First Conference Committee Report result was to Adopt Committee Report - Repass,14
HB21-1016,2021,RS,House,2021-05-27,Signed by the Speaker of the House,15
HB21-1016,2021,RS,Senate,2021-05-28,Signed by the President of the Senate,16
HB21-1016,2021,RS,Governor,2021-05-28,Sent to the Governor,17
HB21-1016,2021,RS,Governor,2021-06-07,Governor Signed,18
HB21-1017,2021,RS,House,2021-02-16,Introduced In House - Assigned to Health & Insurance,1
HB21-1017,2021,RS,House,2021-03-24,House Committee on Health & Insurance Postpone Indefinitely,2
HB21-1018,2021,RS,House,2021-02-16,Introduced In House - Assigned to Health & Insurance,1
HB21-1018,2021,RS,House,2021-03-02,House Committee on Health & Insurance Refer Amended to House Committee of the Whole,2
HB21-1018,2021,RS,House,2021-03-05,House Second Reading Laid Over to 03/09/2021 - No Amendments,3
HB21-1018,2021,RS,House,2021-03-09,"House Second Reading Passed with Amendments - Committee, Floor",4
HB21-1018,2021,RS,House,2021-03-10,House Third Reading Passed - No Amendments,5
HB21-1018,2021,RS,Senate,2021-03-12,Introduced In Senate - Assigned to Health & Human Services,6
HB21-1018,2021,RS,Senate,2021-04-05,Senate Committee on Health & Human Services Refer Unamended - Consent Calendar to Senate Committee of the Whole,7
HB21-1018,2021,RS,Senate,2021-04-08,Senate Second Reading Laid Over to 4/12/2021 - No Amendments,8
HB21-1018,2021,RS,Senate,2021-04-12,Senate Second Reading Laid Over Daily - No Amendments,9
HB21-1018,2021,RS,Senate,2021-04-13,Senate Second Reading Passed with Amendments - Floor,10
HB21-1018,2021,RS,Senate,2021-04-14,Senate Third Reading Passed - No Amendments,11
HB21-1018,2021,RS,House,2021-04-15,House Considered Senate Amendments - Result was to Laid Over Daily,12
HB21-1018,2021,RS,House,2021-04-20,House Considered Senate Amendments - Result was to Concur - Repass,13
HB21-1018,2021,RS,House,2021-04-28,Signed by the Speaker of the House,14
HB21-1018,2021,RS,Senate,2021-04-28,Signed by the President of the Senate,15
HB21-1018,2021,RS,Governor,2021-04-28,Sent to the Governor,16
HB21-1018,2021,RS,Governor,2021-05-07,Governor Signed,17
HB21-1019,2021,RS,House,2021-02-16,Introduced In House - Assigned to Transportation & Local Government,1
HB21-1019,2021,RS,House,2021-03-23,House Committee on Transportation & Local Government Refer Amended to House Committee of the Whole,2
HB21-1019,2021,RS,House,2021-03-26,House Second Reading Passed with Amendments - Committee,3
HB21-1019,2021,RS,House,2021-03-29,House Third Reading Passed - No Amendments,4
HB21-1019,2021,RS,Senate,2021-03-30,"Introduced In Senate - Assigned to Business, Labor, & Technology",5
HB21-1019,2021,RS,Senate,2021-04-12,"Senate Committee on Business, Labor, & Technology Refer Unamended - Consent Calendar to Senate Committee of the Whole",6
HB21-1019,2021,RS,Senate,2021-04-15,Senate Second Reading Passed - No Amendments,7
HB21-1019,2021,RS,Senate,2021-04-16,Senate Third Reading Passed - No Amendments,8
HB21-1019,2021,RS,House,2021-04-30,Signed by the Speaker of the House,9
HB21-1019,2021,RS,Senate,2021-04-30,Signed by the President of the Senate,10
HB21-1019,2021,RS,Governor,2021-04-30,Sent to the Governor,11
HB21-1019,2021,RS,Governor,2021-05-10,Governor Signed,12
HB21-1020,2021,RS,House,2021-02-16,Introduced In House - Assigned to Health & Insurance,1
HB21-1020,2021,RS,House,2021-03-10,House Committee on Health & Insurance Postpone Indefinitely,2
HB21-1021,2021,RS,House,2021-02-16,Introduced In House - Assigned to Public & Behavioral Health & Human Services,1
HB21-1021,2021,RS,House,2021-03-09,House Committee on Public & Behavioral Health & Human Services Refer Amended to Finance,2
HB21-1021,2021,RS,House,2021-03-29,House Committee on Finance Refer Amended to Appropriations,3
HB21-1021,2021,RS,House,2021-04-23,House Committee on Appropriations Refer Amended to House Committee of the Whole,4
HB21-1021,2021,RS,House,2021-04-23,House Second Reading Special Order - Passed with Amendments - Committee,5
HB21-1021,2021,RS,House,2021-04-26,House Third Reading Passed - No Amendments,6
HB21-1021,2021,RS,Senate,2021-04-27,Introduced In Senate - Assigned to Finance,7
HB21-1021,2021,RS,Senate,2021-05-05,Senate Committee on Finance Refer Unamended to Appropriations,8
HB21-1021,2021,RS,Senate,2021-05-14,Senate Committee on Appropriations Refer Unamended - Consent Calendar to Senate Committee of the Whole,9
HB21-1021,2021,RS,Senate,2021-05-18,Senate Second Reading Passed - No Amendments,10
HB21-1021,2021,RS,Senate,2021-05-19,Senate Third Reading Passed - No Amendments,11
HB21-1021,2021,RS,Senate,2021-06-08,Signed by the President of the Senate,12
HB21-1021,2021,RS,House,2021-06-08,Signed by the Speaker of the House,13
HB21-1021,2021,RS,Governor,2021-06-09,Sent to the Governor,14
HB21-1021,2021,RS,Governor,2021-06-18,Governor Signed,15
HB21-1022,2021,RS,House,2021-02-16,Introduced In House - Assigned to Health & Insurance,1
HB21-1022,2021,RS,House,2021-02-24,House Committee on Health & Insurance Refer Amended to House Committee of the Whole,2
HB21-1022,2021,RS,House,2021-03-01,"House Second Reading Passed with Amendments - Committee, Floor",3
HB21-1022,2021,RS,House,2021-03-02,House Third Reading Passed - No Amendments,4
HB21-1022,2021,RS,Senate,2021-03-05,Introduced In Senate - Assigned to Health & Human Services,5
HB21-1022,2021,RS,Senate,2021-04-07,Senate Committee on Health & Human Services Refer Amended to Senate Committee of the Whole,6
HB21-1022,2021,RS,Senate,2021-04-12,Senate Second Reading Passed with Amendments - Committee,7
HB21-1022,2021,RS,Senate,2021-04-13,Senate Third Reading Passed - No Amendments,8
HB21-1022,2021,RS,House,2021-04-14,House Considered Senate Amendments - Result was to Laid Over Daily,9
HB21-1022,2021,RS,House,2021-04-16,House Considered Senate Amendments - Result was to Concur - Repass,10
HB21-1022,2021,RS,House,2021-04-27,Signed by the Speaker of the House,11
HB21-1022,2021,RS,Senate,2021-04-27,Signed by the President of the Senate,12
HB21-1022,2021,RS,Governor,2021-04-28,Sent to the Governor,13
HB21-1022,2021,RS,Governor,2021-05-06,Governor Signed,14
HB21-1023,2021,RS,House,2021-02-16,Introduced In House - Assigned to Finance,1
HB21-1023,2021,RS,House,2021-03-17,House Committee on Finance Postpone Indefinitely,2
HB21-1024,2021,RS,House,2021-02-16,Introduced In House - Assigned to Transportation & Local Government,1
HB21-1024,2021,RS,House,2021-03-23,House Committee on Transportation & Local Government Refer Amended to Finance,2
HB21-1024,2021,RS,House,2021-04-12,House Committee on Finance Refer Amended to Appropriations,3
HB21-1024,2021,RS,House,2021-04-28,House Committee on Appropriations Refer Amended to House Committee of the Whole,4
HB21-1024,2021,RS,House,2021-04-28,House Second Reading Special Order - Passed with Amendments - Committee,5
HB21-1024,2021,RS,House,2021-04-29,House Third Reading Passed - No Amendments,6
HB21-1024,2021,RS,Senate,2021-04-30,Introduced In Senate - Assigned to Finance,7
HB21-1024,2021,RS,Senate,2021-05-12,Senate Committee on Finance Refer Unamended to Appropriations,8
HB21-1024,2021,RS,Senate,2021-05-21,Senate Committee on Appropriations Refer Amended to Senate Committee of the Whole,9
HB21-1024,2021,RS,Senate,2021-05-21,Senate Second Reading Special Order - Passed with Amendments - Committee,10
HB21-1024,2021,RS,Senate,2021-05-24,Senate Third Reading Passed - No Amendments,11
HB21-1024,2021,RS,House,2021-05-25,House Considered Senate Amendments - Result was to Laid Over Daily,12
HB21-1024,2021,RS,House,2021-06-03,House Considered Senate Amendments - Result was to Concur - Repass,13
HB21-1024,2021,RS,Senate,2021-06-16,Signed by the President of the Senate,14
HB21-1024,2021,RS,House,2021-06-16,Signed by the Speaker of the House,15
HB21-1024,2021,RS,Governor,2021-06-17,Sent to the Governor,16
HB21-1024,2021,RS,Governor,2021-07-02,Governor Vetoed,17
HB21-1025,2021,RS,House,2021-02-16,"Introduced In House - Assigned to State, Civic, Military, & Veterans Affairs",1
HB21-1025,2021,RS,House,2021-02-22,"House Committee on State, Civic, Military, & Veterans Affairs Refer Unamended to House Committee of the Whole",2
HB21-1025,2021,RS,House,2021-02-25,House Second Reading Laid Over to 03/01/2021 - No Amendments,3
HB21-1025,2021,RS,House,2021-03-01,House Second Reading Passed with Amendments - Floor,4
HB21-1025,2021,RS,House,2021-03-02,House Third Reading Passed - No Amendments,5
HB21-1025,2021,RS,Senate,2021-03-04,"Introduced In Senate - Assigned to State, Veterans, & Military Affairs",6
HB21-1025,2021,RS,Senate,2021-03-18,"Senate Committee on State, Veterans, & Military Affairs Refer Unamended to Senate Committee of the Whole",7
HB21-1025,2021,RS,Senate,2021-03-22,Senate Second Reading Passed - No Amendments,8
HB21-1025,2021,RS,Senate,2021-03-23,Senate Third Reading Passed - No Amendments,9
HB21-1025,2021,RS,House,2021-03-29,Signed by the Speaker of the House,10
HB21-1025,2021,RS,Senate,2021-03-29,Signed by the President of the Senate,11
HB21-1025,2021,RS,Governor,2021-03-29,Sent to the Governor,12
HB21-1025,2021,RS,Governor,2021-04-07,Governor Signed,13
HB21-1026,2021,RS,House,2021-02-16,Introduced In House - Assigned to Business Affairs & Labor,1
HB21-1026,2021,RS,House,2021-03-11,House Committee on Business Affairs & Labor Postpone Indefinitely,2
HB21-1027,2021,RS,House,2021-02-16,Introduced In House - Assigned to Business Affairs & Labor,1
HB21-1027,2021,RS,House,2021-03-03,House Committee on Business Affairs & Labor Refer Amended to Finance,2
HB21-1027,2021,RS,House,2021-03-17,House Committee on Finance Refer Unamended to Appropriations,3
HB21-1027,2021,RS,House,2021-04-23,House Committee on Appropriations Refer Amended to House Committee of the Whole,4
HB21-1027,2021,RS,House,2021-04-27,"House Second Reading Passed with Amendments - Committee, Floor",5
HB21-1027,2021,RS,House,2021-04-28,House Third Reading Passed - No Amendments,6
HB21-1027,2021,RS,Senate,2021-04-30,Introduced In Senate - Assigned to Finance,7
HB21-1027,2021,RS,Senate,2021-05-12,Senate Committee on Finance Refer Unamended to Appropriations,8
HB21-1027,2021,RS,Senate,2021-05-21,Senate Committee on Appropriations Refer Unamended to Senate Committee of the Whole,9
HB21-1027,2021,RS,Senate,2021-05-25,Senate Second Reading Passed with Amendments - Floor,10
HB21-1027,2021,RS,Senate,2021-05-26,Senate Third Reading Passed - No Amendments,11
HB21-1027,2021,RS,House,2021-05-27,House Considered Senate Amendments - Result was to Adhere,12
HB21-1027,2021,RS,House,2021-06-01,House Considered Senate Amendments - Result was to Laid Over Daily,13
HB21-1027,2021,RS,House,2021-06-03,House Considered Senate Amendments - Result was to Not Concur - Request Conference Committee,14
HB21-1027,2021,RS,ConfComm,2021-06-07,First Conference Committee Result was to Adopt Rerevised w/ Amendments,15
HB21-1027,2021,RS,Senate,2021-06-07,Senate Consideration of First Conference Committee Report result was to Adopt Committee Report - Repass,16
HB21-1027,2021,RS,House,2021-06-16,House Considered Senate Amendments - Result was to Reconsider,17
HB21-1027,2021,RS,Senate,2021-06-21,Signed by the President of the Senate,18
HB21-1027,2021,RS,House,2021-06-21,Signed by the Speaker of the House,19
HB21-1027,2021,RS,Governor,2021-06-21,Sent to the Governor,20
HB21-1027,2021,RS,Governor,2021-06-22,Governor Signed,21
HB21-1028,2021,RS,House,2021-02-16,Introduced In House - Assigned to Transportation & Local Government,1
HB21-1028,2021,RS,House,2021-03-10,House Committee on Transportation & Local Government Refer Amended to Appropriations,2
HB21-1028,2021,RS,House,2021-04-28,House Committee on Appropriations Refer Amended to House Committee of the Whole,3
HB21-1028,2021,RS,House,2021-04-28,House Second Reading Special Order - Passed with Amendments - Committee,4
HB21-1028,2021,RS,House,2021-04-29,House Third Reading Passed - No Amendments,5
HB21-1028,2021,RS,Senate,2021-05-03,Introduced In Senate - Assigned to Local Government,6
HB21-1028,2021,RS,Senate,2021-05-11,Senate Committee on Local Government Refer Unamended to Appropriations,7
HB21-1028,2021,RS,Senate,2021-05-19,Senate Committee on Appropriations Refer Amended to Senate Committee of the Whole,8
HB21-1028,2021,RS,Senate,2021-05-20,Senate Second Reading Special Order - Laid Over Daily - No Amendments,9
HB21-1028,2021,RS,Senate,2021-05-21,Senate Second Reading Passed with Amendments - Committee,10
HB21-1028,2021,RS,Senate,2021-05-24,Senate Third Reading Passed - No Amendments,11
HB21-1028,2021,RS,House,2021-05-25,House Considered Senate Amendments - Result was to Laid Over Daily,12
HB21-1028,2021,RS,House,2021-06-03,House Considered Senate Amendments - Result was to Adhere,13
HB21-1028,2021,RS,Senate,2021-06-03,Senate Considered House Adherence - Result was to Recede,14
HB21-1028,2021,RS,Senate,2021-06-14,Signed by the President of the Senate,15
HB21-1028,2021,RS,House,2021-06-14,Signed by the Speaker of the House,16
HB21-1028,2021,RS,Governor,2021-06-15,Sent to the Governor,17
HB21-1028,2021,RS,Governor,2021-06-30,Governor Signed,18
HB21-1029,2021,RS,House,2021-02-16,Introduced In House - Assigned to Education,1
HB21-1029,2021,RS,House,2021-04-15,House Committee on Education Postpone Indefinitely,2
HB21-1030,2021,RS,House,2021-02-16,Introduced In House - Assigned to Public & Behavioral Health & Human Services + Appropriations,1
HB21-1030,2021,RS,House,2021-03-08,House Committee on Public & Behavioral Health & Human Services Refer Amended to Appropriations,2
HB21-1030,2021,RS,House,2021-05-07,House Committee on Appropriations Refer Amended to House Committee of the Whole,3
HB21-1030,2021,RS,House,2021-05-07,"House Second Reading Special Order - Passed with Amendments - Committee, Floor",4
HB21-1030,2021,RS,House,2021-05-10,House Third Reading Passed - No Amendments,5
HB21-1030,2021,RS,Senate,2021-05-10,Introduced In Senate - Assigned to Local Government,6
HB21-1030,2021,RS,Senate,2021-05-18,Senate Committee on Local Government Refer Unamended to Appropriations,7
HB21-1030,2021,RS,Senate,2021-06-03,Senate Committee on Appropriations Refer Amended - Consent Calendar to Senate Committee of the Whole,8
HB21-1030,2021,RS,Senate,2021-06-03,Senate Second Reading Special Order - Passed with Amendments - Committee,9
HB21-1030,2021,RS,Senate,2021-06-04,Senate Third Reading Passed - No Amendments,10
HB21-1030,2021,RS,House,2021-06-07,House Considered Senate Amendments - Result was to Laid Over Daily,11
HB21-1030,2021,RS,House,2021-06-08,House Considered Senate Amendments - Result was to Concur - Repass,12
HB21-1030,2021,RS,Senate,2021-06-22,Signed by the President of the Senate,13
HB21-1030,2021,RS,House,2021-06-22,Signed by the Speaker of the House,14
HB21-1030,2021,RS,Governor,2021-06-22,Sent to the Governor,15
HB21-1030,2021,RS,Governor,2021-06-27,Governor Signed,16
HB21-1031,2021,RS,House,2021-02-16,Introduced In House - Assigned to Judiciary,1
HB21-1031,2021,RS,House,2021-02-24,House Committee on Judiciary Refer Unamended to House Committee of the Whole,2
HB21-1031,2021,RS,House,2021-03-01,House Second Reading Passed - No Amendments,3
HB21-1031,2021,RS,House,2021-03-02,House Third Reading Passed - No Amendments,4
HB21-1031,2021,RS,Senate,2021-03-04,Introduced In Senate - Assigned to Judiciary,5
HB21-1031,2021,RS,Senate,2021-03-31,Senate Committee on Judiciary Refer Unamended - Consent Calendar to Senate Committee of the Whole,6
HB21-1031,2021,RS,Senate,2021-04-01,Senate Second Reading Special Order - Passed - No Amendments,7
HB21-1031,2021,RS,Senate,2021-04-05,Senate Third Reading Passed - No Amendments,8
HB21-1031,2021,RS,Senate,2021-04-06,Senate Third Reading Reconsidered - No Amendments,9
HB21-1031,2021,RS,Senate,2021-04-06,Senate Third Reading Passed with Amendments - Floor,10
HB21-1031,2021,RS,Senate,2021-04-06,Senate Recalled Bill From House,11
HB21-1031,2021,RS,House,2021-04-07,House Considered Senate Amendments - Result was to Laid Over Daily,12
HB21-1031,2021,RS,House,2021-04-16,House Considered Senate Amendments - Result was to Concur - Repass,13
HB21-1031,2021,RS,House,2021-04-27,Signed by the Speaker of the House,14
HB21-1031,2021,RS,Senate,2021-04-27,Signed by the President of the Senate,15
HB21-1031,2021,RS,Governor,2021-04-28,Sent to the Governor,16
HB21-1031,2021,RS,Governor,2021-05-07,Governor Signed,17
HB21-1032,2021,RS,House,2021-02-16,Introduced In House - Assigned to Public & Behavioral Health & Human Services,1
HB21-1032,2021,RS,House,2021-03-05,House Committee on Public & Behavioral Health & Human Services Postpone Indefinitely,2
HB21-1033,2021,RS,House,2021-02-16,Introduced In House - Assigned to Health & Insurance,1
HB21-1033,2021,RS,House,2021-02-24,House Committee on Health & Insurance Postpone Indefinitely,2
HB21-1034,2021,RS,House,2021-02-16,Introduced In House - Assigned to Energy & Environment,1
HB21-1034,2021,RS,House,2021-03-03,House Committee on Energy & Environment Postpone Indefinitely,2
HB21-1035,2021,RS,House,2021-02-16,Introduced In House - Assigned to Public & Behavioral Health & Human Services,1
HB21-1035,2021,RS,House,2021-03-16,House Committee on Public & Behavioral Health & Human Services Postpone Indefinitely,2
HB21-1036,2021,RS,House,2021-02-16,Introduced In House - Assigned to Public & Behavioral Health & Human Services,1
HB21-1036,2021,RS,House,2021-03-05,House Committee on Public & Behavioral Health & Human Services Postpone Indefinitely,2
HB21-1037,2021,RS,House,2021-02-16,Introduced In House - Assigned to Energy & Environment,1
HB21-1037,2021,RS,House,2021-02-25,House Committee on Energy & Environment Postpone Indefinitely,2
HB21-1038,2021,RS,House,2021-02-16,"Introduced In House - Assigned to State, Civic, Military, & Veterans Affairs",1
HB21-1038,2021,RS,House,2021-03-17,"House Committee on State, Civic, Military, & Veterans Affairs Postpone Indefinitely",2
HB21-1039,2021,RS,House,2021-02-16,Introduced In House - Assigned to Judiciary,1
HB21-1039,2021,RS,House,2021-02-24,House Committee on Judiciary Refer Unamended to Finance,2
HB21-1039,2021,RS,House,2021-04-12,House Committee on Finance Postpone Indefinitely,3
HB21-1040,2021,RS,House,2021-02-16,Introduced In House - Assigned to Energy & Environment + Appropriations,1
HB21-1040,2021,RS,House,2021-02-25,House Committee on Energy & Environment Lay Over Amended,2
HB21-1040,2021,RS,House,2021-03-10,House Committee on Energy & Environment Postpone Indefinitely,3
HB21-1041,2021,RS,House,2021-02-16,"Introduced In House - Assigned to State, Civic, Military, & Veterans Affairs",1
HB21-1041,2021,RS,House,2021-03-17,"House Committee on State, Civic, Military, & Veterans Affairs Postpone Indefinitely",2
HB21-1042,2021,RS,House,2021-02-16,"Introduced In House - Assigned to Agriculture, Livestock, & Water",1
HB21-1042,2021,RS,House,2021-03-01,"House Committee on Agriculture, Livestock, & Water Postpone Indefinitely",2
HB21-1043,2021,RS,House,2021-02-16,"Introduced In House - Assigned to Agriculture, Livestock, & Water",1
HB21-1043,2021,RS,House,2021-03-01,"House Committee on Agriculture, Livestock, & Water Refer Amended to Finance",2
HB21-1043,2021,RS,House,2021-04-01,House Committee on Finance Refer Unamended to Appropriations,3
HB21-1043,2021,RS,House,2021-06-15,House Committee on Appropriations Lay Over Unamended - Amendment(s) Failed,4
HB21-1044,2021,RS,House,2021-02-16,Introduced In House - Assigned to Business Affairs & Labor,1
HB21-1044,2021,RS,House,2021-03-03,House Committee on Business Affairs & Labor Refer Amended to Finance,2
HB21-1044,2021,RS,House,2021-03-17,House Committee on Finance Refer Unamended to Appropriations,3
HB21-1044,2021,RS,House,2021-03-26,House Committee on Appropriations Refer Amended to House Committee of the Whole,4
HB21-1044,2021,RS,House,2021-03-26,House Second Reading Special Order - Passed with Amendments - Committee,5
HB21-1044,2021,RS,House,2021-03-29,House Third Reading Passed - No Amendments,6
HB21-1044,2021,RS,Senate,2021-03-30,Introduced In Senate - Assigned to Finance,7
HB21-1044,2021,RS,Senate,2021-04-14,Senate Committee on Finance Refer Unamended to Appropriations,8
HB21-1044,2021,RS,Senate,2021-04-23,Senate Committee on Appropriations Refer Unamended - Consent Calendar to Senate Committee of the Whole,9
HB21-1044,2021,RS,Senate,2021-04-23,Senate Second Reading Special Order - Passed - No Amendments,10
HB21-1044,2021,RS,Senate,2021-04-26,Senate Third Reading Passed - No Amendments,11
HB21-1044,2021,RS,Senate,2021-05-11,Signed by the President of the Senate,12
HB21-1044,2021,RS,House,2021-05-11,Signed by the Speaker of the House,13
HB21-1044,2021,RS,Governor,2021-05-11,Sent to the Governor,14
HB21-1044,2021,RS,Governor,2021-05-21,Governor Signed,15
HB21-1045,2021,RS,House,2021-02-16,"Introduced In House - Assigned to Agriculture, Livestock, & Water",1
HB21-1045,2021,RS,House,2021-02-22,"House Committee on Agriculture, Livestock, & Water Refer Unamended to House Committee of the Whole",2
HB21-1045,2021,RS,House,2021-02-25,House Second Reading Laid Over to 03/01/2021 - No Amendments,3
HB21-1045,2021,RS,House,2021-03-01,House Second Reading Laid Over Daily - No Amendments,4
HB21-1045,2021,RS,House,2021-03-02,House Second Reading Laid Over to 03/04/2021 - No Amendments,5
HB21-1045,2021,RS,House,2021-03-04,House Second Reading Passed with Amendments - Floor,6
HB21-1045,2021,RS,House,2021-03-05,House Third Reading Passed - No Amendments,7
HB21-1045,2021,RS,Senate,2021-03-10,Introduced In Senate - Assigned to Agriculture & Natural Resources,8
HB21-1045,2021,RS,Senate,2021-04-15,Senate Committee on Agriculture & Natural Resources Refer Amended to Senate Committee of the Whole,9
HB21-1045,2021,RS,Senate,2021-04-21,Senate Second Reading Passed with Amendments - Committee,10
HB21-1045,2021,RS,Senate,2021-04-22,Senate Third Reading Passed - No Amendments,11
HB21-1045,2021,RS,House,2021-04-23,House Considered Senate Amendments - Result was to Concur - Repass,12
HB21-1045,2021,RS,Senate,2021-05-11,Signed by the President of the Senate,13
HB21-1045,2021,RS,House,2021-05-11,Signed by the Speaker of the House,14
HB21-1045,2021,RS,Governor,2021-05-11,Sent to the Governor,15
HB21-1045,2021,RS,Governor,2021-05-20,Governor Signed,16
HB21-1046,2021,RS,House,2021-02-16,"Introduced In House - Assigned to Agriculture, Livestock, & Water",1
HB21-1046,2021,RS,House,2021-03-17,"House Committee on Agriculture, Livestock, & Water Refer Amended to House Committee of the Whole",2
HB21-1046,2021,RS,House,2021-03-22,House Second Reading Passed with Amendments - Committee,3
HB21-1046,2021,RS,House,2021-03-23,House Third Reading Laid Over Daily - No Amendments,4
HB21-1046,2021,RS,House,2021-03-24,House Third Reading Passed - No Amendments,5
HB21-1046,2021,RS,Senate,2021-03-24,Introduced In Senate - Assigned to Agriculture & Natural Resources,6
HB21-1046,2021,RS,Senate,2021-04-15,Senate Committee on Agriculture & Natural Resources Refer Unamended - Consent Calendar to Senate Committee of the Whole,7
HB21-1046,2021,RS,Senate,2021-04-20,Senate Second Reading Passed - No Amendments,8
HB21-1046,2021,RS,Senate,2021-04-21,Senate Third Reading Passed - No Amendments,9
HB21-1046,2021,RS,Senate,2021-04-21,Senate Third Reading Reconsidered - No Amendments,10
HB21-1046,2021,RS,Senate,2021-05-11,Signed by the President of the Senate,11
HB21-1046,2021,RS,House,2021-05-11,Signed by the Speaker of the House,12
HB21-1046,2021,RS,Governor,2021-05-11,Sent to the Governor,13
HB21-1046,2021,RS,Governor,2021-05-20,Governor Signed,14
HB21-1047,2021,RS,House,2021-02-16,"Introduced In House - Assigned to State, Civic, Military, & Veterans Affairs",1
HB21-1047,2021,RS,House,2021-03-04,"House Committee on State, Civic, Military, & Veterans Affairs Refer Amended to House Committee of the Whole",2
HB21-1047,2021,RS,House,2021-03-08,House Second Reading Laid Over Daily - No Amendments,3
HB21-1047,2021,RS,House,2021-03-09,House Second Reading Laid Over to 03/15/2021 - No Amendments,4
HB21-1047,2021,RS,House,2021-03-16,"House Second Reading Passed with Amendments - Committee, Floor",5
HB21-1047,2021,RS,House,2021-03-17,House Third Reading Passed - No Amendments,6
HB21-1047,2021,RS,Senate,2021-03-19,"Introduced In Senate - Assigned to State, Veterans, & Military Affairs",7
HB21-1047,2021,RS,Senate,2021-04-06,"Senate Committee on State, Veterans, & Military Affairs Refer Amended to Senate Committee of the Whole",8
HB21-1047,2021,RS,Senate,2021-04-09,Senate Second Reading Laid Over Daily - No Amendments,9
HB21-1047,2021,RS,Senate,2021-04-12,"Senate Second Reading Passed with Amendments - Committee, Floor",10
HB21-1047,2021,RS,Senate,2021-04-13,Senate Third Reading Passed - No Amendments,11
HB21-1047,2021,RS,House,2021-04-14,House Considered Senate Amendments - Result was to Laid Over Daily,12
HB21-1047,2021,RS,House,2021-04-16,House Considered Senate Amendments - Result was to Concur - Repass,13
HB21-1047,2021,RS,House,2021-04-27,Signed by the Speaker of the House,14
HB21-1047,2021,RS,Senate,2021-04-27,Signed by the President of the Senate,15
HB21-1047,2021,RS,Governor,2021-04-28,Sent to the Governor,16
HB21-1047,2021,RS,Governor,2021-04-29,Governor Signed,17
HB21-1048,2021,RS,House,2021-02-16,Introduced In House - Assigned to Business Affairs & Labor,1
HB21-1048,2021,RS,House,2021-03-18,House Committee on Business Affairs & Labor Refer Amended to House Committee of the Whole,2
HB21-1048,2021,RS,House,2021-03-23,House Second Reading Laid Over Daily - No Amendments,3
HB21-1048,2021,RS,House,2021-03-24,House Second Reading Passed with Amendments - Committee,4
HB21-1048,2021,RS,House,2021-03-25,House Third Reading Passed - No Amendments,5
HB21-1048,2021,RS,Senate,2021-03-29,"Introduced In Senate - Assigned to Business, Labor, & Technology",6
HB21-1048,2021,RS,Senate,2021-04-12,"Senate Committee on Business, Labor, & Technology Refer Amended to Senate Committee of the Whole",7
HB21-1048,2021,RS,Senate,2021-04-15,"Senate Second Reading Passed with Amendments - Committee, Floor",8
HB21-1048,2021,RS,Senate,2021-04-16,Senate Third Reading Passed - No Amendments,9
HB21-1048,2021,RS,House,2021-04-19,House Considered Senate Amendments - Result was to Laid Over Daily,10
HB21-1048,2021,RS,House,2021-04-20,House Considered Senate Amendments - Result was to Concur - Repass,11
HB21-1048,2021,RS,House,2021-04-30,Signed by the Speaker of the House,12
HB21-1048,2021,RS,Senate,2021-04-30,Signed by the President of the Senate,13
HB21-1048,2021,RS,Governor,2021-04-30,Sent to the Governor,14
HB21-1048,2021,RS,Governor,2021-05-10,Governor Signed,15
HB21-1049,2021,RS,House,2021-02-16,Introduced In House - Assigned to Business Affairs & Labor,1
HB21-1049,2021,RS,House,2021-02-25,House Committee on Business Affairs & Labor Postpone Indefinitely,2
HB21-1050,2021,RS,House,2021-02-16,Introduced In House - Assigned to Business Affairs & Labor,1
HB21-1050,2021,RS,House,2021-02-24,House Committee on Business Affairs & Labor Refer Amended to Appropriations,2
HB21-1050,2021,RS,House,2021-04-23,House Committee on Appropriations Refer Unamended to House Committee of the Whole,3
HB21-1050,2021,RS,House,2021-04-23,House Second Reading Special Order - Passed with Amendments - Committee,4
HB21-1050,2021,RS,House,2021-04-26,House Third Reading Passed - No Amendments,5
HB21-1050,2021,RS,Senate,2021-04-27,"Introduced In Senate - Assigned to Business, Labor, & Technology",6
HB21-1050,2021,RS,Senate,2021-05-10,"Senate Committee on Business, Labor, & Technology Refer Unamended to Appropriations",7
HB21-1050,2021,RS,Senate,2021-05-19,Senate Committee on Appropriations Refer Unamended to Senate Committee of the Whole,8
HB21-1050,2021,RS,Senate,2021-05-20,Senate Second Reading Special Order - Passed - No Amendments,9
HB21-1050,2021,RS,Senate,2021-05-21,Senate Third Reading Passed - No Amendments,10
HB21-1050,2021,RS,Senate,2021-06-11,Signed by the President of the Senate,11
HB21-1050,2021,RS,House,2021-06-11,Signed by the Speaker of the House,12
HB21-1050,2021,RS,Governor,2021-06-11,Sent to the Governor,13
HB21-1050,2021,RS,Governor,2021-06-30,Governor Signed,14
HB21-1051,2021,RS,House,2021-02-16,Introduced In House - Assigned to Business Affairs & Labor,1
HB21-1051,2021,RS,House,2021-03-25,House Committee on Business Affairs & Labor Refer Amended to House Committee of the Whole,2
HB21-1051,2021,RS,House,2021-03-30,House Second Reading Passed with Amendments - Committee,3
HB21-1051,2021,RS,House,2021-03-31,House Third Reading Laid Over Daily - No Amendments,4
HB21-1051,2021,RS,House,2021-04-01,House Third Reading Passed - No Amendments,5
HB21-1051,2021,RS,Senate,2021-04-06,"Introduced In Senate - Assigned to State, Veterans, & Military Affairs",6
HB21-1051,2021,RS,Senate,2021-04-22,"Senate Committee on State, Veterans, & Military Affairs Refer Unamended to Senate Committee of the Whole",7
HB21-1051,2021,RS,Senate,2021-04-27,Senate Second Reading Passed - No Amendments,8
HB21-1051,2021,RS,Senate,2021-04-28,Senate Third Reading Passed - No Amendments,9
HB21-1051,2021,RS,House,2021-05-14,Signed by the Speaker of the House,10
HB21-1051,2021,RS,Senate,2021-05-14,Signed by the President of the Senate,11
HB21-1051,2021,RS,Governor,2021-05-14,Sent to the Governor,12
HB21-1051,2021,RS,Governor,2021-05-25,Governor Became Law,13
HB21-1052,2021,RS,House,2021-02-16,Introduced In House - Assigned to Energy & Environment,1
HB21-1052,2021,RS,House,2021-02-24,House Committee on Energy & Environment Witness Testimony and/or Committee Discussion Only,2
HB21-1052,2021,RS,House,2021-03-10,House Committee on Energy & Environment Refer Amended to House Committee of the Whole,3
HB21-1052,2021,RS,House,2021-03-16,House Second Reading Passed with Amendments - Committee,4
HB21-1052,2021,RS,House,2021-03-17,House Third Reading Passed - No Amendments,5
HB21-1052,2021,RS,Senate,2021-03-18,Introduced In Senate - Assigned to Agriculture & Natural Resources,6
HB21-1052,2021,RS,Senate,2021-04-01,Senate Committee on Agriculture & Natural Resources Refer Unamended - Consent Calendar to Senate Committee of the Whole,7
HB21-1052,2021,RS,Senate,2021-04-07,Senate Second Reading Passed - No Amendments,8
HB21-1052,2021,RS,Senate,2021-04-08,Senate Third Reading Reconsidered - No Amendments,9
HB21-1052,2021,RS,Senate,2021-04-08,Senate Third Reading Passed - No Amendments,10
HB21-1052,2021,RS,House,2021-04-13,Signed by the Speaker of the House,11
HB21-1052,2021,RS,Senate,2021-04-13,Signed by the President of the Senate,12
HB21-1052,2021,RS,Governor,2021-04-14,Sent to the Governor,13
HB21-1052,2021,RS,Governor,2021-04-22,Governor Signed,14
HB21-1053,2021,RS,House,2021-02-16,"Introduced In House - Assigned to State, Civic, Military, & Veterans Affairs",1
HB21-1053,2021,RS,House,2021-03-29,"House Committee on State, Civic, Military, & Veterans Affairs Postpone Indefinitely",2
HB21-1054,2021,RS,House,2021-02-16,"Introduced In House - Assigned to State, Civic, Military, & Veterans Affairs",1
HB21-1054,2021,RS,House,2021-02-25,"House Committee on State, Civic, Military, & Veterans Affairs Refer Amended to House Committee of the Whole",2
HB21-1054,2021,RS,House,2021-03-02,"House Second Reading Passed with Amendments - Committee, Floor",3
HB21-1054,2021,RS,House,2021-03-03,House Third Reading Passed - No Amendments,4
HB21-1054,2021,RS,Senate,2021-03-05,"Introduced In Senate - Assigned to State, Veterans, & Military Affairs",5
HB21-1054,2021,RS,Senate,2021-03-23,"Senate Committee on State, Veterans, & Military Affairs Refer Unamended to Senate Committee of the Whole",6
HB21-1054,2021,RS,Senate,2021-03-26,Senate Second Reading Passed - No Amendments,7
HB21-1054,2021,RS,Senate,2021-03-29,Senate Third Reading Laid Over Daily - No Amendments,8
HB21-1054,2021,RS,Senate,2021-03-30,Senate Third Reading Passed - No Amendments,9
HB21-1054,2021,RS,House,2021-03-31,Signed by the Speaker of the House,10
HB21-1054,2021,RS,Senate,2021-04-05,Signed by the President of the Senate,11
HB21-1054,2021,RS,Governor,2021-04-05,Sent to the Governor,12
HB21-1054,2021,RS,Governor,2021-04-15,Governor Signed,13
HB21-1055,2021,RS,House,2021-02-16,Introduced In House - Assigned to Education,1
HB21-1055,2021,RS,House,2021-03-11,House Committee on Education Refer Unamended to House Committee of the Whole,2
HB21-1055,2021,RS,House,2021-03-16,House Second Reading Passed - No Amendments,3
HB21-1055,2021,RS,House,2021-03-22,House Third Reading Passed - No Amendments,4
HB21-1055,2021,RS,Senate,2021-03-25,Introduced In Senate - Assigned to Education,5
HB21-1055,2021,RS,Senate,2021-04-22,Senate Committee on Education Refer Amended to Senate Committee of the Whole,6
HB21-1055,2021,RS,Senate,2021-04-27,Senate Second Reading Passed with Amendments - Committee,7
HB21-1055,2021,RS,Senate,2021-04-28,Senate Third Reading Passed - No Amendments,8
HB21-1055,2021,RS,House,2021-04-29,House Considered Senate Amendments - Result was to Concur - Repass,9
HB21-1055,2021,RS,Senate,2021-05-11,Signed by the President of the Senate,10
HB21-1055,2021,RS,House,2021-05-11,Signed by the Speaker of the House,11
HB21-1055,2021,RS,Governor,2021-05-11,Sent to the Governor,12
HB21-1055,2021,RS,Governor,2021-05-17,Governor Signed,13
HB21-1056,2021,RS,House,2021-02-16,Introduced In House - Assigned to Transportation & Local Government + Business Affairs & Labor,1
HB21-1056,2021,RS,House,2021-03-30,House Committee on Transportation & Local Government Refer Amended to Business Affairs & Labor,2
HB21-1056,2021,RS,House,2021-04-07,House Committee on Business Affairs & Labor Refer Amended to House Committee of the Whole,3
HB21-1056,2021,RS,House,2021-04-09,House Second Reading Passed with Amendments - Committee,4
HB21-1056,2021,RS,House,2021-04-12,House Third Reading Passed - No Amendments,5
HB21-1056,2021,RS,Senate,2021-04-13,Introduced In Senate - Assigned to Transportation & Energy,6
HB21-1056,2021,RS,Senate,2021-04-27,Senate Committee on Transportation & Energy Refer Unamended to Senate Committee of the Whole,7
HB21-1056,2021,RS,Senate,2021-04-30,Senate Second Reading Passed - No Amendments,8
HB21-1056,2021,RS,Senate,2021-05-03,Senate Third Reading Passed - No Amendments,9
HB21-1056,2021,RS,House,2021-05-14,Signed by the Speaker of the House,10
HB21-1056,2021,RS,Senate,2021-05-14,Signed by the President of the Senate,11
HB21-1056,2021,RS,Governor,2021-05-14,Sent to the Governor,12
HB21-1056,2021,RS,Governor,2021-05-24,Governor Signed,13
HB21-1057,2021,RS,House,2021-02-16,Introduced In House - Assigned to Judiciary,1
HB21-1057,2021,RS,House,2021-02-24,House Committee on Judiciary Refer Unamended to House Committee of the Whole,2
HB21-1057,2021,RS,House,2021-03-01,House Second Reading Passed - No Amendments,3
HB21-1057,2021,RS,House,2021-03-02,House Third Reading Passed - No Amendments,4
HB21-1057,2021,RS,Senate,2021-03-04,Introduced In Senate - Assigned to Judiciary,5
HB21-1057,2021,RS,Senate,2021-04-15,Senate Committee on Judiciary Refer Unamended - Consent Calendar to Senate Committee of the Whole,6
HB21-1057,2021,RS,Senate,2021-04-20,Senate Second Reading Passed with Amendments - Floor,7
HB21-1057,2021,RS,Senate,2021-04-21,Senate Third Reading Passed - No Amendments,8
HB21-1057,2021,RS,House,2021-04-22,House Considered Senate Amendments - Result was to Laid Over Daily,9
HB21-1057,2021,RS,House,2021-04-23,House Considered Senate Amendments - Result was to Concur - Repass,10
HB21-1057,2021,RS,Senate,2021-05-11,Signed by the President of the Senate,11
HB21-1057,2021,RS,House,2021-05-11,Signed by the Speaker of the House,12
HB21-1057,2021,RS,Governor,2021-05-11,Sent to the Governor,13
HB21-1057,2021,RS,Governor,2021-05-20,Governor Signed,14
HB21-1058,2021,RS,House,2021-02-16,Introduced In House - Assigned to Business Affairs & Labor + Finance,1
HB21-1058,2021,RS,House,2021-05-13,House Committee on Business Affairs & Labor Refer Amended to Finance,2
HB21-1058,2021,RS,House,2021-05-20,House Committee on Finance Postpone Indefinitely,3
HB21-1059,2021,RS,House,2021-02-16,Introduced In House - Assigned to Education,1
HB21-1059,2021,RS,House,2021-04-15,House Committee on Education Refer Amended to House Committee of the Whole,2
HB21-1059,2021,RS,House,2021-04-20,House Second Reading Passed with Amendments - Committee,3
HB21-1059,2021,RS,House,2021-04-21,House Third Reading Passed with Amendments - Floor,4
HB21-1059,2021,RS,Senate,2021-04-22,Introduced In Senate - Assigned to Education,5
HB21-1059,2021,RS,Senate,2021-04-29,Senate Committee on Education Refer Amended - Consent Calendar to Senate Committee of the Whole,6
HB21-1059,2021,RS,Senate,2021-05-04,Senate Second Reading Passed with Amendments - Committee,7
HB21-1059,2021,RS,Senate,2021-05-05,Senate Third Reading Passed - No Amendments,8
HB21-1059,2021,RS,House,2021-05-06,House Considered Senate Amendments - Result was to Laid Over Daily,9
HB21-1059,2021,RS,House,2021-05-07,House Considered Senate Amendments - Result was to Concur - Repass,10
HB21-1059,2021,RS,House,2021-05-19,Signed by the Speaker of the House,11
HB21-1059,2021,RS,Senate,2021-05-19,Signed by the President of the Senate,12
HB21-1059,2021,RS,Governor,2021-05-21,Sent to the Governor,13
HB21-1059,2021,RS,Governor,2021-05-28,Governor Signed,14
HB21-1060,2021,RS,House,2021-02-16,Introduced In House - Assigned to Judiciary,1
HB21-1060,2021,RS,House,2021-03-09,House Committee on Judiciary Refer Amended to House Committee of the Whole,2
HB21-1060,2021,RS,House,2021-03-11,House Second Reading Laid Over Daily - No Amendments,3
HB21-1060,2021,RS,House,2021-03-16,House Second Reading Passed with Amendments - Committee,4
HB21-1060,2021,RS,House,2021-03-17,House Third Reading Passed - No Amendments,5
HB21-1060,2021,RS,Senate,2021-03-19,Introduced In Senate - Assigned to Judiciary,6
HB21-1060,2021,RS,Senate,2021-04-15,Senate Committee on Judiciary Refer Unamended to Senate Committee of the Whole,7
HB21-1060,2021,RS,Senate,2021-04-20,Senate Second Reading Passed - No Amendments,8
HB21-1060,2021,RS,Senate,2021-04-21,Senate Third Reading Passed - No Amendments,9
HB21-1060,2021,RS,House,2021-04-30,Signed by the Speaker of the House,10
HB21-1060,2021,RS,Senate,2021-04-30,Signed by the President of the Senate,11
HB21-1060,2021,RS,Governor,2021-04-30,Sent to the Governor,12
HB21-1060,2021,RS,Governor,2021-05-10,Governor Signed,13
HB21-1061,2021,RS,House,2021-02-16,Introduced In House - Assigned to Transportation & Local Government + Finance,1
HB21-1061,2021,RS,House,2021-02-24,House Committee on Transportation & Local Government Refer Unamended to Finance,2
HB21-1061,2021,RS,House,2021-03-01,House Committee on Finance Refer Unamended to House Committee of the Whole,3
HB21-1061,2021,RS,House,2021-03-03,House Second Reading Laid Over Daily - No Amendments,4
HB21-1061,2021,RS,House,2021-03-04,House Second Reading Passed - No Amendments,5
HB21-1061,2021,RS,House,2021-03-05,House Third Reading Passed - No Amendments,6
HB21-1061,2021,RS,Senate,2021-03-10,Introduced In Senate - Assigned to Local Government,7
HB21-1061,2021,RS,Senate,2021-03-30,Senate Committee on Local Government Refer Unamended to Senate Committee of the Whole,8
HB21-1061,2021,RS,Senate,2021-04-01,Senate Second Reading Passed - No Amendments,9
HB21-1061,2021,RS,Senate,2021-04-05,Senate Third Reading Passed - No Amendments,10
HB21-1061,2021,RS,Senate,2021-04-26,Signed by the President of the Senate,11
HB21-1061,2021,RS,House,2021-04-26,Signed by the Speaker of the House,12
HB21-1061,2021,RS,Governor,2021-04-26,Sent to the Governor,13
HB21-1061,2021,RS,Governor,2021-04-27,Governor Signed,14
HB21-1062,2021,RS,House,2021-02-16,"Introduced In House - Assigned to Agriculture, Livestock, & Water + Public & Behavioral Health & Human Services",1
HB21-1062,2021,RS,House,2021-02-22,"House Committee on Agriculture, Livestock, & Water Postpone Indefinitely",2
HB21-1063,2021,RS,House,2021-02-16,Introduced In House - Assigned to Health & Insurance,1
HB21-1063,2021,RS,House,2021-02-24,House Committee on Health & Insurance Refer Unamended to House Committee of the Whole,2
HB21-1063,2021,RS,House,2021-03-01,House Second Reading Passed - No Amendments,3
HB21-1063,2021,RS,House,2021-03-02,House Third Reading Passed - No Amendments,4
HB21-1063,2021,RS,Senate,2021-03-04,"Introduced In Senate - Assigned to Business, Labor, & Technology",5
HB21-1063,2021,RS,Senate,2021-03-29,"Senate Committee on Business, Labor, & Technology Refer Unamended to Senate Committee of the Whole",6
HB21-1063,2021,RS,Senate,2021-04-01,Senate Second Reading Passed - No Amendments,7
HB21-1063,2021,RS,Senate,2021-04-05,Senate Third Reading Passed - No Amendments,8
HB21-1063,2021,RS,House,2021-04-09,Signed by the Speaker of the House,9
HB21-1063,2021,RS,Senate,2021-04-09,Signed by the President of the Senate,10
HB21-1063,2021,RS,Governor,2021-04-09,Sent to the Governor,11
HB21-1063,2021,RS,Governor,2021-04-19,Governor Signed,12
HB21-1064,2021,RS,House,2021-02-16,Introduced In House - Assigned to Judiciary,1
HB21-1064,2021,RS,House,2021-02-23,House Committee on Judiciary Refer Unamended to Appropriations,2
HB21-1064,2021,RS,House,2021-04-28,House Committee on Appropriations Refer Amended to House Committee of the Whole,3
HB21-1064,2021,RS,House,2021-04-28,House Second Reading Special Order - Passed with Amendments - Committee,4
HB21-1064,2021,RS,House,2021-04-29,House Third Reading Passed - No Amendments,5
HB21-1064,2021,RS,Senate,2021-04-30,Introduced In Senate - Assigned to Judiciary,6
HB21-1064,2021,RS,Senate,2021-05-12,Senate Committee on Judiciary Refer Unamended to Appropriations,7
HB21-1064,2021,RS,Senate,2021-05-21,Senate Committee on Appropriations Refer Unamended to Senate Committee of the Whole,8
HB21-1064,2021,RS,Senate,2021-05-21,Senate Second Reading Special Order - Passed - No Amendments,9
HB21-1064,2021,RS,Senate,2021-05-24,Senate Third Reading Passed - No Amendments,10
HB21-1064,2021,RS,Senate,2021-06-21,Signed by the President of the Senate,11
HB21-1064,2021,RS,House,2021-06-21,Signed by the Speaker of the House,12
HB21-1064,2021,RS,Governor,2021-06-21,Sent to the Governor,13
HB21-1064,2021,RS,Governor,2021-06-24,Governor Signed,14
HB21-1065,2021,RS,House,2021-02-16,"Introduced In House - Assigned to State, Civic, Military, & Veterans Affairs",1
HB21-1065,2021,RS,House,2021-04-08,"House Committee on State, Civic, Military, & Veterans Affairs Refer Amended to House Committee of the Whole",2
HB21-1065,2021,RS,House,2021-04-13,House Second Reading Laid Over Daily - No Amendments,3
HB21-1065,2021,RS,House,2021-04-16,House Second Reading Laid Over to 04/28/2021 - No Amendments,4
HB21-1065,2021,RS,House,2021-04-28,House Second Reading Laid Over to 05/03/2021 - No Amendments,5
HB21-1065,2021,RS,House,2021-05-03,House Second Reading Laid Over to 05/05/2021 - No Amendments,6
HB21-1065,2021,RS,House,2021-05-10,House Second Reading Laid Over to 05/13/2021 - No Amendments,7
HB21-1065,2021,RS,House,2021-05-17,House Second Reading Laid Over to 05/19/2021 - No Amendments,8
HB21-1065,2021,RS,House,2021-05-19,"House Second Reading Special Order - Passed with Amendments - Committee, Floor",9
HB21-1065,2021,RS,House,2021-05-20,House Third Reading Passed - No Amendments,10
HB21-1065,2021,RS,Senate,2021-05-20,"Introduced In Senate - Assigned to State, Veterans, & Military Affairs",11
HB21-1065,2021,RS,Senate,2021-05-24,"Senate Committee on State, Veterans, & Military Affairs Refer Amended to Appropriations",12
HB21-1065,2021,RS,Senate,2021-05-28,Senate Committee on Appropriations Refer Unamended to Senate Committee of the Whole,13
HB21-1065,2021,RS,Senate,2021-05-28,"Senate Second Reading Special Order - Passed with Amendments - Committee, Floor",14
HB21-1065,2021,RS,Senate,2021-06-01,Senate Third Reading Passed - No Amendments,15
HB21-1065,2021,RS,House,2021-06-02,House Considered Senate Amendments - Result was to Laid Over Daily,16
HB21-1065,2021,RS,House,2021-06-03,House Considered Senate Amendments - Result was to Not Concur - Request Conference Committee,17
HB21-1065,2021,RS,ConfComm,2021-06-07,First Conference Committee Result was to Adopt Reengrossed,18
HB21-1065,2021,RS,Senate,2021-06-07,"Senate Consideration of First Conference Committee Report result was to Reject, Discharge and Appoint",19
HB21-1065,2021,RS,House,2021-06-07,"House Consideration of First Conference Committee Report result was to Reject, Discharge and Appoint",20
HB21-1065,2021,RS,ConfComm,2021-06-08,Second Conference Committee Result was to Adopt Reengrossed w/ Amendments,21
HB21-1065,2021,RS,Senate,2021-06-08,Senate Consideration of Second Conference Committee Report result was to Adopt Committee Report - Repass,22
HB21-1065,2021,RS,House,2021-06-14,House Consideration of Second Conference Committee Report result was to Adopt Committee Report - Repass,23
HB21-1065,2021,RS,Senate,2021-06-16,Signed by the President of the Senate,24
HB21-1065,2021,RS,House,2021-06-16,Signed by the Speaker of the House,25
HB21-1065,2021,RS,Governor,2021-06-17,Sent to the Governor,26
HB21-1065,2021,RS,Governor,2021-06-23,Governor Signed,27
HB21-1066,2021,RS,House,2021-02-16,Introduced In House - Assigned to Transportation & Local Government,1
HB21-1066,2021,RS,House,2021-03-24,House Committee on Transportation & Local Government Refer Unamended to House Committee of the Whole,2
HB21-1066,2021,RS,House,2021-03-29,House Second Reading Passed - No Amendments,3
HB21-1066,2021,RS,House,2021-03-30,House Third Reading Passed - No Amendments,4
HB21-1066,2021,RS,Senate,2021-04-01,Introduced In Senate - Assigned to Transportation & Energy,5
HB21-1066,2021,RS,Senate,2021-04-15,Senate Committee on Transportation & Energy Refer Unamended - Consent Calendar to Senate Committee of the Whole,6
HB21-1066,2021,RS,Senate,2021-04-19,Senate Second Reading Passed - No Amendments,7
HB21-1066,2021,RS,Senate,2021-04-20,Senate Third Reading Passed - No Amendments,8
HB21-1066,2021,RS,House,2021-04-27,Signed by the Speaker of the House,9
HB21-1066,2021,RS,Senate,2021-04-27,Signed by the President of the Senate,10
HB21-1066,2021,RS,Governor,2021-04-28,Sent to the Governor,11
HB21-1066,2021,RS,Governor,2021-05-07,Governor Signed,12
HB21-1067,2021,RS,House,2021-02-16,Introduced In House - Assigned to Education,1
HB21-1067,2021,RS,House,2021-03-18,House Committee on Education Refer Amended to House Committee of the Whole,2
HB21-1067,2021,RS,House,2021-03-23,House Second Reading Laid Over Daily - No Amendments,3
HB21-1067,2021,RS,House,2021-03-25,"House Second Reading Passed with Amendments - Committee, Floor",4
HB21-1067,2021,RS,House,2021-03-26,House Third Reading Passed - No Amendments,5
HB21-1067,2021,RS,Senate,2021-03-29,Introduced In Senate - Assigned to Education,6
HB21-1067,2021,RS,Senate,2021-04-28,Senate Committee on Education Refer Amended to Senate Committee of the Whole,7
HB21-1067,2021,RS,Senate,2021-05-03,Senate Second Reading Passed with Amendments - Committee,8
HB21-1067,2021,RS,Senate,2021-05-04,Senate Third Reading Passed - No Amendments,9
HB21-1067,2021,RS,House,2021-05-05,House Considered Senate Amendments - Result was to Laid Over Daily,10
HB21-1067,2021,RS,House,2021-05-07,House Considered Senate Amendments - Result was to Concur - Repass,11
HB21-1067,2021,RS,House,2021-05-19,Signed by the Speaker of the House,12
HB21-1067,2021,RS,Senate,2021-05-19,Signed by the President of the Senate,13
HB21-1067,2021,RS,Governor,2021-05-21,Sent to the Governor,14
HB21-1067,2021,RS,Governor,2021-05-25,Governor Signed,15
HB21-1068,2021,RS,House,2021-02-16,Introduced In House - Assigned to Health & Insurance,1
HB21-1068,2021,RS,House,2021-05-05,House Committee on Health & Insurance Refer Amended to Appropriations,2
HB21-1068,2021,RS,House,2021-05-14,House Committee on Appropriations Refer Amended to House Committee of the Whole,3
HB21-1068,2021,RS,House,2021-05-14,House Second Reading Laid Over Daily - No Amendments,4
HB21-1068,2021,RS,House,2021-05-17,"House Second Reading Passed with Amendments - Committee, Floor",5
HB21-1068,2021,RS,House,2021-05-18,House Third Reading Passed - No Amendments,6
HB21-1068,2021,RS,Senate,2021-05-18,Introduced In Senate - Assigned to Health & Human Services,7
HB21-1068,2021,RS,Senate,2021-05-19,Senate Committee on Health & Human Services Refer Unamended to Appropriations,8
HB21-1068,2021,RS,Senate,2021-05-26,Senate Committee on Appropriations Refer Unamended to Senate Committee of the Whole,9
HB21-1068,2021,RS,Senate,2021-05-26,Senate Second Reading Special Order - Passed - No Amendments,10
HB21-1068,2021,RS,Senate,2021-05-27,Senate Third Reading Passed - No Amendments,11
HB21-1068,2021,RS,Senate,2021-06-16,Signed by the President of the Senate,12
HB21-1068,2021,RS,House,2021-06-16,Signed by the Speaker of the House,13
HB21-1068,2021,RS,Governor,2021-06-17,Sent to the Governor,14
HB21-1068,2021,RS,Governor,2021-07-06,Governor Signed,15
HB21-1069,2021,RS,House,2021-02-16,Introduced In House - Assigned to Judiciary,1
HB21-1069,2021,RS,House,2021-03-02,House Committee on Judiciary Refer Unamended to Finance,2
HB21-1069,2021,RS,House,2021-03-11,House Committee on Finance Refer Unamended to Appropriations,3
HB21-1069,2021,RS,House,2021-04-23,House Committee on Appropriations Refer Amended to House Committee of the Whole,4
HB21-1069,2021,RS,House,2021-04-23,House Second Reading Special Order - Passed with Amendments - Committee,5
HB21-1069,2021,RS,House,2021-04-26,House Third Reading Passed - No Amendments,6
HB21-1069,2021,RS,Senate,2021-04-27,Introduced In Senate - Assigned to Judiciary,7
HB21-1069,2021,RS,Senate,2021-05-05,Senate Committee on Judiciary Refer Amended to Finance,8
HB21-1069,2021,RS,Senate,2021-05-17,Senate Committee on Finance Refer Unamended to Appropriations,9
HB21-1069,2021,RS,Senate,2021-05-26,Senate Committee on Appropriations Refer Unamended - Consent Calendar to Senate Committee of the Whole,10
HB21-1069,2021,RS,Senate,2021-05-26,"Senate Second Reading Special Order - Passed with Amendments - Committee, Floor",11
HB21-1069,2021,RS,Senate,2021-05-27,Senate Third Reading Passed - No Amendments,12
HB21-1069,2021,RS,House,2021-06-01,House Considered Senate Amendments - Result was to Laid Over Daily,13
HB21-1069,2021,RS,House,2021-06-07,House Considered Senate Amendments - Result was to Concur - Repass,14
HB21-1069,2021,RS,Senate,2021-06-22,Signed by the President of the Senate,15
HB21-1069,2021,RS,House,2021-06-22,Signed by the Speaker of the House,16
HB21-1069,2021,RS,Governor,2021-06-22,Sent to the Governor,17
HB21-1069,2021,RS,Governor,2021-07-06,Governor Signed,18
HB21-1070,2021,RS,House,2021-02-16,"Introduced In House - Assigned to State, Civic, Military, & Veterans Affairs",1
HB21-1070,2021,RS,House,2021-03-17,"House Committee on State, Civic, Military, & Veterans Affairs Postpone Indefinitely",2
HB21-1071,2021,RS,House,2021-02-16,"Introduced In House - Assigned to State, Civic, Military, & Veterans Affairs",1
HB21-1071,2021,RS,House,2021-02-22,"House Committee on State, Civic, Military, & Veterans Affairs Refer Amended to Finance",2
HB21-1071,2021,RS,House,2021-03-11,House Committee on Finance Refer Amended to Appropriations,3
HB21-1071,2021,RS,House,2021-04-23,House Committee on Appropriations Refer Amended to House Committee of the Whole,4
HB21-1071,2021,RS,House,2021-04-26,"House Second Reading Special Order - Passed with Amendments - Committee, Floor",5
HB21-1071,2021,RS,House,2021-04-27,House Third Reading Passed - No Amendments,6
HB21-1071,2021,RS,Senate,2021-04-29,"Introduced In Senate - Assigned to State, Veterans, & Military Affairs",7
HB21-1071,2021,RS,Senate,2021-05-11,"Senate Committee on State, Veterans, & Military Affairs Refer Unamended to Finance",8
HB21-1071,2021,RS,Senate,2021-05-19,Senate Committee on Finance Refer Amended to Appropriations,9
HB21-1071,2021,RS,Senate,2021-05-26,Senate Committee on Appropriations Refer Unamended to Senate Committee of the Whole,10
HB21-1071,2021,RS,Senate,2021-05-28,"Senate Second Reading Passed with Amendments - Committee, Floor",11
HB21-1071,2021,RS,Senate,2021-06-01,Senate Third Reading Laid Over Daily - No Amendments,12
HB21-1071,2021,RS,Senate,2021-06-03,Senate Third Reading Passed with Amendments - Floor,13
HB21-1071,2021,RS,House,2021-06-04,House Considered Senate Amendments - Result was to Laid Over Daily,14
HB21-1071,2021,RS,House,2021-06-08,House Considered Senate Amendments - Result was to Concur - Repass,15
HB21-1071,2021,RS,Senate,2021-06-21,Signed by the President of the Senate,16
HB21-1071,2021,RS,House,2021-06-21,Signed by the Speaker of the House,17
HB21-1071,2021,RS,Governor,2021-06-21,Sent to the Governor,18
HB21-1071,2021,RS,Governor,2021-06-28,Governor Signed,19
HB21-1072,2021,RS,House,2021-02-16,Introduced In House - Assigned to Public & Behavioral Health & Human Services,1
HB21-1072,2021,RS,House,2021-03-09,House Committee on Public & Behavioral Health & Human Services Refer Amended to House Committee of the Whole,2
HB21-1072,2021,RS,House,2021-03-12,House Second Reading Laid Over Daily - No Amendments,3
HB21-1072,2021,RS,House,2021-03-16,House Second Reading Passed with Amendments - Committee,4
HB21-1072,2021,RS,House,2021-03-17,House Third Reading Passed - No Amendments,5
HB21-1072,2021,RS,Senate,2021-03-19,"Introduced In Senate - Assigned to State, Veterans, & Military Affairs",6
HB21-1072,2021,RS,Senate,2021-03-30,"Senate Committee on State, Veterans, & Military Affairs Refer Unamended to Senate Committee of the Whole",7
HB21-1072,2021,RS,Senate,2021-04-05,Senate Second Reading Passed - No Amendments,8
HB21-1072,2021,RS,Senate,2021-04-06,Senate Third Reading Passed - No Amendments,9
HB21-1072,2021,RS,House,2021-04-09,Signed by the Speaker of the House,10
HB21-1072,2021,RS,Senate,2021-04-09,Signed by the President of the Senate,11
HB21-1072,2021,RS,Governor,2021-04-09,Sent to the Governor,12
HB21-1072,2021,RS,Governor,2021-04-19,Governor Signed,13
HB21-1073,2021,RS,House,2021-02-16,Introduced In House - Assigned to Transportation & Local Government,1
HB21-1073,2021,RS,House,2021-03-24,House Committee on Transportation & Local Government Refer Unamended to Finance,2
HB21-1073,2021,RS,House,2021-04-08,House Committee on Finance Refer Unamended to Appropriations,3
HB21-1073,2021,RS,House,2021-04-23,House Committee on Appropriations Refer Amended to House Committee of the Whole,4
HB21-1073,2021,RS,House,2021-04-23,House Second Reading Special Order - Passed with Amendments - Committee,5
HB21-1073,2021,RS,House,2021-04-26,House Third Reading Passed - No Amendments,6
HB21-1073,2021,RS,Senate,2021-04-27,Introduced In Senate - Assigned to Finance,7
HB21-1073,2021,RS,Senate,2021-05-05,Senate Committee on Finance Refer Unamended to Appropriations,8
HB21-1073,2021,RS,Senate,2021-05-14,Senate Committee on Appropriations Refer Unamended to Senate Committee of the Whole,9
HB21-1073,2021,RS,Senate,2021-05-18,Senate Second Reading Passed - No Amendments,10
HB21-1073,2021,RS,Senate,2021-05-19,Senate Third Reading Passed - No Amendments,11
HB21-1073,2021,RS,Senate,2021-06-21,Signed by the President of the Senate,12
HB21-1073,2021,RS,House,2021-06-21,Signed by the Speaker of the House,13
HB21-1073,2021,RS,Governor,2021-06-21,Sent to the Governor,14
HB21-1073,2021,RS,Governor,2021-06-25,Governor Signed,15
HB21-1074,2021,RS,House,2021-02-16,"Introduced In House - Assigned to State, Civic, Military, & Veterans Affairs",1
HB21-1074,2021,RS,House,2021-03-11,"House Committee on State, Civic, Military, & Veterans Affairs Postpone Indefinitely",2
HB21-1075,2021,RS,House,2021-02-16,"Introduced In House - Assigned to State, Civic, Military, & Veterans Affairs",1
HB21-1075,2021,RS,House,2021-02-25,"House Committee on State, Civic, Military, & Veterans Affairs Refer Unamended to House Committee of the Whole",2
HB21-1075,2021,RS,House,2021-03-02,House Second Reading Passed - No Amendments,3
HB21-1075,2021,RS,House,2021-03-03,House Third Reading Passed - No Amendments,4
HB21-1075,2021,RS,Senate,2021-03-04,"Introduced In Senate - Assigned to State, Veterans, & Military Affairs",5
HB21-1075,2021,RS,Senate,2021-03-23,"Senate Committee on State, Veterans, & Military Affairs Refer Unamended to Senate Committee of the Whole",6
HB21-1075,2021,RS,Senate,2021-03-26,Senate Second Reading Passed - No Amendments,7
HB21-1075,2021,RS,Senate,2021-03-29,Senate Third Reading Laid Over Daily - No Amendments,8
HB21-1075,2021,RS,Senate,2021-03-30,Senate Third Reading Passed - No Amendments,9
HB21-1075,2021,RS,House,2021-03-31,Signed by the Speaker of the House,10
HB21-1075,2021,RS,Senate,2021-04-05,Signed by the President of the Senate,11
HB21-1075,2021,RS,Governor,2021-04-05,Sent to the Governor,12
HB21-1075,2021,RS,Governor,2021-04-15,Governor Signed,13
HB21-1076,2021,RS,House,2021-02-16,Introduced In House - Assigned to Transportation & Local Government,1
HB21-1076,2021,RS,House,2021-03-09,House Committee on Transportation & Local Government Refer Amended to House Committee of the Whole,2
HB21-1076,2021,RS,House,2021-03-11,House Second Reading Laid Over Daily - No Amendments,3
HB21-1076,2021,RS,House,2021-03-12,House Second Reading Special Order - Passed with Amendments - No Amendments,4
HB21-1076,2021,RS,House,2021-03-16,House Third Reading Passed - No Amendments,5
HB21-1076,2021,RS,Senate,2021-03-18,"Introduced In Senate - Assigned to Business, Labor, & Technology",6
HB21-1076,2021,RS,Senate,2021-03-29,"Senate Committee on Business, Labor, & Technology Refer Unamended to Senate Committee of the Whole",7
HB21-1076,2021,RS,Senate,2021-04-01,Senate Second Reading Passed - No Amendments,8
HB21-1076,2021,RS,Senate,2021-04-05,Senate Third Reading Passed - No Amendments,9
HB21-1076,2021,RS,House,2021-04-09,Signed by the Speaker of the House,10
HB21-1076,2021,RS,Senate,2021-04-09,Signed by the President of the Senate,11
HB21-1076,2021,RS,Governor,2021-04-09,Sent to the Governor,12
HB21-1076,2021,RS,Governor,2021-04-19,Governor Signed,13
HB21-1077,2021,RS,House,2021-02-16,Introduced In House - Assigned to Finance,1
HB21-1077,2021,RS,House,2021-03-17,House Committee on Finance Refer Amended to Appropriations,2
HB21-1077,2021,RS,House,2021-05-04,House Committee on Refer Amended to Legislative Council,3
HB21-1077,2021,RS,House,2021-05-10,House Committee on Legislative Council Refer Unamended to House Committee of the Whole,4
HB21-1077,2021,RS,House,2021-05-12,House Second Reading Passed with Amendments - Committee,5
HB21-1077,2021,RS,House,2021-05-13,House Third Reading Passed - No Amendments,6
HB21-1077,2021,RS,Senate,2021-05-13,Introduced In Senate - Assigned to Finance,7
HB21-1077,2021,RS,Senate,2021-05-24,Senate Committee on Finance Refer Unamended to Appropriations,8
HB21-1077,2021,RS,Senate,2021-05-28,Senate Committee on Appropriations Refer Unamended to Senate Committee of the Whole,9
HB21-1077,2021,RS,Senate,2021-05-28,Senate Second Reading Special Order - Passed - No Amendments,10
HB21-1077,2021,RS,Senate,2021-06-01,Senate Third Reading Passed - No Amendments,11
HB21-1077,2021,RS,Senate,2021-06-21,Signed by the President of the Senate,12
HB21-1077,2021,RS,House,2021-06-21,Signed by the Speaker of the House,13
HB21-1077,2021,RS,Governor,2021-06-21,Sent to the Governor,14
HB21-1077,2021,RS,Governor,2021-07-07,Governor Signed,15
HB21-1078,2021,RS,House,2021-02-16,Introduced In House - Assigned to Judiciary,1
HB21-1078,2021,RS,House,2021-03-10,House Committee on Judiciary Postpone Indefinitely,2
HB21-1079,2021,RS,House,2021-02-16,"Introduced In House - Assigned to State, Civic, Military, & Veterans Affairs + Finance + Appropriations",1
HB21-1079,2021,RS,House,2021-03-04,"House Committee on State, Civic, Military, & Veterans Affairs Postpone Indefinitely",2
HB21-1080,2021,RS,House,2021-02-16,Introduced In House - Assigned to Education,1
HB21-1080,2021,RS,House,2021-02-25,House Committee on Education Postpone Indefinitely,2
HB21-1081,2021,RS,House,2021-02-16,"Introduced In House - Assigned to State, Civic, Military, & Veterans Affairs",1
HB21-1081,2021,RS,House,2021-03-18,"House Committee on State, Civic, Military, & Veterans Affairs Postpone Indefinitely",2
HB21-1082,2021,RS,House,2021-02-16,"Introduced In House - Assigned to State, Civic, Military, & Veterans Affairs",1
HB21-1082,2021,RS,House,2021-03-17,"House Committee on State, Civic, Military, & Veterans Affairs Postpone Indefinitely",2
HB21-1083,2021,RS,House,2021-02-16,Introduced In House - Assigned to Transportation & Local Government,1
HB21-1083,2021,RS,House,2021-02-24,House Committee on Transportation & Local Government Refer Unamended to House Committee of the Whole,2
HB21-1083,2021,RS,House,2021-03-01,House Second Reading Passed - No Amendments,3
HB21-1083,2021,RS,House,2021-03-02,House Third Reading Passed - No Amendments,4
HB21-1083,2021,RS,Senate,2021-03-04,Introduced In Senate - Assigned to Local Government,5
HB21-1083,2021,RS,Senate,2021-03-16,Senate Committee on Local Government Refer Unamended - Consent Calendar to Senate Committee of the Whole,6
HB21-1083,2021,RS,Senate,2021-03-19,Senate Second Reading Passed - No Amendments,7
HB21-1083,2021,RS,Senate,2021-03-22,Senate Third Reading Passed - No Amendments,8
HB21-1083,2021,RS,House,2021-03-29,Signed by the Speaker of the House,9
HB21-1083,2021,RS,Senate,2021-03-29,Signed by the President of the Senate,10
HB21-1083,2021,RS,Governor,2021-03-29,Sent to the Governor,11
HB21-1083,2021,RS,Governor,2021-04-07,Governor Signed,12
HB21-1084,2021,RS,House,2021-02-16,Introduced In House - Assigned to Transportation & Local Government,1
HB21-1084,2021,RS,House,2021-03-02,House Committee on Transportation & Local Government Refer Unamended to Finance,2
HB21-1084,2021,RS,House,2021-03-18,House Committee on Finance Refer Unamended to Appropriations,3
HB21-1084,2021,RS,House,2021-04-05,House Committee on Appropriations Refer Amended to House Committee of the Whole,4
HB21-1084,2021,RS,House,2021-04-07,House Second Reading Passed with Amendments - Committee,5
HB21-1084,2021,RS,House,2021-04-08,House Third Reading Passed - No Amendments,6
HB21-1084,2021,RS,Senate,2021-04-09,Introduced In Senate - Assigned to Local Government,7
HB21-1084,2021,RS,Senate,2021-04-20,Senate Committee on Local Government Refer Unamended to Appropriations,8
HB21-1084,2021,RS,Senate,2021-05-07,Senate Committee on Appropriations Refer Unamended - Consent Calendar to Senate Committee of the Whole,9
HB21-1084,2021,RS,Senate,2021-05-07,Senate Second Reading Special Order - Passed - No Amendments,10
HB21-1084,2021,RS,Senate,2021-05-10,Senate Third Reading Passed - No Amendments,11
HB21-1084,2021,RS,House,2021-05-19,Signed by the Speaker of the House,12
HB21-1084,2021,RS,Senate,2021-05-19,Signed by the President of the Senate,13
HB21-1084,2021,RS,Governor,2021-05-21,Sent to the Governor,14
HB21-1084,2021,RS,Governor,2021-05-28,Governor Signed,15
HB21-1085,2021,RS,House,2021-02-16,Introduced In House - Assigned to Public & Behavioral Health & Human Services,1
HB21-1085,2021,RS,House,2021-03-23,House Committee on Public & Behavioral Health & Human Services Refer Amended to Appropriations,2
HB21-1085,2021,RS,House,2021-05-07,House Committee on Appropriations Refer Amended to House Committee of the Whole,3
HB21-1085,2021,RS,House,2021-05-07,"House Second Reading Special Order - Passed with Amendments - Committee, Floor",4
HB21-1085,2021,RS,House,2021-05-10,House Third Reading Passed - No Amendments,5
HB21-1085,2021,RS,Senate,2021-05-10,Introduced In Senate - Assigned to Local Government,6
HB21-1085,2021,RS,Senate,2021-05-18,Senate Committee on Local Government Refer Unamended to Appropriations,7
HB21-1085,2021,RS,Senate,2021-05-26,Senate Committee on Appropriations Refer Unamended to Senate Committee of the Whole,8
HB21-1085,2021,RS,Senate,2021-05-26,Senate Second Reading Special Order - Passed - No Amendments,9
HB21-1085,2021,RS,Senate,2021-05-27,Senate Third Reading Passed - No Amendments,10
HB21-1085,2021,RS,House,2021-06-14,Signed by the Speaker of the House,11
HB21-1085,2021,RS,Senate,2021-06-14,Signed by the President of the Senate,12
HB21-1085,2021,RS,Governor,2021-06-14,Sent to the Governor,13
HB21-1085,2021,RS,Governor,2021-06-27,Governor Signed,14
HB21-1086,2021,RS,House,2021-02-16,"Introduced In House - Assigned to State, Civic, Military, & Veterans Affairs",1
HB21-1086,2021,RS,House,2021-03-29,"House Committee on State, Civic, Military, & Veterans Affairs Postpone Indefinitely",2
HB21-1087,2021,RS,House,2021-02-16,Introduced In House - Assigned to Education,1
HB21-1087,2021,RS,House,2021-02-25,House Committee on Education Refer Unamended to Appropriations,2
HB21-1087,2021,RS,House,2021-03-26,House Committee on Appropriations Refer Amended to House Committee of the Whole,3
HB21-1087,2021,RS,House,2021-03-26,House Second Reading Special Order - Passed with Amendments - Committee,4
HB21-1087,2021,RS,House,2021-03-29,House Third Reading Passed - No Amendments,5
HB21-1087,2021,RS,Senate,2021-03-30,Introduced In Senate - Assigned to Education,6
HB21-1087,2021,RS,Senate,2021-04-28,Senate Committee on Education Refer Unamended to Appropriations,7
HB21-1087,2021,RS,Senate,2021-05-14,Senate Committee on Appropriations Refer Unamended to Senate Committee of the Whole,8
HB21-1087,2021,RS,Senate,2021-05-18,Senate Second Reading Passed - No Amendments,9
HB21-1087,2021,RS,Senate,2021-05-19,Senate Third Reading Passed - No Amendments,10
HB21-1087,2021,RS,Senate,2021-06-08,Signed by the President of the Senate,11
HB21-1087,2021,RS,House,2021-06-08,Signed by the Speaker of the House,12
HB21-1087,2021,RS,Governor,2021-06-09,Sent to the Governor,13
HB21-1087,2021,RS,Governor,2021-07-07,Governor Signed,14
HB21-1088,2021,RS,House,2021-02-16,"Introduced In House - Assigned to State, Civic, Military, & Veterans Affairs",1
HB21-1088,2021,RS,House,2021-03-29,"House Committee on State, Civic, Military, & Veterans Affairs Postpone Indefinitely",2
HB21-1089,2021,RS,House,2021-02-16,Introduced In House - Assigned to Judiciary,1
HB21-1089,2021,RS,House,2021-03-24,House Committee on Judiciary Postpone Indefinitely,2
HB21-1090,2021,RS,House,2021-02-16,Introduced In House - Assigned to Judiciary,1
HB21-1090,2021,RS,House,2021-03-09,House Committee on Judiciary Refer Amended to House Committee of the Whole,2
HB21-1090,2021,RS,House,2021-03-12,House Second Reading Laid Over Daily - No Amendments,3
HB21-1090,2021,RS,House,2021-03-16,House Second Reading Passed with Amendments - Committee,4
HB21-1090,2021,RS,House,2021-03-17,House Third Reading Passed - No Amendments,5
HB21-1090,2021,RS,Senate,2021-03-19,Introduced In Senate - Assigned to Judiciary,6
HB21-1090,2021,RS,Senate,2021-04-22,Senate Committee on Judiciary Refer Unamended to Senate Committee of the Whole,7
HB21-1090,2021,RS,Senate,2021-04-27,Senate Second Reading Passed - No Amendments,8
HB21-1090,2021,RS,Senate,2021-04-28,Senate Third Reading Passed - No Amendments,9
HB21-1090,2021,RS,Senate,2021-05-11,Signed by the President of the Senate,10
HB21-1090,2021,RS,House,2021-05-11,Signed by the Speaker of the House,11
HB21-1090,2021,RS,Governor,2021-05-11,Sent to the Governor,12
HB21-1090,2021,RS,Governor,2021-05-20,Governor Signed,13
HB21-1091,2021,RS,House,2021-02-16,Introduced In House - Assigned to Judiciary,1
HB21-1091,2021,RS,House,2021-02-24,House Committee on Judiciary Refer Unamended to House Committee of the Whole,2
HB21-1091,2021,RS,House,2021-03-01,House Second Reading Passed with Amendments - Floor,3
HB21-1091,2021,RS,House,2021-03-02,House Third Reading Passed - No Amendments,4
HB21-1091,2021,RS,Senate,2021-03-04,Introduced In Senate - Assigned to Judiciary,5
HB21-1091,2021,RS,Senate,2021-04-15,Senate Committee on Judiciary Refer Amended - Consent Calendar to Senate Committee of the Whole,6
HB21-1091,2021,RS,Senate,2021-04-20,Senate Second Reading Passed with Amendments - Committee,7
HB21-1091,2021,RS,Senate,2021-04-21,Senate Third Reading Passed - No Amendments,8
HB21-1091,2021,RS,House,2021-04-22,House Considered Senate Amendments - Result was to Laid Over Daily,9
HB21-1091,2021,RS,House,2021-04-23,House Considered Senate Amendments - Result was to Concur - Repass,10
HB21-1091,2021,RS,House,2021-05-14,Signed by the Speaker of the House,11
HB21-1091,2021,RS,Senate,2021-05-14,Signed by the President of the Senate,12
HB21-1091,2021,RS,Governor,2021-05-14,Sent to the Governor,13
HB21-1091,2021,RS,Governor,2021-05-24,Governor Signed,14
HB21-1092,2021,RS,House,2021-02-16,"Introduced In House - Assigned to State, Civic, Military, & Veterans Affairs",1
HB21-1092,2021,RS,House,2021-03-18,"House Committee on State, Civic, Military, & Veterans Affairs Refer Amended to House Committee of the Whole",2
HB21-1092,2021,RS,House,2021-03-23,House Second Reading Laid Over Daily - No Amendments,3
HB21-1092,2021,RS,House,2021-03-26,"House Second Reading Passed with Amendments - Committee, Floor",4
HB21-1092,2021,RS,House,2021-03-29,House Third Reading Passed - No Amendments,5
HB21-1092,2021,RS,Senate,2021-03-30,"Introduced In Senate - Assigned to State, Veterans, & Military Affairs",6
HB21-1092,2021,RS,Senate,2021-04-13,"Senate Committee on State, Veterans, & Military Affairs Refer Unamended - Consent Calendar to Senate Committee of the Whole",7
HB21-1092,2021,RS,Senate,2021-04-16,Senate Second Reading Passed - No Amendments,8
HB21-1092,2021,RS,Senate,2021-04-19,Senate Third Reading Passed - No Amendments,9
HB21-1092,2021,RS,House,2021-04-27,Signed by the Speaker of the House,10
HB21-1092,2021,RS,Senate,2021-04-27,Signed by the President of the Senate,11
HB21-1092,2021,RS,Governor,2021-04-28,Sent to the Governor,12
HB21-1092,2021,RS,Governor,2021-05-07,Governor Vetoed,13
HB21-1092,2021,RS,House,2021-06-08,House Vote to Override Lost,14
HB21-1093,2021,RS,House,2021-02-16,Introduced In House - Assigned to Business Affairs & Labor,1
HB21-1093,2021,RS,House,2021-03-18,House Committee on Business Affairs & Labor Postpone Indefinitely,2
HB21-1094,2021,RS,House,2021-02-16,Introduced In House - Assigned to Public & Behavioral Health & Human Services,1
HB21-1094,2021,RS,House,2021-03-16,House Committee on Public & Behavioral Health & Human Services Refer Amended to Appropriations,2
HB21-1094,2021,RS,House,2021-05-11,House Committee on Appropriations Refer Amended to House Committee of the Whole,3
HB21-1094,2021,RS,House,2021-05-11,House Second Reading Special Order - Passed with Amendments - Committee,4
HB21-1094,2021,RS,House,2021-05-12,House Third Reading Passed - No Amendments,5
HB21-1094,2021,RS,Senate,2021-05-12,Introduced In Senate - Assigned to Health & Human Services,6
HB21-1094,2021,RS,Senate,2021-05-24,Senate Committee on Health & Human Services Refer Amended to Appropriations,7
HB21-1094,2021,RS,Senate,2021-05-26,Senate Committee on Appropriations Refer Unamended - Consent Calendar to Senate Committee of the Whole,8
HB21-1094,2021,RS,Senate,2021-05-26,Senate Second Reading Special Order - Passed with Amendments - Committee,9
HB21-1094,2021,RS,Senate,2021-05-27,Senate Third Reading Passed - No Amendments,10
HB21-1094,2021,RS,House,2021-06-01,House Considered Senate Amendments - Result was to Laid Over Daily,11
HB21-1094,2021,RS,House,2021-06-07,House Considered Senate Amendments - Result was to Concur - Repass,12
HB21-1094,2021,RS,Senate,2021-06-21,Signed by the President of the Senate,13
HB21-1094,2021,RS,House,2021-06-21,Signed by the Speaker of the House,14
HB21-1094,2021,RS,Governor,2021-06-21,Sent to the Governor,15
HB21-1094,2021,RS,Governor,2021-06-25,Governor Signed,16
HB21-1095,2021,RS,House,2021-02-16,Introduced In House - Assigned to Transportation & Local Government,1
HB21-1095,2021,RS,House,2021-03-30,House Committee on Transportation & Local Government Refer Amended to House Committee of the Whole,2
HB21-1095,2021,RS,House,2021-04-05,House Second Reading Laid Over Daily - No Amendments,3
HB21-1095,2021,RS,House,2021-04-07,"House Second Reading Passed with Amendments - Committee, Floor",4
HB21-1095,2021,RS,House,2021-04-08,House Third Reading Passed - No Amendments,5
HB21-1095,2021,RS,Senate,2021-04-09,Introduced In Senate - Assigned to Local Government,6
HB21-1095,2021,RS,Senate,2021-04-20,Senate Committee on Local Government Refer Amended to Senate Committee of the Whole,7
HB21-1095,2021,RS,Senate,2021-04-23,Senate Second Reading Laid Over Daily - No Amendments,8
HB21-1095,2021,RS,Senate,2021-04-26,"Senate Second Reading Passed with Amendments - Committee, Floor",9
HB21-1095,2021,RS,Senate,2021-04-27,Senate Third Reading Passed with Amendments - Floor,10
HB21-1095,2021,RS,House,2021-04-28,House Considered Senate Amendments - Result was to Laid Over Daily,11
HB21-1095,2021,RS,House,2021-04-29,House Considered Senate Amendments - Result was to Concur - Repass,12
HB21-1095,2021,RS,Senate,2021-05-11,Signed by the President of the Senate,13
HB21-1095,2021,RS,House,2021-05-11,Signed by the Speaker of the House,14
HB21-1095,2021,RS,Governor,2021-05-11,Sent to the Governor,15
HB21-1095,2021,RS,Governor,2021-05-21,Governor Signed,16
HB21-1096,2021,RS,House,2021-02-16,Introduced In House - Assigned to Public & Behavioral Health & Human Services,1
HB21-1096,2021,RS,House,2021-03-16,House Committee on Public & Behavioral Health & Human Services Postpone Indefinitely,2
HB21-1097,2021,RS,House,2021-02-16,Introduced In House - Assigned to Public & Behavioral Health & Human Services,1
HB21-1097,2021,RS,House,2021-03-09,House Committee on Public & Behavioral Health & Human Services Refer Amended to House Committee of the Whole,2
HB21-1097,2021,RS,House,2021-03-11,House Second Reading Laid Over Daily - No Amendments,3
HB21-1097,2021,RS,House,2021-03-12,House Second Reading Special Order - Passed with Amendments - No Amendments,4
HB21-1097,2021,RS,House,2021-03-16,House Third Reading Passed - No Amendments,5
HB21-1097,2021,RS,Senate,2021-03-18,Introduced In Senate - Assigned to Health & Human Services,6
HB21-1097,2021,RS,Senate,2021-04-05,Senate Committee on Health & Human Services Refer Unamended to Senate Committee of the Whole,7
HB21-1097,2021,RS,Senate,2021-04-08,Senate Second Reading Passed - No Amendments,8
HB21-1097,2021,RS,Senate,2021-04-09,Senate Third Reading Passed - No Amendments,9
HB21-1097,2021,RS,House,2021-04-13,Signed by the Speaker of the House,10
HB21-1097,2021,RS,Senate,2021-04-13,Signed by the President of the Senate,11
HB21-1097,2021,RS,Governor,2021-04-14,Sent to the Governor,12
HB21-1097,2021,RS,Governor,2021-04-22,Governor Signed,13
HB21-1098,2021,RS,House,2021-02-16,Introduced In House - Assigned to Judiciary,1
HB21-1098,2021,RS,House,2021-03-16,House Committee on Judiciary Postpone Indefinitely,2
HB21-1099,2021,RS,House,2021-02-16,Introduced In House - Assigned to Public & Behavioral Health & Human Services,1
HB21-1099,2021,RS,House,2021-03-16,House Committee on Public & Behavioral Health & Human Services Refer Amended to Appropriations,2
HB21-1099,2021,RS,House,2021-04-05,House Committee on Appropriations Refer Amended to House Committee of the Whole,3
HB21-1099,2021,RS,House,2021-04-07,House Second Reading Passed with Amendments - Committee,4
HB21-1099,2021,RS,House,2021-04-08,House Third Reading Passed - No Amendments,5
HB21-1099,2021,RS,Senate,2021-04-09,Introduced In Senate - Assigned to Health & Human Services,6
HB21-1099,2021,RS,Senate,2021-04-19,Senate Committee on Health & Human Services Refer Unamended to Appropriations,7
HB21-1099,2021,RS,Senate,2021-04-23,Senate Committee on Appropriations Refer Unamended to Senate Committee of the Whole,8
HB21-1099,2021,RS,Senate,2021-04-27,Senate Second Reading Passed - No Amendments,9
HB21-1099,2021,RS,Senate,2021-04-28,Senate Third Reading Passed - No Amendments,10
HB21-1099,2021,RS,House,2021-05-14,Signed by the Speaker of the House,11
HB21-1099,2021,RS,Senate,2021-05-14,Signed by the President of the Senate,12
HB21-1099,2021,RS,Governor,2021-05-14,Sent to the Governor,13
HB21-1099,2021,RS,Governor,2021-05-24,Governor Signed,14
HB21-1100,2021,RS,House,2021-02-16,Introduced In House - Assigned to Finance,1
HB21-1100,2021,RS,House,2021-04-08,House Committee on Finance Refer Amended to House Committee of the Whole,2
HB21-1100,2021,RS,House,2021-04-13,House Second Reading Laid Over Daily - No Amendments,3
HB21-1100,2021,RS,House,2021-04-16,House Second Reading Passed with Amendments - Committee,4
HB21-1100,2021,RS,House,2021-04-19,House Third Reading Passed - No Amendments,5
HB21-1100,2021,RS,Senate,2021-04-20,Introduced In Senate - Assigned to Finance,6
HB21-1100,2021,RS,Senate,2021-04-28,Senate Committee on Finance Refer Unamended - Consent Calendar to Senate Committee of the Whole,7
HB21-1100,2021,RS,Senate,2021-05-03,Senate Second Reading Passed - No Amendments,8
HB21-1100,2021,RS,Senate,2021-05-04,Senate Third Reading Passed - No Amendments,9
HB21-1100,2021,RS,House,2021-05-27,Signed by the Speaker of the House,10
HB21-1100,2021,RS,Senate,2021-05-28,Signed by the President of the Senate,11
HB21-1100,2021,RS,Governor,2021-05-28,Sent to the Governor,12
HB21-1100,2021,RS,Governor,2021-06-07,Governor Signed,13
HB21-1101,2021,RS,House,2021-02-16,Introduced In House - Assigned to Judiciary,1
HB21-1101,2021,RS,House,2021-03-31,House Committee on Judiciary Refer Amended to Appropriations,2
HB21-1101,2021,RS,House,2021-05-28,House Committee on Appropriations Refer Amended to House Committee of the Whole,3
HB21-1101,2021,RS,House,2021-06-01,"House Second Reading Special Order - Passed with Amendments - Committee, Floor",4
HB21-1101,2021,RS,House,2021-06-02,House Third Reading Passed - No Amendments,5
HB21-1101,2021,RS,Senate,2021-06-02,"Introduced In Senate - Assigned to State, Veterans, & Military Affairs",6
HB21-1101,2021,RS,Senate,2021-06-02,"Senate Committee on State, Veterans, & Military Affairs Refer Unamended to Appropriations",7
HB21-1101,2021,RS,Senate,2021-06-03,Senate Committee on Appropriations Refer Unamended - Consent Calendar to Senate Committee of the Whole,8
HB21-1101,2021,RS,Senate,2021-06-04,Senate Second Reading Special Order - Passed - No Amendments,9
HB21-1101,2021,RS,Senate,2021-06-07,Senate Third Reading Passed - No Amendments,10
HB21-1101,2021,RS,Senate,2021-06-22,Signed by the President of the Senate,11
HB21-1101,2021,RS,House,2021-06-22,Signed by the Speaker of the House,12
HB21-1101,2021,RS,Governor,2021-06-22,Sent to the Governor,13
HB21-1101,2021,RS,Governor,2021-07-07,Governor Signed,14
HB21-1102,2021,RS,House,2021-02-16,"Introduced In House - Assigned to Agriculture, Livestock, & Water",1
HB21-1102,2021,RS,House,2021-02-22,"House Committee on Agriculture, Livestock, & Water Witness Testimony and/or Committee Discussion Only",2
HB21-1102,2021,RS,House,2021-02-25,"House Committee on Agriculture, Livestock, & Water Refer Amended to House Committee of the Whole",3
HB21-1102,2021,RS,House,2021-03-02,House Second Reading Passed with Amendments - Committee,4
HB21-1102,2021,RS,House,2021-03-03,House Third Reading Passed - No Amendments,5
HB21-1102,2021,RS,Senate,2021-03-04,Introduced In Senate - Assigned to Agriculture & Natural Resources,6
HB21-1102,2021,RS,Senate,2021-04-01,Senate Committee on Agriculture & Natural Resources Refer Amended to Senate Committee of the Whole,7
HB21-1102,2021,RS,Senate,2021-04-08,Senate Second Reading Passed with Amendments - Committee,8
HB21-1102,2021,RS,Senate,2021-04-09,Senate Third Reading Lost - No Amendments,9
HB21-1102,2021,RS,Senate,2021-04-09,Senate Third Reading Reconsidered - No Amendments,10
HB21-1102,2021,RS,Senate,2021-04-09,Senate Third Reading Passed - No Amendments,11
HB21-1102,2021,RS,House,2021-04-12,House Considered Senate Amendments - Result was to Laid Over Daily,12
HB21-1102,2021,RS,House,2021-04-16,House Considered Senate Amendments - Result was to Concur - Repass,13
HB21-1102,2021,RS,House,2021-04-27,Signed by the Speaker of the House,14
HB21-1102,2021,RS,Senate,2021-04-27,Signed by the President of the Senate,15
HB21-1102,2021,RS,Governor,2021-04-28,Sent to the Governor,16
HB21-1102,2021,RS,Governor,2021-05-01,Governor Signed,17
HB21-1103,2021,RS,House,2021-02-16,Introduced In House - Assigned to Education,1
HB21-1103,2021,RS,House,2021-03-03,House Committee on Education Refer Unamended to House Committee of the Whole,2
HB21-1103,2021,RS,House,2021-03-08,House Second Reading Laid Over Daily - No Amendments,3
HB21-1103,2021,RS,House,2021-03-09,House Second Reading Laid Over to 03/10/2021 - No Amendments,4
HB21-1103,2021,RS,House,2021-03-16,House Second Reading Laid Over to 03/19/2021 - No Amendments,5
HB21-1103,2021,RS,House,2021-03-19,House Second Reading Passed with Amendments - Floor,6
HB21-1103,2021,RS,House,2021-03-22,House Third Reading Passed - No Amendments,7
HB21-1103,2021,RS,Senate,2021-03-25,Introduced In Senate - Assigned to Education,8
HB21-1103,2021,RS,Senate,2021-04-22,Senate Committee on Education Refer Amended to Senate Committee of the Whole,9
HB21-1103,2021,RS,Senate,2021-04-27,Senate Second Reading Laid Over Daily - No Amendments,10
HB21-1103,2021,RS,Senate,2021-04-30,"Senate Second Reading Passed with Amendments - Committee, Floor",11
HB21-1103,2021,RS,Senate,2021-05-03,Senate Third Reading Passed - No Amendments,12
HB21-1103,2021,RS,House,2021-05-04,House Considered Senate Amendments - Result was to Laid Over Daily,13
HB21-1103,2021,RS,House,2021-05-07,House Considered Senate Amendments - Result was to Concur - Repass,14
HB21-1103,2021,RS,House,2021-05-19,Signed by the Speaker of the House,15
HB21-1103,2021,RS,Senate,2021-05-19,Signed by the President of the Senate,16
HB21-1103,2021,RS,Governor,2021-05-21,Sent to the Governor,17
HB21-1103,2021,RS,Governor,2021-05-27,Governor Signed,18
HB21-1104,2021,RS,House,2021-02-16,Introduced In House - Assigned to Education,1
HB21-1104,2021,RS,House,2021-03-25,House Committee on Education Refer Amended to Finance,2
HB21-1104,2021,RS,House,2021-04-01,House Committee on Finance Refer Unamended to Appropriations,3
HB21-1104,2021,RS,House,2021-04-23,House Committee on Appropriations Refer Amended to House Committee of the Whole,4
HB21-1104,2021,RS,House,2021-04-23,House Second Reading Special Order - Passed with Amendments - Committee,5
HB21-1104,2021,RS,House,2021-04-26,House Third Reading Passed - No Amendments,6
HB21-1104,2021,RS,Senate,2021-04-27,Introduced In Senate - Assigned to Finance,7
HB21-1104,2021,RS,Senate,2021-05-05,Senate Committee on Finance Refer Unamended to Appropriations,8
HB21-1104,2021,RS,Senate,2021-05-28,Senate Committee on Appropriations Refer Unamended - Consent Calendar to Senate Committee of the Whole,9
HB21-1104,2021,RS,Senate,2021-05-28,Senate Second Reading Special Order - Passed - No Amendments,10
HB21-1104,2021,RS,Senate,2021-06-01,Senate Third Reading Passed - No Amendments,11
HB21-1104,2021,RS,Senate,2021-06-11,Signed by the President of the Senate,12
HB21-1104,2021,RS,House,2021-06-11,Signed by the Speaker of the House,13
HB21-1104,2021,RS,Governor,2021-06-11,Sent to the Governor,14
HB21-1104,2021,RS,Governor,2021-06-16,Governor Signed,15
HB21-1105,2021,RS,House,2021-02-16,Introduced In House - Assigned to Finance,1
HB21-1105,2021,RS,House,2021-03-29,House Committee on Finance Refer Amended to Appropriations,2
HB21-1105,2021,RS,House,2021-05-14,House Committee on Appropriations Refer Amended to House Committee of the Whole,3
HB21-1105,2021,RS,House,2021-05-17,House Second Reading Laid Over Daily - No Amendments,4
HB21-1105,2021,RS,House,2021-05-18,"House Second Reading Passed with Amendments - Committee, Floor",5
HB21-1105,2021,RS,House,2021-05-19,House Third Reading Passed - No Amendments,6
HB21-1105,2021,RS,Senate,2021-05-19,Introduced In Senate - Assigned to Finance,7
HB21-1105,2021,RS,Senate,2021-05-25,Senate Committee on Finance Refer Amended to Appropriations,8
HB21-1105,2021,RS,Senate,2021-05-28,Senate Committee on Appropriations Refer Amended to Senate Committee of the Whole,9
HB21-1105,2021,RS,Senate,2021-05-28,"Senate Second Reading Special Order - Passed with Amendments - Committee, Floor",10
HB21-1105,2021,RS,Senate,2021-06-01,Senate Third Reading Passed - No Amendments,11
HB21-1105,2021,RS,House,2021-06-02,House Considered Senate Amendments - Result was to Laid Over Daily,12
HB21-1105,2021,RS,House,2021-06-07,House Considered Senate Amendments - Result was to Concur - Repass,13
HB21-1105,2021,RS,Senate,2021-06-22,Signed by the President of the Senate,14
HB21-1105,2021,RS,House,2021-06-22,Signed by the Speaker of the House,15
HB21-1105,2021,RS,Governor,2021-06-22,Sent to the Governor,16
HB21-1105,2021,RS,Governor,2021-07-07,Governor Signed,17
HB21-1106,2021,RS,House,2021-02-16,"Introduced In House - Assigned to State, Civic, Military, & Veterans Affairs",1
HB21-1106,2021,RS,House,2021-03-01,"House Committee on State, Civic, Military, & Veterans Affairs Refer Unamended to House Committee of the Whole",2
HB21-1106,2021,RS,House,2021-03-03,House Second Reading Laid Over Daily - No Amendments,3
HB21-1106,2021,RS,House,2021-03-04,House Second Reading Laid Over to 03/08/2021 - No Amendments,4
HB21-1106,2021,RS,House,2021-03-08,House Second Reading Special Order - Passed with Amendments - Floor,5
HB21-1106,2021,RS,House,2021-03-09,House Third Reading Passed - No Amendments,6
HB21-1106,2021,RS,Senate,2021-03-10,Introduced In Senate - Assigned to Judiciary,7
HB21-1106,2021,RS,Senate,2021-04-01,Senate Committee on Judiciary Refer Unamended to Senate Committee of the Whole,8
HB21-1106,2021,RS,Senate,2021-04-07,Senate Second Reading Laid Over Daily - No Amendments,9
HB21-1106,2021,RS,Senate,2021-04-09,Senate Second Reading Passed - No Amendments,10
HB21-1106,2021,RS,Senate,2021-04-12,Senate Third Reading Passed - No Amendments,11
HB21-1106,2021,RS,Senate,2021-04-13,Signed by the President of the Senate,12
HB21-1106,2021,RS,House,2021-04-13,Signed by the Speaker of the House,13
HB21-1106,2021,RS,Governor,2021-04-14,Sent to the Governor,14
HB21-1106,2021,RS,Governor,2021-04-19,Governor Signed,15
HB21-1107,2021,RS,House,2021-02-16,Introduced In House - Assigned to Judiciary,1
HB21-1107,2021,RS,House,2021-03-02,House Committee on Judiciary Refer Amended to House Committee of the Whole,2
HB21-1107,2021,RS,House,2021-03-05,House Second Reading Laid Over to 03/08/2021 - No Amendments,3
HB21-1107,2021,RS,House,2021-03-08,House Second Reading Special Order - Passed with Amendments - Committee,4
HB21-1107,2021,RS,House,2021-03-09,House Third Reading Passed - No Amendments,5
HB21-1107,2021,RS,Senate,2021-03-10,Introduced In Senate - Assigned to Judiciary,6
HB21-1107,2021,RS,Senate,2021-04-14,Senate Committee on Judiciary Refer Unamended - Consent Calendar to Senate Committee of the Whole,7
HB21-1107,2021,RS,Senate,2021-04-19,Senate Second Reading Passed - No Amendments,8
HB21-1107,2021,RS,Senate,2021-04-20,Senate Third Reading Passed - No Amendments,9
HB21-1107,2021,RS,Senate,2021-05-11,Signed by the President of the Senate,10
HB21-1107,2021,RS,House,2021-05-11,Signed by the Speaker of the House,11
HB21-1107,2021,RS,Governor,2021-05-11,Sent to the Governor,12
HB21-1107,2021,RS,Governor,2021-05-18,Governor Signed,13
HB21-1108,2021,RS,House,2021-02-16,Introduced In House - Assigned to Judiciary,1
HB21-1108,2021,RS,House,2021-03-24,House Committee on Judiciary Refer Amended to House Committee of the Whole,2
HB21-1108,2021,RS,House,2021-03-29,House Second Reading Laid Over to 03/31/2021 - No Amendments,3
HB21-1108,2021,RS,House,2021-03-31,House Second Reading Special Order - Passed with Amendments - Committee,4
HB21-1108,2021,RS,House,2021-04-01,House Third Reading Passed - No Amendments,5
HB21-1108,2021,RS,Senate,2021-04-06,Introduced In Senate - Assigned to Judiciary,6
HB21-1108,2021,RS,Senate,2021-04-21,Senate Committee on Judiciary Refer Unamended to Senate Committee of the Whole,7
HB21-1108,2021,RS,Senate,2021-04-26,Senate Second Reading Passed - No Amendments,8
HB21-1108,2021,RS,Senate,2021-04-27,Senate Third Reading Passed - No Amendments,9
HB21-1108,2021,RS,Senate,2021-05-11,Signed by the President of the Senate,10
HB21-1108,2021,RS,House,2021-05-11,Signed by the Speaker of the House,11
HB21-1108,2021,RS,Governor,2021-05-11,Sent to the Governor,12
HB21-1108,2021,RS,Governor,2021-05-20,Governor Signed,13
HB21-1109,2021,RS,House,2021-02-16,Introduced In House - Assigned to Transportation & Local Government + Finance,1
HB21-1109,2021,RS,House,2021-02-24,House Committee on Transportation & Local Government Refer Amended to Finance,2
HB21-1109,2021,RS,House,2021-03-11,House Committee on Finance Refer Unamended to House Committee of the Whole,3
HB21-1109,2021,RS,House,2021-03-16,House Second Reading Laid Over Daily - No Amendments,4
HB21-1109,2021,RS,House,2021-03-19,"House Second Reading Passed with Amendments - Committee, Floor",5
HB21-1109,2021,RS,House,2021-03-22,House Third Reading Passed - No Amendments,6
HB21-1109,2021,RS,Senate,2021-03-25,"Introduced In Senate - Assigned to Business, Labor, & Technology",7
HB21-1109,2021,RS,Senate,2021-04-28,"Senate Committee on Business, Labor, & Technology Witness Testimony and/or Committee Discussion Only",8
HB21-1109,2021,RS,Senate,2021-05-10,"Senate Committee on Business, Labor, & Technology Refer Amended to Appropriations",9
HB21-1109,2021,RS,Senate,2021-05-19,Senate Committee on Appropriations Refer Amended to Senate Committee of the Whole,10
HB21-1109,2021,RS,Senate,2021-05-20,Senate Second Reading Special Order - Passed with Amendments - Committee,11
HB21-1109,2021,RS,Senate,2021-05-21,Senate Third Reading Passed - No Amendments,12
HB21-1109,2021,RS,House,2021-05-22,House Considered Senate Amendments - Result was to Laid Over Daily,13
HB21-1109,2021,RS,House,2021-05-24,House Considered Senate Amendments - Result was to Concur - Repass,14
HB21-1109,2021,RS,Senate,2021-06-16,Signed by the President of the Senate,15
HB21-1109,2021,RS,House,2021-06-16,Signed by the Speaker of the House,16
HB21-1109,2021,RS,Governor,2021-06-17,Sent to the Governor,17
HB21-1109,2021,RS,Governor,2021-07-07,Governor Signed,18
HB21-1110,2021,RS,House,2021-02-16,Introduced In House - Assigned to Judiciary,1
HB21-1110,2021,RS,House,2021-03-24,House Committee on Judiciary Refer Amended to Appropriations,2
HB21-1110,2021,RS,House,2021-05-07,House Committee on Appropriations Refer Amended to House Committee of the Whole,3
HB21-1110,2021,RS,House,2021-05-07,House Second Reading Special Order - Passed with Amendments - Committee,4
HB21-1110,2021,RS,House,2021-05-10,House Third Reading Passed - No Amendments,5
HB21-1110,2021,RS,Senate,2021-05-10,Introduced In Senate - Assigned to,6
HB21-1110,2021,RS,Senate,2021-05-20,Senate Committee on Judiciary Refer Amended to Appropriations,7
HB21-1110,2021,RS,Senate,2021-06-03,Senate Committee on Appropriations Refer Unamended - Consent Calendar to Senate Committee of the Whole,8
HB21-1110,2021,RS,Senate,2021-06-03,Senate Second Reading Special Order - Passed with Amendments - Committee,9
HB21-1110,2021,RS,Senate,2021-06-04,Senate Third Reading Passed - No Amendments,10
HB21-1110,2021,RS,House,2021-06-07,House Considered Senate Amendments - Result was to Laid Over Daily,11
HB21-1110,2021,RS,House,2021-06-08,House Considered Senate Amendments - Result was to Concur - Repass,12
HB21-1110,2021,RS,Senate,2021-06-16,Signed by the President of the Senate,13
HB21-1110,2021,RS,House,2021-06-16,Signed by the Speaker of the House,14
HB21-1110,2021,RS,Governor,2021-06-17,Sent to the Governor,15
HB21-1110,2021,RS,Governor,2021-06-30,Governor Signed,16
HB21-1111,2021,RS,House,2021-02-16,"Introduced In House - Assigned to State, Civic, Military, & Veterans Affairs + Finance",1
HB21-1111,2021,RS,House,2021-03-18,"House Committee on State, Civic, Military, & Veterans Affairs Witness Testimony and/or Committee Discussion Only",2
HB21-1111,2021,RS,House,2021-05-20,"House Committee on State, Civic, Military, & Veterans Affairs Refer Amended to House Committee of the Whole",3
HB21-1111,2021,RS,House,2021-05-24,House Second Reading Laid Over Daily - No Amendments,4
HB21-1111,2021,RS,House,2021-05-26,House Second Reading Special Order - Laid Over Daily - No Amendments,5
HB21-1111,2021,RS,House,2021-05-27,"House Second Reading Special Order - Passed with Amendments - Committee, Floor",6
HB21-1111,2021,RS,House,2021-05-28,House Third Reading Passed - No Amendments,7
HB21-1111,2021,RS,Senate,2021-06-01,Introduced In Senate - Assigned to Finance,8
HB21-1111,2021,RS,Senate,2021-06-01,Senate Committee on Finance Refer Amended to Appropriations,9
HB21-1111,2021,RS,Senate,2021-06-03,Senate Committee on Appropriations Refer Unamended - Consent Calendar to Senate Committee of the Whole,10
HB21-1111,2021,RS,Senate,2021-06-04,Senate Second Reading Special Order - Passed with Amendments - Committee,11
HB21-1111,2021,RS,Senate,2021-06-07,Senate Third Reading Passed - No Amendments,12
HB21-1111,2021,RS,House,2021-06-08,House Considered Senate Amendments - Result was to Concur - Repass,13
HB21-1111,2021,RS,Senate,2021-06-21,Signed by the President of the Senate,14
HB21-1111,2021,RS,House,2021-06-21,Signed by the Speaker of the House,15
HB21-1111,2021,RS,Governor,2021-06-21,Sent to the Governor,16
HB21-1111,2021,RS,Governor,2021-06-30,Governor Signed,17
HB21-1112,2021,RS,House,2021-02-16,Introduced In House - Assigned to Education,1
HB21-1112,2021,RS,House,2021-03-24,House Committee on Education Refer Amended to House Committee of the Whole,2
HB21-1112,2021,RS,House,2021-03-26,House Second Reading Passed with Amendments - Committee,3
HB21-1112,2021,RS,House,2021-03-29,House Third Reading Passed - No Amendments,4
HB21-1112,2021,RS,Senate,2021-03-30,Introduced In Senate - Assigned to Education,5
HB21-1112,2021,RS,Senate,2021-04-21,Senate Committee on Education Refer Unamended to Senate Committee of the Whole,6
HB21-1112,2021,RS,Senate,2021-04-26,Senate Second Reading Passed - No Amendments,7
HB21-1112,2021,RS,Senate,2021-04-27,Senate Third Reading Passed - No Amendments,8
HB21-1112,2021,RS,Senate,2021-05-11,Signed by the President of the Senate,9
HB21-1112,2021,RS,House,2021-05-11,Signed by the Speaker of the House,10
HB21-1112,2021,RS,Governor,2021-05-11,Sent to the Governor,11
HB21-1112,2021,RS,Governor,2021-05-18,Governor Signed,12
HB21-1113,2021,RS,House,2021-02-16,"Introduced In House - Assigned to State, Civic, Military, & Veterans Affairs + Finance + Appropriations",1
HB21-1113,2021,RS,House,2021-03-11,"House Committee on State, Civic, Military, & Veterans Affairs Witness Testimony and/or Committee Discussion Only",2
HB21-1113,2021,RS,House,2021-03-18,"House Committee on State, Civic, Military, & Veterans Affairs Postpone Indefinitely",3
HB21-1114,2021,RS,House,2021-02-16,Introduced In House - Assigned to Transportation & Local Government,1
HB21-1114,2021,RS,House,2021-03-09,House Committee on Transportation & Local Government Refer Amended to House Committee of the Whole,2
HB21-1114,2021,RS,House,2021-03-11,House Second Reading Laid Over Daily - No Amendments,3
HB21-1114,2021,RS,House,2021-03-16,House Second Reading Passed with Amendments - Committee,4
HB21-1114,2021,RS,House,2021-03-17,House Third Reading Passed - No Amendments,5
HB21-1114,2021,RS,Senate,2021-03-22,Introduced In Senate - Assigned to Local Government,6
HB21-1114,2021,RS,Senate,2021-04-27,Senate Committee on Local Government Refer Unamended - Consent Calendar to Senate Committee of the Whole,7
HB21-1114,2021,RS,Senate,2021-04-30,Senate Second Reading Passed - No Amendments,8
HB21-1114,2021,RS,Senate,2021-05-03,Senate Third Reading Passed - No Amendments,9
HB21-1114,2021,RS,Senate,2021-05-11,Signed by the President of the Senate,10
HB21-1114,2021,RS,House,2021-05-11,Signed by the Speaker of the House,11
HB21-1114,2021,RS,Governor,2021-05-11,Sent to the Governor,12
HB21-1114,2021,RS,Governor,2021-05-18,Governor Signed,13
HB21-1115,2021,RS,House,2021-02-16,Introduced In House - Assigned to Transportation & Local Government,1
HB21-1115,2021,RS,House,2021-03-23,House Committee on Transportation & Local Government Refer Amended to House Committee of the Whole,2
HB21-1115,2021,RS,House,2021-03-26,House Second Reading Passed with Amendments - Committee,3
HB21-1115,2021,RS,House,2021-03-29,House Third Reading Passed - No Amendments,4
HB21-1115,2021,RS,Senate,2021-03-30,Introduced In Senate - Assigned to Local Government,5
HB21-1115,2021,RS,Senate,2021-04-13,Senate Committee on Local Government Refer Unamended to Senate Committee of the Whole,6
HB21-1115,2021,RS,Senate,2021-04-16,Senate Second Reading Passed with Amendments - Floor,7
HB21-1115,2021,RS,Senate,2021-04-19,Senate Third Reading Passed - No Amendments,8
HB21-1115,2021,RS,House,2021-04-21,House Considered Senate Amendments - Result was to Adhere,9
HB21-1115,2021,RS,House,2021-04-26,House Considered Senate Amendments - Result was to Not Concur - Request Conference Committee,10
HB21-1115,2021,RS,Senate,2021-04-26,House Recalled Bill From Senate,11
HB21-1115,2021,RS,ConfComm,2021-05-05,First Conference Committee Result was to Adopt Reengrossed w/ Amendments,12
HB21-1115,2021,RS,Senate,2021-05-06,Senate Consideration of First Conference Committee Report result was to Adopt Committee Report - Repass,13
HB21-1115,2021,RS,House,2021-05-10,House Consideration of First Conference Committee Report result was to Adopt Committee Report - Repass,14
HB21-1115,2021,RS,Senate,2021-06-08,Signed by the President of the Senate,15
HB21-1115,2021,RS,House,2021-06-08,Signed by the Speaker of the House,16
HB21-1115,2021,RS,Governor,2021-06-09,Sent to the Governor,17
HB21-1115,2021,RS,Governor,2021-06-15,Governor Signed,18
HB21-1116,2021,RS,House,2021-02-16,"Introduced In House - Assigned to State, Civic, Military, & Veterans Affairs",1
HB21-1116,2021,RS,House,2021-02-25,"House Committee on State, Civic, Military, & Veterans Affairs Refer Unamended to Finance",2
HB21-1116,2021,RS,House,2021-03-04,House Committee on Finance Refer Unamended to Appropriations,3
HB21-1116,2021,RS,House,2021-04-05,House Committee on Appropriations Refer Unamended to House Committee of the Whole,4
HB21-1116,2021,RS,House,2021-04-07,House Second Reading Passed - No Amendments,5
HB21-1116,2021,RS,House,2021-04-08,House Third Reading Passed - No Amendments,6
HB21-1116,2021,RS,Senate,2021-04-09,"Introduced In Senate - Assigned to State, Veterans, & Military Affairs",7
HB21-1116,2021,RS,Senate,2021-04-27,"Senate Committee on State, Veterans, & Military Affairs Refer Unamended to Appropriations",8
HB21-1116,2021,RS,Senate,2021-05-07,Senate Committee on Appropriations Refer Unamended - Consent Calendar to Senate Committee of the Whole,9
HB21-1116,2021,RS,Senate,2021-05-07,Senate Second Reading Special Order - Passed - No Amendments,10
HB21-1116,2021,RS,Senate,2021-05-10,Senate Third Reading Passed - No Amendments,11
HB21-1116,2021,RS,House,2021-05-19,Signed by the Speaker of the House,12
HB21-1116,2021,RS,Senate,2021-05-19,Signed by the President of the Senate,13
HB21-1116,2021,RS,Governor,2021-05-21,Sent to the Governor,14
HB21-1116,2021,RS,Governor,2021-05-28,Governor Signed,15
HB21-1117,2021,RS,House,2021-02-16,Introduced In House - Assigned to Transportation & Local Government,1
HB21-1117,2021,RS,House,2021-03-10,House Committee on Transportation & Local Government Refer Unamended to House Committee of the Whole,2
HB21-1117,2021,RS,House,2021-03-16,House Second Reading Laid Over Daily - No Amendments,3
HB21-1117,2021,RS,House,2021-03-19,House Second Reading Passed with Amendments - Floor,4
HB21-1117,2021,RS,House,2021-03-22,House Third Reading Passed - No Amendments,5
HB21-1117,2021,RS,Senate,2021-03-25,"Introduced In Senate - Assigned to State, Veterans, & Military Affairs",6
HB21-1117,2021,RS,Senate,2021-04-27,"Senate Committee on State, Veterans, & Military Affairs Refer Amended to Senate Committee of the Whole",7
HB21-1117,2021,RS,Senate,2021-04-30,Senate Second Reading Passed with Amendments - Committee,8
HB21-1117,2021,RS,Senate,2021-05-03,Senate Third Reading Passed - No Amendments,9
HB21-1117,2021,RS,House,2021-05-04,House Considered Senate Amendments - Result was to Laid Over Daily,10
HB21-1117,2021,RS,House,2021-05-07,House Considered Senate Amendments - Result was to Concur - Repass,11
HB21-1117,2021,RS,House,2021-05-19,Signed by the Speaker of the House,12
HB21-1117,2021,RS,Senate,2021-05-19,Signed by the President of the Senate,13
HB21-1117,2021,RS,Governor,2021-05-21,Sent to the Governor,14
HB21-1117,2021,RS,Governor,2021-05-28,Governor Signed,15
HB21-1118,2021,RS,House,2021-02-16,Introduced In House - Assigned to Transportation & Local Government,1
HB21-1118,2021,RS,House,2021-03-02,House Committee on Transportation & Local Government Postpone Indefinitely,2
HB21-1119,2021,RS,House,2021-02-18,Introduced In House - Assigned to Public & Behavioral Health & Human Services,1
HB21-1119,2021,RS,House,2021-03-23,House Committee on Public & Behavioral Health & Human Services Refer Amended to House Committee of the Whole,2
HB21-1119,2021,RS,House,2021-03-29,"House Second Reading Passed with Amendments - Committee, Floor",3
HB21-1119,2021,RS,Senate,2021-03-30,"Introduced In Senate - Assigned to State, Veterans, & Military Affairs",4
HB21-1119,2021,RS,House,2021-03-31,House Third Reading Passed - No Amendments,5
HB21-1119,2021,RS,Senate,2021-04-06,"Senate Committee on State, Veterans, & Military Affairs Refer Unamended - Consent Calendar to Senate Committee of the Whole",6
HB21-1119,2021,RS,Senate,2021-04-09,Senate Second Reading Passed - No Amendments,7
HB21-1119,2021,RS,Senate,2021-04-12,Senate Third Reading Passed - No Amendments,8
HB21-1119,2021,RS,House,2021-04-20,Signed by the Speaker of the House,9
HB21-1119,2021,RS,Senate,2021-04-20,Signed by the President of the Senate,10
HB21-1119,2021,RS,Governor,2021-04-21,Sent to the Governor,11
HB21-1119,2021,RS,Governor,2021-04-22,Governor Signed,12
HB21-1120,2021,RS,House,2021-02-18,Introduced In House - Assigned to Judiciary,1
HB21-1120,2021,RS,House,2021-05-04,House Committee on Judiciary Postpone Indefinitely,2
HB21-1121,2021,RS,House,2021-02-18,Introduced In House - Assigned to Business Affairs & Labor,1
HB21-1121,2021,RS,House,2021-03-03,House Committee on Business Affairs & Labor Refer Amended to Appropriations,2
HB21-1121,2021,RS,House,2021-03-26,House Committee on Appropriations Refer Unamended to House Committee of the Whole,3
HB21-1121,2021,RS,House,2021-03-30,House Second Reading Passed with Amendments - Committee,4
HB21-1121,2021,RS,House,2021-03-31,House Third Reading Laid Over Daily - No Amendments,5
HB21-1121,2021,RS,House,2021-04-01,House Third Reading Passed - No Amendments,6
HB21-1121,2021,RS,Senate,2021-04-06,"Introduced In Senate - Assigned to State, Veterans, & Military Affairs",7
HB21-1121,2021,RS,Senate,2021-04-27,"Senate Committee on State, Veterans, & Military Affairs Refer Amended to Senate Committee of the Whole",8
HB21-1121,2021,RS,Senate,2021-04-30,Senate Second Reading Laid Over to 05/07/2021 - No Amendments,9
HB21-1121,2021,RS,Senate,2021-05-07,Senate Second Reading Laid Over to 05/14/2021 - No Amendments,10
HB21-1121,2021,RS,Senate,2021-05-14,Senate Second Reading Laid Over to 05/18/2021 - No Amendments,11
HB21-1121,2021,RS,Senate,2021-05-18,Senate Second Reading Laid Over Daily - No Amendments,12
HB21-1121,2021,RS,Senate,2021-05-20,Senate Second Reading Passed - No Amendments,13
HB21-1121,2021,RS,Senate,2021-05-21,Senate Third Reading Passed - No Amendments,14
HB21-1121,2021,RS,Senate,2021-06-08,Signed by the President of the Senate,15
HB21-1121,2021,RS,House,2021-06-08,Signed by the Speaker of the House,16
HB21-1121,2021,RS,Governor,2021-06-09,Sent to the Governor,17
HB21-1121,2021,RS,Governor,2021-06-25,Governor Signed,18
HB21-1122,2021,RS,House,2021-02-18,Introduced In House - Assigned to Public & Behavioral Health & Human Services,1
HB21-1122,2021,RS,House,2021-03-23,House Committee on Public & Behavioral Health & Human Services Refer Amended to Appropriations,2
HB21-1122,2021,RS,House,2021-04-13,House Committee on Appropriations Refer Amended to House Committee of the Whole,3
HB21-1122,2021,RS,House,2021-04-15,House Second Reading Laid Over Daily - No Amendments,4
HB21-1122,2021,RS,House,2021-04-16,House Second Reading Passed with Amendments - Committee,5
HB21-1122,2021,RS,House,2021-04-19,House Third Reading Passed - No Amendments,6
HB21-1122,2021,RS,Senate,2021-04-20,Introduced In Senate - Assigned to Health & Human Services,7
HB21-1122,2021,RS,Senate,2021-04-26,Senate Committee on Health & Human Services Refer Amended to Appropriations,8
HB21-1122,2021,RS,Senate,2021-05-07,Senate Committee on Appropriations Refer Unamended to Senate Committee of the Whole,9
HB21-1122,2021,RS,Senate,2021-05-11,Senate Second Reading Laid Over Daily - No Amendments,10
HB21-1122,2021,RS,Senate,2021-05-12,"Senate Second Reading Passed with Amendments - Committee, Floor",11
HB21-1122,2021,RS,Senate,2021-05-13,Senate Third Reading Passed - No Amendments,12
HB21-1122,2021,RS,House,2021-05-14,House Considered Senate Amendments - Result was to Laid Over Daily,13
HB21-1122,2021,RS,House,2021-05-21,House Considered Senate Amendments - Result was to Concur - Repass,14
HB21-1122,2021,RS,Senate,2021-06-16,Signed by the President of the Senate,15
HB21-1122,2021,RS,House,2021-06-16,Signed by the Speaker of the House,16
HB21-1122,2021,RS,Governor,2021-06-17,Sent to the Governor,17
HB21-1122,2021,RS,Governor,2021-06-30,Governor Signed,18
HB21-1123,2021,RS,House,2021-02-19,Introduced In House - Assigned to Public & Behavioral Health & Human Services,1
HB21-1123,2021,RS,House,2021-03-09,House Committee on Public & Behavioral Health & Human Services Refer Amended to House Committee of the Whole,2
HB21-1123,2021,RS,House,2021-03-12,House Second Reading Special Order - Passed with Amendments - No Amendments,3
HB21-1123,2021,RS,House,2021-03-16,House Third Reading Passed - No Amendments,4
HB21-1123,2021,RS,Senate,2021-03-18,Introduced In Senate - Assigned to Health & Human Services,5
HB21-1123,2021,RS,Senate,2021-03-31,Senate Committee on Health & Human Services Refer Amended - Consent Calendar to Senate Committee of the Whole,6
HB21-1123,2021,RS,Senate,2021-04-06,Senate Second Reading Passed with Amendments - Committee,7
HB21-1123,2021,RS,Senate,2021-04-07,Senate Third Reading Passed - No Amendments,8
HB21-1123,2021,RS,House,2021-04-08,House Considered Senate Amendments - Result was to Laid Over Daily,9
HB21-1123,2021,RS,House,2021-04-16,House Considered Senate Amendments - Result was to Concur - Repass,10
HB21-1123,2021,RS,House,2021-04-27,Signed by the Speaker of the House,11
HB21-1123,2021,RS,Senate,2021-04-27,Signed by the President of the Senate,12
HB21-1123,2021,RS,Governor,2021-04-28,Sent to the Governor,13
HB21-1123,2021,RS,Governor,2021-05-07,Governor Signed,14
HB21-1124,2021,RS,House,2021-02-19,Introduced In House - Assigned to Business Affairs & Labor,1
HB21-1124,2021,RS,House,2021-02-25,House Committee on Business Affairs & Labor Refer Unamended to House Committee of the Whole,2
HB21-1124,2021,RS,House,2021-03-02,House Second Reading Passed - No Amendments,3
HB21-1124,2021,RS,House,2021-03-03,House Third Reading Passed - No Amendments,4
HB21-1124,2021,RS,Senate,2021-03-05,"Introduced In Senate - Assigned to Business, Labor, & Technology",5
HB21-1124,2021,RS,Senate,2021-03-29,"Senate Committee on Business, Labor, & Technology Refer Unamended - Consent Calendar to Senate Committee of the Whole",6
HB21-1124,2021,RS,Senate,2021-04-01,Senate Second Reading Passed - No Amendments,7
HB21-1124,2021,RS,Senate,2021-04-05,Senate Third Reading Passed - No Amendments,8
HB21-1124,2021,RS,Senate,2021-04-09,Signed by the President of the Senate,9
HB21-1124,2021,RS,House,2021-04-09,Signed by the Speaker of the House,10
HB21-1124,2021,RS,Governor,2021-04-09,Sent to the Governor,11
HB21-1124,2021,RS,Governor,2021-04-19,Governor Signed,12
HB21-1125,2021,RS,House,2021-02-19,Introduced In House - Assigned to Education,1
HB21-1125,2021,RS,House,2021-03-05,House Committee on Education Postpone Indefinitely,2
HB21-1126,2021,RS,House,2021-02-19,Introduced In House - Assigned to Finance,1
HB21-1126,2021,RS,House,2021-03-01,House Committee on Finance Refer Unamended to House Committee of the Whole,2
HB21-1126,2021,RS,House,2021-03-03,House Second Reading Laid Over Daily - No Amendments,3
HB21-1126,2021,RS,House,2021-03-04,House Second Reading Passed - No Amendments,4
HB21-1126,2021,RS,House,2021-03-05,House Third Reading Passed - No Amendments,5
HB21-1126,2021,RS,Senate,2021-03-10,Introduced In Senate - Assigned to Finance,6
HB21-1126,2021,RS,Senate,2021-03-22,Senate Committee on Finance Refer Unamended - Consent Calendar to Senate Committee of the Whole,7
HB21-1126,2021,RS,Senate,2021-03-25,Senate Second Reading Passed - No Amendments,8
HB21-1126,2021,RS,Senate,2021-03-26,Senate Third Reading Passed - No Amendments,9
HB21-1126,2021,RS,House,2021-03-31,Signed by the Speaker of the House,10
HB21-1126,2021,RS,Senate,2021-04-05,Signed by the President of the Senate,11
HB21-1126,2021,RS,Governor,2021-04-05,Sent to the Governor,12
HB21-1126,2021,RS,Governor,2021-04-15,Governor Signed,13
HB21-1127,2021,RS,House,2021-02-19,Introduced In House - Assigned to Transportation & Local Government + Finance,1
HB21-1127,2021,RS,House,2021-03-16,House Committee on Transportation & Local Government Postpone Indefinitely,2
HB21-1128,2021,RS,House,2021-02-22,Introduced In House - Assigned to Transportation & Local Government,1
HB21-1128,2021,RS,House,2021-03-24,House Committee on Transportation & Local Government Refer Unamended to Appropriations,2
HB21-1128,2021,RS,House,2021-04-13,House Committee on Appropriations Refer Amended to House Committee of the Whole,3
HB21-1128,2021,RS,House,2021-04-15,House Second Reading Laid Over Daily - No Amendments,4
HB21-1128,2021,RS,House,2021-04-16,House Second Reading Passed with Amendments - Committee,5
HB21-1128,2021,RS,House,2021-04-19,House Third Reading Passed - No Amendments,6
HB21-1128,2021,RS,Senate,2021-04-21,Introduced In Senate - Assigned to Transportation & Energy,7
HB21-1128,2021,RS,Senate,2021-05-04,Senate Committee on Transportation & Energy Refer Unamended to Appropriations,8
HB21-1128,2021,RS,Senate,2021-05-14,Senate Committee on Appropriations Refer Unamended to Senate Committee of the Whole,9
HB21-1128,2021,RS,Senate,2021-05-18,Senate Second Reading Passed - No Amendments,10
HB21-1128,2021,RS,Senate,2021-05-19,Senate Third Reading Passed - No Amendments,11
HB21-1128,2021,RS,Senate,2021-06-21,Signed by the President of the Senate,12
HB21-1128,2021,RS,House,2021-06-21,Signed by the Speaker of the House,13
HB21-1128,2021,RS,Governor,2021-06-21,Sent to the Governor,14
HB21-1128,2021,RS,Governor,2021-06-24,Governor Signed,15
HB21-1129,2021,RS,House,2021-02-22,Introduced In House - Assigned to Education,1
HB21-1129,2021,RS,House,2021-03-17,House Committee on Education Refer Unamended to House Committee of the Whole,2
HB21-1129,2021,RS,House,2021-03-19,House Second Reading Laid Over Daily - No Amendments,3
HB21-1129,2021,RS,House,2021-03-22,House Second Reading Passed - No Amendments,4
HB21-1129,2021,RS,House,2021-03-23,House Third Reading Laid Over Daily - No Amendments,5
HB21-1129,2021,RS,House,2021-03-24,House Third Reading Passed - No Amendments,6
HB21-1129,2021,RS,Senate,2021-03-24,Introduced In Senate - Assigned to Education,7
HB21-1129,2021,RS,Senate,2021-04-15,Senate Committee on Education Refer Unamended to Senate Committee of the Whole,8
HB21-1129,2021,RS,Senate,2021-04-20,Senate Second Reading Passed - No Amendments,9
HB21-1129,2021,RS,Senate,2021-04-21,Senate Third Reading Passed - No Amendments,10
HB21-1129,2021,RS,House,2021-04-30,Signed by the Speaker of the House,11
HB21-1129,2021,RS,Senate,2021-04-30,Signed by the President of the Senate,12
HB21-1129,2021,RS,Governor,2021-04-30,Sent to the Governor,13
HB21-1129,2021,RS,Governor,2021-05-10,Governor Signed,14
HB21-1130,2021,RS,House,2021-02-23,Introduced In House - Assigned to Public & Behavioral Health & Human Services,1
HB21-1130,2021,RS,House,2021-03-09,House Committee on Public & Behavioral Health & Human Services Refer Unamended to House Committee of the Whole,2
HB21-1130,2021,RS,House,2021-03-12,House Second Reading Special Order - Passed - No Amendments,3
HB21-1130,2021,RS,House,2021-03-16,House Third Reading Passed - No Amendments,4
HB21-1130,2021,RS,Senate,2021-03-19,Introduced In Senate - Assigned to Health & Human Services,5
HB21-1130,2021,RS,Senate,2021-03-31,Senate Committee on Health & Human Services Refer Unamended - Consent Calendar to Senate Committee of the Whole,6
HB21-1130,2021,RS,Senate,2021-04-06,Senate Second Reading Passed - No Amendments,7
HB21-1130,2021,RS,Senate,2021-04-07,Senate Third Reading Passed - No Amendments,8
HB21-1130,2021,RS,House,2021-04-13,Signed by the Speaker of the House,9
HB21-1130,2021,RS,Senate,2021-04-13,Signed by the President of the Senate,10
HB21-1130,2021,RS,Governor,2021-04-14,Sent to the Governor,11
HB21-1130,2021,RS,Governor,2021-04-20,Governor Signed,12
HB21-1131,2021,RS,House,2021-02-24,Introduced In House - Assigned to Energy & Environment,1
HB21-1131,2021,RS,House,2021-03-10,House Committee on Energy & Environment Refer Amended to House Committee of the Whole,2
HB21-1131,2021,RS,House,2021-03-16,House Second Reading Passed with Amendments - Committee,3
HB21-1131,2021,RS,House,2021-03-17,House Third Reading Passed - No Amendments,4
HB21-1131,2021,RS,Senate,2021-03-19,Introduced In Senate - Assigned to Transportation & Energy,5
HB21-1131,2021,RS,Senate,2021-04-06,Senate Committee on Transportation & Energy Refer Unamended to Senate Committee of the Whole,6
HB21-1131,2021,RS,Senate,2021-04-09,Senate Second Reading Passed - No Amendments,7
HB21-1131,2021,RS,Senate,2021-04-12,Senate Third Reading Passed - No Amendments,8
HB21-1131,2021,RS,House,2021-04-20,Signed by the Speaker of the House,9
HB21-1131,2021,RS,Senate,2021-04-20,Signed by the President of the Senate,10
HB21-1131,2021,RS,Governor,2021-04-21,Sent to the Governor,11
HB21-1131,2021,RS,Governor,2021-04-29,Governor Signed,12
HB21-1132,2021,RS,House,2021-02-24,Introduced In House - Assigned to Transportation & Local Government + Finance,1
HB21-1132,2021,RS,House,2021-03-16,House Committee on Transportation & Local Government Refer Amended to Finance,2
HB21-1132,2021,RS,House,2021-04-05,House Committee on Finance Refer Amended to House Committee of the Whole,3
HB21-1132,2021,RS,House,2021-04-09,House Second Reading Passed with Amendments - Committee,4
HB21-1132,2021,RS,House,2021-04-12,House Third Reading Passed - No Amendments,5
HB21-1132,2021,RS,Senate,2021-04-13,Introduced In Senate - Assigned to Local Government,6
HB21-1132,2021,RS,Senate,2021-04-27,Senate Committee on Local Government Refer Unamended to Senate Committee of the Whole,7
HB21-1132,2021,RS,Senate,2021-04-30,Senate Second Reading Passed - No Amendments,8
HB21-1132,2021,RS,Senate,2021-05-03,Senate Third Reading Passed - No Amendments,9
HB21-1132,2021,RS,House,2021-05-14,Signed by the Speaker of the House,10
HB21-1132,2021,RS,Senate,2021-05-14,Signed by the President of the Senate,11
HB21-1132,2021,RS,Governor,2021-05-14,Sent to the Governor,12
HB21-1132,2021,RS,Governor,2021-05-24,Governor Signed,13
HB21-1133,2021,RS,House,2021-03-01,Introduced In House - Assigned to Education,1
HB21-1133,2021,RS,House,2021-04-01,House Committee on Education Refer Unamended to House Committee of the Whole,2
HB21-1133,2021,RS,House,2021-04-07,House Second Reading Passed - No Amendments,3
HB21-1133,2021,RS,House,2021-04-08,House Third Reading Passed - No Amendments,4
HB21-1133,2021,RS,Senate,2021-04-09,Introduced In Senate - Assigned to Education,5
HB21-1133,2021,RS,Senate,2021-04-28,Senate Committee on Education Refer Unamended - Consent Calendar to Senate Committee of the Whole,6
HB21-1133,2021,RS,Senate,2021-05-03,Senate Second Reading Laid Over Daily - No Amendments,7
HB21-1133,2021,RS,Senate,2021-05-04,Senate Second Reading Passed with Amendments - Floor,8
HB21-1133,2021,RS,Senate,2021-05-05,Senate Third Reading Passed - No Amendments,9
HB21-1133,2021,RS,House,2021-05-06,House Considered Senate Amendments - Result was to Laid Over Daily,10
HB21-1133,2021,RS,House,2021-05-07,House Considered Senate Amendments - Result was to Concur - Repass,11
HB21-1133,2021,RS,House,2021-05-19,Signed by the Speaker of the House,12
HB21-1133,2021,RS,Senate,2021-05-19,Signed by the President of the Senate,13
HB21-1133,2021,RS,Governor,2021-05-21,Sent to the Governor,14
HB21-1133,2021,RS,Governor,2021-05-28,Governor Signed,15
HB21-1134,2021,RS,House,2021-03-01,Introduced In House - Assigned to Business Affairs & Labor,1
HB21-1134,2021,RS,House,2021-04-01,House Committee on Business Affairs & Labor Refer Amended to Appropriations,2
HB21-1134,2021,RS,House,2021-05-14,House Committee on Appropriations Refer Amended to House Committee of the Whole,3
HB21-1134,2021,RS,House,2021-05-18,House Second Reading Passed with Amendments - Committee,4
HB21-1134,2021,RS,House,2021-05-19,House Third Reading Passed - No Amendments,5
HB21-1134,2021,RS,Senate,2021-05-19,"Introduced In Senate - Assigned to State, Veterans, & Military Affairs",6
HB21-1134,2021,RS,Senate,2021-05-24,"Senate Committee on State, Veterans, & Military Affairs Refer Unamended to Appropriations",7
HB21-1134,2021,RS,Senate,2021-06-03,Senate Committee on Appropriations Refer Unamended to Senate Committee of the Whole,8
HB21-1134,2021,RS,Senate,2021-06-03,Senate Second Reading Special Order - Passed - No Amendments,9
HB21-1134,2021,RS,Senate,2021-06-04,Senate Third Reading Passed - No Amendments,10
HB21-1134,2021,RS,Senate,2021-06-22,Signed by the President of the Senate,11
HB21-1134,2021,RS,House,2021-06-22,Signed by the Speaker of the House,12
HB21-1134,2021,RS,Governor,2021-06-22,Sent to the Governor,13
HB21-1134,2021,RS,Governor,2021-06-29,Governor Signed,14
HB21-1135,2021,RS,House,2021-03-01,Introduced In House - Assigned to Health & Insurance,1
HB21-1135,2021,RS,House,2021-03-23,House Committee on Health & Insurance Postpone Indefinitely,2
HB21-1136,2021,RS,House,2021-03-01,Introduced In House - Assigned to Judiciary,1
HB21-1136,2021,RS,House,2021-03-10,House Committee on Judiciary Refer Unamended to Appropriations,2
HB21-1136,2021,RS,House,2021-04-05,House Committee on Appropriations Refer Amended to House Committee of the Whole,3
HB21-1136,2021,RS,House,2021-04-07,"House Second Reading Passed with Amendments - Committee, Floor",4
HB21-1136,2021,RS,House,2021-04-08,House Third Reading Passed - No Amendments,5
HB21-1136,2021,RS,Senate,2021-04-09,Introduced In Senate - Assigned to Judiciary,6
HB21-1136,2021,RS,Senate,2021-04-14,Senate Committee on Judiciary Refer Unamended to Appropriations,7
HB21-1136,2021,RS,Senate,2021-04-23,Senate Committee on Appropriations Refer Unamended - Consent Calendar to Senate Committee of the Whole,8
HB21-1136,2021,RS,Senate,2021-04-23,Senate Second Reading Special Order - Passed - No Amendments,9
HB21-1136,2021,RS,Senate,2021-04-26,Senate Third Reading Passed - No Amendments,10
HB21-1136,2021,RS,House,2021-04-27,Signed by the Speaker of the House,11
HB21-1136,2021,RS,Senate,2021-04-27,Signed by the President of the Senate,12
HB21-1136,2021,RS,Governor,2021-04-28,Sent to the Governor,13
HB21-1136,2021,RS,Governor,2021-05-04,Governor Signed,14
HB21-1137,2021,RS,House,2021-03-01,"Introduced In House - Assigned to State, Civic, Military, & Veterans Affairs",1
HB21-1137,2021,RS,House,2021-03-04,"House Committee on State, Civic, Military, & Veterans Affairs Refer Unamended to House Committee of the Whole",2
HB21-1137,2021,RS,House,2021-03-08,House Second Reading Laid Over Daily - No Amendments,3
HB21-1137,2021,RS,House,2021-03-09,House Second Reading Passed - No Amendments,4
HB21-1137,2021,RS,House,2021-03-10,House Third Reading Passed - No Amendments,5
HB21-1137,2021,RS,Senate,2021-03-12,"Introduced In Senate - Assigned to State, Veterans, & Military Affairs",6
HB21-1137,2021,RS,Senate,2021-03-23,"Senate Committee on State, Veterans, & Military Affairs Refer Unamended - Consent Calendar to Senate Committee of the Whole",7
HB21-1137,2021,RS,Senate,2021-03-26,Senate Second Reading Passed - No Amendments,8
HB21-1137,2021,RS,Senate,2021-03-29,Senate Third Reading Passed - No Amendments,9
HB21-1137,2021,RS,House,2021-03-31,Signed by the Speaker of the House,10
HB21-1137,2021,RS,Senate,2021-04-05,Signed by the President of the Senate,11
HB21-1137,2021,RS,Governor,2021-04-05,Sent to the Governor,12
HB21-1137,2021,RS,Governor,2021-04-15,Governor Signed,13
HB21-1138,2021,RS,House,2021-03-01,Introduced In House - Assigned to Transportation & Local Government,1
HB21-1138,2021,RS,House,2021-03-23,House Committee on Transportation & Local Government Refer Unamended to House Committee of the Whole,2
HB21-1138,2021,RS,House,2021-03-25,House Second Reading Passed - No Amendments,3
HB21-1138,2021,RS,House,2021-03-26,House Third Reading Passed - No Amendments,4
HB21-1138,2021,RS,Senate,2021-03-29,Introduced In Senate - Assigned to Local Government,5
HB21-1138,2021,RS,Senate,2021-04-13,Senate Committee on Local Government Refer Unamended - Consent Calendar to Senate Committee of the Whole,6
HB21-1138,2021,RS,Senate,2021-04-16,Senate Second Reading Passed - No Amendments,7
HB21-1138,2021,RS,Senate,2021-04-19,Senate Third Reading Passed - No Amendments,8
HB21-1138,2021,RS,House,2021-04-27,Signed by the Speaker of the House,9
HB21-1138,2021,RS,Senate,2021-04-27,Signed by the President of the Senate,10
HB21-1138,2021,RS,Governor,2021-04-28,Sent to the Governor,11
HB21-1138,2021,RS,Governor,2021-05-07,Governor Signed,12
HB21-1139,2021,RS,House,2021-03-01,Introduced In House - Assigned to Transportation & Local Government,1
HB21-1139,2021,RS,House,2021-03-31,House Committee on Transportation & Local Government Refer Amended to House Committee of the Whole,2
HB21-1139,2021,RS,House,2021-04-06,"House Second Reading Passed with Amendments - Committee, Floor",3
HB21-1139,2021,RS,House,2021-04-07,House Third Reading Laid Over Daily - No Amendments,4
HB21-1139,2021,RS,House,2021-04-08,House Third Reading Passed - No Amendments,5
HB21-1139,2021,RS,Senate,2021-04-09,Introduced In Senate - Assigned to Transportation & Energy,6
HB21-1139,2021,RS,Senate,2021-04-27,Senate Committee on Transportation & Energy Refer Unamended - Consent Calendar to Senate Committee of the Whole,7
HB21-1139,2021,RS,Senate,2021-04-30,Senate Second Reading Passed - No Amendments,8
HB21-1139,2021,RS,Senate,2021-05-03,Senate Third Reading Passed - No Amendments,9
HB21-1139,2021,RS,House,2021-05-14,Signed by the Speaker of the House,10
HB21-1139,2021,RS,Senate,2021-05-14,Signed by the President of the Senate,11
HB21-1139,2021,RS,Governor,2021-05-14,Sent to the Governor,12
HB21-1139,2021,RS,Governor,2021-05-24,Governor Signed,13
HB21-1140,2021,RS,House,2021-03-02,Introduced In House - Assigned to Health & Insurance,1
HB21-1140,2021,RS,House,2021-03-24,House Committee on Health & Insurance Refer Amended to Appropriations,2
HB21-1140,2021,RS,House,2021-04-23,House Committee on Appropriations Refer Amended to House Committee of the Whole,3
HB21-1140,2021,RS,House,2021-04-23,House Second Reading Special Order - Passed with Amendments - Committee,4
HB21-1140,2021,RS,House,2021-04-26,House Third Reading Passed - No Amendments,5
HB21-1140,2021,RS,Senate,2021-04-27,Introduced In Senate - Assigned to Health & Human Services,6
HB21-1140,2021,RS,Senate,2021-05-05,Senate Committee on Health & Human Services Refer Unamended to Appropriations,7
HB21-1140,2021,RS,Senate,2021-05-19,Senate Committee on Appropriations Refer Unamended - Consent Calendar to Senate Committee of the Whole,8
HB21-1140,2021,RS,Senate,2021-05-20,Senate Second Reading Special Order - Passed - No Amendments,9
HB21-1140,2021,RS,Senate,2021-05-21,Senate Third Reading Passed - No Amendments,10
HB21-1140,2021,RS,Senate,2021-06-16,Signed by the President of the Senate,11
HB21-1140,2021,RS,House,2021-06-16,Signed by the Speaker of the House,12
HB21-1140,2021,RS,Governor,2021-06-17,Sent to the Governor,13
HB21-1140,2021,RS,Governor,2021-07-06,Governor Signed,14
HB21-1141,2021,RS,House,2021-03-02,Introduced In House - Assigned to Energy & Environment,1
HB21-1141,2021,RS,House,2021-04-07,House Committee on Energy & Environment Refer Unamended to Finance,2
HB21-1141,2021,RS,House,2021-04-19,House Committee on Finance Refer Unamended to Appropriations,3
HB21-1141,2021,RS,House,2021-04-28,House Committee on Appropriations Refer Amended to House Committee of the Whole,4
HB21-1141,2021,RS,House,2021-04-28,House Second Reading Special Order - Passed with Amendments - Committee,5
HB21-1141,2021,RS,House,2021-04-29,House Third Reading Passed - No Amendments,6
HB21-1141,2021,RS,Senate,2021-04-30,Introduced In Senate - Assigned to Finance,7
HB21-1141,2021,RS,Senate,2021-05-12,Senate Committee on Finance Refer Unamended to Appropriations,8
HB21-1141,2021,RS,Senate,2021-05-21,Senate Committee on Appropriations Refer Unamended to Senate Committee of the Whole,9
HB21-1141,2021,RS,Senate,2021-05-21,Senate Second Reading Special Order - Passed with Amendments - Floor,10
HB21-1141,2021,RS,Senate,2021-05-24,Senate Third Reading Passed - No Amendments,11
HB21-1141,2021,RS,House,2021-05-25,House Considered Senate Amendments - Result was to Laid Over Daily,12
HB21-1141,2021,RS,House,2021-06-07,House Considered Senate Amendments - Result was to Concur - Repass,13
HB21-1141,2021,RS,Senate,2021-06-22,Signed by the President of the Senate,14
HB21-1141,2021,RS,House,2021-06-22,Signed by the Speaker of the House,15
HB21-1141,2021,RS,Governor,2021-06-22,Sent to the Governor,16
HB21-1141,2021,RS,Governor,2021-06-25,Governor Signed,17
HB21-1142,2021,RS,House,2021-03-02,Introduced In House - Assigned to Judiciary,1
HB21-1142,2021,RS,House,2021-03-31,House Committee on Judiciary Refer Amended to Appropriations,2
HB21-1142,2021,RS,House,2021-04-23,House Committee on Appropriations Refer Unamended to House Committee of the Whole,3
HB21-1142,2021,RS,House,2021-04-27,"House Second Reading Passed with Amendments - Committee, Floor",4
HB21-1142,2021,RS,House,2021-04-28,House Third Reading Passed - No Amendments,5
HB21-1142,2021,RS,Senate,2021-04-29,Introduced In Senate - Assigned to Judiciary,6
HB21-1142,2021,RS,Senate,2021-05-12,Senate Committee on Judiciary Refer Amended - Consent Calendar to Senate Committee of the Whole,7
HB21-1142,2021,RS,Senate,2021-05-17,"Senate Second Reading Passed with Amendments - Committee, Floor",8
HB21-1142,2021,RS,Senate,2021-05-18,Senate Third Reading Passed - No Amendments,9
HB21-1142,2021,RS,House,2021-05-19,House Considered Senate Amendments - Result was to Laid Over Daily,10
HB21-1142,2021,RS,House,2021-05-21,House Considered Senate Amendments - Result was to Concur - Repass,11
HB21-1142,2021,RS,Senate,2021-06-16,Signed by the President of the Senate,12
HB21-1142,2021,RS,House,2021-06-16,Signed by the Speaker of the House,13
HB21-1142,2021,RS,Governor,2021-06-17,Sent to the Governor,14
HB21-1142,2021,RS,Governor,2021-06-24,Governor Signed,15
HB21-1143,2021,RS,House,2021-03-02,Introduced In House - Assigned to Judiciary,1
HB21-1143,2021,RS,House,2021-03-24,House Committee on Judiciary Refer Unamended to House Committee of the Whole,2
HB21-1143,2021,RS,House,2021-03-29,House Second Reading Passed with Amendments - Floor,3
HB21-1143,2021,RS,House,2021-03-30,House Third Reading Passed - No Amendments,4
HB21-1143,2021,RS,Senate,2021-04-01,Introduced In Senate - Assigned to Judiciary,5
HB21-1143,2021,RS,Senate,2021-04-22,Senate Committee on Judiciary Refer Unamended - Consent Calendar to Senate Committee of the Whole,6
HB21-1143,2021,RS,Senate,2021-04-27,Senate Second Reading Passed - No Amendments,7
HB21-1143,2021,RS,Senate,2021-04-28,Senate Third Reading Passed - No Amendments,8
HB21-1143,2021,RS,House,2021-05-19,Signed by the Speaker of the House,9
HB21-1143,2021,RS,Senate,2021-05-19,Signed by the President of the Senate,10
HB21-1143,2021,RS,Governor,2021-05-21,Sent to the Governor,11
HB21-1143,2021,RS,Governor,2021-05-27,Governor Signed,12
HB21-1144,2021,RS,House,2021-03-03,Introduced In House - Assigned to Business Affairs & Labor,1
HB21-1144,2021,RS,House,2021-03-24,House Committee on Business Affairs & Labor Postpone Indefinitely,2
HB21-1145,2021,RS,House,2021-03-03,Introduced In House - Assigned to Energy & Environment + Finance,1
HB21-1145,2021,RS,House,2021-03-11,House Committee on Energy & Environment Refer Amended to Finance,2
HB21-1145,2021,RS,House,2021-04-12,House Committee on Finance Refer Unamended to Appropriations,3
HB21-1145,2021,RS,House,2021-04-23,House Committee on Appropriations Refer Amended to House Committee of the Whole,4
HB21-1145,2021,RS,House,2021-04-23,House Second Reading Special Order - Passed with Amendments - Committee,5
HB21-1145,2021,RS,House,2021-04-26,House Third Reading Passed - No Amendments,6
HB21-1145,2021,RS,Senate,2021-04-27,Introduced In Senate - Assigned to Finance,7
HB21-1145,2021,RS,Senate,2021-05-05,Senate Committee on Finance Refer Unamended to Appropriations,8
HB21-1145,2021,RS,Senate,2021-05-14,Senate Committee on Appropriations Refer Unamended to Senate Committee of the Whole,9
HB21-1145,2021,RS,Senate,2021-05-18,Senate Second Reading Passed - No Amendments,10
HB21-1145,2021,RS,Senate,2021-05-19,Senate Third Reading Passed - No Amendments,11
HB21-1145,2021,RS,Senate,2021-06-16,Signed by the President of the Senate,12
HB21-1145,2021,RS,House,2021-06-16,Signed by the Speaker of the House,13
HB21-1145,2021,RS,Governor,2021-06-17,Sent to the Governor,14
HB21-1145,2021,RS,Governor,2021-06-22,Governor Signed,15
HB21-1146,2021,RS,House,2021-03-03,Introduced In House - Assigned to Public & Behavioral Health & Human Services,1
HB21-1146,2021,RS,House,2021-03-23,House Committee on Public & Behavioral Health & Human Services Refer Unamended to House Committee of the Whole,2
HB21-1146,2021,RS,House,2021-03-26,House Second Reading Passed - No Amendments,3
HB21-1146,2021,RS,House,2021-03-29,House Third Reading Passed - No Amendments,4
HB21-1146,2021,RS,Senate,2021-03-30,Introduced In Senate - Assigned to Health & Human Services,5
HB21-1146,2021,RS,Senate,2021-04-12,Senate Committee on Health & Human Services Refer Unamended - Consent Calendar to Senate Committee of the Whole,6
HB21-1146,2021,RS,Senate,2021-04-15,Senate Second Reading Passed - No Amendments,7
HB21-1146,2021,RS,Senate,2021-04-16,Senate Third Reading Passed - No Amendments,8
HB21-1146,2021,RS,Senate,2021-04-26,Signed by the President of the Senate,9
HB21-1146,2021,RS,House,2021-04-26,Signed by the Speaker of the House,10
HB21-1146,2021,RS,Governor,2021-04-26,Sent to the Governor,11
HB21-1146,2021,RS,Governor,2021-04-29,Governor Signed,12
HB21-1147,2021,RS,House,2021-03-03,Introduced In House - Assigned to Business Affairs & Labor,1
HB21-1147,2021,RS,House,2021-03-17,House Committee on Business Affairs & Labor Refer Unamended to House Committee of the Whole,2
HB21-1147,2021,RS,House,2021-03-19,House Second Reading Passed - No Amendments,3
HB21-1147,2021,RS,House,2021-03-22,House Third Reading Passed - No Amendments,4
HB21-1147,2021,RS,Senate,2021-03-24,"Introduced In Senate - Assigned to Business, Labor, & Technology",5
HB21-1147,2021,RS,Senate,2021-04-12,"Senate Committee on Business, Labor, & Technology Refer Unamended - Consent Calendar to Senate Committee of the Whole",6
HB21-1147,2021,RS,Senate,2021-04-15,Senate Second Reading Passed - No Amendments,7
HB21-1147,2021,RS,Senate,2021-04-16,Senate Third Reading Passed - No Amendments,8
HB21-1147,2021,RS,Senate,2021-04-26,Signed by the President of the Senate,9
HB21-1147,2021,RS,House,2021-04-26,Signed by the Speaker of the House,10
HB21-1147,2021,RS,Governor,2021-04-26,Sent to the Governor,11
HB21-1147,2021,RS,Governor,2021-04-29,Governor Signed,12
HB21-1148,2021,RS,House,2021-03-03,"Introduced In House - Assigned to Agriculture, Livestock, & Water",1
HB21-1148,2021,RS,House,2021-03-17,"House Committee on Agriculture, Livestock, & Water Refer Unamended to House Committee of the Whole",2
HB21-1148,2021,RS,House,2021-03-22,House Second Reading Passed - No Amendments,3
HB21-1148,2021,RS,House,2021-03-23,House Third Reading Laid Over Daily - No Amendments,4
HB21-1148,2021,RS,House,2021-03-24,House Third Reading Passed - No Amendments,5
HB21-1148,2021,RS,Senate,2021-03-24,Introduced In Senate - Assigned to Agriculture & Natural Resources,6
HB21-1148,2021,RS,Senate,2021-04-15,Senate Committee on Agriculture & Natural Resources Refer Unamended - Consent Calendar to Senate Committee of the Whole,7
HB21-1148,2021,RS,Senate,2021-04-20,Senate Second Reading Passed - No Amendments,8
HB21-1148,2021,RS,Senate,2021-04-21,Senate Third Reading Passed - No Amendments,9
HB21-1148,2021,RS,House,2021-04-27,Signed by the Speaker of the House,10
HB21-1148,2021,RS,Senate,2021-04-27,Signed by the President of the Senate,11
HB21-1148,2021,RS,Governor,2021-04-28,Sent to the Governor,12
HB21-1148,2021,RS,Governor,2021-05-07,Governor Signed,13
HB21-1149,2021,RS,House,2021-03-03,Introduced In House - Assigned to Energy & Environment,1
HB21-1149,2021,RS,House,2021-04-01,House Committee on Energy & Environment Refer Amended to Appropriations,2
HB21-1149,2021,RS,House,2021-04-23,House Committee on Appropriations Refer Amended to House Committee of the Whole,3
HB21-1149,2021,RS,House,2021-04-26,House Second Reading Special Order - Passed with Amendments - Committee,4
HB21-1149,2021,RS,House,2021-04-27,House Third Reading Passed - No Amendments,5
HB21-1149,2021,RS,Senate,2021-04-28,Introduced In Senate - Assigned to Transportation & Energy,6
HB21-1149,2021,RS,Senate,2021-05-04,Senate Committee on Transportation & Energy Refer Unamended to Appropriations,7
HB21-1149,2021,RS,Senate,2021-05-28,Senate Committee on Appropriations Refer Unamended to Senate Committee of the Whole,8
HB21-1149,2021,RS,Senate,2021-05-28,Senate Second Reading Special Order - Passed - No Amendments,9
HB21-1149,2021,RS,Senate,2021-06-01,Senate Third Reading Passed - No Amendments,10
HB21-1149,2021,RS,Senate,2021-06-11,Signed by the President of the Senate,11
HB21-1149,2021,RS,House,2021-06-11,Signed by the Speaker of the House,12
HB21-1149,2021,RS,Governor,2021-06-11,Sent to the Governor,13
HB21-1149,2021,RS,Governor,2021-06-16,Governor Signed,14
HB21-1150,2021,RS,House,2021-03-03,"Introduced In House - Assigned to State, Civic, Military, & Veterans Affairs",1
HB21-1150,2021,RS,House,2021-04-08,"House Committee on State, Civic, Military, & Veterans Affairs Refer Amended to Finance",2
HB21-1150,2021,RS,House,2021-04-15,House Committee on Finance Refer Amended to Appropriations,3
HB21-1150,2021,RS,House,2021-05-04,House Committee on Appropriations Refer Unamended to House Committee of the Whole,4
HB21-1150,2021,RS,House,2021-05-04,House Second Reading Special Order - Laid Over Daily - No Amendments,5
HB21-1150,2021,RS,House,2021-05-10,House Second Reading Passed with Amendments - Committee,6
HB21-1150,2021,RS,House,2021-05-11,House Third Reading Passed - No Amendments,7
HB21-1150,2021,RS,Senate,2021-05-12,Introduced In Senate - Assigned to Finance,8
HB21-1150,2021,RS,Senate,2021-05-19,Senate Committee on Finance Refer Unamended to Appropriations,9
HB21-1150,2021,RS,Senate,2021-05-26,Senate Committee on Appropriations Refer Unamended to Senate Committee of the Whole,10
HB21-1150,2021,RS,Senate,2021-05-26,Senate Second Reading Special Order - Passed - No Amendments,11
HB21-1150,2021,RS,Senate,2021-05-27,Senate Third Reading Passed - No Amendments,12
HB21-1150,2021,RS,Senate,2021-06-14,Signed by the President of the Senate,13
HB21-1150,2021,RS,House,2021-06-14,Signed by the Speaker of the House,14
HB21-1150,2021,RS,Governor,2021-06-15,Sent to the Governor,15
HB21-1150,2021,RS,Governor,2021-06-25,Governor Signed,16
HB21-1151,2021,RS,House,2021-03-03,Introduced In House - Assigned to Public & Behavioral Health & Human Services,1
HB21-1151,2021,RS,House,2021-03-23,House Committee on Public & Behavioral Health & Human Services Refer Unamended to House Committee of the Whole,2
HB21-1151,2021,RS,House,2021-03-26,House Second Reading Passed - No Amendments,3
HB21-1151,2021,RS,House,2021-03-29,House Third Reading Passed - No Amendments,4
HB21-1151,2021,RS,Senate,2021-03-30,Introduced In Senate - Assigned to Local Government,5
HB21-1151,2021,RS,Senate,2021-04-27,Senate Committee on Local Government Refer Unamended - Consent Calendar to Senate Committee of the Whole,6
HB21-1151,2021,RS,Senate,2021-04-30,Senate Second Reading Passed - No Amendments,7
HB21-1151,2021,RS,Senate,2021-05-03,Senate Third Reading Passed - No Amendments,8
HB21-1151,2021,RS,Senate,2021-05-11,Signed by the President of the Senate,9
HB21-1151,2021,RS,House,2021-05-11,Signed by the Speaker of the House,10
HB21-1151,2021,RS,Governor,2021-05-11,Sent to the Governor,11
HB21-1151,2021,RS,Governor,2021-05-15,Governor Signed,12
HB21-1152,2021,RS,House,2021-03-03,Introduced In House - Assigned to Finance,1
HB21-1152,2021,RS,House,2021-03-22,House Committee on Finance Refer Unamended to House Committee of the Whole,2
HB21-1152,2021,RS,House,2021-03-24,House Second Reading Passed - No Amendments,3
HB21-1152,2021,RS,House,2021-03-25,House Third Reading Passed - No Amendments,4
HB21-1152,2021,RS,Senate,2021-03-29,Introduced In Senate - Assigned to Finance,5
HB21-1152,2021,RS,Senate,2021-04-05,Senate Committee on Finance Refer Unamended - Consent Calendar to Senate Committee of the Whole,6
HB21-1152,2021,RS,Senate,2021-04-08,Senate Second Reading Passed - No Amendments,7
HB21-1152,2021,RS,Senate,2021-04-09,Senate Third Reading Passed - No Amendments,8
HB21-1152,2021,RS,House,2021-04-13,Signed by the Speaker of the House,9
HB21-1152,2021,RS,Senate,2021-04-13,Signed by the President of the Senate,10
HB21-1152,2021,RS,Governor,2021-04-14,Sent to the Governor,11
HB21-1152,2021,RS,Governor,2021-04-20,Governor Signed,12
HB21-1153,2021,RS,House,2021-03-03,Introduced In House - Assigned to Finance,1
HB21-1153,2021,RS,House,2021-03-25,House Committee on Finance Refer Unamended to House Committee of the Whole,2
HB21-1153,2021,RS,House,2021-03-29,House Second Reading Passed - No Amendments,3
HB21-1153,2021,RS,House,2021-03-30,House Third Reading Passed - No Amendments,4
HB21-1153,2021,RS,Senate,2021-04-01,Introduced In Senate - Assigned to Finance,5
HB21-1153,2021,RS,Senate,2021-04-14,Senate Committee on Finance Refer Unamended - Consent Calendar to Senate Committee of the Whole,6
HB21-1153,2021,RS,Senate,2021-04-19,Senate Second Reading Passed - No Amendments,7
HB21-1153,2021,RS,Senate,2021-04-20,Senate Third Reading Passed - No Amendments,8
HB21-1153,2021,RS,House,2021-04-30,Signed by the Speaker of the House,9
HB21-1153,2021,RS,Senate,2021-04-30,Signed by the President of the Senate,10
HB21-1153,2021,RS,Governor,2021-04-30,Sent to the Governor,11
HB21-1153,2021,RS,Governor,2021-05-10,Governor Signed,12
HB21-1154,2021,RS,House,2021-03-03,Introduced In House - Assigned to Finance,1
HB21-1154,2021,RS,House,2021-03-22,House Committee on Finance Refer Unamended to House Committee of the Whole,2
HB21-1154,2021,RS,House,2021-03-24,House Second Reading Passed - No Amendments,3
HB21-1154,2021,RS,House,2021-03-25,House Third Reading Passed - No Amendments,4
HB21-1154,2021,RS,Senate,2021-03-29,Introduced In Senate - Assigned to Finance,5
HB21-1154,2021,RS,Senate,2021-04-05,Senate Committee on Finance Refer Unamended - Consent Calendar to Senate Committee of the Whole,6
HB21-1154,2021,RS,Senate,2021-04-08,Senate Second Reading Passed - No Amendments,7
HB21-1154,2021,RS,Senate,2021-04-09,Senate Third Reading Passed - No Amendments,8
HB21-1154,2021,RS,House,2021-04-13,Signed by the Speaker of the House,9
HB21-1154,2021,RS,Senate,2021-04-13,Signed by the President of the Senate,10
HB21-1154,2021,RS,Governor,2021-04-14,Sent to the Governor,11
HB21-1154,2021,RS,Governor,2021-04-22,Governor Signed,12
HB21-1155,2021,RS,House,2021-03-03,Introduced In House - Assigned to Finance,1
HB21-1155,2021,RS,House,2021-03-25,House Committee on Finance Refer Unamended to House Committee of the Whole,2
HB21-1155,2021,RS,House,2021-03-29,House Second Reading Passed - No Amendments,3
HB21-1155,2021,RS,House,2021-03-30,House Third Reading Passed - No Amendments,4
HB21-1155,2021,RS,Senate,2021-04-01,"Introduced In Senate - Assigned to Business, Labor, & Technology",5
HB21-1155,2021,RS,Senate,2021-04-14,"Senate Committee on Business, Labor, & Technology Refer Unamended - Consent Calendar to Senate Committee of the Whole",6
HB21-1155,2021,RS,Senate,2021-04-19,Senate Second Reading Passed - No Amendments,7
HB21-1155,2021,RS,Senate,2021-04-20,Senate Third Reading Passed - No Amendments,8
HB21-1155,2021,RS,House,2021-04-27,Signed by the Speaker of the House,9
HB21-1155,2021,RS,Senate,2021-04-27,Signed by the President of the Senate,10
HB21-1155,2021,RS,Governor,2021-04-28,Sent to the Governor,11
HB21-1155,2021,RS,Governor,2021-05-07,Governor Signed,12
HB21-1156,2021,RS,House,2021-03-03,Introduced In House - Assigned to Finance,1
HB21-1156,2021,RS,House,2021-03-25,House Committee on Finance Refer Unamended to House Committee of the Whole,2
HB21-1156,2021,RS,House,2021-03-29,House Second Reading Passed - No Amendments,3
HB21-1156,2021,RS,House,2021-03-30,House Third Reading Passed - No Amendments,4
HB21-1156,2021,RS,Senate,2021-04-01,Introduced In Senate - Assigned to Finance,5
HB21-1156,2021,RS,Senate,2021-04-14,Senate Committee on Finance Refer Unamended - Consent Calendar to Senate Committee of the Whole,6
HB21-1156,2021,RS,Senate,2021-04-19,Senate Second Reading Passed - No Amendments,7
HB21-1156,2021,RS,Senate,2021-04-20,Senate Third Reading Passed - No Amendments,8
HB21-1156,2021,RS,House,2021-04-27,Signed by the Speaker of the House,9
HB21-1156,2021,RS,Senate,2021-04-27,Signed by the President of the Senate,10
HB21-1156,2021,RS,Governor,2021-04-28,Sent to the Governor,11
HB21-1156,2021,RS,Governor,2021-05-07,Governor Signed,12
HB21-1157,2021,RS,House,2021-03-03,Introduced In House - Assigned to Finance,1
HB21-1157,2021,RS,House,2021-03-25,House Committee on Finance Refer Unamended to House Committee of the Whole,2
HB21-1157,2021,RS,House,2021-03-29,House Second Reading Passed - No Amendments,3
HB21-1157,2021,RS,House,2021-03-30,House Third Reading Passed - No Amendments,4
HB21-1157,2021,RS,Senate,2021-04-01,"Introduced In Senate - Assigned to Business, Labor, & Technology",5
HB21-1157,2021,RS,Senate,2021-04-14,"Senate Committee on Business, Labor, & Technology Refer Unamended - Consent Calendar to Senate Committee of the Whole",6
HB21-1157,2021,RS,Senate,2021-04-19,Senate Second Reading Passed - No Amendments,7
HB21-1157,2021,RS,Senate,2021-04-20,Senate Third Reading Passed - No Amendments,8
HB21-1157,2021,RS,House,2021-04-27,Signed by the Speaker of the House,9
HB21-1157,2021,RS,Senate,2021-04-27,Signed by the President of the Senate,10
HB21-1157,2021,RS,Governor,2021-04-28,Sent to the Governor,11
HB21-1157,2021,RS,Governor,2021-05-07,Governor Signed,12
HB21-1158,2021,RS,House,2021-03-03,Introduced In House - Assigned to Finance,1
HB21-1158,2021,RS,House,2021-03-22,House Committee on Finance Refer Unamended to House Committee of the Whole,2
HB21-1158,2021,RS,House,2021-03-24,House Second Reading Passed - No Amendments,3
HB21-1158,2021,RS,House,2021-03-25,House Third Reading Passed - No Amendments,4
HB21-1158,2021,RS,Senate,2021-03-29,Introduced In Senate - Assigned to Agriculture & Natural Resources,5
HB21-1158,2021,RS,Senate,2021-04-14,Senate Committee on Agriculture & Natural Resources Refer Unamended - Consent Calendar to Senate Committee of the Whole,6
HB21-1158,2021,RS,Senate,2021-04-19,Senate Second Reading Passed - No Amendments,7
HB21-1158,2021,RS,Senate,2021-04-20,Senate Third Reading Passed - No Amendments,8
HB21-1158,2021,RS,House,2021-04-27,Signed by the Speaker of the House,9
HB21-1158,2021,RS,Senate,2021-04-27,Signed by the President of the Senate,10
HB21-1158,2021,RS,Governor,2021-04-28,Sent to the Governor,11
HB21-1158,2021,RS,Governor,2021-05-07,Governor Signed,12
HB21-1159,2021,RS,House,2021-03-03,Introduced In House - Assigned to Business Affairs & Labor,1
HB21-1159,2021,RS,House,2021-04-08,House Committee on Business Affairs & Labor Refer Amended to Finance,2
HB21-1159,2021,RS,House,2021-05-06,House Committee on Finance Postpone Indefinitely,3
HB21-1160,2021,RS,House,2021-03-03,"Introduced In House - Assigned to Agriculture, Livestock, & Water",1
HB21-1160,2021,RS,House,2021-03-22,"House Committee on Agriculture, Livestock, & Water Refer Amended to House Committee of the Whole",2
HB21-1160,2021,RS,House,2021-03-25,"House Second Reading Passed with Amendments - Committee, Floor",3
HB21-1160,2021,RS,House,2021-03-26,House Third Reading Passed - No Amendments,4
HB21-1160,2021,RS,Senate,2021-03-29,Introduced In Senate - Assigned to Agriculture & Natural Resources,5
HB21-1160,2021,RS,Senate,2021-04-22,Senate Committee on Agriculture & Natural Resources Refer Amended to Senate Committee of the Whole,6
HB21-1160,2021,RS,Senate,2021-04-27,"Senate Second Reading Passed with Amendments - Committee, Floor",7
HB21-1160,2021,RS,Senate,2021-04-28,Senate Third Reading Passed - No Amendments,8
HB21-1160,2021,RS,House,2021-04-29,House Considered Senate Amendments - Result was to Concur - Repass,9
HB21-1160,2021,RS,Senate,2021-05-11,Signed by the President of the Senate,10
HB21-1160,2021,RS,House,2021-05-11,Signed by the Speaker of the House,11
HB21-1160,2021,RS,Governor,2021-05-11,Sent to the Governor,12
HB21-1160,2021,RS,Governor,2021-05-21,Governor Signed,13
HB21-1161,2021,RS,House,2021-03-03,Introduced In House - Assigned to Education,1
HB21-1161,2021,RS,House,2021-03-05,House Committee on Education Refer Unamended to Appropriations,2
HB21-1161,2021,RS,House,2021-03-08,House Committee on Appropriations Refer Amended to House Committee of the Whole,3
HB21-1161,2021,RS,House,2021-03-08,House Second Reading Special Order - Passed with Amendments - Committee,4
HB21-1161,2021,RS,House,2021-03-09,House Third Reading Passed - No Amendments,5
HB21-1161,2021,RS,Senate,2021-03-09,Introduced In Senate - Assigned to Education,6
HB21-1161,2021,RS,Senate,2021-03-11,Senate Committee on Education Refer Unamended to Appropriations,7
HB21-1161,2021,RS,Senate,2021-03-12,Senate Committee on Appropriations Refer Unamended to Senate Committee of the Whole,8
HB21-1161,2021,RS,Senate,2021-03-12,Senate Second Reading Special Order - Passed - No Amendments,9
HB21-1161,2021,RS,Senate,2021-03-16,Senate Third Reading Passed - No Amendments,10
HB21-1161,2021,RS,House,2021-03-16,Signed by the Speaker of the House,11
HB21-1161,2021,RS,Senate,2021-03-16,Signed by the President of the Senate,12
HB21-1161,2021,RS,Governor,2021-03-16,Sent to the Governor,13
HB21-1161,2021,RS,Governor,2021-03-16,Governor Signed,14
HB21-1162,2021,RS,House,2021-03-03,Introduced In House - Assigned to Energy & Environment + Finance,1
HB21-1162,2021,RS,House,2021-03-11,House Committee on Energy & Environment Refer Amended to Finance,2
HB21-1162,2021,RS,House,2021-03-29,House Committee on Finance Refer Amended to Appropriations,3
HB21-1162,2021,RS,House,2021-05-04,House Committee on Appropriations Refer Amended to House Committee of the Whole,4
HB21-1162,2021,RS,House,2021-05-04,House Second Reading Special Order - Passed with Amendments - Committee,5
HB21-1162,2021,RS,House,2021-05-05,House Third Reading Passed - No Amendments,6
HB21-1162,2021,RS,Senate,2021-05-10,"Introduced In Senate - Assigned to State, Veterans, & Military Affairs",7
HB21-1162,2021,RS,Senate,2021-05-25,"Senate Committee on State, Veterans, & Military Affairs Refer Amended to Appropriations",8
HB21-1162,2021,RS,Senate,2021-05-28,Senate Committee on Appropriations Refer Amended to Senate Committee of the Whole,9
HB21-1162,2021,RS,Senate,2021-05-28,Senate Second Reading Special Order - Laid Over Daily - No Amendments,10
HB21-1162,2021,RS,Senate,2021-06-01,"Senate Second Reading Passed with Amendments - Committee, Floor",11
HB21-1162,2021,RS,Senate,2021-06-02,Senate Third Reading Passed - No Amendments,12
HB21-1162,2021,RS,House,2021-06-03,House Considered Senate Amendments - Result was to Laid Over Daily,13
HB21-1162,2021,RS,House,2021-06-08,House Considered Senate Amendments - Result was to Concur - Repass,14
HB21-1162,2021,RS,Senate,2021-06-22,Signed by the President of the Senate,15
HB21-1162,2021,RS,House,2021-06-22,Signed by the Speaker of the House,16
HB21-1162,2021,RS,Governor,2021-06-22,Sent to the Governor,17
HB21-1162,2021,RS,Governor,2021-07-06,Governor Signed,18
HB21-1163,2021,RS,House,2021-03-04,Introduced In House - Assigned to Business Affairs & Labor + Finance,1
HB21-1163,2021,RS,House,2021-03-25,House Committee on Business Affairs & Labor Refer Unamended to Finance,2
HB21-1163,2021,RS,House,2021-05-17,House Committee on Finance Postpone Indefinitely,3
HB21-1164,2021,RS,House,2021-03-04,Introduced In House - Assigned to Education,1
HB21-1164,2021,RS,House,2021-03-10,House Committee on Education Refer Unamended to Appropriations,2
HB21-1164,2021,RS,House,2021-03-12,House Committee on Appropriations Refer Unamended to House Committee of the Whole,3
HB21-1164,2021,RS,House,2021-03-12,House Second Reading Passed with Amendments - Floor,4
HB21-1164,2021,RS,House,2021-03-16,House Third Reading Passed - No Amendments,5
HB21-1164,2021,RS,Senate,2021-03-18,Introduced In Senate - Assigned to Education,6
HB21-1164,2021,RS,Senate,2021-03-18,Senate Committee on Education Refer Unamended to Appropriations,7
HB21-1164,2021,RS,Senate,2021-03-19,Senate Committee on Appropriations Refer Unamended to Senate Committee of the Whole,8
HB21-1164,2021,RS,Senate,2021-03-19,Senate Second Reading Special Order - Passed - No Amendments,9
HB21-1164,2021,RS,Senate,2021-03-22,Senate Third Reading Laid Over to 04/05/2021 - No Amendments,10
HB21-1164,2021,RS,Senate,2021-04-05,Senate Third Reading Laid Over to 04/21/2021 - No Amendments,11
HB21-1164,2021,RS,Senate,2021-04-21,Senate Third Reading Laid Over to 04/26/2021 - No Amendments,12
HB21-1164,2021,RS,Senate,2021-04-26,Senate Third Reading Laid Over to 04/30/2021 - No Amendments,13
HB21-1164,2021,RS,Senate,2021-04-30,Senate Third Reading Laid Over to 05/7/2021 - No Amendments,14
HB21-1164,2021,RS,Senate,2021-05-07,Senate Third Reading Laid Over to 05/12/2021 - No Amendments,15
HB21-1164,2021,RS,Senate,2021-05-12,Senate Third Reading Laid Over to 05/14/2021 - No Amendments,16
HB21-1164,2021,RS,Senate,2021-05-17,Senate Third Reading Laid Over Daily - No Amendments,17
HB21-1164,2021,RS,Senate,2021-05-17,Senate Third Reading Laid Over to 05/20/2021 - No Amendments,18
HB21-1164,2021,RS,Senate,2021-05-20,Senate Third Reading Laid Over to 05/24/2021 - No Amendments,19
HB21-1164,2021,RS,Senate,2021-05-24,Senate Third Reading Passed - No Amendments,20
HB21-1164,2021,RS,Senate,2021-06-08,Signed by the President of the Senate,21
HB21-1164,2021,RS,House,2021-06-08,Signed by the Speaker of the House,22
HB21-1164,2021,RS,Governor,2021-06-09,Sent to the Governor,23
HB21-1164,2021,RS,Governor,2021-06-11,Governor Signed,24
HB21-1165,2021,RS,House,2021-03-04,Introduced In House - Assigned to Judiciary,1
HB21-1165,2021,RS,House,2021-03-16,House Committee on Judiciary Refer Unamended to House Committee of the Whole,2
HB21-1165,2021,RS,House,2021-03-19,House Second Reading Passed - No Amendments,3
HB21-1165,2021,RS,House,2021-03-22,House Third Reading Passed - No Amendments,4
HB21-1165,2021,RS,Senate,2021-03-24,Introduced In Senate - Assigned to Judiciary,5
HB21-1165,2021,RS,Senate,2021-04-14,Senate Committee on Judiciary Refer Amended - Consent Calendar to Senate Committee of the Whole,6
HB21-1165,2021,RS,Senate,2021-04-19,Senate Second Reading Passed with Amendments - Committee,7
HB21-1165,2021,RS,Senate,2021-04-20,Senate Third Reading Passed - No Amendments,8
HB21-1165,2021,RS,House,2021-04-21,House Considered Senate Amendments - Result was to Concur - Repass,9
HB21-1165,2021,RS,House,2021-04-30,Signed by the Speaker of the House,10
HB21-1165,2021,RS,Governor,2021-04-30,Sent to the Governor,11
HB21-1165,2021,RS,Senate,2021-04-30,Signed by the President of the Senate,12
HB21-1165,2021,RS,Governor,2021-05-10,Governor Signed,13
HB21-1166,2021,RS,House,2021-03-04,Introduced In House - Assigned to Public & Behavioral Health & Human Services,1
HB21-1166,2021,RS,House,2021-03-30,House Committee on Public & Behavioral Health & Human Services Refer Amended to Appropriations,2
HB21-1166,2021,RS,House,2021-05-07,House Committee on Appropriations Refer Amended to House Committee of the Whole,3
HB21-1166,2021,RS,House,2021-05-07,House Second Reading Special Order - Passed with Amendments - Committee,4
HB21-1166,2021,RS,House,2021-05-10,House Third Reading Passed - No Amendments,5
HB21-1166,2021,RS,Senate,2021-05-10,Introduced In Senate - Assigned to Health & Human Services,6
HB21-1166,2021,RS,Senate,2021-05-19,Senate Committee on Health & Human Services Refer Unamended to Appropriations,7
HB21-1166,2021,RS,Senate,2021-06-03,Senate Committee on Appropriations Refer Unamended - Consent Calendar to Senate Committee of the Whole,8
HB21-1166,2021,RS,Senate,2021-06-03,Senate Second Reading Special Order - Passed - No Amendments,9
HB21-1166,2021,RS,Senate,2021-06-04,Senate Third Reading Passed - No Amendments,10
HB21-1166,2021,RS,Senate,2021-06-11,Signed by the President of the Senate,11
HB21-1166,2021,RS,House,2021-06-11,Signed by the Speaker of the House,12
HB21-1166,2021,RS,Governor,2021-06-11,Sent to the Governor,13
HB21-1166,2021,RS,Governor,2021-06-15,Governor Signed,14
HB21-1167,2021,RS,House,2021-03-04,Introduced In House - Assigned to Business Affairs & Labor,1
HB21-1167,2021,RS,House,2021-03-18,House Committee on Business Affairs & Labor Refer Unamended to House Committee of the Whole,2
HB21-1167,2021,RS,House,2021-03-23,House Second Reading Laid Over Daily - No Amendments,3
HB21-1167,2021,RS,House,2021-03-25,House Second Reading Passed - No Amendments,4
HB21-1167,2021,RS,House,2021-03-26,House Third Reading Passed - No Amendments,5
HB21-1167,2021,RS,Senate,2021-03-29,"Introduced In Senate - Assigned to Business, Labor, & Technology",6
HB21-1167,2021,RS,Senate,2021-04-26,"Senate Committee on Business, Labor, & Technology Refer Unamended to Senate Committee of the Whole",7
HB21-1167,2021,RS,Senate,2021-04-29,Senate Second Reading Passed - No Amendments,8
HB21-1167,2021,RS,Senate,2021-04-30,Senate Third Reading Passed - No Amendments,9
HB21-1167,2021,RS,Senate,2021-05-11,Signed by the President of the Senate,10
HB21-1167,2021,RS,House,2021-05-11,Signed by the Speaker of the House,11
HB21-1167,2021,RS,Governor,2021-05-11,Sent to the Governor,12
HB21-1167,2021,RS,Governor,2021-05-17,Governor Signed,13
HB21-1168,2021,RS,House,2021-03-04,Introduced In House - Assigned to Transportation & Local Government,1
HB21-1168,2021,RS,House,2021-03-31,House Committee on Transportation & Local Government Refer Amended to Finance,2
HB21-1168,2021,RS,House,2021-04-19,House Committee on Finance Refer Amended to House Committee of the Whole,3
HB21-1168,2021,RS,House,2021-04-22,House Second Reading Laid Over Daily - No Amendments,4
HB21-1168,2021,RS,House,2021-04-23,House Second Reading Passed with Amendments - Committee,5
HB21-1168,2021,RS,House,2021-04-26,House Third Reading Passed - No Amendments,6
HB21-1168,2021,RS,Senate,2021-04-27,Introduced In Senate - Assigned to Finance,7
HB21-1168,2021,RS,Senate,2021-05-05,Senate Committee on Finance Refer Unamended to Senate Committee of the Whole,8
HB21-1168,2021,RS,Senate,2021-05-10,Senate Second Reading Passed - No Amendments,9
HB21-1168,2021,RS,Senate,2021-05-11,Senate Third Reading Passed - No Amendments,10
HB21-1168,2021,RS,House,2021-05-27,Signed by the Speaker of the House,11
HB21-1168,2021,RS,Senate,2021-05-28,Signed by the President of the Senate,12
HB21-1168,2021,RS,Governor,2021-05-28,Sent to the Governor,13
HB21-1168,2021,RS,Governor,2021-06-07,Governor Signed,14
HB21-1169,2021,RS,House,2021-03-04,Introduced In House - Assigned to Health & Insurance,1
HB21-1169,2021,RS,House,2021-03-23,House Committee on Health & Insurance Refer Unamended to House Committee of the Whole,2
HB21-1169,2021,RS,House,2021-03-26,House Second Reading Passed - No Amendments,3
HB21-1169,2021,RS,House,2021-03-29,House Third Reading Passed - No Amendments,4
HB21-1169,2021,RS,Senate,2021-04-01,Introduced In Senate - Assigned to Health & Human Services,5
HB21-1169,2021,RS,Senate,2021-04-12,Senate Committee on Health & Human Services Refer Unamended to Senate Committee of the Whole,6
HB21-1169,2021,RS,Senate,2021-04-15,Senate Second Reading Passed - No Amendments,7
HB21-1169,2021,RS,Senate,2021-04-16,Senate Third Reading Passed - No Amendments,8
HB21-1169,2021,RS,House,2021-04-27,Signed by the Speaker of the House,9
HB21-1169,2021,RS,Senate,2021-04-27,Signed by the President of the Senate,10
HB21-1169,2021,RS,Governor,2021-04-28,Sent to the Governor,11
HB21-1169,2021,RS,Governor,2021-05-06,Governor Signed,12
HB21-1170,2021,RS,House,2021-03-04,"Introduced In House - Assigned to State, Civic, Military, & Veterans Affairs",1
HB21-1170,2021,RS,House,2021-03-29,"House Committee on State, Civic, Military, & Veterans Affairs Postpone Indefinitely",2
HB21-1171,2021,RS,House,2021-03-04,Introduced In House - Assigned to Health & Insurance,1
HB21-1171,2021,RS,House,2021-03-23,House Committee on Health & Insurance Refer Unamended to Appropriations,2
HB21-1171,2021,RS,House,2021-05-04,House Committee on Refer Amended to Legislative Council,3
HB21-1171,2021,RS,House,2021-05-10,House Committee on Legislative Council Refer Amended to House Committee of the Whole,4
HB21-1171,2021,RS,House,2021-05-13,House Second Reading Laid Over Daily - No Amendments,5
HB21-1171,2021,RS,House,2021-05-15,House Second Reading Passed with Amendments - Committee,6
HB21-1171,2021,RS,House,2021-05-18,House Third Reading Passed - No Amendments,7
HB21-1171,2021,RS,Senate,2021-05-18,Introduced In Senate - Assigned to Health & Human Services,8
HB21-1171,2021,RS,Senate,2021-05-25,Senate Committee on Health & Human Services Refer Unamended to Appropriations,9
HB21-1171,2021,RS,Senate,2021-06-03,Senate Committee on Appropriations Refer Amended to Senate Committee of the Whole,10
HB21-1171,2021,RS,Senate,2021-06-03,Senate Second Reading Special Order - Passed with Amendments - Committee,11
HB21-1171,2021,RS,Senate,2021-06-04,Senate Third Reading Passed - No Amendments,12
HB21-1171,2021,RS,House,2021-06-07,House Considered Senate Amendments - Result was to Laid Over Daily,13
HB21-1171,2021,RS,House,2021-06-08,House Considered Senate Amendments - Result was to Concur - Repass,14
HB21-1171,2021,RS,Senate,2021-06-21,Signed by the President of the Senate,15
HB21-1171,2021,RS,House,2021-06-21,Signed by the Speaker of the House,16
HB21-1171,2021,RS,Governor,2021-06-21,Sent to the Governor,17
HB21-1171,2021,RS,Governor,2021-07-02,Governor Signed,18
HB21-1172,2021,RS,House,2021-03-04,Introduced In House - Assigned to Health & Insurance,1
HB21-1172,2021,RS,House,2021-04-21,House Committee on Health & Insurance Postpone Indefinitely,2
HB21-1173,2021,RS,House,2021-03-04,Introduced In House - Assigned to Education,1
HB21-1173,2021,RS,House,2021-04-01,House Committee on Education Refer Unamended to House Committee of the Whole,2
HB21-1173,2021,RS,House,2021-04-07,House Second Reading Passed - No Amendments,3
HB21-1173,2021,RS,House,2021-04-08,House Third Reading Passed - No Amendments,4
HB21-1173,2021,RS,Senate,2021-04-09,Introduced In Senate - Assigned to Education,5
HB21-1173,2021,RS,Senate,2021-04-29,Senate Committee on Education Refer Unamended - Consent Calendar to Senate Committee of the Whole,6
HB21-1173,2021,RS,Senate,2021-05-04,Senate Second Reading Passed - No Amendments,7
HB21-1173,2021,RS,Senate,2021-05-05,Senate Third Reading Passed - No Amendments,8
HB21-1173,2021,RS,House,2021-05-19,Signed by the Speaker of the House,9
HB21-1173,2021,RS,Senate,2021-05-19,Signed by the President of the Senate,10
HB21-1173,2021,RS,Governor,2021-05-21,Sent to the Governor,11
HB21-1173,2021,RS,Governor,2021-05-25,Governor Signed,12
HB21-1174,2021,RS,House,2021-03-04,Introduced In House - Assigned to Finance,1
HB21-1174,2021,RS,House,2021-03-18,House Committee on Finance Refer Unamended to Appropriations,2
HB21-1174,2021,RS,House,2021-05-14,House Committee on Appropriations Refer Unamended to House Committee of the Whole,3
HB21-1174,2021,RS,House,2021-05-18,House Second Reading Laid Over Daily - No Amendments,4
HB21-1174,2021,RS,House,2021-05-19,House Second Reading Passed - No Amendments,5
HB21-1174,2021,RS,House,2021-05-20,House Third Reading Passed - No Amendments,6
HB21-1174,2021,RS,Senate,2021-05-24,Introduced In Senate - Assigned to Appropriations,7
HB21-1174,2021,RS,Senate,2021-05-28,Senate Committee on Appropriations Refer Unamended to Senate Committee of the Whole,8
HB21-1174,2021,RS,Senate,2021-05-28,Senate Second Reading Special Order - Passed - No Amendments,9
HB21-1174,2021,RS,Senate,2021-06-01,Senate Third Reading Passed - No Amendments,10
HB21-1174,2021,RS,Senate,2021-06-16,Signed by the President of the Senate,11
HB21-1174,2021,RS,House,2021-06-16,Signed by the Speaker of the House,12
HB21-1174,2021,RS,Governor,2021-06-17,Sent to the Governor,13
HB21-1174,2021,RS,Governor,2021-07-02,Governor Signed,14
HB21-1175,2021,RS,House,2021-03-04,"Introduced In House - Assigned to State, Civic, Military, & Veterans Affairs + Finance",1
HB21-1175,2021,RS,House,2021-04-26,"House Committee on State, Civic, Military, & Veterans Affairs Refer Amended to Finance",2
HB21-1175,2021,RS,House,2021-05-20,House Committee on Finance Postpone Indefinitely,3
HB21-1176,2021,RS,House,2021-03-04,"Introduced In House - Assigned to State, Civic, Military, & Veterans Affairs",1
HB21-1176,2021,RS,House,2021-03-29,"House Committee on State, Civic, Military, & Veterans Affairs Postpone Indefinitely",2
HB21-1177,2021,RS,House,2021-03-04,Introduced In House - Assigned to Finance,1
HB21-1177,2021,RS,House,2021-03-22,House Committee on Finance Refer Unamended to House Committee of the Whole,2
HB21-1177,2021,RS,House,2021-03-24,House Second Reading Passed - No Amendments,3
HB21-1177,2021,RS,House,2021-03-25,House Third Reading Passed - No Amendments,4
HB21-1177,2021,RS,Senate,2021-03-29,Introduced In Senate - Assigned to Finance,5
HB21-1177,2021,RS,Senate,2021-04-05,Senate Committee on Finance Refer Unamended - Consent Calendar to Senate Committee of the Whole,6
HB21-1177,2021,RS,Senate,2021-04-08,Senate Second Reading Passed - No Amendments,7
HB21-1177,2021,RS,Senate,2021-04-09,Senate Third Reading Passed - No Amendments,8
HB21-1177,2021,RS,House,2021-04-13,Signed by the Speaker of the House,9
HB21-1177,2021,RS,Senate,2021-04-13,Signed by the President of the Senate,10
HB21-1177,2021,RS,Governor,2021-04-14,Sent to the Governor,11
HB21-1177,2021,RS,Governor,2021-04-22,Governor Signed,12
HB21-1178,2021,RS,House,2021-03-04,Introduced In House - Assigned to Energy & Environment,1
HB21-1178,2021,RS,House,2021-03-17,House Committee on Energy & Environment Refer Unamended to House Committee of the Whole,2
HB21-1178,2021,RS,House,2021-03-22,House Second Reading Passed - No Amendments,3
HB21-1178,2021,RS,House,2021-03-23,House Third Reading Laid Over Daily - No Amendments,4
HB21-1178,2021,RS,House,2021-03-24,House Third Reading Passed - No Amendments,5
HB21-1178,2021,RS,Senate,2021-03-24,Introduced In Senate - Assigned to Agriculture & Natural Resources,6
HB21-1178,2021,RS,Senate,2021-04-14,Senate Committee on Agriculture & Natural Resources Refer Unamended - Consent Calendar to Senate Committee of the Whole,7
HB21-1178,2021,RS,Senate,2021-04-19,Senate Second Reading Passed - No Amendments,8
HB21-1178,2021,RS,Senate,2021-04-20,Senate Third Reading Passed - No Amendments,9
HB21-1178,2021,RS,House,2021-04-30,Signed by the Speaker of the House,10
HB21-1178,2021,RS,Senate,2021-04-30,Signed by the President of the Senate,11
HB21-1178,2021,RS,Governor,2021-04-30,Sent to the Governor,12
HB21-1178,2021,RS,Governor,2021-05-10,Governor Signed,13
HB21-1179,2021,RS,House,2021-03-04,Introduced In House - Assigned to Judiciary,1
HB21-1179,2021,RS,House,2021-03-09,House Committee on Judiciary Refer Unamended to House Committee of the Whole,2
HB21-1179,2021,RS,House,2021-03-12,House Second Reading Laid Over Daily - No Amendments,3
HB21-1179,2021,RS,House,2021-03-16,House Second Reading Laid Over to 03/19/2021 - No Amendments,4
HB21-1179,2021,RS,House,2021-03-18,House Second Reading Laid Over to 07/15/2021 - No Amendments,5
HB21-1180,2021,RS,House,2021-03-04,Introduced In House - Assigned to Energy & Environment,1
HB21-1180,2021,RS,House,2021-03-17,House Committee on Energy & Environment Refer Unamended to Appropriations,2
HB21-1180,2021,RS,House,2021-03-26,House Committee on Appropriations Refer Unamended to House Committee of the Whole,3
HB21-1180,2021,RS,House,2021-03-26,House Second Reading Special Order - Passed - No Amendments,4
HB21-1180,2021,RS,House,2021-03-29,House Third Reading Passed - No Amendments,5
HB21-1180,2021,RS,Senate,2021-04-01,Introduced In Senate - Assigned to Agriculture & Natural Resources,6
HB21-1180,2021,RS,Senate,2021-04-28,Senate Committee on Agriculture & Natural Resources Refer Amended to Appropriations,7
HB21-1180,2021,RS,Senate,2021-05-14,Senate Committee on Appropriations Refer Unamended to Senate Committee of the Whole,8
HB21-1180,2021,RS,Senate,2021-05-18,Senate Second Reading Passed with Amendments - Committee,9
HB21-1180,2021,RS,Senate,2021-05-19,Senate Third Reading Passed - No Amendments,10
HB21-1180,2021,RS,House,2021-05-20,House Considered Senate Amendments - Result was to Laid Over Daily,11
HB21-1180,2021,RS,House,2021-05-21,House Considered Senate Amendments - Result was to Concur - Repass,12
HB21-1180,2021,RS,Senate,2021-06-21,Signed by the President of the Senate,13
HB21-1180,2021,RS,House,2021-06-21,Signed by the Speaker of the House,14
HB21-1180,2021,RS,Governor,2021-06-21,Sent to the Governor,15
HB21-1180,2021,RS,Governor,2021-07-07,Governor Signed,16
HB21-1181,2021,RS,House,2021-03-04,"Introduced In House - Assigned to Agriculture, Livestock, & Water",1
HB21-1181,2021,RS,House,2021-03-22,"House Committee on Agriculture, Livestock, & Water Refer Amended to Appropriations",2
HB21-1181,2021,RS,House,2021-04-05,House Committee on Appropriations Refer Amended to House Committee of the Whole,3
HB21-1181,2021,RS,House,2021-04-07,House Second Reading Passed with Amendments - Committee,4
HB21-1181,2021,RS,House,2021-04-08,House Third Reading Passed - No Amendments,5
HB21-1181,2021,RS,Senate,2021-04-09,Introduced In Senate - Assigned to Agriculture & Natural Resources,6
HB21-1181,2021,RS,Senate,2021-05-13,Senate Committee on Agriculture & Natural Resources Refer Amended to Appropriations,7
HB21-1181,2021,RS,Senate,2021-05-21,Senate Committee on Appropriations Refer Unamended to Senate Committee of the Whole,8
HB21-1181,2021,RS,Senate,2021-05-21,"Senate Second Reading Passed with Amendments - Committee, Floor",9
HB21-1181,2021,RS,Senate,2021-05-24,Senate Third Reading Passed - No Amendments,10
HB21-1181,2021,RS,House,2021-05-25,House Considered Senate Amendments - Result was to Laid Over Daily,11
HB21-1181,2021,RS,House,2021-06-07,House Considered Senate Amendments - Result was to Concur - Repass,12
HB21-1181,2021,RS,House,2021-06-18,Signed by the Speaker of the House,13
HB21-1181,2021,RS,Governor,2021-06-21,Sent to the Governor,14
HB21-1181,2021,RS,Senate,2021-06-21,Signed by the President of the Senate,15
HB21-1181,2021,RS,Governor,2021-06-21,Governor Signed,16
HB21-1182,2021,RS,House,2021-03-04,Introduced In House - Assigned to Judiciary,1
HB21-1182,2021,RS,House,2021-04-07,House Committee on Judiciary Postpone Indefinitely,2
HB21-1183,2021,RS,House,2021-03-04,Introduced In House - Assigned to Health & Insurance,1
HB21-1183,2021,RS,House,2021-03-24,House Committee on Health & Insurance Postpone Indefinitely,2
HB21-1184,2021,RS,House,2021-03-04,Introduced In House - Assigned to Health & Insurance,1
HB21-1184,2021,RS,House,2021-03-24,House Committee on Health & Insurance Postpone Indefinitely,2
HB21-1185,2021,RS,House,2021-03-04,"Introduced In House - Assigned to State, Civic, Military, & Veterans Affairs",1
HB21-1185,2021,RS,House,2021-03-17,"House Committee on State, Civic, Military, & Veterans Affairs Postpone Indefinitely",2
HB21-1186,2021,RS,House,2021-03-04,Introduced In House - Assigned to Transportation & Local Government,1
HB21-1186,2021,RS,House,2021-03-30,House Committee on Transportation & Local Government Refer Amended to House Committee of the Whole,2
HB21-1186,2021,RS,House,2021-04-05,House Second Reading Passed with Amendments - Committee,3
HB21-1186,2021,RS,House,2021-04-06,House Third Reading Passed - No Amendments,4
HB21-1186,2021,RS,Senate,2021-04-09,Introduced In Senate - Assigned to Transportation & Energy,5
HB21-1186,2021,RS,Senate,2021-04-27,Senate Committee on Transportation & Energy Refer Unamended to Senate Committee of the Whole,6
HB21-1186,2021,RS,Senate,2021-04-30,Senate Second Reading Passed - No Amendments,7
HB21-1186,2021,RS,Senate,2021-05-03,Senate Third Reading Passed - No Amendments,8
HB21-1186,2021,RS,House,2021-05-14,Signed by the Speaker of the House,9
HB21-1186,2021,RS,Senate,2021-05-14,Signed by the President of the Senate,10
HB21-1186,2021,RS,Governor,2021-05-14,Sent to the Governor,11
HB21-1186,2021,RS,Governor,2021-05-24,Governor Signed,12
HB21-1187,2021,RS,House,2021-03-04,Introduced In House - Assigned to Public & Behavioral Health & Human Services,1
HB21-1187,2021,RS,House,2021-03-26,House Committee on Public & Behavioral Health & Human Services Refer Amended to House Committee of the Whole,2
HB21-1187,2021,RS,House,2021-03-31,House Second Reading Laid Over Daily - No Amendments,3
HB21-1187,2021,RS,House,2021-04-01,House Second Reading Passed with Amendments - Committee,4
HB21-1187,2021,RS,House,2021-04-05,House Third Reading Passed - No Amendments,5
HB21-1187,2021,RS,Senate,2021-04-06,Introduced In Senate - Assigned to Health & Human Services,6
HB21-1187,2021,RS,Senate,2021-04-14,Senate Committee on Health & Human Services Refer Unamended - Consent Calendar to Senate Committee of the Whole,7
HB21-1187,2021,RS,Senate,2021-04-19,Senate Second Reading Passed - No Amendments,8
HB21-1187,2021,RS,Senate,2021-04-20,Senate Third Reading Passed - No Amendments,9
HB21-1187,2021,RS,House,2021-04-27,Signed by the Speaker of the House,10
HB21-1187,2021,RS,Senate,2021-04-27,Signed by the President of the Senate,11
HB21-1187,2021,RS,Governor,2021-04-28,Sent to the Governor,12
HB21-1187,2021,RS,Governor,2021-05-01,Governor Signed,13
HB21-1188,2021,RS,House,2021-03-04,Introduced In House - Assigned to Judiciary,1
HB21-1188,2021,RS,House,2021-03-23,House Committee on Judiciary Refer Unamended to House Committee of the Whole,2
HB21-1188,2021,RS,House,2021-03-26,House Second Reading Passed - No Amendments,3
HB21-1188,2021,RS,House,2021-03-29,House Third Reading Passed - No Amendments,4
HB21-1188,2021,RS,Senate,2021-04-01,Introduced In Senate - Assigned to Judiciary,5
HB21-1188,2021,RS,Senate,2021-04-21,Senate Committee on Judiciary Refer Unamended to Senate Committee of the Whole,6
HB21-1188,2021,RS,Senate,2021-04-26,Senate Second Reading Passed - No Amendments,7
HB21-1188,2021,RS,Senate,2021-04-27,Senate Third Reading Passed - No Amendments,8
HB21-1188,2021,RS,Senate,2021-05-11,Signed by the President of the Senate,9
HB21-1188,2021,RS,House,2021-05-11,Signed by the Speaker of the House,10
HB21-1188,2021,RS,Governor,2021-05-11,Sent to the Governor,11
HB21-1188,2021,RS,Governor,2021-05-17,Governor Signed,12
HB21-1189,2021,RS,House,2021-03-04,Introduced In House - Assigned to Energy & Environment + Finance,1
HB21-1189,2021,RS,House,2021-03-25,House Committee on Energy & Environment Refer Amended to Finance,2
HB21-1189,2021,RS,House,2021-05-10,House Committee on Finance Refer Amended to Appropriations,3
HB21-1189,2021,RS,House,2021-05-18,House Committee on Appropriations Refer Amended to House Committee of the Whole,4
HB21-1189,2021,RS,House,2021-05-19,House Second Reading Special Order - Passed with Amendments - Committee,5
HB21-1189,2021,RS,House,2021-05-20,House Third Reading Passed - No Amendments,6
HB21-1189,2021,RS,Senate,2021-05-20,Introduced In Senate - Assigned to Finance,7
HB21-1189,2021,RS,Senate,2021-05-25,Senate Committee on Finance Refer Unamended to Appropriations,8
HB21-1189,2021,RS,Senate,2021-06-01,Senate Committee on Appropriations Refer Unamended to Senate Committee of the Whole,9
HB21-1189,2021,RS,Senate,2021-06-01,Senate Second Reading Special Order - Passed with Amendments - Floor,10
HB21-1189,2021,RS,Senate,2021-06-02,Senate Third Reading Passed - No Amendments,11
HB21-1189,2021,RS,Senate,2021-06-02,Senate Third Reading Reconsidered - No Amendments,12
HB21-1189,2021,RS,House,2021-06-04,House Considered Senate Amendments - Result was to Laid Over Daily,13
HB21-1189,2021,RS,House,2021-06-08,House Considered Senate Amendments - Result was to Concur - Repass,14
HB21-1189,2021,RS,Senate,2021-06-23,Signed by the President of the Senate,15
HB21-1189,2021,RS,House,2021-06-23,Signed by the Speaker of the House,16
HB21-1189,2021,RS,Governor,2021-06-23,Sent to the Governor,17
HB21-1189,2021,RS,Governor,2021-06-24,Governor Signed,18
HB21-1190,2021,RS,House,2021-03-04,Introduced In House - Assigned to Health & Insurance,1
HB21-1190,2021,RS,House,2021-03-23,House Committee on Health & Insurance Refer Amended to House Committee of the Whole,2
HB21-1190,2021,RS,House,2021-03-26,House Second Reading Passed with Amendments - Committee,3
HB21-1190,2021,RS,House,2021-03-29,House Third Reading Passed - No Amendments,4
HB21-1190,2021,RS,Senate,2021-04-01,Introduced In Senate - Assigned to Health & Human Services,5
HB21-1190,2021,RS,Senate,2021-04-12,Senate Committee on Health & Human Services Refer Amended - Consent Calendar to Senate Committee of the Whole,6
HB21-1190,2021,RS,Senate,2021-04-15,Senate Second Reading Passed with Amendments - Committee,7
HB21-1190,2021,RS,Senate,2021-04-16,Senate Third Reading Passed - No Amendments,8
HB21-1190,2021,RS,House,2021-04-19,House Considered Senate Amendments - Result was to Laid Over Daily,9
HB21-1190,2021,RS,House,2021-04-20,House Considered Senate Amendments - Result was to Concur - Repass,10
HB21-1190,2021,RS,Senate,2021-05-11,Signed by the President of the Senate,11
HB21-1190,2021,RS,House,2021-05-11,Signed by the Speaker of the House,12
HB21-1190,2021,RS,Governor,2021-05-11,Sent to the Governor,13
HB21-1190,2021,RS,Governor,2021-05-18,Governor Signed,14
HB21-1191,2021,RS,House,2021-03-04,Introduced In House - Assigned to Health & Insurance,1
HB21-1191,2021,RS,House,2021-05-12,House Committee on Health & Insurance Postpone Indefinitely,2
HB21-1192,2021,RS,House,2021-03-04,Introduced In House - Assigned to Education,1
HB21-1192,2021,RS,House,2021-04-07,House Committee on Education Postpone Indefinitely,2
HB21-1193,2021,RS,House,2021-03-04,Introduced In House - Assigned to Business Affairs & Labor,1
HB21-1193,2021,RS,House,2021-03-24,House Committee on Business Affairs & Labor Refer Unamended to House Committee of the Whole,2
HB21-1193,2021,RS,House,2021-03-26,House Second Reading Passed - No Amendments,3
HB21-1193,2021,RS,House,2021-03-29,House Third Reading Passed - No Amendments,4
HB21-1193,2021,RS,Senate,2021-04-01,"Introduced In Senate - Assigned to Business, Labor, & Technology",5
HB21-1193,2021,RS,Senate,2021-04-19,"Senate Committee on Business, Labor, & Technology Refer Unamended to Senate Committee of the Whole",6
HB21-1193,2021,RS,Senate,2021-04-22,Senate Second Reading Passed - No Amendments,7
HB21-1193,2021,RS,Senate,2021-04-23,Senate Third Reading Passed - No Amendments,8
HB21-1193,2021,RS,Senate,2021-05-11,Signed by the President of the Senate,9
HB21-1193,2021,RS,House,2021-05-11,Signed by the Speaker of the House,10
HB21-1193,2021,RS,Governor,2021-05-11,Sent to the Governor,11
HB21-1193,2021,RS,Governor,2021-05-17,Governor Signed,12
HB21-1194,2021,RS,House,2021-03-04,Introduced In House - Assigned to Judiciary,1
HB21-1194,2021,RS,House,2021-03-30,House Committee on Judiciary Refer Amended to Appropriations,2
HB21-1194,2021,RS,House,2021-05-07,House Committee on Appropriations Refer Amended to House Committee of the Whole,3
HB21-1194,2021,RS,House,2021-05-11,House Second Reading Special Order - Passed with Amendments - Committee,4
HB21-1194,2021,RS,House,2021-05-12,House Third Reading Passed - No Amendments,5
HB21-1194,2021,RS,Senate,2021-05-12,Introduced In Senate - Assigned to Judiciary,6
HB21-1194,2021,RS,Senate,2021-05-20,Senate Committee on Judiciary Refer Amended to Appropriations,7
HB21-1194,2021,RS,Senate,2021-06-02,Senate Committee on Appropriations Refer Unamended to Senate Committee of the Whole,8
HB21-1194,2021,RS,Senate,2021-06-02,Senate Second Reading Special Order - Passed with Amendments - Committee,9
HB21-1194,2021,RS,Senate,2021-06-03,Senate Third Reading Passed - No Amendments,10
HB21-1194,2021,RS,House,2021-06-04,House Considered Senate Amendments - Result was to Laid Over Daily,11
HB21-1194,2021,RS,House,2021-06-08,House Considered Senate Amendments - Result was to Concur - Repass,12
HB21-1194,2021,RS,Senate,2021-06-22,Signed by the President of the Senate,13
HB21-1194,2021,RS,House,2021-06-22,Signed by the Speaker of the House,14
HB21-1194,2021,RS,Governor,2021-06-22,Sent to the Governor,15
HB21-1194,2021,RS,Governor,2021-06-25,Governor Signed,16
HB21-1195,2021,RS,House,2021-03-04,Introduced In House - Assigned to Public & Behavioral Health & Human Services,1
HB21-1195,2021,RS,House,2021-03-23,House Committee on Public & Behavioral Health & Human Services Refer Amended to Finance,2
HB21-1195,2021,RS,House,2021-04-08,House Committee on Finance Refer Unamended to Appropriations,3
HB21-1195,2021,RS,House,2021-04-28,House Committee on Appropriations Refer Amended to House Committee of the Whole,4
HB21-1195,2021,RS,House,2021-04-28,House Second Reading Special Order - Passed with Amendments - Committee,5
HB21-1195,2021,RS,House,2021-04-29,House Third Reading Passed - No Amendments,6
HB21-1195,2021,RS,Senate,2021-04-30,"Introduced In Senate - Assigned to Business, Labor, & Technology",7
HB21-1195,2021,RS,Senate,2021-05-10,"Senate Committee on Business, Labor, & Technology Refer Unamended to Finance",8
HB21-1195,2021,RS,Senate,2021-05-17,Senate Committee on Finance Refer Unamended to Appropriations,9
HB21-1195,2021,RS,Senate,2021-05-26,Senate Committee on Appropriations Refer Unamended to Senate Committee of the Whole,10
HB21-1195,2021,RS,Senate,2021-05-26,Senate Second Reading Special Order - Passed - No Amendments,11
HB21-1195,2021,RS,Senate,2021-05-27,Senate Third Reading Passed - No Amendments,12
HB21-1195,2021,RS,Senate,2021-06-21,Signed by the President of the Senate,13
HB21-1195,2021,RS,House,2021-06-21,Signed by the Speaker of the House,14
HB21-1195,2021,RS,Governor,2021-06-21,Sent to the Governor,15
HB21-1195,2021,RS,Governor,2021-06-30,Governor Signed,16
HB21-1196,2021,RS,House,2021-03-04,Introduced In House - Assigned to Transportation & Local Government,1
HB21-1196,2021,RS,House,2021-05-25,House Committee on Transportation & Local Government Refer Unamended to House Committee of the Whole,2
HB21-1196,2021,RS,House,2021-06-01,House Second Reading Special Order - Passed - No Amendments,3
HB21-1196,2021,RS,House,2021-06-02,House Third Reading Passed - No Amendments,4
HB21-1196,2021,RS,Senate,2021-06-02,Introduced In Senate - Assigned to Finance,5
HB21-1196,2021,RS,Senate,2021-06-02,Senate Committee on Finance Refer Unamended - Consent Calendar to Senate Committee of the Whole,6
HB21-1196,2021,RS,Senate,2021-06-03,Senate Second Reading Special Order - Passed - No Amendments,7
HB21-1196,2021,RS,Senate,2021-06-04,Senate Third Reading Passed - No Amendments,8
HB21-1196,2021,RS,Senate,2021-06-21,Signed by the President of the Senate,9
HB21-1196,2021,RS,House,2021-06-21,Signed by the Speaker of the House,10
HB21-1196,2021,RS,Governor,2021-06-21,Sent to the Governor,11
HB21-1196,2021,RS,Governor,2021-07-02,Governor Vetoed,12
HB21-1197,2021,RS,House,2021-03-04,Introduced In House - Assigned to Finance,1
HB21-1197,2021,RS,House,2021-03-29,House Committee on Finance Postpone Indefinitely,2
HB21-1198,2021,RS,House,2021-03-04,Introduced In House - Assigned to Health & Insurance,1
HB21-1198,2021,RS,House,2021-04-21,House Committee on Health & Insurance Refer Amended to Appropriations,2
HB21-1198,2021,RS,House,2021-05-11,House Committee on Appropriations Refer Amended to House Committee of the Whole,3
HB21-1198,2021,RS,House,2021-05-11,"House Second Reading Special Order - Passed with Amendments - Committee, Floor",4
HB21-1198,2021,RS,House,2021-05-12,House Third Reading Passed - No Amendments,5
HB21-1198,2021,RS,Senate,2021-05-12,Introduced In Senate - Assigned to Health & Human Services,6
HB21-1198,2021,RS,Senate,2021-05-25,Senate Committee on Health & Human Services Refer Amended to Appropriations,7
HB21-1198,2021,RS,Senate,2021-06-03,Senate Committee on Appropriations Refer Unamended to Senate Committee of the Whole,8
HB21-1198,2021,RS,Senate,2021-06-03,Senate Second Reading Special Order - Passed with Amendments - Committee,9
HB21-1198,2021,RS,Senate,2021-06-04,Senate Third Reading Passed - No Amendments,10
HB21-1198,2021,RS,House,2021-06-04,House Considered Senate Amendments - Result was to Laid Over Daily,11
HB21-1198,2021,RS,House,2021-06-08,House Considered Senate Amendments - Result was to Concur - Repass,12
HB21-1198,2021,RS,Senate,2021-06-22,Signed by the President of the Senate,13
HB21-1198,2021,RS,House,2021-06-22,Signed by the Speaker of the House,14
HB21-1198,2021,RS,Governor,2021-06-22,Sent to the Governor,15
HB21-1198,2021,RS,Governor,2021-07-06,Governor Signed,16
HB21-1199,2021,RS,House,2021-03-04,Introduced In House - Assigned to Business Affairs & Labor,1
HB21-1199,2021,RS,House,2021-03-25,House Committee on Business Affairs & Labor Postpone Indefinitely,2
HB21-1200,2021,RS,House,2021-03-04,Introduced In House - Assigned to Education,1
HB21-1200,2021,RS,House,2021-03-25,House Committee on Education Refer Unamended to Appropriations,2
HB21-1200,2021,RS,House,2021-04-23,House Committee on Appropriations Refer Amended to House Committee of the Whole,3
HB21-1200,2021,RS,House,2021-04-23,House Second Reading Special Order - Passed with Amendments - Committee,4
HB21-1200,2021,RS,House,2021-04-26,House Third Reading Passed - No Amendments,5
HB21-1200,2021,RS,Senate,2021-04-27,Introduced In Senate - Assigned to Education,6
HB21-1200,2021,RS,Senate,2021-05-06,Senate Committee on Education Refer Unamended to Appropriations,7
HB21-1200,2021,RS,Senate,2021-05-14,Senate Committee on Appropriations Refer Unamended - Consent Calendar to Senate Committee of the Whole,8
HB21-1200,2021,RS,Senate,2021-05-18,Senate Second Reading Passed - No Amendments,9
HB21-1200,2021,RS,Senate,2021-05-19,Senate Third Reading Passed - No Amendments,10
HB21-1200,2021,RS,Senate,2021-06-08,Signed by the President of the Senate,11
HB21-1200,2021,RS,House,2021-06-08,Signed by the Speaker of the House,12
HB21-1200,2021,RS,Governor,2021-06-09,Sent to the Governor,13
HB21-1200,2021,RS,Governor,2021-06-22,Governor Signed,14
HB21-1201,2021,RS,House,2021-03-04,Introduced In House - Assigned to Judiciary,1
HB21-1201,2021,RS,House,2021-03-16,House Committee on Judiciary Refer Amended to Finance,2
HB21-1201,2021,RS,House,2021-04-08,House Committee on Finance Refer Amended to Appropriations,3
HB21-1201,2021,RS,House,2021-04-28,House Committee on Appropriations Refer Amended to House Committee of the Whole,4
HB21-1201,2021,RS,House,2021-04-28,House Second Reading Special Order - Passed with Amendments - Committee,5
HB21-1201,2021,RS,House,2021-05-03,House Third Reading Laid Over Daily - No Amendments,6
HB21-1201,2021,RS,House,2021-05-03,House Third Reading Passed - No Amendments,7
HB21-1201,2021,RS,Senate,2021-05-03,Introduced In Senate - Assigned to Finance,8
HB21-1201,2021,RS,Senate,2021-05-12,Senate Committee on Finance Refer Unamended to Appropriations,9
HB21-1201,2021,RS,Senate,2021-05-21,Senate Committee on Appropriations Refer Unamended to Senate Committee of the Whole,10
HB21-1201,2021,RS,Senate,2021-05-21,Senate Second Reading Special Order - Passed - No Amendments,11
HB21-1201,2021,RS,Senate,2021-05-24,Senate Third Reading Passed - No Amendments,12
HB21-1201,2021,RS,Senate,2021-06-21,Signed by the President of the Senate,13
HB21-1201,2021,RS,House,2021-06-21,Signed by the Speaker of the House,14
HB21-1201,2021,RS,Governor,2021-06-21,Sent to the Governor,15
HB21-1201,2021,RS,Governor,2021-06-30,Governor Signed,16
HB21-1202,2021,RS,House,2021-03-04,Introduced In House - Assigned to Health & Insurance,1
HB21-1202,2021,RS,House,2021-03-31,House Committee on Health & Insurance Postpone Indefinitely,2
HB21-1203,2021,RS,House,2021-03-04,Introduced In House - Assigned to Finance,1
HB21-1203,2021,RS,House,2021-03-22,House Committee on Finance Postpone Indefinitely,2
HB21-1204,2021,RS,House,2021-03-04,Introduced In House - Assigned to Business Affairs & Labor,1
HB21-1204,2021,RS,House,2021-03-17,House Committee on Business Affairs & Labor Refer Unamended to House Committee of the Whole,2
HB21-1204,2021,RS,House,2021-03-19,House Second Reading Passed - No Amendments,3
HB21-1204,2021,RS,House,2021-03-22,House Third Reading Passed - No Amendments,4
HB21-1204,2021,RS,Senate,2021-03-25,"Introduced In Senate - Assigned to Business, Labor, & Technology",5
HB21-1204,2021,RS,Senate,2021-04-12,"Senate Committee on Business, Labor, & Technology Refer Unamended - Consent Calendar to Senate Committee of the Whole",6
HB21-1204,2021,RS,Senate,2021-04-15,Senate Second Reading Passed - No Amendments,7
HB21-1204,2021,RS,Senate,2021-04-16,Senate Third Reading Passed - No Amendments,8
HB21-1204,2021,RS,House,2021-04-26,Signed by the Speaker of the House,9
HB21-1204,2021,RS,Senate,2021-04-26,Signed by the President of the Senate,10
HB21-1204,2021,RS,Governor,2021-04-26,Sent to the Governor,11
HB21-1204,2021,RS,Governor,2021-04-29,Governor Signed,12
HB21-1205,2021,RS,House,2021-03-04,Introduced In House - Assigned to Energy & Environment,1
HB21-1205,2021,RS,House,2021-03-24,House Committee on Energy & Environment Postpone Indefinitely,2
HB21-1206,2021,RS,House,2021-03-04,Introduced In House - Assigned to Health & Insurance,1
HB21-1206,2021,RS,House,2021-04-06,House Committee on Health & Insurance Refer Amended to Appropriations,2
HB21-1206,2021,RS,House,2021-04-23,House Committee on Appropriations Refer Amended to House Committee of the Whole,3
HB21-1206,2021,RS,House,2021-04-23,"House Second Reading Special Order - Passed with Amendments - Committee, Floor",4
HB21-1206,2021,RS,House,2021-04-26,House Third Reading Passed - No Amendments,5
HB21-1206,2021,RS,Senate,2021-04-27,Introduced In Senate - Assigned to Health & Human Services,6
HB21-1206,2021,RS,Senate,2021-05-12,Senate Committee on Health & Human Services Refer Amended to Appropriations,7
HB21-1206,2021,RS,Senate,2021-05-21,Senate Committee on Appropriations Refer Unamended - Consent Calendar to Senate Committee of the Whole,8
HB21-1206,2021,RS,Senate,2021-05-21,Senate Second Reading Special Order - Passed with Amendments - Committee,9
HB21-1206,2021,RS,Senate,2021-05-24,Senate Third Reading Passed - No Amendments,10
HB21-1206,2021,RS,House,2021-05-25,House Considered Senate Amendments - Result was to Laid Over Daily,11
HB21-1206,2021,RS,House,2021-06-07,House Considered Senate Amendments - Result was to Concur - Repass,12
HB21-1206,2021,RS,Senate,2021-06-16,Signed by the President of the Senate,13
HB21-1206,2021,RS,House,2021-06-16,Signed by the Speaker of the House,14
HB21-1206,2021,RS,Governor,2021-06-17,Sent to the Governor,15
HB21-1206,2021,RS,Governor,2021-06-29,Governor Signed,16
HB21-1207,2021,RS,House,2021-03-04,Introduced In House - Assigned to Business Affairs & Labor,1
HB21-1207,2021,RS,House,2021-04-01,House Committee on Business Affairs & Labor Refer Amended to House Committee of the Whole,2
HB21-1207,2021,RS,House,2021-04-07,"House Second Reading Passed with Amendments - Committee, Floor",3
HB21-1207,2021,RS,House,2021-04-08,House Third Reading Passed - No Amendments,4
HB21-1207,2021,RS,Senate,2021-04-09,"Introduced In Senate - Assigned to Business, Labor, & Technology",5
HB21-1207,2021,RS,Senate,2021-04-21,"Senate Committee on Business, Labor, & Technology Refer Unamended to Senate Committee of the Whole",6
HB21-1207,2021,RS,Senate,2021-04-26,Senate Second Reading Passed - No Amendments,7
HB21-1207,2021,RS,Senate,2021-04-27,Senate Third Reading Passed with Amendments - Floor,8
HB21-1207,2021,RS,House,2021-04-28,House Considered Senate Amendments - Result was to Laid Over Daily,9
HB21-1207,2021,RS,House,2021-04-29,House Considered Senate Amendments - Result was to Concur - Repass,10
HB21-1207,2021,RS,Senate,2021-05-11,Signed by the President of the Senate,11
HB21-1207,2021,RS,House,2021-05-11,Signed by the Speaker of the House,12
HB21-1207,2021,RS,Governor,2021-05-11,Sent to the Governor,13
HB21-1207,2021,RS,Governor,2021-05-17,Governor Signed,14
HB21-1208,2021,RS,House,2021-03-05,Introduced In House - Assigned to Energy & Environment + Finance,1
HB21-1208,2021,RS,House,2021-03-18,House Committee on Energy & Environment Refer Amended to Finance,2
HB21-1208,2021,RS,House,2021-04-05,House Committee on Finance Refer Amended to Appropriations,3
HB21-1208,2021,RS,House,2021-05-11,House Committee on Appropriations Refer Amended to House Committee of the Whole,4
HB21-1208,2021,RS,House,2021-05-11,House Second Reading Laid Over Daily - No Amendments,5
HB21-1208,2021,RS,House,2021-05-12,House Second Reading Passed with Amendments - Committee,6
HB21-1208,2021,RS,House,2021-05-13,House Third Reading Passed - No Amendments,7
HB21-1208,2021,RS,Senate,2021-05-13,Introduced In Senate - Assigned to Finance,8
HB21-1208,2021,RS,Senate,2021-05-24,Senate Committee on Finance Refer Amended to Appropriations,9
HB21-1208,2021,RS,Senate,2021-05-28,Senate Committee on Appropriations Refer Unamended to Senate Committee of the Whole,10
HB21-1208,2021,RS,Senate,2021-05-28,Senate Second Reading Special Order - Passed with Amendments - Committee,11
HB21-1208,2021,RS,Senate,2021-06-01,Senate Third Reading Passed - No Amendments,12
HB21-1208,2021,RS,House,2021-06-02,House Considered Senate Amendments - Result was to Laid Over Daily,13
HB21-1208,2021,RS,House,2021-06-07,House Considered Senate Amendments - Result was to Concur - Repass,14
HB21-1208,2021,RS,Senate,2021-06-16,Signed by the President of the Senate,15
HB21-1208,2021,RS,House,2021-06-16,Signed by the Speaker of the House,16
HB21-1208,2021,RS,Governor,2021-06-17,Sent to the Governor,17
HB21-1208,2021,RS,Governor,2021-07-06,Governor Signed,18
HB21-1209,2021,RS,House,2021-03-05,Introduced In House - Assigned to Judiciary,1
HB21-1209,2021,RS,House,2021-03-30,House Committee on Judiciary Refer Amended to Appropriations,2
HB21-1209,2021,RS,House,2021-05-14,House Committee on Appropriations Refer Amended to House Committee of the Whole,3
HB21-1209,2021,RS,House,2021-05-18,House Second Reading Laid Over Daily - No Amendments,4
HB21-1209,2021,RS,House,2021-05-21,House Second Reading Special Order - Laid Over Daily - No Amendments,5
HB21-1209,2021,RS,House,2021-05-22,"House Second Reading Special Order - Passed with Amendments - Committee, Floor",6
HB21-1209,2021,RS,House,2021-05-24,House Third Reading Laid Over Daily - No Amendments,7
HB21-1209,2021,RS,House,2021-05-25,House Third Reading Passed - No Amendments,8
HB21-1209,2021,RS,Senate,2021-05-25,"Introduced In Senate - Assigned to State, Veterans, & Military Affairs",9
HB21-1209,2021,RS,Senate,2021-05-26,"Senate Committee on State, Veterans, & Military Affairs Refer Unamended to Appropriations",10
HB21-1209,2021,RS,Senate,2021-06-03,Senate Committee on Appropriations Refer Unamended to Senate Committee of the Whole,11
HB21-1209,2021,RS,Senate,2021-06-03,Senate Second Reading Special Order - Passed - No Amendments,12
HB21-1209,2021,RS,Senate,2021-06-04,Senate Third Reading Passed with Amendments - Floor,13
HB21-1209,2021,RS,Senate,2021-06-07,Senate Third Reading Reconsidered - No Amendments,14
HB21-1209,2021,RS,House,2021-06-08,House Considered Senate Amendments - Result was to Concur - Repass,15
HB21-1209,2021,RS,Senate,2021-06-16,Signed by the President of the Senate,16
HB21-1209,2021,RS,House,2021-06-16,Signed by the Speaker of the House,17
HB21-1209,2021,RS,Governor,2021-06-17,Sent to the Governor,18
HB21-1209,2021,RS,Governor,2021-07-06,Governor Signed,19
HB21-1210,2021,RS,House,2021-03-05,Introduced In House - Assigned to Education,1
HB21-1210,2021,RS,House,2021-04-07,House Committee on Education Postpone Indefinitely,2
HB21-1211,2021,RS,House,2021-03-05,Introduced In House - Assigned to Judiciary,1
HB21-1211,2021,RS,House,2021-04-06,House Committee on Judiciary Refer Amended to House Committee of the Whole,2
HB21-1211,2021,RS,House,2021-04-09,"House Second Reading Passed with Amendments - Committee, Floor",3
HB21-1211,2021,RS,House,2021-04-12,House Third Reading Passed - No Amendments,4
HB21-1211,2021,RS,Senate,2021-04-15,Introduced In Senate - Assigned to Judiciary,5
HB21-1211,2021,RS,Senate,2021-05-06,Senate Committee on Judiciary Refer Amended to Senate Committee of the Whole,6
HB21-1211,2021,RS,Senate,2021-05-11,Senate Second Reading Laid Over Daily - No Amendments,7
HB21-1211,2021,RS,Senate,2021-05-12,"Senate Second Reading Passed with Amendments - Committee, Floor",8
HB21-1211,2021,RS,Senate,2021-05-13,Senate Third Reading Passed with Amendments - Floor,9
HB21-1211,2021,RS,House,2021-05-14,House Considered Senate Amendments - Result was to Laid Over Daily,10
HB21-1211,2021,RS,House,2021-05-21,House Considered Senate Amendments - Result was to Concur - Repass,11
HB21-1211,2021,RS,Senate,2021-06-21,Signed by the President of the Senate,12
HB21-1211,2021,RS,House,2021-06-21,Signed by the Speaker of the House,13
HB21-1211,2021,RS,Governor,2021-06-21,Sent to the Governor,14
HB21-1211,2021,RS,Governor,2021-06-24,Governor Signed,15
HB21-1212,2021,RS,House,2021-03-05,"Introduced In House - Assigned to State, Civic, Military, & Veterans Affairs",1
HB21-1212,2021,RS,House,2021-04-05,"House Committee on State, Civic, Military, & Veterans Affairs Refer Amended to House Committee of the Whole",2
HB21-1212,2021,RS,House,2021-04-08,House Second Reading Passed with Amendments - Committee,3
HB21-1212,2021,RS,House,2021-04-09,House Third Reading Passed - No Amendments,4
HB21-1212,2021,RS,Senate,2021-04-14,"Introduced In Senate - Assigned to State, Veterans, & Military Affairs",5
HB21-1212,2021,RS,Senate,2021-04-27,"Senate Committee on State, Veterans, & Military Affairs Refer Unamended to Senate Committee of the Whole",6
HB21-1212,2021,RS,Senate,2021-04-30,Senate Second Reading Passed - No Amendments,7
HB21-1212,2021,RS,Senate,2021-05-03,Senate Third Reading Passed - No Amendments,8
HB21-1212,2021,RS,House,2021-05-14,Signed by the Speaker of the House,9
HB21-1212,2021,RS,Senate,2021-05-14,Signed by the President of the Senate,10
HB21-1212,2021,RS,Governor,2021-05-14,Sent to the Governor,11
HB21-1212,2021,RS,Governor,2021-05-24,Governor Signed,12
HB21-1213,2021,RS,House,2021-03-05,"Introduced In House - Assigned to State, Civic, Military, & Veterans Affairs + Finance",1
HB21-1213,2021,RS,House,2021-03-22,"House Committee on State, Civic, Military, & Veterans Affairs Postpone Indefinitely",2
HB21-1214,2021,RS,House,2021-03-05,Introduced In House - Assigned to Judiciary,1
HB21-1214,2021,RS,House,2021-04-20,House Committee on Judiciary Refer Amended to Finance,2
HB21-1214,2021,RS,House,2021-04-29,House Committee on Finance Refer Unamended to Appropriations,3
HB21-1214,2021,RS,House,2021-05-07,House Committee on Appropriations Refer Amended to House Committee of the Whole,4
HB21-1214,2021,RS,House,2021-05-07,House Second Reading Laid Over Daily - No Amendments,5
HB21-1214,2021,RS,House,2021-05-10,"House Second Reading Passed with Amendments - Committee, Floor",6
HB21-1214,2021,RS,House,2021-05-11,House Third Reading Passed with Amendments - Floor,7
HB21-1214,2021,RS,Senate,2021-05-12,Introduced In Senate - Assigned to Finance,8
HB21-1214,2021,RS,Senate,2021-05-19,Senate Committee on Finance Refer Unamended to Appropriations,9
HB21-1214,2021,RS,Senate,2021-05-24,Senate Committee on Appropriations Refer Unamended to Senate Committee of the Whole,10
HB21-1214,2021,RS,Senate,2021-05-26,Senate Second Reading Passed - No Amendments,11
HB21-1214,2021,RS,Senate,2021-05-27,Senate Third Reading Passed - No Amendments,12
HB21-1214,2021,RS,Senate,2021-06-21,Signed by the President of the Senate,13
HB21-1214,2021,RS,House,2021-06-21,Signed by the Speaker of the House,14
HB21-1214,2021,RS,Governor,2021-06-21,Sent to the Governor,15
HB21-1214,2021,RS,Governor,2021-07-06,Governor Signed,16
HB21-1215,2021,RS,House,2021-03-05,Introduced In House - Assigned to Judiciary,1
HB21-1215,2021,RS,House,2021-04-28,House Committee on Judiciary Refer Amended to Appropriations,2
HB21-1215,2021,RS,House,2021-05-07,House Committee on Appropriations Refer Unamended to House Committee of the Whole,3
HB21-1215,2021,RS,House,2021-05-11,"House Second Reading Special Order - Passed with Amendments - Committee, Floor",4
HB21-1215,2021,RS,House,2021-05-12,House Third Reading Passed - No Amendments,5
HB21-1215,2021,RS,Senate,2021-05-13,Introduced In Senate - Assigned to Judiciary,6
HB21-1215,2021,RS,Senate,2021-05-20,Senate Committee on Judiciary Refer Amended to Appropriations,7
HB21-1215,2021,RS,Senate,2021-05-28,Senate Committee on Appropriations Refer Unamended to Senate Committee of the Whole,8
HB21-1215,2021,RS,Senate,2021-05-28,Senate Second Reading Special Order - Passed with Amendments - Committee,9
HB21-1215,2021,RS,Senate,2021-06-01,Senate Third Reading Passed - No Amendments,10
HB21-1215,2021,RS,House,2021-06-02,House Considered Senate Amendments - Result was to Laid Over Daily,11
HB21-1215,2021,RS,House,2021-06-07,House Considered Senate Amendments - Result was to Concur - Repass,12
HB21-1215,2021,RS,Senate,2021-06-11,Signed by the President of the Senate,13
HB21-1215,2021,RS,House,2021-06-11,Signed by the Speaker of the House,14
HB21-1215,2021,RS,Governor,2021-06-11,Sent to the Governor,15
HB21-1215,2021,RS,Governor,2021-06-17,Governor Signed,16
HB21-1216,2021,RS,House,2021-03-05,Introduced In House - Assigned to Business Affairs & Labor,1
HB21-1216,2021,RS,House,2021-03-31,House Committee on Business Affairs & Labor Refer Unamended to House Committee of the Whole,2
HB21-1216,2021,RS,House,2021-04-05,House Second Reading Passed - No Amendments,3
HB21-1216,2021,RS,House,2021-04-06,House Third Reading Passed - No Amendments,4
HB21-1216,2021,RS,Senate,2021-04-07,Introduced In Senate - Assigned to Finance,5
HB21-1216,2021,RS,Senate,2021-05-12,"Senate Committee on Finance Refer Unamended to Business, Labor, & Technology",6
HB21-1216,2021,RS,Senate,2021-05-26,"Senate Committee on Business, Labor, & Technology Refer Amended to Senate Committee of the Whole",7
HB21-1216,2021,RS,Senate,2021-05-28,Senate Second Reading Special Order - Laid Over Daily - No Amendments,8
HB21-1216,2021,RS,Senate,2021-06-01,Senate Second Reading Laid Over Daily - No Amendments,9
HB21-1216,2021,RS,Senate,2021-06-03,Senate Second Reading Passed with Amendments - Floor,10
HB21-1216,2021,RS,Senate,2021-06-04,Senate Third Reading Passed - No Amendments,11
HB21-1216,2021,RS,Senate,2021-06-04,Senate Third Reading Reconsidered - No Amendments,12
HB21-1216,2021,RS,Senate,2021-06-04,Senate Third Reading Passed with Amendments - Floor,13
HB21-1216,2021,RS,House,2021-06-07,House Considered Senate Amendments - Result was to Laid Over Daily,14
HB21-1216,2021,RS,House,2021-06-08,House Considered Senate Amendments - Result was to Concur - Repass,15
HB21-1216,2021,RS,Senate,2021-06-22,Signed by the President of the Senate,16
HB21-1216,2021,RS,House,2021-06-22,Signed by the Speaker of the House,17
HB21-1216,2021,RS,Governor,2021-06-22,Sent to the Governor,18
HB21-1216,2021,RS,Governor,2021-06-23,Governor Signed,19
HB21-1217,2021,RS,House,2021-03-05,Introduced In House - Assigned to Education,1
HB21-1217,2021,RS,House,2021-04-08,House Committee on Education Refer Amended to House Committee of the Whole,2
HB21-1217,2021,RS,House,2021-04-13,House Second Reading Laid Over Daily - No Amendments,3
HB21-1217,2021,RS,House,2021-04-15,House Second Reading Passed with Amendments - Committee,4
HB21-1217,2021,RS,House,2021-04-16,House Third Reading Laid Over Daily - No Amendments,5
HB21-1217,2021,RS,House,2021-04-19,House Third Reading Passed - No Amendments,6
HB21-1217,2021,RS,Senate,2021-04-20,Introduced In Senate - Assigned to Education,7
HB21-1217,2021,RS,Senate,2021-04-29,Senate Committee on Education Refer Amended - Consent Calendar to Senate Committee of the Whole,8
HB21-1217,2021,RS,Senate,2021-05-04,"Senate Second Reading Passed with Amendments - Committee, Floor",9
HB21-1217,2021,RS,Senate,2021-05-05,Senate Third Reading Passed - No Amendments,10
HB21-1217,2021,RS,House,2021-05-06,House Considered Senate Amendments - Result was to Laid Over Daily,11
HB21-1217,2021,RS,House,2021-05-07,House Considered Senate Amendments - Result was to Concur - Repass,12
HB21-1217,2021,RS,House,2021-05-19,Signed by the Speaker of the House,13
HB21-1217,2021,RS,Senate,2021-05-19,Signed by the President of the Senate,14
HB21-1217,2021,RS,Governor,2021-05-21,Sent to the Governor,15
HB21-1217,2021,RS,Governor,2021-05-28,Governor Signed,16
HB21-1218,2021,RS,House,2021-03-11,Introduced In House - Assigned to Finance,1
HB21-1218,2021,RS,House,2021-03-29,House Committee on Finance Refer Unamended to House Committee of the Whole,2
HB21-1218,2021,RS,House,2021-04-01,House Second Reading Passed - No Amendments,3
HB21-1218,2021,RS,House,2021-04-05,House Third Reading Passed - No Amendments,4
HB21-1218,2021,RS,Senate,2021-04-06,Introduced In Senate - Assigned to Finance,5
HB21-1218,2021,RS,Senate,2021-04-14,Senate Committee on Finance Refer Unamended - Consent Calendar to Senate Committee of the Whole,6
HB21-1218,2021,RS,Senate,2021-04-19,Senate Second Reading Passed - No Amendments,7
HB21-1218,2021,RS,Senate,2021-04-20,Senate Third Reading Passed - No Amendments,8
HB21-1218,2021,RS,House,2021-04-27,Signed by the Speaker of the House,9
HB21-1218,2021,RS,Senate,2021-04-27,Signed by the President of the Senate,10
HB21-1218,2021,RS,Governor,2021-04-28,Sent to the Governor,11
HB21-1218,2021,RS,Governor,2021-05-07,Governor Signed,12
HB21-1219,2021,RS,House,2021-03-11,Introduced In House - Assigned to Finance,1
HB21-1219,2021,RS,House,2021-04-05,House Committee on Finance Refer Unamended to Appropriations,2
HB21-1219,2021,RS,House,2021-04-13,House Committee on Appropriations Refer Amended to House Committee of the Whole,3
HB21-1219,2021,RS,House,2021-04-15,House Second Reading Laid Over Daily - No Amendments,4
HB21-1219,2021,RS,House,2021-04-20,"House Second Reading Passed with Amendments - Committee, Floor",5
HB21-1219,2021,RS,House,2021-04-21,House Third Reading Passed - No Amendments,6
HB21-1219,2021,RS,Senate,2021-04-22,Introduced In Senate - Assigned to Finance,7
HB21-1219,2021,RS,Senate,2021-05-05,Senate Committee on Finance Refer Amended to Appropriations,8
HB21-1219,2021,RS,Senate,2021-05-14,Senate Committee on Appropriations Refer Unamended to Senate Committee of the Whole,9
HB21-1219,2021,RS,Senate,2021-05-18,Senate Second Reading Passed with Amendments - Committee,10
HB21-1219,2021,RS,Senate,2021-05-19,Senate Third Reading Passed - No Amendments,11
HB21-1219,2021,RS,House,2021-05-20,House Considered Senate Amendments - Result was to Laid Over Daily,12
HB21-1219,2021,RS,House,2021-05-21,House Considered Senate Amendments - Result was to Concur - Repass,13
HB21-1219,2021,RS,Senate,2021-06-14,Signed by the President of the Senate,14
HB21-1219,2021,RS,House,2021-06-14,Signed by the Speaker of the House,15
HB21-1219,2021,RS,Governor,2021-06-15,Sent to the Governor,16
HB21-1219,2021,RS,Governor,2021-06-18,Governor Signed,17
HB21-1220,2021,RS,House,2021-03-11,Introduced In House - Assigned to Public & Behavioral Health & Human Services,1
HB21-1220,2021,RS,House,2021-04-06,House Committee on Public & Behavioral Health & Human Services Refer Amended to House Committee of the Whole,2
HB21-1220,2021,RS,House,2021-04-09,House Second Reading Passed with Amendments - Committee,3
HB21-1220,2021,RS,House,2021-04-12,House Third Reading Passed - No Amendments,4
HB21-1220,2021,RS,Senate,2021-04-15,Introduced In Senate - Assigned to Health & Human Services,5
HB21-1220,2021,RS,Senate,2021-04-21,Senate Committee on Health & Human Services Refer Unamended to Senate Committee of the Whole,6
HB21-1220,2021,RS,Senate,2021-04-26,Senate Second Reading Passed with Amendments - Floor,7
HB21-1220,2021,RS,Senate,2021-04-27,Senate Third Reading Passed - No Amendments,8
HB21-1220,2021,RS,House,2021-04-28,House Considered Senate Amendments - Result was to Laid Over Daily,9
HB21-1220,2021,RS,House,2021-04-29,House Considered Senate Amendments - Result was to Concur - Repass,10
HB21-1220,2021,RS,House,2021-05-27,Signed by the Speaker of the House,11
HB21-1220,2021,RS,Senate,2021-05-28,Signed by the President of the Senate,12
HB21-1220,2021,RS,Governor,2021-05-28,Sent to the Governor,13
HB21-1220,2021,RS,Governor,2021-06-07,Governor Signed,14
HB21-1221,2021,RS,House,2021-03-11,Introduced In House - Assigned to Education,1
HB21-1221,2021,RS,House,2021-04-22,House Committee on Education Refer Amended to House Committee of the Whole,2
HB21-1221,2021,RS,House,2021-04-26,House Second Reading Special Order - Passed with Amendments - Committee,3
HB21-1221,2021,RS,House,2021-04-27,House Third Reading Passed - No Amendments,4
HB21-1221,2021,RS,Senate,2021-04-28,Introduced In Senate - Assigned to Education,5
HB21-1221,2021,RS,Senate,2021-05-06,Senate Committee on Education Refer Unamended - Consent Calendar to Senate Committee of the Whole,6
HB21-1221,2021,RS,Senate,2021-05-11,Senate Second Reading Passed - No Amendments,7
HB21-1221,2021,RS,Senate,2021-05-12,Senate Third Reading Passed - No Amendments,8
HB21-1221,2021,RS,House,2021-05-27,Signed by the Speaker of the House,9
HB21-1221,2021,RS,Senate,2021-05-28,Signed by the President of the Senate,10
HB21-1221,2021,RS,Governor,2021-05-28,Sent to the Governor,11
HB21-1221,2021,RS,Governor,2021-06-07,Governor Signed,12
HB21-1222,2021,RS,House,2021-03-17,Introduced In House - Assigned to Public & Behavioral Health & Human Services,1
HB21-1222,2021,RS,House,2021-03-30,House Committee on Public & Behavioral Health & Human Services Refer Unamended to House Committee of the Whole,2
HB21-1222,2021,RS,House,2021-04-05,House Second Reading Passed with Amendments - Floor,3
HB21-1222,2021,RS,House,2021-04-06,House Third Reading Passed - No Amendments,4
HB21-1222,2021,RS,Senate,2021-04-07,"Introduced In Senate - Assigned to State, Veterans, & Military Affairs",5
HB21-1222,2021,RS,Senate,2021-04-27,"Senate Committee on State, Veterans, & Military Affairs Refer Amended - Consent Calendar to Senate Committee of the Whole",6
HB21-1222,2021,RS,Senate,2021-04-30,Senate Second Reading Passed with Amendments - Committee,7
HB21-1222,2021,RS,Senate,2021-05-03,Senate Third Reading Passed - No Amendments,8
HB21-1222,2021,RS,House,2021-05-04,House Considered Senate Amendments - Result was to Laid Over Daily,9
HB21-1222,2021,RS,House,2021-05-07,House Considered Senate Amendments - Result was to Concur - Repass,10
HB21-1222,2021,RS,House,2021-05-27,Signed by the Speaker of the House,11
HB21-1222,2021,RS,Senate,2021-05-28,Signed by the President of the Senate,12
HB21-1222,2021,RS,Governor,2021-05-28,Sent to the Governor,13
HB21-1222,2021,RS,Governor,2021-06-07,Governor Signed,14
HB21-1223,2021,RS,House,2021-03-18,"Introduced In House - Assigned to Agriculture, Livestock, & Water",1
HB21-1223,2021,RS,House,2021-03-29,"House Committee on Agriculture, Livestock, & Water Refer Unamended to House Committee of the Whole",2
HB21-1223,2021,RS,House,2021-04-01,House Second Reading Passed - No Amendments,3
HB21-1223,2021,RS,House,2021-04-05,House Third Reading Passed - No Amendments,4
HB21-1223,2021,RS,Senate,2021-04-06,Introduced In Senate - Assigned to Agriculture & Natural Resources,5
HB21-1223,2021,RS,Senate,2021-04-22,Senate Committee on Agriculture & Natural Resources Refer Unamended - Consent Calendar to Senate Committee of the Whole,6
HB21-1223,2021,RS,Senate,2021-04-27,Senate Second Reading Passed - No Amendments,7
HB21-1223,2021,RS,Senate,2021-04-28,Senate Third Reading Passed - No Amendments,8
HB21-1223,2021,RS,Senate,2021-05-11,Signed by the President of the Senate,9
HB21-1223,2021,RS,House,2021-05-11,Signed by the Speaker of the House,10
HB21-1223,2021,RS,Governor,2021-05-11,Sent to the Governor,11
HB21-1223,2021,RS,Governor,2021-05-20,Governor Signed,12
HB21-1224,2021,RS,House,2021-03-18,Introduced In House - Assigned to Business Affairs & Labor,1
HB21-1224,2021,RS,House,2021-04-01,House Committee on Business Affairs & Labor Refer Amended to House Committee of the Whole,2
HB21-1224,2021,RS,House,2021-04-07,House Second Reading Passed with Amendments - Committee,3
HB21-1224,2021,RS,House,2021-04-08,House Third Reading Passed - No Amendments,4
HB21-1224,2021,RS,Senate,2021-04-09,"Introduced In Senate - Assigned to Business, Labor, & Technology",5
HB21-1224,2021,RS,Senate,2021-04-19,"Senate Committee on Business, Labor, & Technology Refer Amended - Consent Calendar to Senate Committee of the Whole",6
HB21-1224,2021,RS,Senate,2021-04-22,Senate Second Reading Passed with Amendments - Committee,7
HB21-1224,2021,RS,Senate,2021-04-23,Senate Third Reading Passed - No Amendments,8
HB21-1224,2021,RS,House,2021-04-26,House Considered Senate Amendments - Result was to Laid Over Daily,9
HB21-1224,2021,RS,House,2021-04-29,House Considered Senate Amendments - Result was to Concur - Repass,10
HB21-1224,2021,RS,House,2021-05-19,Signed by the Speaker of the House,11
HB21-1224,2021,RS,Senate,2021-05-19,Signed by the President of the Senate,12
HB21-1224,2021,RS,Governor,2021-05-21,Sent to the Governor,13
HB21-1224,2021,RS,Governor,2021-05-28,Governor Signed,14
HB21-1225,2021,RS,House,2021-03-18,Introduced In House - Assigned to Transportation & Local Government,1
HB21-1225,2021,RS,House,2021-03-30,House Committee on Transportation & Local Government Refer Unamended to Appropriations,2
HB21-1225,2021,RS,House,2021-04-28,House Committee on Appropriations Refer Unamended to House Committee of the Whole,3
HB21-1225,2021,RS,House,2021-04-28,House Second Reading Special Order - Passed - No Amendments,4
HB21-1225,2021,RS,House,2021-04-29,House Third Reading Passed - No Amendments,5
HB21-1225,2021,RS,Senate,2021-05-03,Introduced In Senate - Assigned to Local Government,6
HB21-1225,2021,RS,Senate,2021-05-11,Senate Committee on Local Government Refer Unamended to Appropriations,7
HB21-1225,2021,RS,Senate,2021-05-19,Senate Committee on Appropriations Refer Unamended - Consent Calendar to Senate Committee of the Whole,8
HB21-1225,2021,RS,Senate,2021-05-20,Senate Second Reading Special Order - Passed - No Amendments,9
HB21-1225,2021,RS,Senate,2021-05-21,Senate Third Reading Passed - No Amendments,10
HB21-1225,2021,RS,Senate,2021-06-08,Signed by the President of the Senate,11
HB21-1225,2021,RS,House,2021-06-08,Signed by the Speaker of the House,12
HB21-1225,2021,RS,Governor,2021-06-09,Sent to the Governor,13
HB21-1225,2021,RS,Governor,2021-06-22,Governor Signed,14
HB21-1226,2021,RS,House,2021-03-18,"Introduced In House - Assigned to Agriculture, Livestock, & Water",1
HB21-1226,2021,RS,House,2021-04-01,"House Committee on Agriculture, Livestock, & Water Witness Testimony and/or Committee Discussion Only",2
HB21-1226,2021,RS,House,2021-04-08,"House Committee on Agriculture, Livestock, & Water Refer Amended to House Committee of the Whole",3
HB21-1226,2021,RS,House,2021-04-13,House Second Reading Laid Over Daily - No Amendments,4
HB21-1226,2021,RS,House,2021-04-15,House Second Reading Passed with Amendments - Committee,5
HB21-1226,2021,RS,House,2021-04-16,House Third Reading Laid Over Daily - No Amendments,6
HB21-1226,2021,RS,House,2021-04-19,House Third Reading Passed - No Amendments,7
HB21-1226,2021,RS,Senate,2021-04-20,Introduced In Senate - Assigned to Agriculture & Natural Resources,8
HB21-1226,2021,RS,Senate,2021-04-29,Senate Committee on Agriculture & Natural Resources Refer Unamended - Consent Calendar to Senate Committee of the Whole,9
HB21-1226,2021,RS,Senate,2021-05-04,Senate Second Reading Passed - No Amendments,10
HB21-1226,2021,RS,Senate,2021-05-05,Senate Third Reading Passed - No Amendments,11
HB21-1226,2021,RS,Senate,2021-05-11,Signed by the President of the Senate,12
HB21-1226,2021,RS,House,2021-05-11,Signed by the Speaker of the House,13
HB21-1226,2021,RS,Governor,2021-05-11,Sent to the Governor,14
HB21-1226,2021,RS,Governor,2021-05-20,Governor Signed,15
HB21-1227,2021,RS,House,2021-03-18,Introduced In House - Assigned to Health & Insurance,1
HB21-1227,2021,RS,House,2021-04-06,House Committee on Health & Insurance Refer Unamended to House Committee of the Whole,2
HB21-1227,2021,RS,House,2021-04-09,House Second Reading Passed - No Amendments,3
HB21-1227,2021,RS,House,2021-04-12,House Third Reading Passed - No Amendments,4
HB21-1227,2021,RS,Senate,2021-04-14,Introduced In Senate - Assigned to Finance,5
HB21-1227,2021,RS,Senate,2021-04-28,Senate Committee on Finance Refer Amended - Consent Calendar to Senate Committee of the Whole,6
HB21-1227,2021,RS,Senate,2021-05-03,Senate Second Reading Passed with Amendments - Committee,7
HB21-1227,2021,RS,Senate,2021-05-04,Senate Third Reading Passed - No Amendments,8
HB21-1227,2021,RS,House,2021-05-05,House Considered Senate Amendments - Result was to Laid Over Daily,9
HB21-1227,2021,RS,House,2021-05-07,House Considered Senate Amendments - Result was to Concur - Repass,10
HB21-1227,2021,RS,House,2021-05-19,Signed by the Speaker of the House,11
HB21-1227,2021,RS,Senate,2021-05-19,Signed by the President of the Senate,12
HB21-1227,2021,RS,Governor,2021-05-21,Sent to the Governor,13
HB21-1227,2021,RS,Governor,2021-05-27,Governor Signed,14
HB21-1228,2021,RS,House,2021-03-18,Introduced In House - Assigned to Public & Behavioral Health & Human Services,1
HB21-1228,2021,RS,House,2021-04-06,House Committee on Public & Behavioral Health & Human Services Refer Amended to Appropriations,2
HB21-1228,2021,RS,House,2021-05-07,House Committee on Appropriations Refer Amended to House Committee of the Whole,3
HB21-1228,2021,RS,House,2021-05-07,"House Second Reading Special Order - Passed with Amendments - Committee, Floor",4
HB21-1228,2021,RS,House,2021-05-10,House Third Reading Passed - No Amendments,5
HB21-1228,2021,RS,Senate,2021-05-10,Introduced In Senate - Assigned to Judiciary,6
HB21-1228,2021,RS,Senate,2021-05-19,Senate Committee on Judiciary Refer Unamended to Appropriations,7
HB21-1228,2021,RS,Senate,2021-05-26,Senate Committee on Appropriations Refer Unamended to Senate Committee of the Whole,8
HB21-1228,2021,RS,Senate,2021-05-26,Senate Second Reading Special Order - Passed - No Amendments,9
HB21-1228,2021,RS,Senate,2021-05-27,Senate Third Reading Passed with Amendments - Floor,10
HB21-1228,2021,RS,House,2021-06-01,House Considered Senate Amendments - Result was to Laid Over Daily,11
HB21-1228,2021,RS,House,2021-06-07,House Considered Senate Amendments - Result was to Concur - Repass,12
HB21-1228,2021,RS,Senate,2021-06-21,Signed by the President of the Senate,13
HB21-1228,2021,RS,House,2021-06-21,Signed by the Speaker of the House,14
HB21-1228,2021,RS,Governor,2021-06-21,Sent to the Governor,15
HB21-1228,2021,RS,Governor,2021-06-22,Governor Signed,16
HB21-1229,2021,RS,House,2021-03-18,Introduced In House - Assigned to Business Affairs & Labor,1
HB21-1229,2021,RS,House,2021-04-29,House Committee on Business Affairs & Labor Witness Testimony and/or Committee Discussion Only,2
HB21-1229,2021,RS,House,2021-05-20,House Committee on Business Affairs & Labor Refer Amended to Finance,3
HB21-1229,2021,RS,House,2021-05-22,House Committee on Finance Refer Amended to House Committee of the Whole,4
HB21-1229,2021,RS,House,2021-05-25,"House Second Reading Special Order - Passed with Amendments - Committee, Floor",5
HB21-1229,2021,RS,House,2021-05-26,House Third Reading Passed - No Amendments,6
HB21-1229,2021,RS,Senate,2021-05-26,"Introduced In Senate - Assigned to State, Veterans, & Military Affairs",7
HB21-1229,2021,RS,Senate,2021-05-27,"Senate Committee on State, Veterans, & Military Affairs Refer Amended to Senate Committee of the Whole",8
HB21-1229,2021,RS,Senate,2021-05-28,Senate Second Reading Special Order - Passed with Amendments - Committee,9
HB21-1229,2021,RS,Senate,2021-06-01,Senate Third Reading Passed - No Amendments,10
HB21-1229,2021,RS,House,2021-06-02,House Considered Senate Amendments - Result was to Laid Over Daily,11
HB21-1229,2021,RS,House,2021-06-07,House Considered Senate Amendments - Result was to Concur - Repass,12
HB21-1229,2021,RS,Senate,2021-06-23,Signed by the President of the Senate,13
HB21-1229,2021,RS,House,2021-06-23,Signed by the Speaker of the House,14
HB21-1229,2021,RS,Governor,2021-06-23,Sent to the Governor,15
HB21-1229,2021,RS,Governor,2021-07-02,Governor Signed,16
HB21-1230,2021,RS,House,2021-03-18,"Introduced In House - Assigned to State, Civic, Military, & Veterans Affairs",1
HB21-1230,2021,RS,House,2021-04-26,"House Committee on State, Civic, Military, & Veterans Affairs Refer Amended to Appropriations",2
HB21-1230,2021,RS,House,2021-05-21,House Committee on Appropriations Refer Amended to House Committee of the Whole,3
HB21-1230,2021,RS,House,2021-05-21,"House Second Reading Special Order - Passed with Amendments - Committee, Floor",4
HB21-1230,2021,RS,House,2021-05-22,House Third Reading Passed - No Amendments,5
HB21-1230,2021,RS,Senate,2021-05-24,"Introduced In Senate - Assigned to State, Veterans, & Military Affairs",6
HB21-1230,2021,RS,Senate,2021-05-26,"Senate Committee on State, Veterans, & Military Affairs Refer Unamended to Appropriations",7
HB21-1230,2021,RS,Senate,2021-06-03,Senate Committee on Appropriations Refer Unamended - Consent Calendar to Senate Committee of the Whole,8
HB21-1230,2021,RS,Senate,2021-06-03,Senate Second Reading Special Order - Passed - No Amendments,9
HB21-1230,2021,RS,Senate,2021-06-04,Senate Third Reading Passed - No Amendments,10
HB21-1230,2021,RS,Senate,2021-06-22,Signed by the President of the Senate,11
HB21-1230,2021,RS,House,2021-06-22,Signed by the Speaker of the House,12
HB21-1230,2021,RS,Governor,2021-06-22,Sent to the Governor,13
HB21-1230,2021,RS,Governor,2021-07-06,Governor Signed,14
HB21-1231,2021,RS,House,2021-03-18,"Introduced In House - Assigned to State, Civic, Military, & Veterans Affairs",1
HB21-1231,2021,RS,House,2021-04-05,"House Committee on State, Civic, Military, & Veterans Affairs Refer Unamended to House Committee of the Whole",2
HB21-1231,2021,RS,House,2021-04-08,House Second Reading Passed - No Amendments,3
HB21-1231,2021,RS,House,2021-04-09,House Third Reading Passed - No Amendments,4
HB21-1231,2021,RS,Senate,2021-04-14,"Introduced In Senate - Assigned to State, Veterans, & Military Affairs",5
HB21-1231,2021,RS,Senate,2021-04-27,"Senate Committee on State, Veterans, & Military Affairs Refer Unamended - Consent Calendar to Senate Committee of the Whole",6
HB21-1231,2021,RS,Senate,2021-04-30,Senate Second Reading Passed - No Amendments,7
HB21-1231,2021,RS,Senate,2021-05-03,Senate Third Reading Passed - No Amendments,8
HB21-1231,2021,RS,House,2021-05-19,Signed by the Speaker of the House,9
HB21-1231,2021,RS,Senate,2021-05-19,Signed by the President of the Senate,10
HB21-1231,2021,RS,Governor,2021-05-21,Sent to the Governor,11
HB21-1231,2021,RS,Governor,2021-05-28,Governor Signed,12
HB21-1232,2021,RS,House,2021-03-18,Introduced In House - Assigned to Health & Insurance,1
HB21-1232,2021,RS,House,2021-04-27,House Committee on Health & Insurance Refer Amended to Appropriations,2
HB21-1232,2021,RS,House,2021-05-04,House Committee on Appropriations Refer Amended to House Committee of the Whole,3
HB21-1232,2021,RS,House,2021-05-06,House Second Reading Laid Over Daily - No Amendments,4
HB21-1232,2021,RS,House,2021-05-07,"House Second Reading Passed with Amendments - Committee, Floor",5
HB21-1232,2021,RS,House,2021-05-10,House Third Reading Passed - No Amendments,6
HB21-1232,2021,RS,Senate,2021-05-11,Introduced In Senate - Assigned to Health & Human Services,7
HB21-1232,2021,RS,Senate,2021-05-17,Senate Committee on Health & Human Services Witness Testimony and/or Committee Discussion Only,8
HB21-1232,2021,RS,Senate,2021-05-19,Senate Committee on Health & Human Services Refer Amended to Appropriations,9
HB21-1232,2021,RS,Senate,2021-05-21,Senate Committee on Appropriations Refer Unamended to Senate Committee of the Whole,10
HB21-1232,2021,RS,Senate,2021-05-25,"Senate Second Reading Passed with Amendments - Committee, Floor",11
HB21-1232,2021,RS,Senate,2021-05-26,Senate Third Reading Passed - No Amendments,12
HB21-1232,2021,RS,House,2021-05-27,House Considered Senate Amendments - Result was to Laid Over Daily,13
HB21-1232,2021,RS,House,2021-06-07,House Considered Senate Amendments - Result was to Concur - Repass,14
HB21-1232,2021,RS,Senate,2021-06-14,Signed by the President of the Senate,15
HB21-1232,2021,RS,House,2021-06-14,Signed by the Speaker of the House,16
HB21-1232,2021,RS,Governor,2021-06-15,Sent to the Governor,17
HB21-1232,2021,RS,Governor,2021-06-16,Governor Signed,18
HB21-1233,2021,RS,House,2021-03-19,"Introduced In House - Assigned to Agriculture, Livestock, & Water",1
HB21-1233,2021,RS,House,2021-04-05,"House Committee on Agriculture, Livestock, & Water Refer Unamended to Finance",2
HB21-1233,2021,RS,House,2021-04-22,House Committee on Finance Refer Amended to Appropriations,3
HB21-1233,2021,RS,House,2021-05-14,House Committee on Appropriations Refer Amended to House Committee of the Whole,4
HB21-1233,2021,RS,House,2021-05-18,House Second Reading Laid Over Daily - No Amendments,5
HB21-1233,2021,RS,House,2021-05-19,House Second Reading Special Order - Passed with Amendments - Committee,6
HB21-1233,2021,RS,House,2021-05-20,House Third Reading Passed - No Amendments,7
HB21-1233,2021,RS,Senate,2021-05-20,Introduced In Senate - Assigned to Finance,8
HB21-1233,2021,RS,Senate,2021-05-25,Senate Committee on Finance Refer Unamended to Appropriations,9
HB21-1233,2021,RS,Senate,2021-06-03,Senate Committee on Appropriations Refer Unamended to Senate Committee of the Whole,10
HB21-1233,2021,RS,Senate,2021-06-03,Senate Second Reading Special Order - Passed - No Amendments,11
HB21-1233,2021,RS,Senate,2021-06-04,Senate Third Reading Laid Over to 06/07/2021 - No Amendments,12
HB21-1233,2021,RS,Senate,2021-06-07,Senate Third Reading Passed - No Amendments,13
HB21-1233,2021,RS,Senate,2021-06-22,Signed by the President of the Senate,14
HB21-1233,2021,RS,House,2021-06-22,Signed by the Speaker of the House,15
HB21-1233,2021,RS,Governor,2021-06-22,Sent to the Governor,16
HB21-1233,2021,RS,Governor,2021-06-30,Governor Signed,17
HB21-1234,2021,RS,House,2021-03-19,Introduced In House - Assigned to Education,1
HB21-1234,2021,RS,House,2021-04-08,House Committee on Education Refer Amended to Appropriations,2
HB21-1234,2021,RS,House,2021-05-04,House Committee on Appropriations Refer Amended to House Committee of the Whole,3
HB21-1234,2021,RS,House,2021-05-04,House Second Reading Special Order - Passed with Amendments - Committee,4
HB21-1234,2021,RS,House,2021-05-05,House Third Reading Passed - No Amendments,5
HB21-1234,2021,RS,Senate,2021-05-06,Introduced In Senate - Assigned to Education,6
HB21-1234,2021,RS,Senate,2021-05-13,Senate Committee on Education Refer Unamended to Appropriations,7
HB21-1234,2021,RS,Senate,2021-06-02,Senate Committee on Appropriations Refer Unamended - Consent Calendar to Senate Committee of the Whole,8
HB21-1234,2021,RS,Senate,2021-06-02,Senate Second Reading Special Order - Passed - No Amendments,9
HB21-1234,2021,RS,Senate,2021-06-03,Senate Third Reading Passed - No Amendments,10
HB21-1234,2021,RS,Senate,2021-06-11,Signed by the President of the Senate,11
HB21-1234,2021,RS,House,2021-06-11,Signed by the Speaker of the House,12
HB21-1234,2021,RS,Governor,2021-06-11,Sent to the Governor,13
HB21-1234,2021,RS,Governor,2021-06-16,Governor Signed,14
HB21-1235,2021,RS,House,2021-03-19,Introduced In House - Assigned to Transportation & Local Government,1
HB21-1235,2021,RS,House,2021-03-31,House Committee on Transportation & Local Government Refer Unamended to House Committee of the Whole,2
HB21-1235,2021,RS,House,2021-04-06,House Second Reading Laid Over Daily - No Amendments,3
HB21-1235,2021,RS,House,2021-04-07,House Second Reading Passed - No Amendments,4
HB21-1235,2021,RS,House,2021-04-08,House Third Reading Passed - No Amendments,5
HB21-1235,2021,RS,Senate,2021-04-09,"Introduced In Senate - Assigned to Business, Labor, & Technology",6
HB21-1235,2021,RS,Senate,2021-04-28,"Senate Committee on Business, Labor, & Technology Refer Amended to Senate Committee of the Whole",7
HB21-1235,2021,RS,Senate,2021-05-03,Senate Second Reading Laid Over to 05/05/2021 - No Amendments,8
HB21-1235,2021,RS,Senate,2021-05-05,Senate Second Reading Laid Over to 05/10/2021 - No Amendments,9
HB21-1235,2021,RS,Senate,2021-05-10,Senate Second Reading Passed with Amendments - Committee,10
HB21-1235,2021,RS,Senate,2021-05-11,Senate Third Reading Passed - No Amendments,11
HB21-1235,2021,RS,House,2021-05-12,House Considered Senate Amendments - Result was to Laid Over Daily,12
HB21-1235,2021,RS,House,2021-05-21,House Considered Senate Amendments - Result was to Concur - Repass,13
HB21-1235,2021,RS,House,2021-06-14,Signed by the Speaker of the House,14
HB21-1235,2021,RS,Senate,2021-06-14,Signed by the President of the Senate,15
HB21-1235,2021,RS,Governor,2021-06-14,Sent to the Governor,16
HB21-1235,2021,RS,Governor,2021-06-30,Governor Signed,17
HB21-1236,2021,RS,House,2021-03-22,"Introduced In House - Assigned to State, Civic, Military, & Veterans Affairs",1
HB21-1236,2021,RS,House,2021-04-01,"House Committee on State, Civic, Military, & Veterans Affairs Refer Amended to House Committee of the Whole",2
HB21-1236,2021,RS,House,2021-04-06,House Second Reading Passed with Amendments - Committee,3
HB21-1236,2021,RS,House,2021-04-07,House Third Reading Laid Over Daily - No Amendments,4
HB21-1236,2021,RS,House,2021-04-08,House Second Reading Passed - No Amendments,5
HB21-1236,2021,RS,Senate,2021-04-13,"Introduced In Senate - Assigned to State, Veterans, & Military Affairs",6
HB21-1236,2021,RS,Senate,2021-04-27,"Senate Committee on State, Veterans, & Military Affairs Refer Unamended - Consent Calendar to Senate Committee of the Whole",7
HB21-1236,2021,RS,Senate,2021-04-30,Senate Second Reading Passed - No Amendments,8
HB21-1236,2021,RS,Senate,2021-05-03,Senate Third Reading Passed - No Amendments,9
HB21-1236,2021,RS,House,2021-05-27,Signed by the Speaker of the House,10
HB21-1236,2021,RS,Senate,2021-05-28,Signed by the President of the Senate,11
HB21-1236,2021,RS,Governor,2021-05-28,Sent to the Governor,12
HB21-1236,2021,RS,Governor,2021-06-07,Governor Signed,13
HB21-1237,2021,RS,House,2021-03-22,Introduced In House - Assigned to Health & Insurance,1
HB21-1237,2021,RS,House,2021-04-21,House Committee on Health & Insurance Refer Amended to House Committee of the Whole,2
HB21-1237,2021,RS,House,2021-04-26,House Second Reading Laid Over Daily - No Amendments,3
HB21-1237,2021,RS,House,2021-05-03,House Second Reading Passed with Amendments - Committee,4
HB21-1237,2021,RS,House,2021-05-04,House Third Reading Passed - No Amendments,5
HB21-1237,2021,RS,Senate,2021-05-05,Introduced In Senate - Assigned to Health & Human Services,6
HB21-1237,2021,RS,Senate,2021-05-12,Senate Committee on Health & Human Services Refer Unamended - Consent Calendar to Senate Committee of the Whole,7
HB21-1237,2021,RS,Senate,2021-05-17,Senate Second Reading Passed - No Amendments,8
HB21-1237,2021,RS,Senate,2021-05-18,Senate Third Reading Passed - No Amendments,9
HB21-1237,2021,RS,House,2021-05-27,Signed by the Speaker of the House,10
HB21-1237,2021,RS,Senate,2021-05-28,Signed by the President of the Senate,11
HB21-1237,2021,RS,Governor,2021-05-28,Sent to the Governor,12
HB21-1237,2021,RS,Governor,2021-06-07,Governor Signed,13
HB21-1238,2021,RS,House,2021-03-22,Introduced In House - Assigned to Energy & Environment,1
HB21-1238,2021,RS,House,2021-04-08,House Committee on Energy & Environment Witness Testimony and/or Committee Discussion Only,2
HB21-1238,2021,RS,House,2021-04-29,House Committee on Energy & Environment Refer Amended to House Committee of the Whole,3
HB21-1238,2021,RS,House,2021-05-04,House Second Reading Special Order - Passed with Amendments - Committee,4
HB21-1238,2021,RS,House,2021-05-05,House Third Reading Passed - No Amendments,5
HB21-1238,2021,RS,Senate,2021-05-10,Introduced In Senate - Assigned to Transportation & Energy,6
HB21-1238,2021,RS,Senate,2021-05-18,Senate Committee on Transportation & Energy Refer Unamended to Appropriations,7
HB21-1238,2021,RS,Senate,2021-05-26,Senate Committee on Appropriations Refer Unamended to Senate Committee of the Whole,8
HB21-1238,2021,RS,Senate,2021-05-26,Senate Second Reading Special Order - Passed - No Amendments,9
HB21-1238,2021,RS,Senate,2021-05-27,Senate Third Reading Passed - No Amendments,10
HB21-1238,2021,RS,Senate,2021-06-16,Signed by the President of the Senate,11
HB21-1238,2021,RS,House,2021-06-16,Signed by the Speaker of the House,12
HB21-1238,2021,RS,Governor,2021-06-17,Sent to the Governor,13
HB21-1238,2021,RS,Governor,2021-06-24,Governor Signed,14
HB21-1239,2021,RS,House,2021-03-23,Introduced In House - Assigned to Business Affairs & Labor,1
HB21-1239,2021,RS,House,2021-04-15,House Committee on Business Affairs & Labor Witness Testimony and/or Committee Discussion Only,2
HB21-1239,2021,RS,House,2021-04-28,House Committee on Business Affairs & Labor Refer Amended to House Committee of the Whole,3
HB21-1239,2021,RS,House,2021-05-03,House Second Reading Laid Over to 05/06/2021 - No Amendments,4
HB21-1239,2021,RS,House,2021-05-06,"House Second Reading Passed with Amendments - Committee, Floor",5
HB21-1239,2021,RS,House,2021-05-07,House Third Reading Passed - No Amendments,6
HB21-1239,2021,RS,Senate,2021-05-10,"Introduced In Senate - Assigned to Business, Labor, & Technology",7
HB21-1239,2021,RS,Senate,2021-05-19,"Senate Committee on Business, Labor, & Technology Refer Amended to Senate Committee of the Whole",8
HB21-1239,2021,RS,Senate,2021-05-20,"Senate Second Reading Special Order - Passed with Amendments - Committee, Floor",9
HB21-1239,2021,RS,Senate,2021-05-21,Senate Third Reading Passed - No Amendments,10
HB21-1239,2021,RS,House,2021-05-22,House Considered Senate Amendments - Result was to Laid Over Daily,11
HB21-1239,2021,RS,House,2021-05-24,House Considered Senate Amendments - Result was to Concur - Repass,12
HB21-1239,2021,RS,Senate,2021-06-11,Signed by the President of the Senate,13
HB21-1239,2021,RS,House,2021-06-11,Signed by the Speaker of the House,14
HB21-1239,2021,RS,Governor,2021-06-11,Sent to the Governor,15
HB21-1239,2021,RS,Governor,2021-07-02,Governor Signed,16
HB21-1240,2021,RS,House,2021-03-23,"Introduced In House - Assigned to State, Civic, Military, & Veterans Affairs",1
HB21-1240,2021,RS,House,2021-05-20,"House Committee on State, Civic, Military, & Veterans Affairs Postpone Indefinitely",2
HB21-1241,2021,RS,House,2021-03-24,Introduced In House - Assigned to Business Affairs & Labor,1
HB21-1241,2021,RS,House,2021-04-08,House Committee on Business Affairs & Labor Refer Unamended to House Committee of the Whole,2
HB21-1241,2021,RS,House,2021-04-13,House Second Reading Laid Over Daily - No Amendments,3
HB21-1241,2021,RS,House,2021-04-15,House Second Reading Passed - No Amendments,4
HB21-1241,2021,RS,House,2021-04-16,House Third Reading Laid Over Daily - No Amendments,5
HB21-1241,2021,RS,House,2021-04-19,House Third Reading Passed - No Amendments,6
HB21-1241,2021,RS,Senate,2021-04-22,"Introduced In Senate - Assigned to Business, Labor, & Technology",7
HB21-1241,2021,RS,Senate,2021-04-26,"Senate Committee on Business, Labor, & Technology Refer Unamended - Consent Calendar to Senate Committee of the Whole",8
HB21-1241,2021,RS,Senate,2021-04-29,Senate Second Reading Passed - No Amendments,9
HB21-1241,2021,RS,Senate,2021-04-30,Senate Third Reading Passed - No Amendments,10
HB21-1241,2021,RS,Senate,2021-05-11,Signed by the President of the Senate,11
HB21-1241,2021,RS,House,2021-05-11,Signed by the Speaker of the House,12
HB21-1241,2021,RS,Governor,2021-05-11,Sent to the Governor,13
HB21-1241,2021,RS,Governor,2021-05-21,Governor Signed,14
HB21-1242,2021,RS,House,2021-03-24,"Introduced In House - Assigned to Agriculture, Livestock, & Water",1
HB21-1242,2021,RS,House,2021-04-05,"House Committee on Agriculture, Livestock, & Water Witness Testimony and/or Committee Discussion Only",2
HB21-1242,2021,RS,House,2021-04-08,"House Committee on Agriculture, Livestock, & Water Refer Amended to House Committee of the Whole",3
HB21-1242,2021,RS,House,2021-04-13,House Second Reading Laid Over Daily - No Amendments,4
HB21-1242,2021,RS,House,2021-04-15,House Second Reading Passed with Amendments - Committee,5
HB21-1242,2021,RS,House,2021-04-16,House Third Reading Laid Over Daily - No Amendments,6
HB21-1242,2021,RS,House,2021-04-16,House Third Reading Laid Over to 04/21/2021 - No Amendments,7
HB21-1242,2021,RS,House,2021-04-21,House Third Reading Passed - No Amendments,8
HB21-1242,2021,RS,Senate,2021-04-26,Introduced In Senate - Assigned to Agriculture & Natural Resources,9
HB21-1242,2021,RS,Senate,2021-05-13,Senate Committee on Agriculture & Natural Resources Refer Amended to Appropriations,10
HB21-1242,2021,RS,Senate,2021-05-21,Senate Committee on Appropriations Refer Amended to Senate Committee of the Whole,11
HB21-1242,2021,RS,Senate,2021-05-21,Senate Second Reading Special Order - Passed with Amendments - Committee,12
HB21-1242,2021,RS,Senate,2021-05-24,Senate Third Reading Passed with Amendments - Floor,13
HB21-1242,2021,RS,House,2021-05-25,House Considered Senate Amendments - Result was to Laid Over Daily,14
HB21-1242,2021,RS,House,2021-06-07,House Considered Senate Amendments - Result was to Concur - Repass,15
HB21-1242,2021,RS,Senate,2021-06-16,Signed by the President of the Senate,16
HB21-1242,2021,RS,House,2021-06-16,Signed by the Speaker of the House,17
HB21-1242,2021,RS,Governor,2021-06-17,Sent to the Governor,18
HB21-1242,2021,RS,Governor,2021-06-24,Governor Signed,19
HB21-1243,2021,RS,House,2021-03-24,Introduced In House - Assigned to Energy & Environment + Appropriations,1
HB21-1243,2021,RS,House,2021-04-01,House Committee on Energy & Environment Refer Unamended to Appropriations,2
HB21-1243,2021,RS,House,2021-05-11,House Committee on Appropriations Refer Unamended to House Committee of the Whole,3
HB21-1243,2021,RS,House,2021-05-11,House Second Reading Special Order - Passed - No Amendments,4
HB21-1243,2021,RS,House,2021-05-12,House Third Reading Passed - No Amendments,5
HB21-1243,2021,RS,Senate,2021-05-12,Introduced In Senate - Assigned to Agriculture & Natural Resources,6
HB21-1243,2021,RS,Senate,2021-05-19,Senate Committee on Agriculture & Natural Resources Refer Unamended - Consent Calendar to Senate Committee of the Whole,7
HB21-1243,2021,RS,Senate,2021-05-20,Senate Second Reading Special Order - Passed - No Amendments,8
HB21-1243,2021,RS,Senate,2021-05-21,Senate Third Reading Passed - No Amendments,9
HB21-1243,2021,RS,Senate,2021-06-21,Signed by the President of the Senate,10
HB21-1243,2021,RS,House,2021-06-21,Signed by the Speaker of the House,11
HB21-1243,2021,RS,Governor,2021-06-21,Sent to the Governor,12
HB21-1243,2021,RS,Governor,2021-06-27,Governor Signed,13
HB21-1244,2021,RS,House,2021-03-24,Introduced In House - Assigned to Business Affairs & Labor,1
HB21-1244,2021,RS,House,2021-04-22,House Committee on Business Affairs & Labor Witness Testimony and/or Committee Discussion Only,2
HB21-1244,2021,RS,House,2021-05-12,House Committee on Business Affairs & Labor Postpone Indefinitely,3
HB21-1245,2021,RS,House,2021-03-24,Introduced In House - Assigned to Transportation & Local Government,1
HB21-1245,2021,RS,House,2021-04-07,House Committee on Transportation & Local Government Refer Unamended to House Committee of the Whole,2
HB21-1245,2021,RS,House,2021-04-09,House Second Reading Passed - No Amendments,3
HB21-1245,2021,RS,House,2021-04-12,House Third Reading Passed - No Amendments,4
HB21-1245,2021,RS,Senate,2021-04-15,Introduced In Senate - Assigned to Transportation & Energy,5
HB21-1245,2021,RS,Senate,2021-05-18,Senate Committee on Transportation & Energy Refer Unamended - Consent Calendar to Senate Committee of the Whole,6
HB21-1245,2021,RS,Senate,2021-05-20,Senate Second Reading Passed - No Amendments,7
HB21-1245,2021,RS,Senate,2021-05-21,Senate Third Reading Passed - No Amendments,8
HB21-1245,2021,RS,House,2021-05-27,Signed by the Speaker of the House,9
HB21-1245,2021,RS,Senate,2021-05-28,Signed by the President of the Senate,10
HB21-1245,2021,RS,Governor,2021-05-28,Sent to the Governor,11
HB21-1245,2021,RS,Governor,2021-06-07,Governor Signed,12
HB21-1246,2021,RS,House,2021-03-25,Introduced In House - Assigned to Finance,1
HB21-1246,2021,RS,House,2021-04-19,House Committee on Finance Postpone Indefinitely,2
HB21-1247,2021,RS,House,2021-03-30,Introduced In House - Assigned to Energy & Environment,1
HB21-1247,2021,RS,House,2021-04-21,House Committee on Energy & Environment Refer Unamended to House Committee of the Whole,2
HB21-1247,2021,RS,House,2021-04-26,House Second Reading Passed - No Amendments,3
HB21-1247,2021,RS,House,2021-04-27,House Third Reading Passed - No Amendments,4
HB21-1247,2021,RS,Senate,2021-04-29,Introduced In Senate - Assigned to Health & Human Services,5
HB21-1247,2021,RS,Senate,2021-05-10,Senate Committee on Health & Human Services Refer Unamended - Consent Calendar to Senate Committee of the Whole,6
HB21-1247,2021,RS,Senate,2021-05-13,Senate Second Reading Passed - No Amendments,7
HB21-1247,2021,RS,Senate,2021-05-14,Senate Third Reading Passed - No Amendments,8
HB21-1247,2021,RS,House,2021-05-27,Signed by the Speaker of the House,9
HB21-1247,2021,RS,Senate,2021-05-28,Signed by the President of the Senate,10
HB21-1247,2021,RS,Governor,2021-05-28,Sent to the Governor,11
HB21-1247,2021,RS,Governor,2021-06-07,Governor Signed,12
HB21-1248,2021,RS,House,2021-03-30,Introduced In House - Assigned to Public & Behavioral Health & Human Services,1
HB21-1248,2021,RS,House,2021-04-13,House Committee on Public & Behavioral Health & Human Services Refer Amended to Appropriations,2
HB21-1248,2021,RS,House,2021-04-23,House Committee on Appropriations Refer Amended to House Committee of the Whole,3
HB21-1248,2021,RS,House,2021-04-23,House Second Reading Special Order - Passed with Amendments - Committee,4
HB21-1248,2021,RS,House,2021-04-26,House Third Reading Passed - No Amendments,5
HB21-1248,2021,RS,Senate,2021-04-29,Introduced In Senate - Assigned to Health & Human Services,6
HB21-1248,2021,RS,Senate,2021-05-05,Senate Committee on Health & Human Services Refer Unamended to Legislative Council,7
HB21-1248,2021,RS,Senate,2021-05-10,Senate Committee on Legislative Council Refer Unamended to Appropriations,8
HB21-1248,2021,RS,Senate,2021-05-19,Senate Committee on Appropriations Refer Amended to Senate Committee of the Whole,9
HB21-1248,2021,RS,Senate,2021-05-20,Senate Second Reading Special Order - Passed with Amendments - Committee,10
HB21-1248,2021,RS,Senate,2021-05-21,Senate Third Reading Passed - No Amendments,11
HB21-1248,2021,RS,House,2021-05-22,House Considered Senate Amendments - Result was to Laid Over Daily,12
HB21-1248,2021,RS,House,2021-05-24,House Considered Senate Amendments - Result was to Concur - Repass,13
HB21-1248,2021,RS,Senate,2021-06-21,Signed by the President of the Senate,14
HB21-1248,2021,RS,House,2021-06-21,Signed by the Speaker of the House,15
HB21-1248,2021,RS,Governor,2021-06-21,Sent to the Governor,16
HB21-1248,2021,RS,Governor,2021-06-24,Governor Signed,17
HB21-1249,2021,RS,House,2021-03-30,Introduced In House - Assigned to Transportation & Local Government,1
HB21-1249,2021,RS,House,2021-04-07,House Committee on Transportation & Local Government Refer Unamended to House Committee of the Whole,2
HB21-1249,2021,RS,House,2021-04-09,House Second Reading Passed - No Amendments,3
HB21-1249,2021,RS,House,2021-04-12,House Third Reading Passed - No Amendments,4
HB21-1249,2021,RS,Senate,2021-04-14,Introduced In Senate - Assigned to Local Government,5
HB21-1249,2021,RS,Senate,2021-04-27,Senate Committee on Local Government Refer Unamended - Consent Calendar to Senate Committee of the Whole,6
HB21-1249,2021,RS,Senate,2021-04-30,Senate Second Reading Passed - No Amendments,7
HB21-1249,2021,RS,Senate,2021-05-03,Senate Third Reading Passed - No Amendments,8
HB21-1249,2021,RS,House,2021-05-14,Signed by the Speaker of the House,9
HB21-1249,2021,RS,Senate,2021-05-14,Signed by the President of the Senate,10
HB21-1249,2021,RS,Governor,2021-05-14,Sent to the Governor,11
HB21-1249,2021,RS,Governor,2021-05-24,Governor Signed,12
HB21-1250,2021,RS,House,2021-03-30,Introduced In House - Assigned to Judiciary,1
HB21-1250,2021,RS,House,2021-04-21,House Committee on Judiciary Refer Amended to Appropriations,2
HB21-1250,2021,RS,House,2021-05-07,House Committee on Appropriations Refer Amended to House Committee of the Whole,3
HB21-1250,2021,RS,House,2021-05-11,House Second Reading Laid Over Daily - No Amendments,4
HB21-1250,2021,RS,House,2021-05-17,"House Second Reading Passed with Amendments - Committee, Floor",5
HB21-1250,2021,RS,House,2021-05-18,House Third Reading Laid Over Daily - No Amendments,6
HB21-1250,2021,RS,House,2021-05-19,House Third Reading Passed - No Amendments,7
HB21-1250,2021,RS,Senate,2021-05-19,"Introduced In Senate - Assigned to State, Veterans, & Military Affairs",8
HB21-1250,2021,RS,Senate,2021-05-25,"Senate Committee on State, Veterans, & Military Affairs Refer Amended to Appropriations",9
HB21-1250,2021,RS,Senate,2021-06-03,Senate Committee on Appropriations Refer Amended to Senate Committee of the Whole,10
HB21-1250,2021,RS,Senate,2021-06-03,"Senate Second Reading Special Order - Passed with Amendments - Committee, Floor",11
HB21-1250,2021,RS,Senate,2021-06-07,Senate Third Reading Laid Over Daily - No Amendments,12
HB21-1250,2021,RS,Senate,2021-06-07,Senate Third Reading Passed with Amendments - Floor,13
HB21-1250,2021,RS,House,2021-06-08,House Considered Senate Amendments - Result was to Concur - Repass,14
HB21-1250,2021,RS,Senate,2021-06-21,Signed by the President of the Senate,15
HB21-1250,2021,RS,House,2021-06-21,Signed by the Speaker of the House,16
HB21-1250,2021,RS,Governor,2021-06-21,Sent to the Governor,17
HB21-1250,2021,RS,Governor,2021-07-06,Governor Signed,18
HB21-1251,2021,RS,House,2021-03-30,Introduced In House - Assigned to Judiciary,1
HB21-1251,2021,RS,House,2021-04-28,House Committee on Judiciary Refer Amended to House Committee of the Whole,2
HB21-1251,2021,RS,House,2021-05-03,House Second Reading Laid Over to 05/05/2021 - No Amendments,3
HB21-1251,2021,RS,House,2021-05-05,House Second Reading Laid Over Daily - No Amendments,4
HB21-1251,2021,RS,House,2021-05-13,"House Second Reading Passed with Amendments - Committee, Floor",5
HB21-1251,2021,RS,House,2021-05-14,House Third Reading Passed - No Amendments,6
HB21-1251,2021,RS,Senate,2021-05-17,Introduced In Senate - Assigned to Judiciary,7
HB21-1251,2021,RS,Senate,2021-05-24,Senate Committee on Judiciary Refer Amended to Appropriations,8
HB21-1251,2021,RS,Senate,2021-05-28,Senate Committee on Appropriations Refer Amended to Senate Committee of the Whole,9
HB21-1251,2021,RS,Senate,2021-05-28,"Senate Second Reading Special Order - Passed with Amendments - Committee, Floor",10
HB21-1251,2021,RS,Senate,2021-06-01,Senate Third Reading Passed - No Amendments,11
HB21-1251,2021,RS,House,2021-06-02,House Considered Senate Amendments - Result was to Laid Over Daily,12
HB21-1251,2021,RS,House,2021-06-03,House Considered Senate Amendments - Result was to Not Concur - Request Conference Committee,13
HB21-1251,2021,RS,ConfComm,2021-06-04,First Conference Committee Result was to Adopt Rerevised w/ Amendments,14
HB21-1251,2021,RS,Senate,2021-06-04,Senate Consideration of First Conference Committee Report result was to Adopt Committee Report - Repass,15
HB21-1251,2021,RS,Senate,2021-06-22,Signed by the President of the Senate,16
HB21-1251,2021,RS,House,2021-06-22,Signed by the Speaker of the House,17
HB21-1251,2021,RS,Governor,2021-06-22,Sent to the Governor,18
HB21-1251,2021,RS,Governor,2021-07-06,Governor Signed,19
HB21-1252,2021,RS,House,2021-03-31,Introduced In House - Assigned to Transportation & Local Government,1
HB21-1252,2021,RS,House,2021-04-20,House Committee on Transportation & Local Government Postpone Indefinitely,2
HB21-1253,2021,RS,House,2021-03-31,Introduced In House - Assigned to Energy & Environment,1
HB21-1253,2021,RS,House,2021-04-22,House Committee on Energy & Environment Refer Unamended to Appropriations,2
HB21-1253,2021,RS,House,2021-04-28,House Committee on Appropriations Refer Unamended to House Committee of the Whole,3
HB21-1253,2021,RS,House,2021-04-28,House Second Reading Special Order - Passed - No Amendments,4
HB21-1253,2021,RS,House,2021-04-29,House Third Reading Passed - No Amendments,5
HB21-1253,2021,RS,Senate,2021-05-03,Introduced In Senate - Assigned to Transportation & Energy,6
HB21-1253,2021,RS,Senate,2021-05-18,Senate Committee on Transportation & Energy Refer Unamended to Appropriations,7
HB21-1253,2021,RS,Senate,2021-05-28,Senate Committee on Appropriations Refer Unamended to Senate Committee of the Whole,8
HB21-1253,2021,RS,Senate,2021-05-28,Senate Second Reading Special Order - Passed - No Amendments,9
HB21-1253,2021,RS,Senate,2021-06-01,Senate Third Reading Passed - No Amendments,10
HB21-1253,2021,RS,Senate,2021-06-11,Signed by the President of the Senate,11
HB21-1253,2021,RS,House,2021-06-11,Signed by the Speaker of the House,12
HB21-1253,2021,RS,Governor,2021-06-11,Sent to the Governor,13
HB21-1253,2021,RS,Governor,2021-06-14,Governor Signed,14
HB21-1254,2021,RS,House,2021-03-31,Introduced In House - Assigned to Transportation & Local Government,1
HB21-1254,2021,RS,House,2021-04-27,House Committee on Transportation & Local Government Refer Amended to Finance,2
HB21-1254,2021,RS,House,2021-05-10,House Committee on Finance Refer Unamended to Appropriations,3
HB21-1254,2021,RS,House,2021-05-18,House Committee on Appropriations Refer Amended to House Committee of the Whole,4
HB21-1254,2021,RS,House,2021-05-19,House Second Reading Special Order - Passed with Amendments - Committee,5
HB21-1254,2021,RS,House,2021-05-20,House Third Reading Passed - No Amendments,6
HB21-1254,2021,RS,Senate,2021-05-20,Introduced In Senate - Assigned to Finance,7
HB21-1254,2021,RS,Senate,2021-05-25,Senate Committee on Finance Refer Unamended to Appropriations,8
HB21-1254,2021,RS,Senate,2021-06-01,Senate Committee on Appropriations Refer Unamended to Senate Committee of the Whole,9
HB21-1254,2021,RS,Senate,2021-06-03,Senate Second Reading Passed - No Amendments,10
HB21-1254,2021,RS,Senate,2021-06-04,Senate Third Reading Passed - No Amendments,11
HB21-1254,2021,RS,Senate,2021-06-24,Signed by the President of the Senate,12
HB21-1254,2021,RS,House,2021-06-24,Signed by the Speaker of the House,13
HB21-1254,2021,RS,Governor,2021-06-24,Sent to the Governor,14
HB21-1254,2021,RS,Governor,2021-07-07,Governor Vetoed,15
HB21-1255,2021,RS,House,2021-04-05,Introduced In House - Assigned to Judiciary,1
HB21-1255,2021,RS,House,2021-04-13,House Committee on Judiciary Refer Amended to Appropriations,2
HB21-1255,2021,RS,House,2021-05-07,House Committee on Appropriations Refer Amended to House Committee of the Whole,3
HB21-1255,2021,RS,House,2021-05-11,House Second Reading Laid Over Daily - No Amendments,4
HB21-1255,2021,RS,House,2021-05-12,"House Second Reading Passed with Amendments - Committee, Floor",5
HB21-1255,2021,RS,House,2021-05-13,House Third Reading Laid Over Daily - No Amendments,6
HB21-1255,2021,RS,Senate,2021-05-17,"Introduced In Senate - Assigned to State, Veterans, & Military Affairs",7
HB21-1255,2021,RS,Senate,2021-05-25,"Senate Committee on State, Veterans, & Military Affairs Refer Unamended to Appropriations",8
HB21-1255,2021,RS,Senate,2021-05-28,Senate Committee on Appropriations Refer Unamended to Senate Committee of the Whole,9
HB21-1255,2021,RS,Senate,2021-05-28,Senate Second Reading Special Order - Passed - No Amendments,10
HB21-1255,2021,RS,Senate,2021-06-01,Senate Third Reading Passed - No Amendments,11
HB21-1255,2021,RS,Senate,2021-06-16,Signed by the President of the Senate,12
HB21-1255,2021,RS,House,2021-06-16,Signed by the Speaker of the House,13
HB21-1255,2021,RS,Governor,2021-06-17,Sent to the Governor,14
HB21-1255,2021,RS,Governor,2021-06-22,Governor Signed,15
HB21-1256,2021,RS,House,2021-04-05,Introduced In House - Assigned to Health & Insurance,1
HB21-1256,2021,RS,House,2021-04-21,House Committee on Health & Insurance Refer Unamended to House Committee of the Whole,2
HB21-1256,2021,RS,House,2021-04-26,House Second Reading Passed - No Amendments,3
HB21-1256,2021,RS,House,2021-04-27,House Third Reading Passed - No Amendments,4
HB21-1256,2021,RS,Senate,2021-04-29,Introduced In Senate - Assigned to Health & Human Services,5
HB21-1256,2021,RS,Senate,2021-05-05,Senate Committee on Health & Human Services Refer Unamended - Consent Calendar to Senate Committee of the Whole,6
HB21-1256,2021,RS,Senate,2021-05-10,Senate Second Reading Passed - No Amendments,7
HB21-1256,2021,RS,Senate,2021-05-11,Senate Third Reading Passed - No Amendments,8
HB21-1256,2021,RS,House,2021-05-19,Signed by the Speaker of the House,9
HB21-1256,2021,RS,Senate,2021-05-19,Signed by the President of the Senate,10
HB21-1256,2021,RS,Governor,2021-05-21,Sent to the Governor,11
HB21-1256,2021,RS,Governor,2021-05-27,Governor Signed,12
HB21-1257,2021,RS,House,2021-04-06,"Introduced In House - Assigned to State, Civic, Military, & Veterans Affairs",1
HB21-1257,2021,RS,House,2021-04-29,"House Committee on State, Civic, Military, & Veterans Affairs Refer Amended to Appropriations",2
HB21-1257,2021,RS,House,2021-05-07,House Committee on Appropriations Refer Amended to House Committee of the Whole,3
HB21-1257,2021,RS,House,2021-05-11,"House Second Reading Special Order - Passed with Amendments - Committee, Floor",4
HB21-1257,2021,RS,House,2021-05-12,House Third Reading Passed - No Amendments,5
HB21-1257,2021,RS,Senate,2021-05-12,"Introduced In Senate - Assigned to State, Veterans, & Military Affairs",6
HB21-1257,2021,RS,Senate,2021-05-24,"Senate Committee on State, Veterans, & Military Affairs Refer Unamended to Appropriations",7
HB21-1257,2021,RS,Senate,2021-05-28,Senate Committee on Appropriations Refer Unamended - Consent Calendar to Senate Committee of the Whole,8
HB21-1257,2021,RS,Senate,2021-05-28,Senate Second Reading Special Order - Passed - No Amendments,9
HB21-1257,2021,RS,Senate,2021-06-01,Senate Third Reading Passed - No Amendments,10
HB21-1257,2021,RS,Senate,2021-06-08,Signed by the President of the Senate,11
HB21-1257,2021,RS,House,2021-06-08,Signed by the Speaker of the House,12
HB21-1257,2021,RS,Governor,2021-06-09,Sent to the Governor,13
HB21-1257,2021,RS,Governor,2021-06-23,Governor Signed,14
HB21-1258,2021,RS,House,2021-04-06,Introduced In House - Assigned to Public & Behavioral Health & Human Services,1
HB21-1258,2021,RS,House,2021-04-20,House Committee on Public & Behavioral Health & Human Services Refer Amended to Appropriations,2
HB21-1258,2021,RS,House,2021-04-28,House Committee on Appropriations Refer Unamended to House Committee of the Whole,3
HB21-1258,2021,RS,House,2021-04-28,"House Second Reading Passed with Amendments - Committee, Floor",4
HB21-1258,2021,RS,House,2021-04-29,House Third Reading Passed - No Amendments,5
HB21-1258,2021,RS,Senate,2021-04-30,Introduced In Senate - Assigned to Health & Human Services,6
HB21-1258,2021,RS,Senate,2021-05-17,Senate Committee on Health & Human Services Refer Unamended to Appropriations,7
HB21-1258,2021,RS,Senate,2021-06-02,Senate Committee on Appropriations Refer Unamended - Consent Calendar to Senate Committee of the Whole,8
HB21-1258,2021,RS,Senate,2021-06-02,Senate Second Reading Special Order - Passed with Amendments - Floor,9
HB21-1258,2021,RS,Senate,2021-06-03,Senate Third Reading Passed - No Amendments,10
HB21-1258,2021,RS,House,2021-06-04,House Considered Senate Amendments - Result was to Laid Over Daily,11
HB21-1258,2021,RS,House,2021-06-08,House Considered Senate Amendments - Result was to Concur - Repass,12
HB21-1258,2021,RS,Senate,2021-06-11,Signed by the President of the Senate,13
HB21-1258,2021,RS,House,2021-06-11,Signed by the Speaker of the House,14
HB21-1258,2021,RS,Governor,2021-06-11,Sent to the Governor,15
HB21-1258,2021,RS,Governor,2021-06-18,Governor Signed,16
HB21-1259,2021,RS,House,2021-04-06,Introduced In House - Assigned to Education,1
HB21-1259,2021,RS,House,2021-04-21,House Committee on Education Refer Amended to House Committee of the Whole,2
HB21-1259,2021,RS,House,2021-04-26,House Second Reading Passed with Amendments - Committee,3
HB21-1259,2021,RS,House,2021-04-27,House Third Reading Passed - No Amendments,4
HB21-1259,2021,RS,Senate,2021-04-28,Introduced In Senate - Assigned to Education,5
HB21-1259,2021,RS,Senate,2021-05-06,Senate Committee on Education Refer Unamended - Consent Calendar to Senate Committee of the Whole,6
HB21-1259,2021,RS,Senate,2021-05-11,Senate Second Reading Passed - No Amendments,7
HB21-1259,2021,RS,Senate,2021-05-12,Senate Third Reading Passed - No Amendments,8
HB21-1259,2021,RS,House,2021-05-27,Signed by the Speaker of the House,9
HB21-1259,2021,RS,Senate,2021-05-28,Signed by the President of the Senate,10
HB21-1259,2021,RS,Governor,2021-05-28,Sent to the Governor,11
HB21-1259,2021,RS,Governor,2021-06-07,Governor Signed,12
HB21-1260,2021,RS,House,2021-04-06,"Introduced In House - Assigned to Agriculture, Livestock, & Water",1
HB21-1260,2021,RS,House,2021-04-19,"House Committee on Agriculture, Livestock, & Water Refer Unamended to Appropriations",2
HB21-1260,2021,RS,House,2021-04-28,House Committee on Appropriations Refer Unamended to House Committee of the Whole,3
HB21-1260,2021,RS,House,2021-04-28,House Second Reading Special Order - Passed - No Amendments,4
HB21-1260,2021,RS,House,2021-04-29,House Third Reading Passed - No Amendments,5
HB21-1260,2021,RS,Senate,2021-04-30,Introduced In Senate - Assigned to Agriculture & Natural Resources,6
HB21-1260,2021,RS,Senate,2021-05-12,Senate Committee on Agriculture & Natural Resources Refer Amended to Appropriations,7
HB21-1260,2021,RS,Senate,2021-06-03,Senate Committee on Appropriations Refer Unamended - Consent Calendar to Senate Committee of the Whole,8
HB21-1260,2021,RS,Senate,2021-06-03,Senate Second Reading Special Order - Passed with Amendments - Committee,9
HB21-1260,2021,RS,Senate,2021-06-04,Senate Third Reading Passed - No Amendments,10
HB21-1260,2021,RS,House,2021-06-07,House Considered Senate Amendments - Result was to Laid Over Daily,11
HB21-1260,2021,RS,House,2021-06-08,House Considered Senate Amendments - Result was to Concur - Repass,12
HB21-1260,2021,RS,House,2021-06-14,Signed by the Speaker of the House,13
HB21-1260,2021,RS,Senate,2021-06-14,Signed by the President of the Senate,14
HB21-1260,2021,RS,Governor,2021-06-14,Sent to the Governor,15
HB21-1260,2021,RS,Governor,2021-06-24,Governor Signed,16
HB21-1261,2021,RS,House,2021-04-06,"Introduced In House - Assigned to Agriculture, Livestock, & Water",1
HB21-1261,2021,RS,House,2021-04-19,"House Committee on Agriculture, Livestock, & Water Refer Unamended to Finance",2
HB21-1261,2021,RS,House,2021-04-29,House Committee on Finance Refer Unamended to Appropriations,3
HB21-1261,2021,RS,House,2021-05-11,House Committee on Appropriations Refer Amended to House Committee of the Whole,4
HB21-1261,2021,RS,House,2021-05-11,House Second Reading Special Order - Passed with Amendments - Committee,5
HB21-1261,2021,RS,House,2021-05-12,House Third Reading Passed - No Amendments,6
HB21-1261,2021,RS,Senate,2021-05-12,Introduced In Senate - Assigned to Finance,7
HB21-1261,2021,RS,Senate,2021-05-17,Senate Committee on Finance Refer Unamended to Appropriations,8
HB21-1261,2021,RS,Senate,2021-06-03,Senate Committee on Appropriations Refer Amended - Consent Calendar to Senate Committee of the Whole,9
HB21-1261,2021,RS,Senate,2021-06-04,Senate Second Reading Special Order - Passed with Amendments - Committee,10
HB21-1261,2021,RS,Senate,2021-06-07,Senate Third Reading Passed - No Amendments,11
HB21-1261,2021,RS,House,2021-06-08,House Considered Senate Amendments - Result was to Concur - Repass,12
HB21-1261,2021,RS,Senate,2021-06-21,Signed by the President of the Senate,13
HB21-1261,2021,RS,House,2021-06-21,Signed by the Speaker of the House,14
HB21-1261,2021,RS,Governor,2021-06-21,Sent to the Governor,15
HB21-1261,2021,RS,Governor,2021-06-24,Governor Signed,16
HB21-1262,2021,RS,House,2021-04-06,"Introduced In House - Assigned to Agriculture, Livestock, & Water",1
HB21-1262,2021,RS,House,2021-04-19,"House Committee on Agriculture, Livestock, & Water Refer Unamended to Appropriations",2
HB21-1262,2021,RS,House,2021-04-28,House Committee on Appropriations Refer Amended to House Committee of the Whole,3
HB21-1262,2021,RS,House,2021-04-28,House Second Reading Special Order - Passed with Amendments - Committee,4
HB21-1262,2021,RS,House,2021-04-29,House Third Reading Passed - No Amendments,5
HB21-1262,2021,RS,Senate,2021-04-30,Introduced In Senate - Assigned to Agriculture & Natural Resources,6
HB21-1262,2021,RS,Senate,2021-05-12,Senate Committee on Agriculture & Natural Resources Refer Unamended to Appropriations,7
HB21-1262,2021,RS,Senate,2021-06-02,Senate Committee on Appropriations Refer Unamended to Senate Committee of the Whole,8
HB21-1262,2021,RS,Senate,2021-06-02,Senate Second Reading Special Order - Passed with Amendments - Floor,9
HB21-1262,2021,RS,Senate,2021-06-03,Senate Third Reading Passed - No Amendments,10
HB21-1262,2021,RS,House,2021-06-04,House Considered Senate Amendments - Result was to Laid Over Daily,11
HB21-1262,2021,RS,House,2021-06-08,House Considered Senate Amendments - Result was to Concur - Repass,12
HB21-1262,2021,RS,Senate,2021-06-21,Signed by the President of the Senate,13
HB21-1262,2021,RS,House,2021-06-21,Signed by the Speaker of the House,14
HB21-1262,2021,RS,Governor,2021-06-21,Sent to the Governor,15
HB21-1262,2021,RS,Governor,2021-06-29,Governor Signed,16
HB21-1263,2021,RS,House,2021-04-06,Introduced In House - Assigned to Business Affairs & Labor,1
HB21-1263,2021,RS,House,2021-04-15,House Committee on Business Affairs & Labor Refer Amended to Appropriations,2
HB21-1263,2021,RS,House,2021-04-28,House Committee on Appropriations Refer Amended to House Committee of the Whole,3
HB21-1263,2021,RS,House,2021-04-28,House Second Reading Special Order - Passed with Amendments - Committee,4
HB21-1263,2021,RS,House,2021-04-29,House Third Reading Passed - No Amendments,5
HB21-1263,2021,RS,Senate,2021-04-30,"Introduced In Senate - Assigned to Business, Labor, & Technology",6
HB21-1263,2021,RS,Senate,2021-05-12,"Senate Committee on Business, Labor, & Technology Refer Unamended to Appropriations",7
HB21-1263,2021,RS,Senate,2021-06-03,Senate Committee on Appropriations Refer Unamended - Consent Calendar to Senate Committee of the Whole,8
HB21-1263,2021,RS,Senate,2021-06-03,Senate Second Reading Special Order - Passed - No Amendments,9
HB21-1263,2021,RS,Senate,2021-06-04,Senate Third Reading Passed - No Amendments,10
HB21-1263,2021,RS,Senate,2021-06-11,Signed by the President of the Senate,11
HB21-1263,2021,RS,House,2021-06-11,Signed by the Speaker of the House,12
HB21-1263,2021,RS,Governor,2021-06-11,Sent to the Governor,13
HB21-1263,2021,RS,Governor,2021-06-14,Governor Signed,14
HB21-1264,2021,RS,House,2021-04-06,Introduced In House - Assigned to Business Affairs & Labor,1
HB21-1264,2021,RS,House,2021-04-21,House Committee on Business Affairs & Labor Refer Amended to Appropriations,2
HB21-1264,2021,RS,House,2021-04-28,House Committee on Appropriations Refer Amended to House Committee of the Whole,3
HB21-1264,2021,RS,House,2021-04-28,House Second Reading Special Order - Passed with Amendments - Committee,4
HB21-1264,2021,RS,House,2021-04-29,House Third Reading Passed - No Amendments,5
HB21-1264,2021,RS,Senate,2021-04-30,"Introduced In Senate - Assigned to Business, Labor, & Technology",6
HB21-1264,2021,RS,Senate,2021-05-12,"Senate Committee on Business, Labor, & Technology Refer Unamended to Appropriations",7
HB21-1264,2021,RS,Senate,2021-06-03,Senate Committee on Appropriations Refer Amended to Senate Committee of the Whole,8
HB21-1264,2021,RS,Senate,2021-06-03,"Senate Second Reading Special Order - Passed with Amendments - Committee, Floor",9
HB21-1264,2021,RS,Senate,2021-06-04,Senate Third Reading Passed with Amendments - Floor,10
HB21-1264,2021,RS,House,2021-06-07,House Considered Senate Amendments - Result was to Laid Over Daily,11
HB21-1264,2021,RS,House,2021-06-18,House Considered Senate Amendments - Result was to Concur - Repass,12
HB21-1264,2021,RS,Senate,2021-06-22,Signed by the President of the Senate,13
HB21-1264,2021,RS,House,2021-06-22,Signed by the Speaker of the House,14
HB21-1264,2021,RS,Governor,2021-06-22,Sent to the Governor,15
HB21-1264,2021,RS,Governor,2021-06-23,Governor Signed,16
HB21-1265,2021,RS,House,2021-04-06,Introduced In House - Assigned to Finance,1
HB21-1265,2021,RS,House,2021-04-26,House Committee on Finance Refer Amended to Appropriations,2
HB21-1265,2021,RS,House,2021-05-04,House Committee on Appropriations Refer Amended to House Committee of the Whole,3
HB21-1265,2021,RS,House,2021-05-04,House Second Reading Special Order - Passed with Amendments - Committee,4
HB21-1265,2021,RS,House,2021-05-05,House Third Reading Passed - No Amendments,5
HB21-1265,2021,RS,Senate,2021-05-06,Introduced In Senate - Assigned to Finance,6
HB21-1265,2021,RS,Senate,2021-05-17,Senate Committee on Finance Refer Unamended to Appropriations,7
HB21-1265,2021,RS,Senate,2021-06-02,Senate Committee on Appropriations Refer Unamended - Consent Calendar to Senate Committee of the Whole,8
HB21-1265,2021,RS,Senate,2021-06-02,Senate Second Reading Special Order - Passed - No Amendments,9
HB21-1265,2021,RS,Senate,2021-06-03,Senate Third Reading Passed - No Amendments,10
HB21-1265,2021,RS,Senate,2021-06-11,Signed by the President of the Senate,11
HB21-1265,2021,RS,House,2021-06-11,Signed by the Speaker of the House,12
HB21-1265,2021,RS,Governor,2021-06-11,Sent to the Governor,13
HB21-1265,2021,RS,Governor,2021-06-14,Governor Signed,14
HB21-1266,2021,RS,House,2021-04-06,Introduced In House - Assigned to Energy & Environment,1
HB21-1266,2021,RS,House,2021-04-22,House Committee on Energy & Environment Refer Amended to Finance,2
HB21-1266,2021,RS,House,2021-05-03,House Committee on Finance Refer Amended to Appropriations,3
HB21-1266,2021,RS,House,2021-05-11,House Committee on Appropriations Refer Amended to House Committee of the Whole,4
HB21-1266,2021,RS,House,2021-05-11,House Second Reading Special Order - Laid Over Daily - No Amendments,5
HB21-1266,2021,RS,House,2021-05-12,"House Second Reading Passed with Amendments - Committee, Floor",6
HB21-1266,2021,RS,House,2021-05-13,House Third Reading Passed - No Amendments,7
HB21-1266,2021,RS,Senate,2021-05-13,Introduced In Senate - Assigned to Finance,8
HB21-1266,2021,RS,Senate,2021-06-07,Senate Committee on Finance Refer Amended to Appropriations,9
HB21-1266,2021,RS,Senate,2021-06-07,Senate Committee on Appropriations Refer Amended to Senate Committee of the Whole,10
HB21-1266,2021,RS,Senate,2021-06-07,"Senate Second Reading Special Order - Passed with Amendments - Committee, Floor",11
HB21-1266,2021,RS,Senate,2021-06-08,Senate Third Reading Passed with Amendments - Floor,12
HB21-1266,2021,RS,Senate,2021-06-23,Signed by the President of the Senate,13
HB21-1266,2021,RS,House,2021-06-23,Signed by the Speaker of the House,14
HB21-1266,2021,RS,Governor,2021-06-23,Sent to the Governor,15
HB21-1266,2021,RS,Governor,2021-07-02,Governor Signed,16
HB21-1267,2021,RS,House,2021-04-08,Introduced In House - Assigned to Transportation & Local Government,1
HB21-1267,2021,RS,House,2021-04-27,House Committee on Transportation & Local Government Refer Unamended to House Committee of the Whole,2
HB21-1267,2021,RS,House,2021-04-28,House Second Reading Laid Over Daily - No Amendments,3
HB21-1267,2021,RS,House,2021-04-30,House Second Reading Passed - No Amendments,4
HB21-1267,2021,RS,House,2021-05-03,House Third Reading Laid Over Daily - No Amendments,5
HB21-1267,2021,RS,House,2021-05-04,House Third Reading Passed - No Amendments,6
HB21-1267,2021,RS,Senate,2021-05-05,Introduced In Senate - Assigned to Local Government,7
HB21-1267,2021,RS,Senate,2021-05-18,Senate Committee on Local Government Refer Unamended to Senate Committee of the Whole,8
HB21-1267,2021,RS,Senate,2021-05-20,Senate Second Reading Passed - No Amendments,9
HB21-1267,2021,RS,Senate,2021-05-21,Senate Third Reading Passed - No Amendments,10
HB21-1267,2021,RS,Senate,2021-06-08,Signed by the President of the Senate,11
HB21-1267,2021,RS,House,2021-06-08,Signed by the Speaker of the House,12
HB21-1267,2021,RS,Governor,2021-06-09,Sent to the Governor,13
HB21-1267,2021,RS,Governor,2021-06-18,Governor Signed,14
HB21-1268,2021,RS,House,2021-04-09,"Introduced In House - Assigned to Agriculture, Livestock, & Water",1
HB21-1268,2021,RS,House,2021-04-26,"House Committee on Agriculture, Livestock, & Water Refer Amended to Appropriations",2
HB21-1268,2021,RS,House,2021-05-11,House Committee on Appropriations Refer Amended to House Committee of the Whole,3
HB21-1268,2021,RS,House,2021-05-11,"House Second Reading Special Order - Passed with Amendments - Committee, Floor",4
HB21-1268,2021,RS,House,2021-05-12,House Third Reading Passed - No Amendments,5
HB21-1268,2021,RS,Senate,2021-05-13,Introduced In Senate - Assigned to Agriculture & Natural Resources,6
HB21-1268,2021,RS,Senate,2021-05-19,Senate Committee on Agriculture & Natural Resources Refer Unamended to Appropriations,7
HB21-1268,2021,RS,Senate,2021-05-24,Senate Committee on Appropriations Refer Unamended - Consent Calendar to Senate Committee of the Whole,8
HB21-1268,2021,RS,Senate,2021-05-24,Senate Second Reading Special Order - Passed - No Amendments,9
HB21-1268,2021,RS,Senate,2021-05-25,Senate Third Reading Passed - No Amendments,10
HB21-1268,2021,RS,Senate,2021-06-16,Signed by the President of the Senate,11
HB21-1268,2021,RS,House,2021-06-16,Signed by the Speaker of the House,12
HB21-1268,2021,RS,Governor,2021-06-17,Sent to the Governor,13
HB21-1268,2021,RS,Governor,2021-06-18,Governor Signed,14
HB21-1269,2021,RS,House,2021-04-09,Introduced In House - Assigned to Energy & Environment + Appropriations,1
HB21-1269,2021,RS,House,2021-04-29,House Committee on Energy & Environment Refer Amended to Appropriations,2
HB21-1269,2021,RS,House,2021-05-14,House Committee on Appropriations Refer Amended to House Committee of the Whole,3
HB21-1269,2021,RS,House,2021-05-18,House Second Reading Laid Over Daily - No Amendments,4
HB21-1269,2021,RS,House,2021-05-20,"House Second Reading Passed with Amendments - Committee, Floor",5
HB21-1269,2021,RS,House,2021-05-21,House Third Reading Laid Over Daily - No Amendments,6
HB21-1269,2021,RS,House,2021-05-22,House Third Reading Passed - No Amendments,7
HB21-1269,2021,RS,Senate,2021-05-24,Introduced In Senate - Assigned to Transportation & Energy,8
HB21-1269,2021,RS,Senate,2021-05-25,Senate Committee on Transportation & Energy Refer Amended to Appropriations,9
HB21-1269,2021,RS,Senate,2021-06-01,Senate Committee on Appropriations Refer Unamended to Senate Committee of the Whole,10
HB21-1269,2021,RS,Senate,2021-06-01,Senate Second Reading Special Order - Passed with Amendments - Committee,11
HB21-1269,2021,RS,Senate,2021-06-02,Senate Third Reading Passed - No Amendments,12
HB21-1269,2021,RS,House,2021-06-04,House Considered Senate Amendments - Result was to Laid Over Daily,13
HB21-1269,2021,RS,House,2021-06-08,House Considered Senate Amendments - Result was to Concur - Repass,14
HB21-1269,2021,RS,Senate,2021-06-23,Signed by the President of the Senate,15
HB21-1269,2021,RS,House,2021-06-23,Signed by the Speaker of the House,16
HB21-1269,2021,RS,Governor,2021-06-23,Sent to the Governor,17
HB21-1269,2021,RS,Governor,2021-06-25,Governor Signed,18
HB21-1270,2021,RS,House,2021-04-09,Introduced In House - Assigned to Public & Behavioral Health & Human Services,1
HB21-1270,2021,RS,House,2021-04-23,House Committee on Public & Behavioral Health & Human Services Refer Amended to Appropriations,2
HB21-1270,2021,RS,House,2021-05-04,House Committee on Appropriations Refer Amended to House Committee of the Whole,3
HB21-1270,2021,RS,House,2021-05-04,House Second Reading Special Order - Passed with Amendments - Committee,4
HB21-1270,2021,RS,House,2021-05-05,House Third Reading Passed - No Amendments,5
HB21-1270,2021,RS,Senate,2021-05-06,Introduced In Senate - Assigned to Health & Human Services,6
HB21-1270,2021,RS,Senate,2021-05-19,Senate Committee on Health & Human Services Refer Unamended to Appropriations,7
HB21-1270,2021,RS,Senate,2021-05-28,Senate Committee on Appropriations Refer Unamended to Senate Committee of the Whole,8
HB21-1270,2021,RS,Senate,2021-05-28,Senate Second Reading Special Order - Passed - No Amendments,9
HB21-1270,2021,RS,Senate,2021-06-01,Senate Third Reading Passed - No Amendments,10
HB21-1270,2021,RS,Senate,2021-06-14,Signed by the President of the Senate,11
HB21-1270,2021,RS,House,2021-06-14,Signed by the Speaker of the House,12
HB21-1270,2021,RS,Governor,2021-06-15,Sent to the Governor,13
HB21-1270,2021,RS,Governor,2021-06-17,Governor Signed,14
HB21-1271,2021,RS,House,2021-04-12,Introduced In House - Assigned to Transportation & Local Government,1
HB21-1271,2021,RS,House,2021-04-28,House Committee on Transportation & Local Government Refer Amended to Appropriations,2
HB21-1271,2021,RS,House,2021-05-04,House Committee on Appropriations Refer Amended to House Committee of the Whole,3
HB21-1271,2021,RS,House,2021-05-04,"House Second Reading Special Order - Passed with Amendments - Committee, Floor",4
HB21-1271,2021,RS,House,2021-05-05,House Third Reading Passed - No Amendments,5
HB21-1271,2021,RS,Senate,2021-05-06,Introduced In Senate - Assigned to Local Government,6
HB21-1271,2021,RS,Senate,2021-05-11,Senate Committee on Local Government Refer Amended to Appropriations,7
HB21-1271,2021,RS,Senate,2021-06-03,Senate Committee on Appropriations Refer Amended to Senate Committee of the Whole,8
HB21-1271,2021,RS,Senate,2021-06-04,"Senate Second Reading Special Order - Passed with Amendments - Committee, Floor",9
HB21-1271,2021,RS,Senate,2021-06-07,Senate Third Reading Passed - No Amendments,10
HB21-1271,2021,RS,House,2021-06-08,House Considered Senate Amendments - Result was to Concur - Repass,11
HB21-1271,2021,RS,Senate,2021-06-16,Signed by the President of the Senate,12
HB21-1271,2021,RS,House,2021-06-16,Signed by the Speaker of the House,13
HB21-1271,2021,RS,Governor,2021-06-17,Sent to the Governor,14
HB21-1271,2021,RS,Governor,2021-06-27,Governor Signed,15
HB21-1272,2021,RS,House,2021-04-12,Introduced In House - Assigned to Public & Behavioral Health & Human Services,1
HB21-1272,2021,RS,House,2021-04-23,House Committee on Public & Behavioral Health & Human Services Refer Amended to House Committee of the Whole,2
HB21-1272,2021,RS,House,2021-04-28,"House Second Reading Special Order - Passed with Amendments - Committee, Floor",3
HB21-1272,2021,RS,House,2021-04-29,House Third Reading Passed - No Amendments,4
HB21-1272,2021,RS,Senate,2021-04-30,Introduced In Senate - Assigned to Health & Human Services,5
HB21-1272,2021,RS,Senate,2021-05-10,Senate Committee on Health & Human Services Refer Amended - Consent Calendar to Senate Committee of the Whole,6
HB21-1272,2021,RS,Senate,2021-05-13,Senate Second Reading Passed with Amendments - Committee,7
HB21-1272,2021,RS,Senate,2021-05-14,Senate Third Reading Passed - No Amendments,8
HB21-1272,2021,RS,House,2021-05-17,House Considered Senate Amendments - Result was to Laid Over Daily,9
HB21-1272,2021,RS,House,2021-05-21,House Considered Senate Amendments - Result was to Concur - Repass,10
HB21-1272,2021,RS,Senate,2021-06-21,Signed by the President of the Senate,11
HB21-1272,2021,RS,House,2021-06-21,Signed by the Speaker of the House,12
HB21-1272,2021,RS,Governor,2021-06-21,Sent to the Governor,13
HB21-1272,2021,RS,Governor,2021-06-24,Governor Signed,14
HB21-1273,2021,RS,House,2021-04-12,Introduced In House - Assigned to Education,1
HB21-1273,2021,RS,House,2021-04-22,House Committee on Education Refer Unamended to Appropriations,2
HB21-1273,2021,RS,House,2021-05-11,House Committee on Appropriations Refer Amended to House Committee of the Whole,3
HB21-1273,2021,RS,House,2021-05-11,House Second Reading Special Order - Passed with Amendments - Committee,4
HB21-1273,2021,RS,House,2021-05-12,House Third Reading Passed - No Amendments,5
HB21-1273,2021,RS,Senate,2021-05-12,Introduced In Senate - Assigned to Education,6
HB21-1273,2021,RS,Senate,2021-05-20,Senate Committee on Education Refer Unamended to Appropriations,7
HB21-1273,2021,RS,Senate,2021-05-26,Senate Committee on Appropriations Refer Unamended to Senate Committee of the Whole,8
HB21-1273,2021,RS,Senate,2021-05-26,Senate Second Reading Special Order - Passed - No Amendments,9
HB21-1273,2021,RS,Senate,2021-05-27,Senate Third Reading Passed - No Amendments,10
HB21-1273,2021,RS,Senate,2021-06-21,Signed by the President of the Senate,11
HB21-1273,2021,RS,House,2021-06-21,Signed by the Speaker of the House,12
HB21-1273,2021,RS,Governor,2021-06-21,Sent to the Governor,13
HB21-1273,2021,RS,Governor,2021-07-02,Governor Signed,14
HB21-1274,2021,RS,House,2021-04-14,Introduced In House - Assigned to Business Affairs & Labor,1
HB21-1274,2021,RS,House,2021-04-29,House Committee on Business Affairs & Labor Refer Amended to House Committee of the Whole,2
HB21-1274,2021,RS,House,2021-05-04,House Second Reading Special Order - Laid Over Daily - No Amendments,3
HB21-1274,2021,RS,House,2021-05-07,House Second Reading Passed with Amendments - Committee,4
HB21-1274,2021,RS,House,2021-05-10,House Third Reading Passed - No Amendments,5
HB21-1274,2021,RS,Senate,2021-05-12,"Introduced In Senate - Assigned to State, Veterans, & Military Affairs",6
HB21-1274,2021,RS,Senate,2021-05-18,"Senate Committee on State, Veterans, & Military Affairs Refer Amended - Consent Calendar to Senate Committee of the Whole",7
HB21-1274,2021,RS,Senate,2021-05-20,"Senate Second Reading Special Order - Passed with Amendments - Committee, Floor",8
HB21-1274,2021,RS,Senate,2021-05-21,Senate Third Reading Passed - No Amendments,9
HB21-1274,2021,RS,House,2021-05-22,House Considered Senate Amendments - Result was to Laid Over Daily,10
HB21-1274,2021,RS,House,2021-05-24,House Considered Senate Amendments - Result was to Concur - Repass,11
HB21-1274,2021,RS,Senate,2021-06-11,Signed by the President of the Senate,12
HB21-1274,2021,RS,House,2021-06-11,Signed by the Speaker of the House,13
HB21-1274,2021,RS,Governor,2021-06-11,Sent to the Governor,14
HB21-1274,2021,RS,Governor,2021-06-18,Governor Signed,15
HB21-1275,2021,RS,House,2021-04-15,Introduced In House - Assigned to Health & Insurance,1
HB21-1275,2021,RS,House,2021-04-28,House Committee on Health & Insurance Refer Amended to Appropriations,2
HB21-1275,2021,RS,House,2021-05-24,House Committee on Appropriations Refer Amended to House Committee of the Whole,3
HB21-1275,2021,RS,House,2021-05-24,House Second Reading Special Order - Passed with Amendments - Committee,4
HB21-1275,2021,RS,House,2021-05-25,House Third Reading Passed - No Amendments,5
HB21-1275,2021,RS,Senate,2021-05-25,"Introduced In Senate - Assigned to State, Veterans, & Military Affairs",6
HB21-1275,2021,RS,Senate,2021-05-26,"Senate Committee on State, Veterans, & Military Affairs Refer Unamended to Appropriations",7
HB21-1275,2021,RS,Senate,2021-06-03,Senate Committee on Appropriations Refer Unamended - Consent Calendar to Senate Committee of the Whole,8
HB21-1275,2021,RS,Senate,2021-06-03,Senate Second Reading Special Order - Passed - No Amendments,9
HB21-1275,2021,RS,Senate,2021-06-04,Senate Third Reading Passed - No Amendments,10
HB21-1275,2021,RS,Senate,2021-06-22,Signed by the President of the Senate,11
HB21-1275,2021,RS,House,2021-06-22,Signed by the Speaker of the House,12
HB21-1275,2021,RS,Governor,2021-06-22,Sent to the Governor,13
HB21-1275,2021,RS,Governor,2021-07-07,Governor Signed,14
HB21-1276,2021,RS,House,2021-04-15,Introduced In House - Assigned to Health & Insurance,1
HB21-1276,2021,RS,House,2021-05-05,House Committee on Health & Insurance Refer Amended to Appropriations,2
HB21-1276,2021,RS,House,2021-05-14,House Committee on Appropriations Refer Amended to House Committee of the Whole,3
HB21-1276,2021,RS,House,2021-05-18,House Second Reading Laid Over Daily - No Amendments,4
HB21-1276,2021,RS,House,2021-05-20,House Second Reading Laid Over Daily with Amendments - Committee,5
HB21-1276,2021,RS,House,2021-05-21,House Second Reading Special Order - Laid Over Daily - No Amendments,6
HB21-1276,2021,RS,House,2021-05-22,"House Second Reading Special Order - Passed with Amendments - Committee, Floor",7
HB21-1276,2021,RS,House,2021-05-24,House Third Reading Passed - No Amendments,8
HB21-1276,2021,RS,Senate,2021-05-24,"Introduced In Senate - Assigned to State, Veterans, & Military Affairs",9
HB21-1276,2021,RS,Senate,2021-05-26,"Senate Committee on State, Veterans, & Military Affairs Refer Amended to Appropriations",10
HB21-1276,2021,RS,Senate,2021-06-03,Senate Committee on Appropriations Refer Amended to Senate Committee of the Whole,11
HB21-1276,2021,RS,Senate,2021-06-03,"Senate Second Reading Special Order - Passed with Amendments - Committee, Floor",12
HB21-1276,2021,RS,Senate,2021-06-04,Senate Third Reading Passed - No Amendments,13
HB21-1276,2021,RS,Senate,2021-06-04,Senate Third Reading Reconsidered - No Amendments,14
HB21-1276,2021,RS,Senate,2021-06-04,Senate Third Reading Passed with Amendments - Floor,15
HB21-1276,2021,RS,House,2021-06-07,House Considered Senate Amendments - Result was to Laid Over Daily,16
HB21-1276,2021,RS,House,2021-06-08,House Considered Senate Amendments - Result was to Concur - Repass,17
HB21-1276,2021,RS,Senate,2021-06-21,Signed by the President of the Senate,18
HB21-1276,2021,RS,House,2021-06-21,Signed by the Speaker of the House,19
HB21-1276,2021,RS,Governor,2021-06-21,Sent to the Governor,20
HB21-1276,2021,RS,Governor,2021-06-28,Governor Signed,21
HB21-1277,2021,RS,House,2021-04-15,"Introduced In House - Assigned to State, Civic, Military, & Veterans Affairs",1
HB21-1277,2021,RS,House,2021-05-06,"House Committee on State, Civic, Military, & Veterans Affairs Refer Unamended to House Committee of the Whole",2
HB21-1277,2021,RS,House,2021-05-10,House Second Reading Passed - No Amendments,3
HB21-1277,2021,RS,House,2021-05-11,House Third Reading Passed - No Amendments,4
HB21-1277,2021,RS,Senate,2021-05-12,"Introduced In Senate - Assigned to State, Veterans, & Military Affairs",5
HB21-1277,2021,RS,Senate,2021-05-18,"Senate Committee on State, Veterans, & Military Affairs Refer Unamended - Consent Calendar to Senate Committee of the Whole",6
HB21-1277,2021,RS,Senate,2021-05-20,Senate Second Reading Special Order - Passed - No Amendments,7
HB21-1277,2021,RS,Senate,2021-05-21,Senate Third Reading Passed - No Amendments,8
HB21-1277,2021,RS,Senate,2021-06-08,Signed by the President of the Senate,9
HB21-1277,2021,RS,House,2021-06-08,Signed by the Speaker of the House,10
HB21-1277,2021,RS,Governor,2021-06-09,Sent to the Governor,11
HB21-1277,2021,RS,Governor,2021-06-18,Governor Signed,12
HB21-1278,2021,RS,House,2021-04-15,Introduced In House - Assigned to Transportation & Local Government,1
HB21-1278,2021,RS,House,2021-05-04,House Committee on Transportation & Local Government Refer Amended to House Committee of the Whole,2
HB21-1278,2021,RS,House,2021-05-10,House Second Reading Passed with Amendments - Committee,3
HB21-1278,2021,RS,House,2021-05-11,House Third Reading Passed - No Amendments,4
HB21-1278,2021,RS,Senate,2021-05-12,Introduced In Senate - Assigned to Local Government,5
HB21-1278,2021,RS,Senate,2021-05-25,Senate Committee on Local Government Refer Amended - Consent Calendar to Senate Committee of the Whole,6
HB21-1278,2021,RS,Senate,2021-05-26,Senate Second Reading Special Order - Passed with Amendments - Committee,7
HB21-1278,2021,RS,Senate,2021-05-27,Senate Third Reading Passed - No Amendments,8
HB21-1278,2021,RS,House,2021-06-01,House Considered Senate Amendments - Result was to Laid Over Daily,9
HB21-1278,2021,RS,House,2021-06-07,House Considered Senate Amendments - Result was to Concur - Repass,10
HB21-1278,2021,RS,Senate,2021-06-21,Signed by the President of the Senate,11
HB21-1278,2021,RS,House,2021-06-21,Signed by the Speaker of the House,12
HB21-1278,2021,RS,Governor,2021-06-21,Sent to the Governor,13
HB21-1278,2021,RS,Governor,2021-07-07,Governor Signed,14
HB21-1279,2021,RS,House,2021-04-15,Introduced In House - Assigned to Public & Behavioral Health & Human Services,1
HB21-1279,2021,RS,House,2021-04-30,House Committee on Public & Behavioral Health & Human Services Refer Amended to Finance,2
HB21-1279,2021,RS,House,2021-05-13,House Committee on Finance Refer Unamended to Appropriations,3
HB21-1279,2021,RS,House,2021-05-21,House Committee on Appropriations Refer Unamended to House Committee of the Whole,4
HB21-1279,2021,RS,House,2021-05-21,House Second Reading Special Order - Passed with Amendments - Committee,5
HB21-1279,2021,RS,House,2021-05-22,House Third Reading Laid Over Daily - No Amendments,6
HB21-1279,2021,RS,House,2021-05-24,House Third Reading Passed - No Amendments,7
HB21-1279,2021,RS,Senate,2021-05-24,Introduced In Senate - Assigned to Finance,8
HB21-1279,2021,RS,Senate,2021-05-26,Senate Committee on Finance Refer Unamended to Appropriations,9
HB21-1279,2021,RS,Senate,2021-06-01,Senate Committee on Appropriations Refer Unamended - Consent Calendar to Senate Committee of the Whole,10
HB21-1279,2021,RS,Senate,2021-06-01,Senate Second Reading Special Order - Passed - No Amendments,11
HB21-1279,2021,RS,Senate,2021-06-02,Senate Third Reading Passed - No Amendments,12
HB21-1279,2021,RS,Senate,2021-06-24,Signed by the President of the Senate,13
HB21-1279,2021,RS,House,2021-06-24,Signed by the Speaker of the House,14
HB21-1279,2021,RS,Governor,2021-06-24,Sent to the Governor,15
HB21-1279,2021,RS,Governor,2021-07-06,Governor Signed,16
HB21-1280,2021,RS,House,2021-04-16,Introduced In House - Assigned to Judiciary,1
HB21-1280,2021,RS,House,2021-05-05,House Committee on Judiciary Refer Amended to Appropriations,2
HB21-1280,2021,RS,House,2021-05-14,House Committee on Appropriations Refer Amended to House Committee of the Whole,3
HB21-1280,2021,RS,House,2021-05-18,House Second Reading Laid Over Daily - No Amendments,4
HB21-1280,2021,RS,House,2021-05-19,"House Second Reading Special Order - Passed with Amendments - Committee, Floor",5
HB21-1280,2021,RS,House,2021-05-20,House Third Reading Passed - No Amendments,6
HB21-1280,2021,RS,Senate,2021-05-20,"Introduced In Senate - Assigned to State, Veterans, & Military Affairs",7
HB21-1280,2021,RS,Senate,2021-05-25,"Senate Committee on State, Veterans, & Military Affairs Refer Unamended to Appropriations",8
HB21-1280,2021,RS,Senate,2021-06-03,Senate Committee on Appropriations Refer Unamended - Consent Calendar to Senate Committee of the Whole,9
HB21-1280,2021,RS,Senate,2021-06-03,Senate Second Reading Special Order - Passed - No Amendments,10
HB21-1280,2021,RS,Senate,2021-06-04,Senate Third Reading Passed - No Amendments,11
HB21-1280,2021,RS,Senate,2021-06-23,Signed by the President of the Senate,12
HB21-1280,2021,RS,House,2021-06-23,Signed by the Speaker of the House,13
HB21-1280,2021,RS,Governor,2021-06-23,Sent to the Governor,14
HB21-1280,2021,RS,Governor,2021-07-06,Governor Signed,15
HB21-1281,2021,RS,House,2021-04-16,Introduced In House - Assigned to Public & Behavioral Health & Human Services,1
HB21-1281,2021,RS,House,2021-04-30,House Committee on Public & Behavioral Health & Human Services Refer Amended to Appropriations,2
HB21-1281,2021,RS,House,2021-05-18,House Committee on Appropriations Refer Amended to House Committee of the Whole,3
HB21-1281,2021,RS,House,2021-05-19,"House Second Reading Special Order - Passed with Amendments - Committee, Floor",4
HB21-1281,2021,RS,House,2021-05-20,House Third Reading Passed - No Amendments,5
HB21-1281,2021,RS,Senate,2021-05-20,"Introduced In Senate - Assigned to State, Veterans, & Military Affairs",6
HB21-1281,2021,RS,Senate,2021-05-25,"Senate Committee on State, Veterans, & Military Affairs Refer Unamended to Appropriations",7
HB21-1281,2021,RS,Senate,2021-06-03,Senate Committee on Appropriations Refer Unamended to Senate Committee of the Whole,8
HB21-1281,2021,RS,Senate,2021-06-03,Senate Second Reading Special Order - Passed - No Amendments,9
HB21-1281,2021,RS,Senate,2021-06-04,Senate Third Reading Passed - No Amendments,10
HB21-1281,2021,RS,Senate,2021-06-16,Signed by the President of the Senate,11
HB21-1281,2021,RS,House,2021-06-16,Signed by the Speaker of the House,12
HB21-1281,2021,RS,Governor,2021-06-17,Sent to the Governor,13
HB21-1281,2021,RS,Governor,2021-06-28,Governor Signed,14
HB21-1282,2021,RS,House,2021-04-16,Introduced In House - Assigned to Business Affairs & Labor,1
HB21-1282,2021,RS,House,2021-04-29,House Committee on Business Affairs & Labor Refer Amended to Finance,2
HB21-1282,2021,RS,House,2021-05-10,House Committee on Finance Refer Amended to Appropriations,3
HB21-1282,2021,RS,House,2021-05-18,House Committee on Appropriations Refer Amended to House Committee of the Whole,4
HB21-1282,2021,RS,House,2021-05-19,"House Second Reading Special Order - Passed with Amendments - Committee, Floor",5
HB21-1282,2021,RS,House,2021-05-20,House Third Reading Passed - No Amendments,6
HB21-1282,2021,RS,Senate,2021-05-20,Introduced In Senate - Assigned to Finance,7
HB21-1282,2021,RS,Senate,2021-05-25,Senate Committee on Finance Refer Amended to Appropriations,8
HB21-1282,2021,RS,Senate,2021-06-01,Senate Committee on Appropriations Refer Unamended to Senate Committee of the Whole,9
HB21-1282,2021,RS,Senate,2021-06-01,Senate Second Reading Special Order - Passed with Amendments - Committee,10
HB21-1282,2021,RS,Senate,2021-06-02,Senate Third Reading Passed - No Amendments,11
HB21-1282,2021,RS,House,2021-06-03,House Considered Senate Amendments - Result was to Laid Over Daily,12
HB21-1282,2021,RS,House,2021-06-23,House Considered Senate Amendments - Result was to Concur - Repass,13
HB21-1282,2021,RS,Senate,2021-06-24,Signed by the President of the Senate,14
HB21-1282,2021,RS,House,2021-06-24,Signed by the Speaker of the House,15
HB21-1282,2021,RS,Governor,2021-06-24,Sent to the Governor,16
HB21-1282,2021,RS,Governor,2021-07-07,Governor Signed,17
HB21-1283,2021,RS,House,2021-04-19,Introduced In House - Assigned to Business Affairs & Labor,1
HB21-1283,2021,RS,House,2021-05-13,House Committee on Business Affairs & Labor Refer Amended to House Committee of the Whole,2
HB21-1283,2021,RS,House,2021-05-17,House Second Reading Laid Over Daily - No Amendments,3
HB21-1283,2021,RS,House,2021-05-19,"House Second Reading Special Order - Passed with Amendments - Committee, Floor",4
HB21-1283,2021,RS,House,2021-05-20,House Third Reading Passed - No Amendments,5
HB21-1283,2021,RS,Senate,2021-05-21,"Introduced In Senate - Assigned to Business, Labor, & Technology",6
HB21-1283,2021,RS,Senate,2021-05-26,"Senate Committee on Business, Labor, & Technology Refer Unamended to Appropriations",7
HB21-1283,2021,RS,Senate,2021-06-01,Senate Committee on Appropriations Refer Amended to Senate Committee of the Whole,8
HB21-1283,2021,RS,Senate,2021-06-01,Senate Second Reading Special Order - Passed with Amendments - Committee,9
HB21-1283,2021,RS,Senate,2021-06-02,Senate Third Reading Passed - No Amendments,10
HB21-1283,2021,RS,House,2021-06-03,House Considered Senate Amendments - Result was to Laid Over Daily,11
HB21-1283,2021,RS,House,2021-06-08,House Considered Senate Amendments - Result was to Concur - Repass,12
HB21-1283,2021,RS,Senate,2021-06-24,Signed by the President of the Senate,13
HB21-1283,2021,RS,House,2021-06-24,Signed by the Speaker of the House,14
HB21-1283,2021,RS,Governor,2021-06-24,Sent to the Governor,15
HB21-1283,2021,RS,Governor,2021-07-07,Governor Signed,16
HB21-1284,2021,RS,House,2021-04-21,Introduced In House - Assigned to Transportation & Local Government,1
HB21-1284,2021,RS,House,2021-05-05,House Committee on Transportation & Local Government Refer Unamended to House Committee of the Whole,2
HB21-1284,2021,RS,House,2021-05-07,House Second Reading Special Order - Passed - No Amendments,3
HB21-1284,2021,RS,House,2021-05-10,House Third Reading Passed - No Amendments,4
HB21-1284,2021,RS,Senate,2021-05-12,Introduced In Senate - Assigned to Local Government,5
HB21-1284,2021,RS,Senate,2021-05-25,Senate Committee on Local Government Refer Unamended to Senate Committee of the Whole,6
HB21-1284,2021,RS,Senate,2021-05-26,Senate Second Reading Special Order - Passed - No Amendments,7
HB21-1284,2021,RS,Senate,2021-05-27,Senate Third Reading Passed - No Amendments,8
HB21-1284,2021,RS,Senate,2021-06-11,Signed by the President of the Senate,9
HB21-1284,2021,RS,House,2021-06-11,Signed by the Speaker of the House,10
HB21-1284,2021,RS,Governor,2021-06-11,Sent to the Governor,11
HB21-1284,2021,RS,Governor,2021-06-24,Governor Signed,12
HB21-1285,2021,RS,House,2021-04-21,Introduced In House - Assigned to Business Affairs & Labor,1
HB21-1285,2021,RS,House,2021-04-28,House Committee on Business Affairs & Labor Refer Amended to Appropriations,2
HB21-1285,2021,RS,House,2021-05-04,House Committee on Appropriations Refer Unamended to House Committee of the Whole,3
HB21-1285,2021,RS,House,2021-05-04,House Second Reading Special Order - Laid Over Daily - No Amendments,4
HB21-1285,2021,RS,House,2021-05-06,House Second Reading Passed with Amendments - Committee,5
HB21-1285,2021,RS,House,2021-05-06,House Third Reading Laid Over Daily - No Amendments,6
HB21-1285,2021,RS,House,2021-05-07,House Third Reading Passed - No Amendments,7
HB21-1285,2021,RS,Senate,2021-05-10,Introduced In Senate - Assigned to Local Government,8
HB21-1285,2021,RS,Senate,2021-05-25,Senate Committee on Local Government Refer Amended to Appropriations,9
HB21-1285,2021,RS,Senate,2021-06-03,Senate Committee on Appropriations Refer Amended to Senate Committee of the Whole,10
HB21-1285,2021,RS,Senate,2021-06-04,Senate Second Reading Special Order - Passed with Amendments - Committee,11
HB21-1285,2021,RS,Senate,2021-06-07,Senate Third Reading Passed - No Amendments,12
HB21-1285,2021,RS,House,2021-06-08,House Considered Senate Amendments - Result was to Concur - Repass,13
HB21-1285,2021,RS,Senate,2021-06-11,Signed by the President of the Senate,14
HB21-1285,2021,RS,House,2021-06-11,Signed by the Speaker of the House,15
HB21-1285,2021,RS,Governor,2021-06-11,Sent to the Governor,16
HB21-1285,2021,RS,Governor,2021-06-14,Governor Signed,17
HB21-1286,2021,RS,House,2021-04-21,Introduced In House - Assigned to Energy & Environment,1
HB21-1286,2021,RS,House,2021-05-06,House Committee on Energy & Environment Refer Amended to Finance,2
HB21-1286,2021,RS,House,2021-05-17,House Committee on Finance Refer Amended to Appropriations,3
HB21-1286,2021,RS,House,2021-05-21,House Committee on Appropriations Refer Unamended to House Committee of the Whole,4
HB21-1286,2021,RS,House,2021-05-21,House Second Reading Special Order - Laid Over Daily - No Amendments,5
HB21-1286,2021,RS,House,2021-05-24,"House Second Reading Special Order - Laid Over Daily with Amendments - Committee, Floor",6
HB21-1286,2021,RS,House,2021-05-25,"House Second Reading Special Order - Passed with Amendments - Committee, Floor",7
HB21-1286,2021,RS,House,2021-05-26,House Third Reading Passed - No Amendments,8
HB21-1286,2021,RS,Senate,2021-05-26,Introduced In Senate - Assigned to Finance,9
HB21-1286,2021,RS,Senate,2021-06-01,Senate Committee on Finance Refer Amended to Appropriations,10
HB21-1286,2021,RS,Senate,2021-06-03,Senate Committee on Appropriations Refer Unamended to Senate Committee of the Whole,11
HB21-1286,2021,RS,Senate,2021-06-04,"Senate Second Reading Special Order - Passed with Amendments - Committee, Floor",12
HB21-1286,2021,RS,Senate,2021-06-07,Senate Third Reading Passed with Amendments - Floor,13
HB21-1286,2021,RS,House,2021-06-08,House Considered Senate Amendments - Result was to Concur - Repass,14
HB21-1286,2021,RS,Senate,2021-06-21,Signed by the President of the Senate,15
HB21-1286,2021,RS,House,2021-06-21,Signed by the Speaker of the House,16
HB21-1286,2021,RS,Governor,2021-06-21,Sent to the Governor,17
HB21-1286,2021,RS,Governor,2021-06-24,Governor Signed,18
HB21-1287,2021,RS,House,2021-04-21,"Introduced In House - Assigned to State, Civic, Military, & Veterans Affairs",1
HB21-1287,2021,RS,House,2021-05-06,"House Committee on State, Civic, Military, & Veterans Affairs Refer Amended to House Committee of the Whole",2
HB21-1287,2021,RS,House,2021-05-10,House Second Reading Passed with Amendments - Committee,3
HB21-1287,2021,RS,House,2021-05-11,House Third Reading Passed - No Amendments,4
HB21-1287,2021,RS,Senate,2021-05-13,"Introduced In Senate - Assigned to State, Veterans, & Military Affairs",5
HB21-1287,2021,RS,Senate,2021-05-18,"Senate Committee on State, Veterans, & Military Affairs Refer Unamended - Consent Calendar to Senate Committee of the Whole",6
HB21-1287,2021,RS,Senate,2021-05-20,Senate Second Reading Special Order - Passed - No Amendments,7
HB21-1287,2021,RS,Senate,2021-05-21,Senate Third Reading Passed - No Amendments,8
HB21-1287,2021,RS,House,2021-06-16,Signed by the Speaker of the House,9
HB21-1287,2021,RS,Senate,2021-06-16,Signed by the President of the Senate,10
HB21-1287,2021,RS,Governor,2021-06-16,Sent to the Governor,11
HB21-1287,2021,RS,Governor,2021-06-18,Governor Signed,12
HB21-1288,2021,RS,House,2021-04-21,Introduced In House - Assigned to Business Affairs & Labor,1
HB21-1288,2021,RS,House,2021-05-05,House Committee on Business Affairs & Labor Refer Amended to Finance,2
HB21-1288,2021,RS,House,2021-05-17,House Committee on Finance Refer Amended to Appropriations,3
HB21-1288,2021,RS,House,2021-05-21,House Committee on Appropriations Refer Unamended to House Committee of the Whole,4
HB21-1288,2021,RS,House,2021-05-21,House Second Reading Special Order - Laid Over Daily - No Amendments,5
HB21-1288,2021,RS,House,2021-05-22,House Second Reading Special Order - Passed with Amendments - Committee,6
HB21-1288,2021,RS,House,2021-05-24,House Third Reading Passed - No Amendments,7
HB21-1288,2021,RS,Senate,2021-05-24,Introduced In Senate - Assigned to Finance,8
HB21-1288,2021,RS,Senate,2021-05-26,Senate Committee on Finance Refer Unamended to Appropriations,9
HB21-1288,2021,RS,Senate,2021-06-01,Senate Committee on Appropriations Refer Amended - Consent Calendar to Senate Committee of the Whole,10
HB21-1288,2021,RS,Senate,2021-06-02,Senate Second Reading Special Order - Passed with Amendments - Committee,11
HB21-1288,2021,RS,Senate,2021-06-03,Senate Third Reading Passed - No Amendments,12
HB21-1288,2021,RS,House,2021-06-04,House Considered Senate Amendments - Result was to Laid Over Daily,13
HB21-1288,2021,RS,House,2021-06-08,House Considered Senate Amendments - Result was to Concur - Repass,14
HB21-1288,2021,RS,Senate,2021-06-16,Signed by the President of the Senate,15
HB21-1288,2021,RS,House,2021-06-16,Signed by the Speaker of the House,16
HB21-1288,2021,RS,Governor,2021-06-17,Sent to the Governor,17
HB21-1288,2021,RS,Governor,2021-07-07,Governor Signed,18
HB21-1289,2021,RS,House,2021-04-21,Introduced In House - Assigned to Transportation & Local Government,1
HB21-1289,2021,RS,House,2021-05-04,House Committee on Transportation & Local Government Refer Amended to Appropriations,2
HB21-1289,2021,RS,House,2021-05-14,House Committee on Appropriations Refer Unamended to House Committee of the Whole,3
HB21-1289,2021,RS,House,2021-05-18,House Second Reading Laid Over Daily - No Amendments,4
HB21-1289,2021,RS,House,2021-05-19,"House Second Reading Special Order - Passed with Amendments - Committee, Floor",5
HB21-1289,2021,RS,House,2021-05-20,House Third Reading Passed - No Amendments,6
HB21-1289,2021,RS,Senate,2021-05-20,"Introduced In Senate - Assigned to Business, Labor, & Technology",7
HB21-1289,2021,RS,Senate,2021-05-24,"Senate Committee on Business, Labor, & Technology Refer Unamended to Appropriations",8
HB21-1289,2021,RS,Senate,2021-06-03,Senate Committee on Appropriations Refer Amended to Senate Committee of the Whole,9
HB21-1289,2021,RS,Senate,2021-06-03,"Senate Second Reading Special Order - Passed with Amendments - Committee, Floor",10
HB21-1289,2021,RS,Senate,2021-06-04,Senate Third Reading Passed - No Amendments,11
HB21-1289,2021,RS,House,2021-06-07,House Considered Senate Amendments - Result was to Laid Over Daily,12
HB21-1289,2021,RS,House,2021-06-08,House Considered Senate Amendments - Result was to Concur - Repass,13
HB21-1289,2021,RS,Senate,2021-06-21,Signed by the President of the Senate,14
HB21-1289,2021,RS,House,2021-06-21,Signed by the Speaker of the House,15
HB21-1289,2021,RS,Governor,2021-06-21,Sent to the Governor,16
HB21-1289,2021,RS,Governor,2021-06-28,Governor Signed,17
HB21-1290,2021,RS,House,2021-04-21,Introduced In House - Assigned to Business Affairs & Labor,1
HB21-1290,2021,RS,House,2021-05-06,House Committee on Business Affairs & Labor Refer Amended to Appropriations,2
HB21-1290,2021,RS,House,2021-05-14,House Committee on Appropriations Refer Amended to House Committee of the Whole,3
HB21-1290,2021,RS,House,2021-05-18,House Second Reading Laid Over Daily - No Amendments,4
HB21-1290,2021,RS,House,2021-05-19,House Second Reading Special Order - Passed with Amendments - Committee,5
HB21-1290,2021,RS,House,2021-05-20,House Third Reading Passed - No Amendments,6
HB21-1290,2021,RS,Senate,2021-05-20,"Introduced In Senate - Assigned to Business, Labor, & Technology",7
HB21-1290,2021,RS,Senate,2021-05-24,"Senate Committee on Business, Labor, & Technology Refer Unamended to Appropriations",8
HB21-1290,2021,RS,Senate,2021-06-01,Senate Committee on Appropriations Refer Unamended - Consent Calendar to Senate Committee of the Whole,9
HB21-1290,2021,RS,Senate,2021-06-01,Senate Second Reading Special Order - Passed - No Amendments,10
HB21-1290,2021,RS,Senate,2021-06-02,Senate Third Reading Passed - No Amendments,11
HB21-1290,2021,RS,Senate,2021-06-11,Signed by the President of the Senate,12
HB21-1290,2021,RS,House,2021-06-11,Signed by the Speaker of the House,13
HB21-1290,2021,RS,Governor,2021-06-11,Sent to the Governor,14
HB21-1290,2021,RS,Governor,2021-06-30,Governor Signed,15
HB21-1291,2021,RS,House,2021-04-22,Introduced In House - Assigned to Transportation & Local Government,1
HB21-1291,2021,RS,House,2021-05-05,House Committee on Transportation & Local Government Refer Amended to House Committee of the Whole,2
HB21-1291,2021,RS,House,2021-05-10,House Second Reading Passed with Amendments - Committee,3
HB21-1291,2021,RS,House,2021-05-11,House Third Reading Passed - No Amendments,4
HB21-1291,2021,RS,Senate,2021-05-12,Introduced In Senate - Assigned to Transportation & Energy,5
HB21-1291,2021,RS,Senate,2021-05-18,Senate Committee on Transportation & Energy Refer Unamended - Consent Calendar to Senate Committee of the Whole,6
HB21-1291,2021,RS,Senate,2021-05-20,Senate Second Reading Passed - No Amendments,7
HB21-1291,2021,RS,Senate,2021-05-21,Senate Third Reading Passed - No Amendments,8
HB21-1291,2021,RS,Senate,2021-06-16,Signed by the President of the Senate,9
HB21-1291,2021,RS,House,2021-06-16,Signed by the Speaker of the House,10
HB21-1291,2021,RS,Governor,2021-06-17,Sent to the Governor,11
HB21-1291,2021,RS,Governor,2021-06-18,Governor Signed,12
HB21-1292,2021,RS,House,2021-04-22,Introduced In House - Assigned to Business Affairs & Labor,1
HB21-1292,2021,RS,House,2021-05-05,House Committee on Business Affairs & Labor Witness Testimony and/or Committee Discussion Only,2
HB21-1292,2021,RS,House,2021-05-12,House Committee on Business Affairs & Labor Refer Amended to House Committee of the Whole,3
HB21-1292,2021,RS,House,2021-05-17,House Second Reading Laid Over Daily - No Amendments,4
HB21-1292,2021,RS,House,2021-05-18,House Second Reading Passed with Amendments - Committee,5
HB21-1292,2021,RS,House,2021-05-19,House Third Reading Passed - No Amendments,6
HB21-1292,2021,RS,Senate,2021-05-19,Introduced In Senate - Assigned to Finance,7
HB21-1292,2021,RS,Senate,2021-05-24,Senate Committee on Finance Refer Unamended to Senate Committee of the Whole,8
HB21-1292,2021,RS,Senate,2021-05-26,Senate Second Reading Passed - No Amendments,9
HB21-1292,2021,RS,Senate,2021-05-27,Senate Third Reading Passed - No Amendments,10
HB21-1292,2021,RS,Senate,2021-06-11,Signed by the President of the Senate,11
HB21-1292,2021,RS,House,2021-06-11,Signed by the Speaker of the House,12
HB21-1292,2021,RS,Governor,2021-06-11,Sent to the Governor,13
HB21-1292,2021,RS,Governor,2021-07-06,Governor Signed,14
HB21-1293,2021,RS,House,2021-04-22,Introduced In House - Assigned to Business Affairs & Labor,1
HB21-1293,2021,RS,House,2021-05-06,House Committee on Business Affairs & Labor Refer Unamended to House Committee of the Whole,2
HB21-1293,2021,RS,House,2021-05-07,House Second Reading Special Order - Passed - No Amendments,3
HB21-1293,2021,RS,House,2021-05-10,House Third Reading Passed - No Amendments,4
HB21-1293,2021,RS,Senate,2021-05-13,"Introduced In Senate - Assigned to Business, Labor, & Technology",5
HB21-1293,2021,RS,Senate,2021-05-24,"Senate Committee on Business, Labor, & Technology Refer Unamended - Consent Calendar to Senate Committee of the Whole",6
HB21-1293,2021,RS,Senate,2021-05-26,Senate Second Reading Passed - No Amendments,7
HB21-1293,2021,RS,Senate,2021-05-27,Senate Third Reading Passed - No Amendments,8
HB21-1293,2021,RS,Senate,2021-06-08,Signed by the President of the Senate,9
HB21-1293,2021,RS,House,2021-06-08,Signed by the Speaker of the House,10
HB21-1293,2021,RS,Governor,2021-06-09,Sent to the Governor,11
HB21-1293,2021,RS,Governor,2021-07-02,Governor Signed,12
HB21-1294,2021,RS,House,2021-04-22,Introduced In House - Assigned to Education,1
HB21-1294,2021,RS,House,2021-05-06,House Committee on Education Refer Amended to Appropriations,2
HB21-1294,2021,RS,House,2021-05-21,House Committee on Appropriations Refer Amended to House Committee of the Whole,3
HB21-1294,2021,RS,House,2021-05-21,House Second Reading Special Order - Passed with Amendments - Committee,4
HB21-1294,2021,RS,House,2021-05-22,House Third Reading Laid Over Daily - No Amendments,5
HB21-1294,2021,RS,House,2021-05-24,House Third Reading Passed - No Amendments,6
HB21-1294,2021,RS,Senate,2021-05-24,Introduced In Senate - Assigned to Education,7
HB21-1294,2021,RS,Senate,2021-05-25,Senate Committee on Education Refer Unamended to Appropriations,8
HB21-1294,2021,RS,Senate,2021-06-03,Senate Committee on Appropriations Refer Unamended to Senate Committee of the Whole,9
HB21-1294,2021,RS,Senate,2021-06-03,Senate Second Reading Passed with Amendments - Floor,10
HB21-1294,2021,RS,Senate,2021-06-04,Senate Third Reading Passed - No Amendments,11
HB21-1294,2021,RS,Senate,2021-06-04,Senate Third Reading Reconsidered - No Amendments,12
HB21-1294,2021,RS,House,2021-06-07,House Considered Senate Amendments - Result was to Laid Over Daily,13
HB21-1294,2021,RS,House,2021-06-08,House Considered Senate Amendments - Result was to Concur - Repass,14
HB21-1294,2021,RS,Senate,2021-06-22,Signed by the President of the Senate,15
HB21-1294,2021,RS,House,2021-06-22,Signed by the Speaker of the House,16
HB21-1294,2021,RS,Governor,2021-06-22,Sent to the Governor,17
HB21-1294,2021,RS,Governor,2021-07-02,Governor Signed,18
HB21-1295,2021,RS,House,2021-04-26,Introduced In House - Assigned to Education,1
HB21-1295,2021,RS,House,2021-05-27,House Committee on Education Postpone Indefinitely,2
HB21-1296,2021,RS,House,2021-04-28,Introduced In House - Assigned to Business Affairs & Labor,1
HB21-1296,2021,RS,House,2021-05-12,House Committee on Business Affairs & Labor Refer Amended to House Committee of the Whole,2
HB21-1296,2021,RS,House,2021-05-14,House Second Reading Laid Over Daily - No Amendments,3
HB21-1296,2021,RS,House,2021-05-17,House Second Reading Passed with Amendments - Committee,4
HB21-1296,2021,RS,House,2021-05-18,House Third Reading Passed - No Amendments,5
HB21-1296,2021,RS,Senate,2021-05-18,Introduced In Senate - Assigned to Local Government,6
HB21-1296,2021,RS,Senate,2021-05-25,Senate Committee on Local Government Refer Unamended - Consent Calendar to Senate Committee of the Whole,7
HB21-1296,2021,RS,Senate,2021-05-26,Senate Second Reading Special Order - Passed - No Amendments,8
HB21-1296,2021,RS,Senate,2021-05-27,Senate Third Reading Passed - No Amendments,9
HB21-1296,2021,RS,House,2021-06-14,Signed by the Speaker of the House,10
HB21-1296,2021,RS,Senate,2021-06-14,Signed by the President of the Senate,11
HB21-1296,2021,RS,Governor,2021-06-14,Sent to the Governor,12
HB21-1296,2021,RS,Governor,2021-06-30,Governor Signed,13
HB21-1297,2021,RS,House,2021-04-28,Introduced In House - Assigned to Health & Insurance,1
HB21-1297,2021,RS,House,2021-05-19,House Committee on Health & Insurance Refer Amended to House Committee of the Whole,2
HB21-1297,2021,RS,House,2021-05-21,House Second Reading Special Order - Laid Over Daily - No Amendments,3
HB21-1297,2021,RS,House,2021-05-22,House Second Reading Special Order - Passed with Amendments - Committee,4
HB21-1297,2021,RS,House,2021-05-24,House Third Reading Passed - No Amendments,5
HB21-1297,2021,RS,Senate,2021-05-24,"Introduced In Senate - Assigned to State, Veterans, & Military Affairs",6
HB21-1297,2021,RS,Senate,2021-05-27,"Senate Committee on State, Veterans, & Military Affairs Refer Unamended to Senate Committee of the Whole",7
HB21-1297,2021,RS,Senate,2021-05-28,Senate Second Reading Special Order - Passed - No Amendments,8
HB21-1297,2021,RS,Senate,2021-06-01,Senate Third Reading Passed - No Amendments,9
HB21-1297,2021,RS,Senate,2021-06-24,Signed by the President of the Senate,10
HB21-1297,2021,RS,House,2021-06-24,Signed by the Speaker of the House,11
HB21-1297,2021,RS,Governor,2021-06-24,Sent to the Governor,12
HB21-1297,2021,RS,Governor,2021-07-06,Governor Signed,13
HB21-1298,2021,RS,House,2021-04-29,Introduced In House - Assigned to Judiciary,1
HB21-1298,2021,RS,House,2021-05-05,House Committee on Judiciary Refer Unamended to House Committee of the Whole,2
HB21-1298,2021,RS,House,2021-05-11,House Second Reading Laid Over Daily - No Amendments,3
HB21-1298,2021,RS,House,2021-05-14,House Second Reading Special Order - Passed with Amendments - Floor,4
HB21-1298,2021,RS,House,2021-05-17,House Third Reading Passed - No Amendments,5
HB21-1298,2021,RS,House,2021-05-17,House Third Reading Reconsidered - No Amendments,6
HB21-1298,2021,RS,Senate,2021-05-18,"Introduced In Senate - Assigned to State, Veterans, & Military Affairs",7
HB21-1298,2021,RS,Senate,2021-05-25,"Senate Committee on State, Veterans, & Military Affairs Refer Amended to Senate Committee of the Whole",8
HB21-1298,2021,RS,Senate,2021-05-26,Senate Second Reading Special Order - Laid Over Daily - No Amendments,9
HB21-1298,2021,RS,Senate,2021-05-27,Senate Second Reading Passed with Amendments - Committee,10
HB21-1298,2021,RS,Senate,2021-05-28,Senate Third Reading Passed - No Amendments,11
HB21-1298,2021,RS,House,2021-06-01,House Considered Senate Amendments - Result was to Laid Over Daily,12
HB21-1298,2021,RS,House,2021-06-07,House Considered Senate Amendments - Result was to Concur - Repass,13
HB21-1298,2021,RS,Senate,2021-06-14,Signed by the President of the Senate,14
HB21-1298,2021,RS,House,2021-06-14,Signed by the Speaker of the House,15
HB21-1298,2021,RS,Governor,2021-06-15,Sent to the Governor,16
HB21-1298,2021,RS,Governor,2021-06-19,Governor Signed,17
HB21-1299,2021,RS,House,2021-04-29,Introduced In House - Assigned to Public & Behavioral Health & Human Services,1
HB21-1299,2021,RS,House,2021-05-07,House Committee on Public & Behavioral Health & Human Services Refer Unamended to Appropriations,2
HB21-1299,2021,RS,House,2021-05-14,House Committee on Appropriations Refer Unamended to House Committee of the Whole,3
HB21-1299,2021,RS,House,2021-05-14,House Second Reading Special Order - Passed with Amendments - Floor,4
HB21-1299,2021,RS,House,2021-05-17,House Third Reading Passed - No Amendments,5
HB21-1299,2021,RS,Senate,2021-05-18,"Introduced In Senate - Assigned to State, Veterans, & Military Affairs",6
HB21-1299,2021,RS,Senate,2021-05-25,"Senate Committee on State, Veterans, & Military Affairs Refer Unamended to Appropriations",7
HB21-1299,2021,RS,Senate,2021-05-28,Senate Committee on Appropriations Refer Unamended to Senate Committee of the Whole,8
HB21-1299,2021,RS,Senate,2021-05-28,Senate Second Reading Special Order - Passed - No Amendments,9
HB21-1299,2021,RS,Senate,2021-06-01,Senate Third Reading Passed - No Amendments,10
HB21-1299,2021,RS,Senate,2021-06-16,Signed by the President of the Senate,11
HB21-1299,2021,RS,House,2021-06-16,Signed by the Speaker of the House,12
HB21-1299,2021,RS,Governor,2021-06-17,Sent to the Governor,13
HB21-1299,2021,RS,Governor,2021-06-19,Governor Signed,14
HB21-1300,2021,RS,House,2021-04-30,Introduced In House - Assigned to Judiciary,1
HB21-1300,2021,RS,House,2021-05-11,House Committee on Judiciary Refer Amended to House Committee of the Whole,2
HB21-1300,2021,RS,House,2021-05-14,House Second Reading Laid Over Daily - No Amendments,3
HB21-1300,2021,RS,House,2021-05-18,"House Second Reading Passed with Amendments - Committee, Floor",4
HB21-1300,2021,RS,House,2021-05-19,House Third Reading Passed - No Amendments,5
HB21-1300,2021,RS,Senate,2021-05-19,"Introduced In Senate - Assigned to State, Veterans, & Military Affairs",6
HB21-1300,2021,RS,Senate,2021-05-24,"Senate Committee on State, Veterans, & Military Affairs Refer Unamended - Consent Calendar to Senate Committee of the Whole",7
HB21-1300,2021,RS,Senate,2021-05-26,Senate Second Reading Passed - No Amendments,8
HB21-1300,2021,RS,Senate,2021-05-27,Senate Third Reading Passed - No Amendments,9
HB21-1300,2021,RS,Senate,2021-06-21,Signed by the President of the Senate,10
HB21-1300,2021,RS,House,2021-06-21,Signed by the Speaker of the House,11
HB21-1300,2021,RS,Governor,2021-06-21,Sent to the Governor,12
HB21-1300,2021,RS,Governor,2021-07-07,Governor Signed,13
HB21-1301,2021,RS,House,2021-05-04,"Introduced In House - Assigned to Agriculture, Livestock, & Water",1
HB21-1301,2021,RS,House,2021-05-20,"House Committee on Agriculture, Livestock, & Water Refer Amended to Finance",2
HB21-1301,2021,RS,House,2021-05-24,House Committee on Finance Refer Unamended to Appropriations,3
HB21-1301,2021,RS,House,2021-05-25,House Committee on Appropriations Refer Amended to House Committee of the Whole,4
HB21-1301,2021,RS,House,2021-05-25,House Second Reading Special Order - Passed with Amendments - Committee,5
HB21-1301,2021,RS,House,2021-05-26,House Third Reading Passed - No Amendments,6
HB21-1301,2021,RS,Senate,2021-05-26,Introduced In Senate - Assigned to Finance,7
HB21-1301,2021,RS,Senate,2021-05-27,Senate Committee on Finance Refer Amended to Appropriations,8
HB21-1301,2021,RS,Senate,2021-06-02,Senate Committee on Appropriations Refer Unamended to Senate Committee of the Whole,9
HB21-1301,2021,RS,Senate,2021-06-02,"Senate Second Reading Special Order - Passed with Amendments - Committee, Floor",10
HB21-1301,2021,RS,Senate,2021-06-03,Senate Third Reading Passed with Amendments - Floor,11
HB21-1301,2021,RS,House,2021-06-03,House Considered Senate Amendments - Result was to Not Concur - Request Conference Committee,12
HB21-1301,2021,RS,ConfComm,2021-06-04,First Conference Committee Result was to Adopt Rerevised w/ Amendments,13
HB21-1301,2021,RS,Senate,2021-06-04,Senate Consideration of First Conference Committee Report result was to Adopt Committee Report - Repass,14
HB21-1301,2021,RS,House,2021-06-08,House Consideration of First Conference Committee Report result was to Adopt Committee Report - Repass,15
HB21-1301,2021,RS,Senate,2021-06-22,Signed by the President of the Senate,16
HB21-1301,2021,RS,House,2021-06-22,Signed by the Speaker of the House,17
HB21-1301,2021,RS,Governor,2021-06-22,Sent to the Governor,18
HB21-1301,2021,RS,Governor,2021-06-23,Governor Signed,19
HB21-1302,2021,RS,House,2021-05-04,Introduced In House - Assigned to Business Affairs & Labor,1
HB21-1302,2021,RS,House,2021-05-19,House Committee on Business Affairs & Labor Refer Amended to Appropriations,2
HB21-1302,2021,RS,House,2021-05-21,House Committee on Appropriations Refer Amended to House Committee of the Whole,3
HB21-1302,2021,RS,House,2021-05-21,House Second Reading Laid Over Daily - No Amendments,4
HB21-1302,2021,RS,House,2021-05-21,House Second Reading Special Order - Passed with Amendments - Committee,5
HB21-1302,2021,RS,House,2021-05-22,House Third Reading Laid Over Daily - No Amendments,6
HB21-1302,2021,RS,House,2021-05-24,House Third Reading Passed - No Amendments,7
HB21-1302,2021,RS,Senate,2021-05-24,"Introduced In Senate - Assigned to Business, Labor, & Technology",8
HB21-1302,2021,RS,Senate,2021-05-26,"Senate Committee on Business, Labor, & Technology Refer Unamended to Appropriations",9
HB21-1302,2021,RS,Senate,2021-06-03,Senate Committee on Appropriations Refer Unamended - Consent Calendar to Senate Committee of the Whole,10
HB21-1302,2021,RS,Senate,2021-06-03,Senate Second Reading Special Order - Passed - No Amendments,11
HB21-1302,2021,RS,Senate,2021-06-04,Senate Third Reading Passed - No Amendments,12
HB21-1302,2021,RS,House,2021-06-14,Signed by the Speaker of the House,13
HB21-1302,2021,RS,Senate,2021-06-14,Signed by the President of the Senate,14
HB21-1302,2021,RS,Governor,2021-06-14,Sent to the Governor,15
HB21-1302,2021,RS,Governor,2021-06-21,Governor Signed,16
HB21-1303,2021,RS,House,2021-05-05,Introduced In House - Assigned to Energy & Environment,1
HB21-1303,2021,RS,House,2021-05-20,House Committee on Energy & Environment Refer Amended to Appropriations,2
HB21-1303,2021,RS,House,2021-05-21,House Committee on Appropriations Refer Amended to House Committee of the Whole,3
HB21-1303,2021,RS,House,2021-05-21,House Second Reading Special Order - Laid Over Daily - No Amendments,4
HB21-1303,2021,RS,House,2021-05-22,House Second Reading Special Order - Passed with Amendments - Committee,5
HB21-1303,2021,RS,House,2021-05-24,House Third Reading Passed - No Amendments,6
HB21-1303,2021,RS,Senate,2021-05-24,Introduced In Senate - Assigned to Transportation & Energy,7
HB21-1303,2021,RS,House,2021-05-25,House Committee on Energy & Environment Refer Unamended to Appropriations,8
HB21-1303,2021,RS,Senate,2021-05-25,Senate Committee on Transportation & Energy Refer Unamended to Appropriations,9
HB21-1303,2021,RS,Senate,2021-05-28,Senate Committee on Appropriations Refer Unamended to Senate Committee of the Whole,10
HB21-1303,2021,RS,Senate,2021-05-28,Senate Second Reading Special Order - Passed with Amendments - Floor,11
HB21-1303,2021,RS,Senate,2021-06-01,Senate Third Reading Passed - No Amendments,12
HB21-1303,2021,RS,House,2021-06-02,House Considered Senate Amendments - Result was to Laid Over Daily,13
HB21-1303,2021,RS,House,2021-06-07,House Considered Senate Amendments - Result was to Concur - Repass,14
HB21-1303,2021,RS,Senate,2021-06-21,Signed by the President of the Senate,15
HB21-1303,2021,RS,House,2021-06-21,Signed by the Speaker of the House,16
HB21-1303,2021,RS,Governor,2021-06-21,Sent to the Governor,17
HB21-1303,2021,RS,Governor,2021-07-06,Governor Signed,18
HB21-1304,2021,RS,House,2021-05-05,Introduced In House - Assigned to Education,1
HB21-1304,2021,RS,House,2021-05-13,House Committee on Education Refer Amended to Appropriations,2
HB21-1304,2021,RS,House,2021-05-21,House Committee on Appropriations Refer Amended to House Committee of the Whole,3
HB21-1304,2021,RS,House,2021-05-21,"House Second Reading Special Order - Passed with Amendments - Committee, Floor",4
HB21-1304,2021,RS,House,2021-05-22,House Third Reading Laid Over Daily - No Amendments,5
HB21-1304,2021,RS,House,2021-05-24,House Third Reading Passed - No Amendments,6
HB21-1304,2021,RS,Senate,2021-05-24,Introduced In Senate - Assigned to Education,7
HB21-1304,2021,RS,Senate,2021-05-25,Senate Committee on Education Refer Amended to Appropriations,8
HB21-1304,2021,RS,Senate,2021-05-28,Senate Committee on Appropriations Refer Unamended - Consent Calendar to Senate Committee of the Whole,9
HB21-1304,2021,RS,Senate,2021-05-28,"Senate Second Reading Special Order - Passed with Amendments - Committee, Floor",10
HB21-1304,2021,RS,Senate,2021-06-01,Senate Third Reading Passed - No Amendments,11
HB21-1304,2021,RS,House,2021-06-02,House Considered Senate Amendments - Result was to Laid Over Daily,12
HB21-1304,2021,RS,House,2021-06-07,House Considered Senate Amendments - Result was to Concur - Repass,13
HB21-1304,2021,RS,Senate,2021-06-16,Signed by the President of the Senate,14
HB21-1304,2021,RS,House,2021-06-16,Signed by the Speaker of the House,15
HB21-1304,2021,RS,Governor,2021-06-17,Sent to the Governor,16
HB21-1304,2021,RS,Governor,2021-06-23,Governor Signed,17
HB21-1305,2021,RS,House,2021-05-05,Introduced In House - Assigned to Public & Behavioral Health & Human Services,1
HB21-1305,2021,RS,House,2021-05-11,House Committee on Public & Behavioral Health & Human Services Refer Amended to House Committee of the Whole,2
HB21-1305,2021,RS,House,2021-05-14,House Second Reading Special Order - Passed with Amendments - Committee,3
HB21-1305,2021,RS,House,2021-05-17,House Third Reading Passed - No Amendments,4
HB21-1305,2021,RS,Senate,2021-05-18,Introduced In Senate - Assigned to Health & Human Services,5
HB21-1305,2021,RS,Senate,2021-05-25,Senate Committee on Health & Human Services Refer Amended - Consent Calendar to Senate Committee of the Whole,6
HB21-1305,2021,RS,Senate,2021-05-26,Senate Second Reading Special Order - Passed with Amendments - Committee,7
HB21-1305,2021,RS,Senate,2021-05-27,Senate Third Reading Passed - No Amendments,8
HB21-1305,2021,RS,House,2021-06-01,House Considered Senate Amendments - Result was to Laid Over Daily,9
HB21-1305,2021,RS,House,2021-06-07,House Considered Senate Amendments - Result was to Concur - Repass,10
HB21-1305,2021,RS,Senate,2021-06-21,Signed by the President of the Senate,11
HB21-1305,2021,RS,House,2021-06-21,Signed by the Speaker of the House,12
HB21-1305,2021,RS,Governor,2021-06-21,Sent to the Governor,13
HB21-1305,2021,RS,Governor,2021-06-30,Governor Signed,14
HB21-1306,2021,RS,House,2021-05-05,Introduced In House - Assigned to Education,1
HB21-1306,2021,RS,House,2021-05-19,House Committee on Education Refer Unamended to Finance,2
HB21-1306,2021,RS,House,2021-05-22,House Committee on Finance Refer Unamended to Appropriations,3
HB21-1306,2021,RS,House,2021-05-24,House Committee on Appropriations Refer Amended to House Committee of the Whole,4
HB21-1306,2021,RS,House,2021-05-25,"House Second Reading Special Order - Passed with Amendments - Committee, Floor",5
HB21-1306,2021,RS,House,2021-05-26,House Third Reading Passed - No Amendments,6
HB21-1306,2021,RS,Senate,2021-05-26,Introduced In Senate - Assigned to Finance,7
HB21-1306,2021,RS,Senate,2021-05-27,Senate Committee on Finance Refer Unamended to Appropriations,8
HB21-1306,2021,RS,Senate,2021-06-02,Senate Committee on Appropriations Refer Unamended - Consent Calendar to Senate Committee of the Whole,9
HB21-1306,2021,RS,Senate,2021-06-02,Senate Second Reading Special Order - Passed - No Amendments,10
HB21-1306,2021,RS,Senate,2021-06-03,Senate Third Reading Passed - No Amendments,11
HB21-1306,2021,RS,Senate,2021-06-22,Signed by the President of the Senate,12
HB21-1306,2021,RS,House,2021-06-22,Signed by the Speaker of the House,13
HB21-1306,2021,RS,Governor,2021-06-22,Sent to the Governor,14
HB21-1306,2021,RS,Governor,2021-06-23,Governor Signed,15
HB21-1307,2021,RS,House,2021-05-07,Introduced In House - Assigned to Health & Insurance,1
HB21-1307,2021,RS,House,2021-05-19,House Committee on Health & Insurance Refer Amended to Appropriations,2
HB21-1307,2021,RS,House,2021-05-21,House Committee on Appropriations Refer Unamended to House Committee of the Whole,3
HB21-1307,2021,RS,House,2021-05-21,House Second Reading Special Order - Laid Over Daily - No Amendments,4
HB21-1307,2021,RS,House,2021-05-22,"House Second Reading Special Order - Passed with Amendments - Committee, Floor",5
HB21-1307,2021,RS,House,2021-05-24,House Third Reading Passed - No Amendments,6
HB21-1307,2021,RS,Senate,2021-05-24,"Introduced In Senate - Assigned to State, Veterans, & Military Affairs",7
HB21-1307,2021,RS,Senate,2021-05-26,"Senate Committee on State, Veterans, & Military Affairs Lay Over Unamended - Amendment(s) Failed",8
HB21-1307,2021,RS,Senate,2021-05-27,"Senate Committee on State, Veterans, & Military Affairs Refer Unamended to Senate Committee of the Whole",9
HB21-1307,2021,RS,Senate,2021-06-01,Senate Second Reading Laid Over Daily - No Amendments,10
HB21-1307,2021,RS,Senate,2021-06-02,Senate Second Reading Passed with Amendments - Floor,11
HB21-1307,2021,RS,Senate,2021-06-03,Senate Third Reading Passed - No Amendments,12
HB21-1307,2021,RS,Senate,2021-06-03,Senate Third Reading Reconsidered - No Amendments,13
HB21-1307,2021,RS,House,2021-06-04,House Considered Senate Amendments - Result was to Laid Over Daily,14
HB21-1307,2021,RS,House,2021-06-08,House Considered Senate Amendments - Result was to Concur - Repass,15
HB21-1307,2021,RS,Senate,2021-06-14,Signed by the President of the Senate,16
HB21-1307,2021,RS,House,2021-06-14,Signed by the Speaker of the House,17
HB21-1307,2021,RS,Governor,2021-06-15,Sent to the Governor,18
HB21-1307,2021,RS,Governor,2021-07-06,Governor Signed,19
HB21-1308,2021,RS,House,2021-05-07,Introduced In House - Assigned to Transportation & Local Government,1
HB21-1308,2021,RS,House,2021-05-19,House Committee on Transportation & Local Government Postpone Indefinitely,2
HB21-1309,2021,RS,House,2021-05-07,Introduced In House - Assigned to Judiciary,1
HB21-1309,2021,RS,House,2021-05-18,House Committee on Judiciary Witness Testimony and/or Committee Discussion Only,2
HB21-1309,2021,RS,House,2021-06-02,House Committee on Judiciary Refer Amended to House Committee of the Whole,3
HB21-1309,2021,RS,House,2021-06-03,"House Second Reading Special Order - Passed with Amendments - Committee, Floor",4
HB21-1309,2021,RS,House,2021-06-04,House Third Reading Passed - No Amendments,5
HB21-1309,2021,RS,Senate,2021-06-04,"Introduced In Senate - Assigned to State, Veterans, & Military Affairs",6
HB21-1309,2021,RS,Senate,2021-06-04,"Senate Committee on State, Veterans, & Military Affairs Refer Unamended to Senate Committee of the Whole",7
HB21-1309,2021,RS,Senate,2021-06-07,Senate Second Reading Special Order - Passed - No Amendments,8
HB21-1309,2021,RS,Senate,2021-06-08,Senate Third Reading Passed - No Amendments,9
HB21-1309,2021,RS,Senate,2021-06-14,Signed by the President of the Senate,10
HB21-1309,2021,RS,House,2021-06-14,Signed by the Speaker of the House,11
HB21-1309,2021,RS,Governor,2021-06-15,Sent to the Governor,12
HB21-1309,2021,RS,Governor,2021-06-21,Governor Signed,13
HB21-1310,2021,RS,House,2021-05-10,Introduced In House - Assigned to Transportation & Local Government,1
HB21-1310,2021,RS,House,2021-05-25,House Committee on Transportation & Local Government Refer Amended to House Committee of the Whole,2
HB21-1310,2021,RS,House,2021-05-26,House Second Reading Special Order - Passed with Amendments - Committee,3
HB21-1310,2021,RS,House,2021-05-27,House Third Reading Passed - No Amendments,4
HB21-1310,2021,RS,Senate,2021-05-27,"Introduced In Senate - Assigned to State, Veterans, & Military Affairs",5
HB21-1310,2021,RS,Senate,2021-05-28,"Senate Committee on State, Veterans, & Military Affairs Refer Unamended - Consent Calendar to Senate Committee of the Whole",6
HB21-1310,2021,RS,Senate,2021-05-28,Senate Second Reading Special Order - Passed - No Amendments,7
HB21-1310,2021,RS,Senate,2021-06-01,Senate Third Reading Passed - No Amendments,8
HB21-1310,2021,RS,Senate,2021-06-21,Signed by the President of the Senate,9
HB21-1310,2021,RS,House,2021-06-21,Signed by the Speaker of the House,10
HB21-1310,2021,RS,Governor,2021-06-21,Sent to the Governor,11
HB21-1310,2021,RS,Governor,2021-07-02,Governor Signed,12
HB21-1311,2021,RS,House,2021-05-10,Introduced In House - Assigned to Finance,1
HB21-1311,2021,RS,House,2021-05-14,House Committee on Finance Refer Amended to Appropriations,2
HB21-1311,2021,RS,House,2021-05-18,House Committee on Appropriations Refer Amended to House Committee of the Whole,3
HB21-1311,2021,RS,House,2021-05-20,House Second Reading Laid Over Daily - No Amendments,4
HB21-1311,2021,RS,House,2021-05-21,House Second Reading Special Order - Laid Over Daily - No Amendments,5
HB21-1311,2021,RS,House,2021-05-22,"House Second Reading Special Order - Passed with Amendments - Committee, Floor",6
HB21-1311,2021,RS,House,2021-05-24,House Third Reading Laid Over Daily - No Amendments,7
HB21-1311,2021,RS,House,2021-05-25,House Third Reading Passed with Amendments - Floor,8
HB21-1311,2021,RS,Senate,2021-05-25,Introduced In Senate - Assigned to Finance,9
HB21-1311,2021,RS,Senate,2021-05-26,Senate Committee on Finance Refer Unamended to Appropriations,10
HB21-1311,2021,RS,Senate,2021-06-01,Senate Committee on Appropriations Refer Unamended to Senate Committee of the Whole,11
HB21-1311,2021,RS,Senate,2021-06-02,Senate Second Reading Special Order - Passed with Amendments - Floor,12
HB21-1311,2021,RS,Senate,2021-06-03,Senate Third Reading Passed with Amendments - Floor,13
HB21-1311,2021,RS,House,2021-06-04,House Considered Senate Amendments - Result was to Laid Over Daily,14
HB21-1311,2021,RS,House,2021-06-07,House Considered Senate Amendments - Result was to Concur - Repass,15
HB21-1311,2021,RS,Senate,2021-06-16,Signed by the President of the Senate,16
HB21-1311,2021,RS,House,2021-06-16,Signed by the Speaker of the House,17
HB21-1311,2021,RS,Governor,2021-06-17,Sent to the Governor,18
HB21-1311,2021,RS,Governor,2021-06-23,Governor Signed,19
HB21-1312,2021,RS,House,2021-05-10,Introduced In House - Assigned to Finance,1
HB21-1312,2021,RS,House,2021-05-14,House Committee on Finance Refer Amended to Appropriations,2
HB21-1312,2021,RS,House,2021-05-18,House Committee on Appropriations Refer Amended to House Committee of the Whole,3
HB21-1312,2021,RS,House,2021-05-20,House Second Reading Laid Over Daily - No Amendments,4
HB21-1312,2021,RS,House,2021-05-21,"House Second Reading Special Order - Passed with Amendments - Committee, Floor",5
HB21-1312,2021,RS,House,2021-05-22,House Third Reading Passed - No Amendments,6
HB21-1312,2021,RS,Senate,2021-05-24,Introduced In Senate - Assigned to Finance,7
HB21-1312,2021,RS,Senate,2021-05-26,Senate Committee on Finance Refer Unamended to Appropriations,8
HB21-1312,2021,RS,Senate,2021-06-01,Senate Committee on Appropriations Refer Unamended to Senate Committee of the Whole,9
HB21-1312,2021,RS,Senate,2021-06-02,Senate Second Reading Special Order - Passed with Amendments - Floor,10
HB21-1312,2021,RS,Senate,2021-06-03,Senate Third Reading Passed with Amendments - Floor,11
HB21-1312,2021,RS,House,2021-06-04,House Considered Senate Amendments - Result was to Laid Over Daily,12
HB21-1312,2021,RS,House,2021-06-07,House Considered Senate Amendments - Result was to Concur - Repass,13
HB21-1312,2021,RS,Senate,2021-06-16,Signed by the President of the Senate,14
HB21-1312,2021,RS,House,2021-06-16,Signed by the Speaker of the House,15
HB21-1312,2021,RS,Governor,2021-06-17,Sent to the Governor,16
HB21-1312,2021,RS,Governor,2021-06-23,Governor Signed,17
HB21-1313,2021,RS,House,2021-05-12,Introduced In House - Assigned to Judiciary,1
HB21-1313,2021,RS,House,2021-05-18,House Committee on Judiciary Refer Amended to Appropriations,2
HB21-1313,2021,RS,House,2021-05-21,House Committee on Appropriations Refer Amended to House Committee of the Whole,3
HB21-1313,2021,RS,House,2021-05-21,House Second Reading Special Order - Passed with Amendments - Committee,4
HB21-1313,2021,RS,House,2021-05-22,House Third Reading Laid Over Daily - No Amendments,5
HB21-1313,2021,RS,House,2021-05-24,House Third Reading Passed - No Amendments,6
HB21-1313,2021,RS,Senate,2021-05-24,"Introduced In Senate - Assigned to State, Veterans, & Military Affairs",7
HB21-1313,2021,RS,Senate,2021-05-27,"Senate Committee on State, Veterans, & Military Affairs Refer Unamended to Appropriations",8
HB21-1313,2021,RS,Senate,2021-06-03,Senate Committee on Appropriations Refer Unamended to Senate Committee of the Whole,9
HB21-1313,2021,RS,Senate,2021-06-03,Senate Second Reading Special Order - Passed - No Amendments,10
HB21-1313,2021,RS,Senate,2021-06-04,Senate Third Reading Passed - No Amendments,11
HB21-1313,2021,RS,Senate,2021-06-23,Signed by the President of the Senate,12
HB21-1313,2021,RS,House,2021-06-23,Signed by the Speaker of the House,13
HB21-1313,2021,RS,Governor,2021-06-23,Sent to the Governor,14
HB21-1313,2021,RS,Governor,2021-07-02,Governor Signed,15
HB21-1314,2021,RS,House,2021-05-12,Introduced In House - Assigned to Judiciary,1
HB21-1314,2021,RS,House,2021-05-19,House Committee on Judiciary Refer Amended to Finance,2
HB21-1314,2021,RS,House,2021-05-22,House Committee on Finance Refer Unamended to Appropriations,3
HB21-1314,2021,RS,House,2021-05-24,House Committee on Appropriations Refer Amended to House Committee of the Whole,4
HB21-1314,2021,RS,House,2021-05-24,House Second Reading Special Order - Passed with Amendments - Committee,5
HB21-1314,2021,RS,House,2021-05-25,House Third Reading Passed - No Amendments,6
HB21-1314,2021,RS,Senate,2021-05-25,Introduced In Senate - Assigned to Finance,7
HB21-1314,2021,RS,Senate,2021-05-26,Senate Committee on Finance Refer Amended to Appropriations,8
HB21-1314,2021,RS,Senate,2021-06-03,Senate Committee on Appropriations Refer Amended to Senate Committee of the Whole,9
HB21-1314,2021,RS,Senate,2021-06-03,Senate Second Reading Special Order - Passed with Amendments - Committee,10
HB21-1314,2021,RS,Senate,2021-06-04,Senate Third Reading Passed - No Amendments,11
HB21-1314,2021,RS,House,2021-06-07,House Considered Senate Amendments - Result was to Laid Over Daily,12
HB21-1314,2021,RS,House,2021-06-08,House Considered Senate Amendments - Result was to Concur - Repass,13
HB21-1314,2021,RS,Senate,2021-06-21,Signed by the President of the Senate,14
HB21-1314,2021,RS,House,2021-06-21,Signed by the Speaker of the House,15
HB21-1314,2021,RS,Governor,2021-06-21,Sent to the Governor,16
HB21-1314,2021,RS,Governor,2021-07-06,Governor Signed,17
HB21-1315,2021,RS,House,2021-05-13,Introduced In House - Assigned to Judiciary,1
HB21-1315,2021,RS,House,2021-05-19,House Committee on Judiciary Refer Amended to Finance,2
HB21-1315,2021,RS,House,2021-05-22,House Committee on Finance Refer Amended to Appropriations,3
HB21-1315,2021,RS,House,2021-05-24,House Committee on Appropriations Refer Unamended to House Committee of the Whole,4
HB21-1315,2021,RS,House,2021-05-26,"House Second Reading Special Order - Passed with Amendments - Committee, Floor",5
HB21-1315,2021,RS,House,2021-05-27,House Third Reading Passed - No Amendments,6
HB21-1315,2021,RS,Senate,2021-05-27,Introduced In Senate - Assigned to Finance,7
HB21-1315,2021,RS,Senate,2021-05-28,Senate Committee on Finance Refer Unamended to Appropriations,8
HB21-1315,2021,RS,Senate,2021-06-01,Senate Committee on Appropriations Refer Unamended to Senate Committee of the Whole,9
HB21-1315,2021,RS,Senate,2021-06-01,Senate Second Reading Special Order - Passed - No Amendments,10
HB21-1315,2021,RS,Senate,2021-06-02,Senate Third Reading Passed - No Amendments,11
HB21-1315,2021,RS,Senate,2021-06-21,Signed by the President of the Senate,12
HB21-1315,2021,RS,House,2021-06-21,Signed by the Speaker of the House,13
HB21-1315,2021,RS,Governor,2021-06-21,Sent to the Governor,14
HB21-1315,2021,RS,Governor,2021-07-06,Governor Signed,15
HB21-1316,2021,RS,House,2021-05-14,"Introduced In House - Assigned to State, Civic, Military, & Veterans Affairs",1
HB21-1316,2021,RS,House,2021-05-20,"House Committee on State, Civic, Military, & Veterans Affairs Refer Unamended to House Committee of the Whole",2
HB21-1316,2021,RS,House,2021-05-24,House Second Reading Laid Over Daily - No Amendments,3
HB21-1316,2021,RS,House,2021-06-01,House Second Reading Special Order - Passed - No Amendments,4
HB21-1316,2021,RS,House,2021-06-02,House Third Reading Passed - No Amendments,5
HB21-1316,2021,RS,Senate,2021-06-02,"Introduced In Senate - Assigned to State, Veterans, & Military Affairs",6
HB21-1316,2021,RS,Senate,2021-06-02,"Senate Committee on State, Veterans, & Military Affairs Refer Unamended - Consent Calendar to Senate Committee of the Whole",7
HB21-1316,2021,RS,Senate,2021-06-03,Senate Second Reading Special Order - Passed - No Amendments,8
HB21-1316,2021,RS,Senate,2021-06-04,Senate Third Reading Passed - No Amendments,9
HB21-1316,2021,RS,Senate,2021-06-21,Signed by the President of the Senate,10
HB21-1316,2021,RS,House,2021-06-21,Signed by the Speaker of the House,11
HB21-1316,2021,RS,Governor,2021-06-21,Sent to the Governor,12
HB21-1316,2021,RS,Governor,2021-06-24,Governor Signed,13
HB21-1317,2021,RS,House,2021-05-14,Introduced In House - Assigned to Public & Behavioral Health & Human Services,1
HB21-1317,2021,RS,House,2021-05-18,House Committee on Public & Behavioral Health & Human Services Refer Amended to Finance,2
HB21-1317,2021,RS,House,2021-05-20,House Committee on Finance Refer Unamended to Appropriations,3
HB21-1317,2021,RS,House,2021-05-25,House Committee on Appropriations Refer Amended to House Committee of the Whole,4
HB21-1317,2021,RS,House,2021-05-26,"House Second Reading Special Order - Passed with Amendments - Committee, Floor",5
HB21-1317,2021,RS,House,2021-05-27,House Third Reading Passed - No Amendments,6
HB21-1317,2021,RS,Senate,2021-05-27,Introduced In Senate - Assigned to Finance,7
HB21-1317,2021,RS,Senate,2021-05-28,Senate Committee on Finance Refer Amended to Appropriations,8
HB21-1317,2021,RS,Senate,2021-06-02,Senate Committee on Appropriations Refer Amended to Senate Committee of the Whole,9
HB21-1317,2021,RS,Senate,2021-06-02,"Senate Second Reading Special Order - Passed with Amendments - Committee, Floor",10
HB21-1317,2021,RS,Senate,2021-06-03,Senate Third Reading Passed with Amendments - Floor,11
HB21-1317,2021,RS,House,2021-06-04,House Considered Senate Amendments - Result was to Laid Over Daily,12
HB21-1317,2021,RS,House,2021-06-08,House Considered Senate Amendments - Result was to Concur - Repass,13
HB21-1317,2021,RS,Senate,2021-06-23,Signed by the President of the Senate,14
HB21-1317,2021,RS,House,2021-06-23,Signed by the Speaker of the House,15
HB21-1317,2021,RS,Governor,2021-06-23,Sent to the Governor,16
HB21-1317,2021,RS,Governor,2021-06-24,Governor Signed,17
HB21-1318,2021,RS,House,2021-05-14,Introduced In House - Assigned to Energy & Environment,1
HB21-1318,2021,RS,House,2021-05-20,House Committee on Energy & Environment Refer Amended to Appropriations,2
HB21-1318,2021,RS,House,2021-05-24,House Committee on Appropriations Refer Amended to House Committee of the Whole,3
HB21-1318,2021,RS,House,2021-05-24,House Second Reading Special Order - Passed with Amendments - Committee,4
HB21-1318,2021,RS,House,2021-05-25,House Third Reading Passed - No Amendments,5
HB21-1318,2021,RS,Senate,2021-05-25,Introduced In Senate - Assigned to Finance,6
HB21-1318,2021,RS,Senate,2021-05-26,Senate Committee on Finance Refer Unamended to Appropriations,7
HB21-1318,2021,RS,Senate,2021-06-03,Senate Committee on Appropriations Refer Unamended to Senate Committee of the Whole,8
HB21-1318,2021,RS,Senate,2021-06-03,Senate Second Reading Special Order - Passed - No Amendments,9
HB21-1318,2021,RS,Senate,2021-06-04,Senate Third Reading Passed - No Amendments,10
HB21-1318,2021,RS,Senate,2021-06-16,Signed by the President of the Senate,11
HB21-1318,2021,RS,House,2021-06-16,Signed by the Speaker of the House,12
HB21-1318,2021,RS,Governor,2021-06-17,Sent to the Governor,13
HB21-1318,2021,RS,Governor,2021-06-21,Governor Signed,14
HB21-1319,2021,RS,House,2021-05-14,Introduced In House - Assigned to Business Affairs & Labor,1
HB21-1319,2021,RS,House,2021-05-20,House Committee on Business Affairs & Labor Refer Unamended to House Committee of the Whole,2
HB21-1319,2021,RS,House,2021-05-21,House Second Reading Special Order - Passed - No Amendments,3
HB21-1319,2021,RS,House,2021-05-22,House Third Reading Laid Over Daily - No Amendments,4
HB21-1319,2021,RS,House,2021-05-24,House Third Reading Passed - No Amendments,5
HB21-1319,2021,RS,Senate,2021-05-24,"Introduced In Senate - Assigned to Business, Labor, & Technology",6
HB21-1319,2021,RS,Senate,2021-05-26,"Senate Committee on Business, Labor, & Technology Refer Unamended - Consent Calendar to Senate Committee of the Whole",7
HB21-1319,2021,RS,Senate,2021-05-28,Senate Second Reading Special Order - Passed - No Amendments,8
HB21-1319,2021,RS,Senate,2021-06-01,Senate Third Reading Passed - No Amendments,9
HB21-1319,2021,RS,Senate,2021-06-14,Signed by the President of the Senate,10
HB21-1319,2021,RS,House,2021-06-14,Signed by the Speaker of the House,11
HB21-1319,2021,RS,Governor,2021-06-15,Sent to the Governor,12
HB21-1319,2021,RS,Governor,2021-06-23,Governor Signed,13
HB21-1320,2021,RS,House,2021-05-18,Introduced In House - Assigned to Judiciary,1
HB21-1320,2021,RS,House,2021-06-02,House Committee on Judiciary Refer Amended to Appropriations,2
HB21-1320,2021,RS,House,2021-06-04,House Committee on Appropriations Refer Amended to House Committee of the Whole,3
HB21-1320,2021,RS,House,2021-06-04,House Second Reading Special Order - Passed with Amendments - Committee,4
HB21-1320,2021,RS,House,2021-06-07,House Third Reading Passed - No Amendments,5
HB21-1320,2021,RS,Senate,2021-06-07,Introduced In Senate - Assigned to Finance,6
HB21-1320,2021,RS,Senate,2021-06-07,Senate Committee on Finance Refer Unamended to Appropriations,7
HB21-1320,2021,RS,Senate,2021-06-07,Senate Committee on Appropriations Refer Unamended to Senate Committee of the Whole,8
HB21-1320,2021,RS,Senate,2021-06-07,Senate Second Reading Special Order - Passed - No Amendments,9
HB21-1320,2021,RS,Senate,2021-06-08,Senate Third Reading Passed - No Amendments,10
HB21-1320,2021,RS,Senate,2021-06-22,Signed by the President of the Senate,11
HB21-1320,2021,RS,House,2021-06-22,Signed by the Speaker of the House,12
HB21-1320,2021,RS,Governor,2021-06-22,Sent to the Governor,13
HB21-1320,2021,RS,Governor,2021-07-02,Governor Signed,14
HB21-1321,2021,RS,House,2021-05-18,"Introduced In House - Assigned to State, Civic, Military, & Veterans Affairs",1
HB21-1321,2021,RS,House,2021-05-24,"House Committee on State, Civic, Military, & Veterans Affairs Refer Amended to Appropriations",2
HB21-1321,2021,RS,House,2021-05-25,House Committee on Appropriations Refer Amended to House Committee of the Whole,3
HB21-1321,2021,RS,House,2021-05-26,House Second Reading Special Order - Passed with Amendments - Committee,4
HB21-1321,2021,RS,House,2021-05-27,House Third Reading Passed - No Amendments,5
HB21-1321,2021,RS,Senate,2021-05-27,"Introduced In Senate - Assigned to State, Veterans, & Military Affairs",6
HB21-1321,2021,RS,Senate,2021-05-28,"Senate Committee on State, Veterans, & Military Affairs Refer Unamended to Appropriations",7
HB21-1321,2021,RS,Senate,2021-06-01,Senate Committee on Appropriations Refer Amended to Senate Committee of the Whole,8
HB21-1321,2021,RS,Senate,2021-06-01,"Senate Second Reading Special Order - Passed with Amendments - Committee, Floor",9
HB21-1321,2021,RS,Senate,2021-06-02,Senate Third Reading Laid Over Daily - No Amendments,10
HB21-1321,2021,RS,Senate,2021-06-08,Senate Third Reading Passed with Amendments - Floor,11
HB21-1321,2021,RS,House,2021-06-08,House Considered Senate Amendments - Result was to Concur - Repass,12
HB21-1321,2021,RS,Senate,2021-06-21,Signed by the President of the Senate,13
HB21-1321,2021,RS,House,2021-06-21,Signed by the Speaker of the House,14
HB21-1321,2021,RS,Governor,2021-06-21,Sent to the Governor,15
HB21-1321,2021,RS,Governor,2021-07-07,Governor Signed,16
HB21-1322,2021,RS,House,2021-05-18,Introduced In House - Assigned to Transportation & Local Government,1
HB21-1322,2021,RS,House,2021-05-25,House Committee on Transportation & Local Government Refer Amended to House Committee of the Whole,2
HB21-1322,2021,RS,House,2021-05-28,House Second Reading Special Order - Passed with Amendments - Committee,3
HB21-1322,2021,RS,House,2021-06-01,House Third Reading Passed - No Amendments,4
HB21-1322,2021,RS,Senate,2021-06-01,Introduced In Senate - Assigned to Finance,5
HB21-1322,2021,RS,Senate,2021-06-01,Senate Committee on Finance Refer Unamended to Senate Committee of the Whole,6
HB21-1322,2021,RS,Senate,2021-06-02,Senate Second Reading Special Order - Passed - No Amendments,7
HB21-1322,2021,RS,Senate,2021-06-03,Senate Third Reading Passed - No Amendments,8
HB21-1322,2021,RS,Senate,2021-06-24,Signed by the President of the Senate,9
HB21-1322,2021,RS,House,2021-06-24,Signed by the Speaker of the House,10
HB21-1322,2021,RS,Governor,2021-06-24,Sent to the Governor,11
HB21-1322,2021,RS,Governor,2021-07-06,Governor Signed,12
HB21-1323,2021,RS,House,2021-05-18,Introduced In House - Assigned to Finance,1
HB21-1323,2021,RS,House,2021-05-24,House Committee on Finance Refer Unamended to Appropriations,2
HB21-1323,2021,RS,House,2021-05-25,House Committee on Appropriations Refer Amended to House Committee of the Whole,3
HB21-1323,2021,RS,House,2021-05-25,"House Second Reading Special Order - Passed with Amendments - Committee, Floor",4
HB21-1323,2021,RS,House,2021-05-26,House Third Reading Passed - No Amendments,5
HB21-1323,2021,RS,Senate,2021-05-26,Introduced In Senate - Assigned to Finance,6
HB21-1323,2021,RS,Senate,2021-05-27,Senate Committee on Finance Refer Unamended to Appropriations,7
HB21-1323,2021,RS,Senate,2021-06-02,Senate Committee on Appropriations Refer Unamended to Senate Committee of the Whole,8
HB21-1323,2021,RS,Senate,2021-06-02,Senate Second Reading Special Order - Passed - No Amendments,9
HB21-1323,2021,RS,Senate,2021-06-03,Senate Third Reading Passed - No Amendments,10
HB21-1323,2021,RS,Senate,2021-06-24,Signed by the President of the Senate,11
HB21-1323,2021,RS,House,2021-06-24,Signed by the Speaker of the House,12
HB21-1323,2021,RS,Governor,2021-06-24,Sent to the Governor,13
HB21-1323,2021,RS,Governor,2021-06-24,Governor Signed,14
HB21-1324,2021,RS,House,2021-05-20,Introduced In House - Assigned to Energy & Environment,1
HB21-1324,2021,RS,House,2021-05-27,House Committee on Energy & Environment Refer Amended to House Committee of the Whole,2
HB21-1324,2021,RS,House,2021-06-01,House Second Reading Special Order - Passed with Amendments - Committee,3
HB21-1324,2021,RS,House,2021-06-02,House Third Reading Passed - No Amendments,4
HB21-1324,2021,RS,Senate,2021-06-03,"Introduced In Senate - Assigned to State, Veterans, & Military Affairs",5
HB21-1324,2021,RS,Senate,2021-06-03,"Senate Committee on State, Veterans, & Military Affairs Refer Amended to Senate Committee of the Whole",6
HB21-1324,2021,RS,Senate,2021-06-07,Senate Second Reading Special Order - Passed with Amendments - No Amendments,7
HB21-1324,2021,RS,Senate,2021-06-08,Senate Third Reading Passed with Amendments - Floor,8
HB21-1324,2021,RS,House,2021-06-08,House Considered Senate Amendments - Result was to Concur - Repass,9
HB21-1324,2021,RS,Senate,2021-06-24,Signed by the President of the Senate,10
HB21-1324,2021,RS,House,2021-06-24,Signed by the Speaker of the House,11
HB21-1324,2021,RS,Governor,2021-06-24,Sent to the Governor,12
HB21-1324,2021,RS,Governor,2021-07-06,Governor Signed,13
HB21-1325,2021,RS,House,2021-05-27,Introduced In House - Assigned to Education,1
HB21-1325,2021,RS,House,2021-06-03,House Committee on Education Refer Amended to Appropriations,2
HB21-1325,2021,RS,House,2021-06-03,House Committee on Appropriations Refer Amended to House Committee of the Whole,3
HB21-1325,2021,RS,House,2021-06-03,"House Second Reading Special Order - Passed with Amendments - Committee, Floor",4
HB21-1325,2021,RS,House,2021-06-04,House Third Reading Passed - No Amendments,5
HB21-1325,2021,RS,Senate,2021-06-04,Introduced In Senate - Assigned to Finance,6
HB21-1325,2021,RS,Senate,2021-06-04,Senate Committee on Finance Refer Unamended to Appropriations,7
HB21-1325,2021,RS,Senate,2021-06-07,Senate Committee on Appropriations Refer Unamended - Consent Calendar to Senate Committee of the Whole,8
HB21-1325,2021,RS,Senate,2021-06-07,Senate Second Reading Special Order - Passed - No Amendments,9
HB21-1325,2021,RS,Senate,2021-06-08,Senate Third Reading Passed - No Amendments,10
HB21-1325,2021,RS,Senate,2021-06-16,Signed by the President of the Senate,11
HB21-1325,2021,RS,House,2021-06-16,Signed by the Speaker of the House,12
HB21-1325,2021,RS,Governor,2021-06-17,Sent to the Governor,13
HB21-1325,2021,RS,Governor,2021-06-29,Governor Signed,14
HB21-1326,2021,RS,House,2021-05-28,Introduced In House - Assigned to Energy & Environment,1
HB21-1326,2021,RS,House,2021-06-01,House Committee on Energy & Environment Refer Amended to Appropriations,2
HB21-1326,2021,RS,House,2021-06-03,House Committee on Appropriations Refer Amended to House Committee of the Whole,3
HB21-1326,2021,RS,House,2021-06-03,House Second Reading Special Order - Passed with Amendments - Committee,4
HB21-1326,2021,RS,House,2021-06-04,House Third Reading Passed with Amendments - Floor,5
HB21-1326,2021,RS,Senate,2021-06-04,Introduced In Senate - Assigned to Finance,6
HB21-1326,2021,RS,Senate,2021-06-04,Senate Committee on Finance Refer Unamended to Appropriations,7
HB21-1326,2021,RS,Senate,2021-06-07,Senate Committee on Appropriations Refer Unamended to Senate Committee of the Whole,8
HB21-1326,2021,RS,Senate,2021-06-07,Senate Second Reading Special Order - Passed - No Amendments,9
HB21-1326,2021,RS,Senate,2021-06-08,Senate Third Reading Passed - No Amendments,10
HB21-1326,2021,RS,House,2021-06-18,Signed by the Speaker of the House,11
HB21-1326,2021,RS,Governor,2021-06-21,Sent to the Governor,12
HB21-1326,2021,RS,Senate,2021-06-21,Signed by the President of the Senate,13
HB21-1326,2021,RS,Governor,2021-06-21,Governor Signed,14
HB21-1327,2021,RS,House,2021-06-01,Introduced In House - Assigned to Finance,1
HB21-1327,2021,RS,House,2021-06-03,House Committee on Finance Refer Unamended to Appropriations,2
HB21-1327,2021,RS,House,2021-06-04,House Committee on Appropriations Refer Amended to House Committee of the Whole,3
HB21-1327,2021,RS,House,2021-06-07,House Second Reading Passed with Amendments - Committee,4
HB21-1327,2021,RS,House,2021-06-07,House Third Reading Passed - No Amendments,5
HB21-1327,2021,RS,Senate,2021-06-07,"Introduced In Senate - Assigned to State, Veterans, & Military Affairs",6
HB21-1327,2021,RS,Senate,2021-06-07,"Senate Committee on State, Veterans, & Military Affairs Refer Unamended to Appropriations",7
HB21-1327,2021,RS,Senate,2021-06-07,Senate Committee on Appropriations Refer Unamended - Consent Calendar to Senate Committee of the Whole,8
HB21-1327,2021,RS,Senate,2021-06-07,Senate Second Reading Special Order - Passed - No Amendments,9
HB21-1327,2021,RS,Senate,2021-06-08,Senate Third Reading Passed - No Amendments,10
HB21-1327,2021,RS,Senate,2021-06-22,Signed by the President of the Senate,11
HB21-1327,2021,RS,House,2021-06-22,Signed by the Speaker of the House,12
HB21-1327,2021,RS,Governor,2021-06-22,Sent to the Governor,13
HB21-1327,2021,RS,Governor,2021-06-23,Governor Signed,14
HB21-1328,2021,RS,House,2021-06-01,"Introduced In House - Assigned to State, Civic, Military, & Veterans Affairs",1
HB21-1328,2021,RS,House,2021-06-03,"House Committee on State, Civic, Military, & Veterans Affairs Refer Unamended to House Committee of the Whole",2
HB21-1328,2021,RS,House,2021-06-03,House Second Reading Special Order - Passed - No Amendments,3
HB21-1328,2021,RS,House,2021-06-04,House Third Reading Passed - No Amendments,4
HB21-1328,2021,RS,Senate,2021-06-04,"Introduced In Senate - Assigned to State, Veterans, & Military Affairs",5
HB21-1328,2021,RS,Senate,2021-06-04,"Senate Committee on State, Veterans, & Military Affairs Refer Unamended - Consent Calendar to Senate Committee of the Whole",6
HB21-1328,2021,RS,Senate,2021-06-07,Senate Second Reading Special Order - Passed - No Amendments,7
HB21-1328,2021,RS,Senate,2021-06-08,Senate Third Reading Passed - No Amendments,8
HB21-1328,2021,RS,Senate,2021-06-21,Signed by the President of the Senate,9
HB21-1328,2021,RS,House,2021-06-21,Signed by the Speaker of the House,10
HB21-1328,2021,RS,Governor,2021-06-21,Sent to the Governor,11
HB21-1328,2021,RS,Governor,2021-06-28,Governor Signed,12
HB21-1329,2021,RS,House,2021-06-01,Introduced In House - Assigned to Transportation & Local Government,1
HB21-1329,2021,RS,House,2021-06-02,House Committee on Transportation & Local Government Refer Amended to Appropriations,2
HB21-1329,2021,RS,House,2021-06-03,House Committee on Appropriations Refer Amended to House Committee of the Whole,3
HB21-1329,2021,RS,House,2021-06-03,House Second Reading Special Order - Passed with Amendments - Committee,4
HB21-1329,2021,RS,House,2021-06-04,House Third Reading Passed - No Amendments,5
HB21-1329,2021,RS,Senate,2021-06-04,"Introduced In Senate - Assigned to State, Veterans, & Military Affairs",6
HB21-1329,2021,RS,Senate,2021-06-04,"Senate Committee on State, Veterans, & Military Affairs Refer Amended to Appropriations",7
HB21-1329,2021,RS,Senate,2021-06-07,Senate Committee on Appropriations Refer Amended - Consent Calendar to Senate Committee of the Whole,8
HB21-1329,2021,RS,Senate,2021-06-07,Senate Second Reading Special Order - Passed with Amendments - Committee,9
HB21-1329,2021,RS,Senate,2021-06-08,Senate Third Reading Passed - No Amendments,10
HB21-1329,2021,RS,House,2021-06-08,House Considered Senate Amendments - Result was to Concur - Repass,11
HB21-1329,2021,RS,Senate,2021-06-21,Signed by the President of the Senate,12
HB21-1329,2021,RS,House,2021-06-21,Signed by the Speaker of the House,13
HB21-1329,2021,RS,Governor,2021-06-21,Sent to the Governor,14
HB21-1329,2021,RS,Governor,2021-06-25,Governor Signed,15
HB21-1330,2021,RS,House,2021-06-01,Introduced In House - Assigned to Public & Behavioral Health & Human Services,1
HB21-1330,2021,RS,House,2021-06-02,House Committee on Public & Behavioral Health & Human Services Refer Unamended to Appropriations,2
HB21-1330,2021,RS,House,2021-06-03,House Committee on Appropriations Refer Amended to House Committee of the Whole,3
HB21-1330,2021,RS,House,2021-06-03,"House Second Reading Special Order - Passed with Amendments - Committee, Floor",4
HB21-1330,2021,RS,House,2021-06-04,House Third Reading Passed with Amendments - Floor,5
HB21-1330,2021,RS,Senate,2021-06-04,Introduced In Senate - Assigned to Finance,6
HB21-1330,2021,RS,Senate,2021-06-04,Senate Committee on Finance Refer Unamended to Appropriations,7
HB21-1330,2021,RS,Senate,2021-06-07,Senate Committee on Appropriations Refer Unamended - Consent Calendar to Senate Committee of the Whole,8
HB21-1330,2021,RS,Senate,2021-06-07,Senate Second Reading Special Order - Passed - No Amendments,9
HB21-1330,2021,RS,Senate,2021-06-08,Senate Third Reading Passed - No Amendments,10
HB21-1330,2021,RS,Senate,2021-06-24,Signed by the President of the Senate,11
HB21-1330,2021,RS,House,2021-06-24,Signed by the Speaker of the House,12
HB21-1330,2021,RS,Governor,2021-06-24,Sent to the Governor,13
HB21-1330,2021,RS,Governor,2021-06-29,Governor Signed,14
HCR21-1001,2021,RS,House,2021-02-22,"Introduced In House - Assigned to State, Civic, Military, & Veterans Affairs",1
HCR21-1001,2021,RS,House,2021-03-04,"House Committee on State, Civic, Military, & Veterans Affairs Postpone Indefinitely",2
HCR21-1002,2021,RS,House,2021-06-03,"House Committee on State, Civic, Military, & Veterans Affairs Refer Unamended to Appropriations",1
HCR21-1002,2021,RS,House,2021-06-03,"Introduced In House - Assigned to State, Civic, Military, & Veterans Affairs",2
HCR21-1002,2021,RS,House,2021-06-04,House Committee on Appropriations Refer Amended to House Committee of the Whole,3
HCR21-1002,2021,RS,House,2021-06-04,House Second Reading Special Order - Passed with Amendments - Committee,4
HCR21-1002,2021,RS,House,2021-06-07,House Third Reading Passed - No Amendments,5
HCR21-1002,2021,RS,Senate,2021-06-07,"Introduced In Senate - Assigned to State, Veterans, & Military Affairs",6
HCR21-1002,2021,RS,Senate,2021-06-07,"Senate Committee on State, Veterans, & Military Affairs Postpone Indefinitely",7
HJR21-1001,2021,RS,House,2021-01-13,Introduced In House - Assigned to,1
HJR21-1001,2021,RS,House,2021-01-13,House Third Reading Passed - No Amendments,2
HJR21-1001,2021,RS,Senate,2021-01-14,Introduced In Senate - Assigned to,3
HJR21-1001,2021,RS,Senate,2021-01-14,Senate Third Reading Passed - No Amendments,4
HJR21-1001,2021,RS,House,2021-01-22,Signed by the Speaker of the House,5
HJR21-1001,2021,RS,Senate,2021-01-22,Signed by the President of the Senate,6
HJR21-1002,2021,RS,House,2021-01-15,"Introduced In House - Assigned to Agriculture, Livestock, & Water",1
HJR21-1002,2021,RS,House,2021-02-18,"House Committee on Agriculture, Livestock, & Water Refer Unamended to House Committee of the Whole",2
HJR21-1002,2021,RS,Senate,2021-02-23,Introduced In Senate - Assigned to Agriculture & Natural Resources,3
HJR21-1002,2021,RS,House,2021-02-24,House Third Reading Passed - No Amendments,4
HJR21-1002,2021,RS,Senate,2021-03-04,Senate Committee on Agriculture & Natural Resources Refer Unamended to Senate Committee of the Whole,5
HJR21-1002,2021,RS,Senate,2021-03-09,Senate Third Reading Laid Over Daily - No Amendments,6
HJR21-1002,2021,RS,Senate,2021-03-10,Senate Third Reading Passed - No Amendments,7
HJR21-1002,2021,RS,Senate,2021-03-11,Signed by the President of the Senate,8
HJR21-1002,2021,RS,House,2021-03-11,Signed by the Speaker of the House,9
HJR21-1002,2021,RS,Governor,2021-03-11,Sent to the Governor,10
HJR21-1002,2021,RS,Governor,2021-03-21,Governor Signed,11
HJR21-1003,2021,RS,House,2021-02-16,Introduced In House - Assigned to,1
HJR21-1003,2021,RS,House,2021-02-16,House Third Reading Passed - No Amendments,2
HJR21-1003,2021,RS,Senate,2021-02-17,Introduced In Senate - Assigned to,3
HJR21-1003,2021,RS,Senate,2021-02-17,Senate Third Reading Passed with Amendments - Floor,4
HJR21-1003,2021,RS,House,2021-02-17,House Considered Senate Amendments - Result was to Concur - Repass,5
HJR21-1003,2021,RS,Senate,2021-02-18,Signed by the President of the Senate,6
HJR21-1003,2021,RS,House,2021-02-18,Signed by the Speaker of the House,7
HJR21-1004,2021,RS,House,2021-02-16,Introduced In House - Assigned to,1
HJR21-1004,2021,RS,House,2021-02-16,House Third Reading Passed - No Amendments,2
HJR21-1004,2021,RS,Senate,2021-02-17,Introduced In Senate - Assigned to,3
HJR21-1004,2021,RS,Senate,2021-02-17,Senate Third Reading Passed - No Amendments,4
HJR21-1004,2021,RS,Senate,2021-02-18,Signed by the President of the Senate,5
HJR21-1004,2021,RS,House,2021-02-18,Signed by the Speaker of the House,6
HJR21-1005,2021,RS,House,2021-03-23,Introduced In House - Assigned to,1
HJR21-1005,2021,RS,House,2021-03-23,House Third Reading Laid Over Daily - No Amendments,2
HJR21-1005,2021,RS,House,2021-03-24,House Third Reading Passed - No Amendments,3
HJR21-1005,2021,RS,Senate,2021-03-24,Introduced In Senate - Assigned to,4
HJR21-1005,2021,RS,Senate,2021-03-24,Senate Third Reading Laid Over Daily - No Amendments,5
HJR21-1005,2021,RS,Senate,2021-03-25,Senate Third Reading Passed - No Amendments,6
HJR21-1005,2021,RS,House,2021-03-26,Signed by the Speaker of the House,7
HJR21-1005,2021,RS,Senate,2021-03-26,Signed by the President of the Senate,8
HJR21-1006,2021,RS,House,2021-04-19,Introduced In House - Assigned to,1
HJR21-1006,2021,RS,House,2021-04-21,House Third Reading Laid Over Daily - No Amendments,2
HJR21-1006,2021,RS,House,2021-04-21,House Third Reading Passed - No Amendments,3
HJR21-1006,2021,RS,Senate,2021-04-22,Introduced In Senate - Assigned to,4
HJR21-1006,2021,RS,Senate,2021-04-22,Senate Third Reading Laid Over Daily - No Amendments,5
HJR21-1006,2021,RS,Senate,2021-04-23,Senate Third Reading Passed - No Amendments,6
HJR21-1006,2021,RS,House,2021-04-27,Signed by the Speaker of the House,7
HJR21-1006,2021,RS,Senate,2021-04-27,Signed by the President of the Senate,8
HJR21-1007,2021,RS,House,2021-04-30,Introduced In House - Assigned to,1
HJR21-1007,2021,RS,House,2021-05-03,House Third Reading Laid Over Daily - No Amendments,2
HJR21-1007,2021,RS,House,2021-05-03,House Third Reading Passed - No Amendments,3
HJR21-1007,2021,RS,Senate,2021-05-03,Introduced In Senate - Assigned to,4
HJR21-1007,2021,RS,Senate,2021-05-03,Senate Third Reading Laid Over Daily - No Amendments,5
HJR21-1007,2021,RS,Senate,2021-05-06,Senate Third Reading Passed - No Amendments,6
HJR21-1007,2021,RS,House,2021-05-12,Signed by the Speaker of the House,7
HJR21-1007,2021,RS,Senate,2021-05-12,Signed by the President of the Senate,8
HJR21-1008,2021,RS,House,2021-05-04,Introduced In House - Assigned to,1
HJR21-1008,2021,RS,House,2021-05-04,House Third Reading Laid Over Daily - No Amendments,2
HJR21-1008,2021,RS,Senate,2021-05-05,Introduced In Senate - Assigned to,3
HJR21-1008,2021,RS,Senate,2021-05-05,Senate Third Reading Passed - No Amendments,4
HJR21-1008,2021,RS,House,2021-05-05,House Third Reading Passed - No Amendments,5
HJR21-1008,2021,RS,Senate,2021-05-05,Signed by the President of the Senate,6
HJR21-1008,2021,RS,House,2021-05-05,Signed by the Speaker of the House,7
HJR21-1009,2021,RS,House,2021-05-10,Introduced In House - Assigned to,1
HJR21-1009,2021,RS,House,2021-05-10,House Third Reading Laid Over Daily - No Amendments,2
HJR21-1009,2021,RS,House,2021-06-08,House Third Reading Laid Over to 07/08/2021 - No Amendments,3
HJR21-1010,2021,RS,House,2021-05-14,Introduced In House - Assigned to,1
HJR21-1010,2021,RS,House,2021-05-14,House Third Reading Laid Over Daily - No Amendments,2
HJR21-1010,2021,RS,House,2021-06-08,House Third Reading Passed - No Amendments,3
HJR21-1010,2021,RS,Senate,2021-06-08,Senate Third Reading Passed - No Amendments,4
HJR21-1010,2021,RS,Senate,2021-06-08,Introduced In Senate - Assigned to,5
HJR21-1010,2021,RS,House,2021-06-25,Signed by the Speaker of the House,6
HJR21-1010,2021,RS,Senate,2021-06-25,Signed by the President of the Senate,7
HJR21-1011,2021,RS,House,2021-05-14,Introduced In House - Assigned to,1
HJR21-1011,2021,RS,House,2021-05-14,House Third Reading Laid Over Daily - No Amendments,2
HJR21-1011,2021,RS,House,2021-06-04,House Third Reading Passed - No Amendments,3
HJR21-1011,2021,RS,Senate,2021-06-07,Introduced In Senate - Assigned to,4
HJR21-1011,2021,RS,Senate,2021-06-07,Senate Third Reading Laid Over Daily - No Amendments,5
HJR21-1011,2021,RS,Senate,2021-06-08,Senate Third Reading Passed - No Amendments,6
HJR21-1011,2021,RS,House,2021-06-25,Signed by the Speaker of the House,7
HJR21-1011,2021,RS,Senate,2021-06-25,Signed by the President of the Senate,8
HJR21-1012,2021,RS,House,2021-05-14,Introduced In House - Assigned to,1
HJR21-1012,2021,RS,House,2021-05-14,House Third Reading Laid Over Daily - No Amendments,2
HJR21-1012,2021,RS,House,2021-05-24,House Third Reading Passed - No Amendments,3
HJR21-1012,2021,RS,Senate,2021-05-24,Introduced In Senate - Assigned to,4
HJR21-1012,2021,RS,Senate,2021-05-24,Senate Third Reading Laid Over Daily - No Amendments,5
HJR21-1012,2021,RS,Senate,2021-05-25,Senate Third Reading Passed - No Amendments,6
HJR21-1012,2021,RS,Senate,2021-07-19,Signed by the President of the Senate,7
HJR21-1012,2021,RS,House,2021-07-19,Signed by the Speaker of the House,8
HJR21-1013,2021,RS,House,2021-05-28,Introduced In House - Assigned to,1
HJR21-1013,2021,RS,Senate,2021-05-28,Senate Third Reading Passed with Amendments - Floor,2
HJR21-1013,2021,RS,Senate,2021-05-28,Introduced In Senate - Assigned to,3
HJR21-1013,2021,RS,House,2021-06-01,House Considered Senate Amendments - Result was to Laid Over Daily,4
HJR21-1013,2021,RS,House,2021-06-07,House Considered Senate Amendments - Result was to Concur - Repass,5
HJR21-1013,2021,RS,House,2021-06-25,Signed by the Speaker of the House,6
HJR21-1013,2021,RS,Senate,2021-06-25,Signed by the President of the Senate,7
HR21-1001,2021,RS,House,2021-01-13,Introduced In House - Assigned to,1
HR21-1001,2021,RS,House,2021-01-13,House Third Reading Passed - No Amendments,2
HR21-1001,2021,RS,House,2021-01-14,Signed by the Speaker of the House,3
HR21-1002,2021,RS,House,2021-01-13,Introduced In House - Assigned to,1
HR21-1002,2021,RS,House,2021-01-13,House Third Reading Passed - No Amendments,2
HR21-1002,2021,RS,House,2021-01-14,Signed by the Speaker of the House,3
HR21-1003,2021,RS,House,2021-01-13,Introduced In House - Assigned to,1
HR21-1003,2021,RS,House,2021-01-13,House Third Reading Laid Over to 01/15/2021 - No Amendments,2
HR21-1003,2021,RS,House,2021-01-15,House Third Reading Passed - No Amendments,3
HR21-1003,2021,RS,House,2021-01-15,Signed by the Speaker of the House,4
HR21-1004,2021,RS,House,2021-01-14,Introduced In House - Assigned to,1
HR21-1004,2021,RS,House,2021-01-14,House Third Reading Laid Over Daily - No Amendments,2
HR21-1004,2021,RS,House,2021-01-15,House Third Reading Passed - No Amendments,3
HR21-1004,2021,RS,House,2021-01-15,Signed by the Speaker of the House,4
HR21-1005,2021,RS,House,2021-06-07,Introduced In House - Assigned to,1
HR21-1005,2021,RS,House,2021-06-07,House Third Reading Laid Over Daily - No Amendments,2
HR21-1005,2021,RS,House,2021-06-08,House Third Reading Passed - No Amendments,3
HR21-1005,2021,RS,House,2021-06-25,Signed by the Speaker of the House,4
SB21-001,2021,RS,Senate,2021-01-13,Introduced In Senate - Assigned to Finance,1
SB21-001,2021,RS,Senate,2021-01-13,"Senate Committee on Business, Labor, & Technology Refer Amended - Consent Calendar to Senate Committee of the Whole",2
SB21-001,2021,RS,Senate,2021-01-13,Senate Second Reading Special Order - Passed with Amendments - Committee,3
SB21-001,2021,RS,Senate,2021-01-14,Senate Third Reading Passed - No Amendments,4
SB21-001,2021,RS,House,2021-01-14,Introduced In House - Assigned to Business Affairs & Labor,5
SB21-001,2021,RS,House,2021-01-14,House Committee on Business Affairs & Labor Refer Amended to House Committee of the Whole,6
SB21-001,2021,RS,House,2021-01-14,House Second Reading Special Order - Passed with Amendments - Committee,7
SB21-001,2021,RS,House,2021-01-15,House Third Reading Passed - No Amendments,8
SB21-001,2021,RS,Senate,2021-01-15,Senate Considered House Amendments - Result was to Concur - Repass,9
SB21-001,2021,RS,Senate,2021-01-15,Signed by the President of the Senate,10
SB21-001,2021,RS,House,2021-01-15,Signed by the Speaker of the House,11
SB21-001,2021,RS,Governor,2021-01-15,Sent to the Governor,12
SB21-001,2021,RS,Governor,2021-01-21,Governor Signed,13
SB21-002,2021,RS,Senate,2021-01-13,Introduced In Senate - Assigned to Finance,1
SB21-002,2021,RS,Senate,2021-01-13,Senate Committee on Finance Refer Amended to Appropriations,2
SB21-002,2021,RS,Senate,2021-01-13,Senate Committee on Appropriations Refer Unamended - Consent Calendar to Senate Committee of the Whole,3
SB21-002,2021,RS,Senate,2021-01-13,Senate Second Reading Special Order - Passed with Amendments - Committee,4
SB21-002,2021,RS,Senate,2021-01-14,Senate Third Reading Passed - No Amendments,5
SB21-002,2021,RS,House,2021-01-14,Introduced In House - Assigned to Finance,6
SB21-002,2021,RS,House,2021-01-14,House Committee on Finance Refer Unamended to House Committee of the Whole,7
SB21-002,2021,RS,House,2021-01-14,House Second Reading Special Order - Passed - No Amendments,8
SB21-002,2021,RS,House,2021-01-15,House Third Reading Passed - No Amendments,9
SB21-002,2021,RS,Senate,2021-01-15,Signed by the President of the Senate,10
SB21-002,2021,RS,House,2021-01-15,Signed by the Speaker of the House,11
SB21-002,2021,RS,Governor,2021-01-15,Sent to the Governor,12
SB21-002,2021,RS,Governor,2021-01-21,Governor Signed,13
SB21-003,2021,RS,Senate,2021-01-13,Introduced In Senate - Assigned to Finance,1
SB21-003,2021,RS,Senate,2021-01-13,Senate Committee on Finance Refer Unamended to Appropriations,2
SB21-003,2021,RS,Senate,2021-01-13,Senate Committee on Appropriations Refer Unamended - Consent Calendar to Senate Committee of the Whole,3
SB21-003,2021,RS,Senate,2021-01-13,Senate Second Reading Passed - No Amendments,4
SB21-003,2021,RS,Senate,2021-01-14,Senate Third Reading Passed with Amendments - Floor,5
SB21-003,2021,RS,House,2021-01-14,Introduced In House - Assigned to,6
SB21-003,2021,RS,House,2021-01-14,House Committee on Finance Refer Unamended to Appropriations,7
SB21-003,2021,RS,House,2021-01-14,House Committee on Appropriations Refer Unamended to House Committee of the Whole,8
SB21-003,2021,RS,House,2021-01-14,House Second Reading Special Order - Passed - No Amendments,9
SB21-003,2021,RS,House,2021-01-15,House Third Reading Passed - No Amendments,10
SB21-003,2021,RS,Senate,2021-01-15,Signed by the President of the Senate,11
SB21-003,2021,RS,House,2021-01-15,Signed by the Speaker of the House,12
SB21-003,2021,RS,Governor,2021-01-15,Sent to the Governor,13
SB21-003,2021,RS,Governor,2021-01-21,Governor Signed,14
SB21-004,2021,RS,Senate,2021-02-16,Introduced In Senate - Assigned to Local Government,1
SB21-004,2021,RS,Senate,2021-02-23,Senate Committee on Local Government Refer Amended - Consent Calendar to Senate Committee of the Whole,2
SB21-004,2021,RS,Senate,2021-02-26,Senate Second Reading Passed with Amendments - Committee,3
SB21-004,2021,RS,Senate,2021-03-01,Senate Third Reading Passed - No Amendments,4
SB21-004,2021,RS,House,2021-03-04,Introduced In House - Assigned to Transportation & Local Government,5
SB21-004,2021,RS,House,2021-04-06,House Committee on Transportation & Local Government Refer Unamended to House Committee of the Whole,6
SB21-004,2021,RS,House,2021-04-08,House Second Reading Passed - No Amendments,7
SB21-004,2021,RS,House,2021-04-09,House Third Reading Passed - No Amendments,8
SB21-004,2021,RS,Senate,2021-04-13,Signed by the President of the Senate,9
SB21-004,2021,RS,House,2021-04-13,Signed by the Speaker of the House,10
SB21-004,2021,RS,Governor,2021-04-14,Sent to the Governor,11
SB21-004,2021,RS,Governor,2021-04-20,Governor Signed,12
SB21-005,2021,RS,Senate,2021-02-16,"Introduced In Senate - Assigned to State, Veterans, & Military Affairs",1
SB21-005,2021,RS,Senate,2021-03-16,"Senate Committee on State, Veterans, & Military Affairs Postpone Indefinitely",2
SB21-006,2021,RS,Senate,2021-02-16,Introduced In Senate - Assigned to Local Government,1
SB21-006,2021,RS,Senate,2021-02-16,Senate Committee on Local Government Refer Unamended to Appropriations,2
SB21-006,2021,RS,Senate,2021-03-12,Senate Committee on Appropriations Refer Unamended to Senate Committee of the Whole,3
SB21-006,2021,RS,Senate,2021-03-12,Senate Second Reading Special Order - Passed with Amendments - Floor,4
SB21-006,2021,RS,Senate,2021-03-16,Senate Third Reading Passed - No Amendments,5
SB21-006,2021,RS,House,2021-03-17,Introduced In House - Assigned to Energy & Environment,6
SB21-006,2021,RS,House,2021-04-01,House Committee on Energy & Environment Refer Unamended to Appropriations,7
SB21-006,2021,RS,House,2021-04-23,House Committee on Appropriations Refer Unamended to House Committee of the Whole,8
SB21-006,2021,RS,House,2021-04-26,House Second Reading Special Order - Passed - No Amendments,9
SB21-006,2021,RS,House,2021-04-27,House Third Reading Passed - No Amendments,10
SB21-006,2021,RS,House,2021-04-29,Signed by the Speaker of the House,11
SB21-006,2021,RS,Senate,2021-04-29,Signed by the President of the Senate,12
SB21-006,2021,RS,Governor,2021-04-30,Sent to the Governor,13
SB21-006,2021,RS,Governor,2021-05-10,Governor Signed,14
SB21-007,2021,RS,Senate,2021-02-16,"Introduced In Senate - Assigned to State, Veterans, & Military Affairs",1
SB21-007,2021,RS,Senate,2021-02-23,"Senate Committee on State, Veterans, & Military Affairs Postpone Indefinitely",2
SB21-008,2021,RS,Senate,2021-02-16,Introduced In Senate - Assigned to Education,1
SB21-008,2021,RS,Senate,2021-02-24,Senate Committee on Education Refer Unamended - Consent Calendar to Senate Committee of the Whole,2
SB21-008,2021,RS,Senate,2021-03-01,Senate Second Reading Laid Over Daily - No Amendments,3
SB21-008,2021,RS,Senate,2021-03-02,Senate Second Reading Passed - No Amendments,4
SB21-008,2021,RS,Senate,2021-03-03,Senate Third Reading Passed - No Amendments,5
SB21-008,2021,RS,House,2021-03-03,Introduced In House - Assigned to Education,6
SB21-008,2021,RS,House,2021-04-29,House Committee on Education Refer Amended to House Committee of the Whole,7
SB21-008,2021,RS,House,2021-05-03,House Second Reading Passed with Amendments - Committee,8
SB21-008,2021,RS,House,2021-05-04,House Third Reading Passed - No Amendments,9
SB21-008,2021,RS,Senate,2021-05-05,Senate Considered House Amendments - Result was to Concur - Repass,10
SB21-008,2021,RS,Senate,2021-05-13,Signed by the President of the Senate,11
SB21-008,2021,RS,House,2021-05-13,Signed by the Speaker of the House,12
SB21-008,2021,RS,Governor,2021-05-13,Sent to the Governor,13
SB21-008,2021,RS,Governor,2021-05-18,Governor Signed,14
SB21-009,2021,RS,Senate,2021-02-16,Introduced In Senate - Assigned to Health & Human Services,1
SB21-009,2021,RS,Senate,2021-03-22,Senate Committee on Health & Human Services Refer Unamended to Appropriations,2
SB21-009,2021,RS,Senate,2021-05-07,Senate Committee on Appropriations Refer Amended to Senate Committee of the Whole,3
SB21-009,2021,RS,Senate,2021-05-11,"Senate Second Reading Passed with Amendments - Committee, Floor",4
SB21-009,2021,RS,Senate,2021-05-12,Senate Third Reading Passed - No Amendments,5
SB21-009,2021,RS,Senate,2021-05-12,Senate Third Reading Reconsidered - No Amendments,6
SB21-009,2021,RS,House,2021-05-12,Introduced In House - Assigned to Health & Insurance,7
SB21-009,2021,RS,House,2021-05-26,House Committee on Health & Insurance Refer Unamended to Appropriations,8
SB21-009,2021,RS,House,2021-06-01,House Committee on Appropriations Refer Unamended to House Committee of the Whole,9
SB21-009,2021,RS,House,2021-06-01,House Second Reading Special Order - Passed - No Amendments,10
SB21-009,2021,RS,House,2021-06-02,House Third Reading Laid Over Daily - No Amendments,11
SB21-009,2021,RS,House,2021-06-03,House Third Reading Passed - No Amendments,12
SB21-009,2021,RS,House,2021-06-10,Signed by the Speaker of the House,13
SB21-009,2021,RS,Senate,2021-06-10,Signed by the President of the Senate,14
SB21-009,2021,RS,Governor,2021-06-10,Sent to the Governor,15
SB21-009,2021,RS,Governor,2021-07-06,Governor Signed,16
SB21-010,2021,RS,Senate,2021-02-16,"Introduced In Senate - Assigned to State, Veterans, & Military Affairs",1
SB21-010,2021,RS,Senate,2021-03-16,"Senate Committee on State, Veterans, & Military Affairs Postpone Indefinitely",2
SB21-011,2021,RS,Senate,2021-02-16,Introduced In Senate - Assigned to Health & Human Services,1
SB21-011,2021,RS,Senate,2021-03-10,Senate Committee on Health & Human Services Refer Amended to Appropriations,2
SB21-011,2021,RS,Senate,2021-04-23,Senate Committee on Appropriations Refer Amended to Senate Committee of the Whole,3
SB21-011,2021,RS,Senate,2021-04-27,"Senate Second Reading Passed with Amendments - Committee, Floor",4
SB21-011,2021,RS,Senate,2021-04-28,Senate Third Reading Passed - No Amendments,5
SB21-011,2021,RS,House,2021-04-30,Introduced In House - Assigned to Public & Behavioral Health & Human Services,6
SB21-011,2021,RS,House,2021-05-11,House Committee on Public & Behavioral Health & Human Services Refer Unamended to House Committee of the Whole,7
SB21-011,2021,RS,House,2021-05-14,House Second Reading Special Order - Passed - No Amendments,8
SB21-011,2021,RS,House,2021-05-17,House Third Reading Passed - No Amendments,9
SB21-011,2021,RS,Senate,2021-05-25,Signed by the President of the Senate,10
SB21-011,2021,RS,House,2021-05-25,Signed by the Speaker of the House,11
SB21-011,2021,RS,Governor,2021-05-26,Sent to the Governor,12
SB21-011,2021,RS,Governor,2021-06-04,Governor Signed,13
SB21-012,2021,RS,Senate,2021-02-16,Introduced In Senate - Assigned to Agriculture & Natural Resources,1
SB21-012,2021,RS,Senate,2021-03-11,Senate Committee on Agriculture & Natural Resources Refer Amended to Senate Committee of the Whole,2
SB21-012,2021,RS,Senate,2021-03-16,Senate Second Reading Passed with Amendments - Committee,3
SB21-012,2021,RS,Senate,2021-03-17,Senate Third Reading Passed - No Amendments,4
SB21-012,2021,RS,House,2021-03-19,Introduced In House - Assigned to Energy & Environment,5
SB21-012,2021,RS,House,2021-03-25,House Committee on Energy & Environment Refer Unamended to House Committee of the Whole,6
SB21-012,2021,RS,House,2021-03-31,House Second Reading Special Order - Passed - No Amendments,7
SB21-012,2021,RS,House,2021-04-01,House Third Reading Passed - No Amendments,8
SB21-012,2021,RS,Senate,2021-04-07,Signed by the President of the Senate,9
SB21-012,2021,RS,House,2021-04-07,Signed by the Speaker of the House,10
SB21-012,2021,RS,Governor,2021-04-08,Sent to the Governor,11
SB21-012,2021,RS,Governor,2021-04-15,Governor Signed,12
SB21-013,2021,RS,Senate,2021-02-16,Introduced In Senate - Assigned to Education,1
SB21-013,2021,RS,Senate,2021-03-18,Senate Committee on Education Refer Amended - Consent Calendar to Senate Committee of the Whole,2
SB21-013,2021,RS,Senate,2021-03-23,Senate Second Reading Laid Over Daily - No Amendments,3
SB21-013,2021,RS,Senate,2021-03-24,Senate Second Reading Passed with Amendments - Committee,4
SB21-013,2021,RS,Senate,2021-03-25,Senate Third Reading Passed - No Amendments,5
SB21-013,2021,RS,House,2021-03-25,Introduced In House - Assigned to Education,6
SB21-013,2021,RS,House,2021-04-22,House Committee on Education Refer Amended to House Committee of the Whole,7
SB21-013,2021,RS,House,2021-04-26,House Second Reading Special Order - Passed with Amendments - Committee,8
SB21-013,2021,RS,House,2021-04-27,House Third Reading Passed - No Amendments,9
SB21-013,2021,RS,Senate,2021-04-28,Senate Considered House Amendments - Result was to Concur - Repass,10
SB21-013,2021,RS,Senate,2021-04-30,Signed by the President of the Senate,11
SB21-013,2021,RS,House,2021-04-30,Signed by the Speaker of the House,12
SB21-013,2021,RS,Governor,2021-05-03,Sent to the Governor,13
SB21-013,2021,RS,Governor,2021-05-13,Governor Signed,14
SB21-014,2021,RS,Senate,2021-02-16,Introduced In Senate - Assigned to Health & Human Services,1
SB21-014,2021,RS,Senate,2021-03-09,Senate Committee on Health & Human Services Lay Over Amended,2
SB21-014,2021,RS,Senate,2021-03-24,Senate Committee on Health & Human Services Refer Amended to Appropriations,3
SB21-014,2021,RS,Senate,2021-05-12,Senate Committee on Appropriations Postpone Indefinitely,4
SB21-015,2021,RS,Senate,2021-02-16,"Introduced In Senate - Assigned to State, Veterans, & Military Affairs",1
SB21-015,2021,RS,Senate,2021-02-23,"Senate Committee on State, Veterans, & Military Affairs Refer Unamended to Appropriations",2
SB21-015,2021,RS,Senate,2021-04-01,Senate Committee on Appropriations Refer Amended - Consent Calendar to Senate Committee of the Whole,3
SB21-015,2021,RS,Senate,2021-04-01,Senate Second Reading Special Order - Passed with Amendments - Committee,4
SB21-015,2021,RS,Senate,2021-04-05,Senate Third Reading Passed - No Amendments,5
SB21-015,2021,RS,House,2021-04-06,"Introduced In House - Assigned to State, Civic, Military, & Veterans Affairs",6
SB21-015,2021,RS,House,2021-04-22,"House Committee on State, Civic, Military, & Veterans Affairs Refer Unamended to Appropriations",7
SB21-015,2021,RS,House,2021-05-11,House Committee on Appropriations Refer Unamended to House Committee of the Whole,8
SB21-015,2021,RS,House,2021-05-11,House Second Reading Special Order - Passed - No Amendments,9
SB21-015,2021,RS,House,2021-05-12,House Third Reading Passed - No Amendments,10
SB21-015,2021,RS,Senate,2021-05-17,Signed by the President of the Senate,11
SB21-015,2021,RS,House,2021-05-17,Signed by the Speaker of the House,12
SB21-015,2021,RS,Governor,2021-05-17,Sent to the Governor,13
SB21-015,2021,RS,Governor,2021-05-27,Governor Signed,14
SB21-016,2021,RS,Senate,2021-02-16,Introduced In Senate - Assigned to Health & Human Services,1
SB21-016,2021,RS,Senate,2021-03-24,Senate Committee on Health & Human Services Refer Amended to Appropriations,2
SB21-016,2021,RS,Senate,2021-04-30,Senate Committee on Appropriations Refer Amended to Senate Committee of the Whole,3
SB21-016,2021,RS,Senate,2021-05-04,"Senate Second Reading Passed with Amendments - Committee, Floor",4
SB21-016,2021,RS,Senate,2021-05-05,Senate Third Reading Passed - No Amendments,5
SB21-016,2021,RS,House,2021-05-05,Introduced In House - Assigned to Health & Insurance,6
SB21-016,2021,RS,House,2021-05-26,House Committee on Health & Insurance Refer Amended to Appropriations,7
SB21-016,2021,RS,House,2021-06-01,House Committee on Appropriations Refer Unamended to House Committee of the Whole,8
SB21-016,2021,RS,House,2021-06-02,House Second Reading Special Order - Passed with Amendments - Committee,9
SB21-016,2021,RS,House,2021-06-03,House Third Reading Passed - No Amendments,10
SB21-016,2021,RS,Senate,2021-06-03,Senate Considered House Amendments - Result was to Concur - Repass,11
SB21-016,2021,RS,House,2021-06-10,Signed by the Speaker of the House,12
SB21-016,2021,RS,Senate,2021-06-10,Signed by the President of the Senate,13
SB21-016,2021,RS,Governor,2021-06-10,Sent to the Governor,14
SB21-016,2021,RS,Governor,2021-07-06,Governor Signed,15
SB21-017,2021,RS,Senate,2021-02-16,Introduced In Senate - Assigned to Judiciary,1
SB21-017,2021,RS,Senate,2021-02-25,Senate Committee on Judiciary Refer Amended - Consent Calendar to Senate Committee of the Whole,2
SB21-017,2021,RS,Senate,2021-03-01,Senate Second Reading Passed with Amendments - Committee,3
SB21-017,2021,RS,Senate,2021-03-02,Senate Third Reading Passed - No Amendments,4
SB21-017,2021,RS,House,2021-03-03,Introduced In House - Assigned to Judiciary,5
SB21-017,2021,RS,House,2021-03-16,House Committee on Judiciary Witness Testimony and/or Committee Discussion Only,6
SB21-017,2021,RS,House,2021-04-28,House Committee on Judiciary Refer Amended to House Committee of the Whole,7
SB21-017,2021,RS,House,2021-05-03,House Second Reading Passed with Amendments - Committee,8
SB21-017,2021,RS,House,2021-05-04,House Third Reading Passed - No Amendments,9
SB21-017,2021,RS,Senate,2021-05-05,Senate Considered House Amendments - Result was to Not Concur - Request Conference Committee,10
SB21-017,2021,RS,ConfComm,2021-05-20,First Conference Committee Result was to Adopt Rerevised w/ Amendments,11
SB21-017,2021,RS,House,2021-05-24,House Consideration of First Conference Committee Report result was to Adopt Committee Report - Repass,12
SB21-017,2021,RS,Senate,2021-05-25,Senate Consideration of First Conference Committee Report result was to Adopt Committee Report - Repass,13
SB21-017,2021,RS,Senate,2021-06-14,Signed by the President of the Senate,14
SB21-017,2021,RS,House,2021-06-14,Signed by the Speaker of the House,15
SB21-017,2021,RS,Governor,2021-06-15,Sent to the Governor,16
SB21-017,2021,RS,Governor,2021-07-02,Governor Signed,17
SB21-018,2021,RS,Senate,2021-02-16,Introduced In Senate - Assigned to Health & Human Services,1
SB21-018,2021,RS,Senate,2021-02-17,Senate Committee on Health & Human Services Refer Unamended to Appropriations,2
SB21-018,2021,RS,Senate,2021-04-30,Senate Committee on Appropriations Refer Amended - Consent Calendar to Senate Committee of the Whole,3
SB21-018,2021,RS,Senate,2021-05-04,"Senate Second Reading Passed with Amendments - Committee, Floor",4
SB21-018,2021,RS,Senate,2021-05-05,Senate Third Reading Passed - No Amendments,5
SB21-018,2021,RS,House,2021-05-05,Introduced In House - Assigned to Public & Behavioral Health & Human Services,6
SB21-018,2021,RS,House,2021-05-25,House Committee on Public & Behavioral Health & Human Services Refer Unamended to Appropriations,7
SB21-018,2021,RS,House,2021-06-03,House Committee on Appropriations Refer Amended to House Committee of the Whole,8
SB21-018,2021,RS,House,2021-06-03,House Second Reading Special Order - Passed with Amendments - Committee,9
SB21-018,2021,RS,House,2021-06-04,House Third Reading Laid Over Daily - No Amendments,10
SB21-018,2021,RS,House,2021-06-07,House Third Reading Passed - No Amendments,11
SB21-018,2021,RS,Senate,2021-06-07,Senate Considered House Amendments - Result was to Concur - Repass,12
SB21-018,2021,RS,Senate,2021-06-22,Signed by the President of the Senate,13
SB21-018,2021,RS,House,2021-06-22,Signed by the Speaker of the House,14
SB21-018,2021,RS,Governor,2021-06-22,Sent to the Governor,15
SB21-018,2021,RS,Governor,2021-07-02,Governor Signed,16
SB21-019,2021,RS,Senate,2021-02-16,Introduced In Senate - Assigned to Local Government,1
SB21-019,2021,RS,Senate,2021-02-16,Senate Committee on Local Government Refer Unamended - Consent Calendar to Senate Committee of the Whole,2
SB21-019,2021,RS,Senate,2021-02-19,Senate Second Reading Passed - No Amendments,3
SB21-019,2021,RS,Senate,2021-02-22,Senate Third Reading Passed - No Amendments,4
SB21-019,2021,RS,House,2021-02-22,Introduced In House - Assigned to Finance,5
SB21-019,2021,RS,House,2021-03-01,House Committee on Finance Refer Unamended to House Committee of the Whole,6
SB21-019,2021,RS,House,2021-03-03,House Second Reading Laid Over Daily - No Amendments,7
SB21-019,2021,RS,House,2021-03-04,House Second Reading Passed - No Amendments,8
SB21-019,2021,RS,House,2021-03-05,House Third Reading Passed - No Amendments,9
SB21-019,2021,RS,Senate,2021-03-11,Signed by the President of the Senate,10
SB21-019,2021,RS,House,2021-03-11,Signed by the Speaker of the House,11
SB21-019,2021,RS,Governor,2021-03-11,Sent to the Governor,12
SB21-019,2021,RS,Governor,2021-03-21,Governor Signed,13
SB21-020,2021,RS,Senate,2021-02-16,Introduced In Senate - Assigned to Finance,1
SB21-020,2021,RS,Senate,2021-02-24,Senate Committee on Finance Refer Unamended to Senate Committee of the Whole,2
SB21-020,2021,RS,Senate,2021-03-01,Senate Second Reading Passed - No Amendments,3
SB21-020,2021,RS,Senate,2021-03-02,Senate Third Reading Passed - No Amendments,4
SB21-020,2021,RS,Senate,2021-03-02,Senate Third Reading Reconsidered - No Amendments,5
SB21-020,2021,RS,House,2021-03-04,Introduced In House - Assigned to Energy & Environment + Finance,6
SB21-020,2021,RS,House,2021-03-24,House Committee on Energy & Environment Refer Unamended to Finance,7
SB21-020,2021,RS,House,2021-04-05,House Committee on Finance Refer Unamended to House Committee of the Whole,8
SB21-020,2021,RS,House,2021-04-08,House Second Reading Passed - No Amendments,9
SB21-020,2021,RS,House,2021-04-09,House Third Reading Passed - No Amendments,10
SB21-020,2021,RS,Senate,2021-04-13,Signed by the President of the Senate,11
SB21-020,2021,RS,House,2021-04-13,Signed by the Speaker of the House,12
SB21-020,2021,RS,Governor,2021-04-14,Sent to the Governor,13
SB21-020,2021,RS,Governor,2021-04-22,Governor Signed,14
SB21-021,2021,RS,Senate,2021-02-16,Introduced In Senate - Assigned to Health & Human Services,1
SB21-021,2021,RS,Senate,2021-02-17,Senate Committee on Health & Human Services Refer Unamended to Appropriations,2
SB21-021,2021,RS,Senate,2021-03-12,Senate Committee on Appropriations Refer Amended - Consent Calendar to Senate Committee of the Whole,3
SB21-021,2021,RS,Senate,2021-03-12,Senate Second Reading Special Order - Passed with Amendments - Committee,4
SB21-021,2021,RS,Senate,2021-03-16,Senate Third Reading Passed - No Amendments,5
SB21-021,2021,RS,House,2021-03-17,Introduced In House - Assigned to Public & Behavioral Health & Human Services,6
SB21-021,2021,RS,House,2021-04-13,House Committee on Public & Behavioral Health & Human Services Refer Amended to Finance,7
SB21-021,2021,RS,House,2021-04-26,House Committee on Finance Refer Unamended to Appropriations,8
SB21-021,2021,RS,House,2021-05-11,House Committee on Appropriations Refer Amended to House Committee of the Whole,9
SB21-021,2021,RS,House,2021-05-11,House Second Reading Special Order - Passed with Amendments - Committee,10
SB21-021,2021,RS,House,2021-05-12,House Third Reading Passed - No Amendments,11
SB21-021,2021,RS,Senate,2021-05-13,Senate Considered House Amendments - Result was to Concur - Repass,12
SB21-021,2021,RS,Senate,2021-05-18,Signed by the President of the Senate,13
SB21-021,2021,RS,House,2021-05-19,Signed by the Speaker of the House,14
SB21-021,2021,RS,Governor,2021-05-19,Sent to the Governor,15
SB21-021,2021,RS,Governor,2021-05-28,Governor Signed,16
SB21-022,2021,RS,Senate,2021-02-16,Introduced In Senate - Assigned to Health & Human Services,1
SB21-022,2021,RS,Senate,2021-02-17,Senate Committee on Health & Human Services Refer Amended to Appropriations,2
SB21-022,2021,RS,Senate,2021-04-23,Senate Committee on Appropriations Refer Amended - Consent Calendar to Senate Committee of the Whole,3
SB21-022,2021,RS,Senate,2021-04-23,Senate Second Reading Special Order - Passed with Amendments - Committee,4
SB21-022,2021,RS,Senate,2021-04-26,Senate Third Reading Passed - No Amendments,5
SB21-022,2021,RS,House,2021-04-26,Introduced In House - Assigned to Public & Behavioral Health & Human Services,6
SB21-022,2021,RS,House,2021-05-04,House Committee on Public & Behavioral Health & Human Services Refer Unamended to House Committee of the Whole,7
SB21-022,2021,RS,House,2021-05-07,House Second Reading Passed - No Amendments,8
SB21-022,2021,RS,House,2021-05-10,House Third Reading Passed - No Amendments,9
SB21-022,2021,RS,Senate,2021-05-13,Signed by the President of the Senate,10
SB21-022,2021,RS,House,2021-05-13,Signed by the Speaker of the House,11
SB21-022,2021,RS,Governor,2021-05-13,Sent to the Governor,12
SB21-022,2021,RS,Governor,2021-05-21,Governor Signed,13
SB21-023,2021,RS,Senate,2021-02-16,Introduced In Senate - Assigned to Judiciary,1
SB21-023,2021,RS,Senate,2021-03-18,Senate Committee on Judiciary Postpone Indefinitely,2
SB21-024,2021,RS,Senate,2021-02-16,"Introduced In Senate - Assigned to State, Veterans, & Military Affairs",1
SB21-024,2021,RS,Senate,2021-02-23,"Senate Committee on State, Veterans, & Military Affairs Refer Unamended - Consent Calendar to Senate Committee of the Whole",2
SB21-024,2021,RS,Senate,2021-02-26,Senate Second Reading Passed - No Amendments,3
SB21-024,2021,RS,Senate,2021-03-01,Senate Third Reading Passed - No Amendments,4
SB21-024,2021,RS,House,2021-03-03,"Introduced In House - Assigned to State, Civic, Military, & Veterans Affairs",5
SB21-024,2021,RS,House,2021-03-18,"House Committee on State, Civic, Military, & Veterans Affairs Refer Unamended to House Committee of the Whole",6
SB21-024,2021,RS,House,2021-03-22,House Second Reading Passed - No Amendments,7
SB21-024,2021,RS,House,2021-03-23,House Third Reading Laid Over Daily - No Amendments,8
SB21-024,2021,RS,House,2021-03-24,House Third Reading Passed - No Amendments,9
SB21-024,2021,RS,Senate,2021-03-29,Signed by the President of the Senate,10
SB21-024,2021,RS,House,2021-03-29,Signed by the Speaker of the House,11
SB21-024,2021,RS,Governor,2021-03-29,Sent to the Governor,12
SB21-024,2021,RS,Governor,2021-03-30,Governor Signed,13
SB21-025,2021,RS,Senate,2021-02-16,Introduced In Senate - Assigned to Health & Human Services,1
SB21-025,2021,RS,Senate,2021-03-24,Senate Committee on Health & Human Services Refer Amended to Appropriations,2
SB21-025,2021,RS,Senate,2021-05-07,Senate Committee on Appropriations Refer Amended to Senate Committee of the Whole,3
SB21-025,2021,RS,Senate,2021-05-11,"Senate Second Reading Passed with Amendments - Committee, Floor",4
SB21-025,2021,RS,Senate,2021-05-12,Senate Third Reading Passed - No Amendments,5
SB21-025,2021,RS,House,2021-05-12,Introduced In House - Assigned to Public & Behavioral Health & Human Services,6
SB21-025,2021,RS,House,2021-05-25,House Committee on Public & Behavioral Health & Human Services Refer Unamended to Appropriations,7
SB21-025,2021,RS,House,2021-06-02,House Committee on Appropriations Refer Unamended to House Committee of the Whole,8
SB21-025,2021,RS,House,2021-06-02,House Second Reading Special Order - Passed - No Amendments,9
SB21-025,2021,RS,House,2021-06-03,House Third Reading Passed - No Amendments,10
SB21-025,2021,RS,House,2021-06-10,Signed by the Speaker of the House,11
SB21-025,2021,RS,Senate,2021-06-10,Signed by the President of the Senate,12
SB21-025,2021,RS,Governor,2021-06-10,Sent to the Governor,13
SB21-025,2021,RS,Governor,2021-07-06,Governor Signed,14
SB21-026,2021,RS,Senate,2021-02-16,"Introduced In Senate - Assigned to State, Veterans, & Military Affairs",1
SB21-026,2021,RS,Senate,2021-02-16,"Senate Committee on State, Veterans, & Military Affairs Refer Unamended to Senate Committee of the Whole",2
SB21-026,2021,RS,Senate,2021-02-19,Senate Second Reading Passed with Amendments - Floor,3
SB21-026,2021,RS,Senate,2021-02-22,Senate Third Reading Passed - No Amendments,4
SB21-026,2021,RS,House,2021-02-22,Introduced In House - Assigned to,5
SB21-026,2021,RS,House,2021-03-22,"House Committee on State, Civic, Military, & Veterans Affairs Refer Amended to House Committee of the Whole",6
SB21-026,2021,RS,House,2021-03-25,House Second Reading Laid Over Daily - No Amendments,7
SB21-026,2021,RS,House,2021-03-26,"House Second Reading Passed with Amendments - Committee, Floor",8
SB21-026,2021,RS,House,2021-03-29,House Third Reading Passed - No Amendments,9
SB21-026,2021,RS,Senate,2021-03-30,Senate Considered House Amendments - Result was to Concur - Repass,10
SB21-026,2021,RS,Senate,2021-04-07,Signed by the President of the Senate,11
SB21-026,2021,RS,House,2021-04-07,Signed by the Speaker of the House,12
SB21-026,2021,RS,Governor,2021-04-08,Sent to the Governor,13
SB21-026,2021,RS,Governor,2021-04-19,Governor Signed,14
SB21-027,2021,RS,Senate,2021-02-16,Introduced In Senate - Assigned to Health & Human Services,1
SB21-027,2021,RS,Senate,2021-03-03,Senate Committee on Health & Human Services Refer Amended to Appropriations,2
SB21-027,2021,RS,Senate,2021-04-30,Senate Committee on Appropriations Refer Amended to Senate Committee of the Whole,3
SB21-027,2021,RS,Senate,2021-05-04,Senate Second Reading Laid Over Daily - No Amendments,4
SB21-027,2021,RS,Senate,2021-05-06,"Senate Second Reading Passed with Amendments - Committee, Floor",5
SB21-027,2021,RS,Senate,2021-05-07,Senate Third Reading Passed - No Amendments,6
SB21-027,2021,RS,House,2021-05-10,Introduced In House - Assigned to Public & Behavioral Health & Human Services,7
SB21-027,2021,RS,House,2021-05-25,House Committee on Public & Behavioral Health & Human Services Refer Amended to Appropriations,8
SB21-027,2021,RS,House,2021-06-03,House Committee on Appropriations Refer Amended to House Committee of the Whole,9
SB21-027,2021,RS,House,2021-06-03,House Second Reading Special Order - Passed with Amendments - Committee,10
SB21-027,2021,RS,House,2021-06-04,House Third Reading Laid Over Daily - No Amendments,11
SB21-027,2021,RS,House,2021-06-07,House Third Reading Passed - No Amendments,12
SB21-027,2021,RS,Senate,2021-06-07,Senate Considered House Amendments - Result was to Concur - Repass,13
SB21-027,2021,RS,Senate,2021-06-11,Signed by the President of the Senate,14
SB21-027,2021,RS,House,2021-06-11,Signed by the Speaker of the House,15
SB21-027,2021,RS,Governor,2021-06-11,Sent to the Governor,16
SB21-027,2021,RS,Governor,2021-07-06,Governor Signed,17
SB21-028,2021,RS,Senate,2021-02-16,"Introduced In Senate - Assigned to State, Veterans, & Military Affairs",1
SB21-028,2021,RS,Senate,2021-03-02,"Senate Committee on State, Veterans, & Military Affairs Postpone Indefinitely",2
SB21-029,2021,RS,Senate,2021-02-16,Introduced In Senate - Assigned to Education,1
SB21-029,2021,RS,Senate,2021-02-18,Senate Committee on Education Refer Amended to Appropriations,2
SB21-029,2021,RS,Senate,2021-04-23,Senate Committee on Appropriations Refer Unamended - Consent Calendar to Senate Committee of the Whole,3
SB21-029,2021,RS,Senate,2021-04-23,Senate Second Reading Special Order - Passed with Amendments - Committee,4
SB21-029,2021,RS,Senate,2021-04-26,Senate Third Reading Passed - No Amendments,5
SB21-029,2021,RS,House,2021-04-26,Introduced In House - Assigned to Education,6
SB21-029,2021,RS,House,2021-05-20,House Committee on Education Refer Unamended to Appropriations,7
SB21-029,2021,RS,House,2021-05-24,House Committee on Appropriations Refer Unamended to House Committee of the Whole,8
SB21-029,2021,RS,House,2021-05-24,House Second Reading Special Order - Passed - No Amendments,9
SB21-029,2021,RS,House,2021-05-25,House Third Reading Laid Over Daily - No Amendments,10
SB21-029,2021,RS,House,2021-05-28,House Third Reading Passed - No Amendments,11
SB21-029,2021,RS,Senate,2021-06-11,Signed by the President of the Senate,12
SB21-029,2021,RS,House,2021-06-11,Signed by the Speaker of the House,13
SB21-029,2021,RS,Governor,2021-06-11,Sent to the Governor,14
SB21-029,2021,RS,Governor,2021-06-28,Governor Signed,15
SB21-030,2021,RS,Senate,2021-02-16,Introduced In Senate - Assigned to Judiciary,1
SB21-030,2021,RS,Senate,2021-03-31,Senate Committee on Judiciary Refer Amended - Consent Calendar to Senate Committee of the Whole,2
SB21-030,2021,RS,Senate,2021-04-01,Senate Second Reading Special Order - Passed with Amendments - Committee,3
SB21-030,2021,RS,Senate,2021-04-05,Senate Third Reading Passed - No Amendments,4
SB21-030,2021,RS,House,2021-04-06,Introduced In House - Assigned to Judiciary,5
SB21-030,2021,RS,House,2021-04-20,House Committee on Judiciary Witness Testimony and/or Committee Discussion Only,6
SB21-030,2021,RS,House,2021-05-04,House Committee on Judiciary Refer Amended to House Committee of the Whole,7
SB21-030,2021,RS,House,2021-05-06,House Second Reading Passed with Amendments - Committee,8
SB21-030,2021,RS,House,2021-05-07,House Third Reading Passed - No Amendments,9
SB21-030,2021,RS,Senate,2021-05-11,Senate Considered House Amendments - Result was to Laid Over Daily,10
SB21-030,2021,RS,Senate,2021-05-12,Senate Considered House Amendments - Result was to Concur - Repass,11
SB21-030,2021,RS,Senate,2021-05-17,Signed by the President of the Senate,12
SB21-030,2021,RS,House,2021-05-17,Signed by the Speaker of the House,13
SB21-030,2021,RS,Governor,2021-05-17,Sent to the Governor,14
SB21-030,2021,RS,Governor,2021-05-27,Governor Signed,15
SB21-031,2021,RS,Senate,2021-02-16,Introduced In Senate - Assigned to Judiciary,1
SB21-031,2021,RS,Senate,2021-05-20,Senate Committee on Judiciary Lay Over Unamended - Amendment(s) Failed,2
SB21-031,2021,RS,Senate,2021-05-24,Senate Committee on Judiciary Postpone Indefinitely,3
SB21-032,2021,RS,Senate,2021-02-16,"Introduced In Senate - Assigned to State, Veterans, & Military Affairs",1
SB21-032,2021,RS,Senate,2021-03-16,"Senate Committee on State, Veterans, & Military Affairs Refer Unamended to Appropriations",2
SB21-032,2021,RS,Senate,2021-04-30,Senate Committee on Appropriations Refer Amended - Consent Calendar to Senate Committee of the Whole,3
SB21-032,2021,RS,Senate,2021-04-30,Senate Second Reading Special Order - Passed with Amendments - Committee,4
SB21-032,2021,RS,Senate,2021-05-03,Senate Third Reading Passed - No Amendments,5
SB21-032,2021,RS,House,2021-05-05,"Introduced In House - Assigned to State, Civic, Military, & Veterans Affairs",6
SB21-032,2021,RS,House,2021-05-27,"House Committee on State, Civic, Military, & Veterans Affairs Refer Amended to Appropriations",7
SB21-032,2021,RS,House,2021-06-03,House Committee on Appropriations Refer Unamended to House Committee of the Whole,8
SB21-032,2021,RS,House,2021-06-03,House Second Reading Special Order - Passed with Amendments - Committee,9
SB21-032,2021,RS,House,2021-06-04,House Third Reading Laid Over Daily - No Amendments,10
SB21-032,2021,RS,House,2021-06-07,House Third Reading Passed - No Amendments,11
SB21-032,2021,RS,Senate,2021-06-07,Senate Considered House Amendments - Result was to Concur - Repass,12
SB21-032,2021,RS,Senate,2021-06-17,Signed by the President of the Senate,13
SB21-032,2021,RS,House,2021-06-17,Signed by the Speaker of the House,14
SB21-032,2021,RS,Governor,2021-06-17,Sent to the Governor,15
SB21-032,2021,RS,Governor,2021-06-23,Governor Signed,16
SB21-033,2021,RS,Senate,2021-02-16,Introduced In Senate - Assigned to Finance,1
SB21-033,2021,RS,Senate,2021-04-14,Senate Committee on Finance Refer Amended to Appropriations,2
SB21-033,2021,RS,Senate,2021-05-26,Senate Committee on Appropriations Refer Amended to Senate Committee of the Whole,3
SB21-033,2021,RS,Senate,2021-05-26,Senate Second Reading Special Order - Passed with Amendments - Committee,4
SB21-033,2021,RS,Senate,2021-05-27,Senate Third Reading Passed - No Amendments,5
SB21-033,2021,RS,House,2021-06-02,Introduced In House - Assigned to Finance,6
SB21-033,2021,RS,House,2021-06-07,House Committee on Finance Refer Unamended to Appropriations,7
SB21-033,2021,RS,House,2021-06-15,House Committee on Appropriations Lay Over Unamended - Amendment(s) Failed,8
SB21-034,2021,RS,Senate,2021-02-16,Introduced In Senate - Assigned to Agriculture & Natural Resources,1
SB21-034,2021,RS,Senate,2021-03-11,Senate Committee on Agriculture & Natural Resources Postpone Indefinitely,2
SB21-035,2021,RS,Senate,2021-02-16,"Introduced In Senate - Assigned to Business, Labor, & Technology",1
SB21-035,2021,RS,Senate,2021-03-22,"Senate Committee on Business, Labor, & Technology Refer Amended to Appropriations",2
SB21-035,2021,RS,Senate,2021-04-23,Senate Committee on Appropriations Refer Unamended - Consent Calendar to Senate Committee of the Whole,3
SB21-035,2021,RS,Senate,2021-04-23,Senate Second Reading Special Order - Passed with Amendments - Committee,4
SB21-035,2021,RS,Senate,2021-04-26,Senate Third Reading Passed - No Amendments,5
SB21-035,2021,RS,House,2021-04-26,Introduced In House - Assigned to Business Affairs & Labor,6
SB21-035,2021,RS,House,2021-05-12,House Committee on Business Affairs & Labor Refer Unamended to House Committee of the Whole,7
SB21-035,2021,RS,House,2021-05-17,House Second Reading Laid Over Daily - No Amendments,8
SB21-035,2021,RS,House,2021-05-18,House Second Reading Passed with Amendments - Floor,9
SB21-035,2021,RS,House,2021-05-19,House Third Reading Passed - No Amendments,10
SB21-035,2021,RS,Senate,2021-05-20,Senate Considered House Amendments - Result was to Concur - Repass,11
SB21-035,2021,RS,Senate,2021-05-25,Signed by the President of the Senate,12
SB21-035,2021,RS,House,2021-05-25,Signed by the Speaker of the House,13
SB21-035,2021,RS,Governor,2021-05-26,Sent to the Governor,14
SB21-035,2021,RS,Governor,2021-06-04,Governor Signed,15
SB21-036,2021,RS,Senate,2021-02-16,"Introduced In Senate - Assigned to State, Veterans, & Military Affairs",1
SB21-036,2021,RS,Senate,2021-03-02,"Senate Committee on State, Veterans, & Military Affairs Postpone Indefinitely",2
SB21-037,2021,RS,Senate,2021-02-16,Introduced In Senate - Assigned to Education,1
SB21-037,2021,RS,Senate,2021-03-10,Senate Committee on Education Postpone Indefinitely,2
SB21-038,2021,RS,Senate,2021-02-16,Introduced In Senate - Assigned to Health & Human Services,1
SB21-038,2021,RS,Senate,2021-03-01,Senate Committee on Health & Human Services Refer Unamended to Appropriations,2
SB21-038,2021,RS,Senate,2021-04-01,Senate Committee on Appropriations Refer Amended - Consent Calendar to Senate Committee of the Whole,3
SB21-038,2021,RS,Senate,2021-04-01,Senate Second Reading Special Order - Passed with Amendments - Committee,4
SB21-038,2021,RS,Senate,2021-04-05,Senate Third Reading Passed - No Amendments,5
SB21-038,2021,RS,House,2021-04-05,Introduced In House - Assigned to Public & Behavioral Health & Human Services,6
SB21-038,2021,RS,House,2021-04-20,House Committee on Public & Behavioral Health & Human Services Refer Unamended to Appropriations,7
SB21-038,2021,RS,House,2021-05-18,House Committee on Appropriations Refer Unamended to House Committee of the Whole,8
SB21-038,2021,RS,House,2021-05-19,House Second Reading Laid Over Daily - No Amendments,9
SB21-038,2021,RS,House,2021-05-24,House Second Reading Special Order - Passed - No Amendments,10
SB21-038,2021,RS,House,2021-05-25,House Third Reading Laid Over Daily - No Amendments,11
SB21-038,2021,RS,House,2021-05-28,House Third Reading Passed - No Amendments,12
SB21-038,2021,RS,House,2021-06-10,Signed by the Speaker of the House,13
SB21-038,2021,RS,Senate,2021-06-10,Signed by the President of the Senate,14
SB21-038,2021,RS,Governor,2021-06-10,Sent to the Governor,15
SB21-038,2021,RS,Governor,2021-06-30,Governor Signed,16
SB21-039,2021,RS,Senate,2021-02-16,"Introduced In Senate - Assigned to Business, Labor, & Technology",1
SB21-039,2021,RS,Senate,2021-03-03,"Senate Committee on Business, Labor, & Technology Refer Amended to Appropriations",2
SB21-039,2021,RS,Senate,2021-04-23,Senate Committee on Appropriations Refer Amended - Consent Calendar to Senate Committee of the Whole,3
SB21-039,2021,RS,Senate,2021-04-23,Senate Second Reading Special Order - Passed with Amendments - Committee,4
SB21-039,2021,RS,Senate,2021-04-26,Senate Third Reading Passed - No Amendments,5
SB21-039,2021,RS,House,2021-04-26,Introduced In House - Assigned to Public & Behavioral Health & Human Services,6
SB21-039,2021,RS,House,2021-05-04,House Committee on Public & Behavioral Health & Human Services Refer Amended to Appropriations,7
SB21-039,2021,RS,House,2021-05-21,House Committee on Appropriations Refer Amended to House Committee of the Whole,8
SB21-039,2021,RS,House,2021-05-24,House Second Reading Special Order - Passed with Amendments - Committee,9
SB21-039,2021,RS,House,2021-05-25,House Third Reading Laid Over Daily - No Amendments,10
SB21-039,2021,RS,House,2021-05-28,House Third Reading Passed - No Amendments,11
SB21-039,2021,RS,Senate,2021-06-01,Senate Considered House Amendments - Result was to Concur - Repass,12
SB21-039,2021,RS,Senate,2021-06-10,Signed by the President of the Senate,13
SB21-039,2021,RS,House,2021-06-11,Signed by the Speaker of the House,14
SB21-039,2021,RS,Governor,2021-06-11,Sent to the Governor,15
SB21-039,2021,RS,Governor,2021-06-29,Governor Signed,16
SB21-040,2021,RS,Senate,2021-02-16,"Introduced In Senate - Assigned to State, Veterans, & Military Affairs",1
SB21-040,2021,RS,Senate,2021-02-23,"Senate Committee on State, Veterans, & Military Affairs Lay Over Unamended - Amendment(s) Failed",2
SB21-040,2021,RS,Senate,2021-03-02,"Senate Committee on State, Veterans, & Military Affairs Refer Amended to Senate Committee of the Whole",3
SB21-040,2021,RS,Senate,2021-03-05,Senate Second Reading Passed with Amendments - Committee,4
SB21-040,2021,RS,Senate,2021-03-08,Senate Third Reading Passed - No Amendments,5
SB21-040,2021,RS,House,2021-03-11,Introduced In House - Assigned to Business Affairs & Labor,6
SB21-040,2021,RS,House,2021-04-07,House Committee on Business Affairs & Labor Refer Unamended to House Committee of the Whole,7
SB21-040,2021,RS,House,2021-04-09,House Second Reading Passed with Amendments - Floor,8
SB21-040,2021,RS,House,2021-04-12,House Third Reading Passed - No Amendments,9
SB21-040,2021,RS,Senate,2021-04-13,Senate Considered House Amendments - Result was to Concur - Repass,10
SB21-040,2021,RS,Senate,2021-04-16,Signed by the President of the Senate,11
SB21-040,2021,RS,House,2021-04-16,Signed by the Speaker of the House,12
SB21-040,2021,RS,Governor,2021-04-16,Sent to the Governor,13
SB21-040,2021,RS,Governor,2021-04-26,Governor Signed,14
SB21-041,2021,RS,Senate,2021-02-16,Introduced In Senate - Assigned to Appropriations,1
SB21-041,2021,RS,Senate,2021-02-23,Senate Committee on Appropriations Refer Unamended - Consent Calendar to Senate Committee of the Whole,2
SB21-041,2021,RS,Senate,2021-02-25,Senate Second Reading Passed - No Amendments,3
SB21-041,2021,RS,Senate,2021-02-26,Senate Third Reading Passed - No Amendments,4
SB21-041,2021,RS,House,2021-02-26,Introduced In House - Assigned to Appropriations,5
SB21-041,2021,RS,House,2021-03-02,House Committee on Appropriations Refer Unamended to House Committee of the Whole,6
SB21-041,2021,RS,House,2021-03-04,House Second Reading Passed - No Amendments,7
SB21-041,2021,RS,House,2021-03-05,House Third Reading Passed - No Amendments,8
SB21-041,2021,RS,Senate,2021-03-11,Signed by the President of the Senate,9
SB21-041,2021,RS,House,2021-03-11,Signed by the Speaker of the House,10
SB21-041,2021,RS,Governor,2021-03-11,Sent to the Governor,11
SB21-041,2021,RS,Governor,2021-03-21,Governor Signed,12
SB21-042,2021,RS,Senate,2021-02-16,Introduced In Senate - Assigned to Appropriations,1
SB21-042,2021,RS,Senate,2021-02-23,Senate Committee on Appropriations Refer Unamended - Consent Calendar to Senate Committee of the Whole,2
SB21-042,2021,RS,Senate,2021-02-25,Senate Second Reading Passed - No Amendments,3
SB21-042,2021,RS,Senate,2021-02-26,Senate Third Reading Passed - No Amendments,4
SB21-042,2021,RS,House,2021-02-26,Introduced In House - Assigned to Appropriations,5
SB21-042,2021,RS,House,2021-03-02,House Committee on Appropriations Refer Unamended to House Committee of the Whole,6
SB21-042,2021,RS,House,2021-03-04,House Second Reading Passed with Amendments - Floor,7
SB21-042,2021,RS,House,2021-03-05,House Third Reading Passed - No Amendments,8
SB21-042,2021,RS,Senate,2021-03-09,Senate Considered House Amendments - Result was to Concur - Repass,9
SB21-042,2021,RS,Senate,2021-03-10,Signed by the President of the Senate,10
SB21-042,2021,RS,House,2021-03-10,Signed by the Speaker of the House,11
SB21-042,2021,RS,Governor,2021-03-11,Sent to the Governor,12
SB21-042,2021,RS,Governor,2021-03-21,Governor Signed,13
SB21-043,2021,RS,Senate,2021-02-16,Introduced In Senate - Assigned to Appropriations,1
SB21-043,2021,RS,Senate,2021-02-23,Senate Committee on Appropriations Refer Unamended - Consent Calendar to Senate Committee of the Whole,2
SB21-043,2021,RS,Senate,2021-02-25,Senate Second Reading Passed - No Amendments,3
SB21-043,2021,RS,Senate,2021-02-26,Senate Third Reading Passed - No Amendments,4
SB21-043,2021,RS,House,2021-02-26,Introduced In House - Assigned to Appropriations,5
SB21-043,2021,RS,House,2021-03-02,House Committee on Appropriations Refer Unamended to House Committee of the Whole,6
SB21-043,2021,RS,House,2021-03-04,House Second Reading Passed - No Amendments,7
SB21-043,2021,RS,House,2021-03-05,House Third Reading Passed - No Amendments,8
SB21-043,2021,RS,Senate,2021-03-11,Signed by the President of the Senate,9
SB21-043,2021,RS,House,2021-03-11,Signed by the Speaker of the House,10
SB21-043,2021,RS,Governor,2021-03-11,Sent to the Governor,11
SB21-043,2021,RS,Governor,2021-03-21,Governor Signed,12
SB21-044,2021,RS,Senate,2021-02-16,Introduced In Senate - Assigned to Appropriations,1
SB21-044,2021,RS,Senate,2021-02-23,Senate Committee on Appropriations Refer Unamended - Consent Calendar to Senate Committee of the Whole,2
SB21-044,2021,RS,Senate,2021-02-25,Senate Second Reading Passed - No Amendments,3
SB21-044,2021,RS,Senate,2021-02-26,Senate Third Reading Passed - No Amendments,4
SB21-044,2021,RS,House,2021-02-26,Introduced In House - Assigned to Appropriations,5
SB21-044,2021,RS,House,2021-03-02,House Committee on Appropriations Refer Unamended to House Committee of the Whole,6
SB21-044,2021,RS,House,2021-03-04,House Second Reading Passed - No Amendments,7
SB21-044,2021,RS,House,2021-03-05,House Third Reading Passed - No Amendments,8
SB21-044,2021,RS,Senate,2021-03-11,Signed by the President of the Senate,9
SB21-044,2021,RS,House,2021-03-11,Signed by the Speaker of the House,10
SB21-044,2021,RS,Governor,2021-03-11,Sent to the Governor,11
SB21-044,2021,RS,Governor,2021-03-21,Governor Signed,12
SB21-045,2021,RS,Senate,2021-02-16,Introduced In Senate - Assigned to Appropriations,1
SB21-045,2021,RS,Senate,2021-02-23,Senate Committee on Appropriations Refer Unamended - Consent Calendar to Senate Committee of the Whole,2
SB21-045,2021,RS,Senate,2021-02-25,Senate Second Reading Passed - No Amendments,3
SB21-045,2021,RS,Senate,2021-02-26,Senate Third Reading Passed - No Amendments,4
SB21-045,2021,RS,House,2021-02-26,Introduced In House - Assigned to Appropriations,5
SB21-045,2021,RS,House,2021-03-02,House Committee on Appropriations Refer Unamended to House Committee of the Whole,6
SB21-045,2021,RS,House,2021-03-04,House Second Reading Passed - No Amendments,7
SB21-045,2021,RS,House,2021-03-05,House Third Reading Passed - No Amendments,8
SB21-045,2021,RS,Senate,2021-03-11,Signed by the President of the Senate,9
SB21-045,2021,RS,House,2021-03-11,Signed by the Speaker of the House,10
SB21-045,2021,RS,Governor,2021-03-11,Sent to the Governor,11
SB21-045,2021,RS,Governor,2021-03-21,Governor Signed,12
SB21-046,2021,RS,Senate,2021-02-16,Introduced In Senate - Assigned to Appropriations,1
SB21-046,2021,RS,Senate,2021-02-23,Senate Committee on Appropriations Refer Unamended - Consent Calendar to Senate Committee of the Whole,2
SB21-046,2021,RS,Senate,2021-02-25,Senate Second Reading Passed - No Amendments,3
SB21-046,2021,RS,Senate,2021-02-26,Senate Third Reading Passed - No Amendments,4
SB21-046,2021,RS,House,2021-02-26,Introduced In House - Assigned to Appropriations,5
SB21-046,2021,RS,House,2021-03-02,House Committee on Appropriations Refer Unamended to House Committee of the Whole,6
SB21-046,2021,RS,House,2021-03-04,House Second Reading Passed - No Amendments,7
SB21-046,2021,RS,House,2021-03-05,House Third Reading Passed - No Amendments,8
SB21-046,2021,RS,Senate,2021-03-11,Signed by the President of the Senate,9
SB21-046,2021,RS,House,2021-03-11,Signed by the Speaker of the House,10
SB21-046,2021,RS,Governor,2021-03-11,Sent to the Governor,11
SB21-046,2021,RS,Governor,2021-03-21,Governor Signed,12
SB21-047,2021,RS,Senate,2021-02-16,Introduced In Senate - Assigned to Appropriations,1
SB21-047,2021,RS,Senate,2021-02-23,Senate Committee on Appropriations Refer Unamended - Consent Calendar to Senate Committee of the Whole,2
SB21-047,2021,RS,Senate,2021-02-25,Senate Second Reading Passed - No Amendments,3
SB21-047,2021,RS,Senate,2021-02-26,Senate Third Reading Passed - No Amendments,4
SB21-047,2021,RS,House,2021-02-26,Introduced In House - Assigned to Appropriations,5
SB21-047,2021,RS,House,2021-03-02,House Committee on Appropriations Refer Unamended to House Committee of the Whole,6
SB21-047,2021,RS,House,2021-03-04,House Second Reading Passed - No Amendments,7
SB21-047,2021,RS,House,2021-03-05,House Third Reading Passed - No Amendments,8
SB21-047,2021,RS,Senate,2021-03-11,Signed by the President of the Senate,9
SB21-047,2021,RS,House,2021-03-11,Signed by the Speaker of the House,10
SB21-047,2021,RS,Governor,2021-03-11,Sent to the Governor,11
SB21-047,2021,RS,Governor,2021-03-21,Governor Signed,12
SB21-048,2021,RS,Senate,2021-02-16,Introduced In Senate - Assigned to Appropriations,1
SB21-048,2021,RS,Senate,2021-02-23,Senate Committee on Appropriations Refer Unamended - Consent Calendar to Senate Committee of the Whole,2
SB21-048,2021,RS,Senate,2021-02-25,Senate Second Reading Passed - No Amendments,3
SB21-048,2021,RS,Senate,2021-02-26,Senate Third Reading Passed - No Amendments,4
SB21-048,2021,RS,House,2021-02-26,Introduced In House - Assigned to Appropriations,5
SB21-048,2021,RS,House,2021-03-02,House Committee on Appropriations Refer Unamended to House Committee of the Whole,6
SB21-048,2021,RS,House,2021-03-04,House Second Reading Passed - No Amendments,7
SB21-048,2021,RS,House,2021-03-05,House Third Reading Passed - No Amendments,8
SB21-048,2021,RS,Senate,2021-03-11,Signed by the President of the Senate,9
SB21-048,2021,RS,House,2021-03-11,Signed by the Speaker of the House,10
SB21-048,2021,RS,Governor,2021-03-11,Sent to the Governor,11
SB21-048,2021,RS,Governor,2021-03-21,Governor Signed,12
SB21-049,2021,RS,Senate,2021-02-16,Introduced In Senate - Assigned to Appropriations,1
SB21-049,2021,RS,Senate,2021-02-23,Senate Committee on Appropriations Refer Unamended to Senate Committee of the Whole,2
SB21-049,2021,RS,Senate,2021-02-25,Senate Second Reading Passed - No Amendments,3
SB21-049,2021,RS,Senate,2021-02-26,Senate Third Reading Passed - No Amendments,4
SB21-049,2021,RS,House,2021-02-26,Introduced In House - Assigned to Appropriations,5
SB21-049,2021,RS,House,2021-03-02,House Committee on Appropriations Refer Unamended to House Committee of the Whole,6
SB21-049,2021,RS,House,2021-03-04,House Second Reading Passed - No Amendments,7
SB21-049,2021,RS,House,2021-03-05,House Third Reading Passed - No Amendments,8
SB21-049,2021,RS,Senate,2021-03-11,Signed by the President of the Senate,9
SB21-049,2021,RS,House,2021-03-11,Signed by the Speaker of the House,10
SB21-049,2021,RS,Governor,2021-03-11,Sent to the Governor,11
SB21-049,2021,RS,Governor,2021-03-21,Governor Signed,12
SB21-050,2021,RS,Senate,2021-02-16,Introduced In Senate - Assigned to Appropriations,1
SB21-050,2021,RS,Senate,2021-02-23,Senate Committee on Appropriations Refer Unamended - Consent Calendar to Senate Committee of the Whole,2
SB21-050,2021,RS,Senate,2021-02-25,Senate Second Reading Passed - No Amendments,3
SB21-050,2021,RS,Senate,2021-02-26,Senate Third Reading Passed - No Amendments,4
SB21-050,2021,RS,House,2021-02-26,Introduced In House - Assigned to Appropriations,5
SB21-050,2021,RS,House,2021-03-02,House Committee on Appropriations Refer Unamended to House Committee of the Whole,6
SB21-050,2021,RS,House,2021-03-04,House Second Reading Passed - No Amendments,7
SB21-050,2021,RS,House,2021-03-05,House Third Reading Passed - No Amendments,8
SB21-050,2021,RS,Senate,2021-03-11,Signed by the President of the Senate,9
SB21-050,2021,RS,House,2021-03-11,Signed by the Speaker of the House,10
SB21-050,2021,RS,Governor,2021-03-11,Sent to the Governor,11
SB21-050,2021,RS,Governor,2021-03-21,Governor Signed,12
SB21-051,2021,RS,Senate,2021-02-16,Introduced In Senate - Assigned to Appropriations,1
SB21-051,2021,RS,Senate,2021-02-23,Senate Committee on Appropriations Refer Unamended - Consent Calendar to Senate Committee of the Whole,2
SB21-051,2021,RS,Senate,2021-02-25,Senate Second Reading Passed - No Amendments,3
SB21-051,2021,RS,Senate,2021-02-26,Senate Third Reading Passed - No Amendments,4
SB21-051,2021,RS,House,2021-02-26,Introduced In House - Assigned to Appropriations,5
SB21-051,2021,RS,House,2021-03-02,House Committee on Appropriations Refer Unamended to House Committee of the Whole,6
SB21-051,2021,RS,House,2021-03-04,House Second Reading Passed - No Amendments,7
SB21-051,2021,RS,House,2021-03-05,House Third Reading Passed - No Amendments,8
SB21-051,2021,RS,Senate,2021-03-11,Signed by the President of the Senate,9
SB21-051,2021,RS,House,2021-03-11,Signed by the Speaker of the House,10
SB21-051,2021,RS,Governor,2021-03-11,Sent to the Governor,11
SB21-051,2021,RS,Governor,2021-03-21,Governor Signed,12
SB21-052,2021,RS,Senate,2021-02-16,Introduced In Senate - Assigned to Appropriations,1
SB21-052,2021,RS,Senate,2021-02-23,Senate Committee on Appropriations Refer Unamended - Consent Calendar to Senate Committee of the Whole,2
SB21-052,2021,RS,Senate,2021-02-25,Senate Second Reading Passed - No Amendments,3
SB21-052,2021,RS,Senate,2021-02-26,Senate Third Reading Passed - No Amendments,4
SB21-052,2021,RS,House,2021-02-26,Introduced In House - Assigned to Appropriations,5
SB21-052,2021,RS,House,2021-03-02,House Committee on Appropriations Refer Unamended to House Committee of the Whole,6
SB21-052,2021,RS,House,2021-03-04,House Second Reading Passed - No Amendments,7
SB21-052,2021,RS,House,2021-03-05,House Third Reading Passed - No Amendments,8
SB21-052,2021,RS,Senate,2021-03-11,Signed by the President of the Senate,9
SB21-052,2021,RS,House,2021-03-11,Signed by the Speaker of the House,10
SB21-052,2021,RS,Governor,2021-03-11,Sent to the Governor,11
SB21-052,2021,RS,Governor,2021-03-12,Governor Signed,12
SB21-053,2021,RS,Senate,2021-02-16,Introduced In Senate - Assigned to Appropriations,1
SB21-053,2021,RS,Senate,2021-02-23,Senate Committee on Appropriations Refer Amended - Consent Calendar to Senate Committee of the Whole,2
SB21-053,2021,RS,Senate,2021-02-25,Senate Second Reading Passed with Amendments - Committee,3
SB21-053,2021,RS,Senate,2021-02-26,Senate Third Reading Passed - No Amendments,4
SB21-053,2021,RS,House,2021-02-26,Introduced In House - Assigned to Appropriations,5
SB21-053,2021,RS,House,2021-03-02,House Committee on Appropriations Refer Amended to House Committee of the Whole,6
SB21-053,2021,RS,House,2021-03-04,House Second Reading Passed with Amendments - Committee,7
SB21-053,2021,RS,House,2021-03-05,House Third Reading Passed - No Amendments,8
SB21-053,2021,RS,Senate,2021-03-09,Senate Considered House Amendments - Result was to Concur - Repass,9
SB21-053,2021,RS,Senate,2021-03-12,Signed by the President of the Senate,10
SB21-053,2021,RS,House,2021-03-12,Signed by the Speaker of the House,11
SB21-053,2021,RS,Governor,2021-03-12,Sent to the Governor,12
SB21-053,2021,RS,Governor,2021-03-15,Governor Signed,13
SB21-054,2021,RS,Senate,2021-02-16,Introduced In Senate - Assigned to Appropriations,1
SB21-054,2021,RS,Senate,2021-02-23,Senate Committee on Appropriations Refer Unamended - Consent Calendar to Senate Committee of the Whole,2
SB21-054,2021,RS,Senate,2021-02-25,Senate Second Reading Passed - No Amendments,3
SB21-054,2021,RS,Senate,2021-02-26,Senate Third Reading Passed - No Amendments,4
SB21-054,2021,RS,House,2021-02-26,Introduced In House - Assigned to Appropriations,5
SB21-054,2021,RS,House,2021-03-02,House Committee on Appropriations Refer Unamended to House Committee of the Whole,6
SB21-054,2021,RS,House,2021-03-04,House Second Reading Passed - No Amendments,7
SB21-054,2021,RS,House,2021-03-05,House Third Reading Passed - No Amendments,8
SB21-054,2021,RS,Senate,2021-03-11,Signed by the President of the Senate,9
SB21-054,2021,RS,House,2021-03-11,Signed by the Speaker of the House,10
SB21-054,2021,RS,Governor,2021-03-11,Sent to the Governor,11
SB21-054,2021,RS,Governor,2021-03-21,Governor Signed,12
SB21-055,2021,RS,Senate,2021-02-16,Introduced In Senate - Assigned to Appropriations,1
SB21-055,2021,RS,Senate,2021-02-23,Senate Committee on Appropriations Refer Amended - Consent Calendar to Senate Committee of the Whole,2
SB21-055,2021,RS,Senate,2021-02-25,"Senate Second Reading Passed with Amendments - Committee, Floor",3
SB21-055,2021,RS,Senate,2021-02-26,Senate Third Reading Passed - No Amendments,4
SB21-055,2021,RS,House,2021-02-26,Introduced In House - Assigned to Appropriations,5
SB21-055,2021,RS,House,2021-03-02,House Committee on Appropriations Refer Amended to House Committee of the Whole,6
SB21-055,2021,RS,House,2021-03-04,House Second Reading Passed with Amendments - Committee,7
SB21-055,2021,RS,House,2021-03-05,House Third Reading Passed - No Amendments,8
SB21-055,2021,RS,Senate,2021-03-09,Senate Considered House Amendments - Result was to Concur - Repass,9
SB21-055,2021,RS,Senate,2021-03-12,Signed by the President of the Senate,10
SB21-055,2021,RS,House,2021-03-12,Signed by the Speaker of the House,11
SB21-055,2021,RS,Governor,2021-03-12,Sent to the Governor,12
SB21-055,2021,RS,Governor,2021-03-21,Governor Signed,13
SB21-056,2021,RS,Senate,2021-02-16,Introduced In Senate - Assigned to Education,1
SB21-056,2021,RS,Senate,2021-02-24,Senate Committee on Education Refer Amended to Appropriations,2
SB21-056,2021,RS,Senate,2021-03-12,Senate Committee on Appropriations Refer Amended to Senate Committee of the Whole,3
SB21-056,2021,RS,Senate,2021-03-16,"Senate Second Reading Passed with Amendments - Committee, Floor",4
SB21-056,2021,RS,Senate,2021-03-17,Senate Third Reading Passed - No Amendments,5
SB21-056,2021,RS,House,2021-03-22,Introduced In House - Assigned to Education,6
SB21-056,2021,RS,House,2021-04-01,House Committee on Education Refer Unamended to Appropriations,7
SB21-056,2021,RS,House,2021-04-13,House Committee on Appropriations Refer Unamended to House Committee of the Whole,8
SB21-056,2021,RS,House,2021-04-15,House Second Reading Laid Over Daily - No Amendments,9
SB21-056,2021,RS,House,2021-04-16,House Second Reading Passed - No Amendments,10
SB21-056,2021,RS,House,2021-04-19,House Third Reading Passed - No Amendments,11
SB21-056,2021,RS,Senate,2021-04-26,Signed by the President of the Senate,12
SB21-056,2021,RS,House,2021-04-26,Signed by the Speaker of the House,13
SB21-056,2021,RS,Governor,2021-04-26,Sent to the Governor,14
SB21-056,2021,RS,Governor,2021-05-06,Governor Signed,15
SB21-057,2021,RS,Senate,2021-02-16,Introduced In Senate - Assigned to Education,1
SB21-057,2021,RS,Senate,2021-03-04,Senate Committee on Education Refer Unamended to Finance,2
SB21-057,2021,RS,Senate,2021-04-21,Senate Committee on Finance Refer Amended to Appropriations,3
SB21-057,2021,RS,Senate,2021-05-07,Senate Committee on Appropriations Refer Unamended to Senate Committee of the Whole,4
SB21-057,2021,RS,Senate,2021-05-11,"Senate Second Reading Passed with Amendments - Committee, Floor",5
SB21-057,2021,RS,Senate,2021-05-12,Senate Third Reading Passed - No Amendments,6
SB21-057,2021,RS,House,2021-05-12,Introduced In House - Assigned to Education,7
SB21-057,2021,RS,House,2021-05-27,House Committee on Education Refer Unamended to Finance,8
SB21-057,2021,RS,House,2021-06-01,House Committee on Finance Refer Unamended to Appropriations,9
SB21-057,2021,RS,House,2021-06-03,House Second Reading Special Order - Laid Over Daily - No Amendments,10
SB21-057,2021,RS,House,2021-06-03,House Committee on Appropriations Refer Unamended to House Committee of the Whole,11
SB21-057,2021,RS,House,2021-06-04,House Second Reading Special Order - Passed - No Amendments,12
SB21-057,2021,RS,House,2021-06-07,House Third Reading Passed - No Amendments,13
SB21-057,2021,RS,Senate,2021-06-25,Signed by the President of the Senate,14
SB21-057,2021,RS,House,2021-06-25,Signed by the Speaker of the House,15
SB21-057,2021,RS,Governor,2021-06-25,Sent to the Governor,16
SB21-057,2021,RS,Governor,2021-06-29,Governor Signed,17
SB21-058,2021,RS,Senate,2021-02-16,Introduced In Senate - Assigned to Education,1
SB21-058,2021,RS,Senate,2021-02-18,Senate Committee on Education Refer Amended to Appropriations,2
SB21-058,2021,RS,Senate,2021-03-12,Senate Committee on Appropriations Refer Amended to Senate Committee of the Whole,3
SB21-058,2021,RS,Senate,2021-03-12,Senate Second Reading Special Order - Passed with Amendments - Committee,4
SB21-058,2021,RS,Senate,2021-03-16,Senate Third Reading Passed - No Amendments,5
SB21-058,2021,RS,House,2021-03-17,Introduced In House - Assigned to Education,6
SB21-058,2021,RS,House,2021-04-15,House Committee on Education Refer Unamended to Appropriations,7
SB21-058,2021,RS,House,2021-05-11,House Committee on Appropriations Refer Unamended to House Committee of the Whole,8
SB21-058,2021,RS,House,2021-05-11,House Second Reading Special Order - Passed - No Amendments,9
SB21-058,2021,RS,House,2021-05-12,House Third Reading Passed - No Amendments,10
SB21-058,2021,RS,Senate,2021-05-17,Signed by the President of the Senate,11
SB21-058,2021,RS,House,2021-05-17,Signed by the Speaker of the House,12
SB21-058,2021,RS,Governor,2021-05-17,Sent to the Governor,13
SB21-058,2021,RS,Governor,2021-05-24,Governor Signed,14
SB21-059,2021,RS,Senate,2021-02-16,Introduced In Senate - Assigned to Judiciary,1
SB21-059,2021,RS,Senate,2021-03-17,Senate Committee on Judiciary Refer Amended - Consent Calendar to Senate Committee of the Whole,2
SB21-059,2021,RS,Senate,2021-03-22,"Senate Second Reading Passed with Amendments - Committee, Floor",3
SB21-059,2021,RS,Senate,2021-03-23,Senate Third Reading Passed - No Amendments,4
SB21-059,2021,RS,House,2021-03-25,Introduced In House - Assigned to Judiciary,5
SB21-059,2021,RS,House,2021-04-07,House Committee on Judiciary Refer Amended to House Committee of the Whole,6
SB21-059,2021,RS,House,2021-04-12,House Second Reading Passed with Amendments - Committee,7
SB21-059,2021,RS,House,2021-04-13,House Third Reading Passed - No Amendments,8
SB21-059,2021,RS,Senate,2021-04-14,Senate Considered House Amendments - Result was to Concur - Repass,9
SB21-059,2021,RS,Senate,2021-05-06,Signed by the President of the Senate,10
SB21-059,2021,RS,House,2021-05-06,Signed by the Speaker of the House,11
SB21-059,2021,RS,Governor,2021-05-06,Sent to the Governor,12
SB21-059,2021,RS,Governor,2021-05-13,Governor Signed,13
SB21-060,2021,RS,Senate,2021-02-16,"Introduced In Senate - Assigned to Business, Labor, & Technology",1
SB21-060,2021,RS,Senate,2021-03-31,"Senate Committee on Business, Labor, & Technology Witness Testimony and/or Committee Discussion Only",2
SB21-060,2021,RS,Senate,2021-04-05,"Senate Committee on Business, Labor, & Technology Refer Amended to Appropriations",3
SB21-060,2021,RS,Senate,2021-06-03,Senate Committee on Appropriations Refer Amended to Senate Committee of the Whole,4
SB21-060,2021,RS,Senate,2021-06-03,"Senate Second Reading Special Order - Passed with Amendments - Committee, Floor",5
SB21-060,2021,RS,Senate,2021-06-04,Senate Third Reading Passed - No Amendments,6
SB21-060,2021,RS,House,2021-06-04,Introduced In House - Assigned to Finance,7
SB21-060,2021,RS,House,2021-06-07,House Committee on Finance Refer Amended to Appropriations,8
SB21-060,2021,RS,House,2021-06-07,House Committee on Appropriations Refer Unamended to House Committee of the Whole,9
SB21-060,2021,RS,House,2021-06-07,House Second Reading Special Order - Passed with Amendments - Committee,10
SB21-060,2021,RS,House,2021-06-08,House Third Reading Passed - No Amendments,11
SB21-060,2021,RS,Senate,2021-06-08,Senate Considered House Amendments - Result was to Concur - Repass,12
SB21-060,2021,RS,Senate,2021-06-17,Signed by the President of the Senate,13
SB21-060,2021,RS,House,2021-06-17,Signed by the Speaker of the House,14
SB21-060,2021,RS,Governor,2021-06-17,Sent to the Governor,15
SB21-060,2021,RS,Governor,2021-06-27,Governor Signed,16
SB21-061,2021,RS,Senate,2021-02-16,Introduced In Senate - Assigned to Judiciary,1
SB21-061,2021,RS,Senate,2021-03-25,Senate Committee on Judiciary Refer Amended to Senate Committee of the Whole,2
SB21-061,2021,RS,Senate,2021-03-30,Senate Second Reading Laid Over Daily - No Amendments,3
SB21-061,2021,RS,Senate,2021-04-05,Senate Second Reading Laid Over to 04/07/2021 - No Amendments,4
SB21-061,2021,RS,Senate,2021-04-22,Senate Second Reading Laid Over to 04/26/2021 - No Amendments,5
SB21-061,2021,RS,Senate,2021-04-26,Senate Second Reading Laid Over to 04/30/2021 - No Amendments,6
SB21-061,2021,RS,Senate,2021-04-30,Senate Second Reading Laid Over to 07/23/2021 - No Amendments,7
SB21-062,2021,RS,Senate,2021-02-16,Introduced In Senate - Assigned to Judiciary,1
SB21-062,2021,RS,Senate,2021-03-04,Senate Committee on Judiciary Refer Amended to Appropriations,2
SB21-062,2021,RS,Senate,2021-05-26,Senate Committee on Appropriations Postpone Indefinitely,3
SB21-063,2021,RS,Senate,2021-02-16,"Introduced In Senate - Assigned to Business, Labor, & Technology",1
SB21-063,2021,RS,Senate,2021-03-24,"Senate Committee on Business, Labor, & Technology Witness Testimony and/or Committee Discussion Only",2
SB21-063,2021,RS,Senate,2021-04-07,"Senate Committee on Business, Labor, & Technology Refer Amended to Appropriations",3
SB21-063,2021,RS,Senate,2021-04-30,Senate Committee on Appropriations Refer Amended - Consent Calendar to Senate Committee of the Whole,4
SB21-063,2021,RS,Senate,2021-04-30,Senate Second Reading Special Order - Passed with Amendments - Committee,5
SB21-063,2021,RS,Senate,2021-05-03,Senate Third Reading Passed - No Amendments,6
SB21-063,2021,RS,House,2021-05-05,Introduced In House - Assigned to Health & Insurance,7
SB21-063,2021,RS,House,2021-05-26,House Committee on Health & Insurance Refer Amended to House Committee of the Whole,8
SB21-063,2021,RS,House,2021-05-27,"House Second Reading Special Order - Passed with Amendments - Committee, Floor",9
SB21-063,2021,RS,House,2021-05-28,House Third Reading Passed - No Amendments,10
SB21-063,2021,RS,Senate,2021-06-01,Senate Considered House Amendments - Result was to Concur - Repass,11
SB21-063,2021,RS,Senate,2021-06-10,Signed by the President of the Senate,12
SB21-063,2021,RS,House,2021-06-11,Signed by the Speaker of the House,13
SB21-063,2021,RS,Governor,2021-06-11,Sent to the Governor,14
SB21-063,2021,RS,Governor,2021-07-07,Governor Signed,15
SB21-064,2021,RS,Senate,2021-02-16,Introduced In Senate - Assigned to Judiciary + Appropriations,1
SB21-064,2021,RS,Senate,2021-03-18,Senate Committee on Judiciary Refer Amended to Appropriations,2
SB21-064,2021,RS,Senate,2021-04-01,Senate Committee on Appropriations Refer Amended to Senate Committee of the Whole,3
SB21-064,2021,RS,Senate,2021-04-01,Senate Second Reading Special Order - Passed with Amendments - Committee,4
SB21-064,2021,RS,Senate,2021-04-05,Senate Third Reading Passed - No Amendments,5
SB21-064,2021,RS,Senate,2021-04-05,Senate Third Reading Reconsidered - No Amendments,6
SB21-064,2021,RS,House,2021-04-06,Introduced In House - Assigned to Judiciary,7
SB21-064,2021,RS,House,2021-04-27,House Committee on Judiciary Witness Testimony and/or Committee Discussion Only,8
SB21-064,2021,RS,House,2021-05-04,House Committee on Judiciary Refer Amended to Appropriations,9
SB21-064,2021,RS,House,2021-05-11,House Committee on Appropriations Refer Amended to House Committee of the Whole,10
SB21-064,2021,RS,House,2021-05-11,House Second Reading Special Order - Passed with Amendments - Committee,11
SB21-064,2021,RS,House,2021-05-12,House Third Reading Passed - No Amendments,12
SB21-064,2021,RS,Senate,2021-05-13,Senate Considered House Amendments - Result was to Concur - Repass,13
SB21-064,2021,RS,Senate,2021-05-17,Signed by the President of the Senate,14
SB21-064,2021,RS,House,2021-05-17,Signed by the Speaker of the House,15
SB21-064,2021,RS,Governor,2021-05-17,Sent to the Governor,16
SB21-064,2021,RS,Governor,2021-05-27,Governor Signed,17
SB21-065,2021,RS,Senate,2021-02-16,Introduced In Senate - Assigned to Finance,1
SB21-065,2021,RS,Senate,2021-02-17,Senate Committee on Finance Refer Unamended to Senate Committee of the Whole,2
SB21-065,2021,RS,Senate,2021-02-22,Senate Second Reading Passed - No Amendments,3
SB21-065,2021,RS,Senate,2021-02-23,Senate Third Reading Passed - No Amendments,4
SB21-065,2021,RS,House,2021-02-24,Introduced In House - Assigned to Finance,5
SB21-065,2021,RS,House,2021-03-04,House Committee on Finance Refer Unamended to House Committee of the Whole,6
SB21-065,2021,RS,House,2021-03-08,House Second Reading Laid Over Daily - No Amendments,7
SB21-065,2021,RS,House,2021-03-09,House Second Reading Passed with Amendments - Floor,8
SB21-065,2021,RS,House,2021-03-10,House Third Reading Passed - No Amendments,9
SB21-065,2021,RS,Senate,2021-03-11,Senate Considered House Amendments - Result was to Concur - Repass,10
SB21-065,2021,RS,Senate,2021-03-16,Signed by the President of the Senate,11
SB21-065,2021,RS,House,2021-03-16,Signed by the Speaker of the House,12
SB21-065,2021,RS,Governor,2021-03-16,Sent to the Governor,13
SB21-065,2021,RS,Governor,2021-03-21,Governor Signed,14
SB21-066,2021,RS,Senate,2021-02-16,Introduced In Senate - Assigned to Judiciary,1
SB21-066,2021,RS,Senate,2021-03-18,Senate Committee on Judiciary Refer Amended - Consent Calendar to Senate Committee of the Whole,2
SB21-066,2021,RS,Senate,2021-03-23,Senate Second Reading Laid Over Daily - No Amendments,3
SB21-066,2021,RS,Senate,2021-03-24,"Senate Second Reading Passed with Amendments - Committee, Floor",4
SB21-066,2021,RS,Senate,2021-03-25,Senate Third Reading Passed - No Amendments,5
SB21-066,2021,RS,House,2021-03-25,Introduced In House - Assigned to Judiciary,6
SB21-066,2021,RS,House,2021-04-07,House Committee on Judiciary Refer Amended to House Committee of the Whole,7
SB21-066,2021,RS,House,2021-04-12,House Second Reading Passed with Amendments - Committee,8
SB21-066,2021,RS,House,2021-04-13,House Third Reading Passed - No Amendments,9
SB21-066,2021,RS,Senate,2021-04-14,Senate Considered House Amendments - Result was to Concur - Repass,10
SB21-066,2021,RS,Senate,2021-04-19,Signed by the President of the Senate,11
SB21-066,2021,RS,House,2021-04-19,Signed by the Speaker of the House,12
SB21-066,2021,RS,Governor,2021-04-20,Sent to the Governor,13
SB21-066,2021,RS,Governor,2021-04-29,Governor Signed,14
SB21-067,2021,RS,Senate,2021-02-16,Introduced In Senate - Assigned to Education,1
SB21-067,2021,RS,Senate,2021-03-04,Senate Committee on Education Refer Amended to Senate Committee of the Whole,2
SB21-067,2021,RS,Senate,2021-03-09,"Senate Second Reading Passed with Amendments - Committee, Floor",3
SB21-067,2021,RS,Senate,2021-03-10,Senate Third Reading Passed with Amendments - Floor,4
SB21-067,2021,RS,House,2021-03-11,Introduced In House - Assigned to Education,5
SB21-067,2021,RS,House,2021-04-08,House Committee on Education Refer Amended to House Committee of the Whole,6
SB21-067,2021,RS,House,2021-04-13,House Second Reading Laid Over Daily - No Amendments,7
SB21-067,2021,RS,House,2021-04-15,"House Second Reading Passed with Amendments - Committee, Floor",8
SB21-067,2021,RS,House,2021-04-16,House Third Reading Laid Over Daily - No Amendments,9
SB21-067,2021,RS,House,2021-04-19,House Third Reading Passed - No Amendments,10
SB21-067,2021,RS,Senate,2021-04-21,Senate Considered House Amendments - Result was to Concur - Repass,11
SB21-067,2021,RS,Senate,2021-04-29,Signed by the President of the Senate,12
SB21-067,2021,RS,House,2021-04-29,Signed by the Speaker of the House,13
SB21-067,2021,RS,Governor,2021-04-29,Sent to the Governor,14
SB21-067,2021,RS,Governor,2021-05-06,Governor Signed,15
SB21-068,2021,RS,Senate,2021-02-16,Introduced In Senate - Assigned to Judiciary,1
SB21-068,2021,RS,Senate,2021-02-25,Senate Committee on Judiciary Refer Unamended - Consent Calendar to Senate Committee of the Whole,2
SB21-068,2021,RS,Senate,2021-03-01,Senate Second Reading Passed - No Amendments,3
SB21-068,2021,RS,Senate,2021-03-02,Senate Third Reading Passed - No Amendments,4
SB21-068,2021,RS,House,2021-03-03,Introduced In House - Assigned to Judiciary,5
SB21-068,2021,RS,House,2021-03-09,House Committee on Judiciary Refer Unamended to House Committee of the Whole,6
SB21-068,2021,RS,House,2021-03-11,House Second Reading Special Order - Passed - No Amendments,7
SB21-068,2021,RS,House,2021-03-12,House Third Reading Laid Over Daily - No Amendments,8
SB21-068,2021,RS,House,2021-03-16,House Third Reading Passed - No Amendments,9
SB21-068,2021,RS,Senate,2021-03-18,Signed by the President of the Senate,10
SB21-068,2021,RS,House,2021-03-18,Signed by the Speaker of the House,11
SB21-068,2021,RS,Governor,2021-03-18,Sent to the Governor,12
SB21-068,2021,RS,Governor,2021-03-25,Governor Signed,13
SB21-069,2021,RS,Senate,2021-02-16,Introduced In Senate - Assigned to Transportation & Energy,1
SB21-069,2021,RS,Senate,2021-02-23,Senate Committee on Transportation & Energy Refer Amended to Finance,2
SB21-069,2021,RS,Senate,2021-03-08,Senate Committee on Finance Refer Amended to Appropriations,3
SB21-069,2021,RS,Senate,2021-04-30,Senate Committee on Appropriations Refer Amended to Senate Committee of the Whole,4
SB21-069,2021,RS,Senate,2021-05-04,Senate Second Reading Passed with Amendments - Committee,5
SB21-069,2021,RS,Senate,2021-05-05,Senate Third Reading Passed - No Amendments,6
SB21-069,2021,RS,House,2021-05-05,Introduced In House - Assigned to Transportation & Local Government,7
SB21-069,2021,RS,House,2021-05-12,House Committee on Transportation & Local Government Refer Unamended to Finance,8
SB21-069,2021,RS,House,2021-05-17,House Committee on Finance Refer Unamended to Appropriations,9
SB21-069,2021,RS,House,2021-06-01,House Committee on Appropriations Refer Unamended to House Committee of the Whole,10
SB21-069,2021,RS,House,2021-06-01,House Second Reading Special Order - Passed - No Amendments,11
SB21-069,2021,RS,House,2021-06-02,House Third Reading Laid Over Daily - No Amendments,12
SB21-069,2021,RS,House,2021-06-03,House Third Reading Passed - No Amendments,13
SB21-069,2021,RS,House,2021-06-10,Signed by the Speaker of the House,14
SB21-069,2021,RS,Senate,2021-06-10,Signed by the President of the Senate,15
SB21-069,2021,RS,Governor,2021-06-10,Sent to the Governor,16
SB21-069,2021,RS,Governor,2021-07-02,Governor Signed,17
SB21-070,2021,RS,Senate,2021-02-16,Introduced In Senate - Assigned to Local Government,1
SB21-070,2021,RS,Senate,2021-02-16,Senate Committee on Local Government Refer Unamended to Senate Committee of the Whole,2
SB21-070,2021,RS,Senate,2021-02-19,Senate Second Reading Passed with Amendments - Floor,3
SB21-070,2021,RS,Senate,2021-02-22,Senate Third Reading Passed - No Amendments,4
SB21-070,2021,RS,House,2021-02-22,Introduced In House - Assigned to,5
SB21-070,2021,RS,House,2021-03-23,House Committee on Transportation & Local Government Refer Unamended to House Committee of the Whole,6
SB21-070,2021,RS,House,2021-03-25,House Second Reading Passed - No Amendments,7
SB21-070,2021,RS,House,2021-03-26,House Third Reading Passed - No Amendments,8
SB21-070,2021,RS,Senate,2021-03-30,Signed by the President of the Senate,9
SB21-070,2021,RS,House,2021-03-30,Signed by the Speaker of the House,10
SB21-070,2021,RS,Governor,2021-03-30,Sent to the Governor,11
SB21-070,2021,RS,Governor,2021-04-08,Governor Signed,12
SB21-071,2021,RS,Senate,2021-02-16,Introduced In Senate - Assigned to Judiciary,1
SB21-071,2021,RS,Senate,2021-03-11,Senate Committee on Judiciary Refer Amended to Appropriations,2
SB21-071,2021,RS,Senate,2021-04-30,Senate Committee on Appropriations Refer Amended to Senate Committee of the Whole,3
SB21-071,2021,RS,Senate,2021-05-04,"Senate Second Reading Passed with Amendments - Committee, Floor",4
SB21-071,2021,RS,Senate,2021-05-05,Senate Third Reading Passed - No Amendments,5
SB21-071,2021,RS,House,2021-05-07,Introduced In House - Assigned to Judiciary,6
SB21-071,2021,RS,House,2021-05-11,House Committee on Judiciary Refer Amended to Appropriations,7
SB21-071,2021,RS,House,2021-05-24,House Committee on Appropriations Refer Amended to House Committee of the Whole,8
SB21-071,2021,RS,House,2021-05-24,House Second Reading Special Order - Passed with Amendments - Committee,9
SB21-071,2021,RS,House,2021-05-25,House Third Reading Laid Over Daily - No Amendments,10
SB21-071,2021,RS,House,2021-05-28,House Third Reading Passed - No Amendments,11
SB21-071,2021,RS,Senate,2021-06-01,Senate Considered House Amendments - Result was to Concur - Repass,12
SB21-071,2021,RS,House,2021-06-10,Signed by the Speaker of the House,13
SB21-071,2021,RS,Senate,2021-06-10,Signed by the President of the Senate,14
SB21-071,2021,RS,Governor,2021-06-10,Sent to the Governor,15
SB21-071,2021,RS,Governor,2021-07-06,Governor Signed,16
SB21-072,2021,RS,Senate,2021-02-16,Introduced In Senate - Assigned to Transportation & Energy,1
SB21-072,2021,RS,Senate,2021-03-16,Senate Committee on Transportation & Energy Refer Amended to Appropriations,2
SB21-072,2021,RS,Senate,2021-04-01,Senate Committee on Appropriations Refer Amended to Senate Committee of the Whole,3
SB21-072,2021,RS,Senate,2021-04-06,Senate Second Reading Laid Over Daily - No Amendments,4
SB21-072,2021,RS,Senate,2021-04-13,"Senate Second Reading Passed with Amendments - Committee, Floor",5
SB21-072,2021,RS,Senate,2021-04-14,Senate Third Reading Passed - No Amendments,6
SB21-072,2021,RS,House,2021-04-16,Introduced In House - Assigned to Energy & Environment + Appropriations,7
SB21-072,2021,RS,House,2021-04-29,House Committee on Energy & Environment Refer Amended to Appropriations,8
SB21-072,2021,RS,House,2021-05-28,House Committee on Appropriations Refer Unamended to House Committee of the Whole,9
SB21-072,2021,RS,House,2021-06-01,"House Second Reading Special Order - Passed with Amendments - Committee, Floor",10
SB21-072,2021,RS,House,2021-06-02,House Third Reading Laid Over Daily - No Amendments,11
SB21-072,2021,RS,House,2021-06-03,House Third Reading Passed - No Amendments,12
SB21-072,2021,RS,Senate,2021-06-03,Senate Considered House Amendments - Result was to Concur - Repass,13
SB21-072,2021,RS,Senate,2021-06-11,Signed by the President of the Senate,14
SB21-072,2021,RS,House,2021-06-11,Signed by the Speaker of the House,15
SB21-072,2021,RS,Governor,2021-06-11,Sent to the Governor,16
SB21-072,2021,RS,Governor,2021-06-24,Governor Signed,17
SB21-073,2021,RS,Senate,2021-02-16,Introduced In Senate - Assigned to Health & Human Services,1
SB21-073,2021,RS,Senate,2021-02-24,Senate Committee on Health & Human Services Refer Unamended to Senate Committee of the Whole,2
SB21-073,2021,RS,Senate,2021-03-01,Senate Second Reading Passed - No Amendments,3
SB21-073,2021,RS,Senate,2021-03-02,Senate Third Reading Passed - No Amendments,4
SB21-073,2021,RS,House,2021-03-04,Introduced In House - Assigned to Judiciary,5
SB21-073,2021,RS,House,2021-03-23,House Committee on Judiciary Refer Amended to House Committee of the Whole,6
SB21-073,2021,RS,House,2021-03-26,House Second Reading Passed with Amendments - Committee,7
SB21-073,2021,RS,House,2021-03-29,House Third Reading Passed - No Amendments,8
SB21-073,2021,RS,Senate,2021-03-30,Senate Considered House Amendments - Result was to Concur - Repass,9
SB21-073,2021,RS,Senate,2021-04-07,Signed by the President of the Senate,10
SB21-073,2021,RS,House,2021-04-07,Signed by the Speaker of the House,11
SB21-073,2021,RS,Governor,2021-04-08,Sent to the Governor,12
SB21-073,2021,RS,Governor,2021-04-15,Governor Signed,13
SB21-074,2021,RS,Senate,2021-02-16,Introduced In Senate - Assigned to Judiciary,1
SB21-074,2021,RS,Senate,2021-02-25,Senate Committee on Judiciary Postpone Indefinitely,2
SB21-075,2021,RS,Senate,2021-02-16,Introduced In Senate - Assigned to Judiciary,1
SB21-075,2021,RS,Senate,2021-03-04,Senate Committee on Judiciary Refer Amended - Consent Calendar to Senate Committee of the Whole,2
SB21-075,2021,RS,Senate,2021-03-09,Senate Second Reading Passed with Amendments - Committee,3
SB21-075,2021,RS,Senate,2021-03-10,Senate Third Reading Passed - No Amendments,4
SB21-075,2021,RS,House,2021-03-11,Introduced In House - Assigned to Judiciary,5
SB21-075,2021,RS,House,2021-03-30,House Committee on Judiciary Witness Testimony and/or Committee Discussion Only,6
SB21-075,2021,RS,House,2021-04-07,House Committee on Judiciary Refer Amended to House Committee of the Whole,7
SB21-075,2021,RS,House,2021-04-12,"House Second Reading Passed with Amendments - Committee, Floor",8
SB21-075,2021,RS,House,2021-04-13,House Third Reading Passed - No Amendments,9
SB21-075,2021,RS,Senate,2021-04-14,Senate Considered House Amendments - Result was to Concur - Repass,10
SB21-075,2021,RS,Senate,2021-04-19,Signed by the President of the Senate,11
SB21-075,2021,RS,House,2021-04-19,Signed by the Speaker of the House,12
SB21-075,2021,RS,Governor,2021-04-20,Sent to the Governor,13
SB21-075,2021,RS,Governor,2021-04-26,Governor Signed,14
SB21-076,2021,RS,Senate,2021-02-16,Introduced In Senate - Assigned to Transportation & Energy,1
SB21-076,2021,RS,Senate,2021-02-16,Senate Committee on Transportation & Energy Refer Amended to Appropriations,2
SB21-076,2021,RS,Senate,2021-05-07,Senate Committee on Appropriations Refer Amended to Senate Committee of the Whole,3
SB21-076,2021,RS,Senate,2021-05-11,Senate Second Reading Passed with Amendments - Committee,4
SB21-076,2021,RS,Senate,2021-05-12,Senate Third Reading Passed - No Amendments,5
SB21-076,2021,RS,House,2021-05-12,Introduced In House - Assigned to Transportation & Local Government,6
SB21-076,2021,RS,House,2021-05-25,House Committee on Transportation & Local Government Refer Unamended to Finance,7
SB21-076,2021,RS,House,2021-05-28,House Committee on Finance Refer Unamended to Appropriations,8
SB21-076,2021,RS,House,2021-06-04,House Committee on Appropriations Refer Unamended to House Committee of the Whole,9
SB21-076,2021,RS,House,2021-06-04,House Second Reading Special Order - Passed - No Amendments,10
SB21-076,2021,RS,House,2021-06-07,House Third Reading Passed - No Amendments,11
SB21-076,2021,RS,Senate,2021-06-16,Signed by the President of the Senate,12
SB21-076,2021,RS,House,2021-06-16,Signed by the Speaker of the House,13
SB21-076,2021,RS,Governor,2021-06-16,Sent to the Governor,14
SB21-076,2021,RS,Governor,2021-07-07,Governor Signed,15
SB21-077,2021,RS,Senate,2021-02-16,"Introduced In Senate - Assigned to Business, Labor, & Technology",1
SB21-077,2021,RS,Senate,2021-03-17,"Senate Committee on Business, Labor, & Technology Refer Amended to Senate Committee of the Whole",2
SB21-077,2021,RS,Senate,2021-03-22,Senate Second Reading Passed with Amendments - Committee,3
SB21-077,2021,RS,Senate,2021-03-23,Senate Third Reading Passed - No Amendments,4
SB21-077,2021,RS,House,2021-03-25,"Introduced In House - Assigned to State, Civic, Military, & Veterans Affairs",5
SB21-077,2021,RS,House,2021-04-12,"House Committee on State, Civic, Military, & Veterans Affairs Refer Amended to House Committee of the Whole",6
SB21-077,2021,RS,House,2021-04-15,House Second Reading Laid Over Daily - No Amendments,7
SB21-077,2021,RS,House,2021-04-16,House Second Reading Passed with Amendments - Committee,8
SB21-077,2021,RS,House,2021-04-19,House Third Reading Laid Over Daily - No Amendments,9
SB21-077,2021,RS,House,2021-04-21,House Third Reading Passed - No Amendments,10
SB21-077,2021,RS,Senate,2021-04-22,Senate Considered House Amendments - Result was to Not Concur - Request Conference Committee,11
SB21-077,2021,RS,ConfComm,2021-04-30,First Conference Committee Result was to Adopt Rerevised w/ Amendments,12
SB21-077,2021,RS,House,2021-05-10,House Consideration of First Conference Committee Report result was to Adopt Committee Report - Repass,13
SB21-077,2021,RS,Senate,2021-05-12,Senate Consideration of First Conference Committee Report result was to Adopt Committee Report - Repass,14
SB21-077,2021,RS,Senate,2021-05-17,Signed by the President of the Senate,15
SB21-077,2021,RS,House,2021-05-17,Signed by the Speaker of the House,16
SB21-077,2021,RS,Governor,2021-05-17,Sent to the Governor,17
SB21-077,2021,RS,Governor,2021-05-27,Governor Signed,18
SB21-078,2021,RS,Senate,2021-02-16,Introduced In Senate - Assigned to Judiciary,1
SB21-078,2021,RS,Senate,2021-03-04,Senate Committee on Judiciary Refer Amended to Senate Committee of the Whole,2
SB21-078,2021,RS,Senate,2021-03-09,Senate Second Reading Passed with Amendments - Committee,3
SB21-078,2021,RS,Senate,2021-03-10,Senate Third Reading Passed - No Amendments,4
SB21-078,2021,RS,House,2021-03-11,Introduced In House - Assigned to Judiciary,5
SB21-078,2021,RS,House,2021-03-23,House Committee on Judiciary Refer Amended to House Committee of the Whole,6
SB21-078,2021,RS,House,2021-03-25,House Second Reading Laid Over to 03/29/2021 - No Amendments,7
SB21-078,2021,RS,House,2021-03-29,House Second Reading Laid Over to 04/01/2021 - No Amendments,8
SB21-078,2021,RS,House,2021-04-01,"House Second Reading Passed with Amendments - Committee, Floor",9
SB21-078,2021,RS,House,2021-04-05,House Third Reading Passed with Amendments - Floor,10
SB21-078,2021,RS,Senate,2021-04-06,Senate Considered House Amendments - Result was to Concur - Repass,11
SB21-078,2021,RS,Senate,2021-04-07,Signed by the President of the Senate,12
SB21-078,2021,RS,House,2021-04-07,Signed by the Speaker of the House,13
SB21-078,2021,RS,Governor,2021-04-08,Sent to the Governor,14
SB21-078,2021,RS,Governor,2021-04-19,Governor Signed,15
SB21-079,2021,RS,Senate,2021-02-16,Introduced In Senate - Assigned to Health & Human Services,1
SB21-079,2021,RS,Senate,2021-02-22,Senate Committee on Health & Human Services Refer Amended - Consent Calendar to Senate Committee of the Whole,2
SB21-079,2021,RS,Senate,2021-02-25,Senate Second Reading Laid Over Daily - No Amendments,3
SB21-079,2021,RS,Senate,2021-02-26,"Senate Second Reading Passed with Amendments - Committee, Floor",4
SB21-079,2021,RS,Senate,2021-03-01,Senate Third Reading Passed - No Amendments,5
SB21-079,2021,RS,House,2021-03-03,"Introduced In House - Assigned to Agriculture, Livestock, & Water",6
SB21-079,2021,RS,House,2021-03-17,"House Committee on Agriculture, Livestock, & Water Refer Amended to House Committee of the Whole",7
SB21-079,2021,RS,House,2021-03-22,House Second Reading Passed with Amendments - Committee,8
SB21-079,2021,RS,House,2021-03-23,House Third Reading Laid Over Daily - No Amendments,9
SB21-079,2021,RS,House,2021-03-24,House Third Reading Passed - No Amendments,10
SB21-079,2021,RS,Senate,2021-03-25,Senate Considered House Amendments - Result was to Laid Over Daily,11
SB21-079,2021,RS,Senate,2021-03-26,Senate Considered House Amendments - Result was to Not Concur - Request Conference Committee,12
SB21-079,2021,RS,ConfComm,2021-04-12,First Conference Committee Result was to Adopt Rerevised w/ Amendments,13
SB21-079,2021,RS,House,2021-04-16,House Consideration of First Conference Committee Report result was to Adopt Committee Report - Repass,14
SB21-079,2021,RS,Senate,2021-04-19,Senate Consideration of First Conference Committee Report result was to Adopt Committee Report - Repass,15
SB21-079,2021,RS,Senate,2021-04-21,Signed by the President of the Senate,16
SB21-079,2021,RS,House,2021-04-21,Signed by the Speaker of the House,17
SB21-079,2021,RS,Governor,2021-04-22,Sent to the Governor,18
SB21-079,2021,RS,Governor,2021-04-29,Governor Signed,19
SB21-080,2021,RS,Senate,2021-02-16,"Introduced In Senate - Assigned to Business, Labor, & Technology",1
SB21-080,2021,RS,Senate,2021-03-08,"Senate Committee on Business, Labor, & Technology Postpone Indefinitely",2
SB21-081,2021,RS,Senate,2021-02-16,Introduced In Senate - Assigned to Judiciary,1
SB21-081,2021,RS,Senate,2021-03-17,Senate Committee on Judiciary Refer Amended - Consent Calendar to Senate Committee of the Whole,2
SB21-081,2021,RS,Senate,2021-03-22,Senate Second Reading Passed with Amendments - Committee,3
SB21-081,2021,RS,Senate,2021-03-23,Senate Third Reading Passed - No Amendments,4
SB21-081,2021,RS,House,2021-03-25,Introduced In House - Assigned to Judiciary,5
SB21-081,2021,RS,House,2021-04-28,House Committee on Judiciary Witness Testimony and/or Committee Discussion Only,6
SB21-081,2021,RS,House,2021-05-12,House Committee on Judiciary Refer Unamended to House Committee of the Whole,7
SB21-081,2021,RS,House,2021-05-17,House Second Reading Laid Over Daily - No Amendments,8
SB21-081,2021,RS,House,2021-05-25,House Second Reading Special Order - Passed with Amendments - Floor,9
SB21-081,2021,RS,House,2021-05-26,House Third Reading Laid Over Daily - No Amendments,10
SB21-081,2021,RS,House,2021-05-28,House Third Reading Passed - No Amendments,11
SB21-081,2021,RS,Senate,2021-06-01,Senate Considered House Amendments - Result was to Concur - Repass,12
SB21-081,2021,RS,Senate,2021-06-11,Signed by the President of the Senate,13
SB21-081,2021,RS,House,2021-06-11,Signed by the Speaker of the House,14
SB21-081,2021,RS,Governor,2021-06-11,Sent to the Governor,15
SB21-081,2021,RS,Governor,2021-06-30,Governor Signed,16
SB21-082,2021,RS,Senate,2021-02-16,"Introduced In Senate - Assigned to Business, Labor, & Technology",1
SB21-082,2021,RS,Senate,2021-03-01,"Senate Committee on Business, Labor, & Technology Refer Amended to Finance",2
SB21-082,2021,RS,Senate,2021-03-08,Senate Committee on Finance Refer Amended to Appropriations,3
SB21-082,2021,RS,Senate,2021-04-01,Senate Committee on Appropriations Refer Amended - Consent Calendar to Senate Committee of the Whole,4
SB21-082,2021,RS,Senate,2021-04-01,Senate Second Reading Special Order - Passed with Amendments - Committee,5
SB21-082,2021,RS,Senate,2021-04-05,Senate Third Reading Passed with Amendments - Floor,6
SB21-082,2021,RS,House,2021-04-05,Introduced In House - Assigned to Business Affairs & Labor,7
SB21-082,2021,RS,House,2021-04-08,House Committee on Business Affairs & Labor Refer Unamended to Finance,8
SB21-082,2021,RS,House,2021-04-15,House Committee on Finance Refer Unamended to Appropriations,9
SB21-082,2021,RS,House,2021-05-11,House Committee on Appropriations Refer Unamended to House Committee of the Whole,10
SB21-082,2021,RS,House,2021-05-11,House Second Reading Laid Over Daily - No Amendments,11
SB21-082,2021,RS,House,2021-05-12,House Second Reading Passed - No Amendments,12
SB21-082,2021,RS,House,2021-05-13,House Third Reading Passed - No Amendments,13
SB21-082,2021,RS,Senate,2021-05-18,Signed by the President of the Senate,14
SB21-082,2021,RS,House,2021-05-19,Signed by the Speaker of the House,15
SB21-082,2021,RS,Governor,2021-05-19,Sent to the Governor,16
SB21-082,2021,RS,Governor,2021-05-28,Governor Signed,17
SB21-083,2021,RS,Senate,2021-02-16,Introduced In Senate - Assigned to Appropriations,1
SB21-083,2021,RS,Senate,2021-02-23,Senate Committee on Appropriations Refer Unamended to Senate Committee of the Whole,2
SB21-083,2021,RS,Senate,2021-02-25,Senate Second Reading Passed - No Amendments,3
SB21-083,2021,RS,Senate,2021-02-26,Senate Third Reading Passed - No Amendments,4
SB21-083,2021,RS,House,2021-02-26,Introduced In House - Assigned to Appropriations,5
SB21-083,2021,RS,House,2021-03-02,House Committee on Appropriations Refer Unamended to House Committee of the Whole,6
SB21-083,2021,RS,House,2021-03-04,House Second Reading Passed - No Amendments,7
SB21-083,2021,RS,House,2021-03-05,House Third Reading Passed - No Amendments,8
SB21-083,2021,RS,Senate,2021-03-12,Signed by the President of the Senate,9
SB21-083,2021,RS,House,2021-03-12,Signed by the Speaker of the House,10
SB21-083,2021,RS,Governor,2021-03-12,Sent to the Governor,11
SB21-083,2021,RS,Governor,2021-03-21,Governor Signed,12
SB21-084,2021,RS,Senate,2021-02-16,Introduced In Senate - Assigned to Local Government,1
SB21-084,2021,RS,Senate,2021-03-09,Senate Committee on Local Government Refer Amended - Consent Calendar to Senate Committee of the Whole,2
SB21-084,2021,RS,Senate,2021-03-12,Senate Second Reading Laid Over Daily - No Amendments,3
SB21-084,2021,RS,Senate,2021-03-16,Senate Second Reading Passed with Amendments - Committee,4
SB21-084,2021,RS,Senate,2021-03-17,Senate Third Reading Passed - No Amendments,5
SB21-084,2021,RS,House,2021-03-19,Introduced In House - Assigned to Transportation & Local Government,6
SB21-084,2021,RS,House,2021-04-06,House Committee on Transportation & Local Government Refer Unamended to House Committee of the Whole,7
SB21-084,2021,RS,House,2021-04-08,House Second Reading Passed - No Amendments,8
SB21-084,2021,RS,House,2021-04-09,House Third Reading Passed - No Amendments,9
SB21-084,2021,RS,Senate,2021-04-13,Signed by the President of the Senate,10
SB21-084,2021,RS,House,2021-04-13,Signed by the Speaker of the House,11
SB21-084,2021,RS,Governor,2021-04-14,Sent to the Governor,12
SB21-084,2021,RS,Governor,2021-04-22,Governor Signed,13
SB21-085,2021,RS,Senate,2021-02-16,Introduced In Senate - Assigned to Finance,1
SB21-085,2021,RS,Senate,2021-03-30,Senate Committee on Finance Refer Amended to Appropriations,2
SB21-085,2021,RS,Senate,2021-04-23,Senate Committee on Appropriations Postpone Indefinitely,3
SB21-086,2021,RS,Senate,2021-02-16,"Introduced In Senate - Assigned to Business, Labor, & Technology",1
SB21-086,2021,RS,Senate,2021-03-22,"Senate Committee on Business, Labor, & Technology Postpone Indefinitely",2
SB21-087,2021,RS,Senate,2021-02-16,"Introduced In Senate - Assigned to Business, Labor, & Technology",1
SB21-087,2021,RS,Senate,2021-03-17,"Senate Committee on Business, Labor, & Technology Refer Amended to Appropriations",2
SB21-087,2021,RS,Senate,2021-05-07,Senate Committee on Appropriations Refer Amended to Senate Committee of the Whole,3
SB21-087,2021,RS,Senate,2021-05-11,Senate Second Reading Laid Over Daily - No Amendments,4
SB21-087,2021,RS,Senate,2021-05-19,"Senate Second Reading Passed with Amendments - Committee, Floor",5
SB21-087,2021,RS,Senate,2021-05-20,Senate Third Reading Passed - No Amendments,6
SB21-087,2021,RS,House,2021-05-24,"Introduced In House - Assigned to State, Civic, Military, & Veterans Affairs",7
SB21-087,2021,RS,House,2021-06-03,"House Committee on State, Civic, Military, & Veterans Affairs Refer Amended to Appropriations",8
SB21-087,2021,RS,House,2021-06-04,House Committee on Appropriations Refer Amended to House Committee of the Whole,9
SB21-087,2021,RS,House,2021-06-04,"House Second Reading Special Order - Passed with Amendments - Committee, Floor",10
SB21-087,2021,RS,House,2021-06-07,House Third Reading Passed - No Amendments,11
SB21-087,2021,RS,Senate,2021-06-08,Senate Considered House Amendments - Result was to Concur - Repass,12
SB21-087,2021,RS,Senate,2021-06-17,Signed by the President of the Senate,13
SB21-087,2021,RS,House,2021-06-17,Signed by the Speaker of the House,14
SB21-087,2021,RS,Governor,2021-06-17,Sent to the Governor,15
SB21-087,2021,RS,Governor,2021-06-25,Governor Signed,16
SB21-088,2021,RS,Senate,2021-02-16,Introduced In Senate - Assigned to Judiciary,1
SB21-088,2021,RS,Senate,2021-03-11,Senate Committee on Judiciary Refer Amended to Appropriations,2
SB21-088,2021,RS,Senate,2021-05-07,Senate Committee on Appropriations Refer Amended to Senate Committee of the Whole,3
SB21-088,2021,RS,Senate,2021-05-11,Senate Second Reading Laid Over Daily - No Amendments,4
SB21-088,2021,RS,Senate,2021-05-12,"Senate Second Reading Passed with Amendments - Committee, Floor",5
SB21-088,2021,RS,Senate,2021-05-13,Senate Third Reading Passed - No Amendments,6
SB21-088,2021,RS,House,2021-05-17,Introduced In House - Assigned to Judiciary,7
SB21-088,2021,RS,House,2021-05-25,House Committee on Judiciary Witness Testimony and/or Committee Discussion Only,8
SB21-088,2021,RS,House,2021-06-02,House Committee on Judiciary Lay Over Amended,9
SB21-088,2021,RS,House,2021-06-03,House Committee on Judiciary Refer Amended to Appropriations,10
SB21-088,2021,RS,House,2021-06-04,House Committee on Appropriations Refer Unamended to House Committee of the Whole,11
SB21-088,2021,RS,House,2021-06-04,House Second Reading Special Order - Laid Over Daily - No Amendments,12
SB21-088,2021,RS,House,2021-06-07,"House Second Reading Special Order - Passed with Amendments - Committee, Floor",13
SB21-088,2021,RS,House,2021-06-08,House Third Reading Passed - No Amendments,14
SB21-088,2021,RS,Senate,2021-06-08,Senate Considered House Amendments - Result was to Concur - Repass,15
SB21-088,2021,RS,Senate,2021-06-22,Signed by the President of the Senate,16
SB21-088,2021,RS,House,2021-06-22,Signed by the Speaker of the House,17
SB21-088,2021,RS,Governor,2021-06-22,Sent to the Governor,18
SB21-088,2021,RS,Governor,2021-07-06,Governor Signed,19
SB21-089,2021,RS,Senate,2021-02-16,Introduced In Senate - Assigned to Health & Human Services,1
SB21-089,2021,RS,Senate,2021-03-17,Senate Committee on Health & Human Services Postpone Indefinitely,2
SB21-090,2021,RS,Senate,2021-02-16,Introduced In Senate - Assigned to Health & Human Services,1
SB21-090,2021,RS,Senate,2021-02-22,Senate Committee on Health & Human Services Refer Amended - Consent Calendar to Senate Committee of the Whole,2
SB21-090,2021,RS,Senate,2021-02-25,Senate Second Reading Passed with Amendments - Committee,3
SB21-090,2021,RS,Senate,2021-02-26,Senate Third Reading Passed - No Amendments,4
SB21-090,2021,RS,House,2021-03-01,Introduced In House - Assigned to Health & Insurance,5
SB21-090,2021,RS,House,2021-03-09,House Committee on Health & Insurance Refer Unamended to House Committee of the Whole,6
SB21-090,2021,RS,House,2021-03-11,House Second Reading Special Order - Passed - No Amendments,7
SB21-090,2021,RS,House,2021-03-12,House Third Reading Laid Over Daily - No Amendments,8
SB21-090,2021,RS,House,2021-03-16,House Third Reading Passed - No Amendments,9
SB21-090,2021,RS,Senate,2021-03-18,Signed by the President of the Senate,10
SB21-090,2021,RS,House,2021-03-18,Signed by the Speaker of the House,11
SB21-090,2021,RS,Governor,2021-03-18,Sent to the Governor,12
SB21-090,2021,RS,Governor,2021-03-25,Governor Signed,13
SB21-091,2021,RS,Senate,2021-02-16,"Introduced In Senate - Assigned to Business, Labor, & Technology",1
SB21-091,2021,RS,Senate,2021-03-08,"Senate Committee on Business, Labor, & Technology Refer Unamended to Appropriations",2
SB21-091,2021,RS,Senate,2021-05-07,Senate Committee on Appropriations Refer Unamended to Senate Committee of the Whole,3
SB21-091,2021,RS,Senate,2021-05-11,Senate Second Reading Laid Over Daily - No Amendments,4
SB21-091,2021,RS,Senate,2021-05-12,Senate Second Reading Passed with Amendments - Floor,5
SB21-091,2021,RS,Senate,2021-05-13,Senate Third Reading Passed - No Amendments,6
SB21-091,2021,RS,House,2021-05-18,Introduced In House - Assigned to Business Affairs & Labor,7
SB21-091,2021,RS,House,2021-05-26,House Committee on Business Affairs & Labor Refer Amended to Appropriations,8
SB21-091,2021,RS,House,2021-06-07,House Committee on Appropriations Refer Amended to House Committee of the Whole,9
SB21-091,2021,RS,House,2021-06-07,House Second Reading Special Order - Passed with Amendments - Committee,10
SB21-091,2021,RS,House,2021-06-08,House Third Reading Passed - No Amendments,11
SB21-091,2021,RS,Senate,2021-06-08,Senate Considered House Amendments - Result was to Concur - Repass,12
SB21-091,2021,RS,Senate,2021-06-22,Signed by the President of the Senate,13
SB21-091,2021,RS,House,2021-06-22,Signed by the Speaker of the House,14
SB21-091,2021,RS,Governor,2021-06-22,Sent to the Governor,15
SB21-091,2021,RS,Governor,2021-07-07,Governor Signed,16
SB21-092,2021,RS,Senate,2021-02-17,Introduced In Senate - Assigned to Health & Human Services,1
SB21-092,2021,RS,Senate,2021-03-10,Senate Committee on Health & Human Services Refer Amended - Consent Calendar to Senate Committee of the Whole,2
SB21-092,2021,RS,Senate,2021-03-12,Senate Second Reading Special Order - Passed with Amendments - Committee,3
SB21-092,2021,RS,Senate,2021-03-16,Senate Third Reading Passed - No Amendments,4
SB21-092,2021,RS,House,2021-03-17,Introduced In House - Assigned to Health & Insurance,5
SB21-092,2021,RS,House,2021-03-30,House Committee on Health & Insurance Refer Unamended to Finance,6
SB21-092,2021,RS,House,2021-04-19,House Committee on Finance Refer Unamended to Appropriations,7
SB21-092,2021,RS,House,2021-05-04,House Committee on Appropriations Refer Unamended to House Committee of the Whole,8
SB21-092,2021,RS,House,2021-05-04,House Second Reading Special Order - Laid Over Daily - No Amendments,9
SB21-092,2021,RS,House,2021-05-05,House Second Reading Passed - No Amendments,10
SB21-092,2021,RS,House,2021-05-06,House Third Reading Laid Over Daily - No Amendments,11
SB21-092,2021,RS,House,2021-05-07,House Third Reading Passed - No Amendments,12
SB21-092,2021,RS,Senate,2021-05-13,Signed by the President of the Senate,13
SB21-092,2021,RS,House,2021-05-13,Signed by the Speaker of the House,14
SB21-092,2021,RS,Governor,2021-05-13,Sent to the Governor,15
SB21-092,2021,RS,Governor,2021-05-17,Governor Signed,16
SB21-093,2021,RS,Senate,2021-02-17,Introduced In Senate - Assigned to Health & Human Services,1
SB21-093,2021,RS,Senate,2021-03-10,Senate Committee on Health & Human Services Refer Unamended - Consent Calendar to Senate Committee of the Whole,2
SB21-093,2021,RS,Senate,2021-03-12,Senate Second Reading Special Order - Passed - No Amendments,3
SB21-093,2021,RS,Senate,2021-03-16,Senate Third Reading Passed - No Amendments,4
SB21-093,2021,RS,House,2021-03-17,Introduced In House - Assigned to Health & Insurance,5
SB21-093,2021,RS,House,2021-03-30,House Committee on Health & Insurance Refer Unamended to Appropriations,6
SB21-093,2021,RS,House,2021-04-23,House Committee on Appropriations Refer Unamended to House Committee of the Whole,7
SB21-093,2021,RS,House,2021-04-23,House Second Reading Special Order - Passed - No Amendments,8
SB21-093,2021,RS,House,2021-04-26,House Third Reading Passed - No Amendments,9
SB21-093,2021,RS,Senate,2021-04-29,Signed by the President of the Senate,10
SB21-093,2021,RS,House,2021-04-29,Signed by the Speaker of the House,11
SB21-093,2021,RS,Governor,2021-04-29,Sent to the Governor,12
SB21-093,2021,RS,Governor,2021-05-07,Governor Signed,13
SB21-094,2021,RS,Senate,2021-02-17,Introduced In Senate - Assigned to Health & Human Services,1
SB21-094,2021,RS,Senate,2021-03-17,Senate Committee on Health & Human Services Refer Amended to Appropriations,2
SB21-094,2021,RS,Senate,2021-04-23,Senate Committee on Appropriations Refer Amended to Senate Committee of the Whole,3
SB21-094,2021,RS,Senate,2021-04-27,"Senate Second Reading Passed with Amendments - Committee, Floor",4
SB21-094,2021,RS,Senate,2021-04-28,Senate Third Reading Passed - No Amendments,5
SB21-094,2021,RS,House,2021-04-30,Introduced In House - Assigned to Health & Insurance,6
SB21-094,2021,RS,House,2021-05-12,House Committee on Health & Insurance Refer Amended to Finance,7
SB21-094,2021,RS,House,2021-05-20,House Committee on Finance Refer Unamended to Appropriations,8
SB21-094,2021,RS,House,2021-05-24,House Committee on Appropriations Refer Unamended to House Committee of the Whole,9
SB21-094,2021,RS,House,2021-05-24,House Second Reading Special Order - Passed with Amendments - Committee,10
SB21-094,2021,RS,House,2021-05-27,House Third Reading Laid Over Daily - No Amendments,11
SB21-094,2021,RS,House,2021-05-28,House Third Reading Passed - No Amendments,12
SB21-094,2021,RS,Senate,2021-06-01,Senate Considered House Amendments - Result was to Concur - Repass,13
SB21-094,2021,RS,Senate,2021-06-10,Signed by the President of the Senate,14
SB21-094,2021,RS,House,2021-06-11,Signed by the Speaker of the House,15
SB21-094,2021,RS,Governor,2021-06-11,Sent to the Governor,16
SB21-094,2021,RS,Governor,2021-06-24,Governor Signed,17
SB21-095,2021,RS,Senate,2021-02-17,"Introduced In Senate - Assigned to Business, Labor, & Technology",1
SB21-095,2021,RS,Senate,2021-03-22,"Senate Committee on Business, Labor, & Technology Refer Amended to Appropriations",2
SB21-095,2021,RS,Senate,2021-04-30,Senate Committee on Appropriations Refer Unamended - Consent Calendar to Senate Committee of the Whole,3
SB21-095,2021,RS,Senate,2021-04-30,Senate Second Reading Special Order - Passed with Amendments - Committee,4
SB21-095,2021,RS,Senate,2021-05-03,Senate Third Reading Passed - No Amendments,5
SB21-095,2021,RS,House,2021-05-05,Introduced In House - Assigned to Business Affairs & Labor,6
SB21-095,2021,RS,House,2021-05-20,House Committee on Business Affairs & Labor Refer Unamended to Appropriations,7
SB21-095,2021,RS,House,2021-05-24,House Committee on Appropriations Refer Unamended to House Committee of the Whole,8
SB21-095,2021,RS,House,2021-05-25,House Second Reading Special Order - Passed - No Amendments,9
SB21-095,2021,RS,House,2021-05-26,House Third Reading Laid Over Daily - No Amendments,10
SB21-095,2021,RS,House,2021-05-28,House Third Reading Passed - No Amendments,11
SB21-095,2021,RS,Senate,2021-06-11,Signed by the President of the Senate,12
SB21-095,2021,RS,House,2021-06-11,Signed by the Speaker of the House,13
SB21-095,2021,RS,Governor,2021-06-11,Sent to the Governor,14
SB21-095,2021,RS,Governor,2021-06-30,Governor Signed,15
SB21-096,2021,RS,Senate,2021-02-17,"Introduced In Senate - Assigned to Business, Labor, & Technology",1
SB21-096,2021,RS,Senate,2021-03-08,"Senate Committee on Business, Labor, & Technology Refer Amended - Consent Calendar to Senate Committee of the Whole",2
SB21-096,2021,RS,Senate,2021-03-11,Senate Second Reading Passed with Amendments - Committee,3
SB21-096,2021,RS,Senate,2021-03-12,Senate Third Reading Passed - No Amendments,4
SB21-096,2021,RS,Senate,2021-03-12,Senate Third Reading Reconsidered - No Amendments,5
SB21-096,2021,RS,House,2021-03-18,Introduced In House - Assigned to Business Affairs & Labor,6
SB21-096,2021,RS,House,2021-03-31,House Committee on Business Affairs & Labor Refer Unamended to House Committee of the Whole,7
SB21-096,2021,RS,House,2021-04-05,House Second Reading Passed - No Amendments,8
SB21-096,2021,RS,House,2021-04-06,House Third Reading Passed - No Amendments,9
SB21-096,2021,RS,Senate,2021-04-08,Signed by the President of the Senate,10
SB21-096,2021,RS,House,2021-04-08,Signed by the Speaker of the House,11
SB21-096,2021,RS,Governor,2021-04-08,Sent to the Governor,12
SB21-096,2021,RS,Governor,2021-04-15,Governor Signed,13
SB21-097,2021,RS,Senate,2021-02-17,Introduced In Senate - Assigned to Health & Human Services,1
SB21-097,2021,RS,Senate,2021-03-09,Senate Committee on Health & Human Services Refer Unamended - Consent Calendar to Senate Committee of the Whole,2
SB21-097,2021,RS,Senate,2021-03-12,Senate Second Reading Special Order - Passed - No Amendments,3
SB21-097,2021,RS,Senate,2021-03-16,Senate Third Reading Passed - No Amendments,4
SB21-097,2021,RS,House,2021-03-17,Introduced In House - Assigned to Health & Insurance,5
SB21-097,2021,RS,House,2021-03-30,House Committee on Health & Insurance Refer Unamended to Appropriations,6
SB21-097,2021,RS,House,2021-04-23,House Committee on Appropriations Refer Unamended to House Committee of the Whole,7
SB21-097,2021,RS,House,2021-04-23,House Second Reading Special Order - Passed - No Amendments,8
SB21-097,2021,RS,House,2021-04-26,House Third Reading Passed - No Amendments,9
SB21-097,2021,RS,Senate,2021-04-29,Signed by the President of the Senate,10
SB21-097,2021,RS,House,2021-04-29,Signed by the Speaker of the House,11
SB21-097,2021,RS,Governor,2021-04-29,Sent to the Governor,12
SB21-097,2021,RS,Governor,2021-05-07,Governor Signed,13
SB21-098,2021,RS,Senate,2021-02-17,Introduced In Senate - Assigned to Health & Human Services,1
SB21-098,2021,RS,Senate,2021-03-17,Senate Committee on Health & Human Services Refer Unamended to Appropriations,2
SB21-098,2021,RS,Senate,2021-04-23,Senate Committee on Appropriations Refer Unamended to Senate Committee of the Whole,3
SB21-098,2021,RS,Senate,2021-04-27,Senate Second Reading Passed with Amendments - Floor,4
SB21-098,2021,RS,Senate,2021-04-28,Senate Third Reading Passed - No Amendments,5
SB21-098,2021,RS,House,2021-04-30,Introduced In House - Assigned to Public & Behavioral Health & Human Services,6
SB21-098,2021,RS,House,2021-05-11,House Committee on Public & Behavioral Health & Human Services Refer Unamended to Appropriations,7
SB21-098,2021,RS,House,2021-05-21,House Committee on Appropriations Refer Unamended to House Committee of the Whole,8
SB21-098,2021,RS,House,2021-05-25,House Second Reading Special Order - Passed - No Amendments,9
SB21-098,2021,RS,House,2021-05-26,House Third Reading Laid Over Daily - No Amendments,10
SB21-098,2021,RS,House,2021-05-28,House Third Reading Passed - No Amendments,11
SB21-098,2021,RS,Senate,2021-06-14,Signed by the President of the Senate,12
SB21-098,2021,RS,House,2021-06-14,Signed by the Speaker of the House,13
SB21-098,2021,RS,Governor,2021-06-15,Sent to the Governor,14
SB21-098,2021,RS,Governor,2021-06-22,Governor Signed,15
SB21-099,2021,RS,Senate,2021-02-17,Introduced In Senate - Assigned to Health & Human Services,1
SB21-099,2021,RS,Senate,2021-03-17,Senate Committee on Health & Human Services Refer Unamended - Consent Calendar to Senate Committee of the Whole,2
SB21-099,2021,RS,Senate,2021-03-22,Senate Second Reading Passed - No Amendments,3
SB21-099,2021,RS,Senate,2021-03-23,Senate Third Reading Passed - No Amendments,4
SB21-099,2021,RS,House,2021-03-23,Introduced In House - Assigned to Public & Behavioral Health & Human Services,5
SB21-099,2021,RS,House,2021-04-13,House Committee on Public & Behavioral Health & Human Services Refer Unamended to Appropriations,6
SB21-099,2021,RS,House,2021-04-23,House Committee on Appropriations Refer Unamended to House Committee of the Whole,7
SB21-099,2021,RS,House,2021-04-23,House Second Reading Special Order - Passed - No Amendments,8
SB21-099,2021,RS,House,2021-04-26,House Third Reading Passed - No Amendments,9
SB21-099,2021,RS,Senate,2021-04-29,Signed by the President of the Senate,10
SB21-099,2021,RS,House,2021-04-29,Signed by the Speaker of the House,11
SB21-099,2021,RS,Governor,2021-04-29,Sent to the Governor,12
SB21-099,2021,RS,Governor,2021-05-06,Governor Signed,13
SB21-100,2021,RS,Senate,2021-02-17,Introduced In Senate - Assigned to Education,1
SB21-100,2021,RS,Senate,2021-02-25,Senate Committee on Education Refer Amended to Appropriations,2
SB21-100,2021,RS,Senate,2021-03-12,Senate Committee on Appropriations Refer Unamended - Consent Calendar to Senate Committee of the Whole,3
SB21-100,2021,RS,Senate,2021-03-12,Senate Second Reading Special Order - Passed with Amendments - Committee,4
SB21-100,2021,RS,Senate,2021-03-16,Senate Third Reading Passed - No Amendments,5
SB21-100,2021,RS,House,2021-03-17,Introduced In House - Assigned to Education,6
SB21-100,2021,RS,House,2021-04-21,House Committee on Education Refer Unamended to Appropriations,7
SB21-100,2021,RS,House,2021-05-04,House Committee on Appropriations Refer Unamended to House Committee of the Whole,8
SB21-100,2021,RS,House,2021-05-04,House Second Reading Special Order - Passed - No Amendments,9
SB21-100,2021,RS,House,2021-05-05,House Third Reading Passed - No Amendments,10
SB21-100,2021,RS,Senate,2021-05-13,Signed by the President of the Senate,11
SB21-100,2021,RS,House,2021-05-13,Signed by the Speaker of the House,12
SB21-100,2021,RS,Governor,2021-05-13,Sent to the Governor,13
SB21-100,2021,RS,Governor,2021-05-17,Governor Signed,14
SB21-101,2021,RS,Senate,2021-02-17,Introduced In Senate - Assigned to Health & Human Services,1
SB21-101,2021,RS,Senate,2021-03-10,Senate Committee on Health & Human Services Refer Amended to Appropriations,2
SB21-101,2021,RS,Senate,2021-04-23,Senate Committee on Appropriations Refer Unamended - Consent Calendar to Senate Committee of the Whole,3
SB21-101,2021,RS,Senate,2021-04-23,Senate Second Reading Special Order - Passed with Amendments - Committee,4
SB21-101,2021,RS,Senate,2021-04-26,Senate Third Reading Passed - No Amendments,5
SB21-101,2021,RS,House,2021-04-26,Introduced In House - Assigned to Public & Behavioral Health & Human Services,6
SB21-101,2021,RS,House,2021-05-04,House Committee on Public & Behavioral Health & Human Services Refer Unamended to Appropriations,7
SB21-101,2021,RS,House,2021-05-11,House Committee on Appropriations Refer Amended to House Committee of the Whole,8
SB21-101,2021,RS,House,2021-05-11,House Second Reading Laid Over Daily - No Amendments,9
SB21-101,2021,RS,House,2021-05-12,House Second Reading Passed with Amendments - Committee,10
SB21-101,2021,RS,House,2021-05-13,House Third Reading Passed - No Amendments,11
SB21-101,2021,RS,Senate,2021-05-14,Senate Considered House Amendments - Result was to Concur - Repass,12
SB21-101,2021,RS,Senate,2021-05-18,Signed by the President of the Senate,13
SB21-101,2021,RS,House,2021-05-19,Signed by the Speaker of the House,14
SB21-101,2021,RS,Governor,2021-05-19,Sent to the Governor,15
SB21-101,2021,RS,Governor,2021-05-28,Governor Signed,16
SB21-102,2021,RS,Senate,2021-02-17,Introduced In Senate - Assigned to Health & Human Services,1
SB21-102,2021,RS,Senate,2021-03-09,Senate Committee on Health & Human Services Refer Unamended - Consent Calendar to Senate Committee of the Whole,2
SB21-102,2021,RS,Senate,2021-03-12,Senate Second Reading Special Order - Passed - No Amendments,3
SB21-102,2021,RS,Senate,2021-03-16,Senate Third Reading Passed - No Amendments,4
SB21-102,2021,RS,House,2021-03-17,Introduced In House - Assigned to Health & Insurance,5
SB21-102,2021,RS,House,2021-03-30,House Committee on Health & Insurance Refer Unamended to House Committee of the Whole,6
SB21-102,2021,RS,House,2021-04-01,House Second Reading Passed - No Amendments,7
SB21-102,2021,RS,House,2021-04-05,House Third Reading Passed - No Amendments,8
SB21-102,2021,RS,Senate,2021-04-08,Signed by the President of the Senate,9
SB21-102,2021,RS,House,2021-04-08,Signed by the Speaker of the House,10
SB21-102,2021,RS,Governor,2021-04-08,Sent to the Governor,11
SB21-102,2021,RS,Governor,2021-04-15,Governor Signed,12
SB21-103,2021,RS,Senate,2021-02-17,Introduced In Senate - Assigned to Transportation & Energy,1
SB21-103,2021,RS,Senate,2021-03-30,Senate Committee on Transportation & Energy Refer Amended to Appropriations,2
SB21-103,2021,RS,Senate,2021-04-23,Senate Committee on Appropriations Refer Unamended to Senate Committee of the Whole,3
SB21-103,2021,RS,Senate,2021-04-27,Senate Second Reading Passed with Amendments - Committee,4
SB21-103,2021,RS,Senate,2021-04-28,Senate Third Reading Passed - No Amendments,5
SB21-103,2021,RS,House,2021-04-30,Introduced In House - Assigned to Energy & Environment,6
SB21-103,2021,RS,House,2021-05-13,House Committee on Energy & Environment Refer Amended to Appropriations,7
SB21-103,2021,RS,House,2021-05-21,House Committee on Appropriations Refer Amended to House Committee of the Whole,8
SB21-103,2021,RS,House,2021-05-25,House Second Reading Laid Over Daily - No Amendments,9
SB21-103,2021,RS,House,2021-06-03,House Second Reading Special Order - Laid Over Daily - No Amendments,10
SB21-103,2021,RS,House,2021-06-04,"House Second Reading Special Order - Passed with Amendments - Committee, Floor",11
SB21-103,2021,RS,House,2021-06-07,House Third Reading Passed with Amendments - Floor,12
SB21-103,2021,RS,Senate,2021-06-07,Senate Considered House Amendments - Result was to Concur - Repass,13
SB21-103,2021,RS,Senate,2021-06-23,Signed by the President of the Senate,14
SB21-103,2021,RS,House,2021-06-23,Signed by the Speaker of the House,15
SB21-103,2021,RS,Governor,2021-06-23,Sent to the Governor,16
SB21-103,2021,RS,Governor,2021-07-07,Governor Signed,17
SB21-104,2021,RS,Senate,2021-02-17,Introduced In Senate - Assigned to Education,1
SB21-104,2021,RS,Senate,2021-02-25,Senate Committee on Education Refer Amended to Appropriations,2
SB21-104,2021,RS,Senate,2021-03-12,Senate Committee on Appropriations Refer Unamended - Consent Calendar to Senate Committee of the Whole,3
SB21-104,2021,RS,Senate,2021-03-12,Senate Second Reading Special Order - Passed with Amendments - Committee,4
SB21-104,2021,RS,Senate,2021-03-16,Senate Third Reading Passed - No Amendments,5
SB21-104,2021,RS,House,2021-03-17,Introduced In House - Assigned to Education,6
SB21-104,2021,RS,House,2021-04-28,House Committee on Education Refer Unamended to Appropriations,7
SB21-104,2021,RS,House,2021-05-07,House Committee on Appropriations Refer Unamended to House Committee of the Whole,8
SB21-104,2021,RS,House,2021-05-07,House Second Reading Special Order - Passed - No Amendments,9
SB21-104,2021,RS,House,2021-05-10,House Third Reading Passed - No Amendments,10
SB21-104,2021,RS,Senate,2021-05-13,Signed by the President of the Senate,11
SB21-104,2021,RS,House,2021-05-13,Signed by the Speaker of the House,12
SB21-104,2021,RS,Governor,2021-05-13,Sent to the Governor,13
SB21-104,2021,RS,Governor,2021-05-17,Governor Signed,14
SB21-105,2021,RS,Senate,2021-02-18,Introduced In Senate - Assigned to Agriculture & Natural Resources,1
SB21-105,2021,RS,Senate,2021-03-11,Senate Committee on Agriculture & Natural Resources Postpone Indefinitely,2
SB21-106,2021,RS,Senate,2021-02-18,Introduced In Senate - Assigned to Education,1
SB21-106,2021,RS,Senate,2021-03-11,Senate Committee on Education Refer Amended to Appropriations,2
SB21-106,2021,RS,Senate,2021-04-30,Senate Committee on Appropriations Refer Amended - Consent Calendar to Senate Committee of the Whole,3
SB21-106,2021,RS,Senate,2021-04-30,Senate Second Reading Special Order - Passed with Amendments - Committee,4
SB21-106,2021,RS,Senate,2021-05-03,Senate Third Reading Passed - No Amendments,5
SB21-106,2021,RS,House,2021-05-04,Introduced In House - Assigned to Education,6
SB21-106,2021,RS,House,2021-05-12,House Committee on Education Refer Unamended to Appropriations,7
SB21-106,2021,RS,House,2021-05-25,House Committee on Appropriations Refer Unamended to House Committee of the Whole,8
SB21-106,2021,RS,House,2021-05-26,House Second Reading Special Order - Passed - No Amendments,9
SB21-106,2021,RS,House,2021-05-27,House Third Reading Laid Over Daily - No Amendments,10
SB21-106,2021,RS,House,2021-05-28,House Third Reading Passed - No Amendments,11
SB21-106,2021,RS,Senate,2021-06-11,Signed by the President of the Senate,12
SB21-106,2021,RS,House,2021-06-11,Signed by the Speaker of the House,13
SB21-106,2021,RS,Governor,2021-06-11,Sent to the Governor,14
SB21-106,2021,RS,Governor,2021-07-07,Governor Signed,15
SB21-107,2021,RS,Senate,2021-02-18,Introduced In Senate - Assigned to Health & Human Services,1
SB21-107,2021,RS,Senate,2021-03-03,Senate Committee on Health & Human Services Refer Unamended - Consent Calendar to Senate Committee of the Whole,2
SB21-107,2021,RS,Senate,2021-03-08,Senate Second Reading Passed - No Amendments,3
SB21-107,2021,RS,Senate,2021-03-09,Senate Third Reading Passed - No Amendments,4
SB21-107,2021,RS,House,2021-03-11,Introduced In House - Assigned to Public & Behavioral Health & Human Services,5
SB21-107,2021,RS,House,2021-04-06,House Committee on Public & Behavioral Health & Human Services Refer Unamended to House Committee of the Whole,6
SB21-107,2021,RS,House,2021-04-09,House Second Reading Passed - No Amendments,7
SB21-107,2021,RS,House,2021-04-12,House Third Reading Passed - No Amendments,8
SB21-107,2021,RS,Senate,2021-04-16,Signed by the President of the Senate,9
SB21-107,2021,RS,House,2021-04-16,Signed by the Speaker of the House,10
SB21-107,2021,RS,Governor,2021-04-16,Sent to the Governor,11
SB21-107,2021,RS,Governor,2021-04-26,Governor Signed,12
SB21-108,2021,RS,Senate,2021-02-18,Introduced In Senate - Assigned to Transportation & Energy,1
SB21-108,2021,RS,Senate,2021-04-15,Senate Committee on Transportation & Energy Refer Unamended to Appropriations,2
SB21-108,2021,RS,Senate,2021-04-30,Senate Committee on Appropriations Refer Unamended to Senate Committee of the Whole,3
SB21-108,2021,RS,Senate,2021-05-04,Senate Second Reading Laid Over to 05/06/2021 - No Amendments,4
SB21-108,2021,RS,Senate,2021-05-06,Senate Second Reading Passed with Amendments - Floor,5
SB21-108,2021,RS,Senate,2021-05-07,Senate Third Reading Passed - No Amendments,6
SB21-108,2021,RS,House,2021-05-10,Introduced In House - Assigned to Energy & Environment,7
SB21-108,2021,RS,House,2021-05-20,House Committee on Energy & Environment Refer Amended to Appropriations,8
SB21-108,2021,RS,House,2021-05-24,House Committee on Appropriations Refer Amended to House Committee of the Whole,9
SB21-108,2021,RS,House,2021-05-26,House Second Reading Special Order - Laid Over Daily - No Amendments,10
SB21-108,2021,RS,House,2021-05-27,House Second Reading Special Order - Passed with Amendments - Committee,11
SB21-108,2021,RS,House,2021-05-28,House Third Reading Passed - No Amendments,12
SB21-108,2021,RS,Senate,2021-06-01,Senate Considered House Amendments - Result was to Concur - Repass,13
SB21-108,2021,RS,Senate,2021-06-11,Signed by the President of the Senate,14
SB21-108,2021,RS,House,2021-06-11,Signed by the Speaker of the House,15
SB21-108,2021,RS,Governor,2021-06-11,Sent to the Governor,16
SB21-108,2021,RS,Governor,2021-07-06,Governor Signed,17
SB21-109,2021,RS,Senate,2021-02-19,Introduced In Senate - Assigned to Appropriations,1
SB21-109,2021,RS,Senate,2021-02-23,Senate Committee on Appropriations Refer Unamended - Consent Calendar to Senate Committee of the Whole,2
SB21-109,2021,RS,Senate,2021-02-25,Senate Second Reading Passed - No Amendments,3
SB21-109,2021,RS,Senate,2021-02-26,Senate Third Reading Passed - No Amendments,4
SB21-109,2021,RS,House,2021-02-26,Introduced In House - Assigned to Appropriations,5
SB21-109,2021,RS,House,2021-03-02,House Committee on Appropriations Refer Unamended to House Committee of the Whole,6
SB21-109,2021,RS,House,2021-03-04,House Second Reading Passed - No Amendments,7
SB21-109,2021,RS,House,2021-03-05,House Third Reading Passed - No Amendments,8
SB21-109,2021,RS,Senate,2021-03-11,Signed by the President of the Senate,9
SB21-109,2021,RS,House,2021-03-11,Signed by the Speaker of the House,10
SB21-109,2021,RS,Governor,2021-03-11,Sent to the Governor,11
SB21-109,2021,RS,Governor,2021-03-12,Governor Signed,12
SB21-110,2021,RS,Senate,2021-02-19,Introduced In Senate - Assigned to Appropriations,1
SB21-110,2021,RS,Senate,2021-02-23,Senate Committee on Appropriations Refer Unamended to Senate Committee of the Whole,2
SB21-110,2021,RS,Senate,2021-02-25,Senate Second Reading Passed - No Amendments,3
SB21-110,2021,RS,Senate,2021-02-26,Senate Third Reading Passed - No Amendments,4
SB21-110,2021,RS,House,2021-02-26,Introduced In House - Assigned to Appropriations,5
SB21-110,2021,RS,House,2021-03-02,House Committee on Appropriations Refer Unamended to House Committee of the Whole,6
SB21-110,2021,RS,House,2021-03-04,House Second Reading Passed - No Amendments,7
SB21-110,2021,RS,House,2021-03-05,House Third Reading Passed - No Amendments,8
SB21-110,2021,RS,Senate,2021-03-11,Signed by the President of the Senate,9
SB21-110,2021,RS,House,2021-03-11,Signed by the Speaker of the House,10
SB21-110,2021,RS,Governor,2021-03-11,Sent to the Governor,11
SB21-110,2021,RS,Governor,2021-03-19,Governor Signed,12
SB21-111,2021,RS,Senate,2021-02-19,Introduced In Senate - Assigned to Appropriations,1
SB21-111,2021,RS,Senate,2021-02-23,Senate Committee on Appropriations Refer Unamended to Senate Committee of the Whole,2
SB21-111,2021,RS,Senate,2021-02-25,Senate Second Reading Passed - No Amendments,3
SB21-111,2021,RS,Senate,2021-02-26,Senate Third Reading Passed - No Amendments,4
SB21-111,2021,RS,House,2021-02-26,Introduced In House - Assigned to Appropriations,5
SB21-111,2021,RS,House,2021-03-02,House Committee on Appropriations Refer Unamended to House Committee of the Whole,6
SB21-111,2021,RS,House,2021-03-04,House Second Reading Passed - No Amendments,7
SB21-111,2021,RS,House,2021-03-05,House Third Reading Passed - No Amendments,8
SB21-111,2021,RS,Senate,2021-03-10,Signed by the President of the Senate,9
SB21-111,2021,RS,House,2021-03-10,Signed by the Speaker of the House,10
SB21-111,2021,RS,Governor,2021-03-11,Sent to the Governor,11
SB21-111,2021,RS,Governor,2021-03-21,Governor Signed,12
SB21-112,2021,RS,Senate,2021-02-19,Introduced In Senate - Assigned to Appropriations,1
SB21-112,2021,RS,Senate,2021-02-23,Senate Committee on Appropriations Refer Amended to Senate Committee of the Whole,2
SB21-112,2021,RS,Senate,2021-02-25,Senate Second Reading Passed with Amendments - Committee,3
SB21-112,2021,RS,Senate,2021-02-26,Senate Third Reading Passed - No Amendments,4
SB21-112,2021,RS,House,2021-02-26,Introduced In House - Assigned to Appropriations,5
SB21-112,2021,RS,House,2021-03-02,House Committee on Appropriations Refer Unamended to House Committee of the Whole,6
SB21-112,2021,RS,House,2021-03-04,House Second Reading Passed - No Amendments,7
SB21-112,2021,RS,House,2021-03-05,House Third Reading Passed - No Amendments,8
SB21-112,2021,RS,Senate,2021-03-10,Signed by the President of the Senate,9
SB21-112,2021,RS,House,2021-03-10,Signed by the Speaker of the House,10
SB21-112,2021,RS,Governor,2021-03-11,Sent to the Governor,11
SB21-112,2021,RS,Governor,2021-03-21,Governor Signed,12
SB21-113,2021,RS,Senate,2021-02-19,Introduced In Senate - Assigned to Appropriations,1
SB21-113,2021,RS,Senate,2021-02-23,Senate Committee on Appropriations Refer Amended - Consent Calendar to Senate Committee of the Whole,2
SB21-113,2021,RS,Senate,2021-02-25,Senate Second Reading Passed with Amendments - Committee,3
SB21-113,2021,RS,Senate,2021-02-26,Senate Third Reading Passed - No Amendments,4
SB21-113,2021,RS,House,2021-02-26,Introduced In House - Assigned to Appropriations,5
SB21-113,2021,RS,House,2021-03-02,House Committee on Appropriations Refer Unamended to House Committee of the Whole,6
SB21-113,2021,RS,House,2021-03-04,House Second Reading Passed - No Amendments,7
SB21-113,2021,RS,House,2021-03-05,House Third Reading Passed - No Amendments,8
SB21-113,2021,RS,Senate,2021-03-10,Signed by the President of the Senate,9
SB21-113,2021,RS,House,2021-03-10,Signed by the Speaker of the House,10
SB21-113,2021,RS,Governor,2021-03-11,Sent to the Governor,11
SB21-113,2021,RS,Governor,2021-03-21,Governor Signed,12
SB21-114,2021,RS,Senate,2021-02-22,Introduced In Senate - Assigned to Transportation & Energy,1
SB21-114,2021,RS,Senate,2021-03-25,Senate Committee on Transportation & Energy Refer Amended to Senate Committee of the Whole,2
SB21-114,2021,RS,Senate,2021-03-30,Senate Second Reading Laid Over Daily - No Amendments,3
SB21-114,2021,RS,Senate,2021-03-31,Senate Second Reading Laid Over to 09/15/2021 - No Amendments,4
SB21-115,2021,RS,Senate,2021-02-22,Introduced In Senate - Assigned to Finance,1
SB21-115,2021,RS,Senate,2021-03-02,Senate Committee on Finance Refer Amended to Appropriations,2
SB21-115,2021,RS,Senate,2021-03-12,Senate Committee on Appropriations Refer Amended - Consent Calendar to Senate Committee of the Whole,3
SB21-115,2021,RS,Senate,2021-03-12,Senate Second Reading Special Order - Passed with Amendments - Committee,4
SB21-115,2021,RS,Senate,2021-03-16,Senate Third Reading Passed - No Amendments,5
SB21-115,2021,RS,House,2021-03-17,Introduced In House - Assigned to Public & Behavioral Health & Human Services,6
SB21-115,2021,RS,House,2021-03-30,House Committee on Public & Behavioral Health & Human Services Refer Unamended to Appropriations,7
SB21-115,2021,RS,House,2021-05-11,House Committee on Appropriations Refer Unamended to House Committee of the Whole,8
SB21-115,2021,RS,House,2021-05-11,House Second Reading Laid Over Daily - No Amendments,9
SB21-115,2021,RS,House,2021-05-12,House Second Reading Passed - No Amendments,10
SB21-115,2021,RS,House,2021-05-13,House Third Reading Passed - No Amendments,11
SB21-115,2021,RS,Senate,2021-05-18,Signed by the President of the Senate,12
SB21-115,2021,RS,House,2021-05-19,Signed by the Speaker of the House,13
SB21-115,2021,RS,Governor,2021-05-19,Sent to the Governor,14
SB21-115,2021,RS,Governor,2021-05-28,Governor Signed,15
SB21-116,2021,RS,Senate,2021-02-23,Introduced In Senate - Assigned to Education,1
SB21-116,2021,RS,Senate,2021-04-01,Senate Committee on Education Refer Amended to Senate Committee of the Whole,2
SB21-116,2021,RS,Senate,2021-04-07,Senate Second Reading Laid Over Daily - No Amendments,3
SB21-116,2021,RS,Senate,2021-04-22,"Senate Second Reading Passed with Amendments - Committee, Floor",4
SB21-116,2021,RS,Senate,2021-04-23,Senate Third Reading Passed - No Amendments,5
SB21-116,2021,RS,House,2021-04-26,Introduced In House - Assigned to Education,6
SB21-116,2021,RS,House,2021-05-20,House Committee on Education Refer Amended to House Committee of the Whole,7
SB21-116,2021,RS,House,2021-05-25,House Second Reading Laid Over Daily - No Amendments,8
SB21-116,2021,RS,House,2021-06-02,House Second Reading Special Order - Passed with Amendments - Committee,9
SB21-116,2021,RS,House,2021-06-03,House Third Reading Passed - No Amendments,10
SB21-116,2021,RS,Senate,2021-06-03,Senate Considered House Amendments - Result was to Concur - Repass,11
SB21-116,2021,RS,House,2021-06-10,Signed by the Speaker of the House,12
SB21-116,2021,RS,Senate,2021-06-10,Signed by the President of the Senate,13
SB21-116,2021,RS,Governor,2021-06-10,Sent to the Governor,14
SB21-116,2021,RS,Governor,2021-06-28,Governor Signed,15
SB21-117,2021,RS,Senate,2021-02-23,Introduced In Senate - Assigned to Health & Human Services,1
SB21-117,2021,RS,Senate,2021-03-16,Senate Committee on Health & Human Services Refer Unamended - Consent Calendar to Senate Committee of the Whole,2
SB21-117,2021,RS,Senate,2021-03-19,Senate Second Reading Passed - No Amendments,3
SB21-117,2021,RS,Senate,2021-03-22,Senate Third Reading Passed - No Amendments,4
SB21-117,2021,RS,House,2021-03-22,Introduced In House - Assigned to Public & Behavioral Health & Human Services,5
SB21-117,2021,RS,House,2021-04-06,House Committee on Public & Behavioral Health & Human Services Refer Unamended to House Committee of the Whole,6
SB21-117,2021,RS,House,2021-04-09,House Second Reading Passed - No Amendments,7
SB21-117,2021,RS,House,2021-04-12,House Third Reading Passed - No Amendments,8
SB21-117,2021,RS,Senate,2021-04-16,Signed by the President of the Senate,9
SB21-117,2021,RS,House,2021-04-16,Signed by the Speaker of the House,10
SB21-117,2021,RS,Governor,2021-04-16,Sent to the Governor,11
SB21-117,2021,RS,Governor,2021-04-26,Governor Signed,12
SB21-118,2021,RS,Senate,2021-02-23,Introduced In Senate - Assigned to Health & Human Services,1
SB21-118,2021,RS,Senate,2021-03-17,Senate Committee on Health & Human Services Refer Amended to Appropriations,2
SB21-118,2021,RS,Senate,2021-04-30,Senate Committee on Appropriations Refer Amended - Consent Calendar to Senate Committee of the Whole,3
SB21-118,2021,RS,Senate,2021-04-30,Senate Second Reading Special Order - Passed with Amendments - Committee,4
SB21-118,2021,RS,Senate,2021-05-03,Senate Third Reading Passed - No Amendments,5
SB21-118,2021,RS,House,2021-05-05,Introduced In House - Assigned to Public & Behavioral Health & Human Services,6
SB21-118,2021,RS,House,2021-05-18,House Committee on Public & Behavioral Health & Human Services Refer Unamended to Appropriations,7
SB21-118,2021,RS,House,2021-05-24,House Committee on Appropriations Refer Unamended to House Committee of the Whole,8
SB21-118,2021,RS,House,2021-05-24,House Second Reading Special Order - Passed - No Amendments,9
SB21-118,2021,RS,House,2021-05-25,House Third Reading Laid Over Daily - No Amendments,10
SB21-118,2021,RS,House,2021-05-28,House Third Reading Passed - No Amendments,11
SB21-118,2021,RS,Senate,2021-06-11,Signed by the President of the Senate,12
SB21-118,2021,RS,House,2021-06-11,Signed by the Speaker of the House,13
SB21-118,2021,RS,Governor,2021-06-11,Sent to the Governor,14
SB21-118,2021,RS,Governor,2021-06-17,Governor Signed,15
SB21-119,2021,RS,Senate,2021-02-23,Introduced In Senate - Assigned to Education,1
SB21-119,2021,RS,Senate,2021-03-17,Senate Committee on Education Refer Amended to Appropriations,2
SB21-119,2021,RS,Senate,2021-04-01,Senate Committee on Appropriations Refer Unamended to Senate Committee of the Whole,3
SB21-119,2021,RS,Senate,2021-04-06,"Senate Second Reading Passed with Amendments - Committee, Floor",4
SB21-119,2021,RS,Senate,2021-04-07,Senate Third Reading Passed - No Amendments,5
SB21-119,2021,RS,House,2021-04-08,Introduced In House - Assigned to Education,6
SB21-119,2021,RS,House,2021-05-05,House Committee on Education Refer Unamended to Appropriations,7
SB21-119,2021,RS,House,2021-05-14,House Committee on Appropriations Refer Amended to House Committee of the Whole,8
SB21-119,2021,RS,House,2021-05-14,House Second Reading Laid Over Daily - No Amendments,9
SB21-119,2021,RS,House,2021-05-17,House Second Reading Passed with Amendments - Committee,10
SB21-119,2021,RS,House,2021-05-18,House Third Reading Passed - No Amendments,11
SB21-119,2021,RS,Senate,2021-05-19,Senate Considered House Amendments - Result was to Concur - Repass,12
SB21-119,2021,RS,Senate,2021-06-08,Signed by the President of the Senate,13
SB21-119,2021,RS,House,2021-06-08,Signed by the Speaker of the House,14
SB21-119,2021,RS,Governor,2021-06-08,Sent to the Governor,15
SB21-119,2021,RS,Governor,2021-06-30,Governor Signed,16
SB21-120,2021,RS,Senate,2021-02-23,"Introduced In Senate - Assigned to Business, Labor, & Technology",1
SB21-120,2021,RS,Senate,2021-03-10,"Senate Committee on Business, Labor, & Technology Postpone Indefinitely",2
SB21-121,2021,RS,Senate,2021-02-23,Introduced In Senate - Assigned to Finance,1
SB21-121,2021,RS,Senate,2021-03-02,Senate Committee on Finance Refer Unamended to Senate Committee of the Whole,2
SB21-121,2021,RS,Senate,2021-03-05,Senate Second Reading Passed - No Amendments,3
SB21-121,2021,RS,Senate,2021-03-08,Senate Third Reading Passed - No Amendments,4
SB21-121,2021,RS,House,2021-03-11,Introduced In House - Assigned to Finance,5
SB21-121,2021,RS,House,2021-03-29,House Committee on Finance Refer Unamended to House Committee of the Whole,6
SB21-121,2021,RS,House,2021-04-01,House Second Reading Passed - No Amendments,7
SB21-121,2021,RS,House,2021-04-05,House Third Reading Passed - No Amendments,8
SB21-121,2021,RS,Senate,2021-04-07,Signed by the President of the Senate,9
SB21-121,2021,RS,House,2021-04-07,Signed by the Speaker of the House,10
SB21-121,2021,RS,Governor,2021-04-08,Sent to the Governor,11
SB21-121,2021,RS,Governor,2021-04-15,Governor Signed,12
SB21-122,2021,RS,Senate,2021-02-23,Introduced In Senate - Assigned to Health & Human Services,1
SB21-122,2021,RS,Senate,2021-03-10,Senate Committee on Health & Human Services Refer Unamended to Senate Committee of the Whole,2
SB21-122,2021,RS,Senate,2021-03-12,Senate Second Reading Special Order - Passed - No Amendments,3
SB21-122,2021,RS,Senate,2021-03-16,Senate Third Reading Passed - No Amendments,4
SB21-122,2021,RS,House,2021-03-17,Introduced In House - Assigned to Public & Behavioral Health & Human Services,5
SB21-122,2021,RS,House,2021-03-30,House Committee on Public & Behavioral Health & Human Services Refer Unamended to House Committee of the Whole,6
SB21-122,2021,RS,House,2021-03-31,House Second Reading Laid Over Daily - No Amendments,7
SB21-122,2021,RS,House,2021-04-01,House Second Reading Passed - No Amendments,8
SB21-122,2021,RS,House,2021-04-05,House Third Reading Passed - No Amendments,9
SB21-122,2021,RS,Senate,2021-04-08,Signed by the President of the Senate,10
SB21-122,2021,RS,House,2021-04-08,Signed by the Speaker of the House,11
SB21-122,2021,RS,Governor,2021-04-08,Sent to the Governor,12
SB21-122,2021,RS,Governor,2021-04-15,Governor Signed,13
SB21-123,2021,RS,Senate,2021-02-25,Introduced In Senate - Assigned to Health & Human Services,1
SB21-123,2021,RS,Senate,2021-03-08,Senate Committee on Health & Human Services Refer Unamended to Senate Committee of the Whole,2
SB21-123,2021,RS,Senate,2021-03-11,Senate Second Reading Passed - No Amendments,3
SB21-123,2021,RS,Senate,2021-03-12,Senate Third Reading Passed - No Amendments,4
SB21-123,2021,RS,Senate,2021-03-12,Senate Third Reading Reconsidered - No Amendments,5
SB21-123,2021,RS,House,2021-03-17,Introduced In House - Assigned to Health & Insurance,6
SB21-123,2021,RS,House,2021-04-07,House Committee on Health & Insurance Refer Unamended to House Committee of the Whole,7
SB21-123,2021,RS,House,2021-04-12,House Second Reading Passed - No Amendments,8
SB21-123,2021,RS,House,2021-04-13,House Third Reading Passed - No Amendments,9
SB21-123,2021,RS,Senate,2021-04-16,Signed by the President of the Senate,10
SB21-123,2021,RS,House,2021-04-16,Signed by the Speaker of the House,11
SB21-123,2021,RS,Governor,2021-04-16,Sent to the Governor,12
SB21-123,2021,RS,Governor,2021-04-26,Governor Signed,13
SB21-124,2021,RS,Senate,2021-02-25,Introduced In Senate - Assigned to Judiciary,1
SB21-124,2021,RS,Senate,2021-03-18,Senate Committee on Judiciary Refer Amended to Senate Committee of the Whole,2
SB21-124,2021,RS,Senate,2021-03-23,Senate Second Reading Laid Over Daily - No Amendments,3
SB21-124,2021,RS,Senate,2021-03-25,Senate Second Reading Laid Over to 03/29/2021 - No Amendments,4
SB21-124,2021,RS,Senate,2021-03-30,Senate Second Reading Passed with Amendments - Committee,5
SB21-124,2021,RS,Senate,2021-03-31,Senate Third Reading Passed - No Amendments,6
SB21-124,2021,RS,House,2021-04-01,Introduced In House - Assigned to Judiciary,7
SB21-124,2021,RS,House,2021-04-07,House Committee on Judiciary Refer Unamended to House Committee of the Whole,8
SB21-124,2021,RS,House,2021-04-12,House Second Reading Passed - No Amendments,9
SB21-124,2021,RS,House,2021-04-13,House Third Reading Passed - No Amendments,10
SB21-124,2021,RS,Senate,2021-04-16,Signed by the President of the Senate,11
SB21-124,2021,RS,House,2021-04-16,Signed by the Speaker of the House,12
SB21-124,2021,RS,Governor,2021-04-16,Sent to the Governor,13
SB21-124,2021,RS,Governor,2021-04-26,Governor Signed,14
SB21-125,2021,RS,Senate,2021-02-25,Introduced In Senate - Assigned to Transportation & Energy,1
SB21-125,2021,RS,Senate,2021-03-09,Senate Committee on Transportation & Energy Lay Over Amended,2
SB21-125,2021,RS,Senate,2021-04-01,Senate Committee on Transportation & Energy Postpone Indefinitely,3
SB21-126,2021,RS,Senate,2021-02-25,Introduced In Senate - Assigned to Health & Human Services,1
SB21-126,2021,RS,Senate,2021-03-08,Senate Committee on Health & Human Services Refer Amended to Appropriations,2
SB21-126,2021,RS,Senate,2021-04-23,Senate Committee on Appropriations Refer Amended to Senate Committee of the Whole,3
SB21-126,2021,RS,Senate,2021-04-27,Senate Second Reading Passed with Amendments - Committee,4
SB21-126,2021,RS,Senate,2021-04-28,Senate Third Reading Passed - No Amendments,5
SB21-126,2021,RS,House,2021-04-30,Introduced In House - Assigned to Health & Insurance,6
SB21-126,2021,RS,House,2021-05-18,House Committee on Health & Insurance Refer Unamended to Appropriations,7
SB21-126,2021,RS,House,2021-05-24,House Committee on Appropriations Refer Unamended to House Committee of the Whole,8
SB21-126,2021,RS,House,2021-05-25,House Second Reading Special Order - Passed - No Amendments,9
SB21-126,2021,RS,House,2021-05-26,House Third Reading Laid Over Daily - No Amendments,10
SB21-126,2021,RS,House,2021-05-28,House Third Reading Passed - No Amendments,11
SB21-126,2021,RS,Governor,2021-06-11,Sent to the Governor,12
SB21-126,2021,RS,Senate,2021-06-11,Signed by the President of the Senate,13
SB21-126,2021,RS,House,2021-06-11,Signed by the Speaker of the House,14
SB21-126,2021,RS,Governor,2021-07-06,Governor Signed,15
SB21-127,2021,RS,Senate,2021-02-25,"Introduced In Senate - Assigned to Business, Labor, & Technology",1
SB21-127,2021,RS,Senate,2021-03-17,"Senate Committee on Business, Labor, & Technology Postpone Indefinitely",2
SB21-128,2021,RS,Senate,2021-02-25,Introduced In Senate - Assigned to Health & Human Services,1
SB21-128,2021,RS,Senate,2021-03-08,Senate Committee on Health & Human Services Refer Amended to Appropriations,2
SB21-128,2021,RS,Senate,2021-04-01,Senate Committee on Appropriations Refer Amended to Senate Committee of the Whole,3
SB21-128,2021,RS,Senate,2021-04-01,"Senate Second Reading Special Order - Passed with Amendments - Committee, Floor",4
SB21-128,2021,RS,Senate,2021-04-05,Senate Third Reading Passed - No Amendments,5
SB21-128,2021,RS,House,2021-04-05,Introduced In House - Assigned to Public & Behavioral Health & Human Services,6
SB21-128,2021,RS,House,2021-04-20,House Committee on Public & Behavioral Health & Human Services Refer Unamended to Appropriations,7
SB21-128,2021,RS,House,2021-05-18,House Committee on Appropriations Refer Amended to House Committee of the Whole,8
SB21-128,2021,RS,House,2021-05-19,House Second Reading Laid Over Daily - No Amendments,9
SB21-128,2021,RS,House,2021-05-25,House Second Reading Passed with Amendments - Committee,10
SB21-128,2021,RS,House,2021-05-28,House Third Reading Passed - No Amendments,11
SB21-128,2021,RS,Senate,2021-06-01,Senate Considered House Amendments - Result was to Concur - Repass,12
SB21-128,2021,RS,Senate,2021-06-11,Signed by the President of the Senate,13
SB21-128,2021,RS,House,2021-06-11,Signed by the Speaker of the House,14
SB21-128,2021,RS,Governor,2021-06-11,Sent to the Governor,15
SB21-128,2021,RS,Governor,2021-06-23,Governor Signed,16
SB21-129,2021,RS,Senate,2021-02-25,"Introduced In Senate - Assigned to State, Veterans, & Military Affairs",1
SB21-129,2021,RS,Senate,2021-03-18,"Senate Committee on State, Veterans, & Military Affairs Refer Amended to Appropriations",2
SB21-129,2021,RS,Senate,2021-05-07,Senate Committee on Appropriations Refer Amended - Consent Calendar to Senate Committee of the Whole,3
SB21-129,2021,RS,Senate,2021-05-07,Senate Second Reading Special Order - Passed with Amendments - Committee,4
SB21-129,2021,RS,Senate,2021-05-10,Senate Third Reading Passed - No Amendments,5
SB21-129,2021,RS,House,2021-05-11,"Introduced In House - Assigned to State, Civic, Military, & Veterans Affairs",6
SB21-129,2021,RS,House,2021-05-17,"House Committee on State, Civic, Military, & Veterans Affairs Refer Unamended to Appropriations",7
SB21-129,2021,RS,House,2021-06-02,House Committee on Appropriations Refer Amended to House Committee of the Whole,8
SB21-129,2021,RS,House,2021-06-02,House Second Reading Special Order - Passed with Amendments - Committee,9
SB21-129,2021,RS,House,2021-06-03,House Third Reading Passed - No Amendments,10
SB21-129,2021,RS,Senate,2021-06-03,Senate Considered House Amendments - Result was to Concur - Repass,11
SB21-129,2021,RS,Senate,2021-06-18,Signed by the President of the Senate,12
SB21-129,2021,RS,House,2021-06-18,Signed by the Speaker of the House,13
SB21-129,2021,RS,Governor,2021-06-18,Sent to the Governor,14
SB21-129,2021,RS,Governor,2021-06-23,Governor Signed,15
SB21-130,2021,RS,Senate,2021-02-25,"Introduced In Senate - Assigned to State, Veterans, & Military Affairs",1
SB21-130,2021,RS,Senate,2021-03-18,"Senate Committee on State, Veterans, & Military Affairs Refer Unamended - Consent Calendar to Senate Committee of the Whole",2
SB21-130,2021,RS,Senate,2021-03-22,Senate Second Reading Passed - No Amendments,3
SB21-130,2021,RS,Senate,2021-03-23,Senate Third Reading Passed - No Amendments,4
SB21-130,2021,RS,House,2021-03-24,Introduced In House - Assigned to Transportation & Local Government,5
SB21-130,2021,RS,House,2021-04-07,House Committee on Transportation & Local Government Refer Amended to House Committee of the Whole,6
SB21-130,2021,RS,House,2021-04-12,House Second Reading Passed with Amendments - Committee,7
SB21-130,2021,RS,House,2021-04-13,House Third Reading Passed - No Amendments,8
SB21-130,2021,RS,Senate,2021-04-14,Senate Considered House Amendments - Result was to Concur - Repass,9
SB21-130,2021,RS,Senate,2021-04-20,Signed by the President of the Senate,10
SB21-130,2021,RS,House,2021-04-20,Signed by the Speaker of the House,11
SB21-130,2021,RS,Governor,2021-04-20,Sent to the Governor,12
SB21-130,2021,RS,Governor,2021-04-29,Governor Signed,13
SB21-131,2021,RS,Senate,2021-02-25,"Introduced In Senate - Assigned to State, Veterans, & Military Affairs",1
SB21-131,2021,RS,Senate,2021-03-16,"Senate Committee on State, Veterans, & Military Affairs Refer Amended to Appropriations",2
SB21-131,2021,RS,Senate,2021-05-07,Senate Committee on Appropriations Refer Amended to Senate Committee of the Whole,3
SB21-131,2021,RS,Senate,2021-05-11,"Senate Second Reading Passed with Amendments - Committee, Floor",4
SB21-131,2021,RS,Senate,2021-05-12,Senate Third Reading Passed - No Amendments,5
SB21-131,2021,RS,House,2021-05-12,"Introduced In House - Assigned to State, Civic, Military, & Veterans Affairs",6
SB21-131,2021,RS,House,2021-05-24,"House Committee on State, Civic, Military, & Veterans Affairs Refer Amended to Finance",7
SB21-131,2021,RS,House,2021-05-27,House Committee on Finance Refer Amended to Appropriations,8
SB21-131,2021,RS,House,2021-05-28,House Committee on Appropriations Refer Amended to House Committee of the Whole,9
SB21-131,2021,RS,House,2021-06-02,"House Second Reading Special Order - Passed with Amendments - Committee, Floor",10
SB21-131,2021,RS,House,2021-06-03,House Third Reading Passed - No Amendments,11
SB21-131,2021,RS,Senate,2021-06-03,Senate Considered House Amendments - Result was to Concur - Repass,12
SB21-131,2021,RS,Senate,2021-06-18,Signed by the President of the Senate,13
SB21-131,2021,RS,House,2021-06-18,Signed by the Speaker of the House,14
SB21-131,2021,RS,Governor,2021-06-18,Sent to the Governor,15
SB21-131,2021,RS,Governor,2021-06-25,Governor Signed,16
SB21-132,2021,RS,Senate,2021-02-26,"Introduced In Senate - Assigned to State, Veterans, & Military Affairs",1
SB21-132,2021,RS,Senate,2021-03-23,"Senate Committee on State, Veterans, & Military Affairs Refer Amended to Senate Committee of the Whole",2
SB21-132,2021,RS,Senate,2021-03-26,"Senate Second Reading Passed with Amendments - Committee, Floor",3
SB21-132,2021,RS,Senate,2021-03-29,Senate Third Reading Passed - No Amendments,4
SB21-132,2021,RS,Senate,2021-03-29,Senate Third Reading Reconsidered - No Amendments,5
SB21-132,2021,RS,House,2021-03-30,"Introduced In House - Assigned to State, Civic, Military, & Veterans Affairs",6
SB21-132,2021,RS,House,2021-05-06,"House Committee on State, Civic, Military, & Veterans Affairs Postpone Indefinitely",7
SB21-133,2021,RS,Senate,2021-02-26,"Introduced In Senate - Assigned to Business, Labor, & Technology",1
SB21-133,2021,RS,Senate,2021-03-24,"Senate Committee on Business, Labor, & Technology Refer Unamended - Consent Calendar to Senate Committee of the Whole",2
SB21-133,2021,RS,Senate,2021-03-29,Senate Second Reading Passed - No Amendments,3
SB21-133,2021,RS,Senate,2021-03-30,Senate Third Reading Passed - No Amendments,4
SB21-133,2021,RS,House,2021-03-31,Introduced In House - Assigned to Business Affairs & Labor,5
SB21-133,2021,RS,House,2021-04-15,House Committee on Business Affairs & Labor Refer Amended to House Committee of the Whole,6
SB21-133,2021,RS,House,2021-04-20,House Second Reading Passed with Amendments - Committee,7
SB21-133,2021,RS,House,2021-04-21,House Third Reading Passed - No Amendments,8
SB21-133,2021,RS,Senate,2021-04-22,Senate Considered House Amendments - Result was to Concur - Repass,9
SB21-133,2021,RS,Senate,2021-04-27,Signed by the President of the Senate,10
SB21-133,2021,RS,House,2021-04-27,Signed by the Speaker of the House,11
SB21-133,2021,RS,Governor,2021-04-27,Sent to the Governor,12
SB21-133,2021,RS,Governor,2021-05-07,Governor Signed,13
SB21-134,2021,RS,Senate,2021-02-26,"Introduced In Senate - Assigned to Business, Labor, & Technology",1
SB21-134,2021,RS,Senate,2021-03-24,"Senate Committee on Business, Labor, & Technology Refer Amended to Appropriations",2
SB21-134,2021,RS,Senate,2021-04-01,Senate Committee on Appropriations Postpone Indefinitely,3
SB21-135,2021,RS,Senate,2021-02-26,Introduced In Senate - Assigned to Agriculture & Natural Resources,1
SB21-135,2021,RS,Senate,2021-03-18,Senate Committee on Agriculture & Natural Resources Refer Amended to Senate Committee of the Whole,2
SB21-135,2021,RS,Senate,2021-03-23,Senate Second Reading Laid Over Daily - No Amendments,3
SB21-135,2021,RS,Senate,2021-03-24,Senate Second Reading Passed with Amendments - Committee,4
SB21-135,2021,RS,Senate,2021-03-25,Senate Third Reading Passed - No Amendments,5
SB21-135,2021,RS,Senate,2021-03-25,Senate Third Reading Reconsidered - No Amendments,6
SB21-135,2021,RS,House,2021-03-25,"Introduced In House - Assigned to Agriculture, Livestock, & Water",7
SB21-135,2021,RS,House,2021-04-12,"House Committee on Agriculture, Livestock, & Water Refer Amended to House Committee of the Whole",8
SB21-135,2021,RS,House,2021-04-15,House Second Reading Laid Over Daily - No Amendments,9
SB21-135,2021,RS,House,2021-04-16,House Second Reading Passed with Amendments - Committee,10
SB21-135,2021,RS,House,2021-04-19,House Third Reading Passed - No Amendments,11
SB21-135,2021,RS,Senate,2021-04-21,Senate Considered House Amendments - Result was to Not Concur - Request Conference Committee,12
SB21-135,2021,RS,House,2021-04-29,House Consideration of First Conference Committee Report result was to Adopt Committee Report - Repass,13
SB21-135,2021,RS,Senate,2021-04-30,Senate Consideration of First Conference Committee Report result was to Adopt Committee Report - Repass,14
SB21-135,2021,RS,Senate,2021-05-06,Signed by the President of the Senate,15
SB21-135,2021,RS,House,2021-05-06,Signed by the Speaker of the House,16
SB21-135,2021,RS,Governor,2021-05-06,Sent to the Governor,17
SB21-135,2021,RS,Governor,2021-05-14,Governor Signed,18
SB21-136,2021,RS,Senate,2021-03-01,Introduced In Senate - Assigned to Agriculture & Natural Resources,1
SB21-136,2021,RS,Senate,2021-03-11,Senate Committee on Agriculture & Natural Resources Refer Unamended to Appropriations,2
SB21-136,2021,RS,Senate,2021-04-01,Senate Committee on Appropriations Refer Unamended - Consent Calendar to Senate Committee of the Whole,3
SB21-136,2021,RS,Senate,2021-04-01,Senate Second Reading Special Order - Passed - No Amendments,4
SB21-136,2021,RS,Senate,2021-04-05,Senate Third Reading Passed - No Amendments,5
SB21-136,2021,RS,House,2021-04-05,"Introduced In House - Assigned to Agriculture, Livestock, & Water",6
SB21-136,2021,RS,House,2021-05-03,"House Committee on Agriculture, Livestock, & Water Refer Unamended to Appropriations",7
SB21-136,2021,RS,House,2021-05-11,House Committee on Appropriations Refer Unamended to House Committee of the Whole,8
SB21-136,2021,RS,House,2021-05-11,House Second Reading Laid Over Daily - No Amendments,9
SB21-136,2021,RS,House,2021-05-12,House Second Reading Passed - No Amendments,10
SB21-136,2021,RS,House,2021-05-13,House Third Reading Passed - No Amendments,11
SB21-136,2021,RS,Senate,2021-05-18,Signed by the President of the Senate,12
SB21-136,2021,RS,House,2021-05-19,Signed by the Speaker of the House,13
SB21-136,2021,RS,Governor,2021-05-19,Sent to the Governor,14
SB21-136,2021,RS,Governor,2021-05-28,Governor Signed,15
SB21-137,2021,RS,Senate,2021-03-01,Introduced In Senate - Assigned to Health & Human Services,1
SB21-137,2021,RS,Senate,2021-03-31,Senate Committee on Health & Human Services Witness Testimony and/or Committee Discussion Only,2
SB21-137,2021,RS,Senate,2021-04-05,Senate Committee on Health & Human Services Refer Amended to Appropriations,3
SB21-137,2021,RS,Senate,2021-04-30,Senate Committee on Appropriations Refer Amended to Senate Committee of the Whole,4
SB21-137,2021,RS,Senate,2021-05-04,Senate Second Reading Laid Over to 05/07/2021 - No Amendments,5
SB21-137,2021,RS,Senate,2021-05-07,Senate Second Reading Laid Over Daily - No Amendments,6
SB21-137,2021,RS,Senate,2021-05-10,"Senate Second Reading Passed with Amendments - Committee, Floor",7
SB21-137,2021,RS,Senate,2021-05-11,Senate Third Reading Passed - No Amendments,8
SB21-137,2021,RS,House,2021-05-13,Introduced In House - Assigned to Public & Behavioral Health & Human Services,9
SB21-137,2021,RS,House,2021-06-02,House Committee on Public & Behavioral Health & Human Services Refer Amended to Appropriations,10
SB21-137,2021,RS,House,2021-06-07,House Committee on Appropriations Refer Amended to House Committee of the Whole,11
SB21-137,2021,RS,House,2021-06-07,"House Second Reading Special Order - Passed with Amendments - Committee, Floor",12
SB21-137,2021,RS,House,2021-06-08,House Third Reading Passed with Amendments - Floor,13
SB21-137,2021,RS,Senate,2021-06-08,Senate Considered House Amendments - Result was to Concur - Repass,14
SB21-137,2021,RS,Senate,2021-06-23,Signed by the President of the Senate,15
SB21-137,2021,RS,House,2021-06-23,Signed by the Speaker of the House,16
SB21-137,2021,RS,Governor,2021-06-23,Sent to the Governor,17
SB21-137,2021,RS,Governor,2021-06-28,Governor Signed,18
SB21-138,2021,RS,Senate,2021-03-01,Introduced In Senate - Assigned to Judiciary,1
SB21-138,2021,RS,Senate,2021-03-24,Senate Committee on Judiciary Refer Amended to Appropriations,2
SB21-138,2021,RS,Senate,2021-05-07,Senate Committee on Appropriations Refer Amended - Consent Calendar to Senate Committee of the Whole,3
SB21-138,2021,RS,Senate,2021-05-07,Senate Second Reading Special Order - Passed with Amendments - Committee,4
SB21-138,2021,RS,Senate,2021-05-10,Senate Third Reading Passed - No Amendments,5
SB21-138,2021,RS,House,2021-05-11,Introduced In House - Assigned to Judiciary,6
SB21-138,2021,RS,House,2021-05-18,House Committee on Judiciary Refer Unamended to Appropriations,7
SB21-138,2021,RS,House,2021-05-26,House Committee on Appropriations Refer Amended to House Committee of the Whole,8
SB21-138,2021,RS,House,2021-05-26,House Second Reading Special Order - Passed with Amendments - Committee,9
SB21-138,2021,RS,House,2021-05-27,House Third Reading Laid Over Daily - No Amendments,10
SB21-138,2021,RS,House,2021-05-28,House Third Reading Passed - No Amendments,11
SB21-138,2021,RS,Senate,2021-06-01,Senate Considered House Amendments - Result was to Concur - Repass,12
SB21-138,2021,RS,Senate,2021-06-11,Signed by the President of the Senate,13
SB21-138,2021,RS,House,2021-06-11,Signed by the Speaker of the House,14
SB21-138,2021,RS,Governor,2021-06-11,Sent to the Governor,15
SB21-138,2021,RS,Governor,2021-07-06,Governor Signed,16
SB21-139,2021,RS,Senate,2021-03-01,Introduced In Senate - Assigned to Health & Human Services,1
SB21-139,2021,RS,Senate,2021-03-22,Senate Committee on Health & Human Services Refer Amended - Consent Calendar to Senate Committee of the Whole,2
SB21-139,2021,RS,Senate,2021-03-25,Senate Second Reading Passed with Amendments - Committee,3
SB21-139,2021,RS,Senate,2021-03-26,Senate Third Reading Passed - No Amendments,4
SB21-139,2021,RS,House,2021-03-30,Introduced In House - Assigned to Health & Insurance,5
SB21-139,2021,RS,House,2021-04-20,House Committee on Health & Insurance Refer Unamended to House Committee of the Whole,6
SB21-139,2021,RS,House,2021-04-23,House Second Reading Passed - No Amendments,7
SB21-139,2021,RS,House,2021-04-26,House Third Reading Passed - No Amendments,8
SB21-139,2021,RS,Senate,2021-04-29,Signed by the President of the Senate,9
SB21-139,2021,RS,House,2021-04-29,Signed by the Speaker of the House,10
SB21-139,2021,RS,Governor,2021-04-29,Sent to the Governor,11
SB21-139,2021,RS,Governor,2021-05-07,Governor Signed,12
SB21-140,2021,RS,Senate,2021-03-01,Introduced In Senate - Assigned to Education,1
SB21-140,2021,RS,Senate,2021-03-17,Senate Committee on Education Postpone Indefinitely,2
SB21-141,2021,RS,Senate,2021-03-01,"Introduced In Senate - Assigned to Business, Labor, & Technology",1
SB21-141,2021,RS,Senate,2021-03-10,"Senate Committee on Business, Labor, & Technology Refer Unamended to Senate Committee of the Whole",2
SB21-141,2021,RS,Senate,2021-03-16,Senate Second Reading Passed - No Amendments,3
SB21-141,2021,RS,Senate,2021-03-17,Senate Third Reading Passed - No Amendments,4
SB21-141,2021,RS,House,2021-03-19,Introduced In House - Assigned to Business Affairs & Labor,5
SB21-141,2021,RS,House,2021-03-31,House Committee on Business Affairs & Labor Refer Unamended to House Committee of the Whole,6
SB21-141,2021,RS,House,2021-04-05,House Second Reading Passed - No Amendments,7
SB21-141,2021,RS,House,2021-04-06,House Third Reading Passed - No Amendments,8
SB21-141,2021,RS,Senate,2021-04-07,Signed by the President of the Senate,9
SB21-141,2021,RS,House,2021-04-07,Signed by the Speaker of the House,10
SB21-141,2021,RS,Governor,2021-04-08,Sent to the Governor,11
SB21-141,2021,RS,Governor,2021-04-15,Governor Signed,12
SB21-142,2021,RS,Senate,2021-03-01,Introduced In Senate - Assigned to Health & Human Services,1
SB21-142,2021,RS,Senate,2021-03-24,Senate Committee on Health & Human Services Refer Amended to Senate Committee of the Whole,2
SB21-142,2021,RS,Senate,2021-03-29,Senate Second Reading Passed with Amendments - Committee,3
SB21-142,2021,RS,Senate,2021-03-30,Senate Third Reading Passed - No Amendments,4
SB21-142,2021,RS,House,2021-04-01,Introduced In House - Assigned to Health & Insurance,5
SB21-142,2021,RS,House,2021-05-05,House Committee on Health & Insurance Refer Unamended to House Committee of the Whole,6
SB21-142,2021,RS,House,2021-05-10,House Second Reading Passed - No Amendments,7
SB21-142,2021,RS,House,2021-05-11,House Third Reading Passed - No Amendments,8
SB21-142,2021,RS,Senate,2021-05-13,Signed by the President of the Senate,9
SB21-142,2021,RS,House,2021-05-13,Signed by the Speaker of the House,10
SB21-142,2021,RS,Governor,2021-05-13,Sent to the Governor,11
SB21-142,2021,RS,Governor,2021-05-21,Governor Signed,12
SB21-143,2021,RS,Senate,2021-03-01,Introduced In Senate - Assigned to Judiciary,1
SB21-143,2021,RS,Senate,2021-03-24,Senate Committee on Judiciary Refer Amended - Consent Calendar to Senate Committee of the Whole,2
SB21-143,2021,RS,Senate,2021-03-26,Senate Second Reading Laid Over Daily - No Amendments,3
SB21-143,2021,RS,Senate,2021-03-31,"Senate Second Reading Passed with Amendments - Committee, Floor",4
SB21-143,2021,RS,Senate,2021-04-01,Senate Third Reading Passed - No Amendments,5
SB21-143,2021,RS,House,2021-04-01,Introduced In House - Assigned to Judiciary,6
SB21-143,2021,RS,House,2021-04-27,House Committee on Judiciary Refer Unamended to House Committee of the Whole,7
SB21-143,2021,RS,House,2021-04-30,House Second Reading Passed - No Amendments,8
SB21-143,2021,RS,House,2021-05-03,House Third Reading Laid Over Daily - No Amendments,9
SB21-143,2021,RS,House,2021-05-04,House Third Reading Passed - No Amendments,10
SB21-143,2021,RS,Senate,2021-05-10,Signed by the President of the Senate,11
SB21-143,2021,RS,House,2021-05-11,Signed by the Speaker of the House,12
SB21-143,2021,RS,Governor,2021-05-11,Sent to the Governor,13
SB21-143,2021,RS,Governor,2021-05-17,Governor Signed,14
SB21-144,2021,RS,Senate,2021-03-01,"Introduced In Senate - Assigned to State, Veterans, & Military Affairs",1
SB21-144,2021,RS,Senate,2021-03-18,"Senate Committee on State, Veterans, & Military Affairs Refer Unamended to Senate Committee of the Whole",2
SB21-144,2021,RS,Senate,2021-03-22,Senate Second Reading Passed with Amendments - Floor,3
SB21-144,2021,RS,Senate,2021-03-23,Senate Third Reading Passed - No Amendments,4
SB21-144,2021,RS,House,2021-03-23,"Introduced In House - Assigned to State, Civic, Military, & Veterans Affairs",5
SB21-144,2021,RS,House,2021-04-12,"House Committee on State, Civic, Military, & Veterans Affairs Refer Unamended to House Committee of the Whole",6
SB21-144,2021,RS,House,2021-04-15,House Second Reading Laid Over Daily - No Amendments,7
SB21-144,2021,RS,House,2021-04-16,House Second Reading Passed - No Amendments,8
SB21-144,2021,RS,House,2021-04-19,House Third Reading Passed - No Amendments,9
SB21-144,2021,RS,Senate,2021-04-26,Signed by the President of the Senate,10
SB21-144,2021,RS,House,2021-04-26,Signed by the Speaker of the House,11
SB21-144,2021,RS,Governor,2021-04-26,Sent to the Governor,12
SB21-144,2021,RS,Governor,2021-04-29,Governor Signed,13
SB21-145,2021,RS,Senate,2021-03-01,Introduced In Senate - Assigned to Finance,1
SB21-145,2021,RS,Senate,2021-03-08,Senate Committee on Finance Refer Unamended - Consent Calendar to Senate Committee of the Whole,2
SB21-145,2021,RS,Senate,2021-03-11,Senate Second Reading Passed - No Amendments,3
SB21-145,2021,RS,Senate,2021-03-12,Senate Third Reading Passed - No Amendments,4
SB21-145,2021,RS,Senate,2021-03-12,Senate Third Reading Reconsidered - No Amendments,5
SB21-145,2021,RS,House,2021-03-17,Introduced In House - Assigned to Finance,6
SB21-145,2021,RS,House,2021-04-01,House Committee on Finance Refer Unamended to House Committee of the Whole,7
SB21-145,2021,RS,House,2021-04-07,House Second Reading Passed - No Amendments,8
SB21-145,2021,RS,House,2021-04-08,House Third Reading Passed - No Amendments,9
SB21-145,2021,RS,Senate,2021-04-13,Signed by the President of the Senate,10
SB21-145,2021,RS,House,2021-04-13,Signed by the Speaker of the House,11
SB21-145,2021,RS,Governor,2021-04-14,Sent to the Governor,12
SB21-145,2021,RS,Governor,2021-04-22,Governor Signed,13
SB21-146,2021,RS,Senate,2021-03-01,Introduced In Senate - Assigned to Judiciary,1
SB21-146,2021,RS,Senate,2021-04-15,Senate Committee on Judiciary Lay Over Amended,2
SB21-146,2021,RS,Senate,2021-05-06,Senate Committee on Judiciary Refer Amended to Appropriations,3
SB21-146,2021,RS,Senate,2021-05-14,Senate Committee on Appropriations Refer Amended - Consent Calendar to Senate Committee of the Whole,4
SB21-146,2021,RS,Senate,2021-05-18,"Senate Second Reading Passed with Amendments - Committee, Floor",5
SB21-146,2021,RS,Senate,2021-05-19,Senate Third Reading Passed with Amendments - Floor,6
SB21-146,2021,RS,House,2021-05-19,Introduced In House - Assigned to Judiciary,7
SB21-146,2021,RS,House,2021-05-26,House Committee on Judiciary Refer Amended to Appropriations,8
SB21-146,2021,RS,House,2021-05-28,House Committee on Appropriations Refer Amended to House Committee of the Whole,9
SB21-146,2021,RS,House,2021-06-02,House Second Reading Special Order - Laid Over Daily - No Amendments,10
SB21-146,2021,RS,House,2021-06-03,House Second Reading Special Order - Passed with Amendments - Committee,11
SB21-146,2021,RS,House,2021-06-04,House Third Reading Laid Over Daily - No Amendments,12
SB21-146,2021,RS,House,2021-06-07,House Third Reading Passed - No Amendments,13
SB21-146,2021,RS,Senate,2021-06-07,Senate Considered House Amendments - Result was to Concur - Repass,14
SB21-146,2021,RS,Senate,2021-06-18,Signed by the President of the Senate,15
SB21-146,2021,RS,House,2021-06-18,Signed by the Speaker of the House,16
SB21-146,2021,RS,Governor,2021-06-18,Sent to the Governor,17
SB21-146,2021,RS,Governor,2021-07-06,Governor Signed,18
SB21-147,2021,RS,Senate,2021-03-01,Introduced In Senate - Assigned to Health & Human Services,1
SB21-147,2021,RS,Senate,2021-03-22,Senate Committee on Health & Human Services Refer Unamended to Senate Committee of the Whole,2
SB21-147,2021,RS,Senate,2021-03-25,Senate Second Reading Laid Over Daily - No Amendments,3
SB21-147,2021,RS,Senate,2021-03-29,Senate Second Reading Passed with Amendments - Floor,4
SB21-147,2021,RS,Senate,2021-03-30,Senate Third Reading Passed - No Amendments,5
SB21-147,2021,RS,House,2021-03-31,Introduced In House - Assigned to Public & Behavioral Health & Human Services,6
SB21-147,2021,RS,House,2021-04-13,House Committee on Public & Behavioral Health & Human Services Refer Unamended to Finance,7
SB21-147,2021,RS,House,2021-04-26,House Committee on Finance Refer Unamended to Appropriations,8
SB21-147,2021,RS,House,2021-05-04,House Committee on Appropriations Refer Unamended to House Committee of the Whole,9
SB21-147,2021,RS,House,2021-05-04,House Second Reading Special Order - Passed - No Amendments,10
SB21-147,2021,RS,House,2021-05-05,House Third Reading Passed - No Amendments,11
SB21-147,2021,RS,Senate,2021-05-10,Signed by the President of the Senate,12
SB21-147,2021,RS,House,2021-05-11,Signed by the Speaker of the House,13
SB21-147,2021,RS,Governor,2021-05-11,Sent to the Governor,14
SB21-147,2021,RS,Governor,2021-05-22,Governor Became Law,15
SB21-148,2021,RS,Senate,2021-03-01,Introduced In Senate - Assigned to Finance,1
SB21-148,2021,RS,Senate,2021-03-22,Senate Committee on Finance Refer Amended to Appropriations,2
SB21-148,2021,RS,Senate,2021-04-30,Senate Committee on Appropriations Refer Amended to Senate Committee of the Whole,3
SB21-148,2021,RS,Senate,2021-05-04,Senate Second Reading Passed with Amendments - Committee,4
SB21-148,2021,RS,Senate,2021-05-05,Senate Third Reading Passed - No Amendments,5
SB21-148,2021,RS,House,2021-05-05,"Introduced In House - Assigned to State, Civic, Military, & Veterans Affairs",6
SB21-148,2021,RS,House,2021-05-20,"House Committee on State, Civic, Military, & Veterans Affairs Refer Unamended to Appropriations",7
SB21-148,2021,RS,House,2021-05-24,House Committee on Appropriations Refer Unamended to House Committee of the Whole,8
SB21-148,2021,RS,House,2021-05-25,House Second Reading Special Order - Passed - No Amendments,9
SB21-148,2021,RS,House,2021-05-26,House Third Reading Laid Over Daily - No Amendments,10
SB21-148,2021,RS,House,2021-05-28,House Third Reading Passed - No Amendments,11
SB21-148,2021,RS,House,2021-06-10,Signed by the Speaker of the House,12
SB21-148,2021,RS,Senate,2021-06-10,Signed by the President of the Senate,13
SB21-148,2021,RS,Governor,2021-06-10,Sent to the Governor,14
SB21-148,2021,RS,Governor,2021-06-24,Governor Signed,15
SB21-149,2021,RS,Senate,2021-03-01,"Introduced In Senate - Assigned to State, Veterans, & Military Affairs",1
SB21-149,2021,RS,Senate,2021-03-16,"Senate Committee on State, Veterans, & Military Affairs Witness Testimony and/or Committee Discussion Only",2
SB21-149,2021,RS,Senate,2021-03-23,"Senate Committee on State, Veterans, & Military Affairs Postpone Indefinitely",3
SB21-150,2021,RS,Senate,2021-03-01,Introduced In Senate - Assigned to Agriculture & Natural Resources,1
SB21-150,2021,RS,Senate,2021-03-25,Senate Committee on Agriculture & Natural Resources Postpone Indefinitely,2
SB21-151,2021,RS,Senate,2021-03-01,Introduced In Senate - Assigned to Education,1
SB21-151,2021,RS,Senate,2021-03-25,Senate Committee on Education Refer Amended - Consent Calendar to Senate Committee of the Whole,2
SB21-151,2021,RS,Senate,2021-03-30,Senate Second Reading Passed with Amendments - Committee,3
SB21-151,2021,RS,Senate,2021-03-31,Senate Third Reading Passed - No Amendments,4
SB21-151,2021,RS,House,2021-04-01,Introduced In House - Assigned to Education,5
SB21-151,2021,RS,House,2021-05-06,House Committee on Education Refer Amended to Appropriations,6
SB21-151,2021,RS,House,2021-05-26,House Committee on Appropriations Refer Amended to House Committee of the Whole,7
SB21-151,2021,RS,House,2021-05-26,House Second Reading Special Order - Passed with Amendments - Committee,8
SB21-151,2021,RS,House,2021-05-28,House Third Reading Passed - No Amendments,9
SB21-151,2021,RS,Senate,2021-06-01,Senate Considered House Amendments - Result was to Concur - Repass,10
SB21-151,2021,RS,Senate,2021-06-11,Signed by the President of the Senate,11
SB21-151,2021,RS,House,2021-06-11,Signed by the Speaker of the House,12
SB21-151,2021,RS,Governor,2021-06-11,Sent to the Governor,13
SB21-151,2021,RS,Governor,2021-06-18,Governor Signed,14
SB21-152,2021,RS,Senate,2021-03-01,Introduced In Senate - Assigned to Legal Services,1
SB21-152,2021,RS,Senate,2021-03-25,Senate Committee on Legal Services Refer Unamended to Senate Committee of the Whole,2
SB21-152,2021,RS,Senate,2021-03-29,Senate Second Reading Passed - No Amendments,3
SB21-152,2021,RS,Senate,2021-03-30,Senate Third Reading Passed - No Amendments,4
SB21-152,2021,RS,House,2021-03-31,Introduced In House - Assigned to Legal Services,5
SB21-152,2021,RS,House,2021-04-22,House Committee on Legal Services Refer Unamended to House Committee of the Whole,6
SB21-152,2021,RS,House,2021-04-26,House Second Reading Passed - No Amendments,7
SB21-152,2021,RS,House,2021-04-27,House Third Reading Passed - No Amendments,8
SB21-152,2021,RS,House,2021-04-29,Signed by the Speaker of the House,9
SB21-152,2021,RS,Senate,2021-04-29,Signed by the President of the Senate,10
SB21-152,2021,RS,Governor,2021-04-30,Sent to the Governor,11
SB21-152,2021,RS,Governor,2021-05-10,Governor Signed,12
SB21-153,2021,RS,Senate,2021-03-01,"Introduced In Senate - Assigned to State, Veterans, & Military Affairs",1
SB21-153,2021,RS,Senate,2021-03-16,"Senate Committee on State, Veterans, & Military Affairs Refer Amended - Consent Calendar to Senate Committee of the Whole",2
SB21-153,2021,RS,Senate,2021-03-19,Senate Second Reading Passed with Amendments - Committee,3
SB21-153,2021,RS,Senate,2021-03-22,Senate Third Reading Passed - No Amendments,4
SB21-153,2021,RS,House,2021-03-22,"Introduced In House - Assigned to State, Civic, Military, & Veterans Affairs",5
SB21-153,2021,RS,House,2021-04-08,"House Committee on State, Civic, Military, & Veterans Affairs Refer Unamended to House Committee of the Whole",6
SB21-153,2021,RS,House,2021-04-13,House Second Reading Laid Over Daily - No Amendments,7
SB21-153,2021,RS,House,2021-04-20,House Second Reading Passed - No Amendments,8
SB21-153,2021,RS,House,2021-04-21,House Third Reading Passed - No Amendments,9
SB21-153,2021,RS,Senate,2021-04-29,Signed by the President of the Senate,10
SB21-153,2021,RS,House,2021-04-29,Signed by the Speaker of the House,11
SB21-153,2021,RS,Governor,2021-04-29,Sent to the Governor,12
SB21-153,2021,RS,Governor,2021-05-06,Governor Signed,13
SB21-154,2021,RS,Senate,2021-03-01,Introduced In Senate - Assigned to Health & Human Services,1
SB21-154,2021,RS,Senate,2021-04-07,Senate Committee on Health & Human Services Refer Amended to Finance,2
SB21-154,2021,RS,Senate,2021-04-28,Senate Committee on Finance Refer Amended to Appropriations,3
SB21-154,2021,RS,Senate,2021-05-07,Senate Committee on Appropriations Refer Amended - Consent Calendar to Senate Committee of the Whole,4
SB21-154,2021,RS,Senate,2021-05-07,Senate Second Reading Special Order - Passed with Amendments - Committee,5
SB21-154,2021,RS,Senate,2021-05-10,Senate Third Reading Passed - No Amendments,6
SB21-154,2021,RS,House,2021-05-11,Introduced In House - Assigned to Public & Behavioral Health & Human Services,7
SB21-154,2021,RS,House,2021-05-25,House Committee on Public & Behavioral Health & Human Services Refer Unamended to Finance,8
SB21-154,2021,RS,House,2021-05-28,House Committee on Finance Refer Unamended to Appropriations,9
SB21-154,2021,RS,House,2021-06-01,House Committee on Appropriations Refer Unamended to House Committee of the Whole,10
SB21-154,2021,RS,House,2021-06-01,House Second Reading Special Order - Passed - No Amendments,11
SB21-154,2021,RS,House,2021-06-03,House Third Reading Passed - No Amendments,12
SB21-154,2021,RS,Senate,2021-06-18,Signed by the President of the Senate,13
SB21-154,2021,RS,House,2021-06-18,Signed by the Speaker of the House,14
SB21-154,2021,RS,Governor,2021-06-18,Sent to the Governor,15
SB21-154,2021,RS,Governor,2021-06-28,Governor Signed,16
SB21-155,2021,RS,Senate,2021-03-01,Introduced In Senate - Assigned to Local Government,1
SB21-155,2021,RS,Senate,2021-03-16,Senate Committee on Local Government Refer Unamended to Senate Committee of the Whole,2
SB21-155,2021,RS,Senate,2021-03-19,Senate Second Reading Passed with Amendments - Floor,3
SB21-155,2021,RS,Senate,2021-03-22,Senate Third Reading Passed - No Amendments,4
SB21-155,2021,RS,House,2021-03-22,Introduced In House - Assigned to Transportation & Local Government,5
SB21-155,2021,RS,House,2021-04-06,House Committee on Transportation & Local Government Refer Amended to Appropriations,6
SB21-155,2021,RS,House,2021-04-23,House Committee on Appropriations Refer Unamended to House Committee of the Whole,7
SB21-155,2021,RS,House,2021-04-23,House Second Reading Special Order - Passed with Amendments - Committee,8
SB21-155,2021,RS,House,2021-04-26,House Third Reading Passed - No Amendments,9
SB21-155,2021,RS,Senate,2021-04-27,Senate Considered House Amendments - Result was to Laid Over Daily,10
SB21-155,2021,RS,Senate,2021-04-28,Senate Considered House Amendments - Result was to Not Concur - Request Conference Committee,11
SB21-155,2021,RS,Senate,2021-05-06,Senate Consideration of First Conference Committee Report result was to Recede - CCR not produced,12
SB21-155,2021,RS,Senate,2021-05-06,Senate Considered House Amendments - Result was to Concur - Repass,13
SB21-155,2021,RS,Senate,2021-05-13,Signed by the President of the Senate,14
SB21-155,2021,RS,House,2021-05-13,Signed by the Speaker of the House,15
SB21-155,2021,RS,Governor,2021-05-13,Sent to the Governor,16
SB21-155,2021,RS,Governor,2021-05-21,Governor Signed,17
SB21-156,2021,RS,Senate,2021-03-01,Introduced In Senate - Assigned to Health & Human Services,1
SB21-156,2021,RS,Senate,2021-03-24,Senate Committee on Health & Human Services Refer Amended to Appropriations,2
SB21-156,2021,RS,Senate,2021-05-07,Senate Committee on Appropriations Refer Amended to Senate Committee of the Whole,3
SB21-156,2021,RS,Senate,2021-05-11,Senate Second Reading Laid Over Daily - No Amendments,4
SB21-156,2021,RS,Senate,2021-05-12,Senate Second Reading Passed with Amendments - Committee,5
SB21-156,2021,RS,Senate,2021-05-13,Senate Third Reading Passed - No Amendments,6
SB21-156,2021,RS,House,2021-05-14,"Introduced In House - Assigned to State, Civic, Military, & Veterans Affairs",7
SB21-156,2021,RS,House,2021-05-24,"House Committee on State, Civic, Military, & Veterans Affairs Refer Amended to Appropriations",8
SB21-156,2021,RS,House,2021-05-25,House Committee on Appropriations Refer Unamended to House Committee of the Whole,9
SB21-156,2021,RS,House,2021-05-26,House Second Reading Special Order - Laid Over Daily - No Amendments,10
SB21-156,2021,RS,House,2021-05-27,House Second Reading Special Order - Passed with Amendments - Committee,11
SB21-156,2021,RS,House,2021-05-28,House Third Reading Passed - No Amendments,12
SB21-156,2021,RS,Senate,2021-06-01,Senate Considered House Amendments - Result was to Concur - Repass,13
SB21-156,2021,RS,Senate,2021-06-11,Signed by the President of the Senate,14
SB21-156,2021,RS,House,2021-06-11,Signed by the Speaker of the House,15
SB21-156,2021,RS,Governor,2021-06-11,Sent to the Governor,16
SB21-156,2021,RS,Governor,2021-06-18,Governor Signed,17
SB21-157,2021,RS,Senate,2021-03-01,Introduced In Senate - Assigned to Education,1
SB21-157,2021,RS,Senate,2021-03-17,Senate Committee on Education Refer Unamended - Consent Calendar to Senate Committee of the Whole,2
SB21-157,2021,RS,Senate,2021-03-22,Senate Second Reading Passed - No Amendments,3
SB21-157,2021,RS,Senate,2021-03-23,Senate Third Reading Passed - No Amendments,4
SB21-157,2021,RS,House,2021-03-25,Introduced In House - Assigned to Education,5
SB21-157,2021,RS,House,2021-03-31,House Committee on Education Refer Unamended to House Committee of the Whole,6
SB21-157,2021,RS,House,2021-04-05,House Second Reading Passed - No Amendments,7
SB21-157,2021,RS,House,2021-04-06,House Third Reading Passed - No Amendments,8
SB21-157,2021,RS,Senate,2021-04-07,Signed by the President of the Senate,9
SB21-157,2021,RS,House,2021-04-07,Signed by the Speaker of the House,10
SB21-157,2021,RS,Governor,2021-04-08,Sent to the Governor,11
SB21-157,2021,RS,Governor,2021-04-15,Governor Signed,12
SB21-158,2021,RS,Senate,2021-03-01,Introduced In Senate - Assigned to Health & Human Services,1
SB21-158,2021,RS,Senate,2021-03-22,Senate Committee on Health & Human Services Refer Amended to Appropriations,2
SB21-158,2021,RS,Senate,2021-05-14,Senate Committee on Appropriations Refer Amended - Consent Calendar to Senate Committee of the Whole,3
SB21-158,2021,RS,Senate,2021-05-18,Senate Second Reading Passed with Amendments - Committee,4
SB21-158,2021,RS,Senate,2021-05-19,Senate Third Reading Passed - No Amendments,5
SB21-158,2021,RS,House,2021-05-19,Introduced In House - Assigned to Public & Behavioral Health & Human Services,6
SB21-158,2021,RS,House,2021-05-25,House Committee on Public & Behavioral Health & Human Services Refer Unamended to Appropriations,7
SB21-158,2021,RS,House,2021-06-03,House Committee on Appropriations Refer Amended to House Committee of the Whole,8
SB21-158,2021,RS,House,2021-06-03,House Second Reading Special Order - Passed - No Amendments,9
SB21-158,2021,RS,House,2021-06-04,House Third Reading Laid Over Daily - No Amendments,10
SB21-158,2021,RS,House,2021-06-07,House Third Reading Passed - No Amendments,11
SB21-158,2021,RS,House,2021-06-10,Signed by the Speaker of the House,12
SB21-158,2021,RS,Senate,2021-06-10,Signed by the President of the Senate,13
SB21-158,2021,RS,Governor,2021-06-10,Sent to the Governor,14
SB21-158,2021,RS,Governor,2021-07-06,Governor Signed,15
SB21-159,2021,RS,Senate,2021-03-01,"Introduced In Senate - Assigned to State, Veterans, & Military Affairs",1
SB21-159,2021,RS,Senate,2021-03-23,"Senate Committee on State, Veterans, & Military Affairs Postpone Indefinitely",2
SB21-160,2021,RS,Senate,2021-03-02,"Introduced In Senate - Assigned to State, Veterans, & Military Affairs",1
SB21-160,2021,RS,Senate,2021-03-23,"Senate Committee on State, Veterans, & Military Affairs Refer Amended - Consent Calendar to Senate Committee of the Whole",2
SB21-160,2021,RS,Senate,2021-03-26,"Senate Second Reading Passed with Amendments - Committee, Floor",3
SB21-160,2021,RS,Senate,2021-03-29,Senate Third Reading Laid Over Daily - No Amendments,4
SB21-160,2021,RS,Senate,2021-03-30,Senate Third Reading Passed - No Amendments,5
SB21-160,2021,RS,House,2021-03-31,"Introduced In House - Assigned to State, Civic, Military, & Veterans Affairs",6
SB21-160,2021,RS,House,2021-04-29,"House Committee on State, Civic, Military, & Veterans Affairs Refer Unamended to House Committee of the Whole",7
SB21-160,2021,RS,House,2021-05-03,House Second Reading Passed - No Amendments,8
SB21-160,2021,RS,House,2021-05-04,House Third Reading Passed - No Amendments,9
SB21-160,2021,RS,Senate,2021-05-06,Signed by the President of the Senate,10
SB21-160,2021,RS,House,2021-05-06,Signed by the Speaker of the House,11
SB21-160,2021,RS,Governor,2021-05-06,Sent to the Governor,12
SB21-160,2021,RS,Governor,2021-05-13,Governor Signed,13
SB21-161,2021,RS,Senate,2021-03-02,Introduced In Senate - Assigned to Transportation & Energy,1
SB21-161,2021,RS,Senate,2021-04-20,Senate Committee on Transportation & Energy Postpone Indefinitely,2
SB21-162,2021,RS,Senate,2021-03-02,Introduced In Senate - Assigned to Judiciary,1
SB21-162,2021,RS,Senate,2021-03-25,Senate Committee on Judiciary Refer Amended - Consent Calendar to Senate Committee of the Whole,2
SB21-162,2021,RS,Senate,2021-03-30,Senate Second Reading Passed with Amendments - Committee,3
SB21-162,2021,RS,Senate,2021-03-31,Senate Third Reading Passed - No Amendments,4
SB21-162,2021,RS,House,2021-03-31,Introduced In House - Assigned to Judiciary,5
SB21-162,2021,RS,House,2021-05-04,House Committee on Judiciary Refer Unamended to House Committee of the Whole,6
SB21-162,2021,RS,House,2021-05-06,House Second Reading Laid Over Daily - No Amendments,7
SB21-162,2021,RS,House,2021-05-07,House Second Reading Passed - No Amendments,8
SB21-162,2021,RS,House,2021-05-10,House Third Reading Passed - No Amendments,9
SB21-162,2021,RS,Senate,2021-05-13,Signed by the President of the Senate,10
SB21-162,2021,RS,House,2021-05-13,Signed by the Speaker of the House,11
SB21-162,2021,RS,Governor,2021-05-13,Sent to the Governor,12
SB21-162,2021,RS,Governor,2021-05-21,Governor Signed,13
SB21-163,2021,RS,Senate,2021-03-02,"Introduced In Senate - Assigned to Business, Labor, & Technology",1
SB21-163,2021,RS,Senate,2021-03-24,"Senate Committee on Business, Labor, & Technology Postpone Indefinitely",2
SB21-164,2021,RS,Senate,2021-03-02,Introduced In Senate - Assigned to Agriculture & Natural Resources,1
SB21-164,2021,RS,Senate,2021-03-18,Senate Committee on Agriculture & Natural Resources Postpone Indefinitely,2
SB21-165,2021,RS,Senate,2021-03-02,Introduced In Senate - Assigned to Transportation & Energy,1
SB21-165,2021,RS,Senate,2021-03-25,Senate Committee on Transportation & Energy Postpone Indefinitely,2
SB21-166,2021,RS,Senate,2021-03-02,Introduced In Senate - Assigned to Agriculture & Natural Resources,1
SB21-166,2021,RS,Senate,2021-03-25,Senate Committee on Agriculture & Natural Resources Refer Amended to Appropriations,2
SB21-166,2021,RS,Senate,2021-04-23,Senate Committee on Appropriations Refer Amended - Consent Calendar to Senate Committee of the Whole,3
SB21-166,2021,RS,Senate,2021-04-23,Senate Second Reading Special Order - Passed with Amendments - Committee,4
SB21-166,2021,RS,Senate,2021-04-26,Senate Third Reading Passed - No Amendments,5
SB21-166,2021,RS,House,2021-04-26,Introduced In House - Assigned to Energy & Environment,6
SB21-166,2021,RS,House,2021-04-29,House Second Reading Passed with Amendments - Committee,7
SB21-166,2021,RS,House,2021-05-05,House Committee on Energy & Environment Refer Unamended to Appropriations,8
SB21-166,2021,RS,House,2021-05-25,House Committee on Appropriations Refer Amended to House Committee of the Whole,9
SB21-166,2021,RS,House,2021-06-01,House Third Reading Passed - No Amendments,10
SB21-166,2021,RS,Senate,2021-06-01,Senate Considered House Amendments - Result was to Concur - Repass,11
SB21-166,2021,RS,Senate,2021-06-15,Signed by the President of the Senate,12
SB21-166,2021,RS,House,2021-06-15,Signed by the Speaker of the House,13
SB21-166,2021,RS,Governor,2021-06-15,Sent to the Governor,14
SB21-166,2021,RS,Governor,2021-06-22,Governor Signed,15
SB21-167,2021,RS,Senate,2021-03-02,Introduced In Senate - Assigned to Education,1
SB21-167,2021,RS,Senate,2021-03-25,Senate Committee on Education Refer Amended to Senate Committee of the Whole,2
SB21-167,2021,RS,Senate,2021-03-30,Senate Second Reading Laid Over Daily - No Amendments,3
SB21-167,2021,RS,Senate,2021-03-31,Senate Second Reading Laid Over to 04/05/2021 - No Amendments,4
SB21-167,2021,RS,Senate,2021-04-05,"Senate Second Reading Passed with Amendments - Committee, Floor",5
SB21-167,2021,RS,Senate,2021-04-06,Senate Third Reading Passed - No Amendments,6
SB21-167,2021,RS,House,2021-04-06,Introduced In House - Assigned to Public & Behavioral Health & Human Services,7
SB21-167,2021,RS,House,2021-04-20,House Committee on Public & Behavioral Health & Human Services Refer Amended to House Committee of the Whole,8
SB21-167,2021,RS,House,2021-04-23,"House Second Reading Passed with Amendments - Committee, Floor",9
SB21-167,2021,RS,House,2021-04-26,House Third Reading Passed - No Amendments,10
SB21-167,2021,RS,Senate,2021-04-27,Senate Considered House Amendments - Result was to Laid Over Daily,11
SB21-167,2021,RS,Senate,2021-04-28,Senate Considered House Amendments - Result was to Concur - Repass,12
SB21-167,2021,RS,Senate,2021-04-30,Signed by the President of the Senate,13
SB21-167,2021,RS,House,2021-04-30,Signed by the Speaker of the House,14
SB21-167,2021,RS,Governor,2021-05-03,Sent to the Governor,15
SB21-167,2021,RS,Governor,2021-05-13,Governor Signed,16
SB21-168,2021,RS,Senate,2021-03-02,Introduced In Senate - Assigned to Agriculture & Natural Resources,1
SB21-168,2021,RS,Senate,2021-03-25,Senate Committee on Agriculture & Natural Resources Postpone Indefinitely,2
SB21-169,2021,RS,Senate,2021-03-02,"Introduced In Senate - Assigned to Business, Labor, & Technology",1
SB21-169,2021,RS,Senate,2021-05-03,"Senate Committee on Business, Labor, & Technology Refer Amended to Senate Committee of the Whole",2
SB21-169,2021,RS,Senate,2021-05-06,Senate Second Reading Laid Over to 05/10/2021 - No Amendments,3
SB21-169,2021,RS,Senate,2021-05-10,Senate Second Reading Laid Over to 05/12/2021 - No Amendments,4
SB21-169,2021,RS,Senate,2021-05-12,"Senate Second Reading Passed with Amendments - Committee, Floor",5
SB21-169,2021,RS,Senate,2021-05-13,Senate Third Reading Passed - No Amendments,6
SB21-169,2021,RS,House,2021-05-18,Introduced In House - Assigned to Health & Insurance,7
SB21-169,2021,RS,House,2021-05-28,House Committee on Health & Insurance Refer Amended to House Committee of the Whole,8
SB21-169,2021,RS,House,2021-06-03,"House Second Reading Special Order - Passed with Amendments - Committee, Floor",9
SB21-169,2021,RS,House,2021-06-04,House Third Reading Laid Over Daily - No Amendments,10
SB21-169,2021,RS,House,2021-06-07,House Third Reading Passed - No Amendments,11
SB21-169,2021,RS,Senate,2021-06-07,Senate Considered House Amendments - Result was to Concur - Repass,12
SB21-169,2021,RS,Senate,2021-06-23,Signed by the President of the Senate,13
SB21-169,2021,RS,House,2021-06-23,Signed by the Speaker of the House,14
SB21-169,2021,RS,Governor,2021-06-23,Sent to the Governor,15
SB21-169,2021,RS,Governor,2021-07-06,Governor Signed,16
SB21-170,2021,RS,Senate,2021-03-02,Introduced In Senate - Assigned to Transportation & Energy,1
SB21-170,2021,RS,Senate,2021-04-06,Senate Committee on Transportation & Energy Postpone Indefinitely,2
SB21-171,2021,RS,Senate,2021-03-02,Introduced In Senate - Assigned to Judiciary,1
SB21-171,2021,RS,Senate,2021-03-25,Senate Committee on Judiciary Refer Unamended - Consent Calendar to Senate Committee of the Whole,2
SB21-171,2021,RS,Senate,2021-03-30,Senate Second Reading Passed - No Amendments,3
SB21-171,2021,RS,Senate,2021-03-31,Senate Third Reading Passed - No Amendments,4
SB21-171,2021,RS,House,2021-03-31,Introduced In House - Assigned to Judiciary,5
SB21-171,2021,RS,House,2021-05-04,House Committee on Judiciary Refer Unamended to House Committee of the Whole,6
SB21-171,2021,RS,House,2021-05-06,House Second Reading Passed - No Amendments,7
SB21-171,2021,RS,House,2021-05-07,House Third Reading Passed - No Amendments,8
SB21-171,2021,RS,Senate,2021-05-13,Signed by the President of the Senate,9
SB21-171,2021,RS,House,2021-05-13,Signed by the Speaker of the House,10
SB21-171,2021,RS,Governor,2021-05-13,Sent to the Governor,11
SB21-171,2021,RS,Governor,2021-05-17,Governor Signed,12
SB21-172,2021,RS,Senate,2021-03-04,Introduced In Senate - Assigned to Education,1
SB21-172,2021,RS,Senate,2021-03-18,Senate Committee on Education Refer Unamended to Senate Committee of the Whole,2
SB21-172,2021,RS,Senate,2021-03-22,Senate Second Reading Passed - No Amendments,3
SB21-172,2021,RS,Senate,2021-03-23,Senate Third Reading Passed - No Amendments,4
SB21-172,2021,RS,House,2021-03-25,Introduced In House - Assigned to Education,5
SB21-172,2021,RS,House,2021-06-03,House Committee on Education Refer Amended to House Committee of the Whole,6
SB21-172,2021,RS,House,2021-06-04,House Second Reading Special Order - Passed with Amendments - Committee,7
SB21-172,2021,RS,House,2021-06-07,House Third Reading Passed - No Amendments,8
SB21-172,2021,RS,Senate,2021-06-08,Senate Considered House Amendments - Result was to Concur - Repass,9
SB21-172,2021,RS,Senate,2021-06-18,Signed by the President of the Senate,10
SB21-172,2021,RS,House,2021-06-18,Signed by the Speaker of the House,11
SB21-172,2021,RS,Governor,2021-06-18,Sent to the Governor,12
SB21-172,2021,RS,Governor,2021-07-07,Governor Signed,13
SB21-173,2021,RS,Senate,2021-03-05,"Introduced In Senate - Assigned to State, Veterans, & Military Affairs",1
SB21-173,2021,RS,Senate,2021-03-16,"Senate Committee on State, Veterans, & Military Affairs Refer Amended to Appropriations",2
SB21-173,2021,RS,Senate,2021-04-01,Senate Committee on Appropriations Refer Amended to Senate Committee of the Whole,3
SB21-173,2021,RS,Senate,2021-04-06,Senate Second Reading Laid Over Daily - No Amendments,4
SB21-173,2021,RS,Senate,2021-04-13,"Senate Second Reading Passed with Amendments - Committee, Floor",5
SB21-173,2021,RS,Senate,2021-04-14,Senate Third Reading Passed with Amendments - Floor,6
SB21-173,2021,RS,House,2021-04-19,Introduced In House - Assigned to Business Affairs & Labor,7
SB21-173,2021,RS,House,2021-05-13,House Committee on Business Affairs & Labor Witness Testimony and/or Committee Discussion Only,8
SB21-173,2021,RS,House,2021-05-20,House Committee on Business Affairs & Labor Refer Amended to Appropriations,9
SB21-173,2021,RS,House,2021-05-24,House Committee on Appropriations Refer Amended to House Committee of the Whole,10
SB21-173,2021,RS,House,2021-05-27,House Second Reading Laid Over Daily - No Amendments,11
SB21-173,2021,RS,House,2021-06-01,"House Second Reading Special Order - Passed with Amendments - Committee, Floor",12
SB21-173,2021,RS,House,2021-06-02,House Third Reading Laid Over Daily - No Amendments,13
SB21-173,2021,RS,House,2021-06-03,House Third Reading Passed - No Amendments,14
SB21-173,2021,RS,Senate,2021-06-03,Senate Considered House Amendments - Result was to Concur - Repass,15
SB21-173,2021,RS,Senate,2021-06-22,Signed by the President of the Senate,16
SB21-173,2021,RS,House,2021-06-22,Signed by the Speaker of the House,17
SB21-173,2021,RS,Governor,2021-06-22,Sent to the Governor,18
SB21-173,2021,RS,Governor,2021-06-25,Governor Signed,19
SB21-174,2021,RS,Senate,2021-03-05,Introduced In Senate - Assigned to Judiciary,1
SB21-174,2021,RS,Senate,2021-04-01,Senate Committee on Judiciary Refer Amended to Appropriations,2
SB21-174,2021,RS,Senate,2021-04-23,Senate Committee on Appropriations Refer Amended to Senate Committee of the Whole,3
SB21-174,2021,RS,Senate,2021-04-27,Senate Second Reading Laid Over to 05/03/2021 - No Amendments,4
SB21-174,2021,RS,Senate,2021-05-03,Senate Second Reading Laid Over to 05/05/2021 - No Amendments,5
SB21-174,2021,RS,Senate,2021-05-05,Senate Second Reading Laid Over to 05/10/2021 - No Amendments,6
SB21-174,2021,RS,Senate,2021-05-10,Senate Second Reading Laid Over Daily - No Amendments,7
SB21-174,2021,RS,Senate,2021-05-11,Senate Second Reading Laid Over to 05/13/2021 - No Amendments,8
SB21-174,2021,RS,Senate,2021-05-18,"Senate Second Reading Passed with Amendments - Committee, Floor",9
SB21-174,2021,RS,Senate,2021-05-19,Senate Third Reading Passed - No Amendments,10
SB21-174,2021,RS,House,2021-05-19,Introduced In House - Assigned to Judiciary,11
SB21-174,2021,RS,House,2021-05-26,House Committee on Judiciary Refer Unamended to Appropriations,12
SB21-174,2021,RS,House,2021-05-28,House Committee on Appropriations Refer Amended to House Committee of the Whole,13
SB21-174,2021,RS,House,2021-06-01,House Second Reading Special Order - Passed with Amendments - Floor,14
SB21-174,2021,RS,House,2021-06-02,House Third Reading Laid Over Daily - No Amendments,15
SB21-174,2021,RS,House,2021-06-03,House Third Reading Passed with Amendments - Floor,16
SB21-174,2021,RS,Senate,2021-06-03,Senate Considered House Amendments - Result was to Concur - Repass,17
SB21-174,2021,RS,Senate,2021-06-22,Signed by the President of the Senate,18
SB21-174,2021,RS,House,2021-06-22,Signed by the Speaker of the House,19
SB21-174,2021,RS,Governor,2021-06-22,Sent to the Governor,20
SB21-174,2021,RS,Governor,2021-07-02,Governor Signed,21
SB21-175,2021,RS,Senate,2021-03-08,Introduced In Senate - Assigned to Health & Human Services,1
SB21-175,2021,RS,Senate,2021-03-17,Senate Committee on Health & Human Services Refer Amended to Appropriations,2
SB21-175,2021,RS,Senate,2021-04-30,Senate Committee on Appropriations Refer Amended to Senate Committee of the Whole,3
SB21-175,2021,RS,Senate,2021-05-04,Senate Second Reading Laid Over Daily - No Amendments,4
SB21-175,2021,RS,Senate,2021-05-06,"Senate Second Reading Passed with Amendments - Committee, Floor",5
SB21-175,2021,RS,Senate,2021-05-07,Senate Third Reading Passed - No Amendments,6
SB21-175,2021,RS,House,2021-05-11,Introduced In House - Assigned to Health & Insurance,7
SB21-175,2021,RS,House,2021-05-19,House Committee on Health & Insurance Refer Unamended to Appropriations,8
SB21-175,2021,RS,House,2021-05-25,House Committee on Appropriations Refer Amended to House Committee of the Whole,9
SB21-175,2021,RS,House,2021-05-27,House Second Reading Laid Over Daily - No Amendments,10
SB21-175,2021,RS,House,2021-06-03,House Second Reading Special Order - Laid Over Daily - No Amendments,11
SB21-175,2021,RS,House,2021-06-04,"House Second Reading Special Order - Passed with Amendments - Committee, Floor",12
SB21-175,2021,RS,House,2021-06-07,House Third Reading Passed - No Amendments,13
SB21-175,2021,RS,Senate,2021-06-08,Senate Considered House Amendments - Result was to Concur - Repass,14
SB21-175,2021,RS,Senate,2021-06-08,Senate Considered House Amendments - Result was to Reconsider,15
SB21-175,2021,RS,Senate,2021-06-08,Senate Considered House Amendments - Result was to Pass,16
SB21-175,2021,RS,Senate,2021-06-15,Signed by the President of the Senate,17
SB21-175,2021,RS,House,2021-06-15,Signed by the Speaker of the House,18
SB21-175,2021,RS,Governor,2021-06-15,Sent to the Governor,19
SB21-175,2021,RS,Governor,2021-06-16,Governor Signed,20
SB21-176,2021,RS,Senate,2021-03-08,Introduced In Senate - Assigned to Judiciary,1
SB21-176,2021,RS,Senate,2021-04-01,Senate Committee on Judiciary Lay Over Amended,2
SB21-176,2021,RS,Senate,2021-05-06,Senate Committee on Judiciary Refer Amended to Appropriations,3
SB21-176,2021,RS,Senate,2021-05-24,Senate Committee on Appropriations Refer Amended to Senate Committee of the Whole,4
SB21-176,2021,RS,Senate,2021-05-26,"Senate Second Reading Passed with Amendments - Committee, Floor",5
SB21-176,2021,RS,Senate,2021-05-27,Senate Third Reading Passed - No Amendments,6
SB21-176,2021,RS,House,2021-06-01,Introduced In House - Assigned to Judiciary,7
SB21-176,2021,RS,House,2021-06-03,House Committee on Judiciary Witness Testimony and/or Committee Discussion Only,8
SB21-176,2021,RS,House,2021-06-07,House Committee on Judiciary Postpone Indefinitely,9
SB21-177,2021,RS,Senate,2021-03-08,"Introduced In Senate - Assigned to State, Veterans, & Military Affairs",1
SB21-177,2021,RS,Senate,2021-03-18,"Senate Committee on State, Veterans, & Military Affairs Refer Amended to Senate Committee of the Whole",2
SB21-177,2021,RS,Senate,2021-03-22,Senate Second Reading Laid Over Daily - No Amendments,3
SB21-177,2021,RS,Senate,2021-03-25,Senate Second Reading Laid Over to 03/29/2021 - No Amendments,4
SB21-177,2021,RS,Senate,2021-03-31,Senate Second Reading Laid Over to 04/05/2021 - No Amendments,5
SB21-177,2021,RS,Senate,2021-04-05,Senate Second Reading Laid Over to 04/07/2021 - No Amendments,6
SB21-177,2021,RS,Senate,2021-04-09,Senate Second Reading Laid Over to 8/9/2021 - No Amendments,7
SB21-178,2021,RS,Senate,2021-03-10,Introduced In Senate - Assigned to Finance,1
SB21-178,2021,RS,Senate,2021-03-22,Senate Committee on Finance Refer Unamended to Appropriations,2
SB21-178,2021,RS,Senate,2021-04-01,Senate Committee on Appropriations Refer Unamended - Consent Calendar to Senate Committee of the Whole,3
SB21-178,2021,RS,Senate,2021-04-01,Senate Second Reading Special Order - Passed - No Amendments,4
SB21-178,2021,RS,Senate,2021-04-05,Senate Third Reading Passed - No Amendments,5
SB21-178,2021,RS,House,2021-04-05,Introduced In House - Assigned to Finance,6
SB21-178,2021,RS,House,2021-04-22,House Committee on Finance Refer Unamended to Appropriations,7
SB21-178,2021,RS,House,2021-04-28,House Committee on Appropriations Refer Unamended to House Committee of the Whole,8
SB21-178,2021,RS,House,2021-04-28,House Second Reading Special Order - Passed - No Amendments,9
SB21-178,2021,RS,House,2021-04-29,House Third Reading Passed - No Amendments,10
SB21-178,2021,RS,Senate,2021-05-06,Signed by the President of the Senate,11
SB21-178,2021,RS,House,2021-05-06,Signed by the Speaker of the House,12
SB21-178,2021,RS,Governor,2021-05-06,Sent to the Governor,13
SB21-178,2021,RS,Governor,2021-05-13,Governor Signed,14
SB21-179,2021,RS,Senate,2021-03-10,Introduced In Senate - Assigned to Education,1
SB21-179,2021,RS,Senate,2021-03-17,Senate Committee on Education Refer Unamended to Senate Committee of the Whole,2
SB21-179,2021,RS,Senate,2021-03-22,Senate Second Reading Passed with Amendments - Floor,3
SB21-179,2021,RS,Senate,2021-03-23,Senate Third Reading Passed - No Amendments,4
SB21-179,2021,RS,House,2021-03-25,Introduced In House - Assigned to Education,5
SB21-179,2021,RS,House,2021-04-15,House Committee on Education Refer Unamended to House Committee of the Whole,6
SB21-179,2021,RS,House,2021-04-20,House Second Reading Passed - No Amendments,7
SB21-179,2021,RS,House,2021-04-21,House Third Reading Passed - No Amendments,8
SB21-179,2021,RS,Senate,2021-04-29,Signed by the President of the Senate,9
SB21-179,2021,RS,House,2021-04-29,Signed by the Speaker of the House,10
SB21-179,2021,RS,Governor,2021-04-29,Sent to the Governor,11
SB21-179,2021,RS,Governor,2021-05-07,Governor Signed,12
SB21-180,2021,RS,Senate,2021-03-10,"Introduced In Senate - Assigned to Business, Labor, & Technology",1
SB21-180,2021,RS,Senate,2021-03-22,"Senate Committee on Business, Labor, & Technology Refer Amended to Finance",2
SB21-180,2021,RS,Senate,2021-04-21,Senate Committee on Finance Refer Amended to Appropriations,3
SB21-180,2021,RS,Senate,2021-05-14,Senate Committee on Appropriations Refer Amended to Senate Committee of the Whole,4
SB21-180,2021,RS,Senate,2021-05-18,"Senate Second Reading Passed with Amendments - Committee, Floor",5
SB21-180,2021,RS,Senate,2021-05-19,Senate Third Reading Passed - No Amendments,6
SB21-180,2021,RS,House,2021-05-19,Introduced In House - Assigned to Energy & Environment,7
SB21-180,2021,RS,House,2021-05-27,House Committee on Energy & Environment Refer Unamended to Appropriations,8
SB21-180,2021,RS,House,2021-06-15,House Committee on Appropriations Lay Over Unamended - Amendment(s) Failed,9
SB21-181,2021,RS,Senate,2021-03-10,Introduced In Senate - Assigned to Health & Human Services,1
SB21-181,2021,RS,Senate,2021-03-31,Senate Committee on Health & Human Services Refer Amended to Appropriations,2
SB21-181,2021,RS,Senate,2021-04-30,Senate Committee on Appropriations Refer Amended to Senate Committee of the Whole,3
SB21-181,2021,RS,Senate,2021-05-04,"Senate Second Reading Passed with Amendments - Committee, Floor",4
SB21-181,2021,RS,Senate,2021-05-05,Senate Third Reading Passed with Amendments - Floor,5
SB21-181,2021,RS,House,2021-05-05,Introduced In House - Assigned to Public & Behavioral Health & Human Services,6
SB21-181,2021,RS,House,2021-05-18,House Committee on Public & Behavioral Health & Human Services Refer Unamended to Appropriations,7
SB21-181,2021,RS,House,2021-05-24,House Committee on Appropriations Refer Amended to House Committee of the Whole,8
SB21-181,2021,RS,House,2021-05-25,House Second Reading Special Order - Passed with Amendments - Committee,9
SB21-181,2021,RS,House,2021-05-26,House Third Reading Laid Over Daily - No Amendments,10
SB21-181,2021,RS,House,2021-05-28,House Third Reading Passed - No Amendments,11
SB21-181,2021,RS,Senate,2021-06-01,Senate Considered House Amendments - Result was to Concur - Repass,12
SB21-181,2021,RS,Senate,2021-06-17,Signed by the President of the Senate,13
SB21-181,2021,RS,House,2021-06-17,Signed by the Speaker of the House,14
SB21-181,2021,RS,Governor,2021-06-17,Sent to the Governor,15
SB21-181,2021,RS,Governor,2021-07-06,Governor Signed,16
SB21-182,2021,RS,Senate,2021-03-12,Introduced In Senate - Assigned to Education,1
SB21-182,2021,RS,Senate,2021-04-07,Senate Committee on Education Postpone Indefinitely,2
SB21-183,2021,RS,Senate,2021-03-16,"Introduced In Senate - Assigned to State, Veterans, & Military Affairs",1
SB21-183,2021,RS,Senate,2021-05-24,"Senate Committee on State, Veterans, & Military Affairs Postpone Indefinitely",2
SB21-184,2021,RS,Senate,2021-03-18,Introduced In Senate - Assigned to Agriculture & Natural Resources,1
SB21-184,2021,RS,Senate,2021-04-15,Senate Committee on Agriculture & Natural Resources Postpone Indefinitely,2
SB21-185,2021,RS,Senate,2021-03-18,Introduced In Senate - Assigned to Education,1
SB21-185,2021,RS,Senate,2021-03-31,Senate Committee on Education Refer Amended to Appropriations,2
SB21-185,2021,RS,Senate,2021-04-30,Senate Committee on Appropriations Refer Amended - Consent Calendar to Senate Committee of the Whole,3
SB21-185,2021,RS,Senate,2021-04-30,Senate Second Reading Special Order - Passed with Amendments - Committee,4
SB21-185,2021,RS,Senate,2021-05-03,Senate Third Reading Passed - No Amendments,5
SB21-185,2021,RS,House,2021-05-05,Introduced In House - Assigned to Education,6
SB21-185,2021,RS,House,2021-05-20,House Committee on Education Refer Amended to Appropriations,7
SB21-185,2021,RS,House,2021-05-25,House Committee on Appropriations Refer Amended to House Committee of the Whole,8
SB21-185,2021,RS,House,2021-05-26,House Second Reading Special Order - Passed with Amendments - Committee,9
SB21-185,2021,RS,House,2021-05-27,House Third Reading Laid Over Daily - No Amendments,10
SB21-185,2021,RS,House,2021-05-28,House Third Reading Passed - No Amendments,11
SB21-185,2021,RS,Senate,2021-06-01,Senate Considered House Amendments - Result was to Concur - Repass,12
SB21-185,2021,RS,House,2021-06-10,Signed by the Speaker of the House,13
SB21-185,2021,RS,Senate,2021-06-10,Signed by the President of the Senate,14
SB21-185,2021,RS,Governor,2021-06-10,Sent to the Governor,15
SB21-185,2021,RS,Governor,2021-06-16,Governor Signed,16
SB21-186,2021,RS,Senate,2021-03-19,"Introduced In Senate - Assigned to Business, Labor, & Technology",1
SB21-186,2021,RS,Senate,2021-04-05,"Senate Committee on Business, Labor, & Technology Postpone Indefinitely",2
SB21-187,2021,RS,Senate,2021-03-19,Introduced In Senate - Assigned to Finance,1
SB21-187,2021,RS,Senate,2021-04-14,Senate Committee on Finance Postpone Indefinitely,2
SB21-188,2021,RS,Senate,2021-03-19,"Introduced In Senate - Assigned to State, Veterans, & Military Affairs",1
SB21-188,2021,RS,Senate,2021-04-06,"Senate Committee on State, Veterans, & Military Affairs Refer Amended to Senate Committee of the Whole",2
SB21-188,2021,RS,Senate,2021-04-09,Senate Second Reading Passed with Amendments - Committee,3
SB21-188,2021,RS,Senate,2021-04-12,Senate Third Reading Passed - No Amendments,4
SB21-188,2021,RS,House,2021-04-12,"Introduced In House - Assigned to State, Civic, Military, & Veterans Affairs",5
SB21-188,2021,RS,House,2021-04-29,"House Committee on State, Civic, Military, & Veterans Affairs Refer Amended to House Committee of the Whole",6
SB21-188,2021,RS,House,2021-05-03,House Second Reading Laid Over Daily - No Amendments,7
SB21-188,2021,RS,House,2021-05-04,House Second Reading Special Order - Passed with Amendments - Committee,8
SB21-188,2021,RS,House,2021-05-05,House Third Reading Passed - No Amendments,9
SB21-188,2021,RS,Senate,2021-05-06,Senate Considered House Amendments - Result was to Concur - Repass,10
SB21-188,2021,RS,Senate,2021-05-13,Signed by the President of the Senate,11
SB21-188,2021,RS,House,2021-05-13,Signed by the Speaker of the House,12
SB21-188,2021,RS,Governor,2021-05-13,Sent to the Governor,13
SB21-188,2021,RS,Governor,2021-05-21,Governor Signed,14
SB21-189,2021,RS,Senate,2021-03-19,Introduced In Senate - Assigned to Agriculture & Natural Resources,1
SB21-189,2021,RS,Senate,2021-04-01,Senate Committee on Agriculture & Natural Resources Refer Amended to Appropriations,2
SB21-189,2021,RS,Senate,2021-04-23,Senate Committee on Appropriations Refer Unamended to Senate Committee of the Whole,3
SB21-189,2021,RS,Senate,2021-04-27,"Senate Second Reading Passed with Amendments - Committee, Floor",4
SB21-189,2021,RS,Senate,2021-04-28,Senate Third Reading Passed - No Amendments,5
SB21-189,2021,RS,House,2021-05-03,"Introduced In House - Assigned to Agriculture, Livestock, & Water",6
SB21-189,2021,RS,House,2021-05-17,"House Committee on Agriculture, Livestock, & Water Refer Unamended to Appropriations",7
SB21-189,2021,RS,House,2021-05-25,House Committee on Appropriations Refer Unamended to House Committee of the Whole,8
SB21-189,2021,RS,House,2021-05-26,House Second Reading Special Order - Passed - No Amendments,9
SB21-189,2021,RS,House,2021-05-27,House Third Reading Laid Over Daily - No Amendments,10
SB21-189,2021,RS,House,2021-05-28,House Third Reading Passed - No Amendments,11
SB21-189,2021,RS,Senate,2021-06-11,Signed by the President of the Senate,12
SB21-189,2021,RS,House,2021-06-11,Signed by the Speaker of the House,13
SB21-189,2021,RS,Governor,2021-06-11,Sent to the Governor,14
SB21-189,2021,RS,Governor,2021-06-24,Governor Signed,15
SB21-190,2021,RS,Senate,2021-03-19,"Introduced In Senate - Assigned to Business, Labor, & Technology",1
SB21-190,2021,RS,Senate,2021-05-05,"Senate Committee on Business, Labor, & Technology Refer Amended to Appropriations",2
SB21-190,2021,RS,Senate,2021-05-14,Senate Committee on Appropriations Refer Unamended to Senate Committee of the Whole,3
SB21-190,2021,RS,Senate,2021-05-18,Senate Second Reading Laid Over to 05/20/2021 - No Amendments,4
SB21-190,2021,RS,Senate,2021-05-20,Senate Second Reading Laid Over Daily - No Amendments,5
SB21-190,2021,RS,Senate,2021-05-25,"Senate Second Reading Passed with Amendments - Committee, Floor",6
SB21-190,2021,RS,Senate,2021-05-26,Senate Third Reading Passed - No Amendments,7
SB21-190,2021,RS,House,2021-05-27,Introduced In House - Assigned to Finance,8
SB21-190,2021,RS,House,2021-06-01,House Committee on Finance Witness Testimony and/or Committee Discussion Only,9
SB21-190,2021,RS,House,2021-06-02,House Committee on Finance Refer Amended to Appropriations,10
SB21-190,2021,RS,House,2021-06-03,House Second Reading Special Order - Laid Over Daily - No Amendments,11
SB21-190,2021,RS,House,2021-06-03,House Committee on Appropriations Refer Unamended to House Committee of the Whole,12
SB21-190,2021,RS,House,2021-06-04,"House Second Reading Special Order - Passed with Amendments - Committee, Floor",13
SB21-190,2021,RS,House,2021-06-07,House Third Reading Passed - No Amendments,14
SB21-190,2021,RS,Senate,2021-06-08,Senate Considered House Amendments - Result was to Concur - Repass,15
SB21-190,2021,RS,Senate,2021-06-25,Signed by the President of the Senate,16
SB21-190,2021,RS,House,2021-06-25,Signed by the Speaker of the House,17
SB21-190,2021,RS,Governor,2021-06-25,Sent to the Governor,18
SB21-190,2021,RS,Governor,2021-07-07,Governor Signed,19
SB21-191,2021,RS,Senate,2021-03-22,Introduced In Senate - Assigned to Education,1
SB21-191,2021,RS,Senate,2021-04-01,Senate Committee on Education Refer Unamended - Consent Calendar to Senate Committee of the Whole,2
SB21-191,2021,RS,Senate,2021-04-07,Senate Second Reading Passed - No Amendments,3
SB21-191,2021,RS,Senate,2021-04-08,Senate Third Reading Passed - No Amendments,4
SB21-191,2021,RS,House,2021-04-08,Introduced In House - Assigned to Education,5
SB21-191,2021,RS,House,2021-05-06,House Committee on Education Refer Unamended to House Committee of the Whole,6
SB21-191,2021,RS,House,2021-05-10,House Second Reading Passed - No Amendments,7
SB21-191,2021,RS,House,2021-05-11,House Third Reading Passed - No Amendments,8
SB21-191,2021,RS,Senate,2021-05-13,Signed by the President of the Senate,9
SB21-191,2021,RS,House,2021-05-13,Signed by the Speaker of the House,10
SB21-191,2021,RS,Governor,2021-05-13,Sent to the Governor,11
SB21-191,2021,RS,Governor,2021-05-21,Governor Signed,12
SB21-192,2021,RS,Senate,2021-03-22,Introduced In Senate - Assigned to Judiciary,1
SB21-192,2021,RS,Senate,2021-03-31,Senate Committee on Judiciary Refer Unamended - Consent Calendar to Senate Committee of the Whole,2
SB21-192,2021,RS,Senate,2021-04-01,Senate Second Reading Special Order - Passed - No Amendments,3
SB21-192,2021,RS,Senate,2021-04-05,Senate Third Reading Passed - No Amendments,4
SB21-192,2021,RS,House,2021-04-06,Introduced In House - Assigned to Judiciary,5
SB21-192,2021,RS,House,2021-04-20,House Committee on Judiciary Refer Unamended to House Committee of the Whole,6
SB21-192,2021,RS,House,2021-04-23,House Second Reading Passed - No Amendments,7
SB21-192,2021,RS,House,2021-04-26,House Third Reading Passed - No Amendments,8
SB21-192,2021,RS,Senate,2021-04-29,Signed by the President of the Senate,9
SB21-192,2021,RS,House,2021-04-29,Signed by the Speaker of the House,10
SB21-192,2021,RS,Governor,2021-04-29,Sent to the Governor,11
SB21-192,2021,RS,Governor,2021-05-06,Governor Signed,12
SB21-193,2021,RS,Senate,2021-03-22,Introduced In Senate - Assigned to Judiciary,1
SB21-193,2021,RS,Senate,2021-04-22,Senate Committee on Judiciary Refer Amended to Appropriations,2
SB21-193,2021,RS,Senate,2021-05-07,Senate Committee on Appropriations Refer Amended to Senate Committee of the Whole,3
SB21-193,2021,RS,Senate,2021-05-11,Senate Second Reading Passed with Amendments - Committee,4
SB21-193,2021,RS,Senate,2021-05-12,Senate Third Reading Passed - No Amendments,5
SB21-193,2021,RS,House,2021-05-12,Introduced In House - Assigned to Judiciary,6
SB21-193,2021,RS,House,2021-05-18,House Committee on Judiciary Refer Amended to Appropriations,7
SB21-193,2021,RS,House,2021-05-24,House Committee on Appropriations Refer Amended to House Committee of the Whole,8
SB21-193,2021,RS,House,2021-05-26,House Second Reading Special Order - Laid Over Daily - No Amendments,9
SB21-193,2021,RS,House,2021-05-27,House Second Reading Special Order - Passed with Amendments - Committee,10
SB21-193,2021,RS,House,2021-05-28,House Third Reading Passed with Amendments - Floor,11
SB21-193,2021,RS,Senate,2021-06-01,Senate Considered House Amendments - Result was to Concur - Repass,12
SB21-193,2021,RS,Senate,2021-06-10,Signed by the President of the Senate,13
SB21-193,2021,RS,House,2021-06-11,Signed by the Speaker of the House,14
SB21-193,2021,RS,Governor,2021-06-11,Sent to the Governor,15
SB21-193,2021,RS,Governor,2021-07-06,Governor Signed,16
SB21-194,2021,RS,Senate,2021-03-22,Introduced In Senate - Assigned to Health & Human Services,1
SB21-194,2021,RS,Senate,2021-04-14,Senate Committee on Health & Human Services Refer Amended to Appropriations,2
SB21-194,2021,RS,Senate,2021-05-07,Senate Committee on Appropriations Refer Amended to Senate Committee of the Whole,3
SB21-194,2021,RS,Senate,2021-05-11,Senate Second Reading Passed with Amendments - Committee,4
SB21-194,2021,RS,Senate,2021-05-12,Senate Third Reading Passed - No Amendments,5
SB21-194,2021,RS,House,2021-05-12,Introduced In House - Assigned to Health & Insurance,6
SB21-194,2021,RS,House,2021-05-28,House Committee on Health & Insurance Refer Amended to Appropriations,7
SB21-194,2021,RS,House,2021-06-02,House Committee on Appropriations Refer Amended to House Committee of the Whole,8
SB21-194,2021,RS,House,2021-06-02,House Second Reading Special Order - Laid Over Daily - No Amendments,9
SB21-194,2021,RS,House,2021-06-03,House Second Reading Special Order - Passed with Amendments - Committee,10
SB21-194,2021,RS,House,2021-06-04,House Third Reading Passed - No Amendments,11
SB21-194,2021,RS,Senate,2021-06-07,Senate Considered House Amendments - Result was to Concur - Repass,12
SB21-194,2021,RS,Senate,2021-06-17,Signed by the President of the Senate,13
SB21-194,2021,RS,House,2021-06-17,Signed by the Speaker of the House,14
SB21-194,2021,RS,Governor,2021-06-17,Sent to the Governor,15
SB21-194,2021,RS,Governor,2021-07-06,Governor Signed,16
SB21-195,2021,RS,Senate,2021-03-22,Introduced In Senate - Assigned to Judiciary,1
SB21-195,2021,RS,Senate,2021-04-07,Senate Committee on Judiciary Refer Unamended - Consent Calendar to Senate Committee of the Whole,2
SB21-195,2021,RS,Senate,2021-04-09,Senate Second Reading Passed - No Amendments,3
SB21-195,2021,RS,Senate,2021-04-12,Senate Third Reading Passed - No Amendments,4
SB21-195,2021,RS,House,2021-04-12,Introduced In House - Assigned to Public & Behavioral Health & Human Services,5
SB21-195,2021,RS,House,2021-04-20,House Committee on Public & Behavioral Health & Human Services Refer Unamended to House Committee of the Whole,6
SB21-195,2021,RS,House,2021-04-23,House Second Reading Passed - No Amendments,7
SB21-195,2021,RS,House,2021-04-26,House Third Reading Passed - No Amendments,8
SB21-195,2021,RS,Senate,2021-04-29,Signed by the President of the Senate,9
SB21-195,2021,RS,House,2021-04-29,Signed by the Speaker of the House,10
SB21-195,2021,RS,Governor,2021-04-29,Sent to the Governor,11
SB21-195,2021,RS,Governor,2021-05-07,Governor Signed,12
SB21-196,2021,RS,Senate,2021-03-24,Introduced In Senate - Assigned to Appropriations,1
SB21-196,2021,RS,Senate,2021-04-01,Senate Committee on Appropriations Refer Amended - Consent Calendar to Senate Committee of the Whole,2
SB21-196,2021,RS,Senate,2021-04-01,Senate Second Reading Special Order - Passed with Amendments - Committee,3
SB21-196,2021,RS,Senate,2021-04-05,Senate Third Reading Passed - No Amendments,4
SB21-196,2021,RS,House,2021-04-06,Introduced In House - Assigned to Appropriations,5
SB21-196,2021,RS,House,2021-04-13,House Committee on Appropriations Refer Unamended to House Committee of the Whole,6
SB21-196,2021,RS,House,2021-04-14,House Second Reading Special Order - Passed - No Amendments,7
SB21-196,2021,RS,House,2021-04-15,House Third Reading Passed - No Amendments,8
SB21-196,2021,RS,Senate,2021-04-16,Signed by the President of the Senate,9
SB21-196,2021,RS,House,2021-04-16,Signed by the Speaker of the House,10
SB21-196,2021,RS,Governor,2021-04-16,Sent to the Governor,11
SB21-196,2021,RS,Governor,2021-04-26,Governor Signed,12
SB21-197,2021,RS,Senate,2021-03-24,"Introduced In Senate - Assigned to Business, Labor, & Technology",1
SB21-197,2021,RS,Senate,2021-04-28,"Senate Committee on Business, Labor, & Technology Refer Amended to Senate Committee of the Whole",2
SB21-197,2021,RS,Senate,2021-05-03,"Senate Second Reading Passed with Amendments - Committee, Floor",3
SB21-197,2021,RS,Senate,2021-05-04,Senate Third Reading Passed with Amendments - Floor,4
SB21-197,2021,RS,House,2021-05-10,Introduced In House - Assigned to Business Affairs & Labor,5
SB21-197,2021,RS,House,2021-05-27,House Committee on Business Affairs & Labor Postpone Indefinitely,6
SB21-198,2021,RS,Senate,2021-03-25,"Introduced In Senate - Assigned to State, Veterans, & Military Affairs",1
SB21-198,2021,RS,Senate,2021-04-06,"Senate Committee on State, Veterans, & Military Affairs Refer Unamended - Consent Calendar to Senate Committee of the Whole",2
SB21-198,2021,RS,Senate,2021-04-09,Senate Second Reading Passed - No Amendments,3
SB21-198,2021,RS,Senate,2021-04-12,Senate Third Reading Passed - No Amendments,4
SB21-198,2021,RS,House,2021-04-12,Introduced In House - Assigned to Education,5
SB21-198,2021,RS,House,2021-04-29,House Committee on Education Refer Unamended to House Committee of the Whole,6
SB21-198,2021,RS,House,2021-05-03,House Second Reading Passed - No Amendments,7
SB21-198,2021,RS,House,2021-05-04,House Third Reading Passed - No Amendments,8
SB21-198,2021,RS,Senate,2021-05-06,Signed by the President of the Senate,9
SB21-198,2021,RS,House,2021-05-06,Signed by the Speaker of the House,10
SB21-198,2021,RS,Governor,2021-05-06,Sent to the Governor,11
SB21-198,2021,RS,Governor,2021-05-13,Governor Signed,12
SB21-199,2021,RS,Senate,2021-03-26,"Introduced In Senate - Assigned to State, Veterans, & Military Affairs",1
SB21-199,2021,RS,Senate,2021-04-22,"Senate Committee on State, Veterans, & Military Affairs Refer Amended to Appropriations",2
SB21-199,2021,RS,Senate,2021-05-14,Senate Committee on Appropriations Refer Amended to Senate Committee of the Whole,3
SB21-199,2021,RS,Senate,2021-05-18,"Senate Second Reading Passed with Amendments - Committee, Floor",4
SB21-199,2021,RS,Senate,2021-05-19,Senate Third Reading Passed - No Amendments,5
SB21-199,2021,RS,House,2021-05-19,"Introduced In House - Assigned to State, Civic, Military, & Veterans Affairs",6
SB21-199,2021,RS,House,2021-05-27,"House Committee on State, Civic, Military, & Veterans Affairs Refer Amended to Appropriations",7
SB21-199,2021,RS,House,2021-06-01,House Committee on Appropriations Refer Unamended to House Committee of the Whole,8
SB21-199,2021,RS,House,2021-06-02,House Second Reading Special Order - Laid Over Daily - No Amendments,9
SB21-199,2021,RS,House,2021-06-03,"House Second Reading Special Order - Passed with Amendments - Committee, Floor",10
SB21-199,2021,RS,House,2021-06-04,House Third Reading Laid Over Daily - No Amendments,11
SB21-199,2021,RS,House,2021-06-07,House Third Reading Passed - No Amendments,12
SB21-199,2021,RS,Senate,2021-06-07,Senate Considered House Amendments - Result was to Concur - Repass,13
SB21-199,2021,RS,Senate,2021-06-16,Signed by the President of the Senate,14
SB21-199,2021,RS,House,2021-06-16,Signed by the Speaker of the House,15
SB21-199,2021,RS,Governor,2021-06-16,Sent to the Governor,16
SB21-199,2021,RS,Governor,2021-06-25,Governor Signed,17
SB21-200,2021,RS,Senate,2021-03-29,Introduced In Senate - Assigned to Transportation & Energy,1
SB21-200,2021,RS,Senate,2021-04-20,Senate Committee on Transportation & Energy Refer Amended to Finance,2
SB21-200,2021,RS,Senate,2021-04-28,Senate Committee on Finance Refer Unamended to Appropriations,3
SB21-200,2021,RS,Senate,2021-05-12,Senate Committee on Appropriations Refer Amended to Senate Committee of the Whole,4
SB21-200,2021,RS,Senate,2021-05-14,Senate Second Reading Laid Over Daily - No Amendments,5
SB21-200,2021,RS,Senate,2021-06-07,Senate Second Reading Laid Over to 12/09/2021 - No Amendments,6
SB21-201,2021,RS,Senate,2021-03-30,Introduced In Senate - Assigned to Health & Human Services,1
SB21-201,2021,RS,Senate,2021-04-07,Senate Committee on Health & Human Services Refer Amended to Appropriations,2
SB21-201,2021,RS,Senate,2021-04-23,Senate Committee on Appropriations Refer Amended - Consent Calendar to Senate Committee of the Whole,3
SB21-201,2021,RS,Senate,2021-04-23,Senate Second Reading Special Order - Passed with Amendments - Committee,4
SB21-201,2021,RS,Senate,2021-04-26,Senate Third Reading Passed - No Amendments,5
SB21-201,2021,RS,House,2021-04-26,Introduced In House - Assigned to Public & Behavioral Health & Human Services,6
SB21-201,2021,RS,House,2021-05-11,House Committee on Public & Behavioral Health & Human Services Refer Amended to Appropriations,7
SB21-201,2021,RS,House,2021-05-21,House Committee on Appropriations Refer Unamended to House Committee of the Whole,8
SB21-201,2021,RS,House,2021-05-25,House Second Reading Special Order - Passed with Amendments - Committee,9
SB21-201,2021,RS,House,2021-05-27,House Third Reading Laid Over Daily - No Amendments,10
SB21-201,2021,RS,House,2021-05-28,House Third Reading Passed - No Amendments,11
SB21-201,2021,RS,Senate,2021-06-01,Senate Considered House Amendments - Result was to Concur - Repass,12
SB21-201,2021,RS,Senate,2021-06-11,Signed by the President of the Senate,13
SB21-201,2021,RS,House,2021-06-11,Signed by the Speaker of the House,14
SB21-201,2021,RS,Governor,2021-06-11,Sent to the Governor,15
SB21-201,2021,RS,Governor,2021-06-16,Governor Signed,16
SB21-202,2021,RS,Senate,2021-03-31,Introduced In Senate - Assigned to Education,1
SB21-202,2021,RS,Senate,2021-04-15,Senate Committee on Education Refer Unamended to Appropriations,2
SB21-202,2021,RS,Senate,2021-04-30,Senate Committee on Appropriations Refer Unamended - Consent Calendar to Senate Committee of the Whole,3
SB21-202,2021,RS,Senate,2021-04-30,Senate Second Reading Special Order - Passed - No Amendments,4
SB21-202,2021,RS,Senate,2021-05-03,Senate Third Reading Passed - No Amendments,5
SB21-202,2021,RS,House,2021-05-05,Introduced In House - Assigned to Education,6
SB21-202,2021,RS,House,2021-05-20,House Committee on Education Refer Amended to Appropriations,7
SB21-202,2021,RS,House,2021-05-28,House Committee on Appropriations Refer Unamended to House Committee of the Whole,8
SB21-202,2021,RS,House,2021-05-28,House Second Reading Special Order - Passed with Amendments - Committee,9
SB21-202,2021,RS,House,2021-06-01,House Third Reading Passed - No Amendments,10
SB21-202,2021,RS,Senate,2021-06-02,Senate Considered House Amendments - Result was to Concur - Repass,11
SB21-202,2021,RS,House,2021-06-10,Signed by the Speaker of the House,12
SB21-202,2021,RS,Senate,2021-06-10,Signed by the President of the Senate,13
SB21-202,2021,RS,Governor,2021-06-10,Sent to the Governor,14
SB21-202,2021,RS,Governor,2021-06-16,Governor Signed,15
SB21-203,2021,RS,Senate,2021-03-31,Introduced In Senate - Assigned to Agriculture & Natural Resources,1
SB21-203,2021,RS,Senate,2021-04-22,Senate Committee on Agriculture & Natural Resources Refer Unamended to Appropriations,2
SB21-203,2021,RS,Senate,2021-04-30,Senate Committee on Appropriations Refer Unamended - Consent Calendar to Senate Committee of the Whole,3
SB21-203,2021,RS,Senate,2021-04-30,Senate Second Reading Special Order - Passed - No Amendments,4
SB21-203,2021,RS,Senate,2021-05-03,Senate Third Reading Passed - No Amendments,5
SB21-203,2021,RS,House,2021-05-05,"Introduced In House - Assigned to Agriculture, Livestock, & Water",6
SB21-203,2021,RS,House,2021-05-10,"House Committee on Agriculture, Livestock, & Water Refer Unamended to Appropriations",7
SB21-203,2021,RS,House,2021-05-28,House Committee on Appropriations Refer Unamended to House Committee of the Whole,8
SB21-203,2021,RS,House,2021-05-28,House Second Reading Special Order - Passed - No Amendments,9
SB21-203,2021,RS,House,2021-06-01,House Third Reading Passed - No Amendments,10
SB21-203,2021,RS,Senate,2021-06-15,Signed by the President of the Senate,11
SB21-203,2021,RS,House,2021-06-15,Signed by the Speaker of the House,12
SB21-203,2021,RS,Governor,2021-06-15,Sent to the Governor,13
SB21-203,2021,RS,Governor,2021-06-21,Governor Signed,14
SB21-204,2021,RS,Senate,2021-03-31,Introduced In Senate - Assigned to Local Government,1
SB21-204,2021,RS,Senate,2021-04-13,Senate Committee on Local Government Refer Unamended to Appropriations,2
SB21-204,2021,RS,Senate,2021-04-30,Senate Committee on Appropriations Refer Amended - Consent Calendar to Senate Committee of the Whole,3
SB21-204,2021,RS,Senate,2021-04-30,Senate Second Reading Special Order - Passed with Amendments - Committee,4
SB21-204,2021,RS,Senate,2021-05-03,Senate Third Reading Passed - No Amendments,5
SB21-204,2021,RS,House,2021-05-07,"Introduced In House - Assigned to Agriculture, Livestock, & Water",6
SB21-204,2021,RS,House,2021-05-17,"House Committee on Agriculture, Livestock, & Water Refer Amended to Appropriations",7
SB21-204,2021,RS,House,2021-05-28,House Committee on Appropriations Refer Unamended to House Committee of the Whole,8
SB21-204,2021,RS,House,2021-05-28,House Second Reading Special Order - Passed with Amendments - Committee,9
SB21-204,2021,RS,House,2021-06-01,House Third Reading Passed - No Amendments,10
SB21-204,2021,RS,Senate,2021-06-02,Senate Considered House Amendments - Result was to Concur - Repass,11
SB21-204,2021,RS,House,2021-06-10,Signed by the Speaker of the House,12
SB21-204,2021,RS,Senate,2021-06-10,Signed by the President of the Senate,13
SB21-204,2021,RS,Governor,2021-06-10,Sent to the Governor,14
SB21-204,2021,RS,Governor,2021-06-15,Governor Signed,15
SB21-205,2021,RS,Senate,2021-04-05,Introduced In Senate - Assigned to Appropriations,1
SB21-205,2021,RS,Senate,2021-04-06,Senate Committee on Appropriations Refer Unamended to Senate Committee of the Whole,2
SB21-205,2021,RS,Senate,2021-04-08,Senate Second Reading Passed with Amendments - Floor,3
SB21-205,2021,RS,Senate,2021-04-09,Senate Third Reading Passed - No Amendments,4
SB21-205,2021,RS,House,2021-04-09,Introduced In House - Assigned to Appropriations,5
SB21-205,2021,RS,House,2021-04-13,House Committee on Appropriations Refer Amended to House Committee of the Whole,6
SB21-205,2021,RS,House,2021-04-14,House Second Reading Special Order - Passed with Amendments - Floor,7
SB21-205,2021,RS,House,2021-04-15,House Third Reading Passed - No Amendments,8
SB21-205,2021,RS,Senate,2021-04-16,Senate Considered House Amendments - Result was to Not Concur - Request Conference Committee,9
SB21-205,2021,RS,ConfComm,2021-04-29,First Conference Committee Result was to Adopt Reengrossed w/ Amendments,10
SB21-205,2021,RS,House,2021-04-30,House Consideration of First Conference Committee Report result was to Adopt Committee Report - Repass,11
SB21-205,2021,RS,Senate,2021-04-30,Senate Consideration of First Conference Committee Report result was to Adopt Committee Report - Repass,12
SB21-205,2021,RS,Senate,2021-05-07,Signed by the President of the Senate,13
SB21-205,2021,RS,House,2021-05-07,Signed by the Speaker of the House,14
SB21-205,2021,RS,Governor,2021-05-07,Sent to the Governor,15
SB21-205,2021,RS,Governor,2021-05-17,Governor Signed,16
SB21-206,2021,RS,Senate,2021-04-05,Introduced In Senate - Assigned to Appropriations,1
SB21-206,2021,RS,Senate,2021-04-06,Senate Committee on Appropriations Refer Unamended - Consent Calendar to Senate Committee of the Whole,2
SB21-206,2021,RS,Senate,2021-04-08,Senate Second Reading Passed - No Amendments,3
SB21-206,2021,RS,Senate,2021-04-09,Senate Third Reading Passed - No Amendments,4
SB21-206,2021,RS,House,2021-04-09,Introduced In House - Assigned to Appropriations,5
SB21-206,2021,RS,House,2021-04-13,House Committee on Appropriations Refer Unamended to House Committee of the Whole,6
SB21-206,2021,RS,House,2021-04-14,House Second Reading Laid Over Daily - No Amendments,7
SB21-206,2021,RS,House,2021-04-15,House Second Reading Special Order - Passed - No Amendments,8
SB21-206,2021,RS,House,2021-04-16,House Third Reading Laid Over Daily - No Amendments,9
SB21-206,2021,RS,House,2021-04-19,House Third Reading Passed - No Amendments,10
SB21-206,2021,RS,Senate,2021-04-27,Signed by the President of the Senate,11
SB21-206,2021,RS,House,2021-04-27,Signed by the Speaker of the House,12
SB21-206,2021,RS,Governor,2021-04-27,Sent to the Governor,13
SB21-206,2021,RS,Governor,2021-05-04,Governor Signed,14
SB21-207,2021,RS,Senate,2021-04-05,Introduced In Senate - Assigned to Appropriations,1
SB21-207,2021,RS,Senate,2021-04-06,Senate Committee on Appropriations Refer Unamended - Consent Calendar to Senate Committee of the Whole,2
SB21-207,2021,RS,Senate,2021-04-08,Senate Second Reading Passed - No Amendments,3
SB21-207,2021,RS,Senate,2021-04-09,Senate Third Reading Passed - No Amendments,4
SB21-207,2021,RS,House,2021-04-09,Introduced In House - Assigned to Appropriations,5
SB21-207,2021,RS,House,2021-04-13,House Committee on Appropriations Refer Unamended to House Committee of the Whole,6
SB21-207,2021,RS,House,2021-04-14,House Second Reading Laid Over Daily - No Amendments,7
SB21-207,2021,RS,House,2021-04-15,House Second Reading Special Order - Passed - No Amendments,8
SB21-207,2021,RS,House,2021-04-16,House Third Reading Laid Over Daily - No Amendments,9
SB21-207,2021,RS,House,2021-04-19,House Third Reading Passed - No Amendments,10
SB21-207,2021,RS,Senate,2021-04-21,Signed by the President of the Senate,11
SB21-207,2021,RS,House,2021-04-21,Signed by the Speaker of the House,12
SB21-207,2021,RS,Governor,2021-04-22,Sent to the Governor,13
SB21-207,2021,RS,Governor,2021-04-30,Governor Signed,14
SB21-208,2021,RS,Senate,2021-04-05,Introduced In Senate - Assigned to Appropriations,1
SB21-208,2021,RS,Senate,2021-04-06,Senate Committee on Appropriations Refer Unamended - Consent Calendar to Senate Committee of the Whole,2
SB21-208,2021,RS,Senate,2021-04-08,Senate Second Reading Passed - No Amendments,3
SB21-208,2021,RS,Senate,2021-04-09,Senate Third Reading Passed - No Amendments,4
SB21-208,2021,RS,House,2021-04-09,Introduced In House - Assigned to Appropriations,5
SB21-208,2021,RS,House,2021-04-13,House Committee on Appropriations Refer Unamended to House Committee of the Whole,6
SB21-208,2021,RS,House,2021-04-15,House Second Reading Special Order - Passed - No Amendments,7
SB21-208,2021,RS,House,2021-04-16,House Third Reading Laid Over Daily - No Amendments,8
SB21-208,2021,RS,House,2021-04-19,House Third Reading Passed - No Amendments,9
SB21-208,2021,RS,Senate,2021-04-27,Signed by the President of the Senate,10
SB21-208,2021,RS,House,2021-04-27,Signed by the Speaker of the House,11
SB21-208,2021,RS,Governor,2021-04-27,Sent to the Governor,12
SB21-208,2021,RS,Governor,2021-05-04,Governor Signed,13
SB21-209,2021,RS,Senate,2021-04-05,Introduced In Senate - Assigned to Appropriations,1
SB21-209,2021,RS,Senate,2021-04-06,Senate Committee on Appropriations Refer Unamended - Consent Calendar to Senate Committee of the Whole,2
SB21-209,2021,RS,Senate,2021-04-08,Senate Second Reading Passed - No Amendments,3
SB21-209,2021,RS,Senate,2021-04-09,Senate Third Reading Passed - No Amendments,4
SB21-209,2021,RS,House,2021-04-09,Introduced In House - Assigned to Appropriations,5
SB21-209,2021,RS,House,2021-04-13,House Committee on Appropriations Refer Unamended to House Committee of the Whole,6
SB21-209,2021,RS,House,2021-04-14,House Second Reading Laid Over Daily - No Amendments,7
SB21-209,2021,RS,House,2021-04-15,House Second Reading Special Order - Passed - No Amendments,8
SB21-209,2021,RS,House,2021-04-16,House Third Reading Laid Over Daily - No Amendments,9
SB21-209,2021,RS,House,2021-04-19,House Third Reading Passed - No Amendments,10
SB21-209,2021,RS,Senate,2021-04-21,Signed by the President of the Senate,11
SB21-209,2021,RS,House,2021-04-21,Signed by the Speaker of the House,12
SB21-209,2021,RS,Governor,2021-04-22,Sent to the Governor,13
SB21-209,2021,RS,Governor,2021-04-30,Governor Signed,14
SB21-210,2021,RS,Senate,2021-04-05,Introduced In Senate - Assigned to Appropriations,1
SB21-210,2021,RS,Senate,2021-04-06,Senate Committee on Appropriations Refer Unamended - Consent Calendar to Senate Committee of the Whole,2
SB21-210,2021,RS,Senate,2021-04-08,Senate Second Reading Passed - No Amendments,3
SB21-210,2021,RS,Senate,2021-04-09,Senate Third Reading Passed - No Amendments,4
SB21-210,2021,RS,House,2021-04-09,Introduced In House - Assigned to Appropriations,5
SB21-210,2021,RS,House,2021-04-13,House Committee on Appropriations Refer Unamended to House Committee of the Whole,6
SB21-210,2021,RS,House,2021-04-14,House Second Reading Special Order - Passed - No Amendments,7
SB21-210,2021,RS,House,2021-04-15,House Third Reading Passed - No Amendments,8
SB21-210,2021,RS,Senate,2021-04-19,Signed by the President of the Senate,9
SB21-210,2021,RS,House,2021-04-19,Signed by the Speaker of the House,10
SB21-210,2021,RS,Governor,2021-04-20,Sent to the Governor,11
SB21-210,2021,RS,Governor,2021-04-30,Governor Signed,12
SB21-211,2021,RS,Senate,2021-04-05,Introduced In Senate - Assigned to Appropriations,1
SB21-211,2021,RS,Senate,2021-04-06,Senate Committee on Appropriations Refer Unamended to Senate Committee of the Whole,2
SB21-211,2021,RS,Senate,2021-04-08,Senate Second Reading Passed - No Amendments,3
SB21-211,2021,RS,Senate,2021-04-09,Senate Third Reading Passed - No Amendments,4
SB21-211,2021,RS,House,2021-04-09,Introduced In House - Assigned to Appropriations,5
SB21-211,2021,RS,House,2021-04-13,House Committee on Appropriations Refer Unamended to House Committee of the Whole,6
SB21-211,2021,RS,House,2021-04-14,House Second Reading Laid Over Daily - No Amendments,7
SB21-211,2021,RS,House,2021-04-15,House Second Reading Special Order - Passed - No Amendments,8
SB21-211,2021,RS,House,2021-04-16,House Third Reading Laid Over Daily - No Amendments,9
SB21-211,2021,RS,House,2021-04-19,House Third Reading Passed - No Amendments,10
SB21-211,2021,RS,Senate,2021-04-27,Signed by the President of the Senate,11
SB21-211,2021,RS,House,2021-04-27,Signed by the Speaker of the House,12
SB21-211,2021,RS,Governor,2021-04-27,Sent to the Governor,13
SB21-211,2021,RS,Governor,2021-05-04,Governor Signed,14
SB21-212,2021,RS,Senate,2021-04-05,Introduced In Senate - Assigned to Appropriations,1
SB21-212,2021,RS,Senate,2021-04-06,Senate Committee on Appropriations Refer Unamended - Consent Calendar to Senate Committee of the Whole,2
SB21-212,2021,RS,Senate,2021-04-08,Senate Second Reading Passed - No Amendments,3
SB21-212,2021,RS,Senate,2021-04-09,Senate Third Reading Passed - No Amendments,4
SB21-212,2021,RS,House,2021-04-09,Introduced In House - Assigned to Appropriations,5
SB21-212,2021,RS,House,2021-04-13,House Committee on Appropriations Refer Unamended to House Committee of the Whole,6
SB21-212,2021,RS,House,2021-04-14,House Second Reading Laid Over Daily - No Amendments,7
SB21-212,2021,RS,House,2021-04-15,House Second Reading Special Order - Passed - No Amendments,8
SB21-212,2021,RS,House,2021-04-16,House Third Reading Laid Over Daily - No Amendments,9
SB21-212,2021,RS,House,2021-04-19,House Third Reading Passed - No Amendments,10
SB21-212,2021,RS,Senate,2021-04-27,Signed by the President of the Senate,11
SB21-212,2021,RS,House,2021-04-27,Signed by the Speaker of the House,12
SB21-212,2021,RS,Governor,2021-04-27,Sent to the Governor,13
SB21-212,2021,RS,Governor,2021-05-04,Governor Signed,14
SB21-213,2021,RS,Senate,2021-04-05,Introduced In Senate - Assigned to Appropriations,1
SB21-213,2021,RS,Senate,2021-04-06,Senate Committee on Appropriations Refer Unamended - Consent Calendar to Senate Committee of the Whole,2
SB21-213,2021,RS,Senate,2021-04-08,Senate Second Reading Passed - No Amendments,3
SB21-213,2021,RS,Senate,2021-04-09,Senate Third Reading Passed - No Amendments,4
SB21-213,2021,RS,House,2021-04-09,Introduced In House - Assigned to Appropriations,5
SB21-213,2021,RS,House,2021-04-13,House Committee on Appropriations Refer Unamended to House Committee of the Whole,6
SB21-213,2021,RS,House,2021-04-14,House Second Reading Laid Over Daily - No Amendments,7
SB21-213,2021,RS,House,2021-04-15,House Second Reading Special Order - Passed - No Amendments,8
SB21-213,2021,RS,House,2021-04-16,House Third Reading Laid Over Daily - No Amendments,9
SB21-213,2021,RS,House,2021-04-19,House Third Reading Passed - No Amendments,10
SB21-213,2021,RS,Senate,2021-04-27,Signed by the President of the Senate,11
SB21-213,2021,RS,House,2021-04-27,Signed by the Speaker of the House,12
SB21-213,2021,RS,Governor,2021-04-27,Sent to the Governor,13
SB21-213,2021,RS,Governor,2021-05-04,Governor Signed,14
SB21-214,2021,RS,Senate,2021-04-05,Introduced In Senate - Assigned to Appropriations,1
SB21-214,2021,RS,Senate,2021-04-06,Senate Committee on Appropriations Refer Unamended - Consent Calendar to Senate Committee of the Whole,2
SB21-214,2021,RS,Senate,2021-04-08,Senate Second Reading Passed - No Amendments,3
SB21-214,2021,RS,Senate,2021-04-09,Senate Third Reading Passed - No Amendments,4
SB21-214,2021,RS,House,2021-04-09,Introduced In House - Assigned to Appropriations,5
SB21-214,2021,RS,House,2021-04-13,House Committee on Appropriations Refer Unamended to House Committee of the Whole,6
SB21-214,2021,RS,House,2021-04-14,House Second Reading Laid Over Daily - No Amendments,7
SB21-214,2021,RS,House,2021-04-15,House Second Reading Special Order - Passed - No Amendments,8
SB21-214,2021,RS,House,2021-04-16,House Third Reading Laid Over Daily - No Amendments,9
SB21-214,2021,RS,House,2021-04-19,House Third Reading Passed - No Amendments,10
SB21-214,2021,RS,Senate,2021-04-26,Signed by the President of the Senate,11
SB21-214,2021,RS,House,2021-04-26,Signed by the Speaker of the House,12
SB21-214,2021,RS,Governor,2021-04-26,Sent to the Governor,13
SB21-214,2021,RS,Governor,2021-05-04,Governor Signed,14
SB21-215,2021,RS,Senate,2021-04-05,Introduced In Senate - Assigned to Appropriations,1
SB21-215,2021,RS,Senate,2021-04-06,Senate Committee on Appropriations Refer Unamended to Senate Committee of the Whole,2
SB21-215,2021,RS,Senate,2021-04-08,Senate Second Reading Passed - No Amendments,3
SB21-215,2021,RS,Senate,2021-04-09,Senate Third Reading Passed - No Amendments,4
SB21-215,2021,RS,House,2021-04-09,Introduced In House - Assigned to Appropriations,5
SB21-215,2021,RS,House,2021-04-13,House Committee on Appropriations Refer Unamended to House Committee of the Whole,6
SB21-215,2021,RS,House,2021-04-14,House Second Reading Laid Over Daily - No Amendments,7
SB21-215,2021,RS,House,2021-04-15,House Second Reading Special Order - Passed - No Amendments,8
SB21-215,2021,RS,House,2021-04-16,House Third Reading Laid Over Daily - No Amendments,9
SB21-215,2021,RS,House,2021-04-19,House Third Reading Passed - No Amendments,10
SB21-215,2021,RS,Senate,2021-04-27,Signed by the President of the Senate,11
SB21-215,2021,RS,House,2021-04-27,Signed by the Speaker of the House,12
SB21-215,2021,RS,Governor,2021-04-27,Sent to the Governor,13
SB21-215,2021,RS,Governor,2021-05-05,Governor Signed,14
SB21-216,2021,RS,Senate,2021-04-05,Introduced In Senate - Assigned to Appropriations,1
SB21-216,2021,RS,Senate,2021-04-06,Senate Committee on Appropriations Refer Unamended - Consent Calendar to Senate Committee of the Whole,2
SB21-216,2021,RS,Senate,2021-04-08,Senate Second Reading Passed - No Amendments,3
SB21-216,2021,RS,Senate,2021-04-09,Senate Third Reading Passed - No Amendments,4
SB21-216,2021,RS,House,2021-04-09,Introduced In House - Assigned to Appropriations,5
SB21-216,2021,RS,House,2021-04-13,House Committee on Appropriations Refer Unamended to House Committee of the Whole,6
SB21-216,2021,RS,House,2021-04-14,House Second Reading Laid Over Daily - No Amendments,7
SB21-216,2021,RS,House,2021-04-15,House Second Reading Special Order - Passed - No Amendments,8
SB21-216,2021,RS,House,2021-04-16,House Third Reading Laid Over Daily - No Amendments,9
SB21-216,2021,RS,House,2021-04-19,House Third Reading Passed - No Amendments,10
SB21-216,2021,RS,Senate,2021-04-21,Signed by the President of the Senate,11
SB21-216,2021,RS,House,2021-04-21,Signed by the Speaker of the House,12
SB21-216,2021,RS,Governor,2021-04-22,Sent to the Governor,13
SB21-216,2021,RS,Governor,2021-04-30,Governor Signed,14
SB21-217,2021,RS,Senate,2021-04-05,Introduced In Senate - Assigned to Appropriations,1
SB21-217,2021,RS,Senate,2021-04-06,Senate Committee on Appropriations Refer Amended - Consent Calendar to Senate Committee of the Whole,2
SB21-217,2021,RS,Senate,2021-04-08,Senate Second Reading Passed with Amendments - Committee,3
SB21-217,2021,RS,Senate,2021-04-09,Senate Third Reading Passed - No Amendments,4
SB21-217,2021,RS,House,2021-04-09,Introduced In House - Assigned to Appropriations,5
SB21-217,2021,RS,House,2021-04-13,House Committee on Appropriations Refer Unamended to House Committee of the Whole,6
SB21-217,2021,RS,House,2021-04-14,House Second Reading Laid Over Daily - No Amendments,7
SB21-217,2021,RS,House,2021-04-15,House Second Reading Special Order - Passed - No Amendments,8
SB21-217,2021,RS,House,2021-04-16,House Third Reading Laid Over Daily - No Amendments,9
SB21-217,2021,RS,House,2021-04-19,House Third Reading Passed - No Amendments,10
SB21-217,2021,RS,Senate,2021-04-27,Signed by the President of the Senate,11
SB21-217,2021,RS,House,2021-04-27,Signed by the Speaker of the House,12
SB21-217,2021,RS,Governor,2021-04-27,Sent to the Governor,13
SB21-217,2021,RS,Governor,2021-05-04,Governor Signed,14
SB21-218,2021,RS,Senate,2021-04-05,Introduced In Senate - Assigned to Appropriations,1
SB21-218,2021,RS,Senate,2021-04-06,Senate Committee on Appropriations Refer Amended to Senate Committee of the Whole,2
SB21-218,2021,RS,Senate,2021-04-08,Senate Second Reading Passed with Amendments - Committee,3
SB21-218,2021,RS,Senate,2021-04-09,Senate Third Reading Passed - No Amendments,4
SB21-218,2021,RS,House,2021-04-09,Introduced In House - Assigned to Appropriations,5
SB21-218,2021,RS,House,2021-04-13,House Committee on Appropriations Refer Unamended to House Committee of the Whole,6
SB21-218,2021,RS,House,2021-04-14,House Second Reading Laid Over Daily - No Amendments,7
SB21-218,2021,RS,House,2021-04-15,House Second Reading Special Order - Passed - No Amendments,8
SB21-218,2021,RS,House,2021-04-16,House Third Reading Laid Over Daily - No Amendments,9
SB21-218,2021,RS,House,2021-04-19,House Third Reading Passed - No Amendments,10
SB21-218,2021,RS,Senate,2021-04-26,Signed by the President of the Senate,11
SB21-218,2021,RS,House,2021-04-26,Signed by the Speaker of the House,12
SB21-218,2021,RS,Governor,2021-04-26,Sent to the Governor,13
SB21-218,2021,RS,Governor,2021-04-27,Governor Signed,14
SB21-219,2021,RS,Senate,2021-04-05,Introduced In Senate - Assigned to Appropriations,1
SB21-219,2021,RS,Senate,2021-04-06,Senate Committee on Appropriations Refer Unamended to Senate Committee of the Whole,2
SB21-219,2021,RS,Senate,2021-04-08,Senate Second Reading Passed - No Amendments,3
SB21-219,2021,RS,Senate,2021-04-09,Senate Third Reading Passed - No Amendments,4
SB21-219,2021,RS,House,2021-04-09,Introduced In House - Assigned to Appropriations,5
SB21-219,2021,RS,House,2021-04-13,House Committee on Appropriations Refer Unamended to House Committee of the Whole,6
SB21-219,2021,RS,House,2021-04-14,House Second Reading Laid Over Daily - No Amendments,7
SB21-219,2021,RS,House,2021-04-15,House Second Reading Special Order - Passed - No Amendments,8
SB21-219,2021,RS,House,2021-04-16,House Third Reading Laid Over Daily - No Amendments,9
SB21-219,2021,RS,House,2021-04-19,House Third Reading Passed - No Amendments,10
SB21-219,2021,RS,Senate,2021-04-21,Signed by the President of the Senate,11
SB21-219,2021,RS,House,2021-04-21,Signed by the Speaker of the House,12
SB21-219,2021,RS,Governor,2021-04-22,Sent to the Governor,13
SB21-219,2021,RS,Governor,2021-04-30,Governor Signed,14
SB21-220,2021,RS,Senate,2021-04-05,Introduced In Senate - Assigned to Appropriations,1
SB21-220,2021,RS,Senate,2021-04-06,Senate Committee on Appropriations Refer Unamended - Consent Calendar to Senate Committee of the Whole,2
SB21-220,2021,RS,Senate,2021-04-08,Senate Second Reading Passed - No Amendments,3
SB21-220,2021,RS,Senate,2021-04-09,Senate Third Reading Passed - No Amendments,4
SB21-220,2021,RS,House,2021-04-09,Introduced In House - Assigned to Appropriations,5
SB21-220,2021,RS,House,2021-04-13,House Committee on Appropriations Refer Unamended to House Committee of the Whole,6
SB21-220,2021,RS,House,2021-04-14,House Second Reading Laid Over Daily - No Amendments,7
SB21-220,2021,RS,House,2021-04-15,House Second Reading Special Order - Passed - No Amendments,8
SB21-220,2021,RS,House,2021-04-16,House Third Reading Laid Over Daily - No Amendments,9
SB21-220,2021,RS,House,2021-04-19,House Third Reading Passed - No Amendments,10
SB21-220,2021,RS,Senate,2021-04-21,Signed by the President of the Senate,11
SB21-220,2021,RS,House,2021-04-21,Signed by the Speaker of the House,12
SB21-220,2021,RS,Governor,2021-04-22,Sent to the Governor,13
SB21-220,2021,RS,Governor,2021-04-30,Governor Signed,14
SB21-221,2021,RS,Senate,2021-04-05,Introduced In Senate - Assigned to Appropriations,1
SB21-221,2021,RS,Senate,2021-04-06,Senate Committee on Appropriations Refer Unamended - Consent Calendar to Senate Committee of the Whole,2
SB21-221,2021,RS,Senate,2021-04-08,Senate Second Reading Passed - No Amendments,3
SB21-221,2021,RS,Senate,2021-04-09,Senate Third Reading Passed - No Amendments,4
SB21-221,2021,RS,House,2021-04-09,Introduced In House - Assigned to Appropriations,5
SB21-221,2021,RS,House,2021-04-13,House Committee on Appropriations Refer Unamended to House Committee of the Whole,6
SB21-221,2021,RS,House,2021-04-14,House Second Reading Laid Over Daily - No Amendments,7
SB21-221,2021,RS,House,2021-04-15,House Second Reading Special Order - Passed with Amendments - Floor,8
SB21-221,2021,RS,House,2021-04-16,House Third Reading Laid Over Daily - No Amendments,9
SB21-221,2021,RS,House,2021-04-19,House Third Reading Passed - No Amendments,10
SB21-221,2021,RS,Senate,2021-04-21,Senate Considered House Amendments - Result was to Concur - Repass,11
SB21-221,2021,RS,Senate,2021-04-26,Signed by the President of the Senate,12
SB21-221,2021,RS,House,2021-04-26,Signed by the Speaker of the House,13
SB21-221,2021,RS,Governor,2021-04-26,Sent to the Governor,14
SB21-221,2021,RS,Governor,2021-05-04,Governor Signed,15
SB21-222,2021,RS,Senate,2021-04-05,Introduced In Senate - Assigned to Appropriations,1
SB21-222,2021,RS,Senate,2021-04-06,Senate Committee on Appropriations Refer Unamended to Senate Committee of the Whole,2
SB21-222,2021,RS,Senate,2021-04-08,Senate Second Reading Passed - No Amendments,3
SB21-222,2021,RS,Senate,2021-04-09,Senate Third Reading Passed - No Amendments,4
SB21-222,2021,RS,House,2021-04-09,Introduced In House - Assigned to Appropriations,5
SB21-222,2021,RS,House,2021-04-13,House Committee on Appropriations Refer Unamended to House Committee of the Whole,6
SB21-222,2021,RS,House,2021-04-14,House Second Reading Laid Over Daily - No Amendments,7
SB21-222,2021,RS,House,2021-04-15,House Second Reading Special Order - Passed - No Amendments,8
SB21-222,2021,RS,House,2021-04-16,House Third Reading Laid Over Daily - No Amendments,9
SB21-222,2021,RS,House,2021-04-19,House Third Reading Passed - No Amendments,10
SB21-222,2021,RS,Senate,2021-04-26,Signed by the President of the Senate,11
SB21-222,2021,RS,House,2021-04-26,Signed by the Speaker of the House,12
SB21-222,2021,RS,Governor,2021-04-26,Sent to the Governor,13
SB21-222,2021,RS,Governor,2021-05-04,Governor Signed,14
SB21-223,2021,RS,Senate,2021-04-05,Introduced In Senate - Assigned to Appropriations,1
SB21-223,2021,RS,Senate,2021-04-06,Senate Committee on Appropriations Refer Unamended to Senate Committee of the Whole,2
SB21-223,2021,RS,Senate,2021-04-08,Senate Second Reading Passed - No Amendments,3
SB21-223,2021,RS,Senate,2021-04-09,Senate Third Reading Passed - No Amendments,4
SB21-223,2021,RS,House,2021-04-09,Introduced In House - Assigned to Appropriations,5
SB21-223,2021,RS,House,2021-04-13,House Committee on Appropriations Refer Unamended to House Committee of the Whole,6
SB21-223,2021,RS,House,2021-04-14,House Second Reading Laid Over Daily - No Amendments,7
SB21-223,2021,RS,House,2021-04-15,House Second Reading Special Order - Passed - No Amendments,8
SB21-223,2021,RS,House,2021-04-16,House Third Reading Laid Over Daily - No Amendments,9
SB21-223,2021,RS,House,2021-04-19,House Third Reading Passed - No Amendments,10
SB21-223,2021,RS,Senate,2021-04-26,Signed by the President of the Senate,11
SB21-223,2021,RS,Governor,2021-04-26,Sent to the Governor,12
SB21-223,2021,RS,Governor,2021-05-04,Governor Signed,13
SB21-224,2021,RS,Senate,2021-04-05,Introduced In Senate - Assigned to Appropriations,1
SB21-224,2021,RS,Senate,2021-04-06,Senate Committee on Appropriations Refer Unamended to Senate Committee of the Whole,2
SB21-224,2021,RS,Senate,2021-04-08,Senate Second Reading Passed with Amendments - Floor,3
SB21-224,2021,RS,Senate,2021-04-09,Senate Third Reading Passed - No Amendments,4
SB21-224,2021,RS,House,2021-04-09,Introduced In House - Assigned to Appropriations,5
SB21-224,2021,RS,House,2021-04-13,House Committee on Appropriations Refer Unamended to House Committee of the Whole,6
SB21-224,2021,RS,House,2021-04-14,House Second Reading Special Order - Passed - No Amendments,7
SB21-224,2021,RS,House,2021-04-15,House Third Reading Passed - No Amendments,8
SB21-224,2021,RS,Senate,2021-04-20,Signed by the President of the Senate,9
SB21-224,2021,RS,House,2021-04-20,Signed by the Speaker of the House,10
SB21-224,2021,RS,Governor,2021-04-20,Sent to the Governor,11
SB21-224,2021,RS,Governor,2021-04-29,Governor Signed,12
SB21-225,2021,RS,Senate,2021-04-05,Introduced In Senate - Assigned to Appropriations,1
SB21-225,2021,RS,Senate,2021-04-06,Senate Committee on Appropriations Refer Unamended - Consent Calendar to Senate Committee of the Whole,2
SB21-225,2021,RS,Senate,2021-04-08,Senate Second Reading Passed - No Amendments,3
SB21-225,2021,RS,Senate,2021-04-09,Senate Third Reading Passed - No Amendments,4
SB21-225,2021,RS,House,2021-04-09,Introduced In House - Assigned to Appropriations,5
SB21-225,2021,RS,House,2021-04-13,House Committee on Appropriations Refer Unamended to House Committee of the Whole,6
SB21-225,2021,RS,House,2021-04-14,House Second Reading Special Order - Passed - No Amendments,7
SB21-225,2021,RS,House,2021-04-15,House Third Reading Passed - No Amendments,8
SB21-225,2021,RS,Senate,2021-04-20,Signed by the President of the Senate,9
SB21-225,2021,RS,House,2021-04-20,Signed by the Speaker of the House,10
SB21-225,2021,RS,Governor,2021-04-20,Sent to the Governor,11
SB21-225,2021,RS,Governor,2021-04-29,Governor Signed,12
SB21-226,2021,RS,Senate,2021-04-05,Introduced In Senate - Assigned to Appropriations,1
SB21-226,2021,RS,Senate,2021-04-06,Senate Committee on Appropriations Refer Unamended - Consent Calendar to Senate Committee of the Whole,2
SB21-226,2021,RS,Senate,2021-04-08,Senate Second Reading Passed - No Amendments,3
SB21-226,2021,RS,Senate,2021-04-09,Senate Third Reading Passed - No Amendments,4
SB21-226,2021,RS,House,2021-04-09,Introduced In House - Assigned to Appropriations,5
SB21-226,2021,RS,House,2021-04-13,House Committee on Appropriations Refer Unamended to House Committee of the Whole,6
SB21-226,2021,RS,House,2021-04-14,House Second Reading Laid Over Daily - No Amendments,7
SB21-226,2021,RS,House,2021-04-16,House Second Reading Laid Over to 04/21/2021 - No Amendments,8
SB21-226,2021,RS,House,2021-04-23,House Second Reading Laid Over to 04/30/2021 - No Amendments,9
SB21-226,2021,RS,House,2021-05-03,House Second Reading Passed with Amendments - Floor,10
SB21-226,2021,RS,House,2021-05-04,House Third Reading Passed - No Amendments,11
SB21-226,2021,RS,Senate,2021-05-05,Senate Considered House Amendments - Result was to Concur - Repass,12
SB21-226,2021,RS,Senate,2021-05-10,Signed by the President of the Senate,13
SB21-226,2021,RS,House,2021-05-11,Signed by the Speaker of the House,14
SB21-226,2021,RS,Governor,2021-05-11,Sent to the Governor,15
SB21-226,2021,RS,Governor,2021-05-17,Governor Signed,16
SB21-227,2021,RS,Senate,2021-04-05,Introduced In Senate - Assigned to Appropriations,1
SB21-227,2021,RS,Senate,2021-04-06,Senate Committee on Appropriations Refer Unamended - Consent Calendar to Senate Committee of the Whole,2
SB21-227,2021,RS,Senate,2021-04-08,Senate Second Reading Passed - No Amendments,3
SB21-227,2021,RS,Senate,2021-04-09,Senate Third Reading Passed - No Amendments,4
SB21-227,2021,RS,House,2021-04-09,Introduced In House - Assigned to Appropriations,5
SB21-227,2021,RS,House,2021-04-13,House Committee on Appropriations Refer Unamended to House Committee of the Whole,6
SB21-227,2021,RS,House,2021-04-14,House Second Reading Special Order - Passed - No Amendments,7
SB21-227,2021,RS,House,2021-04-15,House Third Reading Passed - No Amendments,8
SB21-227,2021,RS,Senate,2021-04-20,Signed by the President of the Senate,9
SB21-227,2021,RS,House,2021-04-20,Signed by the Speaker of the House,10
SB21-227,2021,RS,Governor,2021-04-20,Sent to the Governor,11
SB21-227,2021,RS,Governor,2021-04-29,Governor Signed,12
SB21-228,2021,RS,Senate,2021-04-05,Introduced In Senate - Assigned to Appropriations,1
SB21-228,2021,RS,Senate,2021-04-06,Senate Committee on Appropriations Refer Amended to Senate Committee of the Whole,2
SB21-228,2021,RS,Senate,2021-04-08,Senate Second Reading Passed with Amendments - Committee,3
SB21-228,2021,RS,Senate,2021-04-09,Senate Third Reading Passed - No Amendments,4
SB21-228,2021,RS,House,2021-04-09,Introduced In House - Assigned to Appropriations,5
SB21-228,2021,RS,House,2021-04-13,House Committee on Appropriations Refer Unamended to House Committee of the Whole,6
SB21-228,2021,RS,House,2021-04-14,House Second Reading Laid Over Daily - No Amendments,7
SB21-228,2021,RS,House,2021-04-15,House Second Reading Special Order - Passed - No Amendments,8
SB21-228,2021,RS,House,2021-04-16,House Third Reading Laid Over Daily - No Amendments,9
SB21-228,2021,RS,House,2021-04-19,House Third Reading Passed - No Amendments,10
SB21-228,2021,RS,Senate,2021-04-26,Signed by the President of the Senate,11
SB21-228,2021,RS,House,2021-04-26,Signed by the Speaker of the House,12
SB21-228,2021,RS,Governor,2021-04-26,Sent to the Governor,13
SB21-228,2021,RS,Governor,2021-05-04,Governor Signed,14
SB21-229,2021,RS,Senate,2021-03-31,Introduced In Senate - Assigned to Local Government,1
SB21-229,2021,RS,Senate,2021-04-29,Senate Committee on Local Government Refer Amended to Finance,2
SB21-229,2021,RS,Senate,2021-05-05,Senate Committee on Finance Refer Unamended to Appropriations,3
SB21-229,2021,RS,Senate,2021-05-14,Senate Committee on Appropriations Refer Unamended to Senate Committee of the Whole,4
SB21-229,2021,RS,Senate,2021-05-18,Senate Second Reading Passed with Amendments - Committee,5
SB21-229,2021,RS,Senate,2021-05-19,Senate Third Reading Passed - No Amendments,6
SB21-229,2021,RS,House,2021-05-19,"Introduced In House - Assigned to Agriculture, Livestock, & Water",7
SB21-229,2021,RS,House,2021-05-24,"House Committee on Agriculture, Livestock, & Water Refer Unamended to Finance",8
SB21-229,2021,RS,House,2021-05-27,House Committee on Finance Refer Unamended to Appropriations,9
SB21-229,2021,RS,House,2021-05-28,House Committee on Appropriations Refer Amended to House Committee of the Whole,10
SB21-229,2021,RS,House,2021-05-28,House Second Reading Special Order - Passed with Amendments - Committee,11
SB21-229,2021,RS,House,2021-06-01,House Third Reading Passed - No Amendments,12
SB21-229,2021,RS,Senate,2021-06-02,Senate Considered House Amendments - Result was to Concur - Repass,13
SB21-229,2021,RS,House,2021-06-10,Signed by the Speaker of the House,14
SB21-229,2021,RS,Senate,2021-06-10,Signed by the President of the Senate,15
SB21-229,2021,RS,Governor,2021-06-10,Sent to the Governor,16
SB21-229,2021,RS,Governor,2021-06-15,Governor Signed,17
SB21-230,2021,RS,Senate,2021-03-31,Introduced In Senate - Assigned to Transportation & Energy,1
SB21-230,2021,RS,Senate,2021-04-13,Senate Committee on Transportation & Energy Refer Unamended to Appropriations,2
SB21-230,2021,RS,Senate,2021-04-30,Senate Committee on Appropriations Refer Amended to Senate Committee of the Whole,3
SB21-230,2021,RS,Senate,2021-05-04,"Senate Second Reading Passed with Amendments - Committee, Floor",4
SB21-230,2021,RS,Senate,2021-05-05,Senate Third Reading Passed - No Amendments,5
SB21-230,2021,RS,House,2021-05-05,Introduced In House - Assigned to Energy & Environment,6
SB21-230,2021,RS,House,2021-05-20,House Committee on Energy & Environment Refer Amended to Appropriations,7
SB21-230,2021,RS,House,2021-05-28,House Committee on Appropriations Refer Unamended to House Committee of the Whole,8
SB21-230,2021,RS,House,2021-05-28,House Second Reading Special Order - Passed with Amendments - Committee,9
SB21-230,2021,RS,House,2021-06-01,House Third Reading Passed - No Amendments,10
SB21-230,2021,RS,Senate,2021-06-02,Senate Considered House Amendments - Result was to Concur - Repass,11
SB21-230,2021,RS,Senate,2021-06-11,Signed by the President of the Senate,12
SB21-230,2021,RS,House,2021-06-11,Signed by the Speaker of the House,13
SB21-230,2021,RS,Governor,2021-06-11,Sent to the Governor,14
SB21-230,2021,RS,Governor,2021-06-14,Governor Signed,15
SB21-231,2021,RS,Senate,2021-03-31,Introduced In Senate - Assigned to Transportation & Energy,1
SB21-231,2021,RS,Senate,2021-04-13,Senate Committee on Transportation & Energy Refer Unamended to Appropriations,2
SB21-231,2021,RS,Senate,2021-04-30,Senate Committee on Appropriations Refer Unamended - Consent Calendar to Senate Committee of the Whole,3
SB21-231,2021,RS,Senate,2021-04-30,Senate Second Reading Special Order - Passed - No Amendments,4
SB21-231,2021,RS,Senate,2021-05-03,Senate Third Reading Passed - No Amendments,5
SB21-231,2021,RS,House,2021-05-05,Introduced In House - Assigned to Energy & Environment,6
SB21-231,2021,RS,House,2021-05-12,House Committee on Energy & Environment Refer Unamended to Appropriations,7
SB21-231,2021,RS,House,2021-05-28,House Committee on Appropriations Refer Unamended to House Committee of the Whole,8
SB21-231,2021,RS,House,2021-05-28,House Second Reading Special Order - Passed with Amendments - Floor,9
SB21-231,2021,RS,House,2021-06-01,House Third Reading Passed - No Amendments,10
SB21-231,2021,RS,Senate,2021-06-02,Senate Considered House Amendments - Result was to Concur - Repass,11
SB21-231,2021,RS,House,2021-06-10,Signed by the Speaker of the House,12
SB21-231,2021,RS,Senate,2021-06-10,Signed by the President of the Senate,13
SB21-231,2021,RS,Governor,2021-06-10,Sent to the Governor,14
SB21-231,2021,RS,Governor,2021-06-14,Governor Signed,15
SB21-232,2021,RS,Senate,2021-03-31,Introduced In Senate - Assigned to Education,1
SB21-232,2021,RS,Senate,2021-04-14,Senate Committee on Education Refer Unamended to Appropriations,2
SB21-232,2021,RS,Senate,2021-04-30,Senate Committee on Appropriations Refer Unamended - Consent Calendar to Senate Committee of the Whole,3
SB21-232,2021,RS,Senate,2021-04-30,Senate Second Reading Special Order - Passed - No Amendments,4
SB21-232,2021,RS,Senate,2021-05-03,Senate Third Reading Passed - No Amendments,5
SB21-232,2021,RS,House,2021-05-05,Introduced In House - Assigned to Education,6
SB21-232,2021,RS,House,2021-05-19,House Committee on Education Refer Unamended to Appropriations,7
SB21-232,2021,RS,House,2021-06-04,House Committee on Appropriations Refer Amended to House Committee of the Whole,8
SB21-232,2021,RS,House,2021-06-04,"House Second Reading Special Order - Passed with Amendments - Committee, Floor",9
SB21-232,2021,RS,House,2021-06-07,House Third Reading Passed - No Amendments,10
SB21-232,2021,RS,Senate,2021-06-08,Senate Considered House Amendments - Result was to Concur - Repass,11
SB21-232,2021,RS,Senate,2021-06-14,Signed by the President of the Senate,12
SB21-232,2021,RS,House,2021-06-14,Signed by the Speaker of the House,13
SB21-232,2021,RS,Governor,2021-06-15,Sent to the Governor,14
SB21-232,2021,RS,Governor,2021-06-24,Governor Signed,15
SB21-233,2021,RS,Senate,2021-04-05,"Introduced In Senate - Assigned to Business, Labor, & Technology",1
SB21-233,2021,RS,Senate,2021-05-24,"Senate Committee on Business, Labor, & Technology Refer Amended to Appropriations",2
SB21-233,2021,RS,Senate,2021-05-28,Senate Committee on Appropriations Refer Amended to Senate Committee of the Whole,3
SB21-233,2021,RS,Senate,2021-05-28,Senate Second Reading Special Order - Passed with Amendments - Committee,4
SB21-233,2021,RS,Senate,2021-06-01,Senate Third Reading Passed - No Amendments,5
SB21-233,2021,RS,House,2021-06-01,Introduced In House - Assigned to Finance,6
SB21-233,2021,RS,House,2021-06-03,House Committee on Finance Refer Unamended to Appropriations,7
SB21-233,2021,RS,House,2021-06-04,House Committee on Appropriations Refer Amended to House Committee of the Whole,8
SB21-233,2021,RS,House,2021-06-04,House Second Reading Special Order - Passed with Amendments - Committee,9
SB21-233,2021,RS,House,2021-06-07,House Third Reading Passed - No Amendments,10
SB21-233,2021,RS,Senate,2021-06-08,Senate Considered House Amendments - Result was to Concur - Repass,11
SB21-233,2021,RS,Senate,2021-06-17,Signed by the President of the Senate,12
SB21-233,2021,RS,House,2021-06-17,Signed by the Speaker of the House,13
SB21-233,2021,RS,Governor,2021-06-17,Sent to the Governor,14
SB21-233,2021,RS,Governor,2021-07-02,Governor Signed,15
SB21-234,2021,RS,Senate,2021-04-06,Introduced In Senate - Assigned to Agriculture & Natural Resources,1
SB21-234,2021,RS,Senate,2021-05-13,Senate Committee on Agriculture & Natural Resources Refer Amended to Appropriations,2
SB21-234,2021,RS,Senate,2021-05-21,Senate Committee on Appropriations Refer Unamended - Consent Calendar to Senate Committee of the Whole,3
SB21-234,2021,RS,Senate,2021-05-21,Senate Second Reading Special Order - Passed with Amendments - Committee,4
SB21-234,2021,RS,Senate,2021-05-24,Senate Third Reading Passed - No Amendments,5
SB21-234,2021,RS,House,2021-05-24,"Introduced In House - Assigned to Agriculture, Livestock, & Water",6
SB21-234,2021,RS,House,2021-05-27,"House Committee on Agriculture, Livestock, & Water Refer Unamended to Appropriations",7
SB21-234,2021,RS,House,2021-06-01,House Committee on Appropriations Refer Unamended to House Committee of the Whole,8
SB21-234,2021,RS,House,2021-06-01,House Second Reading Special Order - Passed - No Amendments,9
SB21-234,2021,RS,House,2021-06-02,House Third Reading Laid Over Daily - No Amendments,10
SB21-234,2021,RS,House,2021-06-03,House Third Reading Passed - No Amendments,11
SB21-234,2021,RS,Senate,2021-06-11,Signed by the President of the Senate,12
SB21-234,2021,RS,House,2021-06-11,Signed by the Speaker of the House,13
SB21-234,2021,RS,Governor,2021-06-11,Sent to the Governor,14
SB21-234,2021,RS,Governor,2021-06-15,Governor Signed,15
SB21-235,2021,RS,Senate,2021-04-06,Introduced In Senate - Assigned to Agriculture & Natural Resources,1
SB21-235,2021,RS,Senate,2021-05-13,Senate Committee on Agriculture & Natural Resources Refer Amended to Appropriations,2
SB21-235,2021,RS,Senate,2021-05-21,Senate Committee on Appropriations Refer Unamended to Senate Committee of the Whole,3
SB21-235,2021,RS,Senate,2021-05-21,Senate Second Reading Special Order - Passed with Amendments - Committee,4
SB21-235,2021,RS,Senate,2021-05-24,Senate Third Reading Passed - No Amendments,5
SB21-235,2021,RS,House,2021-05-24,"Introduced In House - Assigned to Agriculture, Livestock, & Water",6
SB21-235,2021,RS,House,2021-05-27,"House Committee on Agriculture, Livestock, & Water Refer Unamended to Appropriations",7
SB21-235,2021,RS,House,2021-06-01,House Committee on Appropriations Refer Unamended to House Committee of the Whole,8
SB21-235,2021,RS,House,2021-06-01,House Second Reading Special Order - Passed - No Amendments,9
SB21-235,2021,RS,House,2021-06-02,House Third Reading Laid Over Daily - No Amendments,10
SB21-235,2021,RS,House,2021-06-03,House Third Reading Passed - No Amendments,11
SB21-235,2021,RS,Senate,2021-06-10,Signed by the President of the Senate,12
SB21-235,2021,RS,House,2021-06-11,Signed by the Speaker of the House,13
SB21-235,2021,RS,Governor,2021-06-11,Sent to the Governor,14
SB21-235,2021,RS,Governor,2021-06-15,Governor Signed,15
SB21-236,2021,RS,Senate,2021-04-06,Introduced In Senate - Assigned to Education,1
SB21-236,2021,RS,Senate,2021-04-22,Senate Committee on Education Refer Amended to Appropriations,2
SB21-236,2021,RS,Senate,2021-05-07,Senate Committee on Appropriations Refer Amended to Senate Committee of the Whole,3
SB21-236,2021,RS,Senate,2021-05-11,Senate Second Reading Laid Over Daily - No Amendments,4
SB21-236,2021,RS,Senate,2021-05-12,Senate Second Reading Passed with Amendments - Committee,5
SB21-236,2021,RS,Senate,2021-05-13,Senate Third Reading Passed - No Amendments,6
SB21-236,2021,RS,House,2021-05-14,Introduced In House - Assigned to Education,7
SB21-236,2021,RS,House,2021-05-26,House Committee on Education Refer Unamended to Appropriations,8
SB21-236,2021,RS,House,2021-05-28,House Committee on Appropriations Refer Amended to House Committee of the Whole,9
SB21-236,2021,RS,House,2021-05-28,House Second Reading Special Order - Passed with Amendments - Committee,10
SB21-236,2021,RS,House,2021-06-01,House Third Reading Passed - No Amendments,11
SB21-236,2021,RS,Senate,2021-06-02,Senate Considered House Amendments - Result was to Concur - Repass,12
SB21-236,2021,RS,House,2021-06-10,Signed by the Speaker of the House,13
SB21-236,2021,RS,Senate,2021-06-10,Signed by the President of the Senate,14
SB21-236,2021,RS,Governor,2021-06-10,Sent to the Governor,15
SB21-236,2021,RS,Governor,2021-06-16,Governor Signed,16
SB21-237,2021,RS,Senate,2021-04-06,Introduced In Senate - Assigned to Agriculture & Natural Resources,1
SB21-237,2021,RS,Senate,2021-04-28,Senate Committee on Agriculture & Natural Resources Refer Amended to Senate Committee of the Whole,2
SB21-237,2021,RS,Senate,2021-05-03,"Senate Second Reading Passed with Amendments - Committee, Floor",3
SB21-237,2021,RS,Senate,2021-05-04,Senate Third Reading Passed - No Amendments,4
SB21-237,2021,RS,House,2021-05-04,"Introduced In House - Assigned to Legislative Council + Agriculture, Livestock, & Water",5
SB21-237,2021,RS,House,2021-05-10,"House Committee on Legislative Council Refer Unamended to Agriculture, Livestock, & Water",6
SB21-237,2021,RS,House,2021-05-20,"House Committee on Agriculture, Livestock, & Water Refer Amended to Appropriations",7
SB21-237,2021,RS,House,2021-05-25,House Committee on Appropriations Refer Amended to House Committee of the Whole,8
SB21-237,2021,RS,House,2021-05-26,House Second Reading Special Order - Laid Over Daily - No Amendments,9
SB21-237,2021,RS,House,2021-05-27,House Second Reading Special Order - Passed with Amendments - Committee,10
SB21-237,2021,RS,House,2021-05-28,House Third Reading Passed - No Amendments,11
SB21-237,2021,RS,Senate,2021-06-01,Senate Considered House Amendments - Result was to Concur - Repass,12
SB21-237,2021,RS,Senate,2021-06-11,Signed by the President of the Senate,13
SB21-237,2021,RS,House,2021-06-11,Signed by the Speaker of the House,14
SB21-237,2021,RS,Governor,2021-06-11,Sent to the Governor,15
SB21-237,2021,RS,Governor,2021-06-22,Governor Signed,16
SB21-238,2021,RS,Senate,2021-04-09,Introduced In Senate - Assigned to Transportation & Energy,1
SB21-238,2021,RS,Senate,2021-04-27,Senate Committee on Transportation & Energy Refer Amended to Appropriations,2
SB21-238,2021,RS,Senate,2021-05-07,Senate Committee on Appropriations Refer Amended to Senate Committee of the Whole,3
SB21-238,2021,RS,Senate,2021-05-11,Senate Second Reading Laid Over Daily - No Amendments,4
SB21-238,2021,RS,Senate,2021-05-12,"Senate Second Reading Passed with Amendments - Committee, Floor",5
SB21-238,2021,RS,Senate,2021-05-13,Senate Third Reading Passed with Amendments - Floor,6
SB21-238,2021,RS,House,2021-05-14,Introduced In House - Assigned to Transportation & Local Government,7
SB21-238,2021,RS,House,2021-05-25,House Committee on Transportation & Local Government Refer Amended to Appropriations,8
SB21-238,2021,RS,House,2021-05-28,House Committee on Appropriations Refer Amended to House Committee of the Whole,9
SB21-238,2021,RS,House,2021-06-02,House Second Reading Special Order - Passed with Amendments - Committee,10
SB21-238,2021,RS,House,2021-06-03,House Third Reading Passed with Amendments - Floor,11
SB21-238,2021,RS,Senate,2021-06-03,Senate Considered House Amendments - Result was to Concur - Repass,12
SB21-238,2021,RS,Senate,2021-06-16,Signed by the President of the Senate,13
SB21-238,2021,RS,House,2021-06-16,Signed by the Speaker of the House,14
SB21-238,2021,RS,Governor,2021-06-16,Sent to the Governor,15
SB21-238,2021,RS,Governor,2021-06-30,Governor Signed,16
SB21-239,2021,RS,Senate,2021-04-12,Introduced In Senate - Assigned to Health & Human Services,1
SB21-239,2021,RS,Senate,2021-04-26,Senate Committee on Health & Human Services Refer Amended to Appropriations,2
SB21-239,2021,RS,Senate,2021-05-07,Senate Committee on Appropriations Refer Amended - Consent Calendar to Senate Committee of the Whole,3
SB21-239,2021,RS,Senate,2021-05-07,Senate Second Reading Special Order - Passed with Amendments - Committee,4
SB21-239,2021,RS,Senate,2021-05-10,Senate Third Reading Passed - No Amendments,5
SB21-239,2021,RS,House,2021-05-11,Introduced In House - Assigned to Public & Behavioral Health & Human Services,6
SB21-239,2021,RS,House,2021-05-25,House Committee on Public & Behavioral Health & Human Services Refer Unamended to Appropriations,7
SB21-239,2021,RS,House,2021-05-28,House Committee on Appropriations Refer Unamended to House Committee of the Whole,8
SB21-239,2021,RS,House,2021-05-28,House Second Reading Special Order - Passed - No Amendments,9
SB21-239,2021,RS,House,2021-06-01,House Third Reading Passed - No Amendments,10
SB21-239,2021,RS,House,2021-06-10,Signed by the Speaker of the House,11
SB21-239,2021,RS,Senate,2021-06-10,Signed by the President of the Senate,12
SB21-239,2021,RS,Governor,2021-06-10,Sent to the Governor,13
SB21-239,2021,RS,Governor,2021-06-18,Governor Signed,14
SB21-240,2021,RS,Senate,2021-04-12,Introduced In Senate - Assigned to Agriculture & Natural Resources,1
SB21-240,2021,RS,Senate,2021-04-29,Senate Committee on Agriculture & Natural Resources Refer Unamended to Appropriations,2
SB21-240,2021,RS,Senate,2021-05-14,Senate Committee on Appropriations Refer Amended to Senate Committee of the Whole,3
SB21-240,2021,RS,Senate,2021-05-18,Senate Second Reading Passed with Amendments - Committee,4
SB21-240,2021,RS,Senate,2021-05-19,Senate Third Reading Passed - No Amendments,5
SB21-240,2021,RS,House,2021-05-19,"Introduced In House - Assigned to Agriculture, Livestock, & Water",6
SB21-240,2021,RS,House,2021-05-24,"House Committee on Agriculture, Livestock, & Water Refer Unamended to Appropriations",7
SB21-240,2021,RS,House,2021-06-07,House Committee on Appropriations Refer Amended to House Committee of the Whole,8
SB21-240,2021,RS,House,2021-06-07,House Second Reading Special Order - Passed with Amendments - Committee,9
SB21-240,2021,RS,Senate,2021-06-08,Senate Considered House Amendments - Result was to Concur - Repass,10
SB21-240,2021,RS,House,2021-06-08,House Third Reading Passed - No Amendments,11
SB21-240,2021,RS,House,2021-06-10,Signed by the Speaker of the House,12
SB21-240,2021,RS,Senate,2021-06-10,Signed by the President of the Senate,13
SB21-240,2021,RS,Governor,2021-06-10,Sent to the Governor,14
SB21-240,2021,RS,Governor,2021-06-15,Governor Signed,15
SB21-241,2021,RS,Senate,2021-04-12,"Introduced In Senate - Assigned to Business, Labor, & Technology",1
SB21-241,2021,RS,Senate,2021-05-05,"Senate Committee on Business, Labor, & Technology Refer Amended to Appropriations",2
SB21-241,2021,RS,Senate,2021-05-14,Senate Committee on Appropriations Refer Unamended to Senate Committee of the Whole,3
SB21-241,2021,RS,Senate,2021-05-18,Senate Second Reading Passed with Amendments - Committee,4
SB21-241,2021,RS,Senate,2021-05-19,Senate Third Reading Passed - No Amendments,5
SB21-241,2021,RS,House,2021-05-19,Introduced In House - Assigned to Business Affairs & Labor,6
SB21-241,2021,RS,House,2021-05-27,House Committee on Business Affairs & Labor Refer Unamended to Appropriations,7
SB21-241,2021,RS,House,2021-05-28,House Committee on Appropriations Refer Unamended to House Committee of the Whole,8
SB21-241,2021,RS,House,2021-06-01,House Second Reading Special Order - Passed - No Amendments,9
SB21-241,2021,RS,House,2021-06-02,House Third Reading Laid Over Daily - No Amendments,10
SB21-241,2021,RS,House,2021-06-03,House Third Reading Passed - No Amendments,11
SB21-241,2021,RS,House,2021-06-10,Signed by the Speaker of the House,12
SB21-241,2021,RS,Senate,2021-06-10,Signed by the President of the Senate,13
SB21-241,2021,RS,Governor,2021-06-10,Sent to the Governor,14
SB21-241,2021,RS,Governor,2021-06-14,Governor Signed,15
SB21-242,2021,RS,Senate,2021-04-12,Introduced In Senate - Assigned to Local Government,1
SB21-242,2021,RS,Senate,2021-05-11,Senate Committee on Local Government Refer Amended to Appropriations,2
SB21-242,2021,RS,Senate,2021-05-19,Senate Committee on Appropriations Refer Amended to Senate Committee of the Whole,3
SB21-242,2021,RS,Senate,2021-05-20,"Senate Second Reading Special Order - Passed with Amendments - Committee, Floor",4
SB21-242,2021,RS,Senate,2021-05-21,Senate Third Reading Passed - No Amendments,5
SB21-242,2021,RS,House,2021-05-24,Introduced In House - Assigned to Transportation & Local Government,6
SB21-242,2021,RS,House,2021-05-26,House Committee on Transportation & Local Government Refer Amended to Appropriations,7
SB21-242,2021,RS,House,2021-06-03,House Committee on Appropriations Refer Amended to House Committee of the Whole,8
SB21-242,2021,RS,House,2021-06-03,House Second Reading Special Order - Passed with Amendments - Committee,9
SB21-242,2021,RS,House,2021-06-04,House Third Reading Laid Over Daily - No Amendments,10
SB21-242,2021,RS,House,2021-06-07,House Third Reading Passed - No Amendments,11
SB21-242,2021,RS,Senate,2021-06-07,Senate Considered House Amendments - Result was to Concur - Repass,12
SB21-242,2021,RS,Senate,2021-06-07,Senate Considered House Amendments - Result was to Reconsider,13
SB21-242,2021,RS,Senate,2021-06-07,Senate Considered House Amendments - Result was to Pass,14
SB21-242,2021,RS,Senate,2021-06-15,Signed by the President of the Senate,15
SB21-242,2021,RS,House,2021-06-15,Signed by the Speaker of the House,16
SB21-242,2021,RS,Governor,2021-06-15,Sent to the Governor,17
SB21-242,2021,RS,Governor,2021-06-25,Governor Signed,18
SB21-243,2021,RS,Senate,2021-04-13,Introduced In Senate - Assigned to Appropriations,1
SB21-243,2021,RS,Senate,2021-04-30,Senate Committee on Appropriations Refer Amended to Senate Health & Human Services,2
SB21-243,2021,RS,Senate,2021-05-05,Senate Committee on Health & Human Services Refer Unamended to Appropriations,3
SB21-243,2021,RS,Senate,2021-05-14,Senate Committee on Appropriations Refer Unamended to Senate Committee of the Whole,4
SB21-243,2021,RS,Senate,2021-05-18,Senate Second Reading Passed with Amendments - Committee,5
SB21-243,2021,RS,Senate,2021-05-19,Senate Third Reading Passed - No Amendments,6
SB21-243,2021,RS,House,2021-05-19,Introduced In House - Assigned to Appropriations,7
SB21-243,2021,RS,House,2021-06-03,House Committee on Appropriations Refer Amended to House Committee of the Whole,8
SB21-243,2021,RS,House,2021-06-03,"House Second Reading Special Order - Passed with Amendments - Committee, Floor",9
SB21-243,2021,RS,House,2021-06-04,House Third Reading Laid Over Daily - No Amendments,10
SB21-243,2021,RS,House,2021-06-07,House Third Reading Passed with Amendments - Floor,11
SB21-243,2021,RS,Senate,2021-06-07,Senate Considered House Amendments - Result was to Concur - Repass,12
SB21-243,2021,RS,Senate,2021-06-17,Signed by the President of the Senate,13
SB21-243,2021,RS,House,2021-06-17,Signed by the Speaker of the House,14
SB21-243,2021,RS,Governor,2021-06-17,Sent to the Governor,15
SB21-243,2021,RS,Governor,2021-06-24,Governor Signed,16
SB21-244,2021,RS,Senate,2021-04-13,Introduced In Senate - Assigned to Appropriations,1
SB21-244,2021,RS,Senate,2021-04-23,Senate Committee on Appropriations Refer Unamended to Senate Committee of the Whole,2
SB21-244,2021,RS,Senate,2021-04-27,Senate Second Reading Passed - No Amendments,3
SB21-244,2021,RS,Senate,2021-04-28,Senate Third Reading Passed - No Amendments,4
SB21-244,2021,RS,House,2021-04-30,Introduced In House - Assigned to Appropriations,5
SB21-244,2021,RS,House,2021-05-07,House Committee on Refer Unamended to Legislative Council,6
SB21-244,2021,RS,House,2021-05-10,House Committee on Legislative Council Refer Unamended to House Committee of the Whole,7
SB21-244,2021,RS,House,2021-05-12,House Second Reading Laid Over Daily - No Amendments,8
SB21-244,2021,RS,House,2021-05-17,House Second Reading Laid Over to 05/19/2021 - No Amendments,9
SB21-244,2021,RS,House,2021-06-02,House Second Reading Special Order - Passed - No Amendments,10
SB21-244,2021,RS,House,2021-06-03,House Third Reading Passed - No Amendments,11
SB21-244,2021,RS,Senate,2021-06-17,Signed by the President of the Senate,12
SB21-244,2021,RS,House,2021-06-17,Signed by the Speaker of the House,13
SB21-244,2021,RS,Governor,2021-06-17,Sent to the Governor,14
SB21-244,2021,RS,Governor,2021-06-21,Governor Signed,15
SB21-245,2021,RS,Senate,2021-04-14,Introduced In Senate - Assigned to Agriculture & Natural Resources,1
SB21-245,2021,RS,Senate,2021-05-12,Senate Committee on Agriculture & Natural Resources Refer Amended to Appropriations,2
SB21-245,2021,RS,Senate,2021-05-21,Senate Committee on Appropriations Refer Amended - Consent Calendar to Senate Committee of the Whole,3
SB21-245,2021,RS,Senate,2021-05-21,Senate Second Reading Special Order - Passed with Amendments - Committee,4
SB21-245,2021,RS,Senate,2021-05-24,Senate Third Reading Passed - No Amendments,5
SB21-245,2021,RS,House,2021-05-24,Introduced In House - Assigned to Energy & Environment,6
SB21-245,2021,RS,House,2021-05-27,House Committee on Energy & Environment Refer Unamended to Appropriations,7
SB21-245,2021,RS,House,2021-06-01,House Committee on Appropriations Refer Amended to House Committee of the Whole,8
SB21-245,2021,RS,House,2021-06-01,House Second Reading Special Order - Passed with Amendments - Committee,9
SB21-245,2021,RS,House,2021-06-02,House Third Reading Laid Over Daily - No Amendments,10
SB21-245,2021,RS,House,2021-06-03,House Third Reading Passed - No Amendments,11
SB21-245,2021,RS,Senate,2021-06-03,Senate Considered House Amendments - Result was to Concur - Repass,12
SB21-245,2021,RS,Senate,2021-06-16,Signed by the President of the Senate,13
SB21-245,2021,RS,House,2021-06-16,Signed by the Speaker of the House,14
SB21-245,2021,RS,Governor,2021-06-16,Sent to the Governor,15
SB21-245,2021,RS,Governor,2021-06-27,Governor Signed,16
SB21-246,2021,RS,Senate,2021-04-16,Introduced In Senate - Assigned to Transportation & Energy,1
SB21-246,2021,RS,Senate,2021-04-29,Senate Committee on Transportation & Energy Refer Amended to Appropriations,2
SB21-246,2021,RS,Senate,2021-05-07,Senate Committee on Appropriations Refer Unamended to Senate Committee of the Whole,3
SB21-246,2021,RS,Senate,2021-05-11,"Senate Second Reading Passed with Amendments - Committee, Floor",4
SB21-246,2021,RS,Senate,2021-05-12,Senate Third Reading Passed - No Amendments,5
SB21-246,2021,RS,House,2021-05-12,Introduced In House - Assigned to Energy & Environment,6
SB21-246,2021,RS,House,2021-05-27,House Committee on Energy & Environment Refer Unamended to Appropriations,7
SB21-246,2021,RS,House,2021-06-04,House Committee on Appropriations Refer Amended to House Committee of the Whole,8
SB21-246,2021,RS,House,2021-06-04,House Second Reading Special Order - Passed with Amendments - Committee,9
SB21-246,2021,RS,House,2021-06-07,House Third Reading Passed - No Amendments,10
SB21-246,2021,RS,Senate,2021-06-08,Senate Considered House Amendments - Result was to Concur - Repass,11
SB21-246,2021,RS,Senate,2021-06-15,Signed by the President of the Senate,12
SB21-246,2021,RS,House,2021-06-15,Signed by the Speaker of the House,13
SB21-246,2021,RS,Governor,2021-06-15,Sent to the Governor,14
SB21-246,2021,RS,Governor,2021-06-21,Governor Signed,15
SB21-247,2021,RS,Senate,2021-04-16,"Introduced In Senate - Assigned to State, Veterans, & Military Affairs",1
SB21-247,2021,RS,Senate,2021-04-20,"Senate Committee on State, Veterans, & Military Affairs Refer Amended to Appropriations",2
SB21-247,2021,RS,Senate,2021-04-23,Senate Committee on Appropriations Refer Unamended - Consent Calendar to Senate Committee of the Whole,3
SB21-247,2021,RS,Senate,2021-04-23,Senate Second Reading Special Order - Passed with Amendments - Committee,4
SB21-247,2021,RS,Senate,2021-04-26,Senate Third Reading Passed - No Amendments,5
SB21-247,2021,RS,House,2021-04-26,"Introduced In House - Assigned to State, Civic, Military, & Veterans Affairs",6
SB21-247,2021,RS,House,2021-05-03,"House Committee on State, Civic, Military, & Veterans Affairs Refer Amended to House Committee of the Whole",7
SB21-247,2021,RS,House,2021-05-04,House Second Reading Special Order - Passed with Amendments - Committee,8
SB21-247,2021,RS,House,2021-05-05,House Third Reading Laid Over to 05/19/2021 - No Amendments,9
SB21-247,2021,RS,House,2021-05-24,House Third Reading Laid Over to 05/26/2021 - No Amendments,10
SB21-247,2021,RS,House,2021-05-26,House Third Reading Laid Over Daily - No Amendments,11
SB21-247,2021,RS,House,2021-06-03,House Third Reading Laid Over to 07/08/2021 - No Amendments,12
SB21-248,2021,RS,Senate,2021-04-21,Introduced In Senate - Assigned to Agriculture & Natural Resources,1
SB21-248,2021,RS,Senate,2021-05-05,Senate Committee on Agriculture & Natural Resources Refer Amended to Appropriations,2
SB21-248,2021,RS,Senate,2021-05-14,Senate Committee on Appropriations Refer Amended to Senate Committee of the Whole,3
SB21-248,2021,RS,Senate,2021-05-18,"Senate Second Reading Passed with Amendments - Committee, Floor",4
SB21-248,2021,RS,Senate,2021-05-19,Senate Third Reading Passed - No Amendments,5
SB21-248,2021,RS,House,2021-05-19,"Introduced In House - Assigned to Agriculture, Livestock, & Water",6
SB21-248,2021,RS,House,2021-05-27,"House Committee on Agriculture, Livestock, & Water Refer Amended to Appropriations",7
SB21-248,2021,RS,House,2021-06-01,House Committee on Appropriations Refer Amended to House Committee of the Whole,8
SB21-248,2021,RS,House,2021-06-01,"House Second Reading Special Order - Passed with Amendments - Committee, Floor",9
SB21-248,2021,RS,House,2021-06-02,House Third Reading Laid Over Daily - No Amendments,10
SB21-248,2021,RS,House,2021-06-03,House Third Reading Passed - No Amendments,11
SB21-248,2021,RS,Senate,2021-06-03,Senate Considered House Amendments - Result was to Not Concur - Request Conference Committee,12
SB21-248,2021,RS,ConfComm,2021-06-07,First Conference Committee Result was to Adopt Rerevised w/ Amendments,13
SB21-248,2021,RS,Senate,2021-06-08,Senate Consideration of First Conference Committee Report result was to Adopt Committee Report - Repass,14
SB21-248,2021,RS,House,2021-06-08,House Consideration of First Conference Committee Report result was to Adopt Committee Report - Repass,15
SB21-248,2021,RS,Senate,2021-06-15,Signed by the President of the Senate,16
SB21-248,2021,RS,House,2021-06-15,Signed by the Speaker of the House,17
SB21-248,2021,RS,Governor,2021-06-15,Sent to the Governor,18
SB21-248,2021,RS,Governor,2021-06-29,Governor Signed,19
SB21-249,2021,RS,Senate,2021-04-23,Introduced In Senate - Assigned to Agriculture & Natural Resources,1
SB21-249,2021,RS,Senate,2021-05-06,Senate Committee on Agriculture & Natural Resources Refer Unamended to Appropriations,2
SB21-249,2021,RS,Senate,2021-05-06,Senate Committee on Agriculture & Natural Resources Refer Unamended to Finance,3
SB21-249,2021,RS,Senate,2021-05-12,Senate Committee on Finance Refer Unamended to Appropriations,4
SB21-249,2021,RS,Senate,2021-05-14,Senate Committee on Appropriations Refer Amended to Senate Committee of the Whole,5
SB21-249,2021,RS,Senate,2021-05-18,"Senate Second Reading Passed with Amendments - Committee, Floor",6
SB21-249,2021,RS,Senate,2021-05-19,Senate Third Reading Passed - No Amendments,7
SB21-249,2021,RS,House,2021-05-19,Introduced In House - Assigned to Energy & Environment,8
SB21-249,2021,RS,House,2021-05-27,House Committee on Energy & Environment Refer Unamended to Finance,9
SB21-249,2021,RS,House,2021-05-28,House Committee on Finance Refer Unamended to Appropriations,10
SB21-249,2021,RS,House,2021-06-01,House Committee on Appropriations Refer Amended to House Committee of the Whole,11
SB21-249,2021,RS,House,2021-06-01,House Second Reading Special Order - Passed with Amendments - Committee,12
SB21-249,2021,RS,House,2021-06-02,House Third Reading Laid Over Daily - No Amendments,13
SB21-249,2021,RS,House,2021-06-03,House Third Reading Passed - No Amendments,14
SB21-249,2021,RS,Senate,2021-06-03,Senate Considered House Amendments - Result was to Concur - Repass,15
SB21-249,2021,RS,Senate,2021-06-15,Signed by the President of the Senate,16
SB21-249,2021,RS,House,2021-06-15,Signed by the Speaker of the House,17
SB21-249,2021,RS,Governor,2021-06-15,Sent to the Governor,18
SB21-249,2021,RS,Governor,2021-06-21,Governor Signed,19
SB21-250,2021,RS,Senate,2021-04-26,"Introduced In Senate - Assigned to State, Veterans, & Military Affairs",1
SB21-250,2021,RS,Senate,2021-05-04,"Senate Committee on State, Veterans, & Military Affairs Refer Amended to Finance",2
SB21-250,2021,RS,Senate,2021-05-05,Senate Committee on Finance Refer Unamended to Appropriations,3
SB21-250,2021,RS,Senate,2021-05-07,Senate Committee on Appropriations Refer Amended to Senate Committee of the Whole,4
SB21-250,2021,RS,Senate,2021-05-11,"Senate Second Reading Passed with Amendments - Committee, Floor",5
SB21-250,2021,RS,Senate,2021-05-12,Senate Third Reading Passed - No Amendments,6
SB21-250,2021,RS,House,2021-05-12,"Introduced In House - Assigned to State, Civic, Military, & Veterans Affairs",7
SB21-250,2021,RS,House,2021-05-17,"House Committee on State, Civic, Military, & Veterans Affairs Refer Amended to Finance",8
SB21-250,2021,RS,House,2021-05-20,House Committee on Finance Refer Unamended to Appropriations,9
SB21-250,2021,RS,House,2021-05-26,House Committee on Appropriations Refer Unamended to House Committee of the Whole,10
SB21-250,2021,RS,House,2021-05-26,House Second Reading Special Order - Passed with Amendments - Committee,11
SB21-250,2021,RS,House,2021-05-27,House Third Reading Laid Over Daily - No Amendments,12
SB21-250,2021,RS,House,2021-06-03,House Third Reading Passed with Amendments - Floor,13
SB21-250,2021,RS,Senate,2021-06-07,Senate Considered House Amendments - Result was to Concur - Repass,14
SB21-250,2021,RS,Senate,2021-06-17,Signed by the President of the Senate,15
SB21-250,2021,RS,House,2021-06-17,Signed by the Speaker of the House,16
SB21-250,2021,RS,Governor,2021-06-17,Sent to the Governor,17
SB21-250,2021,RS,Governor,2021-06-21,Governor Signed,18
SB21-251,2021,RS,Senate,2021-04-29,Introduced In Senate - Assigned to Finance,1
SB21-251,2021,RS,Senate,2021-05-12,Senate Committee on Finance Refer Unamended to Appropriations,2
SB21-251,2021,RS,Senate,2021-05-21,Senate Committee on Appropriations Refer Amended to Senate Committee of the Whole,3
SB21-251,2021,RS,Senate,2021-05-21,Senate Second Reading Special Order - Passed with Amendments - Committee,4
SB21-251,2021,RS,Senate,2021-05-24,Senate Third Reading Passed - No Amendments,5
SB21-251,2021,RS,House,2021-05-24,Introduced In House - Assigned to Finance,6
SB21-251,2021,RS,House,2021-05-27,House Committee on Finance Refer Unamended to Appropriations,7
SB21-251,2021,RS,House,2021-06-01,House Committee on Appropriations Refer Unamended to House Committee of the Whole,8
SB21-251,2021,RS,House,2021-06-01,House Second Reading Special Order - Passed - No Amendments,9
SB21-251,2021,RS,House,2021-06-02,House Third Reading Laid Over Daily - No Amendments,10
SB21-251,2021,RS,House,2021-06-03,House Third Reading Passed - No Amendments,11
SB21-251,2021,RS,House,2021-06-10,Signed by the Speaker of the House,12
SB21-251,2021,RS,Senate,2021-06-10,Signed by the President of the Senate,13
SB21-251,2021,RS,Governor,2021-06-10,Sent to the Governor,14
SB21-251,2021,RS,Governor,2021-06-14,Governor Signed,15
SB21-252,2021,RS,Senate,2021-04-29,Introduced In Senate - Assigned to Local Government,1
SB21-252,2021,RS,Senate,2021-05-13,Senate Committee on Local Government Refer Amended to Appropriations,2
SB21-252,2021,RS,Senate,2021-05-19,Senate Committee on Appropriations Refer Unamended - Consent Calendar to Senate Committee of the Whole,3
SB21-252,2021,RS,Senate,2021-05-20,"Senate Second Reading Special Order - Passed with Amendments - Committee, Floor",4
SB21-252,2021,RS,Senate,2021-05-21,Senate Third Reading Passed - No Amendments,5
SB21-252,2021,RS,Senate,2021-05-21,Senate Third Reading Reconsidered - No Amendments,6
SB21-252,2021,RS,House,2021-05-24,Introduced In House - Assigned to Transportation & Local Government,7
SB21-252,2021,RS,House,2021-05-26,House Committee on Transportation & Local Government Refer Unamended to Appropriations,8
SB21-252,2021,RS,House,2021-05-28,House Committee on Appropriations Refer Amended to House Committee of the Whole,9
SB21-252,2021,RS,House,2021-06-01,House Second Reading Special Order - Passed with Amendments - Committee,10
SB21-252,2021,RS,House,2021-06-02,House Third Reading Laid Over Daily - No Amendments,11
SB21-252,2021,RS,House,2021-06-03,House Third Reading Passed - No Amendments,12
SB21-252,2021,RS,Senate,2021-06-03,Senate Considered House Amendments - Result was to Concur - Repass,13
SB21-252,2021,RS,House,2021-06-10,Signed by the Speaker of the House,14
SB21-252,2021,RS,Senate,2021-06-10,Signed by the President of the Senate,15
SB21-252,2021,RS,Governor,2021-06-10,Sent to the Governor,16
SB21-252,2021,RS,Governor,2021-06-16,Governor Signed,17
SB21-253,2021,RS,Senate,2021-04-29,Introduced In Senate - Assigned to Finance,1
SB21-253,2021,RS,Senate,2021-05-05,Senate Committee on Finance Refer Unamended to Appropriations,2
SB21-253,2021,RS,Senate,2021-05-14,Senate Committee on Appropriations Refer Amended to Senate Committee of the Whole,3
SB21-253,2021,RS,Senate,2021-05-18,Senate Second Reading Passed with Amendments - Committee,4
SB21-253,2021,RS,Senate,2021-05-19,Senate Third Reading Passed - No Amendments,5
SB21-253,2021,RS,House,2021-05-19,Introduced In House - Assigned to Finance,6
SB21-253,2021,RS,House,2021-05-27,House Committee on Finance Refer Unamended to Appropriations,7
SB21-253,2021,RS,House,2021-05-28,House Committee on Appropriations Refer Unamended to House Committee of the Whole,8
SB21-253,2021,RS,House,2021-05-28,House Second Reading Special Order - Passed - No Amendments,9
SB21-253,2021,RS,House,2021-06-01,House Third Reading Passed - No Amendments,10
SB21-253,2021,RS,Senate,2021-06-22,Signed by the President of the Senate,11
SB21-253,2021,RS,House,2021-06-22,Signed by the Speaker of the House,12
SB21-253,2021,RS,Governor,2021-06-22,Sent to the Governor,13
SB21-253,2021,RS,Governor,2021-06-24,Governor Signed,14
SB21-254,2021,RS,Senate,2021-04-29,Introduced In Senate - Assigned to Health & Human Services,1
SB21-254,2021,RS,Senate,2021-05-05,Senate Committee on Health & Human Services Refer Unamended - Consent Calendar to Senate Committee of the Whole,2
SB21-254,2021,RS,Senate,2021-05-10,Senate Second Reading Passed - No Amendments,3
SB21-254,2021,RS,Senate,2021-05-11,Senate Third Reading Passed - No Amendments,4
SB21-254,2021,RS,House,2021-05-11,Introduced In House - Assigned to Education,5
SB21-254,2021,RS,House,2021-05-27,House Committee on Education Refer Unamended to House Committee of the Whole,6
SB21-254,2021,RS,House,2021-06-01,House Second Reading Special Order - Passed - No Amendments,7
SB21-254,2021,RS,House,2021-06-02,House Third Reading Laid Over Daily - No Amendments,8
SB21-254,2021,RS,House,2021-06-03,House Third Reading Passed - No Amendments,9
SB21-254,2021,RS,Senate,2021-06-17,Signed by the President of the Senate,10
SB21-254,2021,RS,House,2021-06-17,Signed by the Speaker of the House,11
SB21-254,2021,RS,Governor,2021-06-17,Sent to the Governor,12
SB21-254,2021,RS,Governor,2021-06-30,Governor Signed,13
SB21-255,2021,RS,Senate,2021-04-29,Introduced In Senate - Assigned to Education,1
SB21-255,2021,RS,Senate,2021-05-13,Senate Committee on Education Refer Amended to Appropriations,2
SB21-255,2021,RS,Senate,2021-05-21,Senate Committee on Appropriations Refer Amended to Senate Committee of the Whole,3
SB21-255,2021,RS,Senate,2021-05-21,Senate Second Reading Special Order - Passed with Amendments - Committee,4
SB21-255,2021,RS,Senate,2021-05-24,Senate Third Reading Passed - No Amendments,5
SB21-255,2021,RS,House,2021-05-24,Introduced In House - Assigned to Health & Insurance,6
SB21-255,2021,RS,House,2021-05-28,House Committee on Health & Insurance Refer Unamended to Appropriations,7
SB21-255,2021,RS,House,2021-06-02,House Committee on Appropriations Refer Amended to House Committee of the Whole,8
SB21-255,2021,RS,House,2021-06-02,House Second Reading Special Order - Passed with Amendments - Committee,9
SB21-255,2021,RS,House,2021-06-03,House Third Reading Passed - No Amendments,10
SB21-255,2021,RS,Senate,2021-06-03,Senate Considered House Amendments - Result was to Concur - Repass,11
SB21-255,2021,RS,Senate,2021-06-23,Signed by the President of the Senate,12
SB21-255,2021,RS,House,2021-06-23,Signed by the Speaker of the House,13
SB21-255,2021,RS,Governor,2021-06-23,Sent to the Governor,14
SB21-255,2021,RS,Governor,2021-07-06,Governor Signed,15
SB21-256,2021,RS,Senate,2021-04-29,"Introduced In Senate - Assigned to State, Veterans, & Military Affairs",1
SB21-256,2021,RS,Senate,2021-05-11,"Senate Committee on State, Veterans, & Military Affairs Refer Amended to Senate Committee of the Whole",2
SB21-256,2021,RS,Senate,2021-05-14,Senate Second Reading Laid Over Daily - No Amendments,3
SB21-256,2021,RS,Senate,2021-05-17,"Senate Second Reading Passed with Amendments - Committee, Floor",4
SB21-256,2021,RS,Senate,2021-05-18,Senate Third Reading Passed - No Amendments,5
SB21-256,2021,RS,House,2021-05-18,"Introduced In House - Assigned to State, Civic, Military, & Veterans Affairs",6
SB21-256,2021,RS,House,2021-05-24,"House Committee on State, Civic, Military, & Veterans Affairs Refer Unamended to House Committee of the Whole",7
SB21-256,2021,RS,House,2021-05-27,House Second Reading Laid Over Daily - No Amendments,8
SB21-256,2021,RS,House,2021-06-01,House Second Reading Special Order - Passed with Amendments - Floor,9
SB21-256,2021,RS,House,2021-06-02,House Third Reading Laid Over Daily - No Amendments,10
SB21-256,2021,RS,House,2021-06-03,House Third Reading Passed - No Amendments,11
SB21-256,2021,RS,Senate,2021-06-03,Senate Considered House Amendments - Result was to Concur - Repass,12
SB21-256,2021,RS,Senate,2021-06-03,Senate Considered House Amendments - Result was to Reconsider,13
SB21-256,2021,RS,Senate,2021-06-14,Signed by the President of the Senate,14
SB21-256,2021,RS,House,2021-06-14,Signed by the Speaker of the House,15
SB21-256,2021,RS,Governor,2021-06-15,Sent to the Governor,16
SB21-256,2021,RS,Governor,2021-06-19,Governor Signed,17
SB21-257,2021,RS,Senate,2021-04-29,Introduced In Senate - Assigned to Finance,1
SB21-257,2021,RS,Senate,2021-05-12,Senate Committee on Finance Refer Unamended to Appropriations,2
SB21-257,2021,RS,Senate,2021-05-21,Senate Committee on Appropriations Refer Unamended to Senate Committee of the Whole,3
SB21-257,2021,RS,Senate,2021-05-21,Senate Second Reading Special Order - Passed - No Amendments,4
SB21-257,2021,RS,Senate,2021-05-24,Senate Third Reading Passed - No Amendments,5
SB21-257,2021,RS,House,2021-05-24,Introduced In House - Assigned to Finance,6
SB21-257,2021,RS,House,2021-05-27,House Committee on Finance Refer Unamended to Appropriations,7
SB21-257,2021,RS,House,2021-06-04,House Committee on Appropriations Refer Unamended to House Committee of the Whole,8
SB21-257,2021,RS,House,2021-06-04,House Second Reading Special Order - Passed - No Amendments,9
SB21-257,2021,RS,House,2021-06-07,House Third Reading Passed - No Amendments,10
SB21-257,2021,RS,Senate,2021-06-17,Signed by the President of the Senate,11
SB21-257,2021,RS,House,2021-06-17,Signed by the Speaker of the House,12
SB21-257,2021,RS,Governor,2021-06-17,Sent to the Governor,13
SB21-257,2021,RS,Governor,2021-07-07,Governor Signed,14
SB21-258,2021,RS,Senate,2021-04-29,Introduced In Senate - Assigned to Local Government,1
SB21-258,2021,RS,Senate,2021-05-18,Senate Committee on Local Government Refer Unamended to Appropriations,2
SB21-258,2021,RS,Senate,2021-05-24,Senate Committee on Appropriations Refer Unamended - Consent Calendar to Senate Committee of the Whole,3
SB21-258,2021,RS,Senate,2021-05-24,Senate Second Reading Special Order - Passed - No Amendments,4
SB21-258,2021,RS,Senate,2021-05-25,Senate Third Reading Passed - No Amendments,5
SB21-258,2021,RS,House,2021-05-25,Introduced In House - Assigned to Energy & Environment,6
SB21-258,2021,RS,House,2021-06-01,House Committee on Energy & Environment Refer Unamended to Appropriations,7
SB21-258,2021,RS,House,2021-06-03,House Committee on Appropriations Refer Unamended to House Committee of the Whole,8
SB21-258,2021,RS,House,2021-06-03,House Second Reading Special Order - Passed - No Amendments,9
SB21-258,2021,RS,House,2021-06-04,House Third Reading Laid Over Daily - No Amendments,10
SB21-258,2021,RS,House,2021-06-07,House Third Reading Passed - No Amendments,11
SB21-258,2021,RS,House,2021-06-10,Signed by the Speaker of the House,12
SB21-258,2021,RS,Senate,2021-06-10,Signed by the President of the Senate,13
SB21-258,2021,RS,Governor,2021-06-10,Sent to the Governor,14
SB21-258,2021,RS,Governor,2021-06-15,Governor Signed,15
SB21-259,2021,RS,Senate,2021-05-03,Introduced In Senate - Assigned to Finance,1
SB21-259,2021,RS,Senate,2021-05-17,Senate Committee on Finance Refer Unamended to Senate Committee of the Whole,2
SB21-259,2021,RS,Senate,2021-05-19,Senate Second Reading Passed - No Amendments,3
SB21-259,2021,RS,Senate,2021-05-20,Senate Third Reading Passed - No Amendments,4
SB21-259,2021,RS,House,2021-05-20,Introduced In House - Assigned to Business Affairs & Labor,5
SB21-259,2021,RS,House,2021-05-26,House Committee on Business Affairs & Labor Refer Unamended to House Committee of the Whole,6
SB21-259,2021,RS,House,2021-05-27,House Second Reading Special Order - Passed - No Amendments,7
SB21-259,2021,RS,House,2021-05-28,House Third Reading Passed - No Amendments,8
SB21-259,2021,RS,Senate,2021-06-11,Signed by the President of the Senate,9
SB21-259,2021,RS,House,2021-06-11,Signed by the Speaker of the House,10
SB21-259,2021,RS,Governor,2021-06-11,Sent to the Governor,11
SB21-259,2021,RS,Governor,2021-06-30,Governor Signed,12
SB21-260,2021,RS,Senate,2021-05-04,Introduced In Senate - Assigned to Finance,1
SB21-260,2021,RS,Senate,2021-05-10,Senate Committee on Finance Refer Amended to Appropriations,2
SB21-260,2021,RS,Senate,2021-05-12,Senate Committee on Appropriations Refer Amended to Senate Committee of the Whole,3
SB21-260,2021,RS,Senate,2021-05-14,"Senate Second Reading Passed with Amendments - Committee, Floor",4
SB21-260,2021,RS,Senate,2021-05-17,Senate Third Reading Passed with Amendments - Floor,5
SB21-260,2021,RS,House,2021-05-17,Introduced In House - Assigned to Finance,6
SB21-260,2021,RS,House,2021-05-24,House Committee on Finance Refer Amended to Appropriations,7
SB21-260,2021,RS,House,2021-05-28,House Committee on Appropriations Refer Amended to House Committee of the Whole,8
SB21-260,2021,RS,House,2021-05-28,"House Second Reading Special Order - Passed with Amendments - Committee, Floor",9
SB21-260,2021,RS,House,2021-06-01,House Third Reading Laid Over Daily - No Amendments,10
SB21-260,2021,RS,House,2021-06-02,House Third Reading Passed - No Amendments,11
SB21-260,2021,RS,Senate,2021-06-02,Senate Considered House Amendments - Result was to Concur - Repass,12
SB21-260,2021,RS,Senate,2021-06-08,Signed by the President of the Senate,13
SB21-260,2021,RS,House,2021-06-08,Signed by the Speaker of the House,14
SB21-260,2021,RS,Governor,2021-06-08,Sent to the Governor,15
SB21-260,2021,RS,Governor,2021-06-17,Governor Signed,16
SB21-261,2021,RS,Senate,2021-05-04,Introduced In Senate - Assigned to Transportation & Energy,1
SB21-261,2021,RS,Senate,2021-05-13,Senate Committee on Transportation & Energy Refer Unamended to Senate Committee of the Whole,2
SB21-261,2021,RS,Senate,2021-05-17,Senate Second Reading Laid Over Daily - No Amendments,3
SB21-261,2021,RS,Senate,2021-05-19,Senate Second Reading Passed with Amendments - Floor,4
SB21-261,2021,RS,Senate,2021-05-20,Senate Third Reading Passed with Amendments - Floor,5
SB21-261,2021,RS,House,2021-05-20,Introduced In House - Assigned to Energy & Environment,6
SB21-261,2021,RS,House,2021-05-27,House Committee on Energy & Environment Refer Amended to Appropriations,7
SB21-261,2021,RS,House,2021-06-04,House Committee on Appropriations Refer Amended to House Committee of the Whole,8
SB21-261,2021,RS,House,2021-06-04,"House Second Reading Special Order - Passed with Amendments - Committee, Floor",9
SB21-261,2021,RS,House,2021-06-07,House Third Reading Passed - No Amendments,10
SB21-261,2021,RS,Senate,2021-06-08,Senate Considered House Amendments - Result was to Concur - Repass,11
SB21-261,2021,RS,Senate,2021-06-18,Signed by the President of the Senate,12
SB21-261,2021,RS,House,2021-06-18,Signed by the Speaker of the House,13
SB21-261,2021,RS,Governor,2021-06-18,Sent to the Governor,14
SB21-261,2021,RS,Governor,2021-06-21,Governor Signed,15
SB21-262,2021,RS,Senate,2021-05-05,Introduced In Senate - Assigned to Local Government,1
SB21-262,2021,RS,Senate,2021-05-13,Senate Committee on Local Government Refer Unamended to Senate Committee of the Whole,2
SB21-262,2021,RS,Senate,2021-05-17,Senate Second Reading Laid Over to 05/19/2021 - No Amendments,3
SB21-262,2021,RS,Senate,2021-05-19,Senate Second Reading Passed with Amendments - Floor,4
SB21-262,2021,RS,Senate,2021-05-20,Senate Third Reading Passed - No Amendments,5
SB21-262,2021,RS,House,2021-05-24,Introduced In House - Assigned to Transportation & Local Government,6
SB21-262,2021,RS,House,2021-06-02,House Committee on Transportation & Local Government Refer Amended to House Committee of the Whole,7
SB21-262,2021,RS,House,2021-06-04,House Second Reading Special Order - Passed with Amendments - Committee,8
SB21-262,2021,RS,House,2021-06-07,House Third Reading Passed - No Amendments,9
SB21-262,2021,RS,Senate,2021-06-08,Senate Considered House Amendments - Result was to Concur - Repass,10
SB21-262,2021,RS,Senate,2021-06-22,Signed by the President of the Senate,11
SB21-262,2021,RS,House,2021-06-22,Signed by the Speaker of the House,12
SB21-262,2021,RS,Governor,2021-06-22,Sent to the Governor,13
SB21-262,2021,RS,Governor,2021-06-28,Governor Signed,14
SB21-263,2021,RS,Senate,2021-05-05,Introduced In Senate - Assigned to Local Government,1
SB21-263,2021,RS,Senate,2021-05-18,Senate Committee on Local Government Refer Unamended - Consent Calendar to Senate Committee of the Whole,2
SB21-263,2021,RS,Senate,2021-05-20,Senate Second Reading Passed - No Amendments,3
SB21-263,2021,RS,Senate,2021-05-21,Senate Third Reading Passed - No Amendments,4
SB21-263,2021,RS,House,2021-05-24,Introduced In House - Assigned to Transportation & Local Government,5
SB21-263,2021,RS,House,2021-05-26,House Committee on Transportation & Local Government Refer Unamended to House Committee of the Whole,6
SB21-263,2021,RS,House,2021-05-27,House Second Reading Special Order - Passed - No Amendments,7
SB21-263,2021,RS,House,2021-05-28,House Third Reading Passed - No Amendments,8
SB21-263,2021,RS,Senate,2021-06-11,Signed by the President of the Senate,9
SB21-263,2021,RS,House,2021-06-11,Signed by the Speaker of the House,10
SB21-263,2021,RS,Governor,2021-06-11,Sent to the Governor,11
SB21-263,2021,RS,Governor,2021-06-30,Governor Signed,12
SB21-264,2021,RS,Senate,2021-05-05,Introduced In Senate - Assigned to Transportation & Energy,1
SB21-264,2021,RS,Senate,2021-05-26,Senate Committee on Transportation & Energy Refer Amended to Appropriations,2
SB21-264,2021,RS,Senate,2021-06-01,Senate Committee on Appropriations Refer Unamended to Senate Committee of the Whole,3
SB21-264,2021,RS,Senate,2021-06-02,"Senate Second Reading Special Order - Passed with Amendments - Committee, Floor",4
SB21-264,2021,RS,Senate,2021-06-03,Senate Third Reading Passed with Amendments - Floor,5
SB21-264,2021,RS,House,2021-06-04,Introduced In House - Assigned to Energy & Environment,6
SB21-264,2021,RS,House,2021-06-07,House Committee on Energy & Environment Refer Amended to Appropriations,7
SB21-264,2021,RS,House,2021-06-07,House Committee on Appropriations Refer Amended to House Committee of the Whole,8
SB21-264,2021,RS,House,2021-06-07,"House Second Reading Special Order - Passed with Amendments - Committee, Floor",9
SB21-264,2021,RS,House,2021-06-08,House Third Reading Passed - No Amendments,10
SB21-264,2021,RS,Senate,2021-06-08,Senate Considered House Amendments - Result was to Concur - Repass,11
SB21-264,2021,RS,Senate,2021-06-15,Signed by the President of the Senate,12
SB21-264,2021,RS,House,2021-06-15,Signed by the Speaker of the House,13
SB21-264,2021,RS,Governor,2021-06-15,Sent to the Governor,14
SB21-264,2021,RS,Governor,2021-06-24,Governor Signed,15
SB21-265,2021,RS,Senate,2021-05-06,Introduced In Senate - Assigned to Appropriations,1
SB21-265,2021,RS,Senate,2021-05-12,Senate Committee on Appropriations Refer Unamended - Consent Calendar to Senate Committee of the Whole,2
SB21-265,2021,RS,Senate,2021-05-14,Senate Second Reading Passed - No Amendments,3
SB21-265,2021,RS,Senate,2021-05-17,Senate Third Reading Passed - No Amendments,4
SB21-265,2021,RS,House,2021-05-19,Introduced In House - Assigned to Appropriations,5
SB21-265,2021,RS,House,2021-05-26,House Committee on Appropriations Refer Unamended to House Committee of the Whole,6
SB21-265,2021,RS,House,2021-05-28,House Second Reading Special Order - Passed - No Amendments,7
SB21-265,2021,RS,House,2021-06-01,House Third Reading Passed - No Amendments,8
SB21-265,2021,RS,Senate,2021-06-15,Signed by the President of the Senate,9
SB21-265,2021,RS,House,2021-06-15,Signed by the Speaker of the House,10
SB21-265,2021,RS,Governor,2021-06-15,Sent to the Governor,11
SB21-265,2021,RS,Governor,2021-06-18,Governor Signed,12
SB21-266,2021,RS,Senate,2021-05-07,Introduced In Senate - Assigned to Judiciary,1
SB21-266,2021,RS,Senate,2021-05-12,Senate Committee on Judiciary Refer Unamended - Consent Calendar to Senate Committee of the Whole,2
SB21-266,2021,RS,Senate,2021-05-17,Senate Second Reading Passed - No Amendments,3
SB21-266,2021,RS,Senate,2021-05-18,Senate Third Reading Passed with Amendments - Floor,4
SB21-266,2021,RS,House,2021-05-18,Introduced In House - Assigned to Judiciary,5
SB21-266,2021,RS,House,2021-05-26,House Committee on Judiciary Refer Unamended to House Committee of the Whole,6
SB21-266,2021,RS,House,2021-05-27,House Second Reading Special Order - Passed - No Amendments,7
SB21-266,2021,RS,House,2021-05-28,House Third Reading Passed - No Amendments,8
SB21-266,2021,RS,House,2021-06-10,Signed by the Speaker of the House,9
SB21-266,2021,RS,Senate,2021-06-10,Signed by the President of the Senate,10
SB21-266,2021,RS,Governor,2021-06-10,Sent to the Governor,11
SB21-266,2021,RS,Governor,2021-07-02,Governor Signed,12
SB21-267,2021,RS,Senate,2021-05-07,Introduced In Senate - Assigned to Appropriations,1
SB21-267,2021,RS,Senate,2021-05-14,Senate Committee on Appropriations Refer Unamended - Consent Calendar to Senate Committee of the Whole,2
SB21-267,2021,RS,Senate,2021-05-18,Senate Second Reading Passed - No Amendments,3
SB21-267,2021,RS,Senate,2021-05-19,Senate Third Reading Passed - No Amendments,4
SB21-267,2021,RS,House,2021-05-19,Introduced In House - Assigned to Appropriations,5
SB21-267,2021,RS,House,2021-05-26,House Committee on Appropriations Refer Unamended to House Committee of the Whole,6
SB21-267,2021,RS,House,2021-05-26,House Second Reading Special Order - Passed - No Amendments,7
SB21-267,2021,RS,House,2021-05-27,House Third Reading Laid Over Daily - No Amendments,8
SB21-267,2021,RS,House,2021-05-28,House Third Reading Passed - No Amendments,9
SB21-267,2021,RS,Senate,2021-06-11,Signed by the President of the Senate,10
SB21-267,2021,RS,House,2021-06-11,Signed by the Speaker of the House,11
SB21-267,2021,RS,Governor,2021-06-11,Sent to the Governor,12
SB21-267,2021,RS,Governor,2021-06-21,Governor Signed,13
SB21-268,2021,RS,Senate,2021-05-11,Introduced In Senate - Assigned to Education,1
SB21-268,2021,RS,Senate,2021-05-13,Senate Committee on Education Refer Amended to Appropriations,2
SB21-268,2021,RS,Senate,2021-05-14,Senate Committee on Appropriations Refer Amended to Senate Committee of the Whole,3
SB21-268,2021,RS,Senate,2021-05-14,"Senate Second Reading Special Order - Passed with Amendments - Committee, Floor",4
SB21-268,2021,RS,Senate,2021-05-17,Senate Third Reading Passed - No Amendments,5
SB21-268,2021,RS,House,2021-05-17,Introduced In House - Assigned to Education,6
SB21-268,2021,RS,House,2021-05-19,House Committee on Education Refer Amended to Appropriations,7
SB21-268,2021,RS,House,2021-06-02,House Committee on Appropriations Refer Amended to House Committee of the Whole,8
SB21-268,2021,RS,House,2021-06-02,"House Second Reading Special Order - Passed with Amendments - Committee, Floor",9
SB21-268,2021,RS,House,2021-06-03,House Third Reading Passed with Amendments - Floor,10
SB21-268,2021,RS,Senate,2021-06-03,Senate Considered House Amendments - Result was to Concur - Repass,11
SB21-268,2021,RS,House,2021-06-10,Signed by the Speaker of the House,12
SB21-268,2021,RS,Governor,2021-06-10,Sent to the Governor,13
SB21-268,2021,RS,Senate,2021-06-10,Signed by the President of the Senate,14
SB21-268,2021,RS,Governor,2021-06-11,Governor Signed,15
SB21-269,2021,RS,Senate,2021-05-12,Introduced In Senate - Assigned to Health & Human Services,1
SB21-269,2021,RS,Senate,2021-05-24,Senate Committee on Health & Human Services Refer Unamended to Appropriations,2
SB21-269,2021,RS,Senate,2021-05-26,Senate Committee on Appropriations Refer Amended - Consent Calendar to Senate Committee of the Whole,3
SB21-269,2021,RS,Senate,2021-05-26,Senate Second Reading Passed with Amendments - Committee,4
SB21-269,2021,RS,Senate,2021-05-27,Senate Third Reading Passed - No Amendments,5
SB21-269,2021,RS,House,2021-05-28,Introduced In House - Assigned to Appropriations,6
SB21-269,2021,RS,House,2021-06-03,House Committee on Appropriations Refer Unamended to House Committee of the Whole,7
SB21-269,2021,RS,House,2021-06-03,House Second Reading Special Order - Passed - No Amendments,8
SB21-269,2021,RS,House,2021-06-04,House Third Reading Laid Over Daily - No Amendments,9
SB21-269,2021,RS,House,2021-06-07,House Third Reading Passed - No Amendments,10
SB21-269,2021,RS,Senate,2021-06-23,Signed by the President of the Senate,11
SB21-269,2021,RS,House,2021-06-23,Signed by the Speaker of the House,12
SB21-269,2021,RS,Governor,2021-06-23,Sent to the Governor,13
SB21-269,2021,RS,Governor,2021-07-02,Governor Signed,14
SB21-270,2021,RS,Senate,2021-05-13,"Introduced In Senate - Assigned to Business, Labor, & Technology",1
SB21-270,2021,RS,Senate,2021-05-19,"Senate Committee on Business, Labor, & Technology Refer Unamended - Consent Calendar to Senate Committee of the Whole",2
SB21-270,2021,RS,Senate,2021-05-20,Senate Second Reading Special Order - Passed - No Amendments,3
SB21-270,2021,RS,Senate,2021-05-21,Senate Third Reading Passed - No Amendments,4
SB21-270,2021,RS,House,2021-05-24,Introduced In House - Assigned to Finance,5
SB21-270,2021,RS,House,2021-05-27,House Committee on Finance Refer Unamended to House Committee of the Whole,6
SB21-270,2021,RS,House,2021-06-01,House Second Reading Special Order - Passed - No Amendments,7
SB21-270,2021,RS,House,2021-06-02,House Third Reading Laid Over Daily - No Amendments,8
SB21-270,2021,RS,House,2021-06-03,House Third Reading Passed - No Amendments,9
SB21-270,2021,RS,Senate,2021-06-23,Signed by the President of the Senate,10
SB21-270,2021,RS,House,2021-06-23,Signed by the Speaker of the House,11
SB21-270,2021,RS,Governor,2021-06-23,Sent to the Governor,12
SB21-270,2021,RS,Governor,2021-07-07,Governor Signed,13
SB21-271,2021,RS,Senate,2021-05-13,Introduced In Senate - Assigned to Judiciary,1
SB21-271,2021,RS,Senate,2021-05-19,Senate Committee on Judiciary Refer Amended to Appropriations,2
SB21-271,2021,RS,Senate,2021-05-26,Senate Committee on Appropriations Refer Amended to Senate Committee of the Whole,3
SB21-271,2021,RS,Senate,2021-05-26,"Senate Second Reading Special Order - Passed with Amendments - Committee, Floor",4
SB21-271,2021,RS,Senate,2021-05-27,Senate Third Reading Passed with Amendments - Floor,5
SB21-271,2021,RS,House,2021-05-28,Introduced In House - Assigned to Judiciary,6
SB21-271,2021,RS,House,2021-06-03,House Committee on Judiciary Refer Unamended to Appropriations,7
SB21-271,2021,RS,House,2021-06-04,House Committee on Appropriations Refer Unamended to House Committee of the Whole,8
SB21-271,2021,RS,House,2021-06-04,House Second Reading Special Order - Laid Over Daily - No Amendments,9
SB21-271,2021,RS,House,2021-06-07,House Second Reading Special Order - Passed - No Amendments,10
SB21-271,2021,RS,House,2021-06-08,House Third Reading Passed - No Amendments,11
SB21-271,2021,RS,Senate,2021-06-25,Signed by the President of the Senate,12
SB21-271,2021,RS,House,2021-06-25,Signed by the Speaker of the House,13
SB21-271,2021,RS,Governor,2021-06-25,Sent to the Governor,14
SB21-271,2021,RS,Governor,2021-07-06,Governor Signed,15
SB21-272,2021,RS,Senate,2021-05-14,Introduced In Senate - Assigned to Transportation & Energy,1
SB21-272,2021,RS,Senate,2021-05-25,Senate Committee on Transportation & Energy Refer Amended to Finance,2
SB21-272,2021,RS,Senate,2021-05-26,Senate Committee on Finance Refer Unamended to Appropriations,3
SB21-272,2021,RS,Senate,2021-05-28,Senate Committee on Appropriations Refer Amended to Senate Committee of the Whole,4
SB21-272,2021,RS,Senate,2021-05-28,"Senate Second Reading Special Order - Passed with Amendments - Committee, Floor",5
SB21-272,2021,RS,Senate,2021-06-01,Senate Third Reading Passed - No Amendments,6
SB21-272,2021,RS,House,2021-06-01,"Introduced In House - Assigned to State, Civic, Military, & Veterans Affairs",7
SB21-272,2021,RS,House,2021-06-03,"House Committee on State, Civic, Military, & Veterans Affairs Refer Amended to Finance",8
SB21-272,2021,RS,House,2021-06-04,House Committee on Finance Refer Unamended to Appropriations,9
SB21-272,2021,RS,House,2021-06-04,House Committee on Appropriations Refer Amended to House Committee of the Whole,10
SB21-272,2021,RS,House,2021-06-04,"House Second Reading Special Order - Passed with Amendments - Committee, Floor",11
SB21-272,2021,RS,House,2021-06-07,House Third Reading Passed - No Amendments,12
SB21-272,2021,RS,Senate,2021-06-08,Senate Considered House Amendments - Result was to Concur - Repass,13
SB21-272,2021,RS,Senate,2021-06-09,Signed by the President of the Senate,14
SB21-272,2021,RS,House,2021-06-09,Signed by the Speaker of the House,15
SB21-272,2021,RS,Governor,2021-06-09,Sent to the Governor,16
SB21-272,2021,RS,Governor,2021-06-10,Governor Signed,17
SB21-273,2021,RS,Senate,2021-05-14,Introduced In Senate - Assigned to Judiciary,1
SB21-273,2021,RS,Senate,2021-05-20,Senate Committee on Judiciary Refer Amended to Finance,2
SB21-273,2021,RS,Senate,2021-05-24,Senate Committee on Finance Refer Amended to Appropriations,3
SB21-273,2021,RS,Senate,2021-05-26,Senate Committee on Appropriations Refer Amended to Senate Committee of the Whole,4
SB21-273,2021,RS,Senate,2021-05-26,"Senate Second Reading Special Order - Passed with Amendments - Committee, Floor",5
SB21-273,2021,RS,Senate,2021-05-27,Senate Third Reading Passed - No Amendments,6
SB21-273,2021,RS,House,2021-05-28,Introduced In House - Assigned to Judiciary,7
SB21-273,2021,RS,House,2021-06-03,House Committee on Judiciary Refer Amended to Finance,8
SB21-273,2021,RS,House,2021-06-07,House Committee on Finance Postpone Indefinitely,9
SB21-274,2021,RS,Senate,2021-05-18,Introduced In Senate - Assigned to Health & Human Services,1
SB21-274,2021,RS,Senate,2021-05-24,Senate Committee on Health & Human Services Refer Unamended to Appropriations,2
SB21-274,2021,RS,Senate,2021-05-26,Senate Committee on Appropriations Refer Unamended - Consent Calendar to Senate Committee of the Whole,3
SB21-274,2021,RS,Senate,2021-05-26,Senate Second Reading Special Order - Passed - No Amendments,4
SB21-274,2021,RS,Senate,2021-05-27,Senate Third Reading Passed - No Amendments,5
SB21-274,2021,RS,House,2021-05-28,Introduced In House - Assigned to Appropriations,6
SB21-274,2021,RS,House,2021-06-02,House Committee on Appropriations Refer Unamended to House Committee of the Whole,7
SB21-274,2021,RS,House,2021-06-02,House Second Reading Special Order - Passed - No Amendments,8
SB21-274,2021,RS,House,2021-06-03,House Third Reading Passed - No Amendments,9
SB21-274,2021,RS,Senate,2021-06-16,Signed by the President of the Senate,10
SB21-274,2021,RS,House,2021-06-16,Signed by the Speaker of the House,11
SB21-274,2021,RS,Governor,2021-06-16,Sent to the Governor,12
SB21-274,2021,RS,Governor,2021-06-25,Governor Signed,13
SB21-275,2021,RS,Senate,2021-05-18,Introduced In Senate - Assigned to Health & Human Services,1
SB21-275,2021,RS,Senate,2021-05-24,Senate Committee on Health & Human Services Refer Unamended to Appropriations,2
SB21-275,2021,RS,Senate,2021-05-26,Senate Committee on Appropriations Refer Amended - Consent Calendar to Senate Committee of the Whole,3
SB21-275,2021,RS,Senate,2021-05-26,Senate Second Reading Special Order - Passed with Amendments - Committee,4
SB21-275,2021,RS,Senate,2021-05-27,Senate Third Reading Passed - No Amendments,5
SB21-275,2021,RS,House,2021-05-28,Introduced In House - Assigned to Appropriations,6
SB21-275,2021,RS,House,2021-06-02,House Committee on Appropriations Refer Unamended to House Committee of the Whole,7
SB21-275,2021,RS,House,2021-06-02,House Second Reading Special Order - Passed - No Amendments,8
SB21-275,2021,RS,House,2021-06-03,House Third Reading Passed - No Amendments,9
SB21-275,2021,RS,Senate,2021-06-22,Signed by the President of the Senate,10
SB21-275,2021,RS,House,2021-06-22,Signed by the Speaker of the House,11
SB21-275,2021,RS,Governor,2021-06-22,Sent to the Governor,12
SB21-275,2021,RS,Governor,2021-06-30,Governor Signed,13
SB21-276,2021,RS,Senate,2021-05-18,Introduced In Senate - Assigned to Health & Human Services,1
SB21-276,2021,RS,Senate,2021-05-24,Senate Committee on Health & Human Services Refer Unamended to Appropriations,2
SB21-276,2021,RS,Senate,2021-05-26,Senate Committee on Appropriations Refer Unamended - Consent Calendar to Senate Committee of the Whole,3
SB21-276,2021,RS,Senate,2021-05-26,Senate Second Reading Special Order - Passed - No Amendments,4
SB21-276,2021,RS,Senate,2021-05-27,Senate Third Reading Passed - No Amendments,5
SB21-276,2021,RS,House,2021-05-28,Introduced In House - Assigned to Appropriations,6
SB21-276,2021,RS,House,2021-06-02,House Committee on Appropriations Refer Unamended to House Committee of the Whole,7
SB21-276,2021,RS,House,2021-06-02,House Second Reading Special Order - Passed - No Amendments,8
SB21-276,2021,RS,House,2021-06-03,House Third Reading Passed - No Amendments,9
SB21-276,2021,RS,Senate,2021-06-23,Signed by the President of the Senate,10
SB21-276,2021,RS,House,2021-06-23,Signed by the Speaker of the House,11
SB21-276,2021,RS,Governor,2021-06-23,Sent to the Governor,12
SB21-276,2021,RS,Governor,2021-06-25,Governor Signed,13
SB21-277,2021,RS,Senate,2021-05-18,Introduced In Senate - Assigned to Health & Human Services,1
SB21-277,2021,RS,Senate,2021-05-24,Senate Committee on Health & Human Services Refer Unamended to Appropriations,2
SB21-277,2021,RS,Senate,2021-05-26,Senate Committee on Appropriations Refer Unamended - Consent Calendar to Senate Committee of the Whole,3
SB21-277,2021,RS,Senate,2021-05-26,Senate Second Reading Special Order - Passed - No Amendments,4
SB21-277,2021,RS,Senate,2021-05-27,Senate Third Reading Passed - No Amendments,5
SB21-277,2021,RS,House,2021-05-28,Introduced In House - Assigned to Appropriations,6
SB21-277,2021,RS,House,2021-06-02,House Committee on Appropriations Refer Unamended to House Committee of the Whole,7
SB21-277,2021,RS,House,2021-06-02,House Second Reading Special Order - Passed - No Amendments,8
SB21-277,2021,RS,House,2021-06-03,House Third Reading Passed - No Amendments,9
SB21-277,2021,RS,Senate,2021-06-16,Signed by the President of the Senate,10
SB21-277,2021,RS,House,2021-06-16,Signed by the Speaker of the House,11
SB21-277,2021,RS,Governor,2021-06-16,Sent to the Governor,12
SB21-277,2021,RS,Governor,2021-06-25,Governor Signed,13
SB21-278,2021,RS,Senate,2021-05-18,Introduced In Senate - Assigned to Health & Human Services,1
SB21-278,2021,RS,Senate,2021-05-24,Senate Committee on Health & Human Services Refer Unamended to Appropriations,2
SB21-278,2021,RS,Senate,2021-05-26,Senate Committee on Appropriations Refer Unamended - Consent Calendar to Senate Committee of the Whole,3
SB21-278,2021,RS,Senate,2021-05-26,Senate Second Reading Special Order - Passed - No Amendments,4
SB21-278,2021,RS,Senate,2021-05-27,Senate Third Reading Passed - No Amendments,5
SB21-278,2021,RS,House,2021-05-28,Introduced In House - Assigned to Appropriations,6
SB21-278,2021,RS,House,2021-06-02,House Committee on Appropriations Refer Unamended to House Committee of the Whole,7
SB21-278,2021,RS,House,2021-06-02,"House Second Reading Special Order - Passed with Amendments - Committee, Floor",8
SB21-278,2021,RS,House,2021-06-03,House Third Reading Passed - No Amendments,9
SB21-278,2021,RS,Senate,2021-06-03,Senate Considered House Amendments - Result was to Concur - Repass,10
SB21-278,2021,RS,Senate,2021-06-23,Signed by the President of the Senate,11
SB21-278,2021,RS,House,2021-06-23,Signed by the Speaker of the House,12
SB21-278,2021,RS,Governor,2021-06-23,Sent to the Governor,13
SB21-278,2021,RS,Governor,2021-06-25,Governor Signed,14
SB21-279,2021,RS,Senate,2021-05-19,Introduced In Senate - Assigned to Finance,1
SB21-279,2021,RS,Senate,2021-05-24,Senate Committee on Finance Refer Unamended to Senate Committee of the Whole,2
SB21-279,2021,RS,Senate,2021-05-26,Senate Second Reading Passed - No Amendments,3
SB21-279,2021,RS,Senate,2021-05-27,Senate Third Reading Passed - No Amendments,4
SB21-279,2021,RS,House,2021-05-28,Introduced In House - Assigned to Finance,5
SB21-279,2021,RS,House,2021-06-01,House Committee on Finance Refer Unamended to House Committee of the Whole,6
SB21-279,2021,RS,House,2021-06-02,House Second Reading Special Order - Laid Over Daily - No Amendments,7
SB21-279,2021,RS,House,2021-06-03,House Second Reading Special Order - Passed - No Amendments,8
SB21-279,2021,RS,House,2021-06-04,House Third Reading Laid Over Daily - No Amendments,9
SB21-279,2021,RS,House,2021-06-07,House Third Reading Passed - No Amendments,10
SB21-279,2021,RS,Senate,2021-06-22,Signed by the President of the Senate,11
SB21-279,2021,RS,House,2021-06-22,Signed by the Speaker of the House,12
SB21-279,2021,RS,Governor,2021-06-22,Sent to the Governor,13
SB21-279,2021,RS,Governor,2021-06-28,Governor Signed,14
SB21-280,2021,RS,Senate,2021-05-19,"Introduced In Senate - Assigned to State, Veterans, & Military Affairs",1
SB21-280,2021,RS,Senate,2021-05-25,"Senate Committee on State, Veterans, & Military Affairs Refer Unamended - Consent Calendar to Senate Committee of the Whole",2
SB21-280,2021,RS,Senate,2021-05-26,Senate Second Reading Special Order - Passed - No Amendments,3
SB21-280,2021,RS,Senate,2021-05-27,Senate Third Reading Passed - No Amendments,4
SB21-280,2021,RS,House,2021-05-28,Introduced In House - Assigned to Judiciary,5
SB21-280,2021,RS,House,2021-06-02,House Committee on Judiciary Refer Amended to House Committee of the Whole,6
SB21-280,2021,RS,House,2021-06-03,House Second Reading Special Order - Passed with Amendments - Committee,7
SB21-280,2021,RS,House,2021-06-04,House Third Reading Passed with Amendments - Floor,8
SB21-280,2021,RS,Senate,2021-06-07,Senate Considered House Amendments - Result was to Concur - Repass,9
SB21-280,2021,RS,Senate,2021-06-23,Signed by the President of the Senate,10
SB21-280,2021,RS,House,2021-06-23,Signed by the Speaker of the House,11
SB21-280,2021,RS,Governor,2021-06-23,Sent to the Governor,12
SB21-280,2021,RS,Governor,2021-06-28,Governor Signed,13
SB21-281,2021,RS,Senate,2021-05-19,Introduced In Senate - Assigned to Finance,1
SB21-281,2021,RS,Senate,2021-05-24,Senate Committee on Finance Refer Unamended to Appropriations,2
SB21-281,2021,RS,Senate,2021-05-26,Senate Committee on Appropriations Refer Amended to Senate Committee of the Whole,3
SB21-281,2021,RS,Senate,2021-05-26,Senate Second Reading Special Order - Laid Over Daily - No Amendments,4
SB21-281,2021,RS,Senate,2021-05-27,"Senate Second Reading Passed with Amendments - Committee, Floor",5
SB21-281,2021,RS,Senate,2021-05-28,Senate Third Reading Passed - No Amendments,6
SB21-281,2021,RS,House,2021-05-28,Introduced In House - Assigned to Appropriations,7
SB21-281,2021,RS,House,2021-06-04,House Committee on Appropriations Refer Amended to House Committee of the Whole,8
SB21-281,2021,RS,House,2021-06-04,House Second Reading Special Order - Passed with Amendments - Committee,9
SB21-281,2021,RS,House,2021-06-07,House Third Reading Passed with Amendments - Floor,10
SB21-281,2021,RS,Senate,2021-06-08,Senate Considered House Amendments - Result was to Concur - Repass,11
SB21-281,2021,RS,Senate,2021-06-10,Signed by the President of the Senate,12
SB21-281,2021,RS,House,2021-06-11,Signed by the Speaker of the House,13
SB21-281,2021,RS,Governor,2021-06-11,Sent to the Governor,14
SB21-281,2021,RS,Governor,2021-06-18,Governor Signed,15
SB21-282,2021,RS,Senate,2021-05-19,Introduced In Senate - Assigned to Finance,1
SB21-282,2021,RS,Senate,2021-05-24,Senate Committee on Finance Refer Unamended - Consent Calendar to Senate Committee of the Whole,2
SB21-282,2021,RS,Senate,2021-05-26,Senate Second Reading Passed - No Amendments,3
SB21-282,2021,RS,Senate,2021-05-27,Senate Third Reading Passed - No Amendments,4
SB21-282,2021,RS,House,2021-06-01,Introduced In House - Assigned to Finance,5
SB21-282,2021,RS,House,2021-06-03,House Committee on Finance Refer Unamended to House Committee of the Whole,6
SB21-282,2021,RS,House,2021-06-03,House Second Reading Special Order - Passed - No Amendments,7
SB21-282,2021,RS,House,2021-06-04,House Third Reading Laid Over Daily - No Amendments,8
SB21-282,2021,RS,House,2021-06-07,House Third Reading Passed - No Amendments,9
SB21-282,2021,RS,Senate,2021-06-15,Signed by the President of the Senate,10
SB21-282,2021,RS,House,2021-06-15,Signed by the Speaker of the House,11
SB21-282,2021,RS,Governor,2021-06-15,Sent to the Governor,12
SB21-282,2021,RS,Governor,2021-06-30,Governor Signed,13
SB21-283,2021,RS,Senate,2021-05-19,Introduced In Senate - Assigned to Appropriations,1
SB21-283,2021,RS,Senate,2021-05-26,Senate Committee on Appropriations Refer Amended to Senate Committee of the Whole,2
SB21-283,2021,RS,Senate,2021-05-26,Senate Second Reading Special Order - Passed with Amendments - Committee,3
SB21-283,2021,RS,Senate,2021-05-27,Senate Third Reading Passed - No Amendments,4
SB21-283,2021,RS,House,2021-05-28,Introduced In House - Assigned to Appropriations,5
SB21-283,2021,RS,House,2021-06-01,House Committee on Appropriations Refer Unamended to House Committee of the Whole,6
SB21-283,2021,RS,House,2021-06-01,House Second Reading Special Order - Passed with Amendments - Floor,7
SB21-283,2021,RS,House,2021-06-02,House Third Reading Laid Over Daily - No Amendments,8
SB21-283,2021,RS,House,2021-06-03,House Third Reading Passed - No Amendments,9
SB21-283,2021,RS,Senate,2021-06-03,Senate Considered House Amendments - Result was to Concur - Repass,10
SB21-283,2021,RS,Senate,2021-06-15,Signed by the President of the Senate,11
SB21-283,2021,RS,House,2021-06-15,Signed by the Speaker of the House,12
SB21-283,2021,RS,Governor,2021-06-15,Sent to the Governor,13
SB21-283,2021,RS,Governor,2021-06-23,Governor Signed,14
SB21-284,2021,RS,Senate,2021-05-20,Introduced In Senate - Assigned to Appropriations,1
SB21-284,2021,RS,Senate,2021-05-24,Senate Committee on Appropriations Refer Unamended to Senate Committee of the Whole,2
SB21-284,2021,RS,Senate,2021-05-24,Senate Second Reading Special Order - Passed - No Amendments,3
SB21-284,2021,RS,Senate,2021-05-25,Senate Third Reading Passed - No Amendments,4
SB21-284,2021,RS,House,2021-05-27,Introduced In House - Assigned to Appropriations,5
SB21-284,2021,RS,House,2021-06-01,House Committee on Appropriations Refer Unamended to House Committee of the Whole,6
SB21-284,2021,RS,House,2021-06-01,House Second Reading Special Order - Passed - No Amendments,7
SB21-284,2021,RS,House,2021-06-02,House Third Reading Laid Over Daily - No Amendments,8
SB21-284,2021,RS,House,2021-06-03,House Third Reading Passed - No Amendments,9
SB21-284,2021,RS,Senate,2021-06-22,Signed by the President of the Senate,10
SB21-284,2021,RS,House,2021-06-22,Signed by the Speaker of the House,11
SB21-284,2021,RS,Governor,2021-06-22,Sent to the Governor,12
SB21-284,2021,RS,Governor,2021-07-06,Governor Signed,13
SB21-285,2021,RS,Senate,2021-05-21,"Introduced In Senate - Assigned to Business, Labor, & Technology",1
SB21-285,2021,RS,Senate,2021-06-02,"Senate Committee on Business, Labor, & Technology Postpone Indefinitely",2
SB21-286,2021,RS,Senate,2021-05-24,Introduced In Senate - Assigned to Appropriations,1
SB21-286,2021,RS,Senate,2021-05-26,Senate Committee on Appropriations Refer Amended - Consent Calendar to Senate Committee of the Whole,2
SB21-286,2021,RS,Senate,2021-05-26,Senate Second Reading Special Order - Passed with Amendments - Committee,3
SB21-286,2021,RS,Senate,2021-05-27,Senate Third Reading Passed - No Amendments,4
SB21-286,2021,RS,House,2021-05-28,Introduced In House - Assigned to Appropriations,5
SB21-286,2021,RS,House,2021-06-01,House Committee on Appropriations Refer Amended to House Committee of the Whole,6
SB21-286,2021,RS,House,2021-06-01,House Second Reading Special Order - Passed with Amendments - Committee,7
SB21-286,2021,RS,House,2021-06-02,House Third Reading Laid Over Daily - No Amendments,8
SB21-286,2021,RS,House,2021-06-03,House Third Reading Passed - No Amendments,9
SB21-286,2021,RS,Senate,2021-06-03,Senate Considered House Amendments - Result was to Concur - Repass,10
SB21-286,2021,RS,Senate,2021-06-23,Signed by the President of the Senate,11
SB21-286,2021,RS,House,2021-06-23,Signed by the Speaker of the House,12
SB21-286,2021,RS,Governor,2021-06-23,Sent to the Governor,13
SB21-286,2021,RS,Governor,2021-06-30,Governor Signed,14
SB21-287,2021,RS,Senate,2021-05-24,Introduced In Senate - Assigned to Appropriations,1
SB21-287,2021,RS,Senate,2021-05-26,Senate Committee on Appropriations Refer Unamended to Senate Committee of the Whole,2
SB21-287,2021,RS,Senate,2021-05-26,Senate Second Reading Special Order - Passed - No Amendments,3
SB21-287,2021,RS,Senate,2021-05-27,Senate Third Reading Passed - No Amendments,4
SB21-287,2021,RS,House,2021-05-28,Introduced In House - Assigned to Appropriations,5
SB21-287,2021,RS,House,2021-06-01,House Committee on Appropriations Refer Unamended to House Committee of the Whole,6
SB21-287,2021,RS,House,2021-06-01,House Second Reading Special Order - Passed - No Amendments,7
SB21-287,2021,RS,House,2021-06-02,House Third Reading Laid Over Daily - No Amendments,8
SB21-287,2021,RS,House,2021-06-03,House Third Reading Passed - No Amendments,9
SB21-287,2021,RS,House,2021-06-10,Signed by the Speaker of the House,10
SB21-287,2021,RS,Senate,2021-06-10,Signed by the President of the Senate,11
SB21-287,2021,RS,Governor,2021-06-10,Sent to the Governor,12
SB21-287,2021,RS,Governor,2021-07-02,Governor Signed,13
SB21-288,2021,RS,Senate,2021-05-28,Introduced In Senate - Assigned to Appropriations,1
SB21-288,2021,RS,Senate,2021-05-28,Senate Committee on Appropriations Refer Unamended - Consent Calendar to Senate Committee of the Whole,2
SB21-288,2021,RS,Senate,2021-05-28,Senate Second Reading Special Order - Passed - No Amendments,3
SB21-288,2021,RS,Senate,2021-06-01,Senate Third Reading Passed - No Amendments,4
SB21-288,2021,RS,House,2021-06-01,Introduced In House - Assigned to Appropriations,5
SB21-288,2021,RS,House,2021-06-03,House Committee on Appropriations Refer Unamended to House Committee of the Whole,6
SB21-288,2021,RS,House,2021-06-03,House Second Reading Special Order - Passed - No Amendments,7
SB21-288,2021,RS,House,2021-06-04,House Third Reading Laid Over Daily - No Amendments,8
SB21-288,2021,RS,House,2021-06-07,House Third Reading Passed - No Amendments,9
SB21-288,2021,RS,House,2021-06-10,Signed by the Speaker of the House,10
SB21-288,2021,RS,Senate,2021-06-10,Signed by the President of the Senate,11
SB21-288,2021,RS,Governor,2021-06-10,Sent to the Governor,12
SB21-288,2021,RS,Governor,2021-06-11,Governor Signed,13
SB21-289,2021,RS,Senate,2021-05-28,Introduced In Senate - Assigned to Appropriations,1
SB21-289,2021,RS,Senate,2021-05-28,Senate Committee on Appropriations Refer Amended - Consent Calendar to Senate Committee of the Whole,2
SB21-289,2021,RS,Senate,2021-05-28,Senate Second Reading Special Order - Passed with Amendments - Committee,3
SB21-289,2021,RS,Senate,2021-06-01,Senate Third Reading Passed - No Amendments,4
SB21-289,2021,RS,House,2021-06-01,Introduced In House - Assigned to Appropriations,5
SB21-289,2021,RS,House,2021-06-03,House Committee on Appropriations Refer Unamended to House Committee of the Whole,6
SB21-289,2021,RS,House,2021-06-03,House Second Reading Special Order - Passed with Amendments - Floor,7
SB21-289,2021,RS,House,2021-06-04,House Third Reading Laid Over Daily - No Amendments,8
SB21-289,2021,RS,House,2021-06-07,House Third Reading Passed with Amendments - Floor,9
SB21-289,2021,RS,Senate,2021-06-07,Senate Considered House Amendments - Result was to Concur - Repass,10
SB21-289,2021,RS,Senate,2021-06-15,Signed by the President of the Senate,11
SB21-289,2021,RS,House,2021-06-15,Signed by the Speaker of the House,12
SB21-289,2021,RS,Governor,2021-06-15,Sent to the Governor,13
SB21-289,2021,RS,Governor,2021-06-24,Governor Signed,14
SB21-290,2021,RS,Senate,2021-05-28,Introduced In Senate - Assigned to Finance,1
SB21-290,2021,RS,Senate,2021-05-28,Senate Committee on Finance Refer Unamended to Appropriations,2
SB21-290,2021,RS,Senate,2021-06-01,Senate Committee on Appropriations Refer Unamended to Senate Committee of the Whole,3
SB21-290,2021,RS,Senate,2021-06-01,Senate Second Reading Special Order - Passed with Amendments - Floor,4
SB21-290,2021,RS,Senate,2021-06-02,Senate Third Reading Passed - No Amendments,5
SB21-290,2021,RS,House,2021-06-02,Introduced In House - Assigned to Appropriations,6
SB21-290,2021,RS,House,2021-06-03,House Committee on Appropriations Refer Unamended to House Committee of the Whole,7
SB21-290,2021,RS,House,2021-06-03,House Second Reading Special Order - Passed - No Amendments,8
SB21-290,2021,RS,House,2021-06-04,House Third Reading Laid Over Daily - No Amendments,9
SB21-290,2021,RS,House,2021-06-07,House Third Reading Passed - No Amendments,10
SB21-290,2021,RS,Senate,2021-06-23,Signed by the President of the Senate,11
SB21-290,2021,RS,House,2021-06-23,Signed by the Speaker of the House,12
SB21-290,2021,RS,Governor,2021-06-23,Sent to the Governor,13
SB21-290,2021,RS,Governor,2021-07-06,Governor Signed,14
SB21-291,2021,RS,Senate,2021-05-28,Introduced In Senate - Assigned to Appropriations,1
SB21-291,2021,RS,Senate,2021-05-28,Senate Committee on Appropriations Refer Amended - Consent Calendar to Senate Committee of the Whole,2
SB21-291,2021,RS,Senate,2021-05-28,Senate Second Reading Special Order - Passed with Amendments - Committee,3
SB21-291,2021,RS,Senate,2021-06-01,Senate Third Reading Passed - No Amendments,4
SB21-291,2021,RS,House,2021-06-01,Introduced In House - Assigned to Appropriations,5
SB21-291,2021,RS,House,2021-06-03,House Committee on Appropriations Refer Amended to House Committee of the Whole,6
SB21-291,2021,RS,House,2021-06-03,House Second Reading Special Order - Passed with Amendments - Committee,7
SB21-291,2021,RS,House,2021-06-04,House Third Reading Laid Over Daily - No Amendments,8
SB21-291,2021,RS,House,2021-06-07,House Third Reading Passed with Amendments - Floor,9
SB21-291,2021,RS,Senate,2021-06-07,Senate Considered House Amendments - Result was to Concur - Repass,10
SB21-291,2021,RS,Senate,2021-06-14,Signed by the President of the Senate,11
SB21-291,2021,RS,House,2021-06-14,Signed by the Speaker of the House,12
SB21-291,2021,RS,Governor,2021-06-15,Sent to the Governor,13
SB21-291,2021,RS,Governor,2021-06-21,Governor Signed,14
SB21-292,2021,RS,Senate,2021-05-28,Introduced In Senate - Assigned to Finance,1
SB21-292,2021,RS,Senate,2021-05-28,Senate Committee on Finance Refer Unamended to Appropriations,2
SB21-292,2021,RS,Senate,2021-06-01,Senate Committee on Appropriations Refer Amended - Consent Calendar to Senate Committee of the Whole,3
SB21-292,2021,RS,Senate,2021-06-01,Senate Second Reading Special Order - Passed with Amendments - Committee,4
SB21-292,2021,RS,Senate,2021-06-02,Senate Third Reading Passed with Amendments - Floor,5
SB21-292,2021,RS,House,2021-06-02,Introduced In House - Assigned to Appropriations,6
SB21-292,2021,RS,House,2021-06-04,House Committee on Appropriations Refer Amended to House Committee of the Whole,7
SB21-292,2021,RS,House,2021-06-04,House Second Reading Passed with Amendments - Committee,8
SB21-292,2021,RS,House,2021-06-07,House Third Reading Passed with Amendments - Floor,9
SB21-292,2021,RS,Senate,2021-06-08,Senate Considered House Amendments - Result was to Concur - Repass,10
SB21-292,2021,RS,Senate,2021-06-16,Signed by the President of the Senate,11
SB21-292,2021,RS,House,2021-06-16,Signed by the Speaker of the House,12
SB21-292,2021,RS,Governor,2021-06-16,Sent to the Governor,13
SB21-292,2021,RS,Governor,2021-06-22,Governor Signed,14
SB21-293,2021,RS,Senate,2021-06-02,Introduced In Senate - Assigned to Finance,1
SB21-293,2021,RS,Senate,2021-06-03,Senate Committee on Finance Refer Amended to Appropriations,2
SB21-293,2021,RS,Senate,2021-06-03,Senate Committee on Appropriations Refer Unamended to Senate Committee of the Whole,3
SB21-293,2021,RS,Senate,2021-06-04,"Senate Second Reading Special Order - Passed with Amendments - Committee, Floor",4
SB21-293,2021,RS,Senate,2021-06-07,Senate Third Reading Passed with Amendments - Floor,5
SB21-293,2021,RS,House,2021-06-07,Introduced In House - Assigned to Finance,6
SB21-293,2021,RS,House,2021-06-07,House Committee on Finance Refer Unamended to Appropriations,7
SB21-293,2021,RS,House,2021-06-07,House Committee on Appropriations Refer Unamended to House Committee of the Whole,8
SB21-293,2021,RS,House,2021-06-07,House Second Reading Special Order - Passed - No Amendments,9
SB21-293,2021,RS,House,2021-06-08,House Third Reading Passed - No Amendments,10
SB21-293,2021,RS,Senate,2021-06-22,Signed by the President of the Senate,11
SB21-293,2021,RS,House,2021-06-22,Signed by the Speaker of the House,12
SB21-293,2021,RS,Governor,2021-06-22,Sent to the Governor,13
SB21-293,2021,RS,Governor,2021-06-23,Governor Signed,14
SCR21-001,2021,RS,Senate,2021-04-15,"Introduced In Senate - Assigned to State, Veterans, & Military Affairs",1
SCR21-001,2021,RS,Senate,2021-04-27,"Senate Committee on State, Veterans, & Military Affairs Postpone Indefinitely",2
SJM21-001,2021,RS,Senate,2021-01-15,Introduced In Senate - Assigned to,1
SJM21-001,2021,RS,Senate,2021-01-15,Senate Third Reading Passed - No Amendments,2
SJM21-001,2021,RS,House,2021-01-15,Introduced In House - Assigned to,3
SJM21-001,2021,RS,House,2021-01-15,House Third Reading Passed - No Amendments,4
SJM21-001,2021,RS,Senate,2021-02-16,Signed by the President of the Senate,5
SJM21-001,2021,RS,House,2021-02-17,Signed by the Speaker of the House,6
SJR21-001,2021,RS,Senate,2021-01-13,Introduced In Senate - Assigned to,1
SJR21-001,2021,RS,Senate,2021-01-13,Senate Third Reading Passed with Amendments - Floor,2
SJR21-001,2021,RS,House,2021-01-13,Introduced In House - Assigned to,3
SJR21-001,2021,RS,House,2021-01-13,House Third Reading Passed with Amendments - Floor,4
SJR21-001,2021,RS,Senate,2021-01-14,Senate Considered House Amendments - Result was to Concur - Repass,5
SJR21-001,2021,RS,Senate,2021-01-14,Signed by the President of the Senate,6
SJR21-001,2021,RS,House,2021-01-15,Signed by the Speaker of the House,7
SJR21-002,2021,RS,Senate,2021-01-15,Introduced In Senate - Assigned to,1
SJR21-002,2021,RS,Senate,2021-01-15,Senate Third Reading Passed - No Amendments,2
SJR21-002,2021,RS,House,2021-01-15,Introduced In House - Assigned to,3
SJR21-002,2021,RS,House,2021-01-15,House Third Reading Passed - No Amendments,4
SJR21-002,2021,RS,Senate,2021-02-16,Signed by the President of the Senate,5
SJR21-002,2021,RS,House,2021-02-17,Signed by the Speaker of the House,6
SJR21-003,2021,RS,Senate,2021-01-15,Senate Third Reading Passed - No Amendments,1
SJR21-003,2021,RS,Senate,2021-01-15,Introduced In Senate - Assigned to,2
SJR21-003,2021,RS,House,2021-01-15,Introduced In House - Assigned to,3
SJR21-003,2021,RS,House,2021-01-15,House Third Reading Passed - No Amendments,4
SJR21-003,2021,RS,Senate,2021-02-16,Signed by the President of the Senate,5
SJR21-003,2021,RS,House,2021-02-17,Signed by the Speaker of the House,6
SJR21-004,2021,RS,Senate,2021-01-15,Introduced In Senate - Assigned to,1
SJR21-004,2021,RS,Senate,2021-01-15,Senate Third Reading Passed - No Amendments,2
SJR21-004,2021,RS,House,2021-01-15,Introduced In House - Assigned to,3
SJR21-004,2021,RS,House,2021-01-15,House Third Reading Passed - No Amendments,4
SJR21-004,2021,RS,Senate,2021-02-16,Signed by the President of the Senate,5
SJR21-004,2021,RS,House,2021-02-17,Signed by the Speaker of the House,6
SJR21-005,2021,RS,Senate,2021-03-16,Introduced In Senate - Assigned to,1
SJR21-005,2021,RS,Senate,2021-03-16,Senate Third Reading Laid Over Daily - No Amendments,2
SJR21-005,2021,RS,Senate,2021-03-17,Senate Third Reading Passed - No Amendments,3
SJR21-005,2021,RS,House,2021-03-17,Introduced In House - Assigned to,4
SJR21-005,2021,RS,House,2021-03-17,House Third Reading Passed - No Amendments,5
SJR21-005,2021,RS,Senate,2021-03-18,Signed by the President of the Senate,6
SJR21-005,2021,RS,House,2021-03-18,Signed by the Speaker of the House,7
SJR21-006,2021,RS,Senate,2021-03-19,Introduced In Senate - Assigned to,1
SJR21-006,2021,RS,Senate,2021-03-19,Senate Third Reading Passed - No Amendments,2
SJR21-006,2021,RS,House,2021-03-19,Introduced In House - Assigned to,3
SJR21-006,2021,RS,House,2021-03-19,House Third Reading Laid Over Daily - No Amendments,4
SJR21-006,2021,RS,House,2021-03-22,House Third Reading Passed - No Amendments,5
SJR21-006,2021,RS,Senate,2021-03-22,Signed by the President of the Senate,6
SJR21-006,2021,RS,House,2021-03-22,Signed by the Speaker of the House,7
SJR21-007,2021,RS,Senate,2021-03-29,Introduced In Senate - Assigned to,1
SJR21-007,2021,RS,Senate,2021-03-29,Senate Third Reading Laid Over to 03/31/2021 - No Amendments,2
SJR21-007,2021,RS,Senate,2021-03-31,Senate Third Reading Passed - No Amendments,3
SJR21-007,2021,RS,House,2021-03-31,Introduced In House - Assigned to,4
SJR21-007,2021,RS,House,2021-03-31,House Third Reading Laid Over Daily - No Amendments,5
SJR21-007,2021,RS,House,2021-04-01,House Third Reading Passed - No Amendments,6
SJR21-007,2021,RS,Senate,2021-04-07,Signed by the President of the Senate,7
SJR21-007,2021,RS,House,2021-04-07,Signed by the Speaker of the House,8
SJR21-008,2021,RS,Senate,2021-03-31,Introduced In Senate - Assigned to,1
SJR21-008,2021,RS,Senate,2021-03-31,Senate Third Reading Laid Over to 04/05/2021 - No Amendments,2
SJR21-008,2021,RS,Senate,2021-04-05,Senate Third Reading Passed - No Amendments,3
SJR21-008,2021,RS,House,2021-04-05,Introduced In House - Assigned to,4
SJR21-008,2021,RS,House,2021-04-05,House Third Reading Passed - No Amendments,5
SJR21-008,2021,RS,Senate,2021-04-07,Signed by the President of the Senate,6
SJR21-008,2021,RS,House,2021-04-07,Signed by the Speaker of the House,7
SJR21-009,2021,RS,Senate,2021-03-31,Introduced In Senate - Assigned to,1
SJR21-009,2021,RS,Senate,2021-03-31,Senate Third Reading Laid Over to 04/05/2021 - No Amendments,2
SJR21-009,2021,RS,Senate,2021-04-05,Senate Third Reading Passed - No Amendments,3
SJR21-009,2021,RS,House,2021-04-05,Introduced In House - Assigned to,4
SJR21-009,2021,RS,House,2021-04-05,House Third Reading Passed - No Amendments,5
SJR21-009,2021,RS,Senate,2021-04-07,Signed by the President of the Senate,6
SJR21-009,2021,RS,House,2021-04-07,Signed by the Speaker of the House,7
SJR21-010,2021,RS,Senate,2021-03-31,Introduced In Senate - Assigned to,1
SJR21-010,2021,RS,Senate,2021-03-31,Senate Third Reading Laid Over to 04/05/2021 - No Amendments,2
SJR21-010,2021,RS,Senate,2021-04-05,Senate Third Reading Passed - No Amendments,3
SJR21-010,2021,RS,House,2021-04-05,Introduced In House - Assigned to,4
SJR21-010,2021,RS,House,2021-04-05,House Third Reading Passed - No Amendments,5
SJR21-010,2021,RS,Senate,2021-04-07,Signed by the President of the Senate,6
SJR21-010,2021,RS,House,2021-04-07,Signed by the Speaker of the House,7
SJR21-011,2021,RS,Senate,2021-03-31,Introduced In Senate - Assigned to,1
SJR21-011,2021,RS,Senate,2021-03-31,Senate Third Reading Laid Over to 04/05/2021 - No Amendments,2
SJR21-011,2021,RS,Senate,2021-04-05,Senate Third Reading Passed - No Amendments,3
SJR21-011,2021,RS,House,2021-04-05,Introduced In House - Assigned to,4
SJR21-011,2021,RS,House,2021-04-05,House Third Reading Passed - No Amendments,5
SJR21-011,2021,RS,Senate,2021-04-07,Signed by the President of the Senate,6
SJR21-011,2021,RS,House,2021-04-07,Signed by the Speaker of the House,7
SJR21-012,2021,RS,Senate,2021-03-31,Introduced In Senate - Assigned to,1
SJR21-012,2021,RS,Senate,2021-03-31,Senate Third Reading Laid Over to 04/05/2021 - No Amendments,2
SJR21-012,2021,RS,Senate,2021-04-05,Senate Third Reading Passed with Amendments - Floor,3
SJR21-012,2021,RS,House,2021-04-05,Introduced In House - Assigned to,4
SJR21-012,2021,RS,House,2021-04-05,House Third Reading Passed - No Amendments,5
SJR21-012,2021,RS,Senate,2021-04-07,Signed by the President of the Senate,6
SJR21-012,2021,RS,House,2021-04-07,Signed by the Speaker of the House,7
SJR21-013,2021,RS,Senate,2021-03-31,Introduced In Senate - Assigned to,1
SJR21-013,2021,RS,Senate,2021-03-31,Senate Third Reading Laid Over to 04/05/2021 - No Amendments,2
SJR21-013,2021,RS,Senate,2021-04-05,Senate Third Reading Passed - No Amendments,3
SJR21-013,2021,RS,House,2021-04-05,Introduced In House - Assigned to,4
SJR21-013,2021,RS,House,2021-04-05,House Third Reading Passed - No Amendments,5
SJR21-013,2021,RS,Senate,2021-04-07,Signed by the President of the Senate,6
SJR21-013,2021,RS,House,2021-04-07,Signed by the Speaker of the House,7
SJR21-014,2021,RS,Senate,2021-03-31,Introduced In Senate - Assigned to,1
SJR21-014,2021,RS,Senate,2021-03-31,Senate Third Reading Laid Over to 04/06/2021 - No Amendments,2
SJR21-014,2021,RS,Senate,2021-04-06,Senate Third Reading Passed - No Amendments,3
SJR21-014,2021,RS,House,2021-04-06,Introduced In House - Assigned to,4
SJR21-014,2021,RS,House,2021-04-06,House Third Reading Passed - No Amendments,5
SJR21-014,2021,RS,Senate,2021-04-07,Signed by the President of the Senate,6
SJR21-014,2021,RS,House,2021-04-07,Signed by the Speaker of the House,7
SJR21-015,2021,RS,Senate,2021-03-31,Introduced In Senate - Assigned to,1
SJR21-015,2021,RS,Senate,2021-03-31,Senate Third Reading Laid Over to 04/05/2021 - No Amendments,2
SJR21-015,2021,RS,Senate,2021-04-05,Senate Third Reading Passed - No Amendments,3
SJR21-015,2021,RS,House,2021-04-05,Introduced In House - Assigned to,4
SJR21-015,2021,RS,House,2021-04-05,House Third Reading Passed - No Amendments,5
SJR21-015,2021,RS,Senate,2021-04-07,Signed by the President of the Senate,6
SJR21-015,2021,RS,House,2021-04-07,Signed by the Speaker of the House,7
SJR21-016,2021,RS,Senate,2021-04-13,Introduced In Senate - Assigned to,1
SJR21-016,2021,RS,Senate,2021-04-13,Senate Third Reading Laid Over Daily - No Amendments,2
SJR21-016,2021,RS,Senate,2021-04-14,Senate Third Reading Laid Over to 04/21/2021 - No Amendments,3
SJR21-016,2021,RS,Senate,2021-04-21,Senate Third Reading Laid Over to 05/04/2021 - No Amendments,4
SJR21-016,2021,RS,Senate,2021-05-04,Senate Third Reading Passed - No Amendments,5
SJR21-016,2021,RS,House,2021-05-04,Introduced In House - Assigned to,6
SJR21-016,2021,RS,House,2021-05-05,House Third Reading Laid Over Daily - No Amendments,7
SJR21-016,2021,RS,House,2021-05-11,House Third Reading Passed - No Amendments,8
SJR21-016,2021,RS,Senate,2021-05-12,Signed by the President of the Senate,9
SJR21-016,2021,RS,House,2021-05-12,Signed by the Speaker of the House,10
SJR21-017,2021,RS,Senate,2021-04-21,Introduced In Senate - Assigned to,1
SJR21-017,2021,RS,Senate,2021-04-21,Senate Third Reading Laid Over to 04/23/2021 - No Amendments,2
SJR21-017,2021,RS,Senate,2021-04-23,Senate Third Reading Passed - No Amendments,3
SJR21-017,2021,RS,House,2021-04-23,Introduced In House - Assigned to,4
SJR21-017,2021,RS,House,2021-04-23,House Third Reading Passed - No Amendments,5
SJR21-017,2021,RS,Senate,2021-04-26,Signed by the President of the Senate,6
SJR21-017,2021,RS,House,2021-04-26,Signed by the Speaker of the House,7
SJR21-018,2021,RS,Senate,2021-04-23,Introduced In Senate - Assigned to,1
SJR21-018,2021,RS,Senate,2021-04-23,Senate Third Reading Laid Over Daily - No Amendments,2
SJR21-018,2021,RS,Senate,2021-04-27,Senate Third Reading Laid Over to 05/10/2021 - No Amendments,3
SJR21-018,2021,RS,Senate,2021-05-10,Senate Third Reading Passed - No Amendments,4
SJR21-018,2021,RS,House,2021-05-10,Introduced In House - Assigned to,5
SJR21-018,2021,RS,House,2021-05-10,House Third Reading Laid Over Daily - No Amendments,6
SJR21-018,2021,RS,House,2021-05-21,House Third Reading Passed - No Amendments,7
SJR21-018,2021,RS,Senate,2021-06-02,Signed by the President of the Senate,8
SJR21-018,2021,RS,House,2021-06-02,Signed by the Speaker of the House,9
SJR21-019,2021,RS,Senate,2021-04-27,Introduced In Senate - Assigned to,1
SJR21-019,2021,RS,Senate,2021-04-27,Senate Third Reading Laid Over Daily - No Amendments,2
SJR21-019,2021,RS,Senate,2021-04-28,Senate Third Reading Passed - No Amendments,3
SJR21-019,2021,RS,House,2021-04-28,Introduced In House - Assigned to Transportation & Local Government,4
SJR21-019,2021,RS,House,2021-05-04,House Committee on Transportation & Local Government Refer Unamended to House Committee of the Whole,5
SJR21-019,2021,RS,House,2021-05-07,House Third Reading Passed - No Amendments,6
SJR21-019,2021,RS,House,2021-05-10,Signed by the Speaker of the House,7
SJR21-019,2021,RS,Senate,2021-05-10,Signed by the President of the Senate,8
SJR21-020,2021,RS,Senate,2021-05-05,Introduced In Senate - Assigned to,1
SJR21-020,2021,RS,Senate,2021-05-05,Senate Third Reading Laid Over Daily - No Amendments,2
SJR21-020,2021,RS,Senate,2021-05-06,Senate Third Reading Laid Over to 05/13/2021 - No Amendments,3
SJR21-020,2021,RS,Senate,2021-05-13,Senate Third Reading Laid Over to 05/20/2021 - No Amendments,4
SJR21-020,2021,RS,Senate,2021-05-20,Senate Third Reading Passed - No Amendments,5
SJR21-020,2021,RS,House,2021-05-24,Introduced In House - Assigned to,6
SJR21-020,2021,RS,House,2021-05-24,House Third Reading Laid Over Daily - No Amendments,7
SJR21-020,2021,RS,House,2021-06-08,House Third Reading Passed - No Amendments,8
SJR21-020,2021,RS,Senate,2021-06-11,Signed by the President of the Senate,9
SJR21-020,2021,RS,House,2021-06-11,Signed by the Speaker of the House,10
SJR21-021,2021,RS,Senate,2021-05-07,Introduced In Senate - Assigned to,1
SJR21-021,2021,RS,Senate,2021-05-07,Senate Third Reading Laid Over Daily - No Amendments,2
SJR21-021,2021,RS,Senate,2021-05-10,Senate Third Reading Laid Over to 05/17/2021 - No Amendments,3
SJR21-021,2021,RS,Senate,2021-05-17,Senate Third Reading Laid Over to 05/24/2021 - No Amendments,4
SJR21-021,2021,RS,Senate,2021-05-24,Senate Third Reading Passed - No Amendments,5
SJR21-021,2021,RS,House,2021-05-24,Introduced In House - Assigned to,6
SJR21-021,2021,RS,House,2021-05-24,House Third Reading Laid Over Daily - No Amendments,7
SJR21-021,2021,RS,House,2021-06-04,House Third Reading Passed with Amendments - Floor,8
SJR21-021,2021,RS,Senate,2021-06-07,Senate Considered House Amendments - Result was to Concur - Repass,9
SJR21-021,2021,RS,Senate,2021-06-11,Signed by the President of the Senate,10
SJR21-021,2021,RS,House,2021-06-11,Signed by the Speaker of the House,11
SJR21-022,2021,RS,Senate,2021-05-11,Introduced In Senate - Assigned to,1
SJR21-022,2021,RS,Senate,2021-05-11,Senate Third Reading Laid Over to 05/14/2021 - No Amendments,2
SJR21-022,2021,RS,Senate,2021-05-14,Senate Third Reading Passed - No Amendments,3
SJR21-022,2021,RS,House,2021-06-17,Introduced In House - Assigned to,4
SJR21-023,2021,RS,Senate,2021-05-11,Introduced In Senate - Assigned to,1
SJR21-023,2021,RS,Senate,2021-05-11,Senate Third Reading Laid Over Daily - No Amendments,2
SJR21-023,2021,RS,Senate,2021-05-12,Senate Third Reading Laid Over to 05/14/2021 - No Amendments,3
SJR21-023,2021,RS,Senate,2021-05-14,Senate Third Reading Passed - No Amendments,4
SJR21-023,2021,RS,House,2021-05-17,Introduced In House - Assigned to,5
SJR21-023,2021,RS,House,2021-05-17,House Third Reading Laid Over Daily - No Amendments,6
SJR21-023,2021,RS,House,2021-06-04,House Third Reading Passed - No Amendments,7
SJR21-023,2021,RS,Senate,2021-06-11,Signed by the President of the Senate,8
SJR21-024,2021,RS,Senate,2021-05-14,"Introduced In Senate - Assigned to State, Veterans, & Military Affairs",1
SJR21-024,2021,RS,Senate,2021-05-24,"Senate Committee on State, Veterans, & Military Affairs Postpone Indefinitely",2
SJR21-025,2021,RS,Senate,2021-05-24,Introduced In Senate - Assigned to,1
SJR21-025,2021,RS,Senate,2021-05-24,Senate Third Reading Laid Over Daily - No Amendments,2
SJR21-025,2021,RS,Senate,2021-05-25,Senate Third Reading Passed - No Amendments,3
SJR21-025,2021,RS,House,2021-05-25,Introduced In House - Assigned to,4
SJR21-025,2021,RS,House,2021-05-25,House Third Reading Laid Over Daily - No Amendments,5
SJR21-025,2021,RS,House,2021-06-08,House Third Reading Passed - No Amendments,6
SJR21-025,2021,RS,Senate,2021-06-10,Signed by the President of the Senate,7
SJR21-026,2021,RS,Senate,2021-06-07,Introduced In Senate - Assigned to,1
SJR21-026,2021,RS,Senate,2021-06-07,Senate Third Reading Laid Over Daily - No Amendments,2
SJR21-026,2021,RS,Senate,2021-06-08,Senate Third Reading Passed - No Amendments,3
SJR21-026,2021,RS,House,2021-06-17,Introduced In House - Assigned to,4
SR21-001,2021,RS,Senate,2021-01-13,Introduced In Senate - Assigned to,1
SR21-001,2021,RS,Senate,2021-01-13,Senate Third Reading Passed - No Amendments,2
SR21-001,2021,RS,Senate,2021-01-13,Signed by the President of the Senate,3
SR21-002,2021,RS,Senate,2021-01-13,Introduced In Senate - Assigned to,1
SR21-002,2021,RS,Senate,2021-01-13,Senate Third Reading Passed - No Amendments,2
SR21-002,2021,RS,Senate,2021-01-13,Signed by the President of the Senate,3
SR21-003,2021,RS,Senate,2021-01-15,Introduced In Senate - Assigned to,1
SR21-003,2021,RS,Senate,2021-01-15,Senate Third Reading Passed - No Amendments,2
SR21-003,2021,RS,Senate,2021-01-15,Signed by the President of the Senate,3
SR21-004,2021,RS,Senate,2021-01-15,Introduced In Senate - Assigned to,1
SR21-004,2021,RS,Senate,2021-01-15,Senate Third Reading Passed - No Amendments,2
SR21-004,2021,RS,Senate,2021-01-15,Signed by the President of the Senate,3
SR21-005,2021,RS,Senate,2021-02-16,Introduced In Senate - Assigned to,1
SR21-005,2021,RS,Senate,2021-02-16,Senate Third Reading Laid Over Daily - No Amendments,2
SR21-005,2021,RS,Senate,2021-02-18,Senate Third Reading Laid Over to 02/24/2021 - No Amendments,3
SR21-005,2021,RS,Senate,2021-02-24,Senate Third Reading Passed - No Amendments,4
SR21-005,2021,RS,Senate,2021-02-24,Signed by the President of the Senate,5
SR21-006,2021,RS,Senate,2021-05-24,Introduced In Senate - Assigned to,1
SR21-006,2021,RS,Senate,2021-05-24,Senate Third Reading Passed - No Amendments,2
SR21-006,2021,RS,Senate,2021-05-24,Signed by the President of the Senate,3
SR21-007,2021,RS,Senate,2021-06-08,Introduced In Senate - Assigned to,1
SR21-007,2021,RS,Senate,2021-06-08,Senate Third Reading Passed - No Amendments,2
SR21-007,2021,RS,Senate,2021-06-10,Signed by the President of the Senate,3
