bill_number,session,session_type,chamber,action_date,action,order
HB16-1001,2016,RS,House,2016-01-13,Introduced In House - Assigned to Business Affairs and Labor,1
HB16-1001,2016,RS,House,2016-03-15,House Committee on Business Affairs and Labor Witness Testimony and/or Committee Discussion Only,2
HB16-1001,2016,RS,House,2016-03-17,House Committee on Business Affairs and Labor Refer Amended to House Committee of the Whole,3
HB16-1001,2016,RS,House,2016-03-21,House Second Reading Laid Over Daily - No Amendments,4
HB16-1001,2016,RS,House,2016-03-22,"House Second Reading Passed with Amendments - Committee, Floor",5
HB16-1001,2016,RS,House,2016-03-24,House Third Reading Passed - No Amendments,6
HB16-1001,2016,RS,Senate,2016-03-24,"Introduced In Senate - Assigned to State, Veterans, & Military Affairs",7
HB16-1001,2016,RS,Senate,2016-03-30,"Senate Committee on State, Veterans, & Military Affairs Postpone Indefinitely",8
HB16-1002,2016,RS,House,2016-01-13,Introduced In House - Assigned to Education,1
HB16-1002,2016,RS,House,2016-01-27,House Committee on Education Refer Amended to House Committee of the Whole,2
HB16-1002,2016,RS,House,2016-01-29,House Second Reading Laid Over to 02/03/2016 - No Amendments,3
HB16-1002,2016,RS,House,2016-02-03,"House Second Reading Passed with Amendments - Committee, Floor",4
HB16-1002,2016,RS,House,2016-02-04,House Third Reading Passed - No Amendments,5
HB16-1002,2016,RS,Senate,2016-02-19,"Introduced In Senate - Assigned to State, Veterans, & Military Affairs",6
HB16-1002,2016,RS,Senate,2016-03-09,"Senate Committee on State, Veterans, & Military Affairs Postpone Indefinitely",7
HB16-1003,2016,RS,House,2016-01-13,Introduced In House - Assigned to Education,1
HB16-1003,2016,RS,House,2016-03-07,House Committee on Education Refer Unamended to Finance,2
HB16-1003,2016,RS,House,2016-04-13,House Committee on Finance Refer Amended to Appropriations,3
HB16-1003,2016,RS,House,2016-04-28,House Committee on Appropriations Refer Unamended to House Committee of the Whole,4
HB16-1003,2016,RS,House,2016-04-28,House Second Reading Special Order - Laid Over to 05/02/2016 - No Amendments,5
HB16-1003,2016,RS,House,2016-05-02,House Second Reading Passed with Amendments - Committee,6
HB16-1003,2016,RS,House,2016-05-03,House Third Reading Passed - No Amendments,7
HB16-1003,2016,RS,Senate,2016-05-03,"Introduced In Senate - Assigned to State, Veterans, & Military Affairs",8
HB16-1003,2016,RS,Senate,2016-05-05,"Senate Committee on State, Veterans, & Military Affairs Postpone Indefinitely",9
HB16-1004,2016,RS,House,2016-01-13,"Introduced In House - Assigned to Health, Insurance, & Environment",1
HB16-1004,2016,RS,House,2016-02-04,"House Committee on Health, Insurance, & Environment Refer Amended to House Committee of the Whole",2
HB16-1004,2016,RS,House,2016-02-08,"House Second Reading Passed with Amendments - Committee, Floor",3
HB16-1004,2016,RS,House,2016-02-09,House Third Reading Passed - No Amendments,4
HB16-1004,2016,RS,Senate,2016-03-04,"Introduced In Senate - Assigned to Agriculture, Natural Resources, & Energy",5
HB16-1004,2016,RS,Senate,2016-03-24,"Senate Committee on Agriculture, Natural Resources, & Energy Witness Testimony and/or Committee Discussion Only",6
HB16-1004,2016,RS,Senate,2016-03-30,"Senate Committee on Agriculture, Natural Resources, & Energy Postpone Indefinitely",7
HB16-1005,2016,RS,House,2016-01-13,"Introduced In House - Assigned to Agriculture, Livestock, & Natural Resources",1
HB16-1005,2016,RS,House,2016-02-22,"House Committee on Agriculture, Livestock, & Natural Resources Refer Amended to House Committee of the Whole",2
HB16-1005,2016,RS,House,2016-02-24,House Second Reading Laid Over to 02/29/2016 - No Amendments,3
HB16-1005,2016,RS,House,2016-02-29,"House Second Reading Passed with Amendments - Committee, Floor",4
HB16-1005,2016,RS,House,2016-03-01,House Third Reading Passed - No Amendments,5
HB16-1005,2016,RS,Senate,2016-03-04,"Introduced In Senate - Assigned to Agriculture, Natural Resources, & Energy",6
HB16-1005,2016,RS,Senate,2016-03-24,"Senate Committee on Agriculture, Natural Resources, & Energy Witness Testimony and/or Committee Discussion Only",7
HB16-1005,2016,RS,Senate,2016-03-30,"Senate Committee on Agriculture, Natural Resources, & Energy Refer Unamended to Senate Committee of the Whole",8
HB16-1005,2016,RS,Senate,2016-03-31,Senate Second Reading Special Order - Passed - No Amendments,9
HB16-1005,2016,RS,Senate,2016-04-01,Senate Third Reading Reconsidered - No Amendments,10
HB16-1005,2016,RS,Senate,2016-04-01,Senate Third Reading Passed - No Amendments,11
HB16-1005,2016,RS,House,2016-05-05,Signed by the Speaker of the House,12
HB16-1005,2016,RS,Senate,2016-05-05,Signed by the President of the Senate,13
HB16-1005,2016,RS,Governor,2016-05-05,Sent to the Governor,14
HB16-1005,2016,RS,Governor,2016-05-12,Governor Signed,15
HB16-1006,2016,RS,House,2016-01-13,Introduced In House - Assigned to Finance,1
HB16-1006,2016,RS,House,2016-02-17,House Committee on Finance Refer Amended to Appropriations,2
HB16-1006,2016,RS,House,2016-03-18,House Committee on Appropriations Refer Amended to House Committee of the Whole,3
HB16-1006,2016,RS,House,2016-03-21,"House Second Reading Passed with Amendments - Committee, Floor",4
HB16-1006,2016,RS,House,2016-03-22,House Third Reading Passed - No Amendments,5
HB16-1006,2016,RS,Senate,2016-03-22,Introduced In Senate - Assigned to Finance + Appropriations,6
HB16-1006,2016,RS,Senate,2016-03-31,Senate Committee on Finance Refer Amended to Appropriations,7
HB16-1006,2016,RS,Senate,2016-04-22,Senate Committee on Appropriations Refer Unamended to Senate Committee of the Whole,8
HB16-1006,2016,RS,Senate,2016-04-25,Senate Second Reading Special Order - Passed with Amendments - Committee,9
HB16-1006,2016,RS,House,2016-04-26,House Considered Senate Amendments - Result was to Laid Over Daily,10
HB16-1006,2016,RS,Senate,2016-04-26,Senate Third Reading Passed - No Amendments,11
HB16-1006,2016,RS,House,2016-04-29,House Considered Senate Amendments - Result was to Concur - Repass,12
HB16-1006,2016,RS,Senate,2016-05-10,Signed by the President of the Senate,13
HB16-1006,2016,RS,House,2016-05-10,Signed by the Speaker of the House,14
HB16-1006,2016,RS,Governor,2016-05-11,Sent to the Governor,15
HB16-1006,2016,RS,Governor,2016-05-18,Governor Signed,16
HB16-1007,2016,RS,House,2016-01-13,Introduced In House - Assigned to Business Affairs and Labor,1
HB16-1007,2016,RS,House,2016-02-11,House Committee on Business Affairs and Labor Postpone Indefinitely,2
HB16-1008,2016,RS,House,2016-01-13,Introduced In House - Assigned to Transportation & Energy,1
HB16-1008,2016,RS,House,2016-01-27,House Committee on Transportation & Energy Refer Amended to House Committee of the Whole,2
HB16-1008,2016,RS,House,2016-01-29,House Second Reading Laid Over Daily - No Amendments,3
HB16-1008,2016,RS,House,2016-02-01,"House Second Reading Passed with Amendments - Committee, Floor",4
HB16-1008,2016,RS,House,2016-02-02,House Third Reading Passed - No Amendments,5
HB16-1008,2016,RS,Senate,2016-02-03,Introduced In Senate - Assigned to Transportation,6
HB16-1008,2016,RS,Senate,2016-02-18,Senate Committee on Transportation Refer Unamended to Senate Committee of the Whole,7
HB16-1008,2016,RS,Senate,2016-02-23,Senate Second Reading Passed - No Amendments,8
HB16-1008,2016,RS,Senate,2016-02-24,Senate Third Reading Passed - No Amendments,9
HB16-1008,2016,RS,House,2016-02-29,Signed by the Speaker of the House,10
HB16-1008,2016,RS,Senate,2016-03-01,Signed by the President of the Senate,11
HB16-1008,2016,RS,Governor,2016-03-01,Sent to the Governor,12
HB16-1008,2016,RS,Governor,2016-03-09,Governor Signed,13
HB16-1009,2016,RS,House,2016-01-13,Introduced In House - Assigned to Transportation & Energy,1
HB16-1009,2016,RS,House,2016-01-27,House Committee on Transportation & Energy Refer Amended to Appropriations,2
HB16-1009,2016,RS,House,2016-04-07,House Committee on Appropriations Refer Amended to House Committee of the Whole,3
HB16-1009,2016,RS,House,2016-04-11,House Second Reading Passed with Amendments - Committee,4
HB16-1009,2016,RS,House,2016-04-12,House Third Reading Laid Over Daily - No Amendments,5
HB16-1009,2016,RS,House,2016-04-14,House Third Reading Passed - No Amendments,6
HB16-1009,2016,RS,Senate,2016-04-14,Introduced In Senate - Assigned to Finance,7
HB16-1009,2016,RS,Senate,2016-04-21,Senate Committee on Finance Refer Unamended to Appropriations,8
HB16-1009,2016,RS,Senate,2016-04-27,Senate Committee on Appropriations Postpone Indefinitely,9
HB16-1010,2016,RS,House,2016-01-13,"Introduced In House - Assigned to State, Veterans, & Military Affairs",1
HB16-1010,2016,RS,House,2016-03-21,"House Committee on State, Veterans, & Military Affairs Postpone Indefinitely",2
HB16-1011,2016,RS,House,2016-01-13,Introduced In House - Assigned to Local Government,1
HB16-1011,2016,RS,House,2016-01-28,House Committee on Local Government Refer Unamended to House Committee of the Whole,2
HB16-1011,2016,RS,House,2016-02-01,House Second Reading Passed - No Amendments,3
HB16-1011,2016,RS,House,2016-02-02,House Third Reading Passed - No Amendments,4
HB16-1011,2016,RS,Senate,2016-02-03,"Introduced In Senate - Assigned to Business, Labor, & Technology",5
HB16-1011,2016,RS,Senate,2016-03-07,"Senate Committee on Business, Labor, & Technology Refer Unamended - Consent Calendar to Senate Committee of the Whole",6
HB16-1011,2016,RS,Senate,2016-03-10,Senate Second Reading Passed - No Amendments,7
HB16-1011,2016,RS,Senate,2016-03-11,Senate Third Reading Reconsidered - No Amendments,8
HB16-1011,2016,RS,Senate,2016-03-11,Senate Third Reading Passed - No Amendments,9
HB16-1011,2016,RS,House,2016-03-30,Signed by the Speaker of the House,10
HB16-1011,2016,RS,Senate,2016-04-04,Signed by the President of the Senate,11
HB16-1011,2016,RS,Governor,2016-04-05,Sent to the Governor,12
HB16-1011,2016,RS,Governor,2016-04-15,Governor Signed,13
HB16-1012,2016,RS,House,2016-01-13,"Introduced In House - Assigned to State, Veterans, & Military Affairs",1
HB16-1012,2016,RS,House,2016-02-01,"House Committee on State, Veterans, & Military Affairs Refer Unamended to House Committee of the Whole",2
HB16-1012,2016,RS,House,2016-02-03,House Second Reading Passed - No Amendments,3
HB16-1012,2016,RS,House,2016-02-04,House Third Reading Passed - No Amendments,4
HB16-1012,2016,RS,Senate,2016-02-05,Introduced In Senate - Assigned to Local Government,5
HB16-1012,2016,RS,Senate,2016-02-23,Senate Committee on Local Government Refer Unamended - Consent Calendar to Senate Committee of the Whole,6
HB16-1012,2016,RS,Senate,2016-02-26,Senate Second Reading Passed - No Amendments,7
HB16-1012,2016,RS,Senate,2016-02-29,Senate Third Reading Passed - No Amendments,8
HB16-1012,2016,RS,House,2016-03-04,Signed by the Speaker of the House,9
HB16-1012,2016,RS,Senate,2016-03-10,Signed by the President of the Senate,10
HB16-1012,2016,RS,Governor,2016-03-10,Sent to the Governor,11
HB16-1012,2016,RS,Governor,2016-03-16,Governor Signed,12
HB16-1013,2016,RS,House,2016-01-13,Introduced In House - Assigned to Business Affairs and Labor,1
HB16-1013,2016,RS,House,2016-01-28,House Committee on Business Affairs and Labor Refer Unamended to House Committee of the Whole,2
HB16-1013,2016,RS,House,2016-02-01,House Second Reading Passed - No Amendments,3
HB16-1013,2016,RS,House,2016-02-02,House Third Reading Passed - No Amendments,4
HB16-1013,2016,RS,Senate,2016-02-03,Introduced In Senate - Assigned to Education,5
HB16-1013,2016,RS,Senate,2016-02-25,Senate Committee on Education Refer Unamended - Consent Calendar to Senate Committee of the Whole,6
HB16-1013,2016,RS,Senate,2016-03-01,Senate Second Reading Passed - No Amendments,7
HB16-1013,2016,RS,Senate,2016-03-02,Senate Third Reading Passed - No Amendments,8
HB16-1013,2016,RS,House,2016-03-09,Signed by the Speaker of the House,9
HB16-1013,2016,RS,Senate,2016-03-14,Signed by the President of the Senate,10
HB16-1013,2016,RS,Governor,2016-03-14,Sent to the Governor,11
HB16-1013,2016,RS,Governor,2016-03-18,Governor Signed,12
HB16-1014,2016,RS,House,2016-01-13,Introduced In House - Assigned to Business Affairs and Labor,1
HB16-1014,2016,RS,House,2016-01-28,House Committee on Business Affairs and Labor Refer Amended to Appropriations,2
HB16-1014,2016,RS,House,2016-03-18,House Committee on Appropriations Refer Unamended to House Committee of the Whole,3
HB16-1014,2016,RS,House,2016-03-21,House Second Reading Passed with Amendments - Committee,4
HB16-1014,2016,RS,House,2016-03-22,House Third Reading Passed - No Amendments,5
HB16-1014,2016,RS,Senate,2016-03-22,"Introduced In Senate - Assigned to State, Veterans, & Military Affairs",6
HB16-1014,2016,RS,Senate,2016-03-30,"Senate Committee on State, Veterans, & Military Affairs Refer Unamended to Appropriations",7
HB16-1014,2016,RS,Senate,2016-04-22,Senate Committee on Appropriations Refer Unamended - Consent Calendar to Senate Committee of the Whole,8
HB16-1014,2016,RS,Senate,2016-04-25,Senate Second Reading Special Order - Passed - No Amendments,9
HB16-1014,2016,RS,Senate,2016-04-26,Senate Third Reading Passed - No Amendments,10
HB16-1014,2016,RS,House,2016-05-02,Signed by the Speaker of the House,11
HB16-1014,2016,RS,Senate,2016-05-03,Signed by the President of the Senate,12
HB16-1014,2016,RS,Governor,2016-05-04,Sent to the Governor,13
HB16-1014,2016,RS,Governor,2016-06-10,Governor Signed,14
HB16-1015,2016,RS,House,2016-01-13,"Introduced In House - Assigned to State, Veterans, & Military Affairs",1
HB16-1015,2016,RS,House,2016-02-03,"House Committee on State, Veterans, & Military Affairs Postpone Indefinitely",2
HB16-1016,2016,RS,House,2016-01-13,Introduced In House - Assigned to Education,1
HB16-1016,2016,RS,House,2016-02-29,House Committee on Education Refer Amended to Appropriations,2
HB16-1016,2016,RS,House,2016-05-05,House Committee on Appropriations Refer Amended to House Committee of the Whole,3
HB16-1016,2016,RS,House,2016-05-05,House Second Reading Special Order - Passed with Amendments - Committee,4
HB16-1016,2016,RS,House,2016-05-06,House Third Reading Passed - No Amendments,5
HB16-1016,2016,RS,Senate,2016-05-06,"Introduced In Senate - Assigned to State, Veterans, & Military Affairs",6
HB16-1016,2016,RS,Senate,2016-05-09,"Senate Committee on State, Veterans, & Military Affairs Postpone Indefinitely",7
HB16-1017,2016,RS,House,2016-01-13,Introduced In House - Assigned to Judiciary,1
HB16-1017,2016,RS,House,2016-01-26,House Committee on Judiciary Refer Amended to House Committee of the Whole,2
HB16-1017,2016,RS,House,2016-02-01,House Second Reading Passed with Amendments - Committee,3
HB16-1017,2016,RS,House,2016-02-02,House Third Reading Passed - No Amendments,4
HB16-1017,2016,RS,Senate,2016-02-03,Introduced In Senate - Assigned to Judiciary,5
HB16-1017,2016,RS,Senate,2016-02-29,Senate Committee on Judiciary Refer Unamended to Senate Committee of the Whole,6
HB16-1017,2016,RS,Senate,2016-03-03,Senate Second Reading Passed - No Amendments,7
HB16-1017,2016,RS,Senate,2016-03-04,Senate Third Reading Passed - No Amendments,8
HB16-1017,2016,RS,House,2016-03-09,Signed by the Speaker of the House,9
HB16-1017,2016,RS,Senate,2016-03-14,Signed by the President of the Senate,10
HB16-1017,2016,RS,Governor,2016-03-14,Sent to the Governor,11
HB16-1017,2016,RS,Governor,2016-03-22,Governor Signed,12
HB16-1018,2016,RS,House,2016-01-13,Introduced In House - Assigned to Transportation & Energy,1
HB16-1018,2016,RS,House,2016-01-20,House Committee on Transportation & Energy Refer Unamended to House Committee of the Whole,2
HB16-1018,2016,RS,House,2016-01-25,House Second Reading Passed - No Amendments,3
HB16-1018,2016,RS,House,2016-01-26,House Third Reading Passed - No Amendments,4
HB16-1018,2016,RS,Senate,2016-02-01,Introduced In Senate - Assigned to Transportation,5
HB16-1018,2016,RS,Senate,2016-02-09,Senate Committee on Transportation Refer Unamended - Consent Calendar to Senate Committee of the Whole,6
HB16-1018,2016,RS,Senate,2016-02-12,Senate Second Reading Passed - No Amendments,7
HB16-1018,2016,RS,Senate,2016-02-16,Senate Third Reading Passed - No Amendments,8
HB16-1018,2016,RS,House,2016-02-22,Signed by the Speaker of the House,9
HB16-1018,2016,RS,Senate,2016-02-23,Signed by the President of the Senate,10
HB16-1018,2016,RS,Governor,2016-02-24,Sent to the Governor,11
HB16-1018,2016,RS,Governor,2016-03-02,Governor Signed,12
HB16-1019,2016,RS,House,2016-01-13,"Introduced In House - Assigned to Agriculture, Livestock, & Natural Resources",1
HB16-1019,2016,RS,House,2016-01-27,"House Committee on Agriculture, Livestock, & Natural Resources Refer Amended to House Committee of the Whole",2
HB16-1019,2016,RS,House,2016-02-01,House Second Reading Passed with Amendments - Committee,3
HB16-1019,2016,RS,House,2016-02-02,House Third Reading Passed - No Amendments,4
HB16-1019,2016,RS,Senate,2016-02-03,"Introduced In Senate - Assigned to Agriculture, Natural Resources, & Energy",5
HB16-1019,2016,RS,Senate,2016-02-25,"Senate Committee on Agriculture, Natural Resources, & Energy Refer Amended - Consent Calendar to Senate Committee of the Whole",6
HB16-1019,2016,RS,Senate,2016-03-01,Senate Second Reading Passed with Amendments - Committee,7
HB16-1019,2016,RS,Senate,2016-03-02,Senate Third Reading Passed - No Amendments,8
HB16-1019,2016,RS,Senate,2016-03-03,House Considered Senate Amendments - Result was to Concur - Repass,9
HB16-1019,2016,RS,House,2016-03-09,Signed by the Speaker of the House,10
HB16-1019,2016,RS,Senate,2016-03-14,Signed by the President of the Senate,11
HB16-1019,2016,RS,Governor,2016-03-14,Sent to the Governor,12
HB16-1019,2016,RS,Governor,2016-03-22,Governor Signed,13
HB16-1020,2016,RS,House,2016-01-13,Introduced In House - Assigned to Judiciary,1
HB16-1020,2016,RS,House,2016-01-26,House Committee on Judiciary Postpone Indefinitely,2
HB16-1021,2016,RS,House,2016-01-13,Introduced In House - Assigned to Judiciary,1
HB16-1021,2016,RS,House,2016-04-14,House Committee on Judiciary Refer Amended to House Committee of the Whole,2
HB16-1021,2016,RS,House,2016-04-18,"House Second Reading Passed with Amendments - Committee, Floor",3
HB16-1021,2016,RS,House,2016-04-19,House Third Reading Passed - No Amendments,4
HB16-1021,2016,RS,Senate,2016-04-19,Introduced In Senate - Assigned to Judiciary,5
HB16-1021,2016,RS,Senate,2016-04-26,Senate Committee on Judiciary Refer Amended to Senate Committee of the Whole,6
HB16-1021,2016,RS,Senate,2016-04-28,Senate Second Reading Special Order - Passed with Amendments - Committee,7
HB16-1021,2016,RS,Senate,2016-04-29,Senate Third Reading Passed - No Amendments,8
HB16-1021,2016,RS,House,2016-05-03,House Considered Senate Amendments - Result was to Laid Over Daily,9
HB16-1021,2016,RS,House,2016-05-03,House Considered Senate Amendments - Result was to Not Concur - Request Conference Committee,10
HB16-1021,2016,RS,ConfComm,2016-05-06,First Conference Committee Result was to No Report,11
HB16-1021,2016,RS,,2016-05-06,First Conference Committee Result was to No Report,12
HB16-1021,2016,RS,House,2016-05-11,House Consideration of First Conference Committee Report result was to Recede - CCR not produced,13
HB16-1021,2016,RS,House,2016-05-11,House Considered Senate Amendments - Result was to Concur - Repass,14
HB16-1021,2016,RS,Senate,2016-05-17,Signed by the President of the Senate,15
HB16-1021,2016,RS,House,2016-05-20,Signed by the Speaker of the House,16
HB16-1021,2016,RS,Governor,2016-05-20,Sent to the Governor,17
HB16-1021,2016,RS,Governor,2016-06-10,Governor Signed,18
HB16-1022,2016,RS,House,2016-01-13,Introduced In House - Assigned to Education,1
HB16-1022,2016,RS,House,2016-02-08,House Committee on Education Refer Unamended to Appropriations,2
HB16-1022,2016,RS,House,2016-05-05,House Committee on Appropriations Postpone Indefinitely,3
HB16-1023,2016,RS,House,2016-01-13,"Introduced In House - Assigned to State, Veterans, & Military Affairs",1
HB16-1023,2016,RS,House,2016-03-07,"House Committee on State, Veterans, & Military Affairs Postpone Indefinitely",2
HB16-1024,2016,RS,House,2016-01-13,"Introduced In House - Assigned to State, Veterans, & Military Affairs",1
HB16-1024,2016,RS,House,2016-03-07,"House Committee on State, Veterans, & Military Affairs Postpone Indefinitely",2
HB16-1025,2016,RS,House,2016-01-13,Introduced In House - Assigned to Business Affairs and Labor,1
HB16-1025,2016,RS,House,2016-01-26,House Committee on Business Affairs and Labor Refer Unamended to House Committee of the Whole,2
HB16-1025,2016,RS,House,2016-02-01,House Second Reading Passed - No Amendments,3
HB16-1025,2016,RS,House,2016-02-02,House Third Reading Passed - No Amendments,4
HB16-1025,2016,RS,Senate,2016-02-03,"Introduced In Senate - Assigned to Business, Labor, & Technology",5
HB16-1025,2016,RS,Senate,2016-02-24,"Senate Committee on Business, Labor, & Technology Refer Unamended - Consent Calendar to Senate Committee of the Whole",6
HB16-1025,2016,RS,Senate,2016-02-29,Senate Second Reading Passed - No Amendments,7
HB16-1025,2016,RS,Senate,2016-03-01,Senate Third Reading Passed - No Amendments,8
HB16-1025,2016,RS,House,2016-03-04,Signed by the Speaker of the House,9
HB16-1025,2016,RS,Senate,2016-03-10,Signed by the President of the Senate,10
HB16-1025,2016,RS,Governor,2016-03-10,Sent to the Governor,11
HB16-1025,2016,RS,Governor,2016-03-16,Governor Signed,12
HB16-1026,2016,RS,House,2016-01-13,Introduced In House - Assigned to Finance,1
HB16-1026,2016,RS,House,2016-01-20,House Committee on Finance Refer Unamended to House Committee of the Whole,2
HB16-1026,2016,RS,House,2016-01-25,House Second Reading Passed - No Amendments,3
HB16-1026,2016,RS,House,2016-01-26,House Third Reading Passed - No Amendments,4
HB16-1026,2016,RS,Senate,2016-02-01,Introduced In Senate - Assigned to Finance,5
HB16-1026,2016,RS,Senate,2016-02-25,Senate Committee on Finance Refer Unamended - Consent Calendar to Senate Committee of the Whole,6
HB16-1026,2016,RS,Senate,2016-03-01,Senate Second Reading Passed - No Amendments,7
HB16-1026,2016,RS,Senate,2016-03-02,Senate Third Reading Passed - No Amendments,8
HB16-1026,2016,RS,House,2016-03-09,Signed by the Speaker of the House,9
HB16-1026,2016,RS,Senate,2016-03-14,Signed by the President of the Senate,10
HB16-1026,2016,RS,Governor,2016-03-14,Sent to the Governor,11
HB16-1026,2016,RS,Governor,2016-03-22,Governor Signed,12
HB16-1027,2016,RS,House,2016-01-13,Introduced In House - Assigned to Judiciary,1
HB16-1027,2016,RS,House,2016-03-03,House Committee on Judiciary Refer Amended to House Committee of the Whole,2
HB16-1027,2016,RS,House,2016-03-07,House Third Reading Laid Over to 03/09/2016 - No Amendments,3
HB16-1027,2016,RS,House,2016-03-07,House Second Reading Passed with Amendments - Committee,4
HB16-1027,2016,RS,House,2016-03-09,House Third Reading Passed - No Amendments,5
HB16-1027,2016,RS,Senate,2016-03-11,Introduced In Senate - Assigned to Judiciary,6
HB16-1027,2016,RS,Senate,2016-03-28,Senate Committee on Judiciary Refer Unamended - Consent Calendar to Senate Committee of the Whole,7
HB16-1027,2016,RS,Senate,2016-03-30,Senate Second Reading Special Order - Passed - No Amendments,8
HB16-1027,2016,RS,Senate,2016-03-31,Senate Third Reading Passed - No Amendments,9
HB16-1027,2016,RS,House,2016-05-05,Signed by the Speaker of the House,10
HB16-1027,2016,RS,Senate,2016-05-05,Signed by the President of the Senate,11
HB16-1027,2016,RS,Governor,2016-05-05,Sent to the Governor,12
HB16-1027,2016,RS,Governor,2016-05-19,Governor Signed,13
HB16-1028,2016,RS,House,2016-01-13,Introduced In House - Assigned to Finance,1
HB16-1028,2016,RS,House,2016-01-20,House Committee on Finance Refer Unamended to House Committee of the Whole,2
HB16-1028,2016,RS,House,2016-01-25,House Second Reading Passed - No Amendments,3
HB16-1028,2016,RS,House,2016-01-26,House Third Reading Passed - No Amendments,4
HB16-1028,2016,RS,Senate,2016-02-01,Introduced In Senate - Assigned to Finance,5
HB16-1028,2016,RS,Senate,2016-02-23,Senate Committee on Finance Refer Unamended - Consent Calendar to Senate Committee of the Whole,6
HB16-1028,2016,RS,Senate,2016-02-26,Senate Second Reading Passed - No Amendments,7
HB16-1028,2016,RS,Senate,2016-02-29,Senate Third Reading Passed - No Amendments,8
HB16-1028,2016,RS,House,2016-03-04,Signed by the Speaker of the House,9
HB16-1028,2016,RS,Senate,2016-03-10,Signed by the President of the Senate,10
HB16-1028,2016,RS,Governor,2016-03-10,Sent to the Governor,11
HB16-1028,2016,RS,Governor,2016-03-18,Governor Signed,12
HB16-1029,2016,RS,House,2016-01-13,Introduced In House - Assigned to Transportation & Energy,1
HB16-1029,2016,RS,House,2016-02-03,House Committee on Transportation & Energy Postpone Indefinitely,2
HB16-1030,2016,RS,House,2016-01-13,Introduced In House - Assigned to Local Government + Finance,1
HB16-1030,2016,RS,House,2016-01-27,House Committee on Local Government Refer Amended to Finance,2
HB16-1030,2016,RS,House,2016-02-03,House Committee on Finance Refer Amended to House Committee of the Whole,3
HB16-1030,2016,RS,House,2016-02-08,House Second Reading Passed with Amendments - Committee,4
HB16-1030,2016,RS,House,2016-02-09,House Third Reading Passed - No Amendments,5
HB16-1030,2016,RS,Senate,2016-02-16,Introduced In Senate - Assigned to Local Government + Finance,6
HB16-1030,2016,RS,Senate,2016-03-08,Senate Committee on Local Government Refer Unamended to Finance,7
HB16-1030,2016,RS,Senate,2016-03-17,Senate Committee on Finance Refer Unamended to Senate Committee of the Whole,8
HB16-1030,2016,RS,Senate,2016-03-22,Senate Second Reading Passed - No Amendments,9
HB16-1030,2016,RS,Senate,2016-03-24,Senate Third Reading Passed - No Amendments,10
HB16-1030,2016,RS,House,2016-04-01,Signed by the Speaker of the House,11
HB16-1030,2016,RS,Senate,2016-04-04,Signed by the President of the Senate,12
HB16-1030,2016,RS,Governor,2016-04-05,Sent to the Governor,13
HB16-1030,2016,RS,Governor,2016-04-12,Governor Signed,14
HB16-1031,2016,RS,House,2016-01-13,Introduced In House - Assigned to Transportation & Energy,1
HB16-1031,2016,RS,House,2016-02-11,House Committee on Transportation & Energy Refer Amended to Appropriations,2
HB16-1031,2016,RS,House,2016-04-15,House Committee on Appropriations Refer Unamended to Legislative Council,3
HB16-1031,2016,RS,House,2016-04-29,House Committee on Legislative Council Refer Unamended to House Committee of the Whole,4
HB16-1031,2016,RS,House,2016-05-02,House Second Reading Passed with Amendments - Committee,5
HB16-1031,2016,RS,House,2016-05-03,House Third Reading Passed - No Amendments,6
HB16-1031,2016,RS,Senate,2016-05-03,Introduced In Senate - Assigned to Finance,7
HB16-1031,2016,RS,Senate,2016-05-05,Senate Committee on Finance Refer Unamended to Senate Committee of the Whole,8
HB16-1031,2016,RS,Senate,2016-05-05,Senate Second Reading Special Order - Passed - No Amendments,9
HB16-1031,2016,RS,Senate,2016-05-06,Senate Third Reading Passed - No Amendments,10
HB16-1031,2016,RS,House,2016-05-17,Signed by the Speaker of the House,11
HB16-1031,2016,RS,Senate,2016-05-17,Signed by the President of the Senate,12
HB16-1031,2016,RS,Governor,2016-05-18,Sent to the Governor,13
HB16-1031,2016,RS,Governor,2016-06-10,Governor Signed,14
HB16-1032,2016,RS,House,2016-01-13,Introduced In House - Assigned to Judiciary,1
HB16-1032,2016,RS,House,2016-01-21,House Committee on Judiciary Refer Unamended to House Committee of the Whole,2
HB16-1032,2016,RS,House,2016-01-27,House Second Reading Passed with Amendments - Floor,3
HB16-1032,2016,RS,House,2016-01-28,House Third Reading Passed - No Amendments,4
HB16-1032,2016,RS,Senate,2016-02-01,Introduced In Senate - Assigned to Judiciary,5
HB16-1032,2016,RS,Senate,2016-02-24,Senate Committee on Judiciary Refer Unamended - Consent Calendar to Senate Committee of the Whole,6
HB16-1032,2016,RS,Senate,2016-02-29,Senate Second Reading Passed - No Amendments,7
HB16-1032,2016,RS,Senate,2016-03-01,Senate Third Reading Passed - No Amendments,8
HB16-1032,2016,RS,House,2016-03-09,Signed by the Speaker of the House,9
HB16-1032,2016,RS,Senate,2016-03-14,Signed by the President of the Senate,10
HB16-1032,2016,RS,Governor,2016-03-14,Sent to the Governor,11
HB16-1032,2016,RS,Governor,2016-03-22,Governor Signed,12
HB16-1033,2016,RS,House,2016-01-13,"Introduced In House - Assigned to Health, Insurance, & Environment",1
HB16-1033,2016,RS,House,2016-01-28,"House Committee on Health, Insurance, & Environment Refer Amended to House Committee of the Whole",2
HB16-1033,2016,RS,House,2016-02-01,House Second Reading Passed with Amendments - Committee,3
HB16-1033,2016,RS,House,2016-02-02,House Third Reading Passed - No Amendments,4
HB16-1033,2016,RS,Senate,2016-02-03,Introduced In Senate - Assigned to Judiciary,5
HB16-1033,2016,RS,Senate,2016-02-22,Senate Committee on Judiciary Refer Unamended to Appropriations,6
HB16-1033,2016,RS,Senate,2016-03-04,Senate Committee on Appropriations Refer Unamended - Consent Calendar to Senate Committee of the Whole,7
HB16-1033,2016,RS,Senate,2016-03-08,Senate Second Reading Passed - No Amendments,8
HB16-1033,2016,RS,Senate,2016-03-09,Senate Third Reading Passed - No Amendments,9
HB16-1033,2016,RS,House,2016-03-18,Signed by the Speaker of the House,10
HB16-1033,2016,RS,Senate,2016-03-22,Signed by the President of the Senate,11
HB16-1033,2016,RS,Governor,2016-03-22,Sent to the Governor,12
HB16-1033,2016,RS,Governor,2016-04-01,Governor Signed,13
HB16-1034,2016,RS,House,2016-01-13,"Introduced In House - Assigned to Health, Insurance, & Environment",1
HB16-1034,2016,RS,House,2016-01-28,"House Committee on Health, Insurance, & Environment Refer Amended to Appropriations",2
HB16-1034,2016,RS,House,2016-04-07,House Committee on Appropriations Refer Amended to House Committee of the Whole,3
HB16-1034,2016,RS,House,2016-04-11,"House Second Reading Passed with Amendments - Committee, Floor",4
HB16-1034,2016,RS,House,2016-04-12,House Third Reading Laid Over Daily - No Amendments,5
HB16-1034,2016,RS,House,2016-04-14,House Third Reading Passed - No Amendments,6
HB16-1034,2016,RS,Senate,2016-04-14,Introduced In Senate - Assigned to Health & Human Services,7
HB16-1034,2016,RS,Senate,2016-04-21,Senate Committee on Health & Human Services Refer Unamended to Appropriations,8
HB16-1034,2016,RS,Senate,2016-04-27,Senate Committee on Appropriations Refer Unamended to Senate Committee of the Whole,9
HB16-1034,2016,RS,Senate,2016-04-28,Senate Second Reading Special Order - Laid Over Daily - No Amendments,10
HB16-1034,2016,RS,Senate,2016-04-29,Senate Second Reading Passed - No Amendments,11
HB16-1034,2016,RS,Senate,2016-05-02,Senate Third Reading Passed - No Amendments,12
HB16-1034,2016,RS,Senate,2016-05-10,Signed by the President of the Senate,13
HB16-1034,2016,RS,House,2016-05-10,Signed by the Speaker of the House,14
HB16-1034,2016,RS,Governor,2016-05-11,Sent to the Governor,15
HB16-1034,2016,RS,Governor,2016-06-10,Governor Signed,16
HB16-1035,2016,RS,House,2016-01-13,"Introduced In House - Assigned to State, Veterans, & Military Affairs",1
HB16-1035,2016,RS,House,2016-02-22,"House Committee on State, Veterans, & Military Affairs Witness Testimony and/or Committee Discussion Only",2
HB16-1035,2016,RS,House,2016-02-29,"House Committee on State, Veterans, & Military Affairs Refer Unamended to House Committee of the Whole",3
HB16-1035,2016,RS,House,2016-03-02,House Second Reading Passed - No Amendments,4
HB16-1035,2016,RS,House,2016-03-04,House Third Reading Laid Over to 03/08/2016 - No Amendments,5
HB16-1035,2016,RS,House,2016-03-08,House Third Reading Passed - No Amendments,6
HB16-1035,2016,RS,Senate,2016-03-09,"Introduced In Senate - Assigned to State, Veterans, & Military Affairs",7
HB16-1035,2016,RS,Senate,2016-03-30,"Senate Committee on State, Veterans, & Military Affairs Refer Unamended - Consent Calendar to Senate Committee of the Whole",8
HB16-1035,2016,RS,Senate,2016-04-04,Senate Second Reading Passed - No Amendments,9
HB16-1035,2016,RS,Senate,2016-04-05,Senate Third Reading Passed - No Amendments,10
HB16-1035,2016,RS,House,2016-04-14,Signed by the Speaker of the House,11
HB16-1035,2016,RS,Senate,2016-04-15,Signed by the President of the Senate,12
HB16-1035,2016,RS,Governor,2016-04-15,Sent to the Governor,13
HB16-1035,2016,RS,Governor,2016-04-21,Governor Signed,14
HB16-1036,2016,RS,House,2016-01-13,Introduced In House - Assigned to Education,1
HB16-1036,2016,RS,House,2016-02-01,House Committee on Education Refer Amended to Appropriations,2
HB16-1036,2016,RS,House,2016-05-03,House Committee on Appropriations Refer Amended to House Committee of the Whole,3
HB16-1036,2016,RS,House,2016-05-03,"House Second Reading Special Order - Passed with Amendments - Committee, Floor",4
HB16-1036,2016,RS,House,2016-05-04,House Third Reading Passed - No Amendments,5
HB16-1036,2016,RS,Senate,2016-05-04,"Introduced In Senate - Assigned to State, Veterans, & Military Affairs",6
HB16-1036,2016,RS,Senate,2016-05-05,"Senate Committee on State, Veterans, & Military Affairs Postpone Indefinitely",7
HB16-1037,2016,RS,House,2016-01-13,Introduced In House - Assigned to Public Health Care & Human Services + Finance,1
HB16-1037,2016,RS,House,2016-01-26,House Committee on Public Health Care & Human Services Refer Amended to Finance,2
HB16-1037,2016,RS,House,2016-02-17,House Committee on Finance Postpone Indefinitely,3
HB16-1038,2016,RS,House,2016-01-13,Introduced In House - Assigned to Finance,1
HB16-1038,2016,RS,House,2016-01-20,House Committee on Finance Refer Unamended to House Committee of the Whole,2
HB16-1038,2016,RS,House,2016-01-25,House Second Reading Passed - No Amendments,3
HB16-1038,2016,RS,House,2016-01-26,House Third Reading Passed - No Amendments,4
HB16-1038,2016,RS,Senate,2016-02-01,Introduced In Senate - Assigned to Finance,5
HB16-1038,2016,RS,Senate,2016-02-23,Senate Committee on Finance Refer Unamended to Appropriations,6
HB16-1038,2016,RS,Senate,2016-03-04,Senate Committee on Appropriations Refer Unamended - Consent Calendar to Senate Committee of the Whole,7
HB16-1038,2016,RS,Senate,2016-03-08,Senate Second Reading Passed - No Amendments,8
HB16-1038,2016,RS,Senate,2016-03-09,Senate Third Reading Passed - No Amendments,9
HB16-1038,2016,RS,House,2016-03-18,Signed by the Speaker of the House,10
HB16-1038,2016,RS,Senate,2016-03-22,Signed by the President of the Senate,11
HB16-1038,2016,RS,Governor,2016-03-22,Sent to the Governor,12
HB16-1038,2016,RS,Governor,2016-04-01,Governor Signed,13
HB16-1039,2016,RS,House,2016-01-13,Introduced In House - Assigned to Transportation & Energy,1
HB16-1039,2016,RS,House,2016-01-27,House Committee on Transportation & Energy Refer Amended to House Committee of the Whole,2
HB16-1039,2016,RS,House,2016-01-29,House Second Reading Laid Over Daily - No Amendments,3
HB16-1039,2016,RS,House,2016-02-01,House Second Reading Passed with Amendments - Committee,4
HB16-1039,2016,RS,House,2016-02-02,House Third Reading Passed - No Amendments,5
HB16-1039,2016,RS,Senate,2016-02-16,Introduced In Senate - Assigned to Transportation,6
HB16-1039,2016,RS,Senate,2016-03-24,Senate Committee on Transportation Postpone Indefinitely,7
HB16-1040,2016,RS,House,2016-01-13,Introduced In House - Assigned to Local Government,1
HB16-1040,2016,RS,House,2016-02-11,House Committee on Local Government Refer Amended to Appropriations,2
HB16-1040,2016,RS,House,2016-05-03,House Committee on Appropriations Refer Amended to House Committee of the Whole,3
HB16-1040,2016,RS,House,2016-05-03,House Second Reading Special Order - Passed with Amendments - Committee,4
HB16-1040,2016,RS,House,2016-05-04,House Third Reading Passed - No Amendments,5
HB16-1040,2016,RS,Senate,2016-05-04,Introduced In Senate - Assigned to Finance,6
HB16-1040,2016,RS,Senate,2016-05-05,Senate Committee on Finance Refer Unamended to Appropriations,7
HB16-1040,2016,RS,Senate,2016-05-05,Senate Committee on Appropriations Refer Unamended - Consent Calendar to Senate Committee of the Whole,8
HB16-1040,2016,RS,Senate,2016-05-05,Senate Second Reading Special Order - Passed - No Amendments,9
HB16-1040,2016,RS,Senate,2016-05-06,Senate Third Reading Passed - No Amendments,10
HB16-1040,2016,RS,House,2016-05-17,Signed by the Speaker of the House,11
HB16-1040,2016,RS,Senate,2016-05-17,Signed by the President of the Senate,12
HB16-1040,2016,RS,Governor,2016-05-18,Sent to the Governor,13
HB16-1040,2016,RS,Governor,2016-06-06,Governor Signed,14
HB16-1041,2016,RS,House,2016-01-13,Introduced In House - Assigned to Business Affairs and Labor,1
HB16-1041,2016,RS,House,2016-01-28,House Committee on Business Affairs and Labor Refer Unamended to House Committee of the Whole,2
HB16-1041,2016,RS,House,2016-02-01,House Second Reading Passed - No Amendments,3
HB16-1041,2016,RS,House,2016-02-02,House Third Reading Passed - No Amendments,4
HB16-1041,2016,RS,Senate,2016-02-03,"Introduced In Senate - Assigned to Business, Labor, & Technology",5
HB16-1041,2016,RS,Senate,2016-02-17,"Senate Committee on Business, Labor, & Technology Refer Unamended - Consent Calendar to Senate Committee of the Whole",6
HB16-1041,2016,RS,Senate,2016-02-23,Senate Second Reading Passed - No Amendments,7
HB16-1041,2016,RS,Senate,2016-02-24,Senate Third Reading Passed - No Amendments,8
HB16-1041,2016,RS,House,2016-02-29,Signed by the Speaker of the House,9
HB16-1041,2016,RS,Senate,2016-03-01,Signed by the President of the Senate,10
HB16-1041,2016,RS,Governor,2016-03-01,Sent to the Governor,11
HB16-1041,2016,RS,Governor,2016-03-11,Governor Signed,12
HB16-1042,2016,RS,House,2016-01-13,Introduced In House - Assigned to Education,1
HB16-1042,2016,RS,House,2016-01-25,House Committee on Education Refer Amended to House Committee of the Whole,2
HB16-1042,2016,RS,House,2016-02-01,House Second Reading Passed with Amendments - Committee,3
HB16-1042,2016,RS,House,2016-02-02,House Third Reading Passed - No Amendments,4
HB16-1042,2016,RS,Senate,2016-02-03,Introduced In Senate - Assigned to Education,5
HB16-1042,2016,RS,Senate,2016-02-25,Senate Committee on Education Refer Amended - Consent Calendar to Senate Committee of the Whole,6
HB16-1042,2016,RS,Senate,2016-03-01,Senate Second Reading Passed with Amendments - Committee,7
HB16-1042,2016,RS,Senate,2016-03-02,Senate Third Reading Passed - No Amendments,8
HB16-1042,2016,RS,House,2016-03-03,House Considered Senate Amendments - Result was to Concur - Repass,9
HB16-1042,2016,RS,House,2016-03-09,Signed by the Speaker of the House,10
HB16-1042,2016,RS,Senate,2016-03-14,Signed by the President of the Senate,11
HB16-1042,2016,RS,Governor,2016-03-14,Sent to the Governor,12
HB16-1042,2016,RS,Governor,2016-03-18,Governor Signed,13
HB16-1043,2016,RS,House,2016-01-13,"Introduced In House - Assigned to State, Veterans, & Military Affairs",1
HB16-1043,2016,RS,House,2016-01-20,"House Committee on State, Veterans, & Military Affairs Refer Amended to House Committee of the Whole",2
HB16-1043,2016,RS,House,2016-01-25,House Second Reading Passed with Amendments - Committee,3
HB16-1043,2016,RS,House,2016-01-26,House Third Reading Passed - No Amendments,4
HB16-1043,2016,RS,Senate,2016-02-01,"Introduced In Senate - Assigned to State, Veterans, & Military Affairs",5
HB16-1043,2016,RS,Senate,2016-02-24,"Senate Committee on State, Veterans, & Military Affairs Refer Unamended - Consent Calendar to Senate Committee of the Whole",6
HB16-1043,2016,RS,Senate,2016-02-29,Senate Second Reading Passed - No Amendments,7
HB16-1043,2016,RS,Senate,2016-03-01,Senate Third Reading Passed - No Amendments,8
HB16-1043,2016,RS,House,2016-03-09,Signed by the Speaker of the House,9
HB16-1043,2016,RS,Senate,2016-03-14,Signed by the President of the Senate,10
HB16-1043,2016,RS,Governor,2016-03-14,Sent to the Governor,11
HB16-1043,2016,RS,Governor,2016-03-18,Governor Signed,12
HB16-1044,2016,RS,House,2016-01-13,Introduced In House - Assigned to Finance,1
HB16-1044,2016,RS,House,2016-01-28,House Committee on Finance Refer Unamended to House Committee of the Whole,2
HB16-1044,2016,RS,House,2016-02-01,House Second Reading Passed - No Amendments,3
HB16-1044,2016,RS,House,2016-02-02,House Third Reading Passed - No Amendments,4
HB16-1044,2016,RS,Senate,2016-02-03,Introduced In Senate - Assigned to Finance,5
HB16-1044,2016,RS,Senate,2016-02-09,Senate Committee on Finance Refer Unamended to Senate Committee of the Whole,6
HB16-1044,2016,RS,Senate,2016-02-12,Senate Second Reading Laid Over Daily - No Amendments,7
HB16-1044,2016,RS,Senate,2016-02-16,Senate Second Reading Passed - No Amendments,8
HB16-1044,2016,RS,Senate,2016-02-17,Senate Third Reading Passed - No Amendments,9
HB16-1044,2016,RS,House,2016-02-22,Signed by the Speaker of the House,10
HB16-1044,2016,RS,Senate,2016-02-23,Signed by the President of the Senate,11
HB16-1044,2016,RS,Governor,2016-02-24,Sent to the Governor,12
HB16-1044,2016,RS,Governor,2016-03-02,Governor Signed,13
HB16-1045,2016,RS,House,2016-01-13,Introduced In House - Assigned to Finance,1
HB16-1045,2016,RS,House,2016-03-02,House Committee on Finance Postpone Indefinitely,2
HB16-1046,2016,RS,House,2016-01-13,Introduced In House - Assigned to Local Government,1
HB16-1046,2016,RS,House,2016-01-28,House Committee on Local Government Refer Unamended to House Committee of the Whole,2
HB16-1046,2016,RS,House,2016-02-01,House Second Reading Passed - No Amendments,3
HB16-1046,2016,RS,House,2016-02-02,House Third Reading Passed - No Amendments,4
HB16-1046,2016,RS,Senate,2016-02-03,Introduced In Senate - Assigned to Local Government,5
HB16-1046,2016,RS,Senate,2016-03-03,Senate Committee on Local Government Refer Amended - Consent Calendar to Senate Committee of the Whole,6
HB16-1046,2016,RS,Senate,2016-03-09,Senate Second Reading Passed with Amendments - Committee,7
HB16-1046,2016,RS,Senate,2016-03-10,Senate Third Reading Passed - No Amendments,8
HB16-1046,2016,RS,House,2016-03-11,House Considered Senate Amendments - Result was to Concur - Repass,9
HB16-1046,2016,RS,House,2016-03-18,Signed by the Speaker of the House,10
HB16-1046,2016,RS,Senate,2016-03-22,Signed by the President of the Senate,11
HB16-1046,2016,RS,Governor,2016-03-22,Sent to the Governor,12
HB16-1046,2016,RS,Governor,2016-03-31,Governor Signed,13
HB16-1047,2016,RS,House,2016-01-13,"Introduced In House - Assigned to Health, Insurance, & Environment",1
HB16-1047,2016,RS,House,2016-02-04,"House Committee on Health, Insurance, & Environment Refer Amended to Finance",2
HB16-1047,2016,RS,House,2016-03-24,House Committee on Finance Refer Amended to Appropriations,3
HB16-1047,2016,RS,House,2016-04-07,House Committee on Appropriations Refer Amended to House Committee of the Whole,4
HB16-1047,2016,RS,House,2016-04-11,House Second Reading Passed with Amendments - Committee,5
HB16-1047,2016,RS,House,2016-04-12,House Third Reading Laid Over Daily - No Amendments,6
HB16-1047,2016,RS,House,2016-04-14,House Third Reading Passed - No Amendments,7
HB16-1047,2016,RS,Senate,2016-04-14,Introduced In Senate - Assigned to Health & Human Services,8
HB16-1047,2016,RS,Senate,2016-04-21,Senate Committee on Health & Human Services Refer Amended to Finance,9
HB16-1047,2016,RS,Senate,2016-05-03,Senate Committee on Finance Refer Unamended to Appropriations,10
HB16-1047,2016,RS,Senate,2016-05-05,Senate Committee on Appropriations Refer Amended to Senate Committee of the Whole,11
HB16-1047,2016,RS,Senate,2016-05-05,Senate Second Reading Special Order - Passed with Amendments - Committee,12
HB16-1047,2016,RS,Senate,2016-05-06,Senate Third Reading Passed - No Amendments,13
HB16-1047,2016,RS,House,2016-05-09,House Considered Senate Amendments - Result was to Concur - Repass,14
HB16-1047,2016,RS,House,2016-05-17,Signed by the Speaker of the House,15
HB16-1047,2016,RS,Senate,2016-05-17,Signed by the President of the Senate,16
HB16-1047,2016,RS,Governor,2016-05-18,Sent to the Governor,17
HB16-1047,2016,RS,Governor,2016-06-08,Governor Signed,18
HB16-1048,2016,RS,House,2016-01-13,Introduced In House - Assigned to Business Affairs and Labor,1
HB16-1048,2016,RS,House,2016-03-24,House Committee on Business Affairs and Labor Refer Amended to House Committee of the Whole,2
HB16-1048,2016,RS,House,2016-03-31,House Second Reading Passed with Amendments - Committee,3
HB16-1048,2016,RS,House,2016-04-01,House Third Reading Passed - No Amendments,4
HB16-1048,2016,RS,Senate,2016-04-01,"Introduced In Senate - Assigned to Business, Labor, & Technology",5
HB16-1048,2016,RS,Senate,2016-04-13,"Senate Committee on Business, Labor, & Technology Refer Unamended to Senate Committee of the Whole",6
HB16-1048,2016,RS,Senate,2016-04-18,Senate Second Reading Passed - No Amendments,7
HB16-1048,2016,RS,Senate,2016-04-19,Senate Third Reading Passed - No Amendments,8
HB16-1048,2016,RS,House,2016-04-26,Signed by the Speaker of the House,9
HB16-1048,2016,RS,Senate,2016-04-27,Signed by the President of the Senate,10
HB16-1048,2016,RS,Governor,2016-04-27,Sent to the Governor,11
HB16-1048,2016,RS,Governor,2016-05-04,Governor Signed,12
HB16-1049,2016,RS,House,2016-01-13,Introduced In House - Assigned to Finance,1
HB16-1049,2016,RS,House,2016-01-20,House Committee on Finance Refer Unamended to House Committee of the Whole,2
HB16-1049,2016,RS,House,2016-01-25,House Second Reading Passed - No Amendments,3
HB16-1049,2016,RS,House,2016-01-26,House Third Reading Passed - No Amendments,4
HB16-1049,2016,RS,Senate,2016-02-01,Introduced In Senate - Assigned to Finance,5
HB16-1049,2016,RS,Senate,2016-02-18,Senate Committee on Finance Refer Unamended - Consent Calendar to Senate Committee of the Whole,6
HB16-1049,2016,RS,Senate,2016-02-23,Senate Second Reading Passed - No Amendments,7
HB16-1049,2016,RS,Senate,2016-02-24,Senate Third Reading Passed - No Amendments,8
HB16-1049,2016,RS,House,2016-02-29,Signed by the Speaker of the House,9
HB16-1049,2016,RS,Senate,2016-03-01,Signed by the President of the Senate,10
HB16-1049,2016,RS,Governor,2016-03-01,Sent to the Governor,11
HB16-1049,2016,RS,Governor,2016-03-09,Governor Signed,12
HB16-1050,2016,RS,House,2016-01-13,Introduced In House - Assigned to Public Health Care & Human Services,1
HB16-1050,2016,RS,House,2016-01-26,House Committee on Public Health Care & Human Services Refer Unamended to Appropriations,2
HB16-1050,2016,RS,House,2016-04-15,House Committee on Appropriations Refer Amended to House Committee of the Whole,3
HB16-1050,2016,RS,House,2016-04-15,House Second Reading Special Order - Passed with Amendments - Committee,4
HB16-1050,2016,RS,House,2016-04-18,House Third Reading Passed - No Amendments,5
HB16-1050,2016,RS,Senate,2016-04-18,"Introduced In Senate - Assigned to State, Veterans, & Military Affairs",6
HB16-1050,2016,RS,Senate,2016-04-27,"Senate Committee on State, Veterans, & Military Affairs Postpone Indefinitely",7
HB16-1051,2016,RS,House,2016-01-13,Introduced In House - Assigned to Business Affairs and Labor,1
HB16-1051,2016,RS,House,2016-01-21,House Committee on Business Affairs and Labor Refer Unamended to House Committee of the Whole,2
HB16-1051,2016,RS,House,2016-01-27,House Second Reading Passed - No Amendments,3
HB16-1051,2016,RS,House,2016-01-28,House Third Reading Passed - No Amendments,4
HB16-1051,2016,RS,Senate,2016-02-01,Introduced In Senate - Assigned to Judiciary,5
HB16-1051,2016,RS,Senate,2016-03-02,Senate Committee on Judiciary Refer Unamended - Consent Calendar to Senate Committee of the Whole,6
HB16-1051,2016,RS,Senate,2016-03-07,Senate Second Reading Passed - No Amendments,7
HB16-1051,2016,RS,Senate,2016-03-08,Senate Third Reading Passed - No Amendments,8
HB16-1051,2016,RS,House,2016-03-11,Signed by the Speaker of the House,9
HB16-1051,2016,RS,Senate,2016-03-15,Signed by the President of the Senate,10
HB16-1051,2016,RS,Governor,2016-03-15,Sent to the Governor,11
HB16-1051,2016,RS,Governor,2016-03-23,Governor Signed,12
HB16-1052,2016,RS,House,2016-01-13,Introduced In House - Assigned to Finance,1
HB16-1052,2016,RS,House,2016-01-20,House Committee on Finance Postpone Indefinitely,2
HB16-1053,2016,RS,House,2016-01-13,Introduced In House - Assigned to Transportation & Energy,1
HB16-1053,2016,RS,House,2016-01-20,House Committee on Transportation & Energy Refer Unamended to House Committee of the Whole,2
HB16-1053,2016,RS,House,2016-01-25,House Second Reading Passed - No Amendments,3
HB16-1053,2016,RS,House,2016-01-26,House Third Reading Passed - No Amendments,4
HB16-1053,2016,RS,Senate,2016-02-01,Introduced In Senate - Assigned to Transportation,5
HB16-1053,2016,RS,Senate,2016-02-16,Senate Committee on Transportation Refer Unamended - Consent Calendar to Senate Committee of the Whole,6
HB16-1053,2016,RS,Senate,2016-02-19,Senate Second Reading Passed - No Amendments,7
HB16-1053,2016,RS,Senate,2016-02-22,Senate Third Reading Passed - No Amendments,8
HB16-1053,2016,RS,House,2016-02-25,Signed by the Speaker of the House,9
HB16-1053,2016,RS,Senate,2016-03-01,Signed by the President of the Senate,10
HB16-1053,2016,RS,Governor,2016-03-01,Sent to the Governor,11
HB16-1053,2016,RS,Governor,2016-03-09,Governor Signed,12
HB16-1054,2016,RS,House,2016-01-13,Introduced In House - Assigned to Judiciary,1
HB16-1054,2016,RS,House,2016-02-04,House Committee on Judiciary Refer Amended to House Committee of the Whole,2
HB16-1054,2016,RS,House,2016-02-18,House Second Reading Laid Over to 02/24/2016 - No Amendments,3
HB16-1054,2016,RS,House,2016-02-24,House Second Reading Laid Over to 6/1/2016 - No Amendments,4
HB16-1055,2016,RS,House,2016-01-13,"Introduced In House - Assigned to State, Veterans, & Military Affairs",1
HB16-1055,2016,RS,House,2016-01-27,"House Committee on State, Veterans, & Military Affairs Postpone Indefinitely",2
HB16-1056,2016,RS,House,2016-01-13,Introduced In House - Assigned to Transportation & Energy,1
HB16-1056,2016,RS,House,2016-02-03,House Committee on Transportation & Energy Witness Testimony and/or Committee Discussion Only,2
HB16-1056,2016,RS,House,2016-02-10,House Committee on Transportation & Energy Refer Amended to Finance,3
HB16-1056,2016,RS,House,2016-02-25,House Committee on Finance Refer Unamended to Appropriations,4
HB16-1056,2016,RS,House,2016-04-07,House Committee on Appropriations Refer Amended to House Committee of the Whole,5
HB16-1056,2016,RS,House,2016-04-11,House Second Reading Passed with Amendments - Committee,6
HB16-1056,2016,RS,House,2016-04-12,House Third Reading Laid Over Daily - No Amendments,7
HB16-1056,2016,RS,House,2016-04-14,House Third Reading Passed - No Amendments,8
HB16-1056,2016,RS,Senate,2016-04-14,Introduced In Senate - Assigned to Transportation + Finance,9
HB16-1056,2016,RS,Senate,2016-04-21,Senate Committee on Transportation Refer Unamended to Finance,10
HB16-1056,2016,RS,Senate,2016-04-26,Senate Committee on Finance Refer Unamended to Appropriations,11
HB16-1056,2016,RS,Senate,2016-04-29,Senate Committee on Appropriations Refer Unamended to Senate Committee of the Whole,12
HB16-1056,2016,RS,Senate,2016-04-29,Senate Second Reading Special Order - Passed - No Amendments,13
HB16-1056,2016,RS,Senate,2016-05-02,Senate Third Reading Passed - No Amendments,14
HB16-1056,2016,RS,Senate,2016-05-10,Signed by the President of the Senate,15
HB16-1056,2016,RS,House,2016-05-10,Signed by the Speaker of the House,16
HB16-1056,2016,RS,Governor,2016-05-11,Sent to the Governor,17
HB16-1056,2016,RS,Governor,2016-06-10,Governor Signed,18
HB16-1057,2016,RS,House,2016-01-13,Introduced In House - Assigned to Judiciary,1
HB16-1057,2016,RS,House,2016-01-21,House Committee on Judiciary Refer Amended to House Committee of the Whole,2
HB16-1057,2016,RS,House,2016-01-27,House Second Reading Passed with Amendments - Committee,3
HB16-1057,2016,RS,House,2016-01-28,House Third Reading Passed - No Amendments,4
HB16-1057,2016,RS,Senate,2016-02-01,Introduced In Senate - Assigned to Judiciary,5
HB16-1057,2016,RS,Senate,2016-02-22,Senate Committee on Judiciary Refer Unamended - Consent Calendar to Senate Committee of the Whole,6
HB16-1057,2016,RS,Senate,2016-02-25,Senate Second Reading Passed - No Amendments,7
HB16-1057,2016,RS,Senate,2016-02-26,Senate Third Reading Passed - No Amendments,8
HB16-1057,2016,RS,House,2016-03-04,Signed by the Speaker of the House,9
HB16-1057,2016,RS,Senate,2016-03-10,Signed by the President of the Senate,10
HB16-1057,2016,RS,Governor,2016-03-10,Sent to the Governor,11
HB16-1057,2016,RS,Governor,2016-03-18,Governor Signed,12
HB16-1058,2016,RS,House,2016-01-13,Introduced In House - Assigned to Public Health Care & Human Services,1
HB16-1058,2016,RS,House,2016-03-15,House Committee on Public Health Care & Human Services Witness Testimony and/or Committee Discussion Only,2
HB16-1058,2016,RS,House,2016-04-05,House Committee on Public Health Care & Human Services Committee Vote - Final Action Failed,3
HB16-1058,2016,RS,House,2016-04-25,House Committee on Public Health Care & Human Services Postpone Indefinitely,4
HB16-1059,2016,RS,House,2016-01-13,Introduced In House - Assigned to Judiciary,1
HB16-1059,2016,RS,House,2016-01-26,House Committee on Judiciary Refer Amended to Appropriations,2
HB16-1059,2016,RS,House,2016-04-07,House Committee on Appropriations Refer Amended to House Committee of the Whole,3
HB16-1059,2016,RS,House,2016-04-11,House Second Reading Passed with Amendments - Committee,4
HB16-1059,2016,RS,House,2016-04-12,House Third Reading Laid Over Daily - No Amendments,5
HB16-1059,2016,RS,House,2016-04-14,House Third Reading Passed - No Amendments,6
HB16-1059,2016,RS,Senate,2016-04-14,Introduced In Senate - Assigned to Judiciary,7
HB16-1059,2016,RS,Senate,2016-04-18,Senate Committee on Judiciary Refer Unamended to Appropriations,8
HB16-1059,2016,RS,Senate,2016-04-27,Senate Committee on Appropriations Postpone Indefinitely,9
HB16-1060,2016,RS,House,2016-01-13,Introduced In House - Assigned to Transportation & Energy,1
HB16-1060,2016,RS,House,2016-01-20,House Committee on Transportation & Energy Refer Unamended to Appropriations,2
HB16-1060,2016,RS,House,2016-03-04,House Committee on Appropriations Refer Unamended to House Committee of the Whole,3
HB16-1060,2016,RS,House,2016-03-07,House Second Reading Passed - No Amendments,4
HB16-1060,2016,RS,House,2016-03-08,House Third Reading Passed - No Amendments,5
HB16-1060,2016,RS,Senate,2016-03-09,Introduced In Senate - Assigned to Transportation,6
HB16-1060,2016,RS,Senate,2016-03-29,Senate Committee on Transportation Refer Unamended - Consent Calendar to Senate Committee of the Whole,7
HB16-1060,2016,RS,Senate,2016-03-31,Senate Second Reading Special Order - Passed - No Amendments,8
HB16-1060,2016,RS,Senate,2016-04-01,Senate Third Reading Passed - No Amendments,9
HB16-1060,2016,RS,House,2016-04-08,Signed by the Speaker of the House,10
HB16-1060,2016,RS,Senate,2016-04-11,Signed by the President of the Senate,11
HB16-1060,2016,RS,Governor,2016-04-11,Sent to the Governor,12
HB16-1060,2016,RS,Governor,2016-04-21,Governor Signed,13
HB16-1061,2016,RS,House,2016-01-13,Introduced In House - Assigned to Transportation & Energy,1
HB16-1061,2016,RS,House,2016-02-04,House Committee on Transportation & Energy Refer Unamended to House Committee of the Whole,2
HB16-1061,2016,RS,House,2016-02-10,House Second Reading Passed - No Amendments,3
HB16-1061,2016,RS,House,2016-02-11,House Third Reading Passed - No Amendments,4
HB16-1061,2016,RS,Senate,2016-02-16,Introduced In Senate - Assigned to Transportation,5
HB16-1061,2016,RS,Senate,2016-03-08,Senate Committee on Transportation Refer Unamended - Consent Calendar to Senate Committee of the Whole,6
HB16-1061,2016,RS,Senate,2016-03-11,Senate Second Reading Passed - No Amendments,7
HB16-1061,2016,RS,Senate,2016-03-14,Senate Third Reading Passed - No Amendments,8
HB16-1061,2016,RS,House,2016-03-18,Signed by the Speaker of the House,9
HB16-1061,2016,RS,Senate,2016-03-22,Signed by the President of the Senate,10
HB16-1061,2016,RS,Governor,2016-03-22,Sent to the Governor,11
HB16-1061,2016,RS,Governor,2016-03-31,Governor Signed,12
HB16-1062,2016,RS,House,2016-01-13,Introduced In House - Assigned to Judiciary,1
HB16-1062,2016,RS,House,2016-02-02,House Committee on Judiciary Postpone Indefinitely,2
HB16-1063,2016,RS,House,2016-01-13,Introduced In House - Assigned to Judiciary,1
HB16-1063,2016,RS,House,2016-02-11,House Committee on Judiciary Refer Amended to House Committee of the Whole,2
HB16-1063,2016,RS,House,2016-02-16,House Second Reading Passed with Amendments - Committee,3
HB16-1063,2016,RS,House,2016-02-18,House Third Reading Laid Over to 02/23/2016 - No Amendments,4
HB16-1063,2016,RS,House,2016-02-23,House Third Reading Passed - No Amendments,5
HB16-1063,2016,RS,Senate,2016-03-04,Introduced In Senate - Assigned to Health & Human Services,6
HB16-1063,2016,RS,Senate,2016-03-30,Senate Committee on Health & Human Services Refer Unamended to Senate Committee of the Whole,7
HB16-1063,2016,RS,Senate,2016-04-04,Senate Second Reading Laid Over Daily - No Amendments,8
HB16-1063,2016,RS,Senate,2016-04-05,Senate Second Reading Passed - No Amendments,9
HB16-1063,2016,RS,Senate,2016-04-06,Senate Third Reading Passed - No Amendments,10
HB16-1063,2016,RS,House,2016-05-05,Signed by the Speaker of the House,11
HB16-1063,2016,RS,Senate,2016-05-05,Signed by the President of the Senate,12
HB16-1063,2016,RS,Governor,2016-05-05,Sent to the Governor,13
HB16-1063,2016,RS,Governor,2016-05-18,Governor Signed,14
HB16-1064,2016,RS,House,2016-01-13,Introduced In House - Assigned to Local Government,1
HB16-1064,2016,RS,House,2016-02-03,House Committee on Local Government Refer Unamended to House Committee of the Whole,2
HB16-1064,2016,RS,House,2016-02-08,House Second Reading Passed - No Amendments,3
HB16-1064,2016,RS,House,2016-02-09,House Third Reading Passed - No Amendments,4
HB16-1064,2016,RS,Senate,2016-02-16,"Introduced In Senate - Assigned to Business, Labor, & Technology",5
HB16-1064,2016,RS,Senate,2016-03-02,"Senate Committee on Business, Labor, & Technology Refer Unamended - Consent Calendar to Senate Committee of the Whole",6
HB16-1064,2016,RS,Senate,2016-03-07,Senate Second Reading Passed - No Amendments,7
HB16-1064,2016,RS,Senate,2016-03-08,Senate Third Reading Passed - No Amendments,8
HB16-1064,2016,RS,House,2016-03-11,Signed by the Speaker of the House,9
HB16-1064,2016,RS,Senate,2016-03-15,Signed by the President of the Senate,10
HB16-1064,2016,RS,Governor,2016-03-15,Sent to the Governor,11
HB16-1064,2016,RS,Governor,2016-03-23,Governor Signed,12
HB16-1065,2016,RS,House,2016-01-13,"Introduced In House - Assigned to Health, Insurance, & Environment + Finance",1
HB16-1065,2016,RS,House,2016-01-28,"House Committee on Health, Insurance, & Environment Refer Amended to Finance",2
HB16-1065,2016,RS,House,2016-02-24,House Committee on Finance Postpone Indefinitely,3
HB16-1066,2016,RS,House,2016-01-13,Introduced In House - Assigned to Judiciary,1
HB16-1066,2016,RS,House,2016-02-16,House Committee on Judiciary Refer Amended to House Committee of the Whole,2
HB16-1066,2016,RS,House,2016-02-18,House Second Reading Passed with Amendments - Committee,3
HB16-1066,2016,RS,House,2016-02-19,House Third Reading Passed - No Amendments,4
HB16-1066,2016,RS,Senate,2016-03-04,Introduced In Senate - Assigned to Judiciary,5
HB16-1066,2016,RS,Senate,2016-03-16,Senate Committee on Judiciary Refer Unamended to Senate Committee of the Whole,6
HB16-1066,2016,RS,Senate,2016-03-21,Senate Second Reading Passed - No Amendments,7
HB16-1066,2016,RS,Senate,2016-03-22,Senate Third Reading Passed - No Amendments,8
HB16-1066,2016,RS,House,2016-03-30,Signed by the Speaker of the House,9
HB16-1066,2016,RS,Senate,2016-04-04,Signed by the President of the Senate,10
HB16-1066,2016,RS,Governor,2016-04-05,Sent to the Governor,11
HB16-1066,2016,RS,Governor,2016-04-15,Governor Signed,12
HB16-1067,2016,RS,House,2016-01-13,Introduced In House - Assigned to Local Government,1
HB16-1067,2016,RS,House,2016-02-10,House Committee on Local Government Refer Unamended to House Committee of the Whole,2
HB16-1067,2016,RS,House,2016-02-16,House Second Reading Passed - No Amendments,3
HB16-1067,2016,RS,House,2016-02-17,House Third Reading Laid Over Daily - No Amendments,4
HB16-1067,2016,RS,House,2016-02-18,House Third Reading Passed - No Amendments,5
HB16-1067,2016,RS,Senate,2016-02-19,Introduced In Senate - Assigned to Transportation,6
HB16-1067,2016,RS,Senate,2016-03-08,Senate Committee on Transportation Postpone Indefinitely,7
HB16-1068,2016,RS,House,2016-01-13,"Introduced In House - Assigned to State, Veterans, & Military Affairs",1
HB16-1068,2016,RS,House,2016-01-27,"House Committee on State, Veterans, & Military Affairs Postpone Indefinitely",2
HB16-1069,2016,RS,House,2016-01-13,Introduced In House - Assigned to Local Government,1
HB16-1069,2016,RS,House,2016-01-28,House Committee on Local Government Refer Unamended to House Committee of the Whole,2
HB16-1069,2016,RS,House,2016-02-01,House Second Reading Passed - No Amendments,3
HB16-1069,2016,RS,House,2016-02-02,House Third Reading Passed - No Amendments,4
HB16-1069,2016,RS,Senate,2016-02-03,Introduced In Senate - Assigned to Local Government,5
HB16-1069,2016,RS,Senate,2016-02-16,Senate Committee on Local Government Refer Amended - Consent Calendar to Senate Committee of the Whole,6
HB16-1069,2016,RS,Senate,2016-02-19,Senate Second Reading Passed with Amendments - Committee,7
HB16-1069,2016,RS,Senate,2016-02-22,Senate Third Reading Passed - No Amendments,8
HB16-1069,2016,RS,House,2016-02-23,House Considered Senate Amendments - Result was to Concur - Repass,9
HB16-1069,2016,RS,House,2016-02-25,Signed by the Speaker of the House,10
HB16-1069,2016,RS,Senate,2016-03-01,Signed by the President of the Senate,11
HB16-1069,2016,RS,Governor,2016-03-01,Sent to the Governor,12
HB16-1069,2016,RS,Governor,2016-03-09,Governor Signed,13
HB16-1070,2016,RS,House,2016-01-13,"Introduced In House - Assigned to State, Veterans, & Military Affairs",1
HB16-1070,2016,RS,House,2016-02-10,"House Committee on State, Veterans, & Military Affairs Refer Amended to Appropriations",2
HB16-1070,2016,RS,House,2016-03-04,House Committee on Appropriations Refer Amended to House Committee of the Whole,3
HB16-1070,2016,RS,House,2016-03-07,House Second Reading Passed with Amendments - Committee,4
HB16-1070,2016,RS,House,2016-03-08,House Third Reading Passed - No Amendments,5
HB16-1070,2016,RS,Senate,2016-03-09,"Introduced In Senate - Assigned to State, Veterans, & Military Affairs",6
HB16-1070,2016,RS,Senate,2016-03-21,"Senate Committee on State, Veterans, & Military Affairs Refer Unamended to Appropriations",7
HB16-1070,2016,RS,Senate,2016-04-01,Senate Committee on Appropriations Refer Unamended - Consent Calendar to Senate Committee of the Whole,8
HB16-1070,2016,RS,Senate,2016-04-05,Senate Second Reading Passed - No Amendments,9
HB16-1070,2016,RS,Senate,2016-04-06,Senate Third Reading Passed - No Amendments,10
HB16-1070,2016,RS,House,2016-04-14,Signed by the Speaker of the House,11
HB16-1070,2016,RS,Senate,2016-04-15,Signed by the President of the Senate,12
HB16-1070,2016,RS,Governor,2016-04-15,Sent to the Governor,13
HB16-1070,2016,RS,Governor,2016-04-22,Governor Signed,14
HB16-1071,2016,RS,House,2016-01-13,"Introduced In House - Assigned to State, Veterans, & Military Affairs",1
HB16-1071,2016,RS,House,2016-02-01,"House Committee on State, Veterans, & Military Affairs Postpone Indefinitely",2
HB16-1072,2016,RS,House,2016-01-13,Introduced In House - Assigned to Judiciary,1
HB16-1072,2016,RS,House,2016-02-11,House Committee on Judiciary Postpone Indefinitely,2
HB16-1073,2016,RS,House,2016-01-13,Introduced In House - Assigned to Business Affairs and Labor,1
HB16-1073,2016,RS,House,2016-01-26,House Committee on Business Affairs and Labor Refer Amended to House Committee of the Whole,2
HB16-1073,2016,RS,House,2016-02-03,"House Second Reading Passed with Amendments - Committee, Floor",3
HB16-1073,2016,RS,House,2016-02-04,House Third Reading Passed - No Amendments,4
HB16-1073,2016,RS,Senate,2016-02-05,"Introduced In Senate - Assigned to Business, Labor, & Technology",5
HB16-1073,2016,RS,Senate,2016-03-21,"Senate Committee on Business, Labor, & Technology Refer Unamended - Consent Calendar to Senate Committee of the Whole",6
HB16-1073,2016,RS,Senate,2016-03-24,Senate Second Reading Passed - No Amendments,7
HB16-1073,2016,RS,Senate,2016-03-28,Senate Third Reading Passed - No Amendments,8
HB16-1073,2016,RS,House,2016-04-01,Signed by the Speaker of the House,9
HB16-1073,2016,RS,Senate,2016-04-04,Signed by the President of the Senate,10
HB16-1073,2016,RS,Governor,2016-04-05,Sent to the Governor,11
HB16-1073,2016,RS,Governor,2016-04-15,Governor Signed,12
HB16-1074,2016,RS,House,2016-01-13,"Introduced In House - Assigned to State, Veterans, & Military Affairs",1
HB16-1074,2016,RS,House,2016-01-27,"House Committee on State, Veterans, & Military Affairs Postpone Indefinitely",2
HB16-1075,2016,RS,House,2016-01-13,Introduced In House - Assigned to Finance,1
HB16-1075,2016,RS,House,2016-04-07,House Committee on Finance Postpone Indefinitely,2
HB16-1076,2016,RS,House,2016-01-13,Introduced In House - Assigned to Business Affairs and Labor,1
HB16-1076,2016,RS,House,2016-01-26,House Committee on Business Affairs and Labor Refer Amended to House Committee of the Whole,2
HB16-1076,2016,RS,House,2016-02-01,House Second Reading Passed with Amendments - Committee,3
HB16-1076,2016,RS,House,2016-02-02,House Third Reading Passed - No Amendments,4
HB16-1076,2016,RS,Senate,2016-02-03,"Introduced In Senate - Assigned to Business, Labor, & Technology",5
HB16-1076,2016,RS,Senate,2016-02-24,"Senate Committee on Business, Labor, & Technology Refer Unamended - Consent Calendar to Senate Committee of the Whole",6
HB16-1076,2016,RS,Senate,2016-02-29,Senate Second Reading Passed - No Amendments,7
HB16-1076,2016,RS,Senate,2016-03-01,Senate Third Reading Passed - No Amendments,8
HB16-1076,2016,RS,House,2016-03-04,Signed by the Speaker of the House,9
HB16-1076,2016,RS,Senate,2016-03-10,Signed by the President of the Senate,10
HB16-1076,2016,RS,Governor,2016-03-10,Sent to the Governor,11
HB16-1076,2016,RS,Governor,2016-03-16,Governor Signed,12
HB16-1077,2016,RS,House,2016-01-13,"Introduced In House - Assigned to State, Veterans, & Military Affairs",1
HB16-1077,2016,RS,House,2016-01-20,"House Committee on State, Veterans, & Military Affairs Refer Amended to Appropriations",2
HB16-1077,2016,RS,House,2016-04-15,House Committee on Appropriations Refer Amended to Legislative Council,3
HB16-1077,2016,RS,House,2016-04-29,House Committee on Legislative Council Refer Unamended to House Committee of the Whole,4
HB16-1077,2016,RS,House,2016-05-02,"House Second Reading Passed with Amendments - Committee, Floor",5
HB16-1077,2016,RS,House,2016-05-03,House Third Reading Passed with Amendments - Floor,6
HB16-1077,2016,RS,Senate,2016-05-03,Introduced In Senate - Assigned to Finance,7
HB16-1077,2016,RS,Senate,2016-05-05,Senate Committee on Finance Refer Amended to Appropriations,8
HB16-1077,2016,RS,Senate,2016-05-05,Senate Committee on Appropriations Refer Unamended to Senate Committee of the Whole,9
HB16-1077,2016,RS,Senate,2016-05-05,Senate Second Reading Special Order - Passed with Amendments - Committee,10
HB16-1077,2016,RS,Senate,2016-05-06,Senate Third Reading Passed - No Amendments,11
HB16-1077,2016,RS,House,2016-05-09,House Considered Senate Amendments - Result was to Concur - Repass,12
HB16-1077,2016,RS,House,2016-05-17,Signed by the Speaker of the House,13
HB16-1077,2016,RS,Senate,2016-05-17,Signed by the President of the Senate,14
HB16-1077,2016,RS,Governor,2016-05-18,Sent to the Governor,15
HB16-1077,2016,RS,Governor,2016-06-10,Governor Signed,16
HB16-1078,2016,RS,House,2016-01-13,Introduced In House - Assigned to Local Government,1
HB16-1078,2016,RS,House,2016-02-03,House Committee on Local Government Refer Amended to Appropriations,2
HB16-1078,2016,RS,House,2016-04-07,House Committee on Appropriations Refer Unamended to House Committee of the Whole,3
HB16-1078,2016,RS,House,2016-04-11,House Second Reading Laid Over to 04/13/2016 - No Amendments,4
HB16-1078,2016,RS,House,2016-04-13,House Second Reading Passed with Amendments - Floor,5
HB16-1078,2016,RS,House,2016-04-14,House Third Reading Laid Over to 04/19/2016 - No Amendments,6
HB16-1078,2016,RS,House,2016-04-19,House Third Reading Passed - No Amendments,7
HB16-1078,2016,RS,Senate,2016-04-19,"Introduced In Senate - Assigned to State, Veterans, & Military Affairs",8
HB16-1078,2016,RS,Senate,2016-04-27,"Senate Committee on State, Veterans, & Military Affairs Postpone Indefinitely",9
HB16-1079,2016,RS,House,2016-01-19,Introduced In House - Assigned to Public Health Care & Human Services,1
HB16-1079,2016,RS,House,2016-02-19,House Committee on Public Health Care & Human Services Refer Amended to Finance,2
HB16-1079,2016,RS,House,2016-03-02,House Committee on Finance Refer Unamended to Appropriations,3
HB16-1079,2016,RS,House,2016-04-22,House Committee on Appropriations Refer Amended to House Committee of the Whole,4
HB16-1079,2016,RS,House,2016-04-22,House Second Reading Special Order - Passed with Amendments - Committee,5
HB16-1079,2016,RS,House,2016-04-25,House Third Reading Passed - No Amendments,6
HB16-1079,2016,RS,Senate,2016-04-25,"Introduced In Senate - Assigned to Business, Labor, & Technology",7
HB16-1079,2016,RS,Senate,2016-05-03,"Senate Committee on Business, Labor, & Technology Postpone Indefinitely",8
HB16-1080,2016,RS,House,2016-01-19,Introduced In House - Assigned to Judiciary,1
HB16-1080,2016,RS,House,2016-02-09,House Committee on Judiciary Witness Testimony and/or Committee Discussion Only,2
HB16-1080,2016,RS,House,2016-02-18,House Committee on Judiciary Refer Amended to Appropriations,3
HB16-1080,2016,RS,House,2016-04-15,House Committee on Appropriations Refer Amended to House Committee of the Whole,4
HB16-1080,2016,RS,House,2016-04-15,House Second Reading Special Order - Passed with Amendments - Committee,5
HB16-1080,2016,RS,House,2016-04-18,House Third Reading Passed - No Amendments,6
HB16-1080,2016,RS,Senate,2016-04-18,Introduced In Senate - Assigned to Judiciary,7
HB16-1080,2016,RS,Senate,2016-04-27,Senate Committee on Judiciary Refer Amended to Senate Committee of the Whole,8
HB16-1080,2016,RS,Senate,2016-04-29,Senate Second Reading Special Order - Passed with Amendments - Committee,9
HB16-1080,2016,RS,Senate,2016-05-03,Senate Committee on Appropriations Refer Unamended - Consent Calendar to Senate Committee of the Whole,10
HB16-1080,2016,RS,Senate,2016-05-03,Senate Second Reading Passed with Amendments - Committee,11
HB16-1080,2016,RS,Senate,2016-05-04,Senate Third Reading Passed - No Amendments,12
HB16-1080,2016,RS,House,2016-05-05,House Considered Senate Amendments - Result was to Concur - Repass,13
HB16-1080,2016,RS,House,2016-05-17,Signed by the Speaker of the House,14
HB16-1080,2016,RS,Senate,2016-05-17,Signed by the President of the Senate,15
HB16-1080,2016,RS,Governor,2016-05-18,Sent to the Governor,16
HB16-1080,2016,RS,Governor,2016-06-10,Governor Signed,17
HB16-1081,2016,RS,House,2016-01-19,"Introduced In House - Assigned to Health, Insurance, & Environment",1
HB16-1081,2016,RS,House,2016-02-02,"House Committee on Health, Insurance, & Environment Refer Unamended to House Committee of the Whole",2
HB16-1081,2016,RS,House,2016-02-08,House Second Reading Passed - No Amendments,3
HB16-1081,2016,RS,House,2016-02-09,House Third Reading Passed - No Amendments,4
HB16-1081,2016,RS,Senate,2016-02-16,Introduced In Senate - Assigned to Health & Human Services,5
HB16-1081,2016,RS,Senate,2016-02-18,Senate Committee on Health & Human Services Refer Unamended - Consent Calendar to Senate Committee of the Whole,6
HB16-1081,2016,RS,Senate,2016-02-23,Senate Second Reading Passed - No Amendments,7
HB16-1081,2016,RS,Senate,2016-02-24,Senate Third Reading Passed - No Amendments,8
HB16-1081,2016,RS,House,2016-03-04,Signed by the Speaker of the House,9
HB16-1081,2016,RS,Senate,2016-03-10,Signed by the President of the Senate,10
HB16-1081,2016,RS,Governor,2016-03-10,Sent to the Governor,11
HB16-1081,2016,RS,Governor,2016-03-18,Governor Signed,12
HB16-1082,2016,RS,House,2016-01-19,Introduced In House - Assigned to Education,1
HB16-1082,2016,RS,House,2016-02-03,House Committee on Education Refer Unamended to House Committee of the Whole,2
HB16-1082,2016,RS,House,2016-02-10,House Second Reading Passed - No Amendments,3
HB16-1082,2016,RS,House,2016-02-11,House Third Reading Passed - No Amendments,4
HB16-1082,2016,RS,Senate,2016-02-16,Introduced In Senate - Assigned to Education,5
HB16-1082,2016,RS,Senate,2016-03-03,Senate Committee on Education Refer Unamended - Consent Calendar to Senate Committee of the Whole,6
HB16-1082,2016,RS,Senate,2016-03-09,Senate Second Reading Passed - No Amendments,7
HB16-1082,2016,RS,Senate,2016-03-10,Senate Third Reading Passed - No Amendments,8
HB16-1082,2016,RS,House,2016-03-18,Signed by the Speaker of the House,9
HB16-1082,2016,RS,Senate,2016-03-22,Signed by the President of the Senate,10
HB16-1082,2016,RS,Governor,2016-03-22,Sent to the Governor,11
HB16-1082,2016,RS,Governor,2016-03-31,Governor Signed,12
HB16-1083,2016,RS,House,2016-01-19,Introduced In House - Assigned to Education,1
HB16-1083,2016,RS,House,2016-02-10,House Committee on Education Refer Unamended to House Committee of the Whole,2
HB16-1083,2016,RS,House,2016-02-16,House Second Reading Passed - No Amendments,3
HB16-1083,2016,RS,House,2016-02-17,House Third Reading Laid Over Daily - No Amendments,4
HB16-1083,2016,RS,House,2016-02-18,House Third Reading Passed - No Amendments,5
HB16-1083,2016,RS,Senate,2016-02-19,Introduced In Senate - Assigned to Education,6
HB16-1083,2016,RS,Senate,2016-03-03,Senate Committee on Education Refer Unamended - Consent Calendar to Senate Committee of the Whole,7
HB16-1083,2016,RS,Senate,2016-03-09,Senate Second Reading Passed - No Amendments,8
HB16-1083,2016,RS,Senate,2016-03-10,Senate Third Reading Passed - No Amendments,9
HB16-1083,2016,RS,House,2016-03-18,Signed by the Speaker of the House,10
HB16-1083,2016,RS,Senate,2016-03-22,Signed by the President of the Senate,11
HB16-1083,2016,RS,Governor,2016-03-22,Sent to the Governor,12
HB16-1083,2016,RS,Governor,2016-04-01,Governor Signed,13
HB16-1084,2016,RS,House,2016-01-19,Introduced In House - Assigned to Business Affairs and Labor,1
HB16-1084,2016,RS,House,2016-01-28,House Committee on Business Affairs and Labor Refer Unamended to House Committee of the Whole,2
HB16-1084,2016,RS,House,2016-02-01,House Second Reading Passed - No Amendments,3
HB16-1084,2016,RS,House,2016-02-02,House Third Reading Passed - No Amendments,4
HB16-1084,2016,RS,Senate,2016-02-03,"Introduced In Senate - Assigned to Business, Labor, & Technology",5
HB16-1084,2016,RS,Senate,2016-02-22,"Senate Committee on Business, Labor, & Technology Refer Unamended - Consent Calendar to Senate Committee of the Whole",6
HB16-1084,2016,RS,Senate,2016-02-25,Senate Second Reading Passed - No Amendments,7
HB16-1084,2016,RS,Senate,2016-02-26,Senate Third Reading Passed - No Amendments,8
HB16-1084,2016,RS,House,2016-03-04,Signed by the Speaker of the House,9
HB16-1084,2016,RS,Senate,2016-03-10,Signed by the President of the Senate,10
HB16-1084,2016,RS,Governor,2016-03-10,Sent to the Governor,11
HB16-1084,2016,RS,Governor,2016-03-18,Governor Signed,12
HB16-1085,2016,RS,House,2016-01-19,Introduced In House - Assigned to Judiciary,1
HB16-1085,2016,RS,House,2016-02-02,House Committee on Judiciary Refer Unamended to House Committee of the Whole,2
HB16-1085,2016,RS,House,2016-02-08,House Second Reading Passed - No Amendments,3
HB16-1085,2016,RS,House,2016-02-09,House Third Reading Passed - No Amendments,4
HB16-1085,2016,RS,Senate,2016-02-16,Introduced In Senate - Assigned to Judiciary,5
HB16-1085,2016,RS,Senate,2016-03-07,Senate Committee on Judiciary Refer Unamended - Consent Calendar to Senate Committee of the Whole,6
HB16-1085,2016,RS,Senate,2016-03-10,Senate Second Reading Passed - No Amendments,7
HB16-1085,2016,RS,Senate,2016-03-11,Senate Third Reading Passed - No Amendments,8
HB16-1085,2016,RS,House,2016-03-18,Signed by the Speaker of the House,9
HB16-1085,2016,RS,Senate,2016-03-22,Signed by the President of the Senate,10
HB16-1085,2016,RS,Governor,2016-03-22,Sent to the Governor,11
HB16-1085,2016,RS,Governor,2016-03-31,Governor Signed,12
HB16-1086,2016,RS,House,2016-01-19,"Introduced In House - Assigned to State, Veterans, & Military Affairs",1
HB16-1086,2016,RS,House,2016-02-01,"House Committee on State, Veterans, & Military Affairs Refer Unamended to House Committee of the Whole",2
HB16-1086,2016,RS,House,2016-02-03,House Second Reading Passed - No Amendments,3
HB16-1086,2016,RS,House,2016-02-04,House Third Reading Passed - No Amendments,4
HB16-1086,2016,RS,Senate,2016-02-05,"Introduced In Senate - Assigned to State, Veterans, & Military Affairs",5
HB16-1086,2016,RS,Senate,2016-02-23,"Senate Committee on State, Veterans, & Military Affairs Refer Unamended - Consent Calendar to Senate Committee of the Whole",6
HB16-1086,2016,RS,Senate,2016-02-26,Senate Second Reading Passed - No Amendments,7
HB16-1086,2016,RS,Senate,2016-02-29,Senate Third Reading Passed - No Amendments,8
HB16-1086,2016,RS,House,2016-03-04,Signed by the Speaker of the House,9
HB16-1086,2016,RS,Senate,2016-03-10,Signed by the President of the Senate,10
HB16-1086,2016,RS,Governor,2016-03-10,Sent to the Governor,11
HB16-1086,2016,RS,Governor,2016-03-18,Governor Signed,12
HB16-1087,2016,RS,House,2016-01-19,"Introduced In House - Assigned to State, Veterans, & Military Affairs + Finance",1
HB16-1087,2016,RS,House,2016-02-17,"House Committee on State, Veterans, & Military Affairs Refer Amended to Finance",2
HB16-1087,2016,RS,House,2016-03-16,House Committee on Finance Postpone Indefinitely,3
HB16-1088,2016,RS,House,2016-01-19,Introduced In House - Assigned to Local Government,1
HB16-1088,2016,RS,House,2016-02-10,House Committee on Local Government Witness Testimony and/or Committee Discussion Only,2
HB16-1088,2016,RS,House,2016-03-16,House Committee on Local Government Refer Amended to House Committee of the Whole,3
HB16-1088,2016,RS,House,2016-03-21,House Second Reading Passed with Amendments - Committee,4
HB16-1088,2016,RS,House,2016-03-22,House Third Reading Passed - No Amendments,5
HB16-1088,2016,RS,Senate,2016-03-22,Introduced In Senate - Assigned to Local Government,6
HB16-1088,2016,RS,Senate,2016-03-29,Senate Committee on Local Government Refer Amended to Senate Committee of the Whole,7
HB16-1088,2016,RS,Senate,2016-03-31,Senate Second Reading Special Order - Passed with Amendments - Committee,8
HB16-1088,2016,RS,House,2016-04-01,House Considered Senate Amendments - Result was to Laid Over Daily,9
HB16-1088,2016,RS,Senate,2016-04-01,Senate Third Reading Passed - No Amendments,10
HB16-1088,2016,RS,House,2016-04-05,House Considered Senate Amendments - Result was to Concur - Repass,11
HB16-1088,2016,RS,House,2016-05-05,Signed by the Speaker of the House,12
HB16-1088,2016,RS,Governor,2016-05-05,Sent to the Governor,13
HB16-1088,2016,RS,Governor,2016-06-08,Governor Signed,14
HB16-1089,2016,RS,House,2016-01-19,Introduced In House - Assigned to Finance,1
HB16-1089,2016,RS,House,2016-02-25,House Committee on Finance Refer Amended to Appropriations,2
HB16-1089,2016,RS,House,2016-05-05,House Committee on Appropriations Postpone Indefinitely,3
HB16-1090,2016,RS,House,2016-01-19,Introduced In House - Assigned to Finance,1
HB16-1090,2016,RS,House,2016-02-03,House Committee on Finance Refer Amended to House Committee of the Whole,2
HB16-1090,2016,RS,House,2016-02-08,"House Second Reading Passed with Amendments - Committee, Floor",3
HB16-1090,2016,RS,House,2016-02-09,House Third Reading Passed - No Amendments,4
HB16-1090,2016,RS,Senate,2016-02-16,"Introduced In Senate - Assigned to Business, Labor, & Technology",5
HB16-1090,2016,RS,Senate,2016-03-09,"Senate Committee on Business, Labor, & Technology Refer Amended to Senate Committee of the Whole",6
HB16-1090,2016,RS,Senate,2016-03-14,Senate Second Reading Laid Over Daily with Amendments - Committee,7
HB16-1090,2016,RS,Senate,2016-03-15,"Senate Second Reading Passed with Amendments - Committee, Floor",8
HB16-1090,2016,RS,Senate,2016-03-16,Senate Third Reading Passed - No Amendments,9
HB16-1090,2016,RS,House,2016-03-28,House Considered Senate Amendments - Result was to Concur - Repass,10
HB16-1090,2016,RS,House,2016-03-28,House Considered Senate Amendments - Result was to Laid Over Daily,11
HB16-1090,2016,RS,Senate,2016-04-04,Signed by the President of the Senate,12
HB16-1090,2016,RS,House,2016-04-04,Signed by the Speaker of the House,13
HB16-1090,2016,RS,Governor,2016-04-05,Sent to the Governor,14
HB16-1090,2016,RS,Governor,2016-04-15,Governor Signed,15
HB16-1091,2016,RS,House,2016-01-19,Introduced In House - Assigned to Transportation & Energy,1
HB16-1091,2016,RS,House,2016-02-03,House Committee on Transportation & Energy Refer Unamended to House Committee of the Whole,2
HB16-1091,2016,RS,House,2016-02-08,House Second Reading Passed - No Amendments,3
HB16-1091,2016,RS,House,2016-02-09,House Third Reading Passed - No Amendments,4
HB16-1091,2016,RS,Senate,2016-02-16,"Introduced In Senate - Assigned to Agriculture, Natural Resources, & Energy",5
HB16-1091,2016,RS,Senate,2016-03-03,"Senate Committee on Agriculture, Natural Resources, & Energy Refer Unamended - Consent Calendar to Senate Committee of the Whole",6
HB16-1091,2016,RS,Senate,2016-03-07,Senate Second Reading Passed - No Amendments,7
HB16-1091,2016,RS,Senate,2016-03-08,Senate Third Reading Passed - No Amendments,8
HB16-1091,2016,RS,House,2016-03-11,Signed by the Speaker of the House,9
HB16-1091,2016,RS,Senate,2016-03-15,Signed by the President of the Senate,10
HB16-1091,2016,RS,Governor,2016-03-15,Sent to the Governor,11
HB16-1091,2016,RS,Governor,2016-03-23,Governor Signed,12
HB16-1092,2016,RS,House,2016-01-19,Introduced In House - Assigned to Public Health Care & Human Services,1
HB16-1092,2016,RS,House,2016-02-16,House Committee on Public Health Care & Human Services Postpone Indefinitely,2
HB16-1093,2016,RS,House,2016-01-19,"Introduced In House - Assigned to State, Veterans, & Military Affairs",1
HB16-1093,2016,RS,House,2016-02-01,"House Committee on State, Veterans, & Military Affairs Witness Testimony and/or Committee Discussion Only",2
HB16-1093,2016,RS,House,2016-02-29,"House Committee on State, Veterans, & Military Affairs Refer Amended to House Committee of the Whole",3
HB16-1093,2016,RS,House,2016-03-03,House Second Reading Passed with Amendments - Committee,4
HB16-1093,2016,RS,House,2016-03-04,House Third Reading Passed - No Amendments,5
HB16-1093,2016,RS,Senate,2016-03-09,"Introduced In Senate - Assigned to State, Veterans, & Military Affairs",6
HB16-1093,2016,RS,Senate,2016-03-21,"Senate Committee on State, Veterans, & Military Affairs Refer Unamended - Consent Calendar to Senate Committee of the Whole",7
HB16-1093,2016,RS,Senate,2016-03-24,Senate Second Reading Passed - No Amendments,8
HB16-1093,2016,RS,Senate,2016-03-28,Senate Third Reading Passed - No Amendments,9
HB16-1093,2016,RS,House,2016-04-07,Signed by the Speaker of the House,10
HB16-1093,2016,RS,Senate,2016-04-11,Signed by the President of the Senate,11
HB16-1093,2016,RS,Governor,2016-04-11,Sent to the Governor,12
HB16-1093,2016,RS,Governor,2016-04-21,Governor Signed,13
HB16-1094,2016,RS,House,2016-01-19,Introduced In House - Assigned to Judiciary,1
HB16-1094,2016,RS,House,2016-02-16,House Committee on Judiciary Refer Unamended to House Committee of the Whole,2
HB16-1094,2016,RS,House,2016-02-18,House Second Reading Passed - No Amendments,3
HB16-1094,2016,RS,House,2016-02-19,House Third Reading Passed - No Amendments,4
HB16-1094,2016,RS,Senate,2016-03-04,Introduced In Senate - Assigned to Judiciary,5
HB16-1094,2016,RS,Senate,2016-03-14,Senate Committee on Judiciary Refer Unamended - Consent Calendar to Senate Committee of the Whole,6
HB16-1094,2016,RS,Senate,2016-03-17,Senate Second Reading Passed - No Amendments,7
HB16-1094,2016,RS,Senate,2016-03-18,Senate Third Reading Passed - No Amendments,8
HB16-1094,2016,RS,House,2016-03-30,Signed by the Speaker of the House,9
HB16-1094,2016,RS,Senate,2016-04-04,Signed by the President of the Senate,10
HB16-1094,2016,RS,Governor,2016-04-05,Sent to the Governor,11
HB16-1094,2016,RS,Governor,2016-04-14,Governor Signed,12
HB16-1095,2016,RS,House,2016-01-19,"Introduced In House - Assigned to Health, Insurance, & Environment",1
HB16-1095,2016,RS,House,2016-02-02,"House Committee on Health, Insurance, & Environment Refer Amended to House Committee of the Whole",2
HB16-1095,2016,RS,House,2016-02-08,House Second Reading Passed with Amendments - Committee,3
HB16-1095,2016,RS,House,2016-02-09,House Third Reading Passed - No Amendments,4
HB16-1095,2016,RS,Senate,2016-02-16,Introduced In Senate - Assigned to Health & Human Services,5
HB16-1095,2016,RS,Senate,2016-02-18,Senate Committee on Health & Human Services Refer Unamended to Senate Committee of the Whole,6
HB16-1095,2016,RS,Senate,2016-02-23,Senate Second Reading Passed - No Amendments,7
HB16-1095,2016,RS,Senate,2016-02-24,Senate Third Reading Passed - No Amendments,8
HB16-1095,2016,RS,House,2016-02-29,Signed by the Speaker of the House,9
HB16-1095,2016,RS,Senate,2016-03-01,Signed by the President of the Senate,10
HB16-1095,2016,RS,Governor,2016-03-01,Sent to the Governor,11
HB16-1095,2016,RS,Governor,2016-03-09,Governor Signed,12
HB16-1096,2016,RS,House,2016-01-19,Introduced In House - Assigned to Business Affairs and Labor,1
HB16-1096,2016,RS,House,2016-02-02,House Committee on Business Affairs and Labor Witness Testimony and/or Committee Discussion Only,2
HB16-1096,2016,RS,House,2016-03-03,House Committee on Business Affairs and Labor Postpone Indefinitely,3
HB16-1097,2016,RS,House,2016-01-19,Introduced In House - Assigned to Transportation & Energy,1
HB16-1097,2016,RS,House,2016-02-04,House Committee on Transportation & Energy Refer Unamended to Appropriations,2
HB16-1097,2016,RS,House,2016-04-15,House Committee on Appropriations Refer Amended to House Committee of the Whole,3
HB16-1097,2016,RS,House,2016-04-15,House Second Reading Special Order - Passed with Amendments - Committee,4
HB16-1097,2016,RS,House,2016-04-18,House Third Reading Laid Over to 04/19/2016 - No Amendments,5
HB16-1097,2016,RS,House,2016-04-19,House Third Reading Passed - No Amendments,6
HB16-1097,2016,RS,Senate,2016-04-19,Introduced In Senate - Assigned to Transportation,7
HB16-1097,2016,RS,Senate,2016-04-28,Senate Committee on Transportation Refer Unamended to Appropriations,8
HB16-1097,2016,RS,Senate,2016-05-03,Senate Committee on Appropriations Refer Unamended - Consent Calendar to Senate Committee of the Whole,9
HB16-1097,2016,RS,Senate,2016-05-03,Senate Second Reading Special Order - Passed - No Amendments,10
HB16-1097,2016,RS,Senate,2016-05-04,Senate Third Reading Passed - No Amendments,11
HB16-1097,2016,RS,House,2016-05-12,Signed by the Speaker of the House,12
HB16-1097,2016,RS,Senate,2016-05-13,Signed by the President of the Senate,13
HB16-1097,2016,RS,Governor,2016-05-13,Sent to the Governor,14
HB16-1097,2016,RS,Governor,2016-05-20,Governor Signed,15
HB16-1098,2016,RS,House,2016-01-19,Introduced In House - Assigned to Education,1
HB16-1098,2016,RS,House,2016-02-10,House Committee on Education Refer Amended to House Committee of the Whole,2
HB16-1098,2016,RS,House,2016-02-16,House Second Reading Laid Over to 02/18/2016 - No Amendments,3
HB16-1098,2016,RS,House,2016-02-18,"House Second Reading Passed with Amendments - Committee, Floor",4
HB16-1098,2016,RS,House,2016-02-19,House Third Reading Passed - No Amendments,5
HB16-1098,2016,RS,Senate,2016-03-04,Introduced In Senate - Assigned to Education,6
HB16-1098,2016,RS,Senate,2016-03-17,Senate Committee on Education Refer Unamended to Senate Committee of the Whole,7
HB16-1098,2016,RS,Senate,2016-03-22,Senate Second Reading Passed - No Amendments,8
HB16-1098,2016,RS,Senate,2016-03-24,Senate Third Reading Passed - No Amendments,9
HB16-1098,2016,RS,Senate,2016-04-04,Signed by the President of the Senate,10
HB16-1098,2016,RS,House,2016-04-04,Signed by the Speaker of the House,11
HB16-1098,2016,RS,Governor,2016-04-05,Sent to the Governor,12
HB16-1098,2016,RS,Governor,2016-04-15,Governor Signed,13
HB16-1099,2016,RS,House,2016-01-19,Introduced In House - Assigned to Education,1
HB16-1099,2016,RS,House,2016-04-18,House Committee on Education Postpone Indefinitely,2
HB16-1100,2016,RS,House,2016-01-19,Introduced In House - Assigned to Education,1
HB16-1100,2016,RS,House,2016-02-17,House Committee on Education Witness Testimony and/or Committee Discussion Only,2
HB16-1100,2016,RS,House,2016-02-24,House Committee on Education Refer Amended to House Committee of the Whole,3
HB16-1100,2016,RS,House,2016-02-29,House Second Reading Laid Over Daily - No Amendments,4
HB16-1100,2016,RS,House,2016-03-15,"House Second Reading Passed with Amendments - Committee, Floor",5
HB16-1100,2016,RS,House,2016-03-16,House Third Reading Passed - No Amendments,6
HB16-1100,2016,RS,Senate,2016-03-16,Introduced In Senate - Assigned to Education,7
HB16-1100,2016,RS,Senate,2016-03-24,Senate Committee on Education Refer Unamended to Senate Committee of the Whole,8
HB16-1100,2016,RS,Senate,2016-03-29,Senate Second Reading Special Order - Passed - No Amendments,9
HB16-1100,2016,RS,Senate,2016-03-30,Senate Third Reading Passed - No Amendments,10
HB16-1100,2016,RS,House,2016-05-05,Signed by the Speaker of the House,11
HB16-1100,2016,RS,Senate,2016-05-05,Signed by the President of the Senate,12
HB16-1100,2016,RS,Governor,2016-05-05,Sent to the Governor,13
HB16-1100,2016,RS,Governor,2016-05-17,Governor Signed,14
HB16-1101,2016,RS,House,2016-01-19,"Introduced In House - Assigned to Health, Insurance, & Environment",1
HB16-1101,2016,RS,House,2016-03-03,"House Committee on Health, Insurance, & Environment Refer Amended to House Committee of the Whole",2
HB16-1101,2016,RS,House,2016-03-21,House Second Reading Laid Over Daily - No Amendments,3
HB16-1101,2016,RS,House,2016-03-24,"House Second Reading Passed with Amendments - Committee, Floor",4
HB16-1101,2016,RS,House,2016-03-30,House Third Reading Laid Over to 04/01/2016 - No Amendments,5
HB16-1101,2016,RS,House,2016-04-01,House Third Reading Passed - No Amendments,6
HB16-1101,2016,RS,Senate,2016-04-01,Introduced In Senate - Assigned to Health & Human Services,7
HB16-1101,2016,RS,Senate,2016-04-14,Senate Committee on Health & Human Services Refer Amended to Senate Committee of the Whole,8
HB16-1101,2016,RS,Senate,2016-04-19,Senate Second Reading Laid Over Daily - No Amendments,9
HB16-1101,2016,RS,Senate,2016-04-22,"Senate Second Reading Passed with Amendments - Committee, Floor",10
HB16-1101,2016,RS,Senate,2016-04-25,Senate Third Reading Passed - No Amendments,11
HB16-1101,2016,RS,House,2016-04-29,House Considered Senate Amendments - Result was to Concur - Repass,12
HB16-1101,2016,RS,House,2016-04-29,House Considered Senate Amendments - Result was to Laid Over Daily,13
HB16-1101,2016,RS,Senate,2016-05-10,Signed by the President of the Senate,14
HB16-1101,2016,RS,House,2016-05-10,Signed by the Speaker of the House,15
HB16-1101,2016,RS,Governor,2016-05-11,Sent to the Governor,16
HB16-1101,2016,RS,Governor,2016-05-18,Governor Signed,17
HB16-1102,2016,RS,House,2016-01-19,"Introduced In House - Assigned to Health, Insurance, & Environment",1
HB16-1102,2016,RS,House,2016-02-18,"House Committee on Health, Insurance, & Environment Witness Testimony and/or Committee Discussion Only",2
HB16-1102,2016,RS,House,2016-03-10,"House Committee on Health, Insurance, & Environment Postpone Indefinitely",3
HB16-1103,2016,RS,House,2016-01-19,Introduced In House - Assigned to Public Health Care & Human Services,1
HB16-1103,2016,RS,House,2016-02-09,House Committee on Public Health Care & Human Services Refer Amended to Appropriations,2
HB16-1103,2016,RS,House,2016-03-04,House Committee on Appropriations Refer Unamended to House Committee of the Whole,3
HB16-1103,2016,RS,House,2016-03-07,House Second Reading Passed with Amendments - Committee,4
HB16-1103,2016,RS,House,2016-03-08,House Third Reading Passed - No Amendments,5
HB16-1103,2016,RS,Senate,2016-03-09,Introduced In Senate - Assigned to Health & Human Services,6
HB16-1103,2016,RS,Senate,2016-03-17,Senate Committee on Health & Human Services Refer Unamended - Consent Calendar to Senate Committee of the Whole,7
HB16-1103,2016,RS,Senate,2016-03-22,Senate Second Reading Passed - No Amendments,8
HB16-1103,2016,RS,Senate,2016-03-24,Senate Third Reading Passed - No Amendments,9
HB16-1103,2016,RS,Senate,2016-04-04,Signed by the President of the Senate,10
HB16-1103,2016,RS,House,2016-04-04,Signed by the Speaker of the House,11
HB16-1103,2016,RS,Governor,2016-04-05,Sent to the Governor,12
HB16-1103,2016,RS,Governor,2016-04-15,Governor Signed,13
HB16-1104,2016,RS,House,2016-01-19,Introduced In House - Assigned to Judiciary,1
HB16-1104,2016,RS,House,2016-02-16,House Committee on Judiciary Refer Amended to House Committee of the Whole,2
HB16-1104,2016,RS,House,2016-02-18,House Second Reading Passed with Amendments - Committee,3
HB16-1104,2016,RS,House,2016-02-19,House Third Reading Passed - No Amendments,4
HB16-1104,2016,RS,Senate,2016-03-04,Introduced In Senate - Assigned to Judiciary,5
HB16-1104,2016,RS,Senate,2016-03-21,Senate Committee on Judiciary Refer Unamended - Consent Calendar to Senate Committee of the Whole,6
HB16-1104,2016,RS,Senate,2016-03-24,Senate Second Reading Passed - No Amendments,7
HB16-1104,2016,RS,Senate,2016-03-28,Senate Third Reading Passed - No Amendments,8
HB16-1104,2016,RS,House,2016-04-07,Signed by the Speaker of the House,9
HB16-1104,2016,RS,Senate,2016-04-11,Signed by the President of the Senate,10
HB16-1104,2016,RS,Governor,2016-04-11,Sent to the Governor,11
HB16-1104,2016,RS,Governor,2016-04-21,Governor Signed,12
HB16-1105,2016,RS,House,2016-01-19,Introduced In House - Assigned to Finance,1
HB16-1105,2016,RS,House,2016-04-07,House Committee on Finance Postpone Indefinitely,2
HB16-1106,2016,RS,House,2016-01-19,Introduced In House - Assigned to Local Government,1
HB16-1106,2016,RS,House,2016-02-17,House Committee on Local Government Refer Amended to House Committee of the Whole,2
HB16-1106,2016,RS,House,2016-02-22,House Second Reading Passed with Amendments - Committee,3
HB16-1106,2016,RS,House,2016-02-23,House Third Reading Passed - No Amendments,4
HB16-1106,2016,RS,Senate,2016-03-04,Introduced In Senate - Assigned to Local Government,5
HB16-1106,2016,RS,Senate,2016-03-15,Senate Committee on Local Government Refer Unamended - Consent Calendar to Senate Committee of the Whole,6
HB16-1106,2016,RS,Senate,2016-03-18,Senate Second Reading Passed - No Amendments,7
HB16-1106,2016,RS,Senate,2016-03-21,Senate Third Reading Passed - No Amendments,8
HB16-1106,2016,RS,House,2016-03-30,Signed by the Speaker of the House,9
HB16-1106,2016,RS,Senate,2016-04-04,Signed by the President of the Senate,10
HB16-1106,2016,RS,Governor,2016-04-05,Sent to the Governor,11
HB16-1106,2016,RS,Governor,2016-04-15,Governor Signed,12
HB16-1107,2016,RS,House,2016-01-20,"Introduced In House - Assigned to State, Veterans, & Military Affairs",1
HB16-1107,2016,RS,House,2016-02-22,"House Committee on State, Veterans, & Military Affairs Postpone Indefinitely",2
HB16-1108,2016,RS,House,2016-01-20,Introduced In House - Assigned to Business Affairs and Labor,1
HB16-1108,2016,RS,House,2016-02-04,House Committee on Business Affairs and Labor Postpone Indefinitely,2
HB16-1109,2016,RS,House,2016-01-20,"Introduced In House - Assigned to Agriculture, Livestock, & Natural Resources",1
HB16-1109,2016,RS,House,2016-03-07,"House Committee on Agriculture, Livestock, & Natural Resources Refer Unamended to House Committee of the Whole",2
HB16-1109,2016,RS,House,2016-03-17,House Second Reading Laid Over to 03/23/2016 - No Amendments,3
HB16-1109,2016,RS,House,2016-03-28,House Second Reading Passed with Amendments - Floor,4
HB16-1109,2016,RS,House,2016-03-29,House Third Reading Passed - No Amendments,5
HB16-1109,2016,RS,Senate,2016-03-29,"Introduced In Senate - Assigned to Agriculture, Natural Resources, & Energy",6
HB16-1109,2016,RS,Senate,2016-03-30,"Senate Committee on Agriculture, Natural Resources, & Energy Refer Unamended - Consent Calendar to Senate Committee of the Whole",7
HB16-1109,2016,RS,Senate,2016-03-31,Senate Second Reading Special Order - Passed - No Amendments,8
HB16-1109,2016,RS,Senate,2016-04-01,Senate Third Reading Passed - No Amendments,9
HB16-1109,2016,RS,House,2016-04-08,Signed by the Speaker of the House,10
HB16-1109,2016,RS,Senate,2016-04-11,Signed by the President of the Senate,11
HB16-1109,2016,RS,Governor,2016-04-11,Sent to the Governor,12
HB16-1109,2016,RS,Governor,2016-04-21,Governor Signed,13
HB16-1110,2016,RS,House,2016-01-20,"Introduced In House - Assigned to State, Veterans, & Military Affairs",1
HB16-1110,2016,RS,House,2016-03-28,"House Committee on State, Veterans, & Military Affairs Postpone Indefinitely",2
HB16-1111,2016,RS,House,2016-01-20,"Introduced In House - Assigned to State, Veterans, & Military Affairs",1
HB16-1111,2016,RS,House,2016-03-02,"House Committee on State, Veterans, & Military Affairs Postpone Indefinitely",2
HB16-1112,2016,RS,House,2016-01-20,Introduced In House - Assigned to Public Health Care & Human Services,1
HB16-1112,2016,RS,House,2016-03-08,House Committee on Public Health Care & Human Services Refer Amended to Appropriations,2
HB16-1112,2016,RS,House,2016-04-28,House Committee on Appropriations Refer Unamended to House Committee of the Whole,3
HB16-1112,2016,RS,House,2016-04-28,"House Second Reading Special Order - Passed with Amendments - Committee, Floor",4
HB16-1112,2016,RS,House,2016-04-29,House Third Reading Passed - No Amendments,5
HB16-1112,2016,RS,Senate,2016-04-29,"Introduced In Senate - Assigned to State, Veterans, & Military Affairs",6
HB16-1112,2016,RS,Senate,2016-05-03,"Senate Committee on State, Veterans, & Military Affairs Refer Amended to Appropriations",7
HB16-1112,2016,RS,Senate,2016-05-05,Senate Committee on Appropriations Refer Amended - Consent Calendar to Senate Committee of the Whole,8
HB16-1112,2016,RS,Senate,2016-05-05,Senate Second Reading Special Order - Passed with Amendments - Committee,9
HB16-1112,2016,RS,Senate,2016-05-06,Senate Third Reading Passed - No Amendments,10
HB16-1112,2016,RS,House,2016-05-10,House Considered Senate Amendments - Result was to Concur - Repass,11
HB16-1112,2016,RS,House,2016-05-10,House Considered Senate Amendments - Result was to Laid Over Daily,12
HB16-1112,2016,RS,House,2016-05-17,Signed by the Speaker of the House,13
HB16-1112,2016,RS,Senate,2016-05-17,Signed by the President of the Senate,14
HB16-1112,2016,RS,Governor,2016-05-18,Sent to the Governor,15
HB16-1112,2016,RS,Governor,2016-06-10,Governor Signed,16
HB16-1113,2016,RS,House,2016-01-20,"Introduced In House - Assigned to Health, Insurance, & Environment",1
HB16-1113,2016,RS,House,2016-02-11,"House Committee on Health, Insurance, & Environment Postpone Indefinitely",2
HB16-1114,2016,RS,House,2016-01-20,Introduced In House - Assigned to Business Affairs and Labor,1
HB16-1114,2016,RS,House,2016-03-22,House Committee on Business Affairs and Labor Refer Amended to Appropriations,2
HB16-1114,2016,RS,House,2016-04-07,House Committee on Appropriations Refer Unamended to House Committee of the Whole,3
HB16-1114,2016,RS,House,2016-04-11,House Second Reading Passed with Amendments - Committee,4
HB16-1114,2016,RS,House,2016-04-12,House Third Reading Laid Over Daily - No Amendments,5
HB16-1114,2016,RS,House,2016-04-14,House Third Reading Passed - No Amendments,6
HB16-1114,2016,RS,Senate,2016-04-14,"Introduced In Senate - Assigned to Business, Labor, & Technology",7
HB16-1114,2016,RS,Senate,2016-04-25,"Senate Committee on Business, Labor, & Technology Refer Unamended to Appropriations",8
HB16-1114,2016,RS,Senate,2016-04-29,Senate Committee on Appropriations Refer Unamended - Consent Calendar to Senate Committee of the Whole,9
HB16-1114,2016,RS,Senate,2016-05-02,Senate Second Reading Special Order - Passed - No Amendments,10
HB16-1114,2016,RS,Senate,2016-05-03,Senate Third Reading Passed - No Amendments,11
HB16-1114,2016,RS,Senate,2016-05-10,Signed by the President of the Senate,12
HB16-1114,2016,RS,House,2016-05-10,Signed by the Speaker of the House,13
HB16-1114,2016,RS,Governor,2016-05-11,Sent to the Governor,14
HB16-1114,2016,RS,Governor,2016-06-08,Governor Signed,15
HB16-1115,2016,RS,House,2016-01-20,"Introduced In House - Assigned to State, Veterans, & Military Affairs",1
HB16-1115,2016,RS,House,2016-02-08,"House Committee on State, Veterans, & Military Affairs Postpone Indefinitely",2
HB16-1116,2016,RS,House,2016-01-20,Introduced In House - Assigned to Education,1
HB16-1116,2016,RS,House,2016-03-28,House Committee on Education Postpone Indefinitely,2
HB16-1117,2016,RS,House,2016-01-20,Introduced In House - Assigned to Judiciary,1
HB16-1117,2016,RS,House,2016-02-11,House Committee on Judiciary Refer Amended to Appropriations,2
HB16-1117,2016,RS,House,2016-04-28,House Committee on Appropriations Refer Amended to House Committee of the Whole,3
HB16-1117,2016,RS,House,2016-04-28,House Second Reading Special Order - Passed with Amendments - Committee,4
HB16-1117,2016,RS,House,2016-04-29,House Third Reading Passed - No Amendments,5
HB16-1117,2016,RS,Senate,2016-04-29,"Introduced In Senate - Assigned to State, Veterans, & Military Affairs",6
HB16-1117,2016,RS,Senate,2016-05-03,"Senate Committee on State, Veterans, & Military Affairs Refer Unamended to Appropriations",7
HB16-1117,2016,RS,Senate,2016-05-05,Senate Committee on Appropriations Refer Unamended to Senate Committee of the Whole,8
HB16-1117,2016,RS,Senate,2016-05-05,Senate Second Reading Special Order - Passed - No Amendments,9
HB16-1117,2016,RS,Senate,2016-05-06,Senate Third Reading Passed - No Amendments,10
HB16-1117,2016,RS,House,2016-05-17,Signed by the Speaker of the House,11
HB16-1117,2016,RS,Senate,2016-05-17,Signed by the President of the Senate,12
HB16-1117,2016,RS,Governor,2016-05-18,Sent to the Governor,13
HB16-1117,2016,RS,Governor,2016-06-10,Governor Signed,14
HB16-1118,2016,RS,House,2016-01-20,Introduced In House - Assigned to Local Government,1
HB16-1118,2016,RS,House,2016-02-11,House Committee on Local Government Refer Unamended to House Committee of the Whole,2
HB16-1118,2016,RS,House,2016-02-17,House Second Reading Laid Over to 02/24/2016 - No Amendments,3
HB16-1118,2016,RS,House,2016-03-03,House Second Reading Laid Over to 06/01/2016 - No Amendments,4
HB16-1119,2016,RS,House,2016-01-20,Introduced In House - Assigned to Business Affairs and Labor,1
HB16-1119,2016,RS,House,2016-02-04,House Committee on Business Affairs and Labor Refer Unamended to House Committee of the Whole,2
HB16-1119,2016,RS,House,2016-02-08,House Second Reading Passed - No Amendments,3
HB16-1119,2016,RS,House,2016-02-09,House Third Reading Passed - No Amendments,4
HB16-1119,2016,RS,Senate,2016-02-16,Introduced In Senate - Assigned to Finance,5
HB16-1119,2016,RS,Senate,2016-03-01,Senate Committee on Finance Refer Unamended - Consent Calendar to Senate Committee of the Whole,6
HB16-1119,2016,RS,Senate,2016-03-04,Senate Second Reading Passed - No Amendments,7
HB16-1119,2016,RS,Senate,2016-03-07,Senate Third Reading Passed - No Amendments,8
HB16-1119,2016,RS,House,2016-03-11,Signed by the Speaker of the House,9
HB16-1119,2016,RS,Senate,2016-03-15,Signed by the President of the Senate,10
HB16-1119,2016,RS,Governor,2016-03-15,Sent to the Governor,11
HB16-1119,2016,RS,Governor,2016-03-23,Governor Signed,12
HB16-1120,2016,RS,House,2016-01-20,Introduced In House - Assigned to Public Health Care & Human Services,1
HB16-1120,2016,RS,House,2016-02-09,House Committee on Public Health Care & Human Services Refer Amended to House Committee of the Whole,2
HB16-1120,2016,RS,House,2016-02-16,House Second Reading Passed with Amendments - Committee,3
HB16-1120,2016,RS,House,2016-02-17,House Third Reading Laid Over Daily - No Amendments,4
HB16-1120,2016,RS,House,2016-02-18,House Third Reading Passed - No Amendments,5
HB16-1120,2016,RS,Senate,2016-02-19,"Introduced In Senate - Assigned to Agriculture, Natural Resources, & Energy",6
HB16-1120,2016,RS,Senate,2016-03-10,"Senate Committee on Agriculture, Natural Resources, & Energy Witness Testimony and/or Committee Discussion Only",7
HB16-1120,2016,RS,Senate,2016-03-17,"Senate Committee on Agriculture, Natural Resources, & Energy Postpone Indefinitely",8
HB16-1121,2016,RS,House,2016-01-20,Introduced In House - Assigned to Education,1
HB16-1121,2016,RS,House,2016-02-22,House Committee on Education Postpone Indefinitely,2
HB16-1122,2016,RS,House,2016-01-20,Introduced In House - Assigned to Transportation & Energy,1
HB16-1122,2016,RS,House,2016-02-10,House Committee on Transportation & Energy Refer Amended to House Committee of the Whole,2
HB16-1122,2016,RS,House,2016-02-16,House Second Reading Passed with Amendments - Committee,3
HB16-1122,2016,RS,House,2016-02-17,House Third Reading Laid Over Daily - No Amendments,4
HB16-1122,2016,RS,House,2016-02-18,House Third Reading Passed - No Amendments,5
HB16-1122,2016,RS,Senate,2016-02-19,Introduced In Senate - Assigned to Transportation,6
HB16-1122,2016,RS,Senate,2016-03-08,Senate Committee on Transportation Refer Unamended - Consent Calendar to Senate Committee of the Whole,7
HB16-1122,2016,RS,Senate,2016-03-11,Senate Second Reading Passed - No Amendments,8
HB16-1122,2016,RS,Senate,2016-03-14,Senate Third Reading Reconsidered - No Amendments,9
HB16-1122,2016,RS,Senate,2016-03-14,Senate Third Reading Passed - No Amendments,10
HB16-1122,2016,RS,House,2016-03-18,Signed by the Speaker of the House,11
HB16-1122,2016,RS,Senate,2016-03-22,Signed by the President of the Senate,12
HB16-1122,2016,RS,Governor,2016-03-22,Sent to the Governor,13
HB16-1122,2016,RS,Governor,2016-03-31,Governor Signed,14
HB16-1123,2016,RS,House,2016-01-20,"Introduced In House - Assigned to State, Veterans, & Military Affairs",1
HB16-1123,2016,RS,House,2016-02-08,"House Committee on State, Veterans, & Military Affairs Postpone Indefinitely",2
HB16-1124,2016,RS,House,2016-01-20,"Introduced In House - Assigned to Agriculture, Livestock, & Natural Resources",1
HB16-1124,2016,RS,House,2016-02-03,"House Committee on Agriculture, Livestock, & Natural Resources Postpone Indefinitely",2
HB16-1125,2016,RS,House,2016-01-20,"Introduced In House - Assigned to State, Veterans, & Military Affairs",1
HB16-1125,2016,RS,House,2016-02-03,"House Committee on State, Veterans, & Military Affairs Refer Amended to House Committee of the Whole",2
HB16-1125,2016,RS,House,2016-02-08,House Second Reading Passed with Amendments - Committee,3
HB16-1125,2016,RS,House,2016-02-09,House Third Reading Passed - No Amendments,4
HB16-1125,2016,RS,Senate,2016-02-16,"Introduced In Senate - Assigned to State, Veterans, & Military Affairs",5
HB16-1125,2016,RS,Senate,2016-02-23,"Senate Committee on State, Veterans, & Military Affairs Refer Unamended to Senate Committee of the Whole",6
HB16-1125,2016,RS,Senate,2016-02-26,Senate Second Reading Passed with Amendments - Floor,7
HB16-1125,2016,RS,Senate,2016-02-29,Senate Third Reading Passed - No Amendments,8
HB16-1125,2016,RS,Senate,2016-03-02,House Considered Senate Amendments - Result was to Laid Over Daily,9
HB16-1125,2016,RS,Senate,2016-03-04,House Considered Senate Amendments - Result was to Concur - Repass,10
HB16-1125,2016,RS,House,2016-03-09,Signed by the Speaker of the House,11
HB16-1125,2016,RS,Senate,2016-03-14,Signed by the President of the Senate,12
HB16-1125,2016,RS,Governor,2016-03-14,Sent to the Governor,13
HB16-1125,2016,RS,Governor,2016-03-22,Governor Signed,14
HB16-1126,2016,RS,House,2016-01-20,"Introduced In House - Assigned to State, Veterans, & Military Affairs",1
HB16-1126,2016,RS,House,2016-03-14,"House Committee on State, Veterans, & Military Affairs Postpone Indefinitely",2
HB16-1127,2016,RS,House,2016-01-20,Introduced In House - Assigned to Public Health Care & Human Services,1
HB16-1127,2016,RS,House,2016-04-12,House Committee on Public Health Care & Human Services Postpone Indefinitely,2
HB16-1128,2016,RS,House,2016-01-20,Introduced In House - Assigned to Education,1
HB16-1128,2016,RS,House,2016-04-06,House Committee on Education Postpone Indefinitely,2
HB16-1129,2016,RS,House,2016-01-20,Introduced In House - Assigned to Judiciary,1
HB16-1129,2016,RS,House,2016-02-18,House Committee on Judiciary Refer Amended to Appropriations,2
HB16-1129,2016,RS,House,2016-03-18,House Committee on Appropriations Refer Amended to House Committee of the Whole,3
HB16-1129,2016,RS,House,2016-03-21,House Second Reading Laid Over Daily - No Amendments,4
HB16-1129,2016,RS,House,2016-03-24,"House Second Reading Passed with Amendments - Committee, Floor",5
HB16-1129,2016,RS,House,2016-03-28,House Third Reading Passed - No Amendments,6
HB16-1129,2016,RS,Senate,2016-03-28,Introduced In Senate - Assigned to Judiciary,7
HB16-1129,2016,RS,Senate,2016-04-19,Senate Committee on Judiciary Refer Amended to Appropriations,8
HB16-1129,2016,RS,Senate,2016-04-27,Senate Committee on Appropriations Refer Amended to Senate Committee of the Whole,9
HB16-1129,2016,RS,Senate,2016-04-28,Senate Second Reading Special Order - Laid Over Daily - No Amendments,10
HB16-1129,2016,RS,Senate,2016-04-29,"Senate Second Reading Passed with Amendments - Committee, Floor",11
HB16-1129,2016,RS,Senate,2016-05-02,Senate Third Reading Passed with Amendments - Floor,12
HB16-1129,2016,RS,Senate,2016-05-03,House Considered Senate Amendments - Result was to Laid Over Daily,13
HB16-1129,2016,RS,Senate,2016-05-03,House Considered Senate Amendments - Result was to Not Concur - Request Conference Committee,14
HB16-1129,2016,RS,,2016-05-10,First Conference Committee Result was to Adopt Rerevised w/ Amendments,15
HB16-1129,2016,RS,Senate,2016-05-10,Senate Consideration of First Conference Committee Report result was to Adopt Committee Report - Repass,16
HB16-1129,2016,RS,House,2016-05-11,House Consideration of First Conference Committee Report result was to Adopt Committee Report - Repass,17
HB16-1129,2016,RS,Senate,2016-05-17,Signed by the President of the Senate,18
HB16-1129,2016,RS,House,2016-05-20,Signed by the Speaker of the House,19
HB16-1129,2016,RS,Governor,2016-05-20,Sent to the Governor,20
HB16-1129,2016,RS,Governor,2016-06-08,Governor Signed,21
HB16-1130,2016,RS,House,2016-01-20,Introduced In House - Assigned to Education,1
HB16-1130,2016,RS,House,2016-02-01,House Committee on Education Refer Amended to House Committee of the Whole,2
HB16-1130,2016,RS,House,2016-02-03,House Second Reading Passed with Amendments - Committee,3
HB16-1130,2016,RS,House,2016-02-04,House Third Reading Passed - No Amendments,4
HB16-1130,2016,RS,Senate,2016-02-05,Introduced In Senate - Assigned to Education,5
HB16-1130,2016,RS,Senate,2016-02-25,Senate Committee on Education Refer Amended - Consent Calendar to Senate Committee of the Whole,6
HB16-1130,2016,RS,Senate,2016-03-01,Senate Second Reading Passed with Amendments - Committee,7
HB16-1130,2016,RS,Senate,2016-03-02,Senate Third Reading Passed - No Amendments,8
HB16-1130,2016,RS,House,2016-03-04,House Considered Senate Amendments - Result was to Concur - Repass,9
HB16-1130,2016,RS,House,2016-03-04,House Considered Senate Amendments - Result was to Laid Over Daily,10
HB16-1130,2016,RS,House,2016-03-09,Signed by the Speaker of the House,11
HB16-1130,2016,RS,Senate,2016-03-14,Signed by the President of the Senate,12
HB16-1130,2016,RS,Governor,2016-03-14,Sent to the Governor,13
HB16-1130,2016,RS,Governor,2016-03-22,Governor Signed,14
HB16-1131,2016,RS,House,2016-01-20,Introduced In House - Assigned to Education,1
HB16-1131,2016,RS,House,2016-02-29,House Committee on Education Witness Testimony and/or Committee Discussion Only,2
HB16-1131,2016,RS,House,2016-03-07,House Committee on Education Postpone Indefinitely,3
HB16-1132,2016,RS,House,2016-01-20,"Introduced In House - Assigned to State, Veterans, & Military Affairs",1
HB16-1132,2016,RS,House,2016-02-03,"House Committee on State, Veterans, & Military Affairs Postpone Indefinitely",2
HB16-1133,2016,RS,House,2016-01-20,"Introduced In House - Assigned to State, Veterans, & Military Affairs",1
HB16-1133,2016,RS,House,2016-02-22,"House Committee on State, Veterans, & Military Affairs Postpone Indefinitely",2
HB16-1134,2016,RS,House,2016-01-20,Introduced In House - Assigned to Business Affairs and Labor,1
HB16-1134,2016,RS,House,2016-03-10,House Committee on Business Affairs and Labor Postpone Indefinitely,2
HB16-1135,2016,RS,House,2016-01-20,"Introduced In House - Assigned to State, Veterans, & Military Affairs",1
HB16-1135,2016,RS,House,2016-04-25,"House Committee on State, Veterans, & Military Affairs Postpone Indefinitely",2
HB16-1136,2016,RS,House,2016-01-20,Introduced In House - Assigned to Transportation & Energy,1
HB16-1136,2016,RS,House,2016-02-25,House Committee on Transportation & Energy Refer Amended to House Committee of the Whole,2
HB16-1136,2016,RS,House,2016-03-03,House Second Reading Passed with Amendments - Committee,3
HB16-1136,2016,RS,House,2016-03-04,House Third Reading Passed - No Amendments,4
HB16-1136,2016,RS,Senate,2016-03-09,"Introduced In Senate - Assigned to State, Veterans, & Military Affairs",5
HB16-1136,2016,RS,Senate,2016-03-28,"Senate Committee on State, Veterans, & Military Affairs Postpone Indefinitely",6
HB16-1137,2016,RS,House,2016-01-20,"Introduced In House - Assigned to Health, Insurance, & Environment",1
HB16-1137,2016,RS,House,2016-02-09,"House Committee on Health, Insurance, & Environment Witness Testimony and/or Committee Discussion Only",2
HB16-1137,2016,RS,House,2016-02-11,"House Committee on Health, Insurance, & Environment Postpone Indefinitely",3
HB16-1138,2016,RS,House,2016-01-20,"Introduced In House - Assigned to State, Veterans, & Military Affairs",1
HB16-1138,2016,RS,House,2016-02-24,"House Committee on State, Veterans, & Military Affairs Postpone Indefinitely",2
HB16-1139,2016,RS,House,2016-01-20,Introduced In House - Assigned to Local Government,1
HB16-1139,2016,RS,House,2016-02-03,House Committee on Local Government Refer Unamended to House Committee of the Whole,2
HB16-1139,2016,RS,House,2016-02-08,House Second Reading Passed with Amendments - Floor,3
HB16-1139,2016,RS,House,2016-02-09,House Third Reading Passed - No Amendments,4
HB16-1139,2016,RS,Senate,2016-02-16,"Introduced In Senate - Assigned to State, Veterans, & Military Affairs",5
HB16-1139,2016,RS,Senate,2016-02-23,"Senate Committee on State, Veterans, & Military Affairs Refer Amended to Legislative Council",6
HB16-1139,2016,RS,Senate,2016-03-04,Senate Committee on Legislative Council Refer Amended to Senate Committee of the Whole,7
HB16-1139,2016,RS,Senate,2016-03-09,Senate Second Reading Lost with Amendments - Committee,8
HB16-1140,2016,RS,House,2016-01-21,"Introduced In House - Assigned to State, Veterans, & Military Affairs",1
HB16-1140,2016,RS,House,2016-03-21,"House Committee on State, Veterans, & Military Affairs Postpone Indefinitely",2
HB16-1141,2016,RS,House,2016-01-21,"Introduced In House - Assigned to Health, Insurance, & Environment",1
HB16-1141,2016,RS,House,2016-02-09,"House Committee on Health, Insurance, & Environment Refer Amended to Appropriations",2
HB16-1141,2016,RS,House,2016-03-04,House Committee on Appropriations Refer Amended to House Committee of the Whole,3
HB16-1141,2016,RS,House,2016-03-07,House Second Reading Passed with Amendments - Committee,4
HB16-1141,2016,RS,House,2016-03-08,House Third Reading Passed - No Amendments,5
HB16-1141,2016,RS,Senate,2016-03-09,Introduced In Senate - Assigned to Health & Human Services,6
HB16-1141,2016,RS,Senate,2016-03-24,Senate Committee on Health & Human Services Refer Unamended to Appropriations,7
HB16-1141,2016,RS,Senate,2016-04-01,Senate Committee on Appropriations Refer Unamended to Senate Committee of the Whole,8
HB16-1141,2016,RS,Senate,2016-04-05,Senate Second Reading Passed - No Amendments,9
HB16-1141,2016,RS,Senate,2016-04-06,Senate Third Reading Passed - No Amendments,10
HB16-1141,2016,RS,House,2016-04-14,Signed by the Speaker of the House,11
HB16-1141,2016,RS,Senate,2016-04-15,Signed by the President of the Senate,12
HB16-1141,2016,RS,Governor,2016-04-15,Sent to the Governor,13
HB16-1141,2016,RS,Governor,2016-04-21,Governor Signed,14
HB16-1142,2016,RS,House,2016-01-21,Introduced In House - Assigned to Public Health Care & Human Services + Finance,1
HB16-1142,2016,RS,House,2016-02-16,House Committee on Public Health Care & Human Services Refer Amended to Finance,2
HB16-1142,2016,RS,House,2016-03-17,House Committee on Finance Refer Amended to Appropriations,3
HB16-1142,2016,RS,House,2016-05-05,House Committee on Appropriations Refer Unamended to House Committee of the Whole,4
HB16-1142,2016,RS,House,2016-05-05,House Second Reading Special Order - Passed with Amendments - Committee,5
HB16-1142,2016,RS,House,2016-05-06,House Third Reading Passed - No Amendments,6
HB16-1142,2016,RS,Senate,2016-05-06,Introduced In Senate - Assigned to Finance,7
HB16-1142,2016,RS,Senate,2016-05-09,Senate Committee on Finance Refer Unamended to Appropriations,8
HB16-1142,2016,RS,Senate,2016-05-09,Senate Committee on Appropriations Refer Unamended to Senate Committee of the Whole,9
HB16-1142,2016,RS,Senate,2016-05-09,Senate Second Reading Special Order - Passed - No Amendments,10
HB16-1142,2016,RS,Senate,2016-05-10,Senate Third Reading Passed - No Amendments,11
HB16-1142,2016,RS,House,2016-05-17,Signed by the Speaker of the House,12
HB16-1142,2016,RS,Senate,2016-05-17,Signed by the President of the Senate,13
HB16-1142,2016,RS,Governor,2016-05-18,Sent to the Governor,14
HB16-1142,2016,RS,Governor,2016-06-06,Governor Signed,15
HB16-1143,2016,RS,House,2016-01-21,"Introduced In House - Assigned to State, Veterans, & Military Affairs",1
HB16-1143,2016,RS,House,2016-03-09,"House Committee on State, Veterans, & Military Affairs Postpone Indefinitely",2
HB16-1144,2016,RS,House,2016-01-21,Introduced In House - Assigned to Education,1
HB16-1144,2016,RS,House,2016-02-08,House Committee on Education Refer Amended to House Committee of the Whole,2
HB16-1144,2016,RS,House,2016-02-10,House Second Reading Passed with Amendments - Committee,3
HB16-1144,2016,RS,House,2016-02-11,House Third Reading Passed - No Amendments,4
HB16-1144,2016,RS,Senate,2016-02-16,Introduced In Senate - Assigned to Education,5
HB16-1144,2016,RS,Senate,2016-03-03,Senate Committee on Education Refer Unamended to Senate Committee of the Whole,6
HB16-1144,2016,RS,Senate,2016-03-09,Senate Second Reading Passed - No Amendments,7
HB16-1144,2016,RS,Senate,2016-03-10,Senate Third Reading Passed with Amendments - Floor,8
HB16-1144,2016,RS,House,2016-03-11,House Considered Senate Amendments - Result was to Concur - Repass,9
HB16-1144,2016,RS,House,2016-03-18,Signed by the Speaker of the House,10
HB16-1144,2016,RS,Senate,2016-03-22,Signed by the President of the Senate,11
HB16-1144,2016,RS,Governor,2016-03-22,Sent to the Governor,12
HB16-1144,2016,RS,Governor,2016-03-31,Governor Signed,13
HB16-1145,2016,RS,House,2016-01-21,Introduced In House - Assigned to Business Affairs and Labor,1
HB16-1145,2016,RS,House,2016-02-16,House Committee on Business Affairs and Labor Refer Amended to House Committee of the Whole,2
HB16-1145,2016,RS,House,2016-02-18,House Second Reading Passed with Amendments - Committee,3
HB16-1145,2016,RS,House,2016-02-19,House Third Reading Passed - No Amendments,4
HB16-1145,2016,RS,Senate,2016-03-04,Introduced In Senate - Assigned to Local Government,5
HB16-1145,2016,RS,Senate,2016-03-15,Senate Committee on Local Government Refer Unamended - Consent Calendar to Senate Committee of the Whole,6
HB16-1145,2016,RS,Senate,2016-03-18,Senate Second Reading Passed - No Amendments,7
HB16-1145,2016,RS,Senate,2016-03-21,Senate Third Reading Passed - No Amendments,8
HB16-1145,2016,RS,House,2016-03-30,Signed by the Speaker of the House,9
HB16-1145,2016,RS,Senate,2016-04-04,Signed by the President of the Senate,10
HB16-1145,2016,RS,Governor,2016-04-05,Sent to the Governor,11
HB16-1145,2016,RS,Governor,2016-04-15,Governor Signed,12
HB16-1146,2016,RS,House,2016-01-21,"Introduced In House - Assigned to State, Veterans, & Military Affairs",1
HB16-1146,2016,RS,House,2016-02-29,"House Committee on State, Veterans, & Military Affairs Postpone Indefinitely",2
HB16-1147,2016,RS,House,2016-01-21,"Introduced In House - Assigned to State, Veterans, & Military Affairs",1
HB16-1147,2016,RS,House,2016-02-10,"House Committee on State, Veterans, & Military Affairs Postpone Indefinitely",2
HB16-1148,2016,RS,House,2016-01-21,"Introduced In House - Assigned to State, Veterans, & Military Affairs",1
HB16-1148,2016,RS,House,2016-02-10,"House Committee on State, Veterans, & Military Affairs Refer Amended to House Committee of the Whole",2
HB16-1148,2016,RS,House,2016-02-16,House Second Reading Passed with Amendments - Committee,3
HB16-1148,2016,RS,House,2016-02-17,House Third Reading Laid Over Daily - No Amendments,4
HB16-1148,2016,RS,House,2016-02-18,House Third Reading Passed - No Amendments,5
HB16-1148,2016,RS,Senate,2016-02-19,Introduced In Senate - Assigned to Health & Human Services,6
HB16-1148,2016,RS,Senate,2016-02-25,Senate Committee on Health & Human Services Refer Amended to Senate Committee of the Whole,7
HB16-1148,2016,RS,Senate,2016-03-01,Senate Second Reading Passed with Amendments - Committee,8
HB16-1148,2016,RS,Senate,2016-03-02,Senate Third Reading Passed - No Amendments,9
HB16-1148,2016,RS,House,2016-03-03,House Considered Senate Amendments - Result was to Concur - Repass,10
HB16-1148,2016,RS,House,2016-03-09,Signed by the Speaker of the House,11
HB16-1148,2016,RS,Senate,2016-03-14,Signed by the President of the Senate,12
HB16-1148,2016,RS,Governor,2016-03-14,Sent to the Governor,13
HB16-1148,2016,RS,Governor,2016-03-22,Governor Signed,14
HB16-1149,2016,RS,House,2016-01-25,Introduced In House - Assigned to Local Government,1
HB16-1149,2016,RS,House,2016-02-24,House Committee on Local Government Refer Unamended to House Committee of the Whole,2
HB16-1149,2016,RS,House,2016-02-29,House Second Reading Passed with Amendments - Floor,3
HB16-1149,2016,RS,House,2016-03-01,House Third Reading Laid Over to 03/04/2016 - No Amendments,4
HB16-1149,2016,RS,House,2016-03-04,House Third Reading Passed - No Amendments,5
HB16-1149,2016,RS,Senate,2016-03-09,Introduced In Senate - Assigned to Local Government,6
HB16-1149,2016,RS,Senate,2016-03-15,Senate Committee on Local Government Refer Amended - Consent Calendar to Senate Committee of the Whole,7
HB16-1149,2016,RS,Senate,2016-03-18,Senate Second Reading Laid Over Daily with Amendments - Committee,8
HB16-1149,2016,RS,Senate,2016-03-22,Senate Second Reading Passed with Amendments - Committee,9
HB16-1149,2016,RS,Senate,2016-03-24,Senate Third Reading Passed - No Amendments,10
HB16-1149,2016,RS,Senate,2016-03-28,House Considered Senate Amendments - Result was to Concur - Repass,11
HB16-1149,2016,RS,Senate,2016-04-04,Signed by the President of the Senate,12
HB16-1149,2016,RS,House,2016-04-04,Signed by the Speaker of the House,13
HB16-1149,2016,RS,Governor,2016-04-05,Sent to the Governor,14
HB16-1149,2016,RS,Governor,2016-04-15,Governor Signed,15
HB16-1150,2016,RS,House,2016-01-25,Introduced In House - Assigned to Local Government,1
HB16-1150,2016,RS,House,2016-02-17,House Committee on Local Government Refer Amended to House Committee of the Whole,2
HB16-1150,2016,RS,House,2016-02-22,House Second Reading Laid Over to 02/24/2016 - No Amendments,3
HB16-1150,2016,RS,House,2016-02-29,House Second Reading Laid Over to 06/01/2016 - No Amendments,4
HB16-1151,2016,RS,House,2016-01-25,Introduced In House - Assigned to Business Affairs and Labor,1
HB16-1151,2016,RS,House,2016-02-11,House Committee on Business Affairs and Labor Refer Unamended to House Committee of the Whole,2
HB16-1151,2016,RS,House,2016-02-16,House Second Reading Passed - No Amendments,3
HB16-1151,2016,RS,House,2016-02-17,House Third Reading Laid Over Daily - No Amendments,4
HB16-1151,2016,RS,House,2016-02-18,House Third Reading Passed - No Amendments,5
HB16-1151,2016,RS,Senate,2016-02-19,"Introduced In Senate - Assigned to Business, Labor, & Technology",6
HB16-1151,2016,RS,Senate,2016-03-07,"Senate Committee on Business, Labor, & Technology Refer Unamended to Senate Committee of the Whole",7
HB16-1151,2016,RS,Senate,2016-03-10,Senate Second Reading Passed with Amendments - Floor,8
HB16-1151,2016,RS,Senate,2016-03-11,Senate Third Reading Passed - No Amendments,9
HB16-1151,2016,RS,House,2016-03-15,House Considered Senate Amendments - Result was to Concur - Repass,10
HB16-1151,2016,RS,House,2016-03-15,House Considered Senate Amendments - Result was to Laid Over Daily,11
HB16-1151,2016,RS,House,2016-03-18,Signed by the Speaker of the House,12
HB16-1151,2016,RS,Senate,2016-03-22,Signed by the President of the Senate,13
HB16-1151,2016,RS,Governor,2016-03-22,Sent to the Governor,14
HB16-1151,2016,RS,Governor,2016-03-31,Governor Signed,15
HB16-1152,2016,RS,House,2016-01-25,Introduced In House - Assigned to Judiciary,1
HB16-1152,2016,RS,House,2016-02-16,House Committee on Judiciary Refer Unamended to House Committee of the Whole,2
HB16-1152,2016,RS,House,2016-02-18,House Second Reading Passed - No Amendments,3
HB16-1152,2016,RS,House,2016-02-19,House Third Reading Passed - No Amendments,4
HB16-1152,2016,RS,Senate,2016-03-04,"Introduced In Senate - Assigned to State, Veterans, & Military Affairs",5
HB16-1152,2016,RS,Senate,2016-03-16,"Senate Committee on State, Veterans, & Military Affairs Refer Unamended to Senate Committee of the Whole",6
HB16-1152,2016,RS,Senate,2016-03-21,Senate Second Reading Passed - No Amendments,7
HB16-1152,2016,RS,Senate,2016-03-22,Senate Third Reading Passed - No Amendments,8
HB16-1152,2016,RS,House,2016-03-30,Signed by the Speaker of the House,9
HB16-1152,2016,RS,Senate,2016-03-30,Signed by the President of the Senate,10
HB16-1152,2016,RS,Governor,2016-03-30,Sent to the Governor,11
HB16-1152,2016,RS,Governor,2016-04-07,Governor Signed,12
HB16-1153,2016,RS,House,2016-01-25,Introduced In House - Assigned to Judiciary,1
HB16-1153,2016,RS,House,2016-03-15,House Committee on Judiciary Refer Unamended to House Committee of the Whole,2
HB16-1153,2016,RS,House,2016-03-16,House Second Reading Laid Over to 03/21/2016 - No Amendments,3
HB16-1153,2016,RS,House,2016-03-17,House Second Reading Special Order - Passed - No Amendments,4
HB16-1153,2016,RS,House,2016-03-18,House Third Reading Passed with Amendments - Floor,5
HB16-1153,2016,RS,Senate,2016-03-21,Introduced In Senate - Assigned to Judiciary,6
HB16-1153,2016,RS,Senate,2016-03-30,Senate Committee on Judiciary Refer Unamended - Consent Calendar to Senate Committee of the Whole,7
HB16-1153,2016,RS,Senate,2016-04-04,Senate Second Reading Passed - No Amendments,8
HB16-1153,2016,RS,Senate,2016-04-05,Senate Third Reading Passed - No Amendments,9
HB16-1153,2016,RS,House,2016-04-08,Signed by the Speaker of the House,10
HB16-1153,2016,RS,Senate,2016-04-11,Signed by the President of the Senate,11
HB16-1153,2016,RS,Governor,2016-04-11,Sent to the Governor,12
HB16-1153,2016,RS,Governor,2016-04-21,Governor Signed,13
HB16-1154,2016,RS,House,2016-01-25,Introduced In House - Assigned to Local Government,1
HB16-1154,2016,RS,House,2016-03-16,House Committee on Local Government Postpone Indefinitely,2
HB16-1155,2016,RS,House,2016-01-26,Introduced In House - Assigned to Local Government,1
HB16-1155,2016,RS,House,2016-03-09,House Committee on Local Government Refer Amended to House Committee of the Whole,2
HB16-1155,2016,RS,House,2016-03-14,House Second Reading Laid Over to 03/16/2016 - No Amendments,3
HB16-1155,2016,RS,House,2016-03-16,House Second Reading Passed with Amendments - Committee,4
HB16-1155,2016,RS,House,2016-03-17,House Third Reading Passed - No Amendments,5
HB16-1155,2016,RS,Senate,2016-03-17,Introduced In Senate - Assigned to Transportation,6
HB16-1155,2016,RS,Senate,2016-03-31,Senate Committee on Transportation Refer Unamended - Consent Calendar to Senate Committee of the Whole,7
HB16-1155,2016,RS,Senate,2016-04-05,Senate Second Reading Passed - No Amendments,8
HB16-1155,2016,RS,Senate,2016-04-06,Senate Third Reading Passed - No Amendments,9
HB16-1155,2016,RS,House,2016-04-14,Signed by the Speaker of the House,10
HB16-1155,2016,RS,Senate,2016-04-15,Signed by the President of the Senate,11
HB16-1155,2016,RS,Governor,2016-04-15,Sent to the Governor,12
HB16-1155,2016,RS,Governor,2016-04-22,Governor Signed,13
HB16-1156,2016,RS,House,2016-01-28,Introduced In House - Assigned to Business Affairs and Labor,1
HB16-1156,2016,RS,House,2016-03-22,House Committee on Business Affairs and Labor Refer Unamended to House Committee of the Whole,2
HB16-1156,2016,RS,House,2016-03-28,House Second Reading Passed - No Amendments,3
HB16-1156,2016,RS,House,2016-03-29,House Third Reading Passed - No Amendments,4
HB16-1156,2016,RS,Senate,2016-03-29,"Introduced In Senate - Assigned to State, Veterans, & Military Affairs",5
HB16-1156,2016,RS,Senate,2016-04-11,"Senate Committee on State, Veterans, & Military Affairs Refer Unamended to Senate Committee of the Whole",6
HB16-1156,2016,RS,Senate,2016-04-14,Senate Second Reading Passed - No Amendments,7
HB16-1156,2016,RS,Senate,2016-04-15,Senate Third Reading Laid Over Daily - No Amendments,8
HB16-1156,2016,RS,Senate,2016-04-19,Senate Third Reading Reconsidered - No Amendments,9
HB16-1156,2016,RS,Senate,2016-04-19,Senate Third Reading Lost - No Amendments,10
HB16-1157,2016,RS,House,2016-01-28,Introduced In House - Assigned to Business Affairs and Labor,1
HB16-1157,2016,RS,House,2016-02-16,House Committee on Business Affairs and Labor Refer Unamended to House Committee of the Whole,2
HB16-1157,2016,RS,House,2016-02-18,House Second Reading Passed - No Amendments,3
HB16-1157,2016,RS,House,2016-02-19,House Third Reading Passed - No Amendments,4
HB16-1157,2016,RS,Senate,2016-03-04,"Introduced In Senate - Assigned to Business, Labor, & Technology",5
HB16-1157,2016,RS,Senate,2016-03-16,"Senate Committee on Business, Labor, & Technology Refer Unamended - Consent Calendar to Senate Committee of the Whole",6
HB16-1157,2016,RS,Senate,2016-03-21,Senate Second Reading Passed - No Amendments,7
HB16-1157,2016,RS,Senate,2016-03-22,Senate Third Reading Passed - No Amendments,8
HB16-1157,2016,RS,House,2016-03-30,Signed by the Speaker of the House,9
HB16-1157,2016,RS,Senate,2016-04-04,Signed by the President of the Senate,10
HB16-1157,2016,RS,Governor,2016-04-05,Sent to the Governor,11
HB16-1157,2016,RS,Governor,2016-04-14,Governor Signed,12
HB16-1158,2016,RS,House,2016-01-28,Introduced In House - Assigned to Judiciary,1
HB16-1158,2016,RS,House,2016-02-16,House Committee on Judiciary Refer Amended to House Committee of the Whole,2
HB16-1158,2016,RS,House,2016-02-18,House Second Reading Passed with Amendments - Committee,3
HB16-1158,2016,RS,House,2016-02-19,House Third Reading Passed - No Amendments,4
HB16-1158,2016,RS,Senate,2016-03-04,Introduced In Senate - Assigned to Finance,5
HB16-1158,2016,RS,Senate,2016-03-10,Senate Committee on Finance Refer Amended to Appropriations,6
HB16-1158,2016,RS,Senate,2016-04-01,Senate Committee on Appropriations Refer Unamended - Consent Calendar to Senate Committee of the Whole,7
HB16-1158,2016,RS,Senate,2016-04-05,Senate Second Reading Passed with Amendments - Committee,8
HB16-1158,2016,RS,Senate,2016-04-06,Senate Third Reading Passed - No Amendments,9
HB16-1158,2016,RS,House,2016-04-11,House Considered Senate Amendments - Result was to Concur - Repass,10
HB16-1158,2016,RS,House,2016-04-22,Signed by the Speaker of the House,11
HB16-1158,2016,RS,Senate,2016-04-25,Signed by the President of the Senate,12
HB16-1158,2016,RS,Governor,2016-04-25,Sent to the Governor,13
HB16-1158,2016,RS,Governor,2016-05-04,Governor Signed,14
HB16-1159,2016,RS,House,2016-01-28,Introduced In House - Assigned to Judiciary,1
HB16-1159,2016,RS,House,2016-02-16,House Committee on Judiciary Refer Amended to House Committee of the Whole,2
HB16-1159,2016,RS,House,2016-02-18,House Second Reading Passed with Amendments - Committee,3
HB16-1159,2016,RS,House,2016-02-19,House Third Reading Passed - No Amendments,4
HB16-1159,2016,RS,Senate,2016-03-04,Introduced In Senate - Assigned to Finance,5
HB16-1159,2016,RS,Senate,2016-03-10,Senate Committee on Finance Refer Amended to Appropriations,6
HB16-1159,2016,RS,Senate,2016-04-01,Senate Committee on Appropriations Refer Unamended - Consent Calendar to Senate Committee of the Whole,7
HB16-1159,2016,RS,Senate,2016-04-05,Senate Second Reading Passed with Amendments - Committee,8
HB16-1159,2016,RS,Senate,2016-04-06,Senate Third Reading Passed - No Amendments,9
HB16-1159,2016,RS,House,2016-04-11,House Considered Senate Amendments - Result was to Concur - Repass,10
HB16-1159,2016,RS,House,2016-04-22,Signed by the Speaker of the House,11
HB16-1159,2016,RS,Senate,2016-04-25,Signed by the President of the Senate,12
HB16-1159,2016,RS,Governor,2016-04-25,Sent to the Governor,13
HB16-1159,2016,RS,Governor,2016-05-04,Governor Signed,14
HB16-1160,2016,RS,House,2016-01-28,"Introduced In House - Assigned to Health, Insurance, & Environment",1
HB16-1160,2016,RS,House,2016-03-15,"House Committee on Health, Insurance, & Environment Refer Amended to House Committee of the Whole",2
HB16-1160,2016,RS,House,2016-03-21,House Second Reading Referred to Appropriations - No Amendments,3
HB16-1160,2016,RS,House,2016-04-07,House Committee on Appropriations Refer Amended to House Committee of the Whole,4
HB16-1160,2016,RS,House,2016-04-11,House Second Reading Laid Over Daily - No Amendments,5
HB16-1160,2016,RS,House,2016-04-12,House Second Reading Passed with Amendments - Committee,6
HB16-1160,2016,RS,House,2016-04-14,House Third Reading Passed - No Amendments,7
HB16-1160,2016,RS,Senate,2016-04-14,Introduced In Senate - Assigned to Finance,8
HB16-1160,2016,RS,Senate,2016-04-21,Senate Committee on Finance Refer Unamended to Appropriations,9
HB16-1160,2016,RS,Senate,2016-05-05,Senate Committee on Appropriations Refer Unamended to Senate Committee of the Whole,10
HB16-1160,2016,RS,Senate,2016-05-05,Senate Second Reading Special Order - Passed - No Amendments,11
HB16-1160,2016,RS,Senate,2016-05-06,Senate Third Reading Passed - No Amendments,12
HB16-1160,2016,RS,House,2016-05-17,Signed by the Speaker of the House,13
HB16-1160,2016,RS,Senate,2016-05-17,Signed by the President of the Senate,14
HB16-1160,2016,RS,Governor,2016-05-18,Sent to the Governor,15
HB16-1160,2016,RS,Governor,2016-06-10,Governor Signed,16
HB16-1161,2016,RS,House,2016-01-28,Introduced In House - Assigned to Finance,1
HB16-1161,2016,RS,House,2016-02-03,House Committee on Finance Refer Unamended to House Committee of the Whole,2
HB16-1161,2016,RS,House,2016-02-08,House Second Reading Passed - No Amendments,3
HB16-1161,2016,RS,House,2016-02-09,House Third Reading Passed - No Amendments,4
HB16-1161,2016,RS,Senate,2016-02-12,Introduced In Senate - Assigned to Appropriations,5
HB16-1161,2016,RS,Senate,2016-02-26,Senate Committee on Appropriations Refer Unamended - Consent Calendar to Senate Committee of the Whole,6
HB16-1161,2016,RS,Senate,2016-03-01,Senate Second Reading Passed - No Amendments,7
HB16-1161,2016,RS,Senate,2016-03-02,Senate Third Reading Passed - No Amendments,8
HB16-1161,2016,RS,House,2016-03-09,Signed by the Speaker of the House,9
HB16-1161,2016,RS,Senate,2016-03-14,Signed by the President of the Senate,10
HB16-1161,2016,RS,Governor,2016-03-14,Sent to the Governor,11
HB16-1161,2016,RS,Governor,2016-03-22,Governor Signed,12
HB16-1162,2016,RS,House,2016-01-28,Introduced In House - Assigned to Education,1
HB16-1162,2016,RS,House,2016-03-14,House Committee on Education Postpone Indefinitely,2
HB16-1163,2016,RS,House,2016-01-28,Introduced In House - Assigned to Local Government,1
HB16-1163,2016,RS,House,2016-02-24,House Committee on Local Government Refer Unamended to House Committee of the Whole,2
HB16-1163,2016,RS,House,2016-02-29,House Second Reading Passed - No Amendments,3
HB16-1163,2016,RS,House,2016-03-01,House Third Reading Passed - No Amendments,4
HB16-1163,2016,RS,Senate,2016-03-04,Introduced In Senate - Assigned to Appropriations,5
HB16-1163,2016,RS,Senate,2016-03-11,Senate Committee on Appropriations Refer Unamended - Consent Calendar to Senate Committee of the Whole,6
HB16-1163,2016,RS,Senate,2016-03-15,Senate Second Reading Passed - No Amendments,7
HB16-1163,2016,RS,Senate,2016-03-16,Senate Third Reading Passed - No Amendments,8
HB16-1163,2016,RS,House,2016-03-30,Signed by the Speaker of the House,9
HB16-1163,2016,RS,Senate,2016-04-04,Signed by the President of the Senate,10
HB16-1163,2016,RS,Governor,2016-04-05,Sent to the Governor,11
HB16-1163,2016,RS,Governor,2016-04-12,Governor Signed,12
HB16-1164,2016,RS,House,2016-01-28,"Introduced In House - Assigned to Health, Insurance, & Environment",1
HB16-1164,2016,RS,House,2016-02-25,"House Committee on Health, Insurance, & Environment Refer Amended to House Committee of the Whole",2
HB16-1164,2016,RS,House,2016-03-10,"House Second Reading Special Order - Passed with Amendments - Committee, Floor",3
HB16-1164,2016,RS,House,2016-03-11,House Third Reading Re-referred to House Committee of the Whole - No Amendments,4
HB16-1164,2016,RS,House,2016-03-21,House Second Reading Laid Over to 04/25/2016 - No Amendments,5
HB16-1164,2016,RS,House,2016-04-25,House Second Reading Laid Over to 06/01/2016 - No Amendments,6
HB16-1165,2016,RS,House,2016-01-28,Introduced In House - Assigned to Public Health Care & Human Services,1
HB16-1165,2016,RS,House,2016-02-23,House Committee on Public Health Care & Human Services Refer Amended to House Committee of the Whole,2
HB16-1165,2016,RS,House,2016-03-03,"House Second Reading Passed with Amendments - Committee, Floor",3
HB16-1165,2016,RS,House,2016-03-04,House Third Reading Passed - No Amendments,4
HB16-1165,2016,RS,Senate,2016-03-09,Introduced In Senate - Assigned to Health & Human Services,5
HB16-1165,2016,RS,Senate,2016-03-16,Senate Committee on Health & Human Services Refer Unamended to Senate Committee of the Whole,6
HB16-1165,2016,RS,Senate,2016-03-21,Senate Second Reading Passed with Amendments - Floor,7
HB16-1165,2016,RS,Senate,2016-03-22,Senate Third Reading Passed - No Amendments,8
HB16-1165,2016,RS,House,2016-03-28,House Considered Senate Amendments - Result was to Laid Over Daily,9
HB16-1165,2016,RS,House,2016-03-28,House Considered Senate Amendments - Result was to Not Concur - Request Conference Committee,10
HB16-1165,2016,RS,ConfComm,2016-04-14,First Conference Committee Result was to Adopt Rerevised w/ Amendments,11
HB16-1165,2016,RS,,2016-04-14,First Conference Committee Result was to Adopt Rerevised w/ Amendments,12
HB16-1165,2016,RS,Senate,2016-04-15,Senate Consideration of First Conference Committee Report result was to Adopt Committee Report - Repass,13
HB16-1165,2016,RS,House,2016-04-18,House Consideration of First Conference Committee Report result was to Adopt Committee Report - Repass,14
HB16-1165,2016,RS,House,2016-04-26,Signed by the Speaker of the House,15
HB16-1165,2016,RS,Senate,2016-04-27,Signed by the President of the Senate,16
HB16-1165,2016,RS,Governor,2016-04-27,Sent to the Governor,17
HB16-1165,2016,RS,Governor,2016-05-04,Governor Signed,18
HB16-1166,2016,RS,House,2016-01-29,Introduced In House - Assigned to Business Affairs and Labor,1
HB16-1166,2016,RS,House,2016-03-17,House Committee on Business Affairs and Labor Refer Amended to House Committee of the Whole,2
HB16-1166,2016,RS,House,2016-03-21,House Second Reading Laid Over Daily - No Amendments,3
HB16-1166,2016,RS,House,2016-03-24,House Second Reading Passed with Amendments - Committee,4
HB16-1166,2016,RS,House,2016-03-28,House Third Reading Passed - No Amendments,5
HB16-1166,2016,RS,Senate,2016-03-28,"Introduced In Senate - Assigned to State, Veterans, & Military Affairs",6
HB16-1166,2016,RS,Senate,2016-03-30,"Senate Committee on State, Veterans, & Military Affairs Postpone Indefinitely",7
HB16-1167,2016,RS,House,2016-01-29,Introduced In House - Assigned to Business Affairs and Labor,1
HB16-1167,2016,RS,House,2016-04-12,House Committee on Business Affairs and Labor Refer Amended to Appropriations,2
HB16-1167,2016,RS,House,2016-04-22,House Committee on Appropriations Refer Amended to House Committee of the Whole,3
HB16-1167,2016,RS,House,2016-04-22,House Second Reading Special Order - Passed with Amendments - Committee,4
HB16-1167,2016,RS,House,2016-04-25,House Third Reading Passed - No Amendments,5
HB16-1167,2016,RS,Senate,2016-04-25,"Introduced In Senate - Assigned to State, Veterans, & Military Affairs + Business, Labor, & Technology + Appropriations",6
HB16-1167,2016,RS,Senate,2016-05-02,"Senate Committee on State, Veterans, & Military Affairs Postpone Indefinitely",7
HB16-1168,2016,RS,House,2016-02-01,Introduced In House - Assigned to Public Health Care & Human Services,1
HB16-1168,2016,RS,House,2016-02-23,House Committee on Public Health Care & Human Services Refer Unamended to House Committee of the Whole,2
HB16-1168,2016,RS,House,2016-02-29,House Second Reading Passed - No Amendments,3
HB16-1168,2016,RS,House,2016-03-01,House Third Reading Passed - No Amendments,4
HB16-1168,2016,RS,Senate,2016-03-04,Introduced In Senate - Assigned to Health & Human Services,5
HB16-1168,2016,RS,Senate,2016-03-09,Senate Committee on Health & Human Services Refer Unamended to Senate Committee of the Whole,6
HB16-1168,2016,RS,Senate,2016-03-14,Senate Second Reading Passed - No Amendments,7
HB16-1168,2016,RS,Senate,2016-03-15,Senate Third Reading Passed - No Amendments,8
HB16-1168,2016,RS,House,2016-03-30,Signed by the Speaker of the House,9
HB16-1168,2016,RS,Senate,2016-04-04,Signed by the President of the Senate,10
HB16-1168,2016,RS,Governor,2016-04-05,Sent to the Governor,11
HB16-1168,2016,RS,Governor,2016-04-14,Governor Signed,12
HB16-1169,2016,RS,House,2016-02-01,Introduced In House - Assigned to Transportation & Energy,1
HB16-1169,2016,RS,House,2016-02-10,House Committee on Transportation & Energy Refer Unamended to House Committee of the Whole,2
HB16-1169,2016,RS,House,2016-02-16,House Second Reading Passed - No Amendments,3
HB16-1169,2016,RS,House,2016-02-17,House Third Reading Laid Over Daily - No Amendments,4
HB16-1169,2016,RS,House,2016-02-18,House Third Reading Passed - No Amendments,5
HB16-1169,2016,RS,Senate,2016-02-19,Introduced In Senate - Assigned to Transportation,6
HB16-1169,2016,RS,Senate,2016-03-22,Senate Committee on Transportation Refer Unamended - Consent Calendar to Senate Committee of the Whole,7
HB16-1169,2016,RS,Senate,2016-03-28,Senate Second Reading Special Order - Passed - No Amendments,8
HB16-1169,2016,RS,Senate,2016-03-29,Senate Third Reading Passed - No Amendments,9
HB16-1169,2016,RS,House,2016-04-01,Signed by the Speaker of the House,10
HB16-1169,2016,RS,Senate,2016-04-04,Signed by the President of the Senate,11
HB16-1169,2016,RS,Governor,2016-04-05,Sent to the Governor,12
HB16-1169,2016,RS,Governor,2016-04-14,Governor Signed,13
HB16-1170,2016,RS,House,2016-02-01,"Introduced In House - Assigned to Agriculture, Livestock, & Natural Resources",1
HB16-1170,2016,RS,House,2016-02-22,"House Committee on Agriculture, Livestock, & Natural Resources Refer Unamended to House Committee of the Whole",2
HB16-1170,2016,RS,House,2016-02-24,House Second Reading Passed - No Amendments,3
HB16-1170,2016,RS,House,2016-02-25,House Third Reading Passed - No Amendments,4
HB16-1170,2016,RS,Senate,2016-03-04,"Introduced In Senate - Assigned to Agriculture, Natural Resources, & Energy",5
HB16-1170,2016,RS,Senate,2016-03-10,"Senate Committee on Agriculture, Natural Resources, & Energy Refer Unamended - Consent Calendar to Senate Committee of the Whole",6
HB16-1170,2016,RS,Senate,2016-03-15,Senate Second Reading Passed - No Amendments,7
HB16-1170,2016,RS,Senate,2016-03-16,Senate Third Reading Passed - No Amendments,8
HB16-1170,2016,RS,House,2016-03-30,Signed by the Speaker of the House,9
HB16-1170,2016,RS,Senate,2016-04-04,Signed by the President of the Senate,10
HB16-1170,2016,RS,Governor,2016-04-05,Sent to the Governor,11
HB16-1170,2016,RS,Governor,2016-04-15,Governor Signed,12
HB16-1171,2016,RS,House,2016-02-01,Introduced In House - Assigned to Education,1
HB16-1171,2016,RS,House,2016-03-16,House Committee on Education Refer Amended to House Committee of the Whole,2
HB16-1171,2016,RS,House,2016-03-21,House Second Reading Passed with Amendments - Committee,3
HB16-1171,2016,RS,House,2016-03-22,House Third Reading Passed - No Amendments,4
HB16-1171,2016,RS,Senate,2016-03-22,Introduced In Senate - Assigned to Education,5
HB16-1171,2016,RS,Senate,2016-04-14,Senate Committee on Education Refer Unamended - Consent Calendar to Senate Committee of the Whole,6
HB16-1171,2016,RS,Senate,2016-04-19,Senate Second Reading Passed - No Amendments,7
HB16-1171,2016,RS,Senate,2016-04-20,Senate Third Reading Passed - No Amendments,8
HB16-1171,2016,RS,House,2016-05-02,Signed by the Speaker of the House,9
HB16-1171,2016,RS,Senate,2016-05-03,Signed by the President of the Senate,10
HB16-1171,2016,RS,Governor,2016-05-04,Sent to the Governor,11
HB16-1171,2016,RS,Governor,2016-06-08,Governor Signed,12
HB16-1172,2016,RS,House,2016-02-01,Introduced In House - Assigned to Transportation & Energy,1
HB16-1172,2016,RS,House,2016-02-11,House Committee on Transportation & Energy Refer Unamended to Appropriations,2
HB16-1172,2016,RS,House,2016-04-15,House Committee on Appropriations Refer Amended to House Committee of the Whole,3
HB16-1172,2016,RS,House,2016-04-15,House Second Reading Special Order - Passed with Amendments - Committee,4
HB16-1172,2016,RS,House,2016-04-18,House Third Reading Passed - No Amendments,5
HB16-1172,2016,RS,Senate,2016-04-18,Introduced In Senate - Assigned to Transportation,6
HB16-1172,2016,RS,Senate,2016-04-26,Senate Committee on Transportation Refer Unamended to Legislative Council,7
HB16-1172,2016,RS,Senate,2016-04-29,Senate Committee on Legislative Council Refer Unamended to Appropriations,8
HB16-1172,2016,RS,Senate,2016-05-03,Senate Committee on Appropriations Refer Unamended - Consent Calendar to Senate Committee of the Whole,9
HB16-1172,2016,RS,Senate,2016-05-03,Senate Second Reading Special Order - Passed - No Amendments,10
HB16-1172,2016,RS,Senate,2016-05-04,Senate Third Reading Passed - No Amendments,11
HB16-1172,2016,RS,House,2016-05-12,Signed by the Speaker of the House,12
HB16-1172,2016,RS,Senate,2016-05-13,Signed by the President of the Senate,13
HB16-1172,2016,RS,Governor,2016-05-13,Sent to the Governor,14
HB16-1172,2016,RS,Governor,2016-06-10,Governor Signed,15
HB16-1173,2016,RS,House,2016-02-01,"Introduced In House - Assigned to Agriculture, Livestock, & Natural Resources",1
HB16-1173,2016,RS,House,2016-02-29,"House Committee on Agriculture, Livestock, & Natural Resources Refer Unamended to Appropriations",2
HB16-1173,2016,RS,House,2016-03-18,House Committee on Appropriations Refer Unamended to House Committee of the Whole,3
HB16-1173,2016,RS,House,2016-03-21,House Second Reading Passed with Amendments - Floor,4
HB16-1173,2016,RS,House,2016-03-22,House Third Reading Passed - No Amendments,5
HB16-1173,2016,RS,Senate,2016-03-22,"Introduced In Senate - Assigned to Agriculture, Natural Resources, & Energy",6
HB16-1173,2016,RS,Senate,2016-03-24,"Senate Committee on Agriculture, Natural Resources, & Energy Refer Unamended - Consent Calendar to Senate Committee of the Whole",7
HB16-1173,2016,RS,Senate,2016-03-29,Senate Second Reading Special Order - Passed - No Amendments,8
HB16-1173,2016,RS,Senate,2016-03-30,Senate Third Reading Passed - No Amendments,9
HB16-1173,2016,RS,House,2016-04-07,Signed by the Speaker of the House,10
HB16-1173,2016,RS,Senate,2016-04-11,Signed by the President of the Senate,11
HB16-1173,2016,RS,Governor,2016-04-11,Sent to the Governor,12
HB16-1173,2016,RS,Governor,2016-04-21,Governor Signed,13
HB16-1174,2016,RS,House,2016-02-01,"Introduced In House - Assigned to State, Veterans, & Military Affairs",1
HB16-1174,2016,RS,House,2016-02-17,"House Committee on State, Veterans, & Military Affairs Refer Unamended to Finance",2
HB16-1174,2016,RS,House,2016-03-16,House Committee on Finance Refer Amended to Appropriations,3
HB16-1174,2016,RS,House,2016-04-15,House Committee on Appropriations Postpone Indefinitely,4
HB16-1175,2016,RS,House,2016-02-01,Introduced In House - Assigned to Finance,1
HB16-1175,2016,RS,House,2016-02-18,House Committee on Finance Refer Unamended to Appropriations,2
HB16-1175,2016,RS,House,2016-04-22,House Committee on Appropriations Refer Amended to House Committee of the Whole,3
HB16-1175,2016,RS,House,2016-04-22,"House Second Reading Special Order - Passed with Amendments - Committee, Floor",4
HB16-1175,2016,RS,House,2016-04-25,House Third Reading Passed - No Amendments,5
HB16-1175,2016,RS,Senate,2016-04-25,Introduced In Senate - Assigned to Finance + Appropriations,6
HB16-1175,2016,RS,Senate,2016-05-03,Senate Committee on Finance Refer Unamended to Appropriations,7
HB16-1175,2016,RS,Senate,2016-05-05,Senate Committee on Appropriations Refer Unamended - Consent Calendar to Senate Committee of the Whole,8
HB16-1175,2016,RS,Senate,2016-05-05,Senate Second Reading Special Order - Passed - No Amendments,9
HB16-1175,2016,RS,Senate,2016-05-06,Senate Third Reading Passed - No Amendments,10
HB16-1175,2016,RS,House,2016-05-17,Signed by the Speaker of the House,11
HB16-1175,2016,RS,Senate,2016-05-17,Signed by the President of the Senate,12
HB16-1175,2016,RS,Governor,2016-05-18,Sent to the Governor,13
HB16-1175,2016,RS,Governor,2016-06-10,Governor Signed,14
HB16-1176,2016,RS,House,2016-02-01,Introduced In House - Assigned to Business Affairs and Labor,1
HB16-1176,2016,RS,House,2016-02-16,House Committee on Business Affairs and Labor Refer Unamended to House Committee of the Whole,2
HB16-1176,2016,RS,House,2016-02-18,House Second Reading Passed - No Amendments,3
HB16-1176,2016,RS,House,2016-02-19,House Third Reading Passed - No Amendments,4
HB16-1176,2016,RS,Senate,2016-03-04,"Introduced In Senate - Assigned to Business, Labor, & Technology",5
HB16-1176,2016,RS,Senate,2016-03-16,"Senate Committee on Business, Labor, & Technology Refer Unamended - Consent Calendar to Senate Committee of the Whole",6
HB16-1176,2016,RS,Senate,2016-03-21,Senate Second Reading Passed - No Amendments,7
HB16-1176,2016,RS,Senate,2016-03-22,Senate Third Reading Passed - No Amendments,8
HB16-1176,2016,RS,House,2016-03-30,Signed by the Speaker of the House,9
HB16-1176,2016,RS,Senate,2016-04-04,Signed by the President of the Senate,10
HB16-1176,2016,RS,Governor,2016-04-05,Sent to the Governor,11
HB16-1176,2016,RS,Governor,2016-04-14,Governor Signed,12
HB16-1177,2016,RS,House,2016-02-01,Introduced In House - Assigned to Education,1
HB16-1177,2016,RS,House,2016-03-16,House Committee on Education Refer Amended to House Committee of the Whole,2
HB16-1177,2016,RS,House,2016-03-21,House Second Reading Passed with Amendments - Committee,3
HB16-1177,2016,RS,House,2016-03-22,House Third Reading Passed - No Amendments,4
HB16-1177,2016,RS,Senate,2016-03-22,Introduced In Senate - Assigned to Education,5
HB16-1177,2016,RS,Senate,2016-04-27,Senate Committee on Education Refer Unamended to Senate Committee of the Whole,6
HB16-1177,2016,RS,Senate,2016-04-29,Senate Second Reading Special Order - Passed - No Amendments,7
HB16-1177,2016,RS,Senate,2016-05-02,Senate Third Reading Passed - No Amendments,8
HB16-1177,2016,RS,House,2016-05-05,Signed by the Speaker of the House,9
HB16-1177,2016,RS,Senate,2016-05-05,Signed by the President of the Senate,10
HB16-1177,2016,RS,Governor,2016-05-05,Sent to the Governor,11
HB16-1177,2016,RS,Governor,2016-06-06,Governor Signed,12
HB16-1178,2016,RS,House,2016-02-01,Introduced In House - Assigned to Education + Appropriations,1
HB16-1178,2016,RS,House,2016-02-29,House Committee on Education Refer Unamended to Appropriations,2
HB16-1178,2016,RS,House,2016-04-28,House Committee on Appropriations Refer Amended to House Committee of the Whole,3
HB16-1178,2016,RS,House,2016-04-28,House Second Reading Special Order - Passed with Amendments - Committee,4
HB16-1178,2016,RS,House,2016-04-29,House Third Reading Passed - No Amendments,5
HB16-1178,2016,RS,Senate,2016-04-29,"Introduced In Senate - Assigned to State, Veterans, & Military Affairs",6
HB16-1178,2016,RS,Senate,2016-05-04,"Senate Committee on State, Veterans, & Military Affairs Postpone Indefinitely",7
HB16-1179,2016,RS,House,2016-02-02,"Introduced In House - Assigned to State, Veterans, & Military Affairs",1
HB16-1179,2016,RS,House,2016-03-07,"House Committee on State, Veterans, & Military Affairs Postpone Indefinitely",2
HB16-1180,2016,RS,House,2016-02-02,"Introduced In House - Assigned to State, Veterans, & Military Affairs",1
HB16-1180,2016,RS,House,2016-03-16,"House Committee on State, Veterans, & Military Affairs Postpone Indefinitely",2
HB16-1181,2016,RS,House,2016-02-02,"Introduced In House - Assigned to State, Veterans, & Military Affairs",1
HB16-1181,2016,RS,House,2016-02-24,"House Committee on State, Veterans, & Military Affairs Postpone Indefinitely",2
HB16-1182,2016,RS,House,2016-02-02,Introduced In House - Assigned to Business Affairs and Labor,1
HB16-1182,2016,RS,House,2016-02-23,House Committee on Business Affairs and Labor Refer Amended to House Committee of the Whole,2
HB16-1182,2016,RS,House,2016-02-25,House Second Reading Passed with Amendments - Committee,3
HB16-1182,2016,RS,House,2016-02-26,House Third Reading Passed - No Amendments,4
HB16-1182,2016,RS,Senate,2016-03-09,Introduced In Senate - Assigned to Judiciary,5
HB16-1182,2016,RS,Senate,2016-03-21,Senate Committee on Judiciary Refer Unamended - Consent Calendar to Senate Committee of the Whole,6
HB16-1182,2016,RS,Senate,2016-03-24,Senate Second Reading Passed - No Amendments,7
HB16-1182,2016,RS,Senate,2016-03-28,Senate Third Reading Passed - No Amendments,8
HB16-1182,2016,RS,Senate,2016-04-04,Signed by the President of the Senate,9
HB16-1182,2016,RS,House,2016-04-04,Signed by the Speaker of the House,10
HB16-1182,2016,RS,Governor,2016-04-05,Sent to the Governor,11
HB16-1182,2016,RS,Governor,2016-04-12,Governor Signed,12
HB16-1183,2016,RS,House,2016-02-03,Introduced In House - Assigned to Public Health Care & Human Services,1
HB16-1183,2016,RS,House,2016-02-23,House Committee on Public Health Care & Human Services Refer Unamended to House Committee of the Whole,2
HB16-1183,2016,RS,House,2016-03-07,House Second Reading Passed - No Amendments,3
HB16-1183,2016,RS,House,2016-03-08,House Third Reading Passed - No Amendments,4
HB16-1183,2016,RS,Senate,2016-03-09,Introduced In Senate - Assigned to Health & Human Services,5
HB16-1183,2016,RS,Senate,2016-03-16,Senate Committee on Health & Human Services Witness Testimony and/or Committee Discussion Only,6
HB16-1183,2016,RS,Senate,2016-03-24,Senate Committee on Health & Human Services Refer Amended to Senate Committee of the Whole,7
HB16-1183,2016,RS,Senate,2016-03-29,"Senate Second Reading Special Order - Passed with Amendments - Committee, Floor",8
HB16-1183,2016,RS,Senate,2016-03-30,Senate Third Reading Passed - No Amendments,9
HB16-1183,2016,RS,House,2016-04-04,House Considered Senate Amendments - Result was to Laid Over Daily,10
HB16-1183,2016,RS,House,2016-04-04,House Considered Senate Amendments - Result was to Not Concur - Request Conference Committee,11
HB16-1183,2016,RS,ConfComm,2016-04-14,First Conference Committee Result was to Committee Recessed,12
HB16-1183,2016,RS,,2016-04-14,First Conference Committee Result was to Committee Recessed,13
HB16-1183,2016,RS,House,2016-04-18,House Consideration of First Conference Committee Report result was to Adhere - CCR not produced,14
HB16-1183,2016,RS,Senate,2016-05-11,Senate Considered House Adherence - Result was to Adhere,15
HB16-1184,2016,RS,House,2016-02-03,Introduced In House - Assigned to Appropriations,1
HB16-1184,2016,RS,House,2016-03-04,House Committee on Appropriations Refer Unamended to House Committee of the Whole,2
HB16-1184,2016,RS,House,2016-03-07,House Second Reading Passed - No Amendments,3
HB16-1184,2016,RS,House,2016-03-08,House Third Reading Passed - No Amendments,4
HB16-1184,2016,RS,Senate,2016-03-11,Introduced In Senate - Assigned to Appropriations,5
HB16-1184,2016,RS,Senate,2016-03-18,Senate Committee on Appropriations Refer Amended - Consent Calendar to Senate Committee of the Whole,6
HB16-1184,2016,RS,Senate,2016-03-22,Senate Second Reading Passed with Amendments - Committee,7
HB16-1184,2016,RS,Senate,2016-03-24,Senate Third Reading Passed - No Amendments,8
HB16-1184,2016,RS,House,2016-03-28,House Considered Senate Amendments - Result was to Concur - Repass,9
HB16-1184,2016,RS,Senate,2016-04-04,Signed by the President of the Senate,10
HB16-1184,2016,RS,House,2016-04-04,Signed by the Speaker of the House,11
HB16-1184,2016,RS,Governor,2016-04-05,Sent to the Governor,12
HB16-1184,2016,RS,Governor,2016-04-12,Governor Signed,13
HB16-1185,2016,RS,House,2016-02-03,"Introduced In House - Assigned to Health, Insurance, & Environment",1
HB16-1185,2016,RS,House,2016-02-18,"House Committee on Health, Insurance, & Environment Refer Amended to House Committee of the Whole",2
HB16-1185,2016,RS,House,2016-02-22,House Second Reading Laid Over to 02/29/2016 - No Amendments,3
HB16-1185,2016,RS,House,2016-02-29,House Second Reading Passed with Amendments - Committee,4
HB16-1185,2016,RS,House,2016-03-04,House Third Reading Passed - No Amendments,5
HB16-1185,2016,RS,Senate,2016-03-09,"Introduced In Senate - Assigned to State, Veterans, & Military Affairs",6
HB16-1185,2016,RS,Senate,2016-03-21,"Senate Committee on State, Veterans, & Military Affairs Postpone Indefinitely",7
HB16-1186,2016,RS,House,2016-02-03,Introduced In House - Assigned to Transportation & Energy,1
HB16-1186,2016,RS,House,2016-02-18,House Committee on Transportation & Energy Refer Unamended to Appropriations,2
HB16-1186,2016,RS,House,2016-04-15,House Committee on Appropriations Refer Amended to House Committee of the Whole,3
HB16-1186,2016,RS,House,2016-04-15,House Second Reading Special Order - Passed with Amendments - Committee,4
HB16-1186,2016,RS,House,2016-04-18,House Third Reading Passed - No Amendments,5
HB16-1186,2016,RS,Senate,2016-04-18,Introduced In Senate - Assigned to Transportation,6
HB16-1186,2016,RS,Senate,2016-04-26,Senate Committee on Transportation Refer Unamended to Appropriations,7
HB16-1186,2016,RS,Senate,2016-04-29,Senate Committee on Appropriations Refer Unamended to Senate Committee of the Whole,8
HB16-1186,2016,RS,Senate,2016-05-02,Senate Second Reading Special Order - Passed - No Amendments,9
HB16-1186,2016,RS,Senate,2016-05-03,Senate Third Reading Passed - No Amendments,10
HB16-1186,2016,RS,Senate,2016-05-10,Signed by the President of the Senate,11
HB16-1186,2016,RS,House,2016-05-10,Signed by the Speaker of the House,12
HB16-1186,2016,RS,Governor,2016-05-11,Sent to the Governor,13
HB16-1186,2016,RS,Governor,2016-06-06,Governor Signed,14
HB16-1187,2016,RS,House,2016-02-03,Introduced In House - Assigned to Finance,1
HB16-1187,2016,RS,House,2016-03-09,House Committee on Finance Refer Amended to House Committee of the Whole,2
HB16-1187,2016,RS,House,2016-03-15,House Second Reading Passed with Amendments - Committee,3
HB16-1187,2016,RS,House,2016-03-16,House Third Reading Passed - No Amendments,4
HB16-1187,2016,RS,Senate,2016-03-16,Introduced In Senate - Assigned to Finance,5
HB16-1187,2016,RS,Senate,2016-03-22,Senate Committee on Finance Refer Unamended - Consent Calendar to Senate Committee of the Whole,6
HB16-1187,2016,RS,Senate,2016-03-28,Senate Second Reading Special Order - Passed - No Amendments,7
HB16-1187,2016,RS,Senate,2016-03-29,Senate Third Reading Passed - No Amendments,8
HB16-1187,2016,RS,House,2016-05-05,Signed by the Speaker of the House,9
HB16-1187,2016,RS,Senate,2016-05-05,Signed by the President of the Senate,10
HB16-1187,2016,RS,Governor,2016-05-05,Sent to the Governor,11
HB16-1187,2016,RS,Governor,2016-06-01,Governor Signed,12
HB16-1188,2016,RS,House,2016-02-03,Introduced In House - Assigned to Local Government,1
HB16-1188,2016,RS,House,2016-02-18,House Committee on Local Government Refer Unamended to House Committee of the Whole,2
HB16-1188,2016,RS,House,2016-02-22,House Second Reading Laid Over to 02/24/2016 - No Amendments,3
HB16-1188,2016,RS,House,2016-02-24,House Second Reading Passed - No Amendments,4
HB16-1188,2016,RS,House,2016-02-25,House Third Reading Passed - No Amendments,5
HB16-1188,2016,RS,Senate,2016-03-04,"Introduced In Senate - Assigned to Business, Labor, & Technology",6
HB16-1188,2016,RS,Senate,2016-03-21,"Senate Committee on Business, Labor, & Technology Refer Unamended - Consent Calendar to Senate Committee of the Whole",7
HB16-1188,2016,RS,Senate,2016-03-24,Senate Second Reading Passed - No Amendments,8
HB16-1188,2016,RS,Senate,2016-03-28,Senate Third Reading Passed - No Amendments,9
HB16-1188,2016,RS,House,2016-04-01,Signed by the Speaker of the House,10
HB16-1188,2016,RS,Senate,2016-04-04,Signed by the President of the Senate,11
HB16-1188,2016,RS,Governor,2016-04-05,Sent to the Governor,12
HB16-1188,2016,RS,Governor,2016-04-14,Governor Signed,13
HB16-1189,2016,RS,House,2016-02-03,Introduced In House - Assigned to Business Affairs and Labor,1
HB16-1189,2016,RS,House,2016-02-18,House Committee on Business Affairs and Labor Refer Unamended to House Committee of the Whole,2
HB16-1189,2016,RS,House,2016-02-22,House Second Reading Passed - No Amendments,3
HB16-1189,2016,RS,House,2016-02-23,House Third Reading Passed - No Amendments,4
HB16-1189,2016,RS,Senate,2016-03-04,"Introduced In Senate - Assigned to Business, Labor, & Technology",5
HB16-1189,2016,RS,Senate,2016-03-16,"Senate Committee on Business, Labor, & Technology Refer Unamended - Consent Calendar to Senate Committee of the Whole",6
HB16-1189,2016,RS,Senate,2016-03-21,Senate Second Reading Passed - No Amendments,7
HB16-1189,2016,RS,Senate,2016-03-22,Senate Third Reading Passed - No Amendments,8
HB16-1189,2016,RS,House,2016-03-30,Signed by the Speaker of the House,9
HB16-1189,2016,RS,Senate,2016-04-04,Signed by the President of the Senate,10
HB16-1189,2016,RS,Governor,2016-04-05,Sent to the Governor,11
HB16-1189,2016,RS,Governor,2016-04-15,Governor Signed,12
HB16-1190,2016,RS,House,2016-02-03,"Introduced In House - Assigned to State, Veterans, & Military Affairs",1
HB16-1190,2016,RS,House,2016-02-29,"House Committee on State, Veterans, & Military Affairs Refer Unamended to House Committee of the Whole",2
HB16-1190,2016,RS,House,2016-03-03,House Second Reading Passed - No Amendments,3
HB16-1190,2016,RS,House,2016-03-04,House Third Reading Passed - No Amendments,4
HB16-1190,2016,RS,Senate,2016-03-09,Introduced In Senate - Assigned to Judiciary,5
HB16-1190,2016,RS,Senate,2016-03-21,Senate Committee on Judiciary Refer Unamended to Senate Committee of the Whole,6
HB16-1190,2016,RS,Senate,2016-03-24,Senate Second Reading Passed - No Amendments,7
HB16-1190,2016,RS,Senate,2016-03-28,Senate Third Reading Passed - No Amendments,8
HB16-1190,2016,RS,Senate,2016-04-04,Signed by the President of the Senate,9
HB16-1190,2016,RS,House,2016-04-04,Signed by the Speaker of the House,10
HB16-1190,2016,RS,Governor,2016-04-05,Sent to the Governor,11
HB16-1190,2016,RS,Governor,2016-04-14,Governor Signed,12
HB16-1191,2016,RS,House,2016-02-03,Introduced In House - Assigned to Local Government,1
HB16-1191,2016,RS,House,2016-02-24,House Committee on Local Government Postpone Indefinitely,2
HB16-1192,2016,RS,House,2016-02-03,Introduced In House - Assigned to Judiciary,1
HB16-1192,2016,RS,House,2016-02-18,House Committee on Judiciary Refer Amended to House Committee of the Whole,2
HB16-1192,2016,RS,House,2016-02-22,House Second Reading Laid Over to 02/24/2016 - No Amendments,3
HB16-1192,2016,RS,House,2016-02-24,House Second Reading Passed with Amendments - Committee,4
HB16-1192,2016,RS,House,2016-02-25,House Third Reading Passed - No Amendments,5
HB16-1192,2016,RS,Senate,2016-03-04,Introduced In Senate - Assigned to Judiciary,6
HB16-1192,2016,RS,Senate,2016-03-16,Senate Committee on Judiciary Refer Amended - Consent Calendar to Senate Committee of the Whole,7
HB16-1192,2016,RS,Senate,2016-03-21,Senate Second Reading Passed with Amendments - Committee,8
HB16-1192,2016,RS,Senate,2016-03-22,Senate Third Reading Passed - No Amendments,9
HB16-1192,2016,RS,House,2016-03-28,House Considered Senate Amendments - Result was to Concur - Repass,10
HB16-1192,2016,RS,House,2016-03-28,House Considered Senate Amendments - Result was to Laid Over Daily,11
HB16-1192,2016,RS,House,2016-04-01,Signed by the Speaker of the House,12
HB16-1192,2016,RS,Senate,2016-04-04,Signed by the President of the Senate,13
HB16-1192,2016,RS,Governor,2016-04-05,Sent to the Governor,14
HB16-1192,2016,RS,Governor,2016-04-14,Governor Signed,15
HB16-1193,2016,RS,House,2016-02-03,Introduced In House - Assigned to Judiciary,1
HB16-1193,2016,RS,House,2016-02-23,House Committee on Judiciary Refer Unamended to House Committee of the Whole,2
HB16-1193,2016,RS,House,2016-02-24,House Second Reading Passed - No Amendments,3
HB16-1193,2016,RS,House,2016-02-25,House Third Reading Passed - No Amendments,4
HB16-1193,2016,RS,Senate,2016-03-04,Introduced In Senate - Assigned to Appropriations,5
HB16-1193,2016,RS,Senate,2016-03-11,Senate Committee on Appropriations Refer Unamended - Consent Calendar to Senate Committee of the Whole,6
HB16-1193,2016,RS,Senate,2016-03-15,Senate Second Reading Passed - No Amendments,7
HB16-1193,2016,RS,Senate,2016-03-16,Senate Third Reading Passed - No Amendments,8
HB16-1193,2016,RS,House,2016-03-30,Signed by the Speaker of the House,9
HB16-1193,2016,RS,Senate,2016-04-04,Signed by the President of the Senate,10
HB16-1193,2016,RS,Governor,2016-04-05,Sent to the Governor,11
HB16-1193,2016,RS,Governor,2016-04-14,Governor Signed,12
HB16-1194,2016,RS,House,2016-02-03,"Introduced In House - Assigned to Agriculture, Livestock, & Natural Resources + Finance",1
HB16-1194,2016,RS,House,2016-02-22,"House Committee on Agriculture, Livestock, & Natural Resources Refer Unamended to Finance",2
HB16-1194,2016,RS,House,2016-03-16,House Committee on Finance Refer Unamended to Appropriations,3
HB16-1194,2016,RS,House,2016-04-28,House Committee on Appropriations Refer Unamended to House Committee of the Whole,4
HB16-1194,2016,RS,House,2016-04-28,House Second Reading Special Order - Passed - No Amendments,5
HB16-1194,2016,RS,House,2016-04-29,House Third Reading Passed - No Amendments,6
HB16-1194,2016,RS,Senate,2016-04-29,Introduced In Senate - Assigned to Finance,7
HB16-1194,2016,RS,Senate,2016-05-05,Senate Committee on Finance Refer Unamended to Appropriations,8
HB16-1194,2016,RS,Senate,2016-05-05,Senate Committee on Appropriations Refer Unamended to Senate Committee of the Whole,9
HB16-1194,2016,RS,Senate,2016-05-05,Senate Second Reading Special Order - Passed - No Amendments,10
HB16-1194,2016,RS,Senate,2016-05-06,Senate Third Reading Lost - No Amendments,11
HB16-1194,2016,RS,Senate,2016-05-06,Senate Third Reading Reconsidered - No Amendments,12
HB16-1194,2016,RS,Senate,2016-05-06,Senate Third Reading Passed - No Amendments,13
HB16-1194,2016,RS,House,2016-05-17,Signed by the Speaker of the House,14
HB16-1194,2016,RS,Senate,2016-05-17,Signed by the President of the Senate,15
HB16-1194,2016,RS,Governor,2016-05-18,Sent to the Governor,16
HB16-1194,2016,RS,Governor,2016-06-08,Governor Signed,17
HB16-1195,2016,RS,House,2016-02-03,"Introduced In House - Assigned to Health, Insurance, & Environment",1
HB16-1195,2016,RS,House,2016-02-25,"House Committee on Health, Insurance, & Environment Refer Amended to Appropriations",2
HB16-1195,2016,RS,House,2016-04-15,House Committee on Appropriations Refer Amended to House Committee of the Whole,3
HB16-1195,2016,RS,House,2016-04-15,House Second Reading Special Order - Passed with Amendments - Committee,4
HB16-1195,2016,RS,House,2016-04-18,House Third Reading Passed - No Amendments,5
HB16-1195,2016,RS,Senate,2016-04-18,Introduced In Senate - Assigned to Health & Human Services,6
HB16-1195,2016,RS,Senate,2016-04-27,Senate Committee on Health & Human Services Refer Unamended to Appropriations,7
HB16-1195,2016,RS,Senate,2016-04-29,Senate Committee on Appropriations Postpone Indefinitely,8
HB16-1196,2016,RS,House,2016-02-03,Introduced In House - Assigned to Education,1
HB16-1196,2016,RS,House,2016-02-22,House Committee on Education Refer Amended to Appropriations,2
HB16-1196,2016,RS,House,2016-04-15,House Committee on Appropriations Refer Amended to House Committee of the Whole,3
HB16-1196,2016,RS,House,2016-04-15,House Second Reading Special Order - Passed with Amendments - Committee,4
HB16-1196,2016,RS,House,2016-04-18,House Third Reading Passed - No Amendments,5
HB16-1196,2016,RS,Senate,2016-04-18,"Introduced In Senate - Assigned to State, Veterans, & Military Affairs",6
HB16-1196,2016,RS,Senate,2016-05-02,"Senate Committee on State, Veterans, & Military Affairs Postpone Indefinitely",7
HB16-1197,2016,RS,House,2016-02-04,Introduced In House - Assigned to Business Affairs and Labor,1
HB16-1197,2016,RS,House,2016-02-25,House Committee on Business Affairs and Labor Refer Amended to Appropriations,2
HB16-1197,2016,RS,House,2016-04-07,House Committee on Appropriations Refer Amended to House Committee of the Whole,3
HB16-1197,2016,RS,House,2016-04-11,House Second Reading Laid Over Daily - No Amendments,4
HB16-1197,2016,RS,House,2016-04-12,House Second Reading Passed with Amendments - Committee,5
HB16-1197,2016,RS,House,2016-04-14,House Third Reading Passed - No Amendments,6
HB16-1197,2016,RS,Senate,2016-04-14,"Introduced In Senate - Assigned to State, Veterans, & Military Affairs",7
HB16-1197,2016,RS,Senate,2016-04-25,"Senate Committee on State, Veterans, & Military Affairs Refer Unamended to Appropriations",8
HB16-1197,2016,RS,Senate,2016-04-29,Senate Committee on Appropriations Refer Unamended - Consent Calendar to Senate Committee of the Whole,9
HB16-1197,2016,RS,Senate,2016-04-29,Senate Second Reading Special Order - Passed - No Amendments,10
HB16-1197,2016,RS,Senate,2016-05-02,Senate Third Reading Passed - No Amendments,11
HB16-1197,2016,RS,House,2016-05-05,Signed by the Speaker of the House,12
HB16-1197,2016,RS,Senate,2016-05-05,Signed by the President of the Senate,13
HB16-1197,2016,RS,Governor,2016-05-05,Sent to the Governor,14
HB16-1197,2016,RS,Governor,2016-05-20,Governor Signed,15
HB16-1198,2016,RS,House,2016-02-04,Introduced In House - Assigned to Education,1
HB16-1198,2016,RS,House,2016-03-09,House Committee on Education Refer Amended to House Committee of the Whole,2
HB16-1198,2016,RS,House,2016-03-15,House Second Reading Passed with Amendments - Committee,3
HB16-1198,2016,RS,House,2016-03-16,House Third Reading Passed - No Amendments,4
HB16-1198,2016,RS,Senate,2016-03-16,Introduced In Senate - Assigned to Education,5
HB16-1198,2016,RS,Senate,2016-03-24,Senate Committee on Education Refer Amended to Senate Committee of the Whole,6
HB16-1198,2016,RS,Senate,2016-03-29,Senate Second Reading Special Order - Passed with Amendments - Committee,7
HB16-1198,2016,RS,Senate,2016-03-30,Senate Third Reading Passed - No Amendments,8
HB16-1198,2016,RS,House,2016-04-01,House Considered Senate Amendments - Result was to Concur - Repass,9
HB16-1198,2016,RS,House,2016-04-01,House Considered Senate Amendments - Result was to Laid Over Daily,10
HB16-1198,2016,RS,House,2016-04-07,Signed by the Speaker of the House,11
HB16-1198,2016,RS,Senate,2016-04-11,Signed by the President of the Senate,12
HB16-1198,2016,RS,Governor,2016-04-11,Sent to the Governor,13
HB16-1198,2016,RS,Governor,2016-04-21,Governor Signed,14
HB16-1199,2016,RS,House,2016-02-04,"Introduced In House - Assigned to State, Veterans, & Military Affairs",1
HB16-1199,2016,RS,House,2016-03-09,"House Committee on State, Veterans, & Military Affairs Postpone Indefinitely",2
HB16-1200,2016,RS,House,2016-02-04,"Introduced In House - Assigned to State, Veterans, & Military Affairs",1
HB16-1200,2016,RS,House,2016-04-04,"House Committee on State, Veterans, & Military Affairs Postpone Indefinitely",2
HB16-1201,2016,RS,House,2016-02-04,"Introduced In House - Assigned to Health, Insurance, & Environment",1
HB16-1201,2016,RS,House,2016-03-03,"House Committee on Health, Insurance, & Environment Postpone Indefinitely",2
HB16-1202,2016,RS,House,2016-02-04,"Introduced In House - Assigned to State, Veterans, & Military Affairs",1
HB16-1202,2016,RS,House,2016-03-09,"House Committee on State, Veterans, & Military Affairs Postpone Indefinitely",2
HB16-1203,2016,RS,House,2016-02-04,"Introduced In House - Assigned to Health, Insurance, & Environment",1
HB16-1203,2016,RS,House,2016-04-07,"House Committee on Health, Insurance, & Environment Postpone Indefinitely",2
HB16-1204,2016,RS,House,2016-02-04,"Introduced In House - Assigned to State, Veterans, & Military Affairs",1
HB16-1204,2016,RS,House,2016-03-07,"House Committee on State, Veterans, & Military Affairs Postpone Indefinitely",2
HB16-1205,2016,RS,House,2016-02-04,Introduced In House - Assigned to Transportation & Energy,1
HB16-1205,2016,RS,House,2016-02-17,House Committee on Transportation & Energy Postpone Indefinitely,2
HB16-1206,2016,RS,House,2016-02-04,"Introduced In House - Assigned to State, Veterans, & Military Affairs",1
HB16-1206,2016,RS,House,2016-03-14,"House Committee on State, Veterans, & Military Affairs Postpone Indefinitely",2
HB16-1207,2016,RS,House,2016-02-04,Introduced In House - Assigned to Finance,1
HB16-1207,2016,RS,House,2016-02-24,House Committee on Finance Postpone Indefinitely,2
HB16-1208,2016,RS,House,2016-02-04,"Introduced In House - Assigned to State, Veterans, & Military Affairs",1
HB16-1208,2016,RS,House,2016-03-21,"House Committee on State, Veterans, & Military Affairs Postpone Indefinitely",2
HB16-1209,2016,RS,House,2016-02-04,Introduced In House - Assigned to Local Government,1
HB16-1209,2016,RS,House,2016-02-17,House Committee on Local Government Refer Amended to Appropriations,2
HB16-1209,2016,RS,House,2016-04-28,House Committee on Appropriations Refer Amended to Legislative Council,3
HB16-1209,2016,RS,House,2016-05-06,House Committee on Legislative Council Postpone Indefinitely,4
HB16-1210,2016,RS,House,2016-02-04,Introduced In House - Assigned to Public Health Care & Human Services,1
HB16-1210,2016,RS,House,2016-03-08,House Committee on Public Health Care & Human Services Refer Unamended to House Committee of the Whole,2
HB16-1210,2016,RS,House,2016-03-14,House Second Reading Passed - No Amendments,3
HB16-1210,2016,RS,House,2016-03-15,House Third Reading Laid Over Daily - No Amendments,4
HB16-1210,2016,RS,House,2016-03-17,House Third Reading Passed - No Amendments,5
HB16-1210,2016,RS,Senate,2016-03-29,"Introduced In Senate - Assigned to State, Veterans, & Military Affairs",6
HB16-1210,2016,RS,Senate,2016-04-11,"Senate Committee on State, Veterans, & Military Affairs Postpone Indefinitely",7
HB16-1211,2016,RS,House,2016-02-04,Introduced In House - Assigned to Business Affairs and Labor,1
HB16-1211,2016,RS,House,2016-02-25,House Committee on Business Affairs and Labor Refer Amended to Finance,2
HB16-1211,2016,RS,House,2016-03-03,House Committee on Finance Refer Unamended to Appropriations,3
HB16-1211,2016,RS,House,2016-04-07,House Committee on Appropriations Refer Amended to House Committee of the Whole,4
HB16-1211,2016,RS,House,2016-04-11,House Second Reading Laid Over Daily - No Amendments,5
HB16-1211,2016,RS,House,2016-04-12,House Second Reading Passed with Amendments - Committee,6
HB16-1211,2016,RS,House,2016-04-14,House Third Reading Passed - No Amendments,7
HB16-1211,2016,RS,Senate,2016-04-14,Introduced In Senate - Assigned to Transportation,8
HB16-1211,2016,RS,Senate,2016-04-26,Senate Committee on Transportation Refer Amended to Finance,9
HB16-1211,2016,RS,Senate,2016-05-03,Senate Committee on Finance Refer Unamended to Appropriations,10
HB16-1211,2016,RS,Senate,2016-05-05,Senate Committee on Appropriations Refer Unamended to Senate Committee of the Whole,11
HB16-1211,2016,RS,Senate,2016-05-05,Senate Second Reading Special Order - Passed with Amendments - Committee,12
HB16-1211,2016,RS,Senate,2016-05-06,Senate Third Reading Passed - No Amendments,13
HB16-1211,2016,RS,Senate,2016-05-09,House Considered Senate Amendments - Result was to Concur - Repass,14
HB16-1211,2016,RS,House,2016-05-17,Signed by the Speaker of the House,15
HB16-1211,2016,RS,Senate,2016-05-17,Signed by the President of the Senate,16
HB16-1211,2016,RS,Governor,2016-05-18,Sent to the Governor,17
HB16-1211,2016,RS,Governor,2016-06-10,Governor Signed,18
HB16-1212,2016,RS,House,2016-02-04,"Introduced In House - Assigned to State, Veterans, & Military Affairs + Finance",1
HB16-1212,2016,RS,House,2016-04-13,"House Committee on State, Veterans, & Military Affairs Postpone Indefinitely",2
HB16-1213,2016,RS,House,2016-02-04,Introduced In House - Assigned to Judiciary,1
HB16-1213,2016,RS,House,2016-03-24,House Committee on Judiciary Postpone Indefinitely,2
HB16-1214,2016,RS,House,2016-02-04,Introduced In House - Assigned to Judiciary,1
HB16-1214,2016,RS,House,2016-02-25,House Committee on Judiciary Postpone Indefinitely,2
HB16-1215,2016,RS,House,2016-02-04,Introduced In House - Assigned to Judiciary,1
HB16-1215,2016,RS,House,2016-03-03,House Committee on Judiciary Refer Unamended to House Committee of the Whole,2
HB16-1215,2016,RS,House,2016-03-07,House Second Reading Passed - No Amendments,3
HB16-1215,2016,RS,House,2016-03-08,House Third Reading Passed - No Amendments,4
HB16-1215,2016,RS,Senate,2016-03-09,Introduced In Senate - Assigned to Judiciary,5
HB16-1215,2016,RS,Senate,2016-03-28,Senate Committee on Judiciary Refer Unamended to Senate Committee of the Whole,6
HB16-1215,2016,RS,Senate,2016-03-30,Senate Second Reading Special Order - Passed - No Amendments,7
HB16-1215,2016,RS,Senate,2016-03-31,Senate Third Reading Passed - No Amendments,8
HB16-1215,2016,RS,House,2016-04-07,Signed by the Speaker of the House,9
HB16-1215,2016,RS,Senate,2016-04-11,Signed by the President of the Senate,10
HB16-1215,2016,RS,Governor,2016-04-11,Sent to the Governor,11
HB16-1215,2016,RS,Governor,2016-04-21,Governor Signed,12
HB16-1216,2016,RS,House,2016-02-04,Introduced In House - Assigned to Judiciary,1
HB16-1216,2016,RS,House,2016-03-08,House Committee on Judiciary Refer Amended to Appropriations,2
HB16-1216,2016,RS,House,2016-05-05,House Committee on Appropriations Refer Amended to House Committee of the Whole,3
HB16-1216,2016,RS,House,2016-05-05,House Second Reading Special Order - Passed with Amendments - Committee,4
HB16-1216,2016,RS,House,2016-05-06,House Third Reading Passed - No Amendments,5
HB16-1216,2016,RS,Senate,2016-05-06,"Introduced In Senate - Assigned to State, Veterans, & Military Affairs",6
HB16-1216,2016,RS,Senate,2016-05-09,"Senate Committee on State, Veterans, & Military Affairs Postpone Indefinitely",7
HB16-1217,2016,RS,House,2016-02-04,"Introduced In House - Assigned to State, Veterans, & Military Affairs",1
HB16-1217,2016,RS,House,2016-04-06,"House Committee on State, Veterans, & Military Affairs Refer Unamended to House Committee of the Whole",2
HB16-1217,2016,RS,House,2016-04-12,House Second Reading Laid Over Daily - No Amendments,3
HB16-1217,2016,RS,House,2016-04-13,House Second Reading Passed - No Amendments,4
HB16-1217,2016,RS,House,2016-04-14,House Third Reading Passed - No Amendments,5
HB16-1217,2016,RS,Senate,2016-04-14,"Introduced In Senate - Assigned to State, Veterans, & Military Affairs",6
HB16-1217,2016,RS,Senate,2016-05-02,"Senate Committee on State, Veterans, & Military Affairs Postpone Indefinitely",7
HB16-1218,2016,RS,House,2016-02-04,"Introduced In House - Assigned to Health, Insurance, & Environment",1
HB16-1218,2016,RS,House,2016-04-21,"House Committee on Health, Insurance, & Environment Postpone Indefinitely",2
HB16-1219,2016,RS,House,2016-02-04,"Introduced In House - Assigned to State, Veterans, & Military Affairs",1
HB16-1219,2016,RS,House,2016-04-11,"House Committee on State, Veterans, & Military Affairs Postpone Indefinitely",2
HB16-1220,2016,RS,House,2016-02-04,"Introduced In House - Assigned to State, Veterans, & Military Affairs",1
HB16-1220,2016,RS,House,2016-03-28,"House Committee on State, Veterans, & Military Affairs Postpone Indefinitely",2
HB16-1221,2016,RS,House,2016-02-04,"Introduced In House - Assigned to State, Veterans, & Military Affairs",1
HB16-1221,2016,RS,House,2016-03-14,"House Committee on State, Veterans, & Military Affairs Postpone Indefinitely",2
HB16-1222,2016,RS,House,2016-02-04,Introduced In House - Assigned to Education,1
HB16-1222,2016,RS,House,2016-03-07,House Committee on Education Refer Amended to Appropriations,2
HB16-1222,2016,RS,House,2016-04-28,House Committee on Appropriations Refer Amended to House Committee of the Whole,3
HB16-1222,2016,RS,House,2016-04-28,House Second Reading Passed with Amendments - Committee,4
HB16-1222,2016,RS,House,2016-04-29,House Third Reading Passed - No Amendments,5
HB16-1222,2016,RS,Senate,2016-04-29,Introduced In Senate - Assigned to Finance,6
HB16-1222,2016,RS,Senate,2016-05-03,Senate Committee on Finance Refer Amended to Appropriations,7
HB16-1222,2016,RS,Senate,2016-05-06,Senate Committee on Appropriations Refer Unamended to Senate Committee of the Whole,8
HB16-1222,2016,RS,Senate,2016-05-06,Senate Second Reading Special Order - Passed with Amendments - Committee,9
HB16-1222,2016,RS,Senate,2016-05-09,Senate Third Reading Passed with Amendments - Floor,10
HB16-1222,2016,RS,House,2016-05-10,House Considered Senate Amendments - Result was to Concur - Repass,11
HB16-1222,2016,RS,House,2016-05-17,Signed by the Speaker of the House,12
HB16-1222,2016,RS,Senate,2016-05-17,Signed by the President of the Senate,13
HB16-1222,2016,RS,Governor,2016-05-18,Sent to the Governor,14
HB16-1222,2016,RS,Governor,2016-06-10,Governor Signed,15
HB16-1223,2016,RS,House,2016-02-04,Introduced In House - Assigned to Transportation & Energy,1
HB16-1223,2016,RS,House,2016-02-24,House Committee on Transportation & Energy Postpone Indefinitely,2
HB16-1224,2016,RS,House,2016-02-04,Introduced In House - Assigned to Public Health Care & Human Services,1
HB16-1224,2016,RS,House,2016-03-08,House Committee on Public Health Care & Human Services Refer Amended to House Committee of the Whole,2
HB16-1224,2016,RS,House,2016-03-14,"House Second Reading Passed with Amendments - Committee, Floor",3
HB16-1224,2016,RS,House,2016-03-15,House Third Reading Passed - No Amendments,4
HB16-1224,2016,RS,Senate,2016-03-15,Introduced In Senate - Assigned to Judiciary,5
HB16-1224,2016,RS,Senate,2016-03-28,Senate Committee on Judiciary Refer Amended to Senate Committee of the Whole,6
HB16-1224,2016,RS,Senate,2016-03-30,"Senate Second Reading Special Order - Passed with Amendments - Committee, Floor",7
HB16-1224,2016,RS,Senate,2016-03-31,Senate Third Reading Passed - No Amendments,8
HB16-1224,2016,RS,House,2016-04-01,House Considered Senate Amendments - Result was to Concur - Repass,9
HB16-1224,2016,RS,House,2016-04-07,Signed by the Speaker of the House,10
HB16-1224,2016,RS,Senate,2016-04-11,Signed by the President of the Senate,11
HB16-1224,2016,RS,Governor,2016-04-11,Sent to the Governor,12
HB16-1224,2016,RS,Governor,2016-04-15,Governor Signed,13
HB16-1225,2016,RS,House,2016-02-04,Introduced In House - Assigned to Education,1
HB16-1225,2016,RS,House,2016-03-16,House Committee on Education Refer Amended to House Committee of the Whole,2
HB16-1225,2016,RS,House,2016-03-21,House Second Reading Laid Over to 03/23/2016 - No Amendments,3
HB16-1225,2016,RS,House,2016-03-24,"House Second Reading Passed with Amendments - Committee, Floor",4
HB16-1225,2016,RS,House,2016-03-28,House Third Reading Passed - No Amendments,5
HB16-1225,2016,RS,Senate,2016-03-28,Introduced In Senate - Assigned to Education,6
HB16-1225,2016,RS,Senate,2016-04-14,Senate Committee on Education Refer Unamended - Consent Calendar to Senate Committee of the Whole,7
HB16-1225,2016,RS,Senate,2016-04-19,Senate Second Reading Passed - No Amendments,8
HB16-1225,2016,RS,Senate,2016-04-20,Senate Third Reading Passed - No Amendments,9
HB16-1225,2016,RS,House,2016-05-02,Signed by the Speaker of the House,10
HB16-1225,2016,RS,Senate,2016-05-03,Signed by the President of the Senate,11
HB16-1225,2016,RS,Governor,2016-05-04,Sent to the Governor,12
HB16-1225,2016,RS,Governor,2016-06-10,Governor Signed,13
HB16-1226,2016,RS,House,2016-02-04,"Introduced In House - Assigned to Agriculture, Livestock, & Natural Resources + Appropriations",1
HB16-1226,2016,RS,House,2016-02-24,"House Committee on Agriculture, Livestock, & Natural Resources Lay Over Unamended - Amendment(s) Failed",2
HB16-1226,2016,RS,House,2016-04-04,"House Committee on Agriculture, Livestock, & Natural Resources Refer Amended to Appropriations",3
HB16-1226,2016,RS,House,2016-05-05,House Committee on Appropriations Postpone Indefinitely,4
HB16-1227,2016,RS,House,2016-02-04,Introduced In House - Assigned to Public Health Care & Human Services,1
HB16-1227,2016,RS,House,2016-03-18,House Committee on Public Health Care & Human Services Refer Amended to Appropriations,2
HB16-1227,2016,RS,House,2016-04-07,House Committee on Appropriations Refer Amended to House Committee of the Whole,3
HB16-1227,2016,RS,House,2016-04-11,House Second Reading Laid Over Daily - No Amendments,4
HB16-1227,2016,RS,House,2016-04-12,House Second Reading Passed with Amendments - Committee,5
HB16-1227,2016,RS,House,2016-04-14,House Third Reading Passed - No Amendments,6
HB16-1227,2016,RS,Senate,2016-04-14,Introduced In Senate - Assigned to Health & Human Services,7
HB16-1227,2016,RS,Senate,2016-04-21,Senate Committee on Health & Human Services Refer Unamended to Appropriations,8
HB16-1227,2016,RS,Senate,2016-04-27,Senate Committee on Appropriations Refer Unamended to Senate Committee of the Whole,9
HB16-1227,2016,RS,Senate,2016-04-28,Senate Second Reading Special Order - Passed - No Amendments,10
HB16-1227,2016,RS,Senate,2016-04-29,Senate Third Reading Reconsidered - No Amendments,11
HB16-1227,2016,RS,Senate,2016-04-29,Senate Third Reading Passed - No Amendments,12
HB16-1227,2016,RS,House,2016-05-05,Signed by the Speaker of the House,13
HB16-1227,2016,RS,Senate,2016-05-05,Signed by the President of the Senate,14
HB16-1227,2016,RS,Governor,2016-05-05,Sent to the Governor,15
HB16-1227,2016,RS,Governor,2016-05-19,Governor Signed,16
HB16-1228,2016,RS,House,2016-02-04,"Introduced In House - Assigned to Agriculture, Livestock, & Natural Resources",1
HB16-1228,2016,RS,House,2016-03-14,"House Committee on Agriculture, Livestock, & Natural Resources Refer Amended to House Committee of the Whole",2
HB16-1228,2016,RS,House,2016-03-17,House Second Reading Laid Over to 03/21/2016 - No Amendments,3
HB16-1228,2016,RS,House,2016-03-21,House Second Reading Passed with Amendments - Committee,4
HB16-1228,2016,RS,House,2016-03-22,House Third Reading Passed - No Amendments,5
HB16-1228,2016,RS,Senate,2016-03-22,"Introduced In Senate - Assigned to Agriculture, Natural Resources, & Energy",6
HB16-1228,2016,RS,Senate,2016-03-31,"Senate Committee on Agriculture, Natural Resources, & Energy Witness Testimony and/or Committee Discussion Only",7
HB16-1228,2016,RS,Senate,2016-04-20,"Senate Committee on Agriculture, Natural Resources, & Energy Refer Amended - Consent Calendar to Senate Committee of the Whole",8
HB16-1228,2016,RS,Senate,2016-04-22,Senate Second Reading Passed with Amendments - Committee,9
HB16-1228,2016,RS,Senate,2016-04-25,Senate Third Reading Passed - No Amendments,10
HB16-1228,2016,RS,House,2016-04-29,House Considered Senate Amendments - Result was to Concur - Repass,11
HB16-1228,2016,RS,House,2016-04-29,House Considered Senate Amendments - Result was to Laid Over Daily,12
HB16-1228,2016,RS,House,2016-05-05,Signed by the Speaker of the House,13
HB16-1228,2016,RS,Senate,2016-05-05,Signed by the President of the Senate,14
HB16-1228,2016,RS,Governor,2016-05-05,Sent to the Governor,15
HB16-1228,2016,RS,Governor,2016-05-18,Governor Signed,16
HB16-1229,2016,RS,House,2016-02-04,Introduced In House - Assigned to Finance,1
HB16-1229,2016,RS,House,2016-02-24,House Committee on Finance Refer Amended to Appropriations,2
HB16-1229,2016,RS,House,2016-03-04,House Committee on Appropriations Refer Unamended to House Committee of the Whole,3
HB16-1229,2016,RS,House,2016-03-07,House Second Reading Passed with Amendments - Committee,4
HB16-1229,2016,RS,House,2016-03-08,House Third Reading Passed - No Amendments,5
HB16-1229,2016,RS,Senate,2016-03-09,Introduced In Senate - Assigned to Finance + Appropriations,6
HB16-1229,2016,RS,Senate,2016-03-15,Senate Committee on Finance Refer Unamended to Appropriations,7
HB16-1229,2016,RS,Senate,2016-03-18,Senate Committee on Appropriations Refer Unamended to Senate Committee of the Whole,8
HB16-1229,2016,RS,Senate,2016-03-22,Senate Second Reading Passed - No Amendments,9
HB16-1229,2016,RS,Senate,2016-03-24,Senate Third Reading Passed - No Amendments,10
HB16-1229,2016,RS,Senate,2016-04-04,Signed by the President of the Senate,11
HB16-1229,2016,RS,House,2016-04-04,Signed by the Speaker of the House,12
HB16-1229,2016,RS,Governor,2016-04-05,Sent to the Governor,13
HB16-1229,2016,RS,Governor,2016-04-14,Governor Signed,14
HB16-1230,2016,RS,House,2016-02-04,Introduced In House - Assigned to Local Government,1
HB16-1230,2016,RS,House,2016-03-09,House Committee on Local Government Refer Amended to House Committee of the Whole,2
HB16-1230,2016,RS,House,2016-03-14,House Second Reading Laid Over to 03/16/2016 - No Amendments,3
HB16-1230,2016,RS,House,2016-03-16,House Second Reading Passed with Amendments - Committee,4
HB16-1230,2016,RS,House,2016-03-17,House Third Reading Passed - No Amendments,5
HB16-1230,2016,RS,Senate,2016-03-17,Introduced In Senate - Assigned to Local Government,6
HB16-1230,2016,RS,Senate,2016-03-22,Senate Committee on Local Government Refer Unamended to Senate Committee of the Whole,7
HB16-1230,2016,RS,Senate,2016-03-24,Senate Second Reading Passed - No Amendments,8
HB16-1230,2016,RS,Senate,2016-03-28,Senate Third Reading Passed - No Amendments,9
HB16-1230,2016,RS,House,2016-04-07,Signed by the Speaker of the House,10
HB16-1230,2016,RS,Senate,2016-04-11,Signed by the President of the Senate,11
HB16-1230,2016,RS,Governor,2016-04-11,Sent to the Governor,12
HB16-1230,2016,RS,Governor,2016-04-21,Governor Signed,13
HB16-1231,2016,RS,House,2016-02-05,Introduced In House - Assigned to Transportation & Energy,1
HB16-1231,2016,RS,House,2016-02-24,House Committee on Transportation & Energy Refer Unamended to House Committee of the Whole,2
HB16-1231,2016,RS,House,2016-02-29,House Second Reading Passed with Amendments - Floor,3
HB16-1231,2016,RS,House,2016-03-01,House Third Reading Passed - No Amendments,4
HB16-1231,2016,RS,Senate,2016-03-04,Introduced In Senate - Assigned to Transportation,5
HB16-1231,2016,RS,Senate,2016-03-22,Senate Committee on Transportation Refer Amended to Senate Committee of the Whole,6
HB16-1231,2016,RS,Senate,2016-03-28,Senate Second Reading Special Order - Passed with Amendments - Committee,7
HB16-1231,2016,RS,Senate,2016-03-29,Senate Third Reading Passed - No Amendments,8
HB16-1231,2016,RS,House,2016-04-05,House Considered Senate Amendments - Result was to Laid Over Daily,9
HB16-1231,2016,RS,House,2016-04-05,House Considered Senate Amendments - Result was to Laid Over Daily04/01/2016,10
HB16-1231,2016,RS,House,2016-04-05,House Considered Senate Amendments - Result was to Not Concur - Request Conference Committee,11
HB16-1231,2016,RS,ConfComm,2016-04-22,First Conference Committee Result was to Adopt Reengrossed w/ Amendments,12
HB16-1231,2016,RS,,2016-04-22,First Conference Committee Result was to Adopt Reengrossed w/ Amendments,13
HB16-1231,2016,RS,Senate,2016-04-26,Senate Consideration of First Conference Committee Report result was to Adopt Committee Report - Repass,14
HB16-1231,2016,RS,House,2016-04-29,House Consideration of First Conference Committee Report result was to Adopt Committee Report - Repass,15
HB16-1231,2016,RS,Senate,2016-05-10,Signed by the President of the Senate,16
HB16-1231,2016,RS,House,2016-05-10,Signed by the Speaker of the House,17
HB16-1231,2016,RS,Governor,2016-05-11,Sent to the Governor,18
HB16-1231,2016,RS,Governor,2016-06-02,Governor Vetoed,19
HB16-1232,2016,RS,House,2016-02-05,Introduced In House - Assigned to Business Affairs and Labor,1
HB16-1232,2016,RS,House,2016-02-25,House Committee on Business Affairs and Labor Refer Unamended to House Committee of the Whole,2
HB16-1232,2016,RS,House,2016-02-29,House Second Reading Passed - No Amendments,3
HB16-1232,2016,RS,House,2016-03-01,House Third Reading Passed - No Amendments,4
HB16-1232,2016,RS,Senate,2016-03-04,Introduced In Senate - Assigned to Finance,5
HB16-1232,2016,RS,Senate,2016-03-24,Senate Committee on Finance Refer Unamended to Appropriations,6
HB16-1232,2016,RS,Senate,2016-04-22,Senate Committee on Appropriations Refer Unamended - Consent Calendar to Senate Committee of the Whole,7
HB16-1232,2016,RS,Senate,2016-04-25,Senate Second Reading Special Order - Passed - No Amendments,8
HB16-1232,2016,RS,Senate,2016-04-26,Senate Third Reading Passed - No Amendments,9
HB16-1232,2016,RS,House,2016-05-02,Signed by the Speaker of the House,10
HB16-1232,2016,RS,Senate,2016-05-03,Signed by the President of the Senate,11
HB16-1232,2016,RS,Governor,2016-05-04,Sent to the Governor,12
HB16-1232,2016,RS,Governor,2016-06-10,Governor Signed,13
HB16-1233,2016,RS,House,2016-02-05,"Introduced In House - Assigned to State, Veterans, & Military Affairs",1
HB16-1233,2016,RS,House,2016-02-29,"House Committee on State, Veterans, & Military Affairs Postpone Indefinitely",2
HB16-1234,2016,RS,House,2016-02-05,Introduced In House - Assigned to Education,1
HB16-1234,2016,RS,House,2016-03-07,House Committee on Education Refer Amended to Appropriations,2
HB16-1234,2016,RS,House,2016-05-03,House Committee on Appropriations Refer Amended to House Committee of the Whole,3
HB16-1234,2016,RS,House,2016-05-03,House Second Reading Special Order - Passed with Amendments - Committee,4
HB16-1234,2016,RS,House,2016-05-04,House Third Reading Passed - No Amendments,5
HB16-1234,2016,RS,Senate,2016-05-04,Introduced In Senate - Assigned to Finance,6
HB16-1234,2016,RS,Senate,2016-05-05,Senate Committee on Finance Refer Unamended to Appropriations,7
HB16-1234,2016,RS,Senate,2016-05-05,Senate Committee on Appropriations Refer Unamended to Senate Committee of the Whole,8
HB16-1234,2016,RS,Senate,2016-05-05,Senate Second Reading Special Order - Passed - No Amendments,9
HB16-1234,2016,RS,Senate,2016-05-06,Senate Third Reading Passed - No Amendments,10
HB16-1234,2016,RS,House,2016-05-17,Signed by the Speaker of the House,11
HB16-1234,2016,RS,Senate,2016-05-17,Signed by the President of the Senate,12
HB16-1234,2016,RS,Governor,2016-05-18,Sent to the Governor,13
HB16-1234,2016,RS,Governor,2016-06-10,Governor Signed,14
HB16-1235,2016,RS,House,2016-02-05,"Introduced In House - Assigned to State, Veterans, & Military Affairs",1
HB16-1235,2016,RS,House,2016-04-04,"House Committee on State, Veterans, & Military Affairs Postpone Indefinitely",2
HB16-1236,2016,RS,House,2016-02-05,"Introduced In House - Assigned to Health, Insurance, & Environment",1
HB16-1236,2016,RS,House,2016-02-23,"House Committee on Health, Insurance, & Environment Refer Amended to House Committee of the Whole",2
HB16-1236,2016,RS,House,2016-02-29,"House Second Reading Passed with Amendments - Committee, Floor",3
HB16-1236,2016,RS,House,2016-03-01,House Third Reading Passed - No Amendments,4
HB16-1236,2016,RS,Senate,2016-03-04,Introduced In Senate - Assigned to Health & Human Services,5
HB16-1236,2016,RS,Senate,2016-03-09,Senate Committee on Health & Human Services Refer Unamended to Senate Committee of the Whole,6
HB16-1236,2016,RS,Senate,2016-03-14,Senate Second Reading Passed - No Amendments,7
HB16-1236,2016,RS,Senate,2016-03-15,Senate Third Reading Passed - No Amendments,8
HB16-1236,2016,RS,House,2016-03-30,Signed by the Speaker of the House,9
HB16-1236,2016,RS,Senate,2016-04-04,Signed by the President of the Senate,10
HB16-1236,2016,RS,Governor,2016-04-05,Sent to the Governor,11
HB16-1236,2016,RS,Governor,2016-04-15,Governor Signed,12
HB16-1237,2016,RS,House,2016-02-08,Introduced In House - Assigned to Appropriations,1
HB16-1237,2016,RS,House,2016-02-09,House Committee on Appropriations Refer Unamended to House Committee of the Whole,2
HB16-1237,2016,RS,House,2016-02-10,House Second Reading Passed - No Amendments,3
HB16-1237,2016,RS,House,2016-02-11,House Third Reading Passed - No Amendments,4
HB16-1237,2016,RS,Senate,2016-02-12,Introduced In Senate - Assigned to Appropriations,5
HB16-1237,2016,RS,Senate,2016-02-17,Senate Committee on Appropriations Refer Unamended - Consent Calendar to Senate Committee of the Whole,6
HB16-1237,2016,RS,Senate,2016-02-18,Senate Second Reading Special Order - Passed - No Amendments,7
HB16-1237,2016,RS,Senate,2016-02-19,Senate Third Reading Passed - No Amendments,8
HB16-1237,2016,RS,House,2016-02-25,Signed by the Speaker of the House,9
HB16-1237,2016,RS,Senate,2016-03-01,Signed by the President of the Senate,10
HB16-1237,2016,RS,Governor,2016-03-01,Sent to the Governor,11
HB16-1237,2016,RS,Governor,2016-03-11,Governor Signed,12
HB16-1238,2016,RS,House,2016-02-08,Introduced In House - Assigned to Appropriations,1
HB16-1238,2016,RS,House,2016-02-09,House Committee on Appropriations Refer Unamended to House Committee of the Whole,2
HB16-1238,2016,RS,House,2016-02-10,House Second Reading Passed - No Amendments,3
HB16-1238,2016,RS,House,2016-02-11,House Third Reading Passed - No Amendments,4
HB16-1238,2016,RS,Senate,2016-02-12,Introduced In Senate - Assigned to Appropriations,5
HB16-1238,2016,RS,Senate,2016-02-17,Senate Committee on Appropriations Refer Unamended - Consent Calendar to Senate Committee of the Whole,6
HB16-1238,2016,RS,Senate,2016-02-18,Senate Second Reading Special Order - Passed - No Amendments,7
HB16-1238,2016,RS,Senate,2016-02-19,Senate Third Reading Passed - No Amendments,8
HB16-1238,2016,RS,House,2016-02-25,Signed by the Speaker of the House,9
HB16-1238,2016,RS,Senate,2016-03-01,Signed by the President of the Senate,10
HB16-1238,2016,RS,Governor,2016-03-01,Sent to the Governor,11
HB16-1238,2016,RS,Governor,2016-03-11,Governor Signed,12
HB16-1239,2016,RS,House,2016-02-08,Introduced In House - Assigned to Appropriations,1
HB16-1239,2016,RS,House,2016-02-09,House Committee on Appropriations Refer Unamended to House Committee of the Whole,2
HB16-1239,2016,RS,House,2016-02-10,House Second Reading Passed - No Amendments,3
HB16-1239,2016,RS,House,2016-02-11,House Third Reading Passed - No Amendments,4
HB16-1239,2016,RS,Senate,2016-02-12,Introduced In Senate - Assigned to Appropriations,5
HB16-1239,2016,RS,Senate,2016-02-17,Senate Committee on Appropriations Refer Unamended - Consent Calendar to Senate Committee of the Whole,6
HB16-1239,2016,RS,Senate,2016-02-18,Senate Second Reading Special Order - Passed - No Amendments,7
HB16-1239,2016,RS,Senate,2016-02-19,Senate Third Reading Passed - No Amendments,8
HB16-1239,2016,RS,House,2016-02-25,Signed by the Speaker of the House,9
HB16-1239,2016,RS,Senate,2016-03-01,Signed by the President of the Senate,10
HB16-1239,2016,RS,Governor,2016-03-01,Sent to the Governor,11
HB16-1239,2016,RS,Governor,2016-03-11,Governor Signed,12
HB16-1240,2016,RS,House,2016-02-08,Introduced In House - Assigned to Appropriations,1
HB16-1240,2016,RS,House,2016-02-09,House Committee on Appropriations Refer Unamended to House Committee of the Whole,2
HB16-1240,2016,RS,House,2016-02-10,House Second Reading Passed - No Amendments,3
HB16-1240,2016,RS,House,2016-02-11,House Third Reading Passed - No Amendments,4
HB16-1240,2016,RS,Senate,2016-02-12,Introduced In Senate - Assigned to Appropriations,5
HB16-1240,2016,RS,Senate,2016-02-17,Senate Committee on Appropriations Refer Amended - Consent Calendar to Senate Committee of the Whole,6
HB16-1240,2016,RS,Senate,2016-02-18,Senate Second Reading Special Order - Passed with Amendments - Committee,7
HB16-1240,2016,RS,Senate,2016-02-19,Senate Third Reading Laid Over Daily - No Amendments,8
HB16-1240,2016,RS,Senate,2016-02-23,Senate Third Reading Passed - No Amendments,9
HB16-1240,2016,RS,House,2016-02-24,House Considered Senate Amendments - Result was to Concur - Repass,10
HB16-1240,2016,RS,House,2016-02-25,Signed by the Speaker of the House,11
HB16-1240,2016,RS,Senate,2016-03-01,Signed by the President of the Senate,12
HB16-1240,2016,RS,Governor,2016-03-01,Sent to the Governor,13
HB16-1240,2016,RS,Governor,2016-03-11,Governor Signed,14
HB16-1241,2016,RS,House,2016-02-08,Introduced In House - Assigned to Appropriations,1
HB16-1241,2016,RS,House,2016-02-09,House Committee on Appropriations Refer Unamended to House Committee of the Whole,2
HB16-1241,2016,RS,House,2016-02-10,House Second Reading Passed - No Amendments,3
HB16-1241,2016,RS,House,2016-02-11,House Third Reading Passed - No Amendments,4
HB16-1241,2016,RS,Senate,2016-02-12,Introduced In Senate - Assigned to Appropriations,5
HB16-1241,2016,RS,Senate,2016-02-26,Senate Committee on Appropriations Refer Unamended - Consent Calendar to Senate Committee of the Whole,6
HB16-1241,2016,RS,Senate,2016-03-01,Senate Second Reading Passed - No Amendments,7
HB16-1241,2016,RS,Senate,2016-03-02,Senate Third Reading Passed - No Amendments,8
HB16-1241,2016,RS,House,2016-03-09,Signed by the Speaker of the House,9
HB16-1241,2016,RS,Senate,2016-03-14,Signed by the President of the Senate,10
HB16-1241,2016,RS,Governor,2016-03-14,Sent to the Governor,11
HB16-1241,2016,RS,Governor,2016-03-22,Governor Signed,12
HB16-1242,2016,RS,House,2016-02-08,Introduced In House - Assigned to Appropriations,1
HB16-1242,2016,RS,House,2016-02-09,House Committee on Appropriations Refer Unamended to House Committee of the Whole,2
HB16-1242,2016,RS,House,2016-02-10,House Second Reading Passed - No Amendments,3
HB16-1242,2016,RS,House,2016-02-11,House Third Reading Passed - No Amendments,4
HB16-1242,2016,RS,Senate,2016-02-12,Introduced In Senate - Assigned to Appropriations,5
HB16-1242,2016,RS,Senate,2016-02-17,Senate Committee on Appropriations Refer Unamended - Consent Calendar to Senate Committee of the Whole,6
HB16-1242,2016,RS,Senate,2016-02-18,Senate Second Reading Special Order - Passed - No Amendments,7
HB16-1242,2016,RS,Senate,2016-02-19,Senate Third Reading Passed - No Amendments,8
HB16-1242,2016,RS,House,2016-02-25,Signed by the Speaker of the House,9
HB16-1242,2016,RS,Senate,2016-03-01,Signed by the President of the Senate,10
HB16-1242,2016,RS,Governor,2016-03-01,Sent to the Governor,11
HB16-1242,2016,RS,Governor,2016-03-11,Governor Signed,12
HB16-1243,2016,RS,House,2016-02-08,Introduced In House - Assigned to Appropriations,1
HB16-1243,2016,RS,House,2016-02-09,House Committee on Appropriations Refer Unamended to House Committee of the Whole,2
HB16-1243,2016,RS,House,2016-02-10,House Second Reading Passed - No Amendments,3
HB16-1243,2016,RS,House,2016-02-11,House Third Reading Passed - No Amendments,4
HB16-1243,2016,RS,Senate,2016-02-12,Introduced In Senate - Assigned to Appropriations,5
HB16-1243,2016,RS,Senate,2016-02-17,Senate Committee on Appropriations Refer Unamended - Consent Calendar to Senate Committee of the Whole,6
HB16-1243,2016,RS,Senate,2016-02-18,Senate Second Reading Special Order - Passed - No Amendments,7
HB16-1243,2016,RS,Senate,2016-02-19,Senate Third Reading Passed - No Amendments,8
HB16-1243,2016,RS,House,2016-02-25,Signed by the Speaker of the House,9
HB16-1243,2016,RS,Senate,2016-03-01,Signed by the President of the Senate,10
HB16-1243,2016,RS,Governor,2016-03-01,Sent to the Governor,11
HB16-1243,2016,RS,Governor,2016-03-11,Governor Signed,12
HB16-1244,2016,RS,House,2016-02-08,Introduced In House - Assigned to Appropriations,1
HB16-1244,2016,RS,House,2016-02-09,House Committee on Appropriations Refer Unamended to House Committee of the Whole,2
HB16-1244,2016,RS,House,2016-02-10,House Second Reading Passed - No Amendments,3
HB16-1244,2016,RS,House,2016-02-11,House Third Reading Passed - No Amendments,4
HB16-1244,2016,RS,Senate,2016-02-12,Introduced In Senate - Assigned to Appropriations,5
HB16-1244,2016,RS,Senate,2016-02-17,Senate Committee on Appropriations Refer Unamended - Consent Calendar to Senate Committee of the Whole,6
HB16-1244,2016,RS,Senate,2016-02-18,Senate Second Reading Special Order - Passed - No Amendments,7
HB16-1244,2016,RS,Senate,2016-02-19,Senate Third Reading Passed - No Amendments,8
HB16-1244,2016,RS,House,2016-02-25,Signed by the Speaker of the House,9
HB16-1244,2016,RS,Senate,2016-03-01,Signed by the President of the Senate,10
HB16-1244,2016,RS,Governor,2016-03-01,Sent to the Governor,11
HB16-1244,2016,RS,Governor,2016-03-11,Governor Signed,12
HB16-1245,2016,RS,House,2016-02-08,Introduced In House - Assigned to Appropriations,1
HB16-1245,2016,RS,House,2016-02-09,House Committee on Appropriations Refer Unamended to House Committee of the Whole,2
HB16-1245,2016,RS,House,2016-02-10,House Second Reading Passed - No Amendments,3
HB16-1245,2016,RS,House,2016-02-11,House Third Reading Passed - No Amendments,4
HB16-1245,2016,RS,Senate,2016-02-12,Introduced In Senate - Assigned to Appropriations,5
HB16-1245,2016,RS,Senate,2016-02-17,Senate Committee on Appropriations Refer Unamended - Consent Calendar to Senate Committee of the Whole,6
HB16-1245,2016,RS,Senate,2016-02-18,Senate Second Reading Special Order - Passed - No Amendments,7
HB16-1245,2016,RS,Senate,2016-02-19,Senate Third Reading Passed - No Amendments,8
HB16-1245,2016,RS,House,2016-02-25,Signed by the Speaker of the House,9
HB16-1245,2016,RS,Senate,2016-03-01,Signed by the President of the Senate,10
HB16-1245,2016,RS,Governor,2016-03-01,Sent to the Governor,11
HB16-1245,2016,RS,Governor,2016-03-11,Governor Signed,12
HB16-1246,2016,RS,House,2016-02-08,Introduced In House - Assigned to Appropriations,1
HB16-1246,2016,RS,House,2016-02-09,House Committee on Appropriations Refer Unamended to House Committee of the Whole,2
HB16-1246,2016,RS,House,2016-02-10,House Second Reading Passed - No Amendments,3
HB16-1246,2016,RS,House,2016-02-11,House Third Reading Passed - No Amendments,4
HB16-1246,2016,RS,Senate,2016-02-12,Introduced In Senate - Assigned to Appropriations,5
HB16-1246,2016,RS,Senate,2016-02-17,Senate Committee on Appropriations Refer Unamended - Consent Calendar to Senate Committee of the Whole,6
HB16-1246,2016,RS,Senate,2016-02-18,Senate Second Reading Special Order - Passed - No Amendments,7
HB16-1246,2016,RS,Senate,2016-02-19,Senate Third Reading Passed - No Amendments,8
HB16-1246,2016,RS,House,2016-02-25,Signed by the Speaker of the House,9
HB16-1246,2016,RS,Senate,2016-03-01,Signed by the President of the Senate,10
HB16-1246,2016,RS,Governor,2016-03-01,Sent to the Governor,11
HB16-1246,2016,RS,Governor,2016-03-11,Governor Signed,12
HB16-1247,2016,RS,House,2016-02-08,Introduced In House - Assigned to Appropriations,1
HB16-1247,2016,RS,House,2016-02-09,House Committee on Appropriations Refer Unamended to House Committee of the Whole,2
HB16-1247,2016,RS,House,2016-02-10,House Second Reading Passed - No Amendments,3
HB16-1247,2016,RS,House,2016-02-11,House Third Reading Passed - No Amendments,4
HB16-1247,2016,RS,Senate,2016-02-12,Introduced In Senate - Assigned to Appropriations,5
HB16-1247,2016,RS,Senate,2016-03-18,Senate Committee on Appropriations Refer Unamended to Senate Committee of the Whole,6
HB16-1247,2016,RS,Senate,2016-03-22,Senate Second Reading Passed - No Amendments,7
HB16-1247,2016,RS,Senate,2016-03-24,Senate Third Reading Passed - No Amendments,8
HB16-1247,2016,RS,Senate,2016-04-04,Signed by the President of the Senate,9
HB16-1247,2016,RS,House,2016-04-04,Signed by the Speaker of the House,10
HB16-1247,2016,RS,Governor,2016-04-05,Sent to the Governor,11
HB16-1247,2016,RS,Governor,2016-04-14,Governor Signed,12
HB16-1248,2016,RS,House,2016-02-08,Introduced In House - Assigned to Appropriations,1
HB16-1248,2016,RS,House,2016-02-09,House Committee on Appropriations Refer Unamended to House Committee of the Whole,2
HB16-1248,2016,RS,House,2016-02-10,House Second Reading Passed - No Amendments,3
HB16-1248,2016,RS,House,2016-02-11,House Third Reading Passed - No Amendments,4
HB16-1248,2016,RS,Senate,2016-02-12,Introduced In Senate - Assigned to,5
HB16-1248,2016,RS,Senate,2016-02-17,Senate Committee on Appropriations Refer Unamended - Consent Calendar to Senate Committee of the Whole,6
HB16-1248,2016,RS,Senate,2016-02-18,Senate Second Reading Special Order - Passed - No Amendments,7
HB16-1248,2016,RS,Senate,2016-02-19,Senate Third Reading Passed - No Amendments,8
HB16-1248,2016,RS,House,2016-02-25,Signed by the Speaker of the House,9
HB16-1248,2016,RS,Senate,2016-03-01,Signed by the President of the Senate,10
HB16-1248,2016,RS,Governor,2016-03-01,Sent to the Governor,11
HB16-1248,2016,RS,Governor,2016-03-11,Governor Signed,12
HB16-1249,2016,RS,House,2016-02-08,Introduced In House - Assigned to Appropriations,1
HB16-1249,2016,RS,House,2016-02-09,House Committee on Appropriations Refer Unamended to House Committee of the Whole,2
HB16-1249,2016,RS,House,2016-02-10,House Second Reading Passed - No Amendments,3
HB16-1249,2016,RS,House,2016-02-11,House Third Reading Passed - No Amendments,4
HB16-1249,2016,RS,Senate,2016-02-12,Introduced In Senate - Assigned to Appropriations,5
HB16-1249,2016,RS,Senate,2016-02-17,Senate Committee on Appropriations Refer Unamended - Consent Calendar to Senate Committee of the Whole,6
HB16-1249,2016,RS,Senate,2016-02-18,Senate Second Reading Special Order - Passed - No Amendments,7
HB16-1249,2016,RS,Senate,2016-02-19,Senate Third Reading Passed - No Amendments,8
HB16-1249,2016,RS,House,2016-02-25,Signed by the Speaker of the House,9
HB16-1249,2016,RS,Senate,2016-03-01,Signed by the President of the Senate,10
HB16-1249,2016,RS,Governor,2016-03-01,Sent to the Governor,11
HB16-1249,2016,RS,Governor,2016-03-11,Governor Signed,12
HB16-1250,2016,RS,House,2016-02-08,Introduced In House - Assigned to Appropriations,1
HB16-1250,2016,RS,House,2016-02-09,House Committee on Appropriations Refer Unamended to House Committee of the Whole,2
HB16-1250,2016,RS,House,2016-02-10,House Second Reading Passed - No Amendments,3
HB16-1250,2016,RS,House,2016-02-11,House Third Reading Passed - No Amendments,4
HB16-1250,2016,RS,Senate,2016-02-12,Introduced In Senate - Assigned to Appropriations,5
HB16-1250,2016,RS,Senate,2016-02-17,Senate Committee on Appropriations Refer Unamended - Consent Calendar to Senate Committee of the Whole,6
HB16-1250,2016,RS,Senate,2016-02-18,Senate Second Reading Special Order - Passed - No Amendments,7
HB16-1250,2016,RS,Senate,2016-02-19,Senate Third Reading Passed - No Amendments,8
HB16-1250,2016,RS,House,2016-02-25,Signed by the Speaker of the House,9
HB16-1250,2016,RS,Senate,2016-03-01,Signed by the President of the Senate,10
HB16-1250,2016,RS,Governor,2016-03-01,Sent to the Governor,11
HB16-1250,2016,RS,Governor,2016-03-11,Governor Signed,12
HB16-1251,2016,RS,House,2016-02-08,Introduced In House - Assigned to Appropriations,1
HB16-1251,2016,RS,House,2016-02-09,House Committee on Appropriations Refer Unamended to House Committee of the Whole,2
HB16-1251,2016,RS,House,2016-02-10,House Second Reading Passed - No Amendments,3
HB16-1251,2016,RS,House,2016-02-11,House Third Reading Passed - No Amendments,4
HB16-1251,2016,RS,Senate,2016-02-12,Introduced In Senate - Assigned to Appropriations,5
HB16-1251,2016,RS,Senate,2016-02-17,Senate Committee on Appropriations Refer Unamended - Consent Calendar to Senate Committee of the Whole,6
HB16-1251,2016,RS,Senate,2016-02-18,Senate Second Reading Special Order - Passed - No Amendments,7
HB16-1251,2016,RS,Senate,2016-02-19,Senate Third Reading Passed - No Amendments,8
HB16-1251,2016,RS,House,2016-02-25,Signed by the Speaker of the House,9
HB16-1251,2016,RS,Senate,2016-03-01,Signed by the President of the Senate,10
HB16-1251,2016,RS,Governor,2016-03-01,Sent to the Governor,11
HB16-1251,2016,RS,Governor,2016-03-11,Governor Signed,12
HB16-1252,2016,RS,House,2016-02-08,Introduced In House - Assigned to Appropriations,1
HB16-1252,2016,RS,House,2016-02-09,House Committee on Appropriations Refer Unamended to House Committee of the Whole,2
HB16-1252,2016,RS,House,2016-02-10,House Second Reading Passed - No Amendments,3
HB16-1252,2016,RS,House,2016-02-11,House Third Reading Passed - No Amendments,4
HB16-1252,2016,RS,Senate,2016-02-12,Introduced In Senate - Assigned to Appropriations,5
HB16-1252,2016,RS,Senate,2016-02-17,Senate Committee on Appropriations Refer Unamended - Consent Calendar to Senate Committee of the Whole,6
HB16-1252,2016,RS,Senate,2016-02-18,Senate Second Reading Special Order - Passed - No Amendments,7
HB16-1252,2016,RS,Senate,2016-02-19,Senate Third Reading Passed - No Amendments,8
HB16-1252,2016,RS,House,2016-02-25,Signed by the Speaker of the House,9
HB16-1252,2016,RS,Senate,2016-03-01,Signed by the President of the Senate,10
HB16-1252,2016,RS,Governor,2016-03-01,Sent to the Governor,11
HB16-1252,2016,RS,Governor,2016-03-11,Governor Signed,12
HB16-1253,2016,RS,House,2016-02-08,Introduced In House - Assigned to Appropriations,1
HB16-1253,2016,RS,House,2016-02-09,House Committee on Appropriations Refer Unamended to House Committee of the Whole,2
HB16-1253,2016,RS,House,2016-02-10,House Second Reading Passed - No Amendments,3
HB16-1253,2016,RS,House,2016-02-11,House Third Reading Passed - No Amendments,4
HB16-1253,2016,RS,Senate,2016-02-12,Introduced In Senate - Assigned to Appropriations,5
HB16-1253,2016,RS,Senate,2016-02-17,Senate Committee on Appropriations Refer Unamended to Senate Committee of the Whole,6
HB16-1253,2016,RS,Senate,2016-02-18,Senate Second Reading Special Order - Passed - No Amendments,7
HB16-1253,2016,RS,Senate,2016-02-19,Senate Third Reading Passed - No Amendments,8
HB16-1253,2016,RS,House,2016-02-25,Signed by the Speaker of the House,9
HB16-1253,2016,RS,Senate,2016-03-01,Signed by the President of the Senate,10
HB16-1253,2016,RS,Governor,2016-03-01,Sent to the Governor,11
HB16-1253,2016,RS,Governor,2016-03-09,Governor Signed,12
HB16-1254,2016,RS,House,2016-02-08,Introduced In House - Assigned to Appropriations,1
HB16-1254,2016,RS,House,2016-02-09,House Committee on Appropriations Refer Unamended to House Committee of the Whole,2
HB16-1254,2016,RS,House,2016-02-10,House Second Reading Passed - No Amendments,3
HB16-1254,2016,RS,House,2016-02-11,House Third Reading Passed - No Amendments,4
HB16-1254,2016,RS,Senate,2016-02-12,Introduced In Senate - Assigned to Appropriations,5
HB16-1254,2016,RS,Senate,2016-02-17,Senate Committee on Appropriations Refer Unamended to Senate Committee of the Whole,6
HB16-1254,2016,RS,Senate,2016-02-18,Senate Second Reading Special Order - Passed - No Amendments,7
HB16-1254,2016,RS,Senate,2016-02-19,Senate Third Reading Passed - No Amendments,8
HB16-1254,2016,RS,House,2016-02-25,Signed by the Speaker of the House,9
HB16-1254,2016,RS,Senate,2016-03-01,Signed by the President of the Senate,10
HB16-1254,2016,RS,Governor,2016-03-01,Sent to the Governor,11
HB16-1254,2016,RS,Governor,2016-03-09,Governor Signed,12
HB16-1255,2016,RS,House,2016-02-08,"Introduced In House - Assigned to Agriculture, Livestock, & Natural Resources",1
HB16-1255,2016,RS,House,2016-02-29,"House Committee on Agriculture, Livestock, & Natural Resources Refer Amended to House Committee of the Whole",2
HB16-1255,2016,RS,House,2016-03-02,House Second Reading Passed with Amendments - Committee,3
HB16-1255,2016,RS,House,2016-03-04,House Third Reading Laid Over to 03/08/2016 - No Amendments,4
HB16-1255,2016,RS,House,2016-03-08,House Third Reading Passed - No Amendments,5
HB16-1255,2016,RS,Senate,2016-03-09,"Introduced In Senate - Assigned to Agriculture, Natural Resources, & Energy",6
HB16-1255,2016,RS,Senate,2016-03-24,"Senate Committee on Agriculture, Natural Resources, & Energy Refer Amended to Senate Committee of the Whole",7
HB16-1255,2016,RS,Senate,2016-03-29,Senate Second Reading Special Order - Passed with Amendments - Committee,8
HB16-1255,2016,RS,Senate,2016-03-30,Senate Third Reading Passed - No Amendments,9
HB16-1255,2016,RS,House,2016-04-01,House Considered Senate Amendments - Result was to Concur - Repass,10
HB16-1255,2016,RS,House,2016-04-01,House Considered Senate Amendments - Result was to Laid Over Daily,11
HB16-1255,2016,RS,House,2016-04-07,Signed by the Speaker of the House,12
HB16-1255,2016,RS,Senate,2016-04-11,Signed by the President of the Senate,13
HB16-1255,2016,RS,Governor,2016-04-11,Sent to the Governor,14
HB16-1255,2016,RS,Governor,2016-04-21,Governor Signed,15
HB16-1256,2016,RS,House,2016-02-08,"Introduced In House - Assigned to Agriculture, Livestock, & Natural Resources + Appropriations",1
HB16-1256,2016,RS,House,2016-03-07,"House Committee on Agriculture, Livestock, & Natural Resources Refer Amended to Appropriations",2
HB16-1256,2016,RS,House,2016-04-07,House Committee on Appropriations Refer Amended to House Committee of the Whole,3
HB16-1256,2016,RS,House,2016-04-11,House Second Reading Laid Over Daily - No Amendments,4
HB16-1256,2016,RS,House,2016-04-12,"House Second Reading Passed with Amendments - Committee, Floor",5
HB16-1256,2016,RS,House,2016-04-14,House Third Reading Passed - No Amendments,6
HB16-1256,2016,RS,Senate,2016-04-14,"Introduced In Senate - Assigned to Agriculture, Natural Resources, & Energy",7
HB16-1256,2016,RS,Senate,2016-04-21,"Senate Committee on Agriculture, Natural Resources, & Energy Refer Amended to Appropriations",8
HB16-1256,2016,RS,Senate,2016-04-27,Senate Committee on Appropriations Refer Unamended to Senate Committee of the Whole,9
HB16-1256,2016,RS,Senate,2016-04-28,Senate Second Reading Special Order - Passed with Amendments - Committee,10
HB16-1256,2016,RS,Senate,2016-04-29,Senate Third Reading Passed - No Amendments,11
HB16-1256,2016,RS,House,2016-05-03,House Considered Senate Amendments - Result was to Concur - Repass,12
HB16-1256,2016,RS,House,2016-05-03,House Considered Senate Amendments - Result was to Laid Over Daily,13
HB16-1256,2016,RS,House,2016-05-11,Signed by the Speaker of the House,14
HB16-1256,2016,RS,Senate,2016-05-11,Signed by the President of the Senate,15
HB16-1256,2016,RS,Governor,2016-05-12,Sent to the Governor,16
HB16-1256,2016,RS,Governor,2016-06-06,Governor Signed,17
HB16-1257,2016,RS,House,2016-02-10,Introduced In House - Assigned to Legal Services,1
HB16-1257,2016,RS,House,2016-03-04,House Committee on Legal Services Refer Unamended to House Committee of the Whole,2
HB16-1257,2016,RS,House,2016-03-14,House Second Reading Laid Over to 03/16/2016 - No Amendments,3
HB16-1257,2016,RS,House,2016-03-16,House Second Reading Re-referred to Legal Services - No Amendments,4
HB16-1257,2016,RS,House,2016-04-22,House Second Reading Special Order - Passed with Amendments - Floor,5
HB16-1257,2016,RS,House,2016-04-25,House Third Reading Passed - No Amendments,6
HB16-1257,2016,RS,Senate,2016-04-25,Introduced In Senate - Assigned to Legal Services,7
HB16-1257,2016,RS,Senate,2016-04-29,Senate Committee on Legal Services Refer Unamended - Consent Calendar to Senate Committee of the Whole,8
HB16-1257,2016,RS,Senate,2016-05-02,Senate Second Reading Special Order - Passed - No Amendments,9
HB16-1257,2016,RS,Senate,2016-05-03,Senate Third Reading Passed - No Amendments,10
HB16-1257,2016,RS,House,2016-05-05,Signed by the Speaker of the House,11
HB16-1257,2016,RS,Senate,2016-05-05,Signed by the President of the Senate,12
HB16-1257,2016,RS,Governor,2016-05-05,Sent to the Governor,13
HB16-1257,2016,RS,Governor,2016-05-09,Governor Signed,14
HB16-1258,2016,RS,House,2016-02-10,Introduced In House - Assigned to Judiciary,1
HB16-1258,2016,RS,House,2016-03-15,House Committee on Judiciary Refer Unamended to House Committee of the Whole,2
HB16-1258,2016,RS,House,2016-03-16,House Second Reading Laid Over to 03/21/2016 - No Amendments,3
HB16-1258,2016,RS,House,2016-03-21,House Second Reading Passed - No Amendments,4
HB16-1258,2016,RS,House,2016-03-22,House Third Reading Passed - No Amendments,5
HB16-1258,2016,RS,Senate,2016-03-22,Introduced In Senate - Assigned to Local Government,6
HB16-1258,2016,RS,Senate,2016-03-24,Senate Committee on Local Government Refer Amended - Consent Calendar to Senate Committee of the Whole,7
HB16-1258,2016,RS,Senate,2016-03-29,Senate Second Reading Special Order - Passed with Amendments - Committee,8
HB16-1258,2016,RS,Senate,2016-03-30,Senate Third Reading Passed - No Amendments,9
HB16-1258,2016,RS,House,2016-04-01,House Considered Senate Amendments - Result was to Concur - Repass,10
HB16-1258,2016,RS,House,2016-04-01,House Considered Senate Amendments - Result was to Laid Over Daily,11
HB16-1258,2016,RS,House,2016-04-07,Signed by the Speaker of the House,12
HB16-1258,2016,RS,Senate,2016-04-11,Signed by the President of the Senate,13
HB16-1258,2016,RS,Governor,2016-04-11,Sent to the Governor,14
HB16-1258,2016,RS,Governor,2016-04-21,Governor Signed,15
HB16-1259,2016,RS,House,2016-02-10,Introduced In House - Assigned to Education,1
HB16-1259,2016,RS,House,2016-03-14,House Committee on Education Refer Amended to House Committee of the Whole,2
HB16-1259,2016,RS,House,2016-03-16,House Second Reading Passed with Amendments - Committee,3
HB16-1259,2016,RS,House,2016-03-17,House Third Reading Passed - No Amendments,4
HB16-1259,2016,RS,Senate,2016-03-17,Introduced In Senate - Assigned to Education,5
HB16-1259,2016,RS,Senate,2016-03-24,Senate Committee on Education Refer Unamended - Consent Calendar to Senate Committee of the Whole,6
HB16-1259,2016,RS,Senate,2016-03-29,Senate Second Reading Special Order - Passed - No Amendments,7
HB16-1259,2016,RS,Senate,2016-03-30,Senate Third Reading Passed - No Amendments,8
HB16-1259,2016,RS,House,2016-04-07,Signed by the Speaker of the House,9
HB16-1259,2016,RS,Senate,2016-04-11,Signed by the President of the Senate,10
HB16-1259,2016,RS,Governor,2016-04-11,Sent to the Governor,11
HB16-1259,2016,RS,Governor,2016-04-21,Governor Signed,12
HB16-1260,2016,RS,House,2016-02-10,Introduced In House - Assigned to Judiciary,1
HB16-1260,2016,RS,House,2016-02-11,House Committee on Judiciary Refer Unamended to House Committee of the Whole,2
HB16-1260,2016,RS,House,2016-02-16,House Second Reading Laid Over to 02/18/2016 - No Amendments,3
HB16-1260,2016,RS,House,2016-02-18,House Second Reading Passed - No Amendments,4
HB16-1260,2016,RS,House,2016-02-19,House Third Reading Passed - No Amendments,5
HB16-1260,2016,RS,Senate,2016-03-04,Introduced In Senate - Assigned to Judiciary,6
HB16-1260,2016,RS,Senate,2016-04-13,Senate Committee on Judiciary Refer Amended to Senate Committee of the Whole,7
HB16-1260,2016,RS,Senate,2016-04-18,Senate Second Reading Passed with Amendments - Committee,8
HB16-1260,2016,RS,Senate,2016-04-19,Senate Third Reading Passed - No Amendments,9
HB16-1260,2016,RS,House,2016-04-20,House Considered Senate Amendments - Result was to Laid Over Daily,10
HB16-1260,2016,RS,House,2016-04-20,House Considered Senate Amendments - Result was to Laid Over to 04/27/2016,11
HB16-1260,2016,RS,House,2016-04-29,House Considered Senate Amendments - Result was to Concur - Repass,12
HB16-1260,2016,RS,Senate,2016-05-10,Signed by the President of the Senate,13
HB16-1260,2016,RS,House,2016-05-10,Signed by the Speaker of the House,14
HB16-1260,2016,RS,Governor,2016-05-11,Sent to the Governor,15
HB16-1260,2016,RS,Governor,2016-06-10,Governor Signed,16
HB16-1261,2016,RS,House,2016-02-10,Introduced In House - Assigned to Finance,1
HB16-1261,2016,RS,House,2016-04-06,House Committee on Finance Refer Amended to Appropriations,2
HB16-1261,2016,RS,House,2016-04-15,House Committee on Appropriations Refer Amended to House Committee of the Whole,3
HB16-1261,2016,RS,House,2016-04-15,"House Second Reading Special Order - Passed with Amendments - Committee, Floor",4
HB16-1261,2016,RS,House,2016-04-18,House Third Reading Passed - No Amendments,5
HB16-1261,2016,RS,Senate,2016-04-18,"Introduced In Senate - Assigned to Business, Labor, & Technology",6
HB16-1261,2016,RS,Senate,2016-04-27,"Senate Committee on Business, Labor, & Technology Refer Unamended to Finance",7
HB16-1261,2016,RS,Senate,2016-05-03,Senate Committee on Finance Refer Unamended to Appropriations,8
HB16-1261,2016,RS,Senate,2016-05-05,Senate Committee on Appropriations Refer Unamended to Senate Committee of the Whole,9
HB16-1261,2016,RS,Senate,2016-05-05,Senate Second Reading Special Order - Passed - No Amendments,10
HB16-1261,2016,RS,Senate,2016-05-06,Senate Third Reading Passed - No Amendments,11
HB16-1261,2016,RS,House,2016-05-17,Signed by the Speaker of the House,12
HB16-1261,2016,RS,Senate,2016-05-17,Signed by the President of the Senate,13
HB16-1261,2016,RS,Governor,2016-05-18,Sent to the Governor,14
HB16-1261,2016,RS,Governor,2016-06-10,Governor Signed,15
HB16-1262,2016,RS,House,2016-02-12,Introduced In House - Assigned to Judiciary,1
HB16-1262,2016,RS,House,2016-03-10,House Committee on Judiciary Refer Amended to House Committee of the Whole,2
HB16-1262,2016,RS,House,2016-03-16,"House Second Reading Passed with Amendments - Committee, Floor",3
HB16-1262,2016,RS,House,2016-03-17,House Third Reading Passed - No Amendments,4
HB16-1262,2016,RS,Senate,2016-03-17,Introduced In Senate - Assigned to Judiciary,5
HB16-1262,2016,RS,Senate,2016-03-28,Senate Committee on Judiciary Refer Amended - Consent Calendar to Senate Committee of the Whole,6
HB16-1262,2016,RS,Senate,2016-03-30,Senate Second Reading Special Order - Passed with Amendments - Committee,7
HB16-1262,2016,RS,Senate,2016-03-31,Senate Third Reading Passed - No Amendments,8
HB16-1262,2016,RS,House,2016-04-01,House Considered Senate Amendments - Result was to Concur - Repass,9
HB16-1262,2016,RS,House,2016-05-05,Signed by the Speaker of the House,10
HB16-1262,2016,RS,Senate,2016-05-05,Signed by the President of the Senate,11
HB16-1262,2016,RS,Governor,2016-05-05,Sent to the Governor,12
HB16-1262,2016,RS,Governor,2016-06-10,Governor Signed,13
HB16-1263,2016,RS,House,2016-02-12,Introduced In House - Assigned to Judiciary,1
HB16-1263,2016,RS,House,2016-03-10,House Committee on Judiciary Refer Amended to House Committee of the Whole,2
HB16-1263,2016,RS,House,2016-03-16,"House Second Reading Passed with Amendments - Committee, Floor",3
HB16-1263,2016,RS,House,2016-03-17,House Third Reading Passed - No Amendments,4
HB16-1263,2016,RS,Senate,2016-03-17,Introduced In Senate - Assigned to Judiciary,5
HB16-1263,2016,RS,Senate,2016-03-28,Senate Committee on Judiciary Refer Amended to Senate Committee of the Whole,6
HB16-1263,2016,RS,Senate,2016-03-30,Senate Second Reading Special Order - Passed with Amendments - Committee,7
HB16-1263,2016,RS,Senate,2016-03-31,Senate Third Reading Passed - No Amendments,8
HB16-1263,2016,RS,House,2016-04-01,House Considered Senate Amendments - Result was to Concur - Repass,9
HB16-1263,2016,RS,House,2016-05-05,Signed by the Speaker of the House,10
HB16-1263,2016,RS,Senate,2016-05-05,Signed by the President of the Senate,11
HB16-1263,2016,RS,Governor,2016-05-05,Sent to the Governor,12
HB16-1263,2016,RS,Governor,2016-06-10,Governor Signed,13
HB16-1264,2016,RS,House,2016-02-12,Introduced In House - Assigned to Judiciary,1
HB16-1264,2016,RS,House,2016-03-10,House Committee on Judiciary Refer Amended to House Committee of the Whole,2
HB16-1264,2016,RS,House,2016-03-16,House Second Reading Passed with Amendments - Committee,3
HB16-1264,2016,RS,House,2016-03-17,House Third Reading Passed - No Amendments,4
HB16-1264,2016,RS,Senate,2016-03-17,Introduced In Senate - Assigned to Judiciary,5
HB16-1264,2016,RS,Senate,2016-03-28,Senate Committee on Judiciary Refer Amended to Senate Committee of the Whole,6
HB16-1264,2016,RS,Senate,2016-03-30,Senate Second Reading Special Order - Passed with Amendments - Committee,7
HB16-1264,2016,RS,Senate,2016-03-31,Senate Third Reading Passed - No Amendments,8
HB16-1264,2016,RS,House,2016-04-01,House Considered Senate Amendments - Result was to Concur - Repass,9
HB16-1264,2016,RS,House,2016-05-05,Signed by the Speaker of the House,10
HB16-1264,2016,RS,Senate,2016-05-05,Signed by the President of the Senate,11
HB16-1264,2016,RS,Governor,2016-05-05,Sent to the Governor,12
HB16-1264,2016,RS,Governor,2016-06-10,Governor Signed,13
HB16-1265,2016,RS,House,2016-02-12,Introduced In House - Assigned to Judiciary,1
HB16-1265,2016,RS,House,2016-03-10,House Committee on Judiciary Refer Amended to House Committee of the Whole,2
HB16-1265,2016,RS,House,2016-03-16,House Second Reading Passed with Amendments - Committee,3
HB16-1265,2016,RS,House,2016-03-17,House Third Reading Passed - No Amendments,4
HB16-1265,2016,RS,Senate,2016-03-17,Introduced In Senate - Assigned to Judiciary,5
HB16-1265,2016,RS,Senate,2016-03-28,Senate Committee on Judiciary Refer Unamended - Consent Calendar to Senate Committee of the Whole,6
HB16-1265,2016,RS,Senate,2016-03-30,Senate Second Reading Special Order - Passed - No Amendments,7
HB16-1265,2016,RS,Senate,2016-03-31,Senate Third Reading Passed - No Amendments,8
HB16-1265,2016,RS,House,2016-05-05,Signed by the Speaker of the House,9
HB16-1265,2016,RS,Senate,2016-05-05,Signed by the President of the Senate,10
HB16-1265,2016,RS,Governor,2016-05-05,Sent to the Governor,11
HB16-1265,2016,RS,Governor,2016-06-10,Governor Signed,12
HB16-1266,2016,RS,House,2016-02-12,Introduced In House - Assigned to Finance,1
HB16-1266,2016,RS,House,2016-03-09,House Committee on Finance Refer Amended to Appropriations,2
HB16-1266,2016,RS,House,2016-03-18,House Committee on Appropriations Refer Amended to House Committee of the Whole,3
HB16-1266,2016,RS,House,2016-03-21,House Second Reading Passed with Amendments - Committee,4
HB16-1266,2016,RS,House,2016-03-22,House Third Reading Passed - No Amendments,5
HB16-1266,2016,RS,Senate,2016-03-29,"Introduced In Senate - Assigned to State, Veterans, & Military Affairs",6
HB16-1266,2016,RS,Senate,2016-04-27,"Senate Committee on State, Veterans, & Military Affairs Postpone Indefinitely",7
HB16-1267,2016,RS,House,2016-02-17,Introduced In House - Assigned to Business Affairs and Labor,1
HB16-1267,2016,RS,House,2016-03-03,House Committee on Business Affairs and Labor Refer Amended to Appropriations,2
HB16-1267,2016,RS,House,2016-05-03,House Committee on Appropriations Refer Amended to House Committee of the Whole,3
HB16-1267,2016,RS,House,2016-05-03,"House Second Reading Special Order - Passed with Amendments - Committee, Floor",4
HB16-1267,2016,RS,House,2016-05-04,House Third Reading Passed - No Amendments,5
HB16-1267,2016,RS,Senate,2016-05-04,Introduced In Senate - Assigned to Finance,6
HB16-1267,2016,RS,Senate,2016-05-06,Senate Committee on Finance Refer Unamended to Appropriations,7
HB16-1267,2016,RS,Senate,2016-05-06,Senate Committee on Appropriations Refer Amended to Senate Committee of the Whole,8
HB16-1267,2016,RS,Senate,2016-05-06,"Senate Second Reading Special Order - Passed with Amendments - Committee, Floor",9
HB16-1267,2016,RS,Senate,2016-05-09,Senate Third Reading Passed - No Amendments,10
HB16-1267,2016,RS,House,2016-05-09,House Considered Senate Amendments - Result was to Concur - Repass,11
HB16-1267,2016,RS,House,2016-05-17,Signed by the Speaker of the House,12
HB16-1267,2016,RS,Senate,2016-05-17,Signed by the President of the Senate,13
HB16-1267,2016,RS,Governor,2016-05-18,Sent to the Governor,14
HB16-1267,2016,RS,Governor,2016-05-20,Governor Signed,15
HB16-1268,2016,RS,House,2016-02-17,Introduced In House - Assigned to Judiciary,1
HB16-1268,2016,RS,House,2016-03-17,House Committee on Judiciary Refer Unamended to House Committee of the Whole,2
HB16-1268,2016,RS,House,2016-03-21,House Second Reading Laid Over Daily - No Amendments,3
HB16-1268,2016,RS,House,2016-03-24,House Second Reading Passed - No Amendments,4
HB16-1268,2016,RS,House,2016-03-28,House Third Reading Passed - No Amendments,5
HB16-1268,2016,RS,Senate,2016-03-28,Introduced In Senate - Assigned to Judiciary,6
HB16-1268,2016,RS,Senate,2016-04-11,Senate Committee on Judiciary Refer Unamended to Senate Committee of the Whole,7
HB16-1268,2016,RS,Senate,2016-04-14,Senate Second Reading Passed with Amendments - Floor,8
HB16-1268,2016,RS,Senate,2016-04-15,Senate Third Reading Passed - No Amendments,9
HB16-1268,2016,RS,House,2016-04-18,House Considered Senate Amendments - Result was to Concur - Repass,10
HB16-1268,2016,RS,House,2016-04-26,Signed by the Speaker of the House,11
HB16-1268,2016,RS,Senate,2016-04-27,Signed by the President of the Senate,12
HB16-1268,2016,RS,Governor,2016-04-27,Sent to the Governor,13
HB16-1268,2016,RS,Governor,2016-05-04,Governor Signed,14
HB16-1269,2016,RS,House,2016-02-17,Introduced In House - Assigned to Finance,1
HB16-1269,2016,RS,House,2016-03-03,House Committee on Finance Refer Unamended to House Committee of the Whole,2
HB16-1269,2016,RS,House,2016-03-07,House Second Reading Passed - No Amendments,3
HB16-1269,2016,RS,House,2016-03-08,House Third Reading Laid Over to 03/09/2016 - No Amendments,4
HB16-1269,2016,RS,House,2016-03-08,House Third Reading Passed - No Amendments,5
HB16-1269,2016,RS,Senate,2016-03-09,Introduced In Senate - Assigned to Finance,6
HB16-1269,2016,RS,Senate,2016-03-22,Senate Committee on Finance Refer Unamended - Consent Calendar to Senate Committee of the Whole,7
HB16-1269,2016,RS,Senate,2016-03-28,Senate Second Reading Special Order - Passed - No Amendments,8
HB16-1269,2016,RS,Senate,2016-03-29,Senate Third Reading Passed - No Amendments,9
HB16-1269,2016,RS,House,2016-04-01,Signed by the Speaker of the House,10
HB16-1269,2016,RS,Senate,2016-04-04,Signed by the President of the Senate,11
HB16-1269,2016,RS,Governor,2016-04-05,Sent to the Governor,12
HB16-1269,2016,RS,Governor,2016-04-12,Governor Signed,13
HB16-1270,2016,RS,House,2016-02-17,Introduced In House - Assigned to Business Affairs and Labor,1
HB16-1270,2016,RS,House,2016-03-03,House Committee on Business Affairs and Labor Refer Amended to House Committee of the Whole,2
HB16-1270,2016,RS,House,2016-03-07,House Second Reading Passed with Amendments - Committee,3
HB16-1270,2016,RS,House,2016-03-08,House Third Reading Passed - No Amendments,4
HB16-1270,2016,RS,Senate,2016-03-09,"Introduced In Senate - Assigned to Business, Labor, & Technology",5
HB16-1270,2016,RS,Senate,2016-03-21,"Senate Committee on Business, Labor, & Technology Refer Unamended - Consent Calendar to Senate Committee of the Whole",6
HB16-1270,2016,RS,Senate,2016-03-24,Senate Second Reading Passed - No Amendments,7
HB16-1270,2016,RS,Senate,2016-03-28,Senate Third Reading Passed - No Amendments,8
HB16-1270,2016,RS,House,2016-04-07,Signed by the Speaker of the House,9
HB16-1270,2016,RS,Senate,2016-04-11,Signed by the President of the Senate,10
HB16-1270,2016,RS,Governor,2016-04-11,Sent to the Governor,11
HB16-1270,2016,RS,Governor,2016-04-21,Governor Signed,12
HB16-1271,2016,RS,House,2016-02-17,Introduced In House - Assigned to Business Affairs and Labor,1
HB16-1271,2016,RS,House,2016-03-10,House Committee on Business Affairs and Labor Refer Amended to House Committee of the Whole,2
HB16-1271,2016,RS,House,2016-03-15,House Second Reading Laid Over Daily - No Amendments,3
HB16-1271,2016,RS,House,2016-03-16,House Second Reading Passed with Amendments - Committee,4
HB16-1271,2016,RS,House,2016-03-17,House Third Reading Passed - No Amendments,5
HB16-1271,2016,RS,Senate,2016-03-17,"Introduced In Senate - Assigned to Business, Labor, & Technology",6
HB16-1271,2016,RS,Senate,2016-03-28,"Senate Committee on Business, Labor, & Technology Refer Unamended - Consent Calendar to Senate Committee of the Whole",7
HB16-1271,2016,RS,Senate,2016-03-30,Senate Second Reading Special Order - Passed - No Amendments,8
HB16-1271,2016,RS,Senate,2016-03-31,Senate Third Reading Passed - No Amendments,9
HB16-1271,2016,RS,House,2016-04-07,Signed by the Speaker of the House,10
HB16-1271,2016,RS,Senate,2016-04-11,Signed by the President of the Senate,11
HB16-1271,2016,RS,Governor,2016-04-11,Sent to the Governor,12
HB16-1271,2016,RS,Governor,2016-04-21,Governor Signed,13
HB16-1272,2016,RS,House,2016-02-17,Introduced In House - Assigned to Local Government,1
HB16-1272,2016,RS,House,2016-03-02,House Committee on Local Government Refer Amended to House Committee of the Whole,2
HB16-1272,2016,RS,House,2016-03-07,"House Second Reading Passed with Amendments - Committee, Floor",3
HB16-1272,2016,RS,House,2016-03-08,House Third Reading Passed - No Amendments,4
HB16-1272,2016,RS,Senate,2016-03-09,Introduced In Senate - Assigned to Local Government,5
HB16-1272,2016,RS,Senate,2016-03-15,Senate Committee on Local Government Refer Unamended to Senate Committee of the Whole,6
HB16-1272,2016,RS,Senate,2016-03-18,Senate Second Reading Passed - No Amendments,7
HB16-1272,2016,RS,Senate,2016-03-21,Senate Third Reading Passed - No Amendments,8
HB16-1272,2016,RS,House,2016-03-30,Signed by the Speaker of the House,9
HB16-1272,2016,RS,Senate,2016-04-04,Signed by the President of the Senate,10
HB16-1272,2016,RS,Governor,2016-04-05,Sent to the Governor,11
HB16-1272,2016,RS,Governor,2016-04-14,Governor Signed,12
HB16-1273,2016,RS,House,2016-02-17,Introduced In House - Assigned to Transportation & Energy,1
HB16-1273,2016,RS,House,2016-03-03,House Committee on Transportation & Energy Refer Amended to Appropriations,2
HB16-1273,2016,RS,House,2016-04-15,House Committee on Appropriations Refer Unamended to House Committee of the Whole,3
HB16-1273,2016,RS,House,2016-04-15,"House Second Reading Special Order - Passed with Amendments - Committee, Floor",4
HB16-1273,2016,RS,House,2016-04-19,House Third Reading Laid Over Daily - No Amendments,5
HB16-1273,2016,RS,House,2016-04-20,House Third Reading Passed with Amendments - Floor,6
HB16-1273,2016,RS,Senate,2016-04-20,"Introduced In Senate - Assigned to State, Veterans, & Military Affairs",7
HB16-1273,2016,RS,Senate,2016-04-27,"Senate Committee on State, Veterans, & Military Affairs Postpone Indefinitely",8
HB16-1274,2016,RS,House,2016-02-17,"Introduced In House - Assigned to State, Veterans, & Military Affairs",1
HB16-1274,2016,RS,House,2016-03-28,"House Committee on State, Veterans, & Military Affairs Refer Unamended to Finance",2
HB16-1274,2016,RS,House,2016-04-20,House Committee on Finance Refer Unamended to Appropriations,3
HB16-1274,2016,RS,House,2016-04-22,House Committee on Appropriations Refer Amended to House Committee of the Whole,4
HB16-1274,2016,RS,House,2016-04-22,House Second Reading Special Order - Passed with Amendments - Committee,5
HB16-1274,2016,RS,House,2016-04-25,House Third Reading Passed - No Amendments,6
HB16-1274,2016,RS,Senate,2016-04-25,"Introduced In Senate - Assigned to State, Veterans, & Military Affairs",7
HB16-1274,2016,RS,Senate,2016-05-04,"Senate Committee on State, Veterans, & Military Affairs Postpone Indefinitely",8
HB16-1275,2016,RS,House,2016-02-17,Introduced In House - Assigned to Finance,1
HB16-1275,2016,RS,House,2016-02-24,House Committee on Finance Refer Amended to Appropriations,2
HB16-1275,2016,RS,House,2016-03-04,House Committee on Appropriations Refer Unamended to House Committee of the Whole,3
HB16-1275,2016,RS,House,2016-03-07,House Third Reading Laid Over to 03/09/2016 - No Amendments,4
HB16-1275,2016,RS,House,2016-03-07,"House Second Reading Passed with Amendments - Committee, Floor",5
HB16-1275,2016,RS,House,2016-03-09,House Third Reading Passed - No Amendments,6
HB16-1275,2016,RS,Senate,2016-03-09,"Introduced In Senate - Assigned to State, Veterans, & Military Affairs",7
HB16-1275,2016,RS,Senate,2016-03-28,"Senate Committee on State, Veterans, & Military Affairs Postpone Indefinitely",8
HB16-1276,2016,RS,House,2016-02-18,"Introduced In House - Assigned to Agriculture, Livestock, & Natural Resources",1
HB16-1276,2016,RS,House,2016-04-06,"House Committee on Agriculture, Livestock, & Natural Resources Refer Unamended to House Committee of the Whole",2
HB16-1276,2016,RS,House,2016-04-11,House Second Reading Passed - No Amendments,3
HB16-1276,2016,RS,House,2016-04-12,House Third Reading Laid Over Daily - No Amendments,4
HB16-1276,2016,RS,House,2016-04-14,House Third Reading Passed - No Amendments,5
HB16-1276,2016,RS,Senate,2016-04-14,"Introduced In Senate - Assigned to Agriculture, Natural Resources, & Energy",6
HB16-1276,2016,RS,Senate,2016-04-21,"Senate Committee on Agriculture, Natural Resources, & Energy Refer Unamended - Consent Calendar to Senate Committee of the Whole",7
HB16-1276,2016,RS,Senate,2016-04-22,Senate Second Reading Special Order - Passed - No Amendments,8
HB16-1276,2016,RS,Senate,2016-04-25,Senate Third Reading Passed - No Amendments,9
HB16-1276,2016,RS,House,2016-05-05,Signed by the Speaker of the House,10
HB16-1276,2016,RS,Senate,2016-05-05,Signed by the President of the Senate,11
HB16-1276,2016,RS,Governor,2016-05-05,Sent to the Governor,12
HB16-1276,2016,RS,Governor,2016-05-17,Governor Signed,13
HB16-1277,2016,RS,House,2016-02-19,Introduced In House - Assigned to Public Health Care & Human Services,1
HB16-1277,2016,RS,House,2016-03-11,House Committee on Public Health Care & Human Services Refer Amended to Appropriations,2
HB16-1277,2016,RS,House,2016-04-15,House Committee on Appropriations Refer Amended to House Committee of the Whole,3
HB16-1277,2016,RS,House,2016-04-15,"House Second Reading Special Order - Passed with Amendments - Committee, Floor",4
HB16-1277,2016,RS,House,2016-04-18,House Third Reading Passed - No Amendments,5
HB16-1277,2016,RS,Senate,2016-04-18,Introduced In Senate - Assigned to Health & Human Services,6
HB16-1277,2016,RS,Senate,2016-04-28,Senate Committee on Health & Human Services Refer Unamended to Appropriations,7
HB16-1277,2016,RS,Senate,2016-05-03,Senate Committee on Appropriations Refer Amended to Senate Committee of the Whole,8
HB16-1277,2016,RS,Senate,2016-05-03,Senate Second Reading Special Order - Passed with Amendments - Committee,9
HB16-1277,2016,RS,Senate,2016-05-04,Senate Third Reading Passed - No Amendments,10
HB16-1277,2016,RS,House,2016-05-05,House Considered Senate Amendments - Result was to Concur - Repass,11
HB16-1277,2016,RS,House,2016-05-12,Signed by the Speaker of the House,12
HB16-1277,2016,RS,Senate,2016-05-13,Signed by the President of the Senate,13
HB16-1277,2016,RS,Governor,2016-05-13,Sent to the Governor,14
HB16-1277,2016,RS,Governor,2016-06-01,Governor Signed,15
HB16-1278,2016,RS,House,2016-02-19,Introduced In House - Assigned to Judiciary,1
HB16-1278,2016,RS,House,2016-03-17,House Committee on Judiciary Refer Unamended to House Committee of the Whole,2
HB16-1278,2016,RS,House,2016-03-21,House Second Reading Laid Over Daily - No Amendments,3
HB16-1278,2016,RS,House,2016-03-24,House Second Reading Passed - No Amendments,4
HB16-1278,2016,RS,House,2016-03-28,House Third Reading Passed - No Amendments,5
HB16-1278,2016,RS,Senate,2016-03-28,Introduced In Senate - Assigned to Judiciary,6
HB16-1278,2016,RS,Senate,2016-04-13,Senate Committee on Judiciary Refer Unamended - Consent Calendar to Senate Committee of the Whole,7
HB16-1278,2016,RS,Senate,2016-04-18,Senate Second Reading Passed - No Amendments,8
HB16-1278,2016,RS,Senate,2016-04-19,Senate Third Reading Passed - No Amendments,9
HB16-1278,2016,RS,House,2016-05-05,Signed by the Speaker of the House,10
HB16-1278,2016,RS,Senate,2016-05-05,Signed by the President of the Senate,11
HB16-1278,2016,RS,Governor,2016-05-05,Sent to the Governor,12
HB16-1278,2016,RS,Governor,2016-05-20,Governor Signed,13
HB16-1279,2016,RS,House,2016-02-19,Introduced In House - Assigned to Business Affairs and Labor,1
HB16-1279,2016,RS,House,2016-03-03,House Committee on Business Affairs and Labor Refer Amended to House Committee of the Whole,2
HB16-1279,2016,RS,House,2016-03-07,House Second Reading Passed with Amendments - Committee,3
HB16-1279,2016,RS,House,2016-03-10,House Third Reading Passed - No Amendments,4
HB16-1279,2016,RS,House,2016-03-10,House Third Reading Laid Over to 03/10/2016 - No Amendments,5
HB16-1279,2016,RS,Senate,2016-04-20,Introduced In Senate - Assigned to,6
HB16-1279,2016,RS,Senate,2016-05-02,"Senate Committee on State, Veterans, & Military Affairs Postpone Indefinitely",7
HB16-1280,2016,RS,House,2016-02-19,Introduced In House - Assigned to Transportation & Energy,1
HB16-1280,2016,RS,House,2016-03-02,House Committee on Transportation & Energy Refer Unamended to Finance,2
HB16-1280,2016,RS,House,2016-03-10,House Committee on Finance Refer Unamended to Appropriations,3
HB16-1280,2016,RS,House,2016-04-07,House Committee on Appropriations Refer Amended to House Committee of the Whole,4
HB16-1280,2016,RS,House,2016-04-11,House Second Reading Laid Over Daily - No Amendments,5
HB16-1280,2016,RS,House,2016-04-12,House Second Reading Passed with Amendments - Committee,6
HB16-1280,2016,RS,House,2016-04-14,House Third Reading Passed - No Amendments,7
HB16-1280,2016,RS,Senate,2016-04-14,Introduced In Senate - Assigned to Health & Human Services,8
HB16-1280,2016,RS,Senate,2016-04-20,Senate Committee on Health & Human Services Refer Unamended to Finance,9
HB16-1280,2016,RS,Senate,2016-04-26,Senate Committee on Finance Refer Unamended to Appropriations,10
HB16-1280,2016,RS,Senate,2016-04-29,Senate Committee on Appropriations Refer Unamended to Senate Committee of the Whole,11
HB16-1280,2016,RS,Senate,2016-04-29,Senate Second Reading Special Order - Passed - No Amendments,12
HB16-1280,2016,RS,Senate,2016-05-02,Senate Third Reading Passed - No Amendments,13
HB16-1280,2016,RS,House,2016-05-03,House Third Reading Laid Over Daily - No Amendments,14
HB16-1280,2016,RS,House,2016-05-05,Signed by the Speaker of the House,15
HB16-1280,2016,RS,Senate,2016-05-05,Signed by the President of the Senate,16
HB16-1280,2016,RS,Governor,2016-05-05,Sent to the Governor,17
HB16-1280,2016,RS,Governor,2016-06-01,Governor Signed,18
HB16-1281,2016,RS,House,2016-02-19,Introduced In House - Assigned to Finance,1
HB16-1281,2016,RS,House,2016-03-10,House Committee on Finance Refer Unamended to House Committee of the Whole,2
HB16-1281,2016,RS,House,2016-03-14,House Second Reading Laid Over to 03/16/2016 - No Amendments,3
HB16-1281,2016,RS,House,2016-03-16,House Second Reading Passed - No Amendments,4
HB16-1281,2016,RS,House,2016-03-17,House Third Reading Passed - No Amendments,5
HB16-1281,2016,RS,Senate,2016-03-17,Introduced In Senate - Assigned to Finance,6
HB16-1281,2016,RS,Senate,2016-03-24,Senate Committee on Finance Witness Testimony and/or Committee Discussion Only,7
HB16-1281,2016,RS,Senate,2016-04-28,Senate Committee on Finance Postpone Indefinitely,8
HB16-1282,2016,RS,House,2016-02-19,"Introduced In House - Assigned to State, Veterans, & Military Affairs",1
HB16-1282,2016,RS,House,2016-03-21,"House Committee on State, Veterans, & Military Affairs Refer Amended to Appropriations",2
HB16-1282,2016,RS,House,2016-04-07,House Committee on Appropriations Refer Amended to House Committee of the Whole,3
HB16-1282,2016,RS,House,2016-04-11,House Second Reading Laid Over Daily - No Amendments,4
HB16-1282,2016,RS,House,2016-04-12,House Second Reading Passed with Amendments - Committee,5
HB16-1282,2016,RS,House,2016-04-14,House Third Reading Passed - No Amendments,6
HB16-1282,2016,RS,Senate,2016-04-14,"Introduced In Senate - Assigned to State, Veterans, & Military Affairs",7
HB16-1282,2016,RS,Senate,2016-04-25,"Senate Committee on State, Veterans, & Military Affairs Refer Unamended to Appropriations",8
HB16-1282,2016,RS,Senate,2016-04-29,Senate Committee on Appropriations Refer Unamended - Consent Calendar to Senate Committee of the Whole,9
HB16-1282,2016,RS,Senate,2016-04-29,Senate Second Reading Special Order - Passed - No Amendments,10
HB16-1282,2016,RS,Senate,2016-05-02,Senate Third Reading Passed - No Amendments,11
HB16-1282,2016,RS,Senate,2016-05-10,Signed by the President of the Senate,12
HB16-1282,2016,RS,House,2016-05-10,Signed by the Speaker of the House,13
HB16-1282,2016,RS,Governor,2016-05-11,Sent to the Governor,14
HB16-1282,2016,RS,Governor,2016-06-08,Governor Signed,15
HB16-1283,2016,RS,House,2016-02-19,"Introduced In House - Assigned to Agriculture, Livestock, & Natural Resources",1
HB16-1283,2016,RS,House,2016-03-07,"House Committee on Agriculture, Livestock, & Natural Resources Lay Over Unamended - Amendment(s) Failed",2
HB16-1283,2016,RS,House,2016-04-04,"House Committee on Agriculture, Livestock, & Natural Resources Postpone Indefinitely",3
HB16-1284,2016,RS,House,2016-02-19,Introduced In House - Assigned to Business Affairs and Labor,1
HB16-1284,2016,RS,House,2016-02-23,House Committee on Business Affairs and Labor Refer Amended to House Committee of the Whole,2
HB16-1284,2016,RS,House,2016-02-25,"House Second Reading Passed with Amendments - Committee, Floor",3
HB16-1284,2016,RS,House,2016-02-26,House Third Reading Passed - No Amendments,4
HB16-1284,2016,RS,Senate,2016-02-29,Introduced In Senate - Assigned to Finance,5
HB16-1284,2016,RS,Senate,2016-03-03,Senate Committee on Finance Refer Amended to Senate Committee of the Whole,6
HB16-1284,2016,RS,Senate,2016-03-07,Senate Second Reading Laid Over Daily - No Amendments,7
HB16-1284,2016,RS,Senate,2016-03-08,Senate Second Reading Passed with Amendments - Committee,8
HB16-1284,2016,RS,Senate,2016-03-09,Senate Third Reading Passed - No Amendments,9
HB16-1284,2016,RS,House,2016-03-11,House Considered Senate Amendments - Result was to Concur - Repass,10
HB16-1284,2016,RS,House,2016-03-14,Signed by the Speaker of the House,11
HB16-1284,2016,RS,Senate,2016-03-15,Signed by the President of the Senate,12
HB16-1284,2016,RS,Governor,2016-03-15,Sent to the Governor,13
HB16-1284,2016,RS,Governor,2016-03-18,Governor Signed,14
HB16-1285,2016,RS,House,2016-02-19,Introduced In House - Assigned to,1
HB16-1285,2016,RS,House,2016-03-03,House Committee on Finance Refer Unamended to House Committee of the Whole,2
HB16-1285,2016,RS,House,2016-03-09,House Second Reading Laid Over to 03/14/2016 - No Amendments,3
HB16-1285,2016,RS,House,2016-03-14,House Second Reading Passed - No Amendments,4
HB16-1285,2016,RS,House,2016-03-15,House Third Reading Passed - No Amendments,5
HB16-1285,2016,RS,Senate,2016-04-18,"Introduced In Senate - Assigned to State, Veterans, & Military Affairs",6
HB16-1285,2016,RS,Senate,2016-04-25,"Senate Committee on State, Veterans, & Military Affairs Postpone Indefinitely",7
HB16-1286,2016,RS,House,2016-02-22,Introduced In House - Assigned to Finance,1
HB16-1286,2016,RS,House,2016-03-09,House Committee on Finance Refer Unamended to Appropriations,2
HB16-1286,2016,RS,House,2016-05-03,House Committee on Appropriations Refer Unamended to House Committee of the Whole,3
HB16-1286,2016,RS,House,2016-05-03,House Second Reading Special Order - Passed - No Amendments,4
HB16-1286,2016,RS,House,2016-05-04,House Third Reading Passed - No Amendments,5
HB16-1286,2016,RS,Senate,2016-05-04,Introduced In Senate - Assigned to Finance,6
HB16-1286,2016,RS,Senate,2016-05-05,Senate Committee on Finance Refer Unamended to Appropriations,7
HB16-1286,2016,RS,Senate,2016-05-05,Senate Committee on Appropriations Refer Unamended to Senate Committee of the Whole,8
HB16-1286,2016,RS,Senate,2016-05-05,Senate Second Reading Special Order - Passed - No Amendments,9
HB16-1286,2016,RS,Senate,2016-05-06,Senate Third Reading Passed - No Amendments,10
HB16-1286,2016,RS,House,2016-05-17,Signed by the Speaker of the House,11
HB16-1286,2016,RS,Senate,2016-05-17,Signed by the President of the Senate,12
HB16-1286,2016,RS,Governor,2016-05-18,Sent to the Governor,13
HB16-1286,2016,RS,Governor,2016-06-10,Governor Signed,14
HB16-1287,2016,RS,House,2016-02-24,Introduced In House - Assigned to Business Affairs and Labor,1
HB16-1287,2016,RS,House,2016-03-17,House Committee on Business Affairs and Labor Refer Amended to House Committee of the Whole,2
HB16-1287,2016,RS,House,2016-03-21,House Second Reading Laid Over Daily - No Amendments,3
HB16-1287,2016,RS,House,2016-03-24,House Second Reading Passed with Amendments - Committee,4
HB16-1287,2016,RS,House,2016-03-28,House Third Reading Passed - No Amendments,5
HB16-1287,2016,RS,Senate,2016-03-28,"Introduced In Senate - Assigned to Business, Labor, & Technology",6
HB16-1287,2016,RS,Senate,2016-04-18,"Senate Committee on Business, Labor, & Technology Refer Amended - Consent Calendar to Senate Committee of the Whole",7
HB16-1287,2016,RS,Senate,2016-04-21,Senate Second Reading Laid Over Daily - No Amendments,8
HB16-1287,2016,RS,Senate,2016-04-22,Senate Second Reading Passed with Amendments - Committee,9
HB16-1287,2016,RS,Senate,2016-04-25,Senate Third Reading Passed - No Amendments,10
HB16-1287,2016,RS,House,2016-04-29,House Considered Senate Amendments - Result was to Concur - Repass,11
HB16-1287,2016,RS,House,2016-04-29,House Considered Senate Amendments - Result was to Laid Over Daily,12
HB16-1287,2016,RS,Senate,2016-05-10,Signed by the President of the Senate,13
HB16-1287,2016,RS,House,2016-05-10,Signed by the Speaker of the House,14
HB16-1287,2016,RS,Governor,2016-05-11,Sent to the Governor,15
HB16-1287,2016,RS,Governor,2016-06-06,Governor Signed,16
HB16-1288,2016,RS,House,2016-02-24,Introduced In House - Assigned to Business Affairs and Labor,1
HB16-1288,2016,RS,House,2016-03-15,House Committee on Business Affairs and Labor Refer Amended to Finance,2
HB16-1288,2016,RS,House,2016-04-13,House Committee on Finance Refer Amended to Appropriations,3
HB16-1288,2016,RS,House,2016-04-22,House Committee on Appropriations Refer Amended to House Committee of the Whole,4
HB16-1288,2016,RS,House,2016-04-22,"House Second Reading Special Order - Passed with Amendments - Committee, Floor",5
HB16-1288,2016,RS,House,2016-04-25,House Third Reading Passed - No Amendments,6
HB16-1288,2016,RS,Senate,2016-04-25,"Introduced In Senate - Assigned to Business, Labor, & Technology",7
HB16-1288,2016,RS,Senate,2016-05-02,"Senate Committee on Business, Labor, & Technology Refer Amended to Finance",8
HB16-1288,2016,RS,Senate,2016-05-05,Senate Committee on Finance Refer Unamended to Appropriations,9
HB16-1288,2016,RS,Senate,2016-05-05,Senate Committee on Appropriations Refer Unamended to Senate Committee of the Whole,10
HB16-1288,2016,RS,Senate,2016-05-05,Senate Second Reading Special Order - Passed with Amendments - Committee,11
HB16-1288,2016,RS,Senate,2016-05-06,Senate Third Reading Passed - No Amendments,12
HB16-1288,2016,RS,House,2016-05-09,House Considered Senate Amendments - Result was to Concur - Repass,13
HB16-1288,2016,RS,House,2016-05-17,Signed by the Speaker of the House,14
HB16-1288,2016,RS,Senate,2016-05-18,Signed by the President of the Senate,15
HB16-1288,2016,RS,Governor,2016-05-18,Sent to the Governor,16
HB16-1288,2016,RS,Governor,2016-05-20,Governor Signed,17
HB16-1289,2016,RS,House,2016-02-24,Introduced In House - Assigned to Education,1
HB16-1289,2016,RS,House,2016-03-28,House Committee on Education Refer Amended to Appropriations,2
HB16-1289,2016,RS,House,2016-04-15,House Committee on Appropriations Refer Unamended to House Committee of the Whole,3
HB16-1289,2016,RS,House,2016-04-15,"House Second Reading Special Order - Passed with Amendments - Committee, Floor",4
HB16-1289,2016,RS,House,2016-04-18,House Third Reading Passed - No Amendments,5
HB16-1289,2016,RS,Senate,2016-04-18,Introduced In Senate - Assigned to Education,6
HB16-1289,2016,RS,Senate,2016-04-28,Senate Committee on Education Refer Unamended to Appropriations,7
HB16-1289,2016,RS,Senate,2016-05-05,Senate Committee on Appropriations Refer Unamended to Senate Committee of the Whole,8
HB16-1289,2016,RS,Senate,2016-05-05,Senate Second Reading Special Order - Passed - No Amendments,9
HB16-1289,2016,RS,Senate,2016-05-06,Senate Third Reading Passed - No Amendments,10
HB16-1289,2016,RS,House,2016-05-17,Signed by the Speaker of the House,11
HB16-1289,2016,RS,Governor,2016-05-18,Sent to the Governor,12
HB16-1289,2016,RS,Governor,2016-05-27,Governor Signed,13
HB16-1290,2016,RS,House,2016-02-24,Introduced In House - Assigned to Business Affairs and Labor,1
HB16-1290,2016,RS,House,2016-03-15,House Committee on Business Affairs and Labor Refer Unamended to Appropriations,2
HB16-1290,2016,RS,House,2016-04-15,House Committee on Appropriations Refer Amended to House Committee of the Whole,3
HB16-1290,2016,RS,House,2016-04-15,House Second Reading Special Order - Passed with Amendments - Committee,4
HB16-1290,2016,RS,House,2016-04-18,House Third Reading Passed - No Amendments,5
HB16-1290,2016,RS,Senate,2016-04-18,"Introduced In Senate - Assigned to Business, Labor, & Technology",6
HB16-1290,2016,RS,Senate,2016-04-27,"Senate Committee on Business, Labor, & Technology Refer Unamended to Appropriations",7
HB16-1290,2016,RS,Senate,2016-05-05,Senate Committee on Appropriations Refer Amended to Senate Committee of the Whole,8
HB16-1290,2016,RS,Senate,2016-05-05,Senate Second Reading Special Order - Passed with Amendments - Committee,9
HB16-1290,2016,RS,Senate,2016-05-06,Senate Third Reading Passed - No Amendments,10
HB16-1290,2016,RS,House,2016-05-09,House Considered Senate Amendments - Result was to Concur - Repass,11
HB16-1290,2016,RS,House,2016-05-17,Signed by the Speaker of the House,12
HB16-1290,2016,RS,Senate,2016-05-17,Signed by the President of the Senate,13
HB16-1290,2016,RS,Governor,2016-05-18,Sent to the Governor,14
HB16-1290,2016,RS,Governor,2016-05-20,Governor Signed,15
HB16-1291,2016,RS,House,2016-02-24,Introduced In House - Assigned to Education,1
HB16-1291,2016,RS,House,2016-03-28,House Committee on Education Refer Amended to Appropriations,2
HB16-1291,2016,RS,House,2016-04-15,House Committee on Appropriations Refer Amended to House Committee of the Whole,3
HB16-1291,2016,RS,House,2016-04-15,House Second Reading Special Order - Passed with Amendments - Committee,4
HB16-1291,2016,RS,House,2016-04-18,House Third Reading Passed - No Amendments,5
HB16-1291,2016,RS,Senate,2016-04-18,Introduced In Senate - Assigned to Education,6
HB16-1291,2016,RS,Senate,2016-04-28,Senate Committee on Education Refer Unamended to Appropriations,7
HB16-1291,2016,RS,Senate,2016-05-03,Senate Committee on Appropriations Postpone Indefinitely,8
HB16-1292,2016,RS,House,2016-02-24,Introduced In House - Assigned to Public Health Care & Human Services + Finance,1
HB16-1292,2016,RS,House,2016-03-15,House Committee on Public Health Care & Human Services Witness Testimony and/or Committee Discussion Only,2
HB16-1292,2016,RS,House,2016-03-18,House Committee on Public Health Care & Human Services Refer Unamended to Finance,3
HB16-1292,2016,RS,House,2016-04-13,House Committee on Finance Postpone Indefinitely,4
HB16-1293,2016,RS,House,2016-02-24,Introduced In House - Assigned to Transportation & Energy,1
HB16-1293,2016,RS,House,2016-03-16,House Committee on Transportation & Energy Refer Amended to Appropriations,2
HB16-1293,2016,RS,House,2016-04-07,House Committee on Appropriations Refer Amended to House Committee of the Whole,3
HB16-1293,2016,RS,House,2016-04-11,House Second Reading Laid Over Daily - No Amendments,4
HB16-1293,2016,RS,House,2016-04-12,"House Second Reading Passed with Amendments - Committee, Floor",5
HB16-1293,2016,RS,House,2016-04-14,House Third Reading Passed - No Amendments,6
HB16-1293,2016,RS,Senate,2016-04-14,"Introduced In Senate - Assigned to State, Veterans, & Military Affairs",7
HB16-1293,2016,RS,Senate,2016-04-27,"Senate Committee on State, Veterans, & Military Affairs Postpone Indefinitely",8
HB16-1294,2016,RS,House,2016-02-24,"Introduced In House - Assigned to Health, Insurance, & Environment",1
HB16-1294,2016,RS,House,2016-03-17,"House Committee on Health, Insurance, & Environment Refer Amended to House Committee of the Whole",2
HB16-1294,2016,RS,House,2016-03-21,House Second Reading Laid Over Daily - No Amendments,3
HB16-1294,2016,RS,House,2016-03-28,House Second Reading Passed with Amendments - Committee,4
HB16-1294,2016,RS,House,2016-03-29,House Third Reading Passed - No Amendments,5
HB16-1294,2016,RS,Senate,2016-03-29,"Introduced In Senate - Assigned to State, Veterans, & Military Affairs",6
HB16-1294,2016,RS,Senate,2016-04-11,"Senate Committee on State, Veterans, & Military Affairs Postpone Indefinitely",7
HB16-1295,2016,RS,House,2016-02-26,Introduced In House - Assigned to Transportation & Energy + Finance,1
HB16-1295,2016,RS,House,2016-03-09,House Committee on Transportation & Energy Refer Amended to Finance,2
HB16-1295,2016,RS,House,2016-03-17,House Committee on Finance Refer Amended to Appropriations,3
HB16-1295,2016,RS,House,2016-04-07,House Committee on Appropriations Refer Amended to House Committee of the Whole,4
HB16-1295,2016,RS,House,2016-04-11,House Second Reading Laid Over Daily - No Amendments,5
HB16-1295,2016,RS,House,2016-04-12,House Second Reading Passed with Amendments - Committee,6
HB16-1295,2016,RS,House,2016-04-14,House Third Reading Passed - No Amendments,7
HB16-1295,2016,RS,Senate,2016-04-14,"Introduced In Senate - Assigned to State, Veterans, & Military Affairs",8
HB16-1295,2016,RS,Senate,2016-04-20,"Senate Committee on State, Veterans, & Military Affairs Refer Unamended to Finance",9
HB16-1295,2016,RS,Senate,2016-05-03,Senate Committee on Finance Postpone Indefinitely,10
HB16-1296,2016,RS,House,2016-02-26,Introduced In House - Assigned to Transportation & Energy,1
HB16-1296,2016,RS,House,2016-03-16,House Committee on Transportation & Energy Refer Unamended to House Committee of the Whole,2
HB16-1296,2016,RS,House,2016-03-21,House Second Reading Laid Over to 03/23/2016 - No Amendments,3
HB16-1296,2016,RS,House,2016-03-24,House Second Reading Passed with Amendments - Floor,4
HB16-1296,2016,RS,House,2016-03-28,House Third Reading Passed - No Amendments,5
HB16-1296,2016,RS,Senate,2016-03-29,"Introduced In Senate - Assigned to State, Veterans, & Military Affairs",6
HB16-1296,2016,RS,Senate,2016-04-13,"Senate Committee on State, Veterans, & Military Affairs Postpone Indefinitely",7
HB16-1297,2016,RS,House,2016-02-26,Introduced In House - Assigned to Finance,1
HB16-1297,2016,RS,House,2016-03-09,House Committee on Finance Refer Amended to House Committee of the Whole,2
HB16-1297,2016,RS,House,2016-03-15,House Second Reading Passed with Amendments - Committee,3
HB16-1297,2016,RS,House,2016-03-16,House Third Reading Passed - No Amendments,4
HB16-1297,2016,RS,Senate,2016-03-17,Introduced In Senate - Assigned to Finance,5
HB16-1297,2016,RS,Senate,2016-03-22,Senate Committee on Finance Refer Unamended to Senate Committee of the Whole,6
HB16-1297,2016,RS,Senate,2016-03-28,Senate Second Reading Special Order - Passed - No Amendments,7
HB16-1297,2016,RS,Senate,2016-03-29,Senate Third Reading Passed - No Amendments,8
HB16-1297,2016,RS,House,2016-04-07,Signed by the Speaker of the House,9
HB16-1297,2016,RS,Governor,2016-04-11,Sent to the Governor,10
HB16-1297,2016,RS,Senate,2016-04-11,Signed by the President of the Senate,11
HB16-1297,2016,RS,Governor,2016-04-14,Governor Signed,12
HB16-1298,2016,RS,House,2016-02-26,Introduced In House - Assigned to Transportation & Energy,1
HB16-1298,2016,RS,House,2016-03-16,House Committee on Transportation & Energy Refer Unamended to House Committee of the Whole,2
HB16-1298,2016,RS,House,2016-03-21,House Second Reading Passed - No Amendments,3
HB16-1298,2016,RS,House,2016-03-22,House Third Reading Passed - No Amendments,4
HB16-1298,2016,RS,Senate,2016-03-22,Introduced In Senate - Assigned to Transportation,5
HB16-1298,2016,RS,Senate,2016-04-12,Senate Committee on Transportation Refer Unamended - Consent Calendar to Senate Committee of the Whole,6
HB16-1298,2016,RS,Senate,2016-04-18,Senate Second Reading Passed - No Amendments,7
HB16-1298,2016,RS,Senate,2016-04-19,Senate Third Reading Passed - No Amendments,8
HB16-1298,2016,RS,House,2016-04-26,Signed by the Speaker of the House,9
HB16-1298,2016,RS,Senate,2016-04-27,Signed by the President of the Senate,10
HB16-1298,2016,RS,Governor,2016-04-27,Sent to the Governor,11
HB16-1298,2016,RS,Governor,2016-05-04,Governor Signed,12
HB16-1299,2016,RS,House,2016-02-26,"Introduced In House - Assigned to State, Veterans, & Military Affairs",1
HB16-1299,2016,RS,House,2016-03-28,"House Committee on State, Veterans, & Military Affairs Postpone Indefinitely",2
HB16-1300,2016,RS,House,2016-02-26,"Introduced In House - Assigned to State, Veterans, & Military Affairs",1
HB16-1300,2016,RS,House,2016-04-04,"House Committee on State, Veterans, & Military Affairs Refer Amended to Appropriations",2
HB16-1300,2016,RS,House,2016-04-15,House Committee on Appropriations Refer Unamended to House Committee of the Whole,3
HB16-1300,2016,RS,House,2016-04-15,House Second Reading Special Order - Passed with Amendments - Committee,4
HB16-1300,2016,RS,House,2016-04-18,House Third Reading Passed - No Amendments,5
HB16-1300,2016,RS,Senate,2016-04-18,"Introduced In Senate - Assigned to State, Veterans, & Military Affairs",6
HB16-1300,2016,RS,Senate,2016-04-27,"Senate Committee on State, Veterans, & Military Affairs Postpone Indefinitely",7
HB16-1301,2016,RS,House,2016-02-26,Introduced In House - Assigned to Finance,1
HB16-1301,2016,RS,House,2016-03-09,House Committee on Finance Refer Amended to Appropriations,2
HB16-1301,2016,RS,House,2016-04-15,House Committee on Appropriations Refer Amended to House Committee of the Whole,3
HB16-1301,2016,RS,House,2016-04-15,"House Second Reading Special Order - Passed with Amendments - Committee, Floor",4
HB16-1301,2016,RS,House,2016-04-18,House Third Reading Passed - No Amendments,5
HB16-1301,2016,RS,Senate,2016-04-18,Introduced In Senate - Assigned to Finance,6
HB16-1301,2016,RS,Senate,2016-05-06,Senate Committee on Finance Postpone Indefinitely,7
HB16-1302,2016,RS,House,2016-02-26,Introduced In House - Assigned to Business Affairs and Labor,1
HB16-1302,2016,RS,House,2016-04-05,House Committee on Business Affairs and Labor Refer Amended to House Committee of the Whole,2
HB16-1302,2016,RS,House,2016-04-07,House Second Reading Passed with Amendments - Committee,3
HB16-1302,2016,RS,House,2016-04-08,House Third Reading Passed - No Amendments,4
HB16-1302,2016,RS,Senate,2016-04-11,"Introduced In Senate - Assigned to Business, Labor, & Technology",5
HB16-1302,2016,RS,Senate,2016-04-27,"Senate Committee on Business, Labor, & Technology Refer Amended to Senate Committee of the Whole",6
HB16-1302,2016,RS,Senate,2016-04-29,Senate Second Reading Special Order - Passed with Amendments - Committee,7
HB16-1302,2016,RS,Senate,2016-05-02,Senate Third Reading Passed - No Amendments,8
HB16-1302,2016,RS,House,2016-05-03,House Considered Senate Amendments - Result was to Concur - Repass,9
HB16-1302,2016,RS,House,2016-05-03,House Considered Senate Amendments - Result was to Laid Over Daily,10
HB16-1302,2016,RS,House,2016-05-17,Signed by the Speaker of the House,11
HB16-1302,2016,RS,Senate,2016-05-17,Signed by the President of the Senate,12
HB16-1302,2016,RS,Governor,2016-05-18,Sent to the Governor,13
HB16-1302,2016,RS,Governor,2016-05-19,Governor Signed,14
HB16-1303,2016,RS,House,2016-02-29,Introduced In House - Assigned to Local Government,1
HB16-1303,2016,RS,House,2016-04-06,House Committee on Local Government Refer Amended to House Committee of the Whole,2
HB16-1303,2016,RS,House,2016-04-18,House Second Reading Laid Over Daily - No Amendments,3
HB16-1303,2016,RS,House,2016-04-22,House Second Reading Special Order - Referred to Judiciary - No Amendments,4
HB16-1303,2016,RS,House,2016-05-03,House Committee on Judiciary Postpone Indefinitely,5
HB16-1304,2016,RS,House,2016-02-29,Introduced In House - Assigned to Transportation & Energy,1
HB16-1304,2016,RS,House,2016-04-13,House Committee on Transportation & Energy Refer Amended to Appropriations,2
HB16-1304,2016,RS,House,2016-04-22,House Committee on Appropriations Refer Unamended to House Committee of the Whole,3
HB16-1304,2016,RS,House,2016-04-22,House Second Reading Special Order - Passed with Amendments - Committee,4
HB16-1304,2016,RS,House,2016-04-25,House Third Reading Passed - No Amendments,5
HB16-1304,2016,RS,Senate,2016-04-25,"Introduced In Senate - Assigned to State, Veterans, & Military Affairs",6
HB16-1304,2016,RS,Senate,2016-05-04,"Senate Committee on State, Veterans, & Military Affairs Postpone Indefinitely",7
HB16-1305,2016,RS,House,2016-03-02,Introduced In House - Assigned to Education,1
HB16-1305,2016,RS,House,2016-04-13,House Committee on Education Refer Amended to House Committee of the Whole,2
HB16-1305,2016,RS,House,2016-04-15,House Second Reading Laid Over Daily - No Amendments,3
HB16-1305,2016,RS,House,2016-04-18,House Second Reading Passed with Amendments - Committee,4
HB16-1305,2016,RS,House,2016-04-19,House Third Reading Passed - No Amendments,5
HB16-1305,2016,RS,Senate,2016-04-19,Introduced In Senate - Assigned to Education,6
HB16-1305,2016,RS,Senate,2016-05-04,Senate Committee on Education Postpone Indefinitely,7
HB16-1306,2016,RS,House,2016-03-02,Introduced In House - Assigned to Business Affairs and Labor,1
HB16-1306,2016,RS,House,2016-03-08,House Committee on Business Affairs and Labor Refer Amended to House Committee of the Whole,2
HB16-1306,2016,RS,House,2016-03-14,House Second Reading Passed with Amendments - Committee,3
HB16-1306,2016,RS,House,2016-03-15,House Third Reading Passed - No Amendments,4
HB16-1306,2016,RS,Senate,2016-03-15,"Introduced In Senate - Assigned to Business, Labor, & Technology",5
HB16-1306,2016,RS,Senate,2016-03-29,"Senate Committee on Business, Labor, & Technology Refer Amended - Consent Calendar to Senate Committee of the Whole",6
HB16-1306,2016,RS,Senate,2016-03-31,Senate Second Reading Special Order - Passed with Amendments - Committee,7
HB16-1306,2016,RS,Senate,2016-04-01,Senate Third Reading Passed - No Amendments,8
HB16-1306,2016,RS,Senate,2016-04-05,House Considered Senate Amendments - Result was to Concur - Repass,9
HB16-1306,2016,RS,Senate,2016-04-05,House Considered Senate Amendments - Result was to Laid Over Daily,10
HB16-1306,2016,RS,House,2016-04-08,Signed by the Speaker of the House,11
HB16-1306,2016,RS,Senate,2016-04-11,Signed by the President of the Senate,12
HB16-1306,2016,RS,Governor,2016-04-11,Sent to the Governor,13
HB16-1306,2016,RS,Governor,2016-04-21,Governor Signed,14
HB16-1307,2016,RS,House,2016-03-02,Introduced In House - Assigned to Judiciary,1
HB16-1307,2016,RS,House,2016-04-07,House Committee on Judiciary Postpone Indefinitely,2
HB16-1308,2016,RS,House,2016-03-02,Introduced In House - Assigned to Judiciary,1
HB16-1308,2016,RS,House,2016-03-22,House Committee on Judiciary Refer Amended to House Committee of the Whole,2
HB16-1308,2016,RS,House,2016-03-28,House Second Reading Passed with Amendments - Committee,3
HB16-1308,2016,RS,House,2016-03-29,House Third Reading Passed - No Amendments,4
HB16-1308,2016,RS,Senate,2016-03-29,Introduced In Senate - Assigned to Judiciary,5
HB16-1308,2016,RS,Senate,2016-04-11,Senate Committee on Judiciary Postpone Indefinitely,6
HB16-1309,2016,RS,House,2016-03-02,Introduced In House - Assigned to Judiciary,1
HB16-1309,2016,RS,House,2016-03-24,House Committee on Judiciary Refer Unamended to House Committee of the Whole,2
HB16-1309,2016,RS,House,2016-03-31,House Second Reading Passed - No Amendments,3
HB16-1309,2016,RS,House,2016-04-01,House Third Reading Passed - No Amendments,4
HB16-1309,2016,RS,Senate,2016-04-01,"Introduced In Senate - Assigned to State, Veterans, & Military Affairs",5
HB16-1309,2016,RS,Senate,2016-04-13,"Senate Committee on State, Veterans, & Military Affairs Refer Amended to Finance",6
HB16-1309,2016,RS,Senate,2016-04-19,Senate Committee on Finance Refer Amended to Senate Committee of the Whole,7
HB16-1309,2016,RS,Senate,2016-04-22,Senate Second Reading Laid Over Daily - No Amendments,8
HB16-1309,2016,RS,Senate,2016-04-25,"Senate Second Reading Passed with Amendments - Committee, Floor",9
HB16-1309,2016,RS,Senate,2016-04-26,Senate Third Reading Passed - No Amendments,10
HB16-1309,2016,RS,Senate,2016-04-29,House Considered Senate Amendments - Result was to Concur - Repass,11
HB16-1309,2016,RS,Senate,2016-04-29,House Considered Senate Amendments - Result was to Laid Over Daily,12
HB16-1309,2016,RS,Senate,2016-05-10,Signed by the President of the Senate,13
HB16-1309,2016,RS,House,2016-05-10,Signed by the Speaker of the House,14
HB16-1309,2016,RS,Governor,2016-05-11,Sent to the Governor,15
HB16-1309,2016,RS,Governor,2016-06-10,Governor Became Law,16
HB16-1310,2016,RS,House,2016-03-02,"Introduced In House - Assigned to Health, Insurance, & Environment",1
HB16-1310,2016,RS,House,2016-03-10,"House Committee on Health, Insurance, & Environment Refer Unamended to House Committee of the Whole",2
HB16-1310,2016,RS,House,2016-03-16,House Second Reading Laid Over to 03/21/2016 - No Amendments,3
HB16-1310,2016,RS,House,2016-03-17,House Second Reading Special Order - Passed with Amendments - Floor,4
HB16-1310,2016,RS,House,2016-03-18,House Third Reading Passed - No Amendments,5
HB16-1310,2016,RS,Senate,2016-03-21,"Introduced In Senate - Assigned to Agriculture, Natural Resources, & Energy",6
HB16-1310,2016,RS,Senate,2016-04-28,"Senate Committee on Agriculture, Natural Resources, & Energy Postpone Indefinitely",7
HB16-1311,2016,RS,House,2016-03-02,Introduced In House - Assigned to Judiciary,1
HB16-1311,2016,RS,House,2016-03-24,House Committee on Judiciary Refer Amended to House Committee of the Whole,2
HB16-1311,2016,RS,House,2016-04-04,House Second Reading Laid Over Daily - No Amendments,3
HB16-1311,2016,RS,House,2016-04-07,"House Second Reading Passed with Amendments - Committee, Floor",4
HB16-1311,2016,RS,House,2016-04-08,House Third Reading Passed - No Amendments,5
HB16-1311,2016,RS,Senate,2016-04-11,Introduced In Senate - Assigned to Judiciary,6
HB16-1311,2016,RS,Senate,2016-04-27,Senate Committee on Judiciary Refer Unamended to Senate Committee of the Whole,7
HB16-1311,2016,RS,Senate,2016-04-29,Senate Second Reading Special Order - Passed - No Amendments,8
HB16-1311,2016,RS,Senate,2016-05-02,Senate Third Reading Reconsidered - No Amendments,9
HB16-1311,2016,RS,Senate,2016-05-02,Senate Third Reading Passed - No Amendments,10
HB16-1311,2016,RS,Senate,2016-05-10,Signed by the President of the Senate,11
HB16-1311,2016,RS,House,2016-05-10,Signed by the Speaker of the House,12
HB16-1311,2016,RS,Governor,2016-05-11,Sent to the Governor,13
HB16-1311,2016,RS,Governor,2016-06-10,Governor Signed,14
HB16-1312,2016,RS,House,2016-03-02,"Introduced In House - Assigned to State, Veterans, & Military Affairs",1
HB16-1312,2016,RS,House,2016-05-04,"House Committee on State, Veterans, & Military Affairs Postpone Indefinitely",2
HB16-1313,2016,RS,House,2016-03-02,"Introduced In House - Assigned to Agriculture, Livestock, & Natural Resources",1
HB16-1313,2016,RS,House,2016-03-21,"House Committee on Agriculture, Livestock, & Natural Resources Lay Over Unamended - Amendment(s) Failed",2
HB16-1313,2016,RS,House,2016-04-13,"House Committee on Agriculture, Livestock, & Natural Resources Refer Amended to House Committee of the Whole",3
HB16-1313,2016,RS,House,2016-04-15,House Second Reading Special Order - Passed with Amendments - Committee,4
HB16-1313,2016,RS,House,2016-04-19,House Third Reading Laid Over Daily - No Amendments,5
HB16-1313,2016,RS,House,2016-04-20,House Third Reading Passed - No Amendments,6
HB16-1313,2016,RS,Senate,2016-04-20,"Introduced In Senate - Assigned to State, Veterans, & Military Affairs + Agriculture, Natural Resources, & Energy",7
HB16-1313,2016,RS,Senate,2016-05-02,"Senate Committee on State, Veterans, & Military Affairs Postpone Indefinitely",8
HB16-1314,2016,RS,House,2016-03-02,"Introduced In House - Assigned to Agriculture, Livestock, & Natural Resources",1
HB16-1314,2016,RS,House,2016-04-04,"House Committee on Agriculture, Livestock, & Natural Resources Postpone Indefinitely",2
HB16-1315,2016,RS,House,2016-03-02,Introduced In House - Assigned to Transportation & Energy,1
HB16-1315,2016,RS,House,2016-04-13,House Committee on Transportation & Energy Postpone Indefinitely,2
HB16-1316,2016,RS,House,2016-03-02,Introduced In House - Assigned to Public Health Care & Human Services,1
HB16-1316,2016,RS,House,2016-03-15,House Committee on Public Health Care & Human Services Refer Unamended to House Committee of the Whole,2
HB16-1316,2016,RS,House,2016-03-16,House Second Reading Laid Over to 03/21/2016 - No Amendments,3
HB16-1316,2016,RS,House,2016-03-21,House Second Reading Passed - No Amendments,4
HB16-1316,2016,RS,House,2016-03-22,House Third Reading Passed - No Amendments,5
HB16-1316,2016,RS,Senate,2016-03-22,Introduced In Senate - Assigned to Health & Human Services,6
HB16-1316,2016,RS,Senate,2016-03-24,Senate Committee on Health & Human Services Refer Amended to Senate Committee of the Whole,7
HB16-1316,2016,RS,Senate,2016-03-29,Senate Second Reading Special Order - Passed with Amendments - Committee,8
HB16-1316,2016,RS,Senate,2016-03-30,Senate Third Reading Passed - No Amendments,9
HB16-1316,2016,RS,Senate,2016-04-01,House Considered Senate Amendments - Result was to Concur - Repass,10
HB16-1316,2016,RS,Senate,2016-04-01,House Considered Senate Amendments - Result was to Laid Over Daily,11
HB16-1316,2016,RS,House,2016-04-07,Signed by the Speaker of the House,12
HB16-1316,2016,RS,Senate,2016-04-11,Signed by the President of the Senate,13
HB16-1316,2016,RS,Governor,2016-04-11,Sent to the Governor,14
HB16-1316,2016,RS,Governor,2016-04-21,Governor Signed,15
HB16-1317,2016,RS,House,2016-03-02,Introduced In House - Assigned to Business Affairs and Labor,1
HB16-1317,2016,RS,House,2016-03-22,House Committee on Business Affairs and Labor Refer Amended to House Committee of the Whole,2
HB16-1317,2016,RS,House,2016-03-28,House Second Reading Passed with Amendments - Committee,3
HB16-1317,2016,RS,House,2016-03-29,House Third Reading Passed - No Amendments,4
HB16-1317,2016,RS,Senate,2016-03-29,"Introduced In Senate - Assigned to Business, Labor, & Technology",5
HB16-1317,2016,RS,Senate,2016-04-11,"Senate Committee on Business, Labor, & Technology Refer Unamended - Consent Calendar to Senate Committee of the Whole",6
HB16-1317,2016,RS,Senate,2016-04-14,Senate Second Reading Passed - No Amendments,7
HB16-1317,2016,RS,Senate,2016-04-15,Senate Third Reading Passed - No Amendments,8
HB16-1317,2016,RS,House,2016-04-26,Signed by the Speaker of the House,9
HB16-1317,2016,RS,Senate,2016-04-27,Signed by the President of the Senate,10
HB16-1317,2016,RS,Governor,2016-04-27,Sent to the Governor,11
HB16-1317,2016,RS,Governor,2016-05-04,Governor Signed,12
HB16-1318,2016,RS,House,2016-03-02,Introduced In House - Assigned to Judiciary,1
HB16-1318,2016,RS,House,2016-03-22,House Committee on Judiciary Refer Unamended to Appropriations,2
HB16-1318,2016,RS,House,2016-04-07,House Committee on Appropriations Refer Amended to House Committee of the Whole,3
HB16-1318,2016,RS,House,2016-04-12,House Second Reading Laid Over to 04/13/2016 - No Amendments,4
HB16-1318,2016,RS,House,2016-04-13,House Second Reading Passed with Amendments - Committee,5
HB16-1318,2016,RS,House,2016-04-14,House Third Reading Passed - No Amendments,6
HB16-1318,2016,RS,Senate,2016-04-14,"Introduced In Senate - Assigned to State, Veterans, & Military Affairs",7
HB16-1318,2016,RS,Senate,2016-04-20,"Senate Committee on State, Veterans, & Military Affairs Refer Unamended to Appropriations",8
HB16-1318,2016,RS,Senate,2016-04-27,Senate Committee on Appropriations Postpone Indefinitely,9
HB16-1319,2016,RS,House,2016-03-02,Introduced In House - Assigned to Transportation & Energy,1
HB16-1319,2016,RS,House,2016-04-07,House Committee on Transportation & Energy Refer Amended to House Committee of the Whole,2
HB16-1319,2016,RS,House,2016-04-12,House Second Reading Laid Over Daily - No Amendments,3
HB16-1319,2016,RS,House,2016-04-13,House Second Reading Passed with Amendments - Committee,4
HB16-1319,2016,RS,House,2016-04-15,House Third Reading Laid Over Daily - No Amendments,5
HB16-1319,2016,RS,House,2016-04-18,House Third Reading Passed - No Amendments,6
HB16-1319,2016,RS,Senate,2016-04-18,Introduced In Senate - Assigned to Transportation,7
HB16-1319,2016,RS,Senate,2016-04-26,Senate Committee on Transportation Postpone Indefinitely,8
HB16-1320,2016,RS,House,2016-03-02,Introduced In House - Assigned to Judiciary,1
HB16-1320,2016,RS,House,2016-03-24,House Committee on Judiciary Witness Testimony and/or Committee Discussion Only,2
HB16-1320,2016,RS,House,2016-04-05,House Committee on Judiciary Refer Amended to House Committee of the Whole,3
HB16-1320,2016,RS,House,2016-04-07,House Second Reading Passed with Amendments - Committee,4
HB16-1320,2016,RS,House,2016-04-08,House Third Reading Passed - No Amendments,5
HB16-1320,2016,RS,Senate,2016-04-11,Introduced In Senate - Assigned to Judiciary,6
HB16-1320,2016,RS,Senate,2016-04-25,Senate Committee on Judiciary Refer Amended to Senate Committee of the Whole,7
HB16-1320,2016,RS,Senate,2016-04-28,Senate Second Reading Laid Over Daily - No Amendments,8
HB16-1320,2016,RS,Senate,2016-04-29,"Senate Second Reading Passed with Amendments - Committee, Floor",9
HB16-1320,2016,RS,Senate,2016-05-02,Senate Third Reading Passed with Amendments - Floor,10
HB16-1320,2016,RS,House,2016-05-03,House Considered Senate Amendments - Result was to Concur - Repass,11
HB16-1320,2016,RS,House,2016-05-03,House Considered Senate Amendments - Result was to Laid Over Daily,12
HB16-1320,2016,RS,House,2016-05-17,Signed by the Speaker of the House,13
HB16-1320,2016,RS,Senate,2016-05-17,Signed by the President of the Senate,14
HB16-1320,2016,RS,Governor,2016-05-18,Sent to the Governor,15
HB16-1320,2016,RS,Governor,2016-06-08,Governor Signed,16
HB16-1321,2016,RS,House,2016-03-02,Introduced In House - Assigned to Public Health Care & Human Services,1
HB16-1321,2016,RS,House,2016-03-11,House Committee on Public Health Care & Human Services Refer Amended to Finance,2
HB16-1321,2016,RS,House,2016-04-07,House Committee on Finance Refer Unamended to Appropriations,3
HB16-1321,2016,RS,House,2016-04-15,House Committee on Appropriations Refer Amended to House Committee of the Whole,4
HB16-1321,2016,RS,House,2016-04-15,House Second Reading Special Order - Passed with Amendments - Committee,5
HB16-1321,2016,RS,House,2016-04-18,House Third Reading Passed - No Amendments,6
HB16-1321,2016,RS,Senate,2016-04-18,Introduced In Senate - Assigned to Health & Human Services + Finance,7
HB16-1321,2016,RS,Senate,2016-04-27,Senate Committee on Health & Human Services Refer Unamended to Finance,8
HB16-1321,2016,RS,Senate,2016-05-03,Senate Committee on Finance Refer Unamended to Appropriations,9
HB16-1321,2016,RS,Senate,2016-05-06,Senate Committee on Appropriations Refer Amended to Senate Committee of the Whole,10
HB16-1321,2016,RS,Senate,2016-05-06,Senate Second Reading Special Order - Passed with Amendments - Committee,11
HB16-1321,2016,RS,Senate,2016-05-09,Senate Third Reading Passed - No Amendments,12
HB16-1321,2016,RS,Senate,2016-05-09,House Considered Senate Amendments - Result was to Concur - Repass,13
HB16-1321,2016,RS,House,2016-05-17,Signed by the Speaker of the House,14
HB16-1321,2016,RS,Senate,2016-05-18,Signed by the President of the Senate,15
HB16-1321,2016,RS,Governor,2016-05-18,Sent to the Governor,16
HB16-1321,2016,RS,Governor,2016-06-10,Governor Signed,17
HB16-1322,2016,RS,House,2016-03-02,Introduced In House - Assigned to Public Health Care & Human Services,1
HB16-1322,2016,RS,House,2016-04-15,House Committee on Public Health Care & Human Services Refer Amended to House Committee of the Whole,2
HB16-1322,2016,RS,House,2016-04-21,House Second Reading Laid Over Daily - No Amendments,3
HB16-1322,2016,RS,House,2016-04-22,House Second Reading Special Order - Passed with Amendments - Committee,4
HB16-1322,2016,RS,House,2016-04-25,House Third Reading Passed - No Amendments,5
HB16-1322,2016,RS,Senate,2016-04-29,"Introduced In Senate - Assigned to State, Veterans, & Military Affairs",6
HB16-1322,2016,RS,Senate,2016-05-05,"Senate Committee on State, Veterans, & Military Affairs Postpone Indefinitely",7
HB16-1323,2016,RS,House,2016-03-02,Introduced In House - Assigned to Business Affairs and Labor,1
HB16-1323,2016,RS,House,2016-03-10,House Committee on Business Affairs and Labor Refer Unamended to House Committee of the Whole,2
HB16-1323,2016,RS,House,2016-03-15,House Second Reading Passed - No Amendments,3
HB16-1323,2016,RS,House,2016-03-16,House Third Reading Passed - No Amendments,4
HB16-1323,2016,RS,Senate,2016-03-16,"Introduced In Senate - Assigned to Business, Labor, & Technology",5
HB16-1323,2016,RS,Senate,2016-03-29,"Senate Committee on Business, Labor, & Technology Refer Unamended - Consent Calendar to Senate Committee of the Whole",6
HB16-1323,2016,RS,Senate,2016-03-31,Senate Second Reading Special Order - Passed - No Amendments,7
HB16-1323,2016,RS,Senate,2016-04-01,Senate Third Reading Passed - No Amendments,8
HB16-1323,2016,RS,House,2016-04-14,Signed by the Speaker of the House,9
HB16-1323,2016,RS,Senate,2016-04-15,Signed by the President of the Senate,10
HB16-1323,2016,RS,Governor,2016-04-15,Sent to the Governor,11
HB16-1323,2016,RS,Governor,2016-04-22,Governor Signed,12
HB16-1324,2016,RS,House,2016-03-02,"Introduced In House - Assigned to Health, Insurance, & Environment",1
HB16-1324,2016,RS,House,2016-03-17,"House Committee on Health, Insurance, & Environment Refer Amended to Finance",2
HB16-1324,2016,RS,House,2016-04-20,House Committee on Finance Refer Amended to Appropriations,3
HB16-1324,2016,RS,House,2016-04-22,House Committee on Appropriations Refer Amended to House Committee of the Whole,4
HB16-1324,2016,RS,House,2016-04-22,House Second Reading Special Order - Passed with Amendments - Committee,5
HB16-1324,2016,RS,House,2016-04-25,House Third Reading Passed - No Amendments,6
HB16-1324,2016,RS,Senate,2016-04-25,"Introduced In Senate - Assigned to Agriculture, Natural Resources, & Energy",7
HB16-1324,2016,RS,Senate,2016-04-27,"Senate Committee on Agriculture, Natural Resources, & Energy Refer Amended to Appropriations",8
HB16-1324,2016,RS,Senate,2016-04-29,Senate Committee on Appropriations Refer Amended to Senate Committee of the Whole,9
HB16-1324,2016,RS,Senate,2016-04-29,Senate Second Reading Special Order - Passed with Amendments - Committee,10
HB16-1324,2016,RS,Senate,2016-05-02,Senate Third Reading Passed - No Amendments,11
HB16-1324,2016,RS,House,2016-05-03,House Considered Senate Amendments - Result was to Concur - Repass,12
HB16-1324,2016,RS,House,2016-05-03,House Considered Senate Amendments - Result was to Laid Over Daily,13
HB16-1324,2016,RS,House,2016-05-17,Signed by the Speaker of the House,14
HB16-1324,2016,RS,Senate,2016-05-17,Signed by the President of the Senate,15
HB16-1324,2016,RS,Governor,2016-05-18,Sent to the Governor,16
HB16-1324,2016,RS,Governor,2016-06-10,Governor Signed,17
HB16-1325,2016,RS,House,2016-03-02,Introduced In House - Assigned to Transportation & Energy,1
HB16-1325,2016,RS,House,2016-04-14,House Committee on Transportation & Energy Postpone Indefinitely,2
HB16-1326,2016,RS,House,2016-03-02,Introduced In House - Assigned to Public Health Care & Human Services,1
HB16-1326,2016,RS,House,2016-03-22,House Committee on Public Health Care & Human Services Refer Amended to House Committee of the Whole,2
HB16-1326,2016,RS,House,2016-03-28,"House Second Reading Passed with Amendments - Committee, Floor",3
HB16-1326,2016,RS,House,2016-03-29,House Third Reading Passed - No Amendments,4
HB16-1326,2016,RS,Senate,2016-03-29,"Introduced In Senate - Assigned to State, Veterans, & Military Affairs",5
HB16-1326,2016,RS,Senate,2016-05-04,"Senate Committee on State, Veterans, & Military Affairs Postpone Indefinitely",6
HB16-1327,2016,RS,House,2016-03-02,"Introduced In House - Assigned to Health, Insurance, & Environment",1
HB16-1327,2016,RS,House,2016-03-22,"House Committee on Health, Insurance, & Environment Refer Unamended to House Committee of the Whole",2
HB16-1327,2016,RS,House,2016-03-28,House Second Reading Passed - No Amendments,3
HB16-1327,2016,RS,House,2016-03-29,House Third Reading Passed - No Amendments,4
HB16-1327,2016,RS,Senate,2016-03-29,Introduced In Senate - Assigned to Health & Human Services,5
HB16-1327,2016,RS,Senate,2016-03-31,Senate Committee on Health & Human Services Refer Unamended - Consent Calendar to Senate Committee of the Whole,6
HB16-1327,2016,RS,Senate,2016-04-05,Senate Second Reading Passed - No Amendments,7
HB16-1327,2016,RS,Senate,2016-04-06,Senate Third Reading Passed - No Amendments,8
HB16-1327,2016,RS,House,2016-04-14,Signed by the Speaker of the House,9
HB16-1327,2016,RS,Senate,2016-04-15,Signed by the President of the Senate,10
HB16-1327,2016,RS,Governor,2016-04-15,Sent to the Governor,11
HB16-1327,2016,RS,Governor,2016-04-21,Governor Signed,12
HB16-1328,2016,RS,House,2016-03-02,Introduced In House - Assigned to Judiciary,1
HB16-1328,2016,RS,House,2016-04-21,House Committee on Judiciary Refer Amended to Appropriations,2
HB16-1328,2016,RS,House,2016-05-03,House Committee on Appropriations Refer Amended to House Committee of the Whole,3
HB16-1328,2016,RS,House,2016-05-03,"House Second Reading Special Order - Passed with Amendments - Committee, Floor",4
HB16-1328,2016,RS,House,2016-05-04,House Third Reading Passed - No Amendments,5
HB16-1328,2016,RS,Senate,2016-05-04,Introduced In Senate - Assigned to Finance,6
HB16-1328,2016,RS,Senate,2016-05-05,Senate Committee on Finance Refer Unamended to Appropriations,7
HB16-1328,2016,RS,Senate,2016-05-05,Senate Committee on Appropriations Refer Amended to Senate Committee of the Whole,8
HB16-1328,2016,RS,Senate,2016-05-05,Senate Second Reading Special Order - Passed with Amendments - Committee,9
HB16-1328,2016,RS,Senate,2016-05-06,Senate Third Reading Passed - No Amendments,10
HB16-1328,2016,RS,House,2016-05-09,House Considered Senate Amendments - Result was to Concur - Repass,11
HB16-1328,2016,RS,House,2016-05-17,Signed by the Speaker of the House,12
HB16-1328,2016,RS,Senate,2016-05-18,Signed by the President of the Senate,13
HB16-1328,2016,RS,Governor,2016-05-18,Sent to the Governor,14
HB16-1328,2016,RS,Governor,2016-06-10,Governor Signed,15
HB16-1329,2016,RS,House,2016-03-02,Introduced In House - Assigned to Business Affairs and Labor,1
HB16-1329,2016,RS,House,2016-04-07,House Committee on Business Affairs and Labor Refer Unamended to House Committee of the Whole,2
HB16-1329,2016,RS,House,2016-04-13,House Second Reading Passed - No Amendments,3
HB16-1329,2016,RS,House,2016-04-14,House Third Reading Passed - No Amendments,4
HB16-1329,2016,RS,Senate,2016-04-14,"Introduced In Senate - Assigned to Business, Labor, & Technology",5
HB16-1329,2016,RS,Senate,2016-04-26,"Senate Committee on Business, Labor, & Technology Refer Unamended - Consent Calendar to Senate Committee of the Whole",6
HB16-1329,2016,RS,Senate,2016-04-28,Senate Second Reading Special Order - Passed - No Amendments,7
HB16-1329,2016,RS,Senate,2016-04-29,Senate Third Reading Passed - No Amendments,8
HB16-1329,2016,RS,House,2016-05-05,Signed by the Speaker of the House,9
HB16-1329,2016,RS,Senate,2016-05-05,Signed by the President of the Senate,10
HB16-1329,2016,RS,Governor,2016-05-05,Sent to the Governor,11
HB16-1329,2016,RS,Governor,2016-06-06,Governor Signed,12
HB16-1330,2016,RS,House,2016-03-02,Introduced In House - Assigned to Business Affairs and Labor,1
HB16-1330,2016,RS,House,2016-04-07,House Committee on Business Affairs and Labor Refer Unamended to House Committee of the Whole,2
HB16-1330,2016,RS,House,2016-04-13,House Second Reading Passed - No Amendments,3
HB16-1330,2016,RS,House,2016-04-14,House Third Reading Passed - No Amendments,4
HB16-1330,2016,RS,Senate,2016-04-14,"Introduced In Senate - Assigned to Business, Labor, & Technology",5
HB16-1330,2016,RS,Senate,2016-04-26,"Senate Committee on Business, Labor, & Technology Refer Unamended - Consent Calendar to Senate Committee of the Whole",6
HB16-1330,2016,RS,Senate,2016-04-28,Senate Second Reading Special Order - Passed - No Amendments,7
HB16-1330,2016,RS,Senate,2016-04-29,Senate Third Reading Passed - No Amendments,8
HB16-1330,2016,RS,House,2016-05-05,Signed by the Speaker of the House,9
HB16-1330,2016,RS,Senate,2016-05-05,Signed by the President of the Senate,10
HB16-1330,2016,RS,Governor,2016-05-05,Sent to the Governor,11
HB16-1330,2016,RS,Governor,2016-06-06,Governor Signed,12
HB16-1331,2016,RS,House,2016-03-02,Introduced In House - Assigned to Judiciary,1
HB16-1331,2016,RS,House,2016-03-22,House Committee on Judiciary Refer Unamended to House Committee of the Whole,2
HB16-1331,2016,RS,House,2016-04-05,House Second Reading Laid Over Daily - No Amendments,3
HB16-1331,2016,RS,House,2016-04-06,House Second Reading Passed with Amendments - Floor,4
HB16-1331,2016,RS,House,2016-04-07,House Third Reading Passed - No Amendments,5
HB16-1331,2016,RS,Senate,2016-04-07,Introduced In Senate - Assigned to Judiciary,6
HB16-1331,2016,RS,Senate,2016-04-18,Senate Committee on Judiciary Postpone Indefinitely,7
HB16-1332,2016,RS,House,2016-03-02,Introduced In House - Assigned to Finance,1
HB16-1332,2016,RS,House,2016-04-13,House Committee on Finance Refer Amended to Appropriations,2
HB16-1332,2016,RS,House,2016-04-22,House Committee on Appropriations Refer Amended to House Committee of the Whole,3
HB16-1332,2016,RS,House,2016-04-22,House Second Reading Special Order - Passed with Amendments - Committee,4
HB16-1332,2016,RS,House,2016-04-25,House Third Reading Passed - No Amendments,5
HB16-1332,2016,RS,Senate,2016-04-25,Introduced In Senate - Assigned to Finance + Appropriations,6
HB16-1332,2016,RS,Senate,2016-04-28,Senate Committee on Finance Refer Unamended to Appropriations,7
HB16-1332,2016,RS,Senate,2016-05-03,Senate Committee on Appropriations Refer Unamended - Consent Calendar to Senate Committee of the Whole,8
HB16-1332,2016,RS,Senate,2016-05-03,Senate Second Reading Special Order - Passed - No Amendments,9
HB16-1332,2016,RS,Senate,2016-05-04,Senate Third Reading Passed - No Amendments,10
HB16-1332,2016,RS,Senate,2016-05-17,Signed by the President of the Senate,11
HB16-1332,2016,RS,House,2016-05-20,Signed by the Speaker of the House,12
HB16-1332,2016,RS,Governor,2016-05-20,Sent to the Governor,13
HB16-1332,2016,RS,Governor,2016-06-06,Governor Signed,14
HB16-1333,2016,RS,House,2016-03-02,Introduced In House - Assigned to Business Affairs and Labor,1
HB16-1333,2016,RS,House,2016-04-07,House Committee on Business Affairs and Labor Refer Unamended to House Committee of the Whole,2
HB16-1333,2016,RS,House,2016-04-13,House Second Reading Passed - No Amendments,3
HB16-1333,2016,RS,House,2016-04-14,House Third Reading Passed - No Amendments,4
HB16-1333,2016,RS,Senate,2016-04-14,"Introduced In Senate - Assigned to Business, Labor, & Technology",5
HB16-1333,2016,RS,Senate,2016-04-26,"Senate Committee on Business, Labor, & Technology Refer Unamended - Consent Calendar to Senate Committee of the Whole",6
HB16-1333,2016,RS,Senate,2016-04-28,Senate Second Reading Special Order - Passed - No Amendments,7
HB16-1333,2016,RS,Senate,2016-04-29,Senate Third Reading Passed - No Amendments,8
HB16-1333,2016,RS,House,2016-05-05,Signed by the Speaker of the House,9
HB16-1333,2016,RS,Senate,2016-05-05,Signed by the President of the Senate,10
HB16-1333,2016,RS,Governor,2016-05-05,Sent to the Governor,11
HB16-1333,2016,RS,Governor,2016-06-06,Governor Signed,12
HB16-1334,2016,RS,House,2016-03-02,Introduced In House - Assigned to Local Government,1
HB16-1334,2016,RS,House,2016-04-07,House Committee on Local Government Refer Amended to House Committee of the Whole,2
HB16-1334,2016,RS,House,2016-04-12,House Second Reading Laid Over Daily - No Amendments,3
HB16-1334,2016,RS,House,2016-04-13,House Second Reading Passed with Amendments - Committee,4
HB16-1334,2016,RS,House,2016-04-14,House Third Reading Passed - No Amendments,5
HB16-1334,2016,RS,Senate,2016-04-14,"Introduced In Senate - Assigned to State, Veterans, & Military Affairs",6
HB16-1334,2016,RS,Senate,2016-04-25,"Senate Committee on State, Veterans, & Military Affairs Postpone Indefinitely",7
HB16-1335,2016,RS,House,2016-03-02,"Introduced In House - Assigned to State, Veterans, & Military Affairs",1
HB16-1335,2016,RS,House,2016-03-28,"House Committee on State, Veterans, & Military Affairs Refer Amended to House Committee of the Whole",2
HB16-1335,2016,RS,House,2016-03-31,House Second Reading Passed with Amendments - Committee,3
HB16-1335,2016,RS,House,2016-04-01,House Third Reading Passed - No Amendments,4
HB16-1335,2016,RS,Senate,2016-04-01,"Introduced In Senate - Assigned to State, Veterans, & Military Affairs",5
HB16-1335,2016,RS,Senate,2016-04-11,"Senate Committee on State, Veterans, & Military Affairs Refer Unamended - Consent Calendar to Senate Committee of the Whole",6
HB16-1335,2016,RS,Senate,2016-04-14,Senate Second Reading Passed - No Amendments,7
HB16-1335,2016,RS,Senate,2016-04-15,Senate Third Reading Passed - No Amendments,8
HB16-1335,2016,RS,House,2016-05-05,Signed by the Speaker of the House,9
HB16-1335,2016,RS,Senate,2016-05-05,Signed by the President of the Senate,10
HB16-1335,2016,RS,Governor,2016-05-05,Sent to the Governor,11
HB16-1335,2016,RS,Governor,2016-06-08,Governor Signed,12
HB16-1336,2016,RS,House,2016-03-02,"Introduced In House - Assigned to Health, Insurance, & Environment",1
HB16-1336,2016,RS,House,2016-03-24,"House Committee on Health, Insurance, & Environment Refer Amended to House Committee of the Whole",2
HB16-1336,2016,RS,House,2016-03-31,"House Second Reading Passed with Amendments - Committee, Floor",3
HB16-1336,2016,RS,House,2016-04-01,House Third Reading Passed - No Amendments,4
HB16-1336,2016,RS,Senate,2016-04-01,Introduced In Senate - Assigned to Health & Human Services,5
HB16-1336,2016,RS,Senate,2016-04-14,Senate Committee on Health & Human Services Refer Amended to Senate Committee of the Whole,6
HB16-1336,2016,RS,Senate,2016-04-19,"Senate Second Reading Passed with Amendments - Committee, Floor",7
HB16-1336,2016,RS,Senate,2016-04-20,Senate Third Reading Passed - No Amendments,8
HB16-1336,2016,RS,House,2016-04-25,House Considered Senate Amendments - Result was to Concur - Repass,9
HB16-1336,2016,RS,House,2016-04-25,House Considered Senate Amendments - Result was to Laid Over Daily,10
HB16-1336,2016,RS,House,2016-05-05,Signed by the Speaker of the House,11
HB16-1336,2016,RS,Senate,2016-05-05,Signed by the President of the Senate,12
HB16-1336,2016,RS,Governor,2016-05-05,Sent to the Governor,13
HB16-1336,2016,RS,Governor,2016-05-17,Governor Signed,14
HB16-1337,2016,RS,House,2016-03-03,"Introduced In House - Assigned to Agriculture, Livestock, & Natural Resources",1
HB16-1337,2016,RS,House,2016-03-28,"House Committee on Agriculture, Livestock, & Natural Resources Refer Amended to House Committee of the Whole",2
HB16-1337,2016,RS,House,2016-03-31,House Second Reading Passed with Amendments - Committee,3
HB16-1337,2016,RS,House,2016-04-01,House Third Reading Passed - No Amendments,4
HB16-1337,2016,RS,Senate,2016-04-21,"Introduced In Senate - Assigned to Judiciary + Agriculture, Natural Resources, & Energy",5
HB16-1337,2016,RS,Senate,2016-04-26,Senate Committee on Judiciary Postpone Indefinitely,6
HB16-1338,2016,RS,House,2016-03-03,Introduced In House - Assigned to Education,1
HB16-1338,2016,RS,House,2016-03-21,House Committee on Education Postpone Indefinitely,2
HB16-1339,2016,RS,House,2016-03-03,"Introduced In House - Assigned to Agriculture, Livestock, & Natural Resources",1
HB16-1339,2016,RS,House,2016-03-21,"House Committee on Agriculture, Livestock, & Natural Resources Refer Amended to House Committee of the Whole",2
HB16-1339,2016,RS,House,2016-03-24,House Second Reading Passed with Amendments - Committee,3
HB16-1339,2016,RS,House,2016-03-28,House Third Reading Passed - No Amendments,4
HB16-1339,2016,RS,Senate,2016-03-28,"Introduced In Senate - Assigned to Agriculture, Natural Resources, & Energy",5
HB16-1339,2016,RS,Senate,2016-04-14,"Senate Committee on Agriculture, Natural Resources, & Energy Refer Unamended - Consent Calendar to Senate Committee of the Whole",6
HB16-1339,2016,RS,Senate,2016-04-18,Senate Second Reading Passed - No Amendments,7
HB16-1339,2016,RS,Senate,2016-04-19,Senate Third Reading Passed - No Amendments,8
HB16-1339,2016,RS,House,2016-05-05,Signed by the Speaker of the House,9
HB16-1339,2016,RS,Senate,2016-05-05,Signed by the President of the Senate,10
HB16-1339,2016,RS,Governor,2016-05-05,Sent to the Governor,11
HB16-1339,2016,RS,Governor,2016-06-10,Governor Signed,12
HB16-1340,2016,RS,House,2016-03-03,Introduced In House - Assigned to Local Government,1
HB16-1340,2016,RS,House,2016-04-06,House Committee on Local Government Refer Unamended to House Committee of the Whole,2
HB16-1340,2016,RS,House,2016-04-11,House Second Reading Laid Over Daily - No Amendments,3
HB16-1340,2016,RS,House,2016-04-12,House Second Reading Passed with Amendments - Floor,4
HB16-1340,2016,RS,House,2016-04-14,House Third Reading Passed - No Amendments,5
HB16-1340,2016,RS,Senate,2016-04-14,Introduced In Senate - Assigned to Local Government,6
HB16-1340,2016,RS,Senate,2016-04-19,Senate Committee on Local Government Witness Testimony and/or Committee Discussion Only,7
HB16-1340,2016,RS,Senate,2016-04-26,Senate Committee on Local Government Postpone Indefinitely,8
HB16-1341,2016,RS,House,2016-03-03,"Introduced In House - Assigned to Health, Insurance, & Environment",1
HB16-1341,2016,RS,House,2016-04-14,"House Committee on Health, Insurance, & Environment Refer Amended to House Committee of the Whole",2
HB16-1341,2016,RS,House,2016-04-18,House Second Reading Laid Over to 04/21/2016 - No Amendments,3
HB16-1341,2016,RS,House,2016-04-21,"House Second Reading Passed with Amendments - Committee, Floor",4
HB16-1341,2016,RS,House,2016-04-22,House Third Reading Passed - No Amendments,5
HB16-1341,2016,RS,Senate,2016-04-22,"Introduced In Senate - Assigned to State, Veterans, & Military Affairs",6
HB16-1341,2016,RS,Senate,2016-05-04,"Senate Committee on State, Veterans, & Military Affairs Postpone Indefinitely",7
HB16-1342,2016,RS,House,2016-03-03,Introduced In House - Assigned to Transportation & Energy,1
HB16-1342,2016,RS,House,2016-04-07,House Committee on Transportation & Energy Witness Testimony and/or Committee Discussion Only,2
HB16-1342,2016,RS,House,2016-04-14,House Committee on Transportation & Energy Refer Amended to Finance,3
HB16-1342,2016,RS,House,2016-04-21,House Committee on Finance Refer Amended to Appropriations,4
HB16-1342,2016,RS,House,2016-05-05,House Committee on Appropriations Postpone Indefinitely,5
HB16-1343,2016,RS,House,2016-03-03,Introduced In House - Assigned to Education,1
HB16-1343,2016,RS,House,2016-04-25,House Committee on Education Witness Testimony and/or Committee Discussion Only,2
HB16-1343,2016,RS,House,2016-05-09,House Committee on Education Refer Amended to Appropriations,3
HB16-1343,2016,RS,House,2016-05-09,House Committee on Appropriations Refer Unamended to House Committee of the Whole,4
HB16-1343,2016,RS,House,2016-05-09,House Second Reading Laid Over Daily - No Amendments,5
HB16-1343,2016,RS,House,2016-05-10,House Second Reading Special Order - Laid Over to 05/12/2016 - No Amendments,6
HB16-1344,2016,RS,House,2016-03-07,Introduced In House - Assigned to Judiciary,1
HB16-1344,2016,RS,House,2016-04-19,House Committee on Judiciary Postpone Indefinitely,2
HB16-1345,2016,RS,House,2016-03-07,Introduced In House - Assigned to Judiciary,1
HB16-1345,2016,RS,House,2016-04-19,House Committee on Judiciary Refer Amended to Appropriations,2
HB16-1345,2016,RS,House,2016-05-03,House Committee on Appropriations Refer Unamended to House Committee of the Whole,3
HB16-1345,2016,RS,House,2016-05-03,House Second Reading Special Order - Passed with Amendments - Committee,4
HB16-1345,2016,RS,House,2016-05-04,House Third Reading Passed - No Amendments,5
HB16-1345,2016,RS,Senate,2016-05-04,"Introduced In Senate - Assigned to State, Veterans, & Military Affairs",6
HB16-1345,2016,RS,Senate,2016-05-05,"Senate Committee on State, Veterans, & Military Affairs Refer Amended to Appropriations",7
HB16-1345,2016,RS,Senate,2016-05-05,Senate Committee on Appropriations Refer Unamended to Senate Committee of the Whole,8
HB16-1345,2016,RS,Senate,2016-05-05,"Senate Second Reading Special Order - Passed with Amendments - Committee, Floor",9
HB16-1345,2016,RS,Senate,2016-05-06,Senate Third Reading Passed - No Amendments,10
HB16-1345,2016,RS,House,2016-05-10,House Considered Senate Amendments - Result was to Not Concur - Request Conference Committee,11
HB16-1345,2016,RS,ConfComm,2016-05-11,First Conference Committee Result was to Adopt Rerevised w/ Amendments,12
HB16-1345,2016,RS,,2016-05-11,First Conference Committee Result was to Adopt Rerevised w/ Amendments,13
HB16-1345,2016,RS,Senate,2016-05-11,Senate Consideration of First Conference Committee Report result was to Adopt Committee Report - Repass,14
HB16-1345,2016,RS,House,2016-05-11,House Consideration of First Conference Committee Report result was to Adopt Committee Report - Repass,15
HB16-1345,2016,RS,Senate,2016-05-17,Signed by the President of the Senate,16
HB16-1345,2016,RS,House,2016-05-20,Signed by the Speaker of the House,17
HB16-1345,2016,RS,Governor,2016-05-20,Sent to the Governor,18
HB16-1345,2016,RS,Governor,2016-06-10,Governor Signed,19
HB16-1346,2016,RS,House,2016-03-09,"Introduced In House - Assigned to State, Veterans, & Military Affairs",1
HB16-1346,2016,RS,House,2016-04-06,"House Committee on State, Veterans, & Military Affairs Postpone Indefinitely",2
HB16-1347,2016,RS,House,2016-03-09,Introduced In House - Assigned to Judiciary,1
HB16-1347,2016,RS,House,2016-04-21,House Committee on Judiciary Refer Amended to House Committee of the Whole,2
HB16-1347,2016,RS,House,2016-04-25,House Second Reading Passed with Amendments - Committee,3
HB16-1347,2016,RS,House,2016-04-26,House Third Reading Laid Over Daily - No Amendments,4
HB16-1347,2016,RS,House,2016-04-27,House Third Reading Passed - No Amendments,5
HB16-1347,2016,RS,Senate,2016-04-27,"Introduced In Senate - Assigned to Business, Labor, & Technology",6
HB16-1347,2016,RS,Senate,2016-05-06,"Senate Committee on Business, Labor, & Technology Postpone Indefinitely",7
HB16-1348,2016,RS,House,2016-03-09,Introduced In House - Assigned to Judiciary,1
HB16-1348,2016,RS,House,2016-04-05,House Committee on Judiciary Lay Over Amended,2
HB16-1348,2016,RS,House,2016-04-14,House Committee on Judiciary Refer Amended to House Committee of the Whole,3
HB16-1348,2016,RS,House,2016-04-18,"House Second Reading Laid Over Daily with Amendments - Committee, Floor",4
HB16-1348,2016,RS,House,2016-04-20,"House Second Reading Passed with Amendments - Committee, Floor",5
HB16-1348,2016,RS,House,2016-04-21,House Third Reading Passed - No Amendments,6
HB16-1348,2016,RS,Senate,2016-04-21,Introduced In Senate - Assigned to Judiciary,7
HB16-1348,2016,RS,Senate,2016-05-02,Senate Committee on Judiciary Refer Unamended to Senate Committee of the Whole,8
HB16-1348,2016,RS,Senate,2016-05-03,Senate Second Reading Special Order - Passed - No Amendments,9
HB16-1348,2016,RS,Senate,2016-05-04,Senate Third Reading Passed - No Amendments,10
HB16-1348,2016,RS,House,2016-05-17,Signed by the Speaker of the House,11
HB16-1348,2016,RS,Senate,2016-05-17,Signed by the President of the Senate,12
HB16-1348,2016,RS,Governor,2016-05-18,Sent to the Governor,13
HB16-1348,2016,RS,Governor,2016-06-06,Governor Signed,14
HB16-1349,2016,RS,House,2016-03-09,Introduced In House - Assigned to Finance,1
HB16-1349,2016,RS,House,2016-04-14,House Committee on Finance Refer Unamended to House Committee of the Whole,2
HB16-1349,2016,RS,House,2016-04-18,House Second Reading Passed - No Amendments,3
HB16-1349,2016,RS,House,2016-04-19,House Third Reading Passed - No Amendments,4
HB16-1349,2016,RS,Senate,2016-04-19,Introduced In Senate - Assigned to Finance,5
HB16-1349,2016,RS,Senate,2016-04-28,Senate Committee on Finance Refer Unamended - Consent Calendar to Senate Committee of the Whole,6
HB16-1349,2016,RS,Senate,2016-04-29,Senate Second Reading Special Order - Passed - No Amendments,7
HB16-1349,2016,RS,Senate,2016-05-02,Senate Third Reading Passed - No Amendments,8
HB16-1349,2016,RS,Senate,2016-05-10,Signed by the President of the Senate,9
HB16-1349,2016,RS,House,2016-05-10,Signed by the Speaker of the House,10
HB16-1349,2016,RS,Governor,2016-05-10,Sent to the Governor,11
HB16-1349,2016,RS,Governor,2016-06-06,Governor Signed,12
HB16-1350,2016,RS,House,2016-03-09,Introduced In House - Assigned to Appropriations,1
HB16-1350,2016,RS,House,2016-03-18,House Committee on Appropriations Refer Unamended to House Committee of the Whole,2
HB16-1350,2016,RS,House,2016-03-21,House Second Reading Passed - No Amendments,3
HB16-1350,2016,RS,House,2016-03-22,House Third Reading Passed - No Amendments,4
HB16-1350,2016,RS,Senate,2016-03-22,Introduced In Senate - Assigned to Appropriations,5
HB16-1350,2016,RS,Senate,2016-04-01,Senate Committee on Appropriations Refer Unamended to Senate Committee of the Whole,6
HB16-1350,2016,RS,Senate,2016-04-05,Senate Second Reading Passed - No Amendments,7
HB16-1350,2016,RS,Senate,2016-04-06,Senate Third Reading Passed - No Amendments,8
HB16-1350,2016,RS,House,2016-04-14,Signed by the Speaker of the House,9
HB16-1350,2016,RS,Senate,2016-04-18,Signed by the President of the Senate,10
HB16-1350,2016,RS,Governor,2016-04-18,Sent to the Governor,11
HB16-1350,2016,RS,Governor,2016-04-22,Governor Signed,12
HB16-1351,2016,RS,House,2016-03-09,"Introduced In House - Assigned to State, Veterans, & Military Affairs",1
HB16-1351,2016,RS,House,2016-03-28,"House Committee on State, Veterans, & Military Affairs Postpone Indefinitely",2
HB16-1352,2016,RS,House,2016-03-10,Introduced In House - Assigned to Appropriations,1
HB16-1352,2016,RS,House,2016-03-18,House Committee on Appropriations Refer Unamended to House Committee of the Whole,2
HB16-1352,2016,RS,House,2016-03-21,House Second Reading Passed - No Amendments,3
HB16-1352,2016,RS,House,2016-03-22,House Third Reading Passed - No Amendments,4
HB16-1352,2016,RS,Senate,2016-03-22,Introduced In Senate - Assigned to Appropriations,5
HB16-1352,2016,RS,Senate,2016-04-01,Senate Committee on Appropriations Refer Unamended to Senate Committee of the Whole,6
HB16-1352,2016,RS,Senate,2016-04-05,Senate Second Reading Passed - No Amendments,7
HB16-1352,2016,RS,Senate,2016-04-06,Senate Third Reading Reconsidered - No Amendments,8
HB16-1352,2016,RS,Senate,2016-04-06,Senate Third Reading Passed - No Amendments,9
HB16-1352,2016,RS,House,2016-04-14,Signed by the Speaker of the House,10
HB16-1352,2016,RS,Senate,2016-04-15,Signed by the President of the Senate,11
HB16-1352,2016,RS,Governor,2016-04-15,Sent to the Governor,12
HB16-1352,2016,RS,Governor,2016-04-22,Governor Signed,13
HB16-1353,2016,RS,House,2016-03-10,Introduced In House - Assigned to Appropriations,1
HB16-1353,2016,RS,House,2016-03-18,House Committee on Appropriations Refer Amended to House Committee of the Whole,2
HB16-1353,2016,RS,House,2016-03-21,House Second Reading Laid Over Daily - No Amendments,3
HB16-1353,2016,RS,House,2016-03-22,House Second Reading Passed with Amendments - Committee,4
HB16-1353,2016,RS,House,2016-03-24,House Third Reading Passed - No Amendments,5
HB16-1353,2016,RS,Senate,2016-03-24,Introduced In Senate - Assigned to Appropriations,6
HB16-1353,2016,RS,Senate,2016-03-29,Senate Committee on Appropriations Refer Unamended - Consent Calendar to Senate Committee of the Whole,7
HB16-1353,2016,RS,Senate,2016-03-30,Senate Second Reading Special Order - Passed - No Amendments,8
HB16-1353,2016,RS,Senate,2016-03-31,Senate Third Reading Passed - No Amendments,9
HB16-1353,2016,RS,House,2016-03-31,Signed by the Speaker of the House,10
HB16-1353,2016,RS,Senate,2016-03-31,Signed by the President of the Senate,11
HB16-1353,2016,RS,Governor,2016-03-31,Sent to the Governor,12
HB16-1353,2016,RS,Governor,2016-04-07,Governor Signed,13
HB16-1354,2016,RS,House,2016-03-11,Introduced In House - Assigned to Education,1
HB16-1354,2016,RS,House,2016-03-21,House Committee on Education Refer Amended to House Committee of the Whole,2
HB16-1354,2016,RS,House,2016-03-24,House Second Reading Laid Over to 03/28/2016 - No Amendments,3
HB16-1354,2016,RS,House,2016-03-28,"House Second Reading Passed with Amendments - Committee, Floor",4
HB16-1354,2016,RS,House,2016-03-29,House Third Reading Laid Over to 04/01/2016 - No Amendments,5
HB16-1354,2016,RS,House,2016-04-01,House Third Reading Passed - No Amendments,6
HB16-1354,2016,RS,Senate,2016-04-01,"Introduced In Senate - Assigned to State, Veterans, & Military Affairs",7
HB16-1354,2016,RS,Senate,2016-04-18,"Senate Committee on State, Veterans, & Military Affairs Refer Amended to Senate Committee of the Whole",8
HB16-1354,2016,RS,Senate,2016-04-21,Senate Second Reading Laid Over Daily - No Amendments,9
HB16-1354,2016,RS,Senate,2016-04-22,Senate Second Reading Passed with Amendments - Committee,10
HB16-1354,2016,RS,Senate,2016-04-25,Senate Third Reading Passed - No Amendments,11
HB16-1354,2016,RS,House,2016-04-29,House Considered Senate Amendments - Result was to Concur - Repass,12
HB16-1354,2016,RS,House,2016-04-29,House Considered Senate Amendments - Result was to Laid Over Daily,13
HB16-1354,2016,RS,Senate,2016-05-10,Signed by the President of the Senate,14
HB16-1354,2016,RS,House,2016-05-10,Signed by the Speaker of the House,15
HB16-1354,2016,RS,Governor,2016-05-11,Sent to the Governor,16
HB16-1354,2016,RS,Governor,2016-05-17,Governor Signed,17
HB16-1355,2016,RS,House,2016-03-11,"Introduced In House - Assigned to State, Veterans, & Military Affairs",1
HB16-1355,2016,RS,House,2016-03-21,"House Committee on State, Veterans, & Military Affairs Refer Amended to House Committee of the Whole",2
HB16-1355,2016,RS,House,2016-04-04,House Second Reading Lost with Amendments - Floor,3
HB16-1356,2016,RS,House,2016-03-11,Introduced In House - Assigned to Business Affairs and Labor,1
HB16-1356,2016,RS,House,2016-04-05,House Committee on Business Affairs and Labor Refer Unamended to House Committee of the Whole,2
HB16-1356,2016,RS,House,2016-04-07,House Second Reading Passed - No Amendments,3
HB16-1356,2016,RS,House,2016-04-08,House Third Reading Passed - No Amendments,4
HB16-1356,2016,RS,Senate,2016-04-11,Introduced In Senate - Assigned to Finance,5
HB16-1356,2016,RS,Senate,2016-04-19,Senate Committee on Finance Refer Unamended - Consent Calendar to Senate Committee of the Whole,6
HB16-1356,2016,RS,Senate,2016-04-22,Senate Second Reading Passed - No Amendments,7
HB16-1356,2016,RS,Senate,2016-04-25,Senate Third Reading Passed - No Amendments,8
HB16-1356,2016,RS,House,2016-05-02,Signed by the Speaker of the House,9
HB16-1356,2016,RS,Senate,2016-05-03,Signed by the President of the Senate,10
HB16-1356,2016,RS,Governor,2016-05-04,Sent to the Governor,11
HB16-1356,2016,RS,Governor,2016-06-10,Governor Signed,12
HB16-1357,2016,RS,House,2016-03-11,Introduced In House - Assigned to Public Health Care & Human Services,1
HB16-1357,2016,RS,House,2016-04-05,House Committee on Public Health Care & Human Services Refer Amended to House Committee of the Whole,2
HB16-1357,2016,RS,House,2016-04-07,House Second Reading Passed with Amendments - Committee,3
HB16-1357,2016,RS,House,2016-04-08,House Third Reading Laid Over Daily - No Amendments,4
HB16-1357,2016,RS,House,2016-04-11,House Third Reading Passed - No Amendments,5
HB16-1357,2016,RS,Senate,2016-04-11,"Introduced In Senate - Assigned to State, Veterans, & Military Affairs",6
HB16-1357,2016,RS,Senate,2016-04-27,"Senate Committee on State, Veterans, & Military Affairs Postpone Indefinitely",7
HB16-1358,2016,RS,House,2016-03-11,Introduced In House - Assigned to Public Health Care & Human Services,1
HB16-1358,2016,RS,House,2016-04-05,House Committee on Public Health Care & Human Services Witness Testimony and/or Committee Discussion Only,2
HB16-1358,2016,RS,House,2016-04-26,House Committee on Public Health Care & Human Services Refer Amended to Appropriations,3
HB16-1358,2016,RS,House,2016-05-05,House Committee on Appropriations Postpone Indefinitely,4
HB16-1359,2016,RS,House,2016-03-11,Introduced In House - Assigned to Judiciary,1
HB16-1359,2016,RS,House,2016-04-14,House Committee on Judiciary Refer Amended to House Committee of the Whole,2
HB16-1359,2016,RS,House,2016-04-18,House Second Reading Passed with Amendments - Committee,3
HB16-1359,2016,RS,House,2016-04-19,House Third Reading Passed - No Amendments,4
HB16-1359,2016,RS,Senate,2016-04-19,Introduced In Senate - Assigned to,5
HB16-1359,2016,RS,Senate,2016-04-26,Senate Committee on Judiciary Refer Unamended to Senate Committee of the Whole,6
HB16-1359,2016,RS,Senate,2016-04-28,Senate Second Reading Special Order - Passed - No Amendments,7
HB16-1359,2016,RS,Senate,2016-04-29,Senate Third Reading Passed - No Amendments,8
HB16-1359,2016,RS,House,2016-05-05,Signed by the Speaker of the House,9
HB16-1359,2016,RS,Senate,2016-05-05,Signed by the President of the Senate,10
HB16-1359,2016,RS,Governor,2016-05-05,Sent to the Governor,11
HB16-1359,2016,RS,Governor,2016-06-10,Governor Signed,12
HB16-1360,2016,RS,House,2016-03-14,"Introduced In House - Assigned to Health, Insurance, & Environment",1
HB16-1360,2016,RS,House,2016-04-05,"House Committee on Health, Insurance, & Environment Refer Amended to House Committee of the Whole",2
HB16-1360,2016,RS,House,2016-04-07,"House Second Reading Passed with Amendments - Committee, Floor",3
HB16-1360,2016,RS,House,2016-04-08,House Third Reading Laid Over Daily - No Amendments,4
HB16-1360,2016,RS,House,2016-04-11,House Third Reading Passed - No Amendments,5
HB16-1360,2016,RS,Senate,2016-04-11,Introduced In Senate - Assigned to Health & Human Services,6
HB16-1360,2016,RS,Senate,2016-04-21,Senate Committee on Health & Human Services Refer Amended to Senate Committee of the Whole,7
HB16-1360,2016,RS,Senate,2016-04-25,Senate Second Reading Special Order - Passed with Amendments - Committee,8
HB16-1360,2016,RS,Senate,2016-04-26,Senate Third Reading Passed - No Amendments,9
HB16-1360,2016,RS,House,2016-04-29,House Considered Senate Amendments - Result was to Concur - Repass,10
HB16-1360,2016,RS,House,2016-04-29,House Considered Senate Amendments - Result was to Laid Over Daily,11
HB16-1360,2016,RS,Senate,2016-05-10,Signed by the President of the Senate,12
HB16-1360,2016,RS,House,2016-05-10,Signed by the Speaker of the House,13
HB16-1360,2016,RS,Governor,2016-05-11,Sent to the Governor,14
HB16-1360,2016,RS,Governor,2016-06-10,Governor Signed,15
HB16-1361,2016,RS,House,2016-03-16,Introduced In House - Assigned to Public Health Care & Human Services,1
HB16-1361,2016,RS,House,2016-04-05,House Committee on Public Health Care & Human Services Refer Amended to House Committee of the Whole,2
HB16-1361,2016,RS,House,2016-04-07,House Second Reading Passed with Amendments - Committee,3
HB16-1361,2016,RS,House,2016-04-08,House Third Reading Laid Over to 04/14/2016 - No Amendments,4
HB16-1361,2016,RS,House,2016-04-14,House Third Reading Passed - No Amendments,5
HB16-1361,2016,RS,Senate,2016-04-14,"Introduced In Senate - Assigned to State, Veterans, & Military Affairs + Finance",6
HB16-1361,2016,RS,Senate,2016-04-25,"Senate Committee on State, Veterans, & Military Affairs Refer Unamended to Finance",7
HB16-1361,2016,RS,Senate,2016-05-06,Senate Committee on Finance Postpone Indefinitely,8
HB16-1362,2016,RS,House,2016-03-16,Introduced In House - Assigned to Appropriations,1
HB16-1362,2016,RS,House,2016-04-26,House Committee on Appropriations Refer Amended to House Committee of the Whole,2
HB16-1362,2016,RS,House,2016-04-27,House Second Reading Passed with Amendments - Committee,3
HB16-1362,2016,RS,House,2016-04-28,House Third Reading Laid Over Daily - No Amendments,4
HB16-1362,2016,RS,House,2016-04-29,House Third Reading Passed - No Amendments,5
HB16-1362,2016,RS,Senate,2016-04-29,Introduced In Senate - Assigned to Finance,6
HB16-1362,2016,RS,Senate,2016-05-03,Senate Committee on Finance Refer Amended to Appropriations,7
HB16-1362,2016,RS,Senate,2016-05-05,Senate Committee on Appropriations Refer Amended to Senate Committee of the Whole,8
HB16-1362,2016,RS,Senate,2016-05-05,Senate Second Reading Special Order - Passed with Amendments - Committee,9
HB16-1362,2016,RS,Senate,2016-05-06,Senate Third Reading Passed - No Amendments,10
HB16-1362,2016,RS,House,2016-05-09,House Considered Senate Amendments - Result was to Concur - Repass,11
HB16-1362,2016,RS,House,2016-05-17,Signed by the Speaker of the House,12
HB16-1362,2016,RS,Senate,2016-05-18,Signed by the President of the Senate,13
HB16-1362,2016,RS,Governor,2016-05-18,Sent to the Governor,14
HB16-1362,2016,RS,Governor,2016-06-10,Governor Signed,15
HB16-1363,2016,RS,House,2016-03-16,Introduced In House - Assigned to Finance,1
HB16-1363,2016,RS,House,2016-04-13,House Committee on Finance Refer Unamended to House Committee of the Whole,2
HB16-1363,2016,RS,House,2016-04-15,House Second Reading Special Order - Passed - No Amendments,3
HB16-1363,2016,RS,House,2016-04-19,House Third Reading Laid Over Daily - No Amendments,4
HB16-1363,2016,RS,House,2016-04-20,House Third Reading Passed - No Amendments,5
HB16-1363,2016,RS,Senate,2016-04-20,Introduced In Senate - Assigned to Judiciary,6
HB16-1363,2016,RS,Senate,2016-05-02,Senate Committee on Judiciary Refer Unamended to Senate Committee of the Whole,7
HB16-1363,2016,RS,Senate,2016-05-03,Senate Second Reading Special Order - Passed - No Amendments,8
HB16-1363,2016,RS,Senate,2016-05-04,Senate Third Reading Passed - No Amendments,9
HB16-1363,2016,RS,House,2016-05-17,Signed by the Speaker of the House,10
HB16-1363,2016,RS,Senate,2016-05-17,Signed by the President of the Senate,11
HB16-1363,2016,RS,Governor,2016-05-18,Sent to the Governor,12
HB16-1363,2016,RS,Governor,2016-06-10,Governor Signed,13
HB16-1364,2016,RS,House,2016-03-16,Introduced In House - Assigned to Transportation & Energy,1
HB16-1364,2016,RS,House,2016-04-06,House Committee on Transportation & Energy Refer Unamended to Appropriations,2
HB16-1364,2016,RS,House,2016-04-15,House Committee on Appropriations Refer Amended to House Committee of the Whole,3
HB16-1364,2016,RS,House,2016-04-15,House Second Reading Special Order - Passed with Amendments - Committee,4
HB16-1364,2016,RS,House,2016-04-18,House Third Reading Passed - No Amendments,5
HB16-1364,2016,RS,Senate,2016-04-18,Introduced In Senate - Assigned to Finance,6
HB16-1364,2016,RS,Senate,2016-04-26,Senate Committee on Finance Postpone Indefinitely,7
HB16-1365,2016,RS,House,2016-03-16,Introduced In House - Assigned to Education,1
HB16-1365,2016,RS,House,2016-03-28,House Committee on Education Refer Amended to House Committee of the Whole,2
HB16-1365,2016,RS,House,2016-04-05,House Second Reading Laid Over Daily - No Amendments,3
HB16-1365,2016,RS,House,2016-04-06,"House Second Reading Passed with Amendments - Committee, Floor",4
HB16-1365,2016,RS,House,2016-04-07,House Third Reading Laid Over Daily - No Amendments,5
HB16-1365,2016,RS,House,2016-04-11,House Third Reading Passed - No Amendments,6
HB16-1365,2016,RS,Senate,2016-04-11,Introduced In Senate - Assigned to Education,7
HB16-1365,2016,RS,Senate,2016-05-06,"Senate Committee on State, Veterans, & Military Affairs Postpone Indefinitely",8
HB16-1366,2016,RS,House,2016-03-16,Introduced In House - Assigned to Public Health Care & Human Services,1
HB16-1366,2016,RS,House,2016-04-12,House Committee on Public Health Care & Human Services Refer Amended to House Committee of the Whole,2
HB16-1366,2016,RS,House,2016-04-18,House Second Reading Laid Over Daily - No Amendments,3
HB16-1366,2016,RS,House,2016-04-20,House Second Reading Passed with Amendments - Committee,4
HB16-1366,2016,RS,House,2016-04-21,House Third Reading Passed - No Amendments,5
HB16-1366,2016,RS,Senate,2016-04-21,"Introduced In Senate - Assigned to Business, Labor, & Technology",6
HB16-1366,2016,RS,Senate,2016-05-04,"Senate Committee on Business, Labor, & Technology Postpone Indefinitely",7
HB16-1367,2016,RS,House,2016-03-16,Introduced In House - Assigned to Local Government,1
HB16-1367,2016,RS,House,2016-04-07,House Committee on Local Government Refer Amended to House Committee of the Whole,2
HB16-1367,2016,RS,House,2016-04-12,House Second Reading Laid Over Daily - No Amendments,3
HB16-1367,2016,RS,House,2016-04-13,House Second Reading Passed with Amendments - Committee,4
HB16-1367,2016,RS,House,2016-04-14,House Third Reading Passed - No Amendments,5
HB16-1367,2016,RS,Senate,2016-04-14,Introduced In Senate - Assigned to Local Government,6
HB16-1367,2016,RS,Senate,2016-04-19,Senate Committee on Local Government Refer Unamended to Senate Committee of the Whole,7
HB16-1367,2016,RS,Senate,2016-04-21,Senate Second Reading Laid Over Daily - No Amendments,8
HB16-1367,2016,RS,Senate,2016-04-22,Senate Second Reading Passed - No Amendments,9
HB16-1367,2016,RS,Senate,2016-04-25,Senate Third Reading Passed - No Amendments,10
HB16-1367,2016,RS,House,2016-05-02,Signed by the Speaker of the House,11
HB16-1367,2016,RS,Senate,2016-05-03,Signed by the President of the Senate,12
HB16-1367,2016,RS,Governor,2016-05-04,Sent to the Governor,13
HB16-1367,2016,RS,Governor,2016-06-10,Governor Signed,14
HB16-1368,2016,RS,House,2016-03-16,"Introduced In House - Assigned to State, Veterans, & Military Affairs",1
HB16-1368,2016,RS,House,2016-04-06,"House Committee on State, Veterans, & Military Affairs Refer Unamended to House Committee of the Whole",2
HB16-1368,2016,RS,House,2016-04-12,House Second Reading Laid Over Daily - No Amendments,3
HB16-1368,2016,RS,House,2016-04-13,House Second Reading Passed - No Amendments,4
HB16-1368,2016,RS,House,2016-04-19,House Third Reading Laid Over Daily - No Amendments,5
HB16-1368,2016,RS,House,2016-04-27,House Third Reading Passed - No Amendments,6
HB16-1368,2016,RS,Senate,2016-04-27,"Introduced In Senate - Assigned to State, Veterans, & Military Affairs",7
HB16-1368,2016,RS,Senate,2016-05-03,"Senate Committee on State, Veterans, & Military Affairs Refer Amended to Senate Committee of the Whole",8
HB16-1368,2016,RS,Senate,2016-05-03,Senate Second Reading Special Order - Passed with Amendments - Committee,9
HB16-1368,2016,RS,Senate,2016-05-04,Senate Third Reading Laid Over Daily - No Amendments,10
HB16-1368,2016,RS,Senate,2016-05-05,Senate Third Reading Passed - No Amendments,11
HB16-1368,2016,RS,House,2016-05-06,House Considered Senate Amendments - Result was to Concur - Repass,12
HB16-1368,2016,RS,House,2016-05-17,Signed by the Speaker of the House,13
HB16-1368,2016,RS,Senate,2016-05-17,Signed by the President of the Senate,14
HB16-1368,2016,RS,Governor,2016-05-18,Sent to the Governor,15
HB16-1368,2016,RS,Governor,2016-06-06,Governor Signed,16
HB16-1369,2016,RS,House,2016-03-16,"Introduced In House - Assigned to State, Veterans, & Military Affairs",1
HB16-1369,2016,RS,House,2016-04-11,"House Committee on State, Veterans, & Military Affairs Postpone Indefinitely",2
HB16-1370,2016,RS,House,2016-03-16,Introduced In House - Assigned to Business Affairs and Labor,1
HB16-1370,2016,RS,House,2016-04-28,House Committee on Business Affairs and Labor Postpone Indefinitely,2
HB16-1371,2016,RS,House,2016-03-16,Introduced In House - Assigned to Finance,1
HB16-1371,2016,RS,House,2016-04-13,House Committee on Finance Refer Unamended to Appropriations,2
HB16-1371,2016,RS,House,2016-05-03,House Committee on Appropriations Refer Amended to House Committee of the Whole,3
HB16-1371,2016,RS,House,2016-05-03,House Second Reading Special Order - Passed with Amendments - Committee,4
HB16-1371,2016,RS,House,2016-05-04,House Third Reading Passed - No Amendments,5
HB16-1371,2016,RS,Senate,2016-05-04,"Introduced In Senate - Assigned to State, Veterans, & Military Affairs",6
HB16-1371,2016,RS,Senate,2016-05-05,"Senate Committee on State, Veterans, & Military Affairs Postpone Indefinitely",7
HB16-1372,2016,RS,House,2016-03-16,Introduced In House - Assigned to Public Health Care & Human Services + Finance,1
HB16-1372,2016,RS,House,2016-04-05,House Committee on Public Health Care & Human Services Refer Amended to Finance,2
HB16-1372,2016,RS,House,2016-04-20,House Committee on Finance Postpone Indefinitely,3
HB16-1373,2016,RS,House,2016-03-16,"Introduced In House - Assigned to Agriculture, Livestock, & Natural Resources",1
HB16-1373,2016,RS,House,2016-04-11,"House Committee on Agriculture, Livestock, & Natural Resources Refer Amended to House Committee of the Whole",2
HB16-1373,2016,RS,House,2016-04-13,House Second Reading Laid Over to 04/20/2016 - No Amendments,3
HB16-1373,2016,RS,House,2016-04-20,"House Second Reading Passed with Amendments - Committee, Floor",4
HB16-1373,2016,RS,House,2016-04-21,House Third Reading Passed - No Amendments,5
HB16-1373,2016,RS,Senate,2016-04-21,Introduced In Senate - Assigned to Education,6
HB16-1373,2016,RS,Senate,2016-04-28,Senate Committee on Education Refer Unamended to Senate Committee of the Whole,7
HB16-1373,2016,RS,Senate,2016-04-29,Senate Second Reading Special Order - Laid Over to 5/2/2016 - No Amendments,8
HB16-1373,2016,RS,Senate,2016-05-02,Senate Second Reading Passed - No Amendments,9
HB16-1373,2016,RS,Senate,2016-05-03,Senate Third Reading Passed - No Amendments,10
HB16-1373,2016,RS,Senate,2016-05-10,Signed by the President of the Senate,11
HB16-1373,2016,RS,House,2016-05-10,Signed by the Speaker of the House,12
HB16-1373,2016,RS,Governor,2016-05-11,Sent to the Governor,13
HB16-1373,2016,RS,Governor,2016-06-06,Governor Signed,14
HB16-1374,2016,RS,House,2016-03-16,"Introduced In House - Assigned to Health, Insurance, & Environment",1
HB16-1374,2016,RS,House,2016-04-14,"House Committee on Health, Insurance, & Environment Refer Amended to House Committee of the Whole",2
HB16-1374,2016,RS,House,2016-05-02,House Second Reading Laid Over to 05/03/2016 - No Amendments,3
HB16-1374,2016,RS,House,2016-05-03,House Second Reading Special Order - Passed with Amendments - Floor,4
HB16-1374,2016,RS,House,2016-05-04,House Third Reading Passed - No Amendments,5
HB16-1374,2016,RS,Senate,2016-05-04,"Introduced In Senate - Assigned to State, Veterans, & Military Affairs",6
HB16-1374,2016,RS,Senate,2016-05-05,"Senate Committee on State, Veterans, & Military Affairs Postpone Indefinitely",7
HB16-1375,2016,RS,House,2016-03-16,Introduced In House - Assigned to Education,1
HB16-1375,2016,RS,House,2016-03-21,House Committee on Education Refer Unamended to House Committee of the Whole,2
HB16-1375,2016,RS,House,2016-03-24,House Second Reading Passed - No Amendments,3
HB16-1375,2016,RS,House,2016-03-28,House Third Reading Passed - No Amendments,4
HB16-1375,2016,RS,Senate,2016-03-28,Introduced In Senate - Assigned to Education,5
HB16-1375,2016,RS,Senate,2016-04-14,Senate Committee on Education Refer Unamended to Senate Committee of the Whole,6
HB16-1375,2016,RS,Senate,2016-04-19,Senate Second Reading Passed - No Amendments,7
HB16-1375,2016,RS,Senate,2016-04-20,Senate Third Reading Passed - No Amendments,8
HB16-1375,2016,RS,House,2016-05-02,Signed by the Speaker of the House,9
HB16-1375,2016,RS,Senate,2016-05-03,Signed by the President of the Senate,10
HB16-1375,2016,RS,Governor,2016-05-04,Sent to the Governor,11
HB16-1375,2016,RS,Governor,2016-06-06,Governor Signed,12
HB16-1376,2016,RS,House,2016-03-16,Introduced In House - Assigned to Transportation & Energy,1
HB16-1376,2016,RS,House,2016-04-06,House Committee on Transportation & Energy Refer Amended to Finance,2
HB16-1376,2016,RS,House,2016-04-21,House Committee on Finance Refer Unamended to Appropriations,3
HB16-1376,2016,RS,House,2016-04-28,House Committee on Appropriations Refer Amended to House Committee of the Whole,4
HB16-1376,2016,RS,House,2016-04-28,House Second Reading Special Order - Passed with Amendments - Committee,5
HB16-1376,2016,RS,House,2016-05-02,House Third Reading Laid Over to 05/03/2016 - No Amendments,6
HB16-1376,2016,RS,House,2016-05-03,House Third Reading Passed - No Amendments,7
HB16-1376,2016,RS,Senate,2016-05-03,"Introduced In Senate - Assigned to State, Veterans, & Military Affairs",8
HB16-1376,2016,RS,Senate,2016-05-05,"Senate Committee on State, Veterans, & Military Affairs Postpone Indefinitely",9
HB16-1377,2016,RS,House,2016-03-16,Introduced In House - Assigned to Public Health Care & Human Services,1
HB16-1377,2016,RS,House,2016-03-22,House Committee on Public Health Care & Human Services Refer Unamended to House Committee of the Whole,2
HB16-1377,2016,RS,House,2016-03-28,House Second Reading Passed - No Amendments,3
HB16-1377,2016,RS,House,2016-03-29,House Third Reading Laid Over to 04/012016 - No Amendments,4
HB16-1377,2016,RS,House,2016-04-01,House Third Reading Passed - No Amendments,5
HB16-1377,2016,RS,Senate,2016-04-01,Introduced In Senate - Assigned to Health & Human Services,6
HB16-1377,2016,RS,Senate,2016-04-20,Senate Committee on Health & Human Services Refer Amended to Senate Committee of the Whole,7
HB16-1377,2016,RS,Senate,2016-04-25,Senate Second Reading Laid Over Daily - No Amendments,8
HB16-1377,2016,RS,Senate,2016-05-02,"Senate Second Reading Passed with Amendments - Committee, Floor",9
HB16-1377,2016,RS,Senate,2016-05-03,Senate Third Reading Passed with Amendments - Floor,10
HB16-1377,2016,RS,House,2016-05-05,House Considered Senate Amendments - Result was to Concur - Repass,11
HB16-1377,2016,RS,House,2016-05-17,Signed by the Speaker of the House,12
HB16-1377,2016,RS,Senate,2016-05-17,Signed by the President of the Senate,13
HB16-1377,2016,RS,Governor,2016-05-18,Sent to the Governor,14
HB16-1377,2016,RS,Governor,2016-06-08,Governor Signed,15
HB16-1378,2016,RS,House,2016-03-16,Introduced In House - Assigned to Finance,1
HB16-1378,2016,RS,House,2016-04-21,House Committee on Finance Refer Amended to House Committee of the Whole,2
HB16-1378,2016,RS,House,2016-04-25,House Second Reading Passed with Amendments - Committee,3
HB16-1378,2016,RS,House,2016-04-26,House Third Reading Laid Over Daily - No Amendments,4
HB16-1378,2016,RS,House,2016-04-27,House Third Reading Passed - No Amendments,5
HB16-1378,2016,RS,Senate,2016-04-27,Introduced In Senate - Assigned to Judiciary,6
HB16-1378,2016,RS,Senate,2016-05-02,Senate Committee on Judiciary Refer Unamended - Consent Calendar to Senate Committee of the Whole,7
HB16-1378,2016,RS,Senate,2016-05-03,Senate Second Reading Special Order - Passed with Amendments - Floor,8
HB16-1378,2016,RS,Senate,2016-05-04,Senate Third Reading Passed - No Amendments,9
HB16-1378,2016,RS,House,2016-05-05,House Considered Senate Amendments - Result was to Concur - Repass,10
HB16-1378,2016,RS,House,2016-05-12,Signed by the Speaker of the House,11
HB16-1378,2016,RS,Senate,2016-05-13,Signed by the President of the Senate,12
HB16-1378,2016,RS,Governor,2016-05-13,Sent to the Governor,13
HB16-1378,2016,RS,Governor,2016-06-10,Governor Signed,14
HB16-1379,2016,RS,House,2016-03-16,"Introduced In House - Assigned to Health, Insurance, & Environment",1
HB16-1379,2016,RS,House,2016-03-24,"House Committee on Health, Insurance, & Environment Refer Unamended to House Committee of the Whole",2
HB16-1379,2016,RS,House,2016-03-31,House Second Reading Passed - No Amendments,3
HB16-1379,2016,RS,House,2016-04-01,House Third Reading Passed - No Amendments,4
HB16-1379,2016,RS,Senate,2016-04-01,Introduced In Senate - Assigned to Health & Human Services,5
HB16-1379,2016,RS,Senate,2016-04-07,Senate Committee on Health & Human Services Refer Amended - Consent Calendar to Senate Committee of the Whole,6
HB16-1379,2016,RS,Senate,2016-04-12,Senate Second Reading Passed with Amendments - Committee,7
HB16-1379,2016,RS,Senate,2016-04-13,Senate Third Reading Passed - No Amendments,8
HB16-1379,2016,RS,Senate,2016-04-18,House Considered Senate Amendments - Result was to Concur - Repass,9
HB16-1379,2016,RS,Senate,2016-04-18,House Considered Senate Amendments - Result was to Laid Over Daily,10
HB16-1379,2016,RS,House,2016-04-26,Signed by the Speaker of the House,11
HB16-1379,2016,RS,Senate,2016-04-27,Signed by the President of the Senate,12
HB16-1379,2016,RS,Governor,2016-04-27,Sent to the Governor,13
HB16-1379,2016,RS,Governor,2016-05-04,Governor Signed,14
HB16-1380,2016,RS,House,2016-03-16,Introduced In House - Assigned to Public Health Care & Human Services,1
HB16-1380,2016,RS,House,2016-04-08,House Committee on Public Health Care & Human Services Refer Unamended to Appropriations,2
HB16-1380,2016,RS,House,2016-05-03,House Committee on Appropriations Refer Amended to House Committee of the Whole,3
HB16-1380,2016,RS,House,2016-05-03,House Second Reading Special Order - Passed with Amendments - Committee,4
HB16-1380,2016,RS,House,2016-05-04,House Third Reading Passed - No Amendments,5
HB16-1380,2016,RS,Senate,2016-05-04,Introduced In Senate - Assigned to Finance,6
HB16-1380,2016,RS,Senate,2016-05-05,Senate Committee on Finance Postpone Indefinitely,7
HB16-1381,2016,RS,House,2016-03-16,Introduced In House - Assigned to Public Health Care & Human Services,1
HB16-1381,2016,RS,House,2016-04-12,House Committee on Public Health Care & Human Services Refer Amended to House Committee of the Whole,2
HB16-1381,2016,RS,House,2016-04-20,House Second Reading Laid Over Daily - No Amendments,3
HB16-1381,2016,RS,House,2016-04-21,House Second Reading Passed with Amendments - Committee,4
HB16-1381,2016,RS,House,2016-04-22,House Third Reading Passed - No Amendments,5
HB16-1381,2016,RS,Senate,2016-04-22,"Introduced In Senate - Assigned to State, Veterans, & Military Affairs",6
HB16-1381,2016,RS,Senate,2016-05-02,"Senate Committee on State, Veterans, & Military Affairs Postpone Indefinitely",7
HB16-1382,2016,RS,House,2016-03-16,"Introduced In House - Assigned to Agriculture, Livestock, & Natural Resources",1
HB16-1382,2016,RS,House,2016-04-04,"House Committee on Agriculture, Livestock, & Natural Resources Postpone Indefinitely",2
HB16-1383,2016,RS,House,2016-03-16,Introduced In House - Assigned to Public Health Care & Human Services,1
HB16-1383,2016,RS,House,2016-04-19,House Committee on Public Health Care & Human Services Refer Amended to Appropriations,2
HB16-1383,2016,RS,House,2016-05-03,House Committee on Appropriations Refer Amended to House Committee of the Whole,3
HB16-1383,2016,RS,House,2016-05-03,House Second Reading Special Order - Passed with Amendments - Committee,4
HB16-1383,2016,RS,House,2016-05-04,House Third Reading Passed - No Amendments,5
HB16-1383,2016,RS,Senate,2016-05-04,Introduced In Senate - Assigned to Finance,6
HB16-1383,2016,RS,Senate,2016-05-05,Senate Committee on Finance Refer Unamended to Appropriations,7
HB16-1383,2016,RS,Senate,2016-05-05,Senate Committee on Appropriations Refer Amended to Senate Committee of the Whole,8
HB16-1383,2016,RS,Senate,2016-05-05,"Senate Second Reading Special Order - Passed with Amendments - Committee, Floor",9
HB16-1383,2016,RS,Senate,2016-05-06,Senate Third Reading Lost - No Amendments,10
HB16-1384,2016,RS,House,2016-03-16,Introduced In House - Assigned to Judiciary,1
HB16-1384,2016,RS,House,2016-04-21,House Committee on Judiciary Postpone Indefinitely,2
HB16-1385,2016,RS,House,2016-03-16,Introduced In House - Assigned to Public Health Care & Human Services,1
HB16-1385,2016,RS,House,2016-04-26,House Committee on Public Health Care & Human Services Refer Amended to Appropriations,2
HB16-1385,2016,RS,House,2016-05-03,House Committee on Appropriations Refer Amended to House Committee of the Whole,3
HB16-1385,2016,RS,House,2016-05-03,"House Second Reading Special Order - Passed with Amendments - Committee, Floor",4
HB16-1385,2016,RS,House,2016-05-04,House Third Reading Laid Over Daily - No Amendments,5
HB16-1385,2016,RS,House,2016-05-05,House Third Reading Passed - No Amendments,6
HB16-1385,2016,RS,Senate,2016-05-05,Introduced In Senate - Assigned to,7
HB16-1385,2016,RS,Senate,2016-05-06,"Senate Committee on State, Veterans, & Military Affairs Refer Unamended to Appropriations",8
HB16-1385,2016,RS,Senate,2016-05-06,Senate Committee on Appropriations Postpone Indefinitely,9
HB16-1386,2016,RS,House,2016-03-16,Introduced In House - Assigned to Finance,1
HB16-1386,2016,RS,House,2016-04-07,House Committee on Finance Refer Amended to Appropriations,2
HB16-1386,2016,RS,House,2016-04-22,House Committee on Appropriations Refer Amended to House Committee of the Whole,3
HB16-1386,2016,RS,House,2016-04-22,House Second Reading Special Order - Passed with Amendments - Committee,4
HB16-1386,2016,RS,House,2016-04-25,House Third Reading Passed - No Amendments,5
HB16-1386,2016,RS,Senate,2016-04-25,"Introduced In Senate - Assigned to State, Veterans, & Military Affairs",6
HB16-1386,2016,RS,Senate,2016-05-02,"Senate Committee on State, Veterans, & Military Affairs Refer Unamended to Appropriations",7
HB16-1386,2016,RS,Senate,2016-05-05,Senate Committee on Appropriations Refer Unamended to Senate Committee of the Whole,8
HB16-1386,2016,RS,Senate,2016-05-05,Senate Second Reading Special Order - Passed - No Amendments,9
HB16-1386,2016,RS,Senate,2016-05-06,Senate Third Reading Passed - No Amendments,10
HB16-1386,2016,RS,House,2016-05-17,Signed by the Speaker of the House,11
HB16-1386,2016,RS,Senate,2016-05-18,Signed by the President of the Senate,12
HB16-1386,2016,RS,Governor,2016-05-18,Sent to the Governor,13
HB16-1386,2016,RS,Governor,2016-06-10,Governor Signed,14
HB16-1387,2016,RS,House,2016-03-16,Introduced In House - Assigned to Public Health Care & Human Services,1
HB16-1387,2016,RS,House,2016-04-12,House Committee on Public Health Care & Human Services Refer Amended to House Committee of the Whole,2
HB16-1387,2016,RS,House,2016-04-20,House Second Reading Laid Over Daily - No Amendments,3
HB16-1387,2016,RS,House,2016-04-21,House Second Reading Passed with Amendments - Committee,4
HB16-1387,2016,RS,House,2016-04-22,House Third Reading Passed - No Amendments,5
HB16-1387,2016,RS,Senate,2016-04-22,Introduced In Senate - Assigned to Health & Human Services,6
HB16-1387,2016,RS,Senate,2016-04-28,Senate Committee on Health & Human Services Refer Unamended to Senate Committee of the Whole,7
HB16-1387,2016,RS,Senate,2016-04-29,Senate Second Reading Special Order - Passed - No Amendments,8
HB16-1387,2016,RS,Senate,2016-05-02,Senate Third Reading Passed - No Amendments,9
HB16-1387,2016,RS,House,2016-05-05,Signed by the Speaker of the House,10
HB16-1387,2016,RS,Senate,2016-05-05,Signed by the President of the Senate,11
HB16-1387,2016,RS,Governor,2016-05-05,Sent to the Governor,12
HB16-1387,2016,RS,Governor,2016-06-01,Governor Signed,13
HB16-1388,2016,RS,House,2016-03-16,Introduced In House - Assigned to Judiciary,1
HB16-1388,2016,RS,House,2016-04-12,House Committee on Judiciary Refer Unamended to Appropriations,2
HB16-1388,2016,RS,House,2016-04-22,House Committee on Appropriations Refer Unamended to House Committee of the Whole,3
HB16-1388,2016,RS,House,2016-04-22,House Second Reading Passed with Amendments - Floor,4
HB16-1388,2016,RS,House,2016-04-26,House Third Reading Laid Over Daily - No Amendments,5
HB16-1388,2016,RS,House,2016-04-27,House Third Reading Passed - No Amendments,6
HB16-1388,2016,RS,Senate,2016-04-27,"Introduced In Senate - Assigned to State, Veterans, & Military Affairs",7
HB16-1388,2016,RS,Senate,2016-05-04,"Senate Committee on State, Veterans, & Military Affairs Postpone Indefinitely",8
HB16-1389,2016,RS,House,2016-03-17,"Introduced In House - Assigned to State, Veterans, & Military Affairs",1
HB16-1389,2016,RS,House,2016-04-13,"House Committee on State, Veterans, & Military Affairs Postpone Indefinitely",2
HB16-1390,2016,RS,House,2016-03-17,Introduced In House - Assigned to Public Health Care & Human Services,1
HB16-1390,2016,RS,House,2016-04-12,House Committee on Public Health Care & Human Services Refer Unamended to House Committee of the Whole,2
HB16-1390,2016,RS,House,2016-04-14,House Second Reading Laid Over Daily - No Amendments,3
HB16-1390,2016,RS,House,2016-04-15,House Second Reading Special Order - Passed - No Amendments,4
HB16-1390,2016,RS,House,2016-04-18,House Third Reading Passed - No Amendments,5
HB16-1390,2016,RS,Senate,2016-04-18,Introduced In Senate - Assigned to Judiciary,6
HB16-1390,2016,RS,Senate,2016-04-25,Senate Committee on Judiciary Refer Unamended - Consent Calendar to Senate Committee of the Whole,7
HB16-1390,2016,RS,Senate,2016-04-27,Senate Second Reading Special Order - Passed - No Amendments,8
HB16-1390,2016,RS,Senate,2016-04-28,Senate Third Reading Passed - No Amendments,9
HB16-1390,2016,RS,House,2016-05-05,Signed by the Speaker of the House,10
HB16-1390,2016,RS,Senate,2016-05-05,Signed by the President of the Senate,11
HB16-1390,2016,RS,Governor,2016-05-05,Sent to the Governor,12
HB16-1390,2016,RS,Governor,2016-05-19,Governor Signed,13
HB16-1391,2016,RS,House,2016-03-17,Introduced In House - Assigned to Judiciary,1
HB16-1391,2016,RS,House,2016-04-07,House Committee on Judiciary Refer Unamended to House Committee of the Whole,2
HB16-1391,2016,RS,House,2016-04-12,House Second Reading Laid Over Daily - No Amendments,3
HB16-1391,2016,RS,House,2016-04-13,House Second Reading Passed - No Amendments,4
HB16-1391,2016,RS,House,2016-04-14,House Third Reading Passed - No Amendments,5
HB16-1391,2016,RS,Senate,2016-04-14,Introduced In Senate - Assigned to Judiciary,6
HB16-1391,2016,RS,Senate,2016-04-18,Senate Committee on Judiciary Refer Unamended - Consent Calendar to Senate Committee of the Whole,7
HB16-1391,2016,RS,Senate,2016-04-21,Senate Second Reading Laid Over Daily - No Amendments,8
HB16-1391,2016,RS,Senate,2016-04-22,Senate Second Reading Passed with Amendments - Floor,9
HB16-1391,2016,RS,Senate,2016-04-25,Senate Third Reading Passed with Amendments - Floor,10
HB16-1391,2016,RS,House,2016-05-05,Signed by the Speaker of the House,11
HB16-1391,2016,RS,Senate,2016-05-05,Signed by the President of the Senate,12
HB16-1391,2016,RS,Governor,2016-05-05,Sent to the Governor,13
HB16-1391,2016,RS,Governor,2016-06-10,Governor Signed,14
HB16-1392,2016,RS,House,2016-03-17,"Introduced In House - Assigned to Agriculture, Livestock, & Natural Resources",1
HB16-1392,2016,RS,House,2016-04-11,"House Committee on Agriculture, Livestock, & Natural Resources Postpone Indefinitely",2
HB16-1393,2016,RS,House,2016-03-17,Introduced In House - Assigned to Judiciary,1
HB16-1393,2016,RS,House,2016-04-21,House Committee on Judiciary Witness Testimony and/or Committee Discussion Only,2
HB16-1393,2016,RS,House,2016-04-26,House Committee on Judiciary Refer Amended to House Committee of the Whole,3
HB16-1393,2016,RS,House,2016-04-28,House Second Reading Special Order - Passed with Amendments - Committee,4
HB16-1393,2016,RS,House,2016-04-29,House Third Reading Passed - No Amendments,5
HB16-1393,2016,RS,Senate,2016-04-29,"Introduced In Senate - Assigned to State, Veterans, & Military Affairs",6
HB16-1393,2016,RS,Senate,2016-05-03,"Senate Committee on State, Veterans, & Military Affairs Refer Unamended - Consent Calendar to Senate Committee of the Whole",7
HB16-1393,2016,RS,Senate,2016-05-03,Senate Second Reading Special Order - Passed - No Amendments,8
HB16-1393,2016,RS,Senate,2016-05-04,Senate Third Reading Passed - No Amendments,9
HB16-1393,2016,RS,House,2016-05-17,Signed by the Speaker of the House,10
HB16-1393,2016,RS,Senate,2016-05-17,Signed by the President of the Senate,11
HB16-1393,2016,RS,Governor,2016-05-18,Sent to the Governor,12
HB16-1393,2016,RS,Governor,2016-06-10,Governor Signed,13
HB16-1394,2016,RS,House,2016-03-17,"Introduced In House - Assigned to Health, Insurance, & Environment",1
HB16-1394,2016,RS,House,2016-04-19,"House Committee on Health, Insurance, & Environment Refer Amended to House Committee of the Whole",2
HB16-1394,2016,RS,House,2016-04-25,"House Second Reading Re-referred to Health, Insurance, & Environment - No Amendments",3
HB16-1394,2016,RS,House,2016-04-28,"House Second Reading Special Order - Passed with Amendments - Committee, Floor",4
HB16-1394,2016,RS,House,2016-04-29,House Third Reading Passed - No Amendments,5
HB16-1394,2016,RS,Senate,2016-04-29,Introduced In Senate - Assigned to Finance,6
HB16-1394,2016,RS,Senate,2016-05-03,Senate Committee on Finance Refer Amended to Senate Committee of the Whole,7
HB16-1394,2016,RS,Senate,2016-05-03,Senate Second Reading Special Order - Passed with Amendments - Committee,8
HB16-1394,2016,RS,Senate,2016-05-04,Senate Third Reading Passed - No Amendments,9
HB16-1394,2016,RS,House,2016-05-05,House Considered Senate Amendments - Result was to Concur - Repass,10
HB16-1394,2016,RS,House,2016-05-17,Signed by the Speaker of the House,11
HB16-1394,2016,RS,Senate,2016-05-17,Signed by the President of the Senate,12
HB16-1394,2016,RS,Governor,2016-05-17,Sent to the Governor,13
HB16-1394,2016,RS,Governor,2016-05-18,Governor Signed,14
HB16-1395,2016,RS,House,2016-03-17,Introduced In House - Assigned to Judiciary,1
HB16-1395,2016,RS,House,2016-05-05,House Committee on Judiciary Postpone Indefinitely,2
HB16-1396,2016,RS,House,2016-03-17,Introduced In House - Assigned to Judiciary,1
HB16-1396,2016,RS,House,2016-03-24,House Committee on Judiciary Refer Unamended to House Committee of the Whole,2
HB16-1396,2016,RS,House,2016-03-31,House Second Reading Passed - No Amendments,3
HB16-1396,2016,RS,House,2016-04-01,House Third Reading Laid Over to 04/04/2016 - No Amendments,4
HB16-1396,2016,RS,House,2016-04-04,House Third Reading Passed - No Amendments,5
HB16-1396,2016,RS,Senate,2016-04-04,"Introduced In Senate - Assigned to State, Veterans, & Military Affairs",6
HB16-1396,2016,RS,Senate,2016-04-18,"Senate Committee on State, Veterans, & Military Affairs Postpone Indefinitely",7
HB16-1397,2016,RS,House,2016-03-17,"Introduced In House - Assigned to State, Veterans, & Military Affairs",1
HB16-1397,2016,RS,House,2016-03-28,"House Committee on State, Veterans, & Military Affairs Refer Amended to House Committee of the Whole",2
HB16-1397,2016,RS,House,2016-04-04,House Second Reading Laid Over Daily - No Amendments,3
HB16-1397,2016,RS,House,2016-04-11,House Second Reading Laid Over to 04/13/2016 - No Amendments,4
HB16-1397,2016,RS,House,2016-04-13,House Second Reading Passed with Amendments - Floor,5
HB16-1397,2016,RS,House,2016-04-14,House Third Reading Passed - No Amendments,6
HB16-1397,2016,RS,Senate,2016-04-14,"Introduced In Senate - Assigned to State, Veterans, & Military Affairs",7
HB16-1397,2016,RS,Senate,2016-04-25,"Senate Committee on State, Veterans, & Military Affairs Refer Unamended - Consent Calendar to Senate Committee of the Whole",8
HB16-1397,2016,RS,Senate,2016-04-27,Senate Second Reading Special Order - Passed - No Amendments,9
HB16-1397,2016,RS,Senate,2016-04-28,Senate Third Reading Passed - No Amendments,10
HB16-1397,2016,RS,House,2016-05-05,Signed by the Speaker of the House,11
HB16-1397,2016,RS,Senate,2016-05-05,Signed by the President of the Senate,12
HB16-1397,2016,RS,Governor,2016-05-05,Sent to the Governor,13
HB16-1397,2016,RS,Governor,2016-06-01,Governor Signed,14
HB16-1398,2016,RS,House,2016-03-17,Introduced In House - Assigned to Public Health Care & Human Services,1
HB16-1398,2016,RS,House,2016-04-15,House Committee on Public Health Care & Human Services Refer Amended to Appropriations,2
HB16-1398,2016,RS,House,2016-04-26,House Committee on Appropriations Refer Amended to House Committee of the Whole,3
HB16-1398,2016,RS,House,2016-04-27,House Second Reading Passed with Amendments - Committee,4
HB16-1398,2016,RS,House,2016-04-28,House Third Reading Laid Over Daily - No Amendments,5
HB16-1398,2016,RS,House,2016-04-29,House Third Reading Passed - No Amendments,6
HB16-1398,2016,RS,Senate,2016-04-29,Introduced In Senate - Assigned to Finance,7
HB16-1398,2016,RS,Senate,2016-05-05,Senate Committee on Finance Refer Amended to Appropriations,8
HB16-1398,2016,RS,Senate,2016-05-05,Senate Committee on Appropriations Refer Unamended to Senate Committee of the Whole,9
HB16-1398,2016,RS,Senate,2016-05-05,Senate Second Reading Special Order - Passed with Amendments - Committee,10
HB16-1398,2016,RS,Senate,2016-05-06,Senate Third Reading Passed - No Amendments,11
HB16-1398,2016,RS,House,2016-05-09,House Considered Senate Amendments - Result was to Concur - Repass,12
HB16-1398,2016,RS,House,2016-05-17,Signed by the Speaker of the House,13
HB16-1398,2016,RS,Senate,2016-05-18,Signed by the President of the Senate,14
HB16-1398,2016,RS,Governor,2016-05-18,Sent to the Governor,15
HB16-1398,2016,RS,Governor,2016-06-10,Governor Signed,16
HB16-1399,2016,RS,House,2016-03-22,Introduced In House - Assigned to Public Health Care & Human Services,1
HB16-1399,2016,RS,House,2016-04-08,House Committee on Public Health Care & Human Services Refer Unamended to Appropriations,2
HB16-1399,2016,RS,House,2016-04-15,House Committee on Appropriations Refer Amended to House Committee of the Whole,3
HB16-1399,2016,RS,House,2016-04-15,House Second Reading Special Order - Passed with Amendments - Committee,4
HB16-1399,2016,RS,House,2016-04-18,House Third Reading Passed - No Amendments,5
HB16-1399,2016,RS,Senate,2016-04-18,"Introduced In Senate - Assigned to State, Veterans, & Military Affairs",6
HB16-1399,2016,RS,Senate,2016-04-27,"Senate Committee on State, Veterans, & Military Affairs Postpone Indefinitely",7
HB16-1400,2016,RS,House,2016-03-24,"Introduced In House - Assigned to State, Veterans, & Military Affairs",1
HB16-1400,2016,RS,House,2016-04-18,"House Committee on State, Veterans, & Military Affairs Refer Unamended to House Committee of the Whole",2
HB16-1400,2016,RS,House,2016-04-21,House Second Reading Passed - No Amendments,3
HB16-1400,2016,RS,House,2016-04-22,House Third Reading Passed - No Amendments,4
HB16-1400,2016,RS,Senate,2016-04-22,"Introduced In Senate - Assigned to State, Veterans, & Military Affairs",5
HB16-1400,2016,RS,Senate,2016-05-02,"Senate Committee on State, Veterans, & Military Affairs Postpone Indefinitely",6
HB16-1401,2016,RS,House,2016-03-24,Introduced In House - Assigned to Business Affairs and Labor,1
HB16-1401,2016,RS,House,2016-04-05,House Committee on Business Affairs and Labor Refer Unamended to House Committee of the Whole,2
HB16-1401,2016,RS,House,2016-04-07,House Second Reading Passed - No Amendments,3
HB16-1401,2016,RS,House,2016-04-08,House Third Reading Passed - No Amendments,4
HB16-1401,2016,RS,Senate,2016-04-20,"Introduced In Senate - Assigned to Business, Labor, & Technology",5
HB16-1401,2016,RS,Senate,2016-04-25,"Senate Committee on Business, Labor, & Technology Refer Unamended to Senate Committee of the Whole",6
HB16-1401,2016,RS,Senate,2016-04-27,Senate Second Reading Special Order - Passed with Amendments - Floor,7
HB16-1401,2016,RS,Senate,2016-04-28,Senate Third Reading Passed with Amendments - Floor,8
HB16-1401,2016,RS,House,2016-05-05,Signed by the Speaker of the House,9
HB16-1401,2016,RS,Senate,2016-05-05,Signed by the President of the Senate,10
HB16-1401,2016,RS,Governor,2016-05-05,Sent to the Governor,11
HB16-1401,2016,RS,Governor,2016-06-09,Governor Became Law,12
HB16-1402,2016,RS,House,2016-03-24,Introduced In House - Assigned to Finance,1
HB16-1402,2016,RS,House,2016-04-14,House Committee on Finance Refer Unamended to House Committee of the Whole,2
HB16-1402,2016,RS,House,2016-04-18,House Second Reading Passed - No Amendments,3
HB16-1402,2016,RS,House,2016-04-19,House Third Reading Passed - No Amendments,4
HB16-1402,2016,RS,Senate,2016-04-19,Introduced In Senate - Assigned to Finance,5
HB16-1402,2016,RS,Senate,2016-04-28,Senate Committee on Finance Refer Unamended - Consent Calendar to Senate Committee of the Whole,6
HB16-1402,2016,RS,Senate,2016-04-29,Senate Second Reading Special Order - Passed - No Amendments,7
HB16-1402,2016,RS,Senate,2016-05-02,Senate Third Reading Passed - No Amendments,8
HB16-1402,2016,RS,Senate,2016-05-10,Signed by the President of the Senate,9
HB16-1402,2016,RS,House,2016-05-10,Signed by the Speaker of the House,10
HB16-1402,2016,RS,Governor,2016-05-11,Sent to the Governor,11
HB16-1402,2016,RS,Governor,2016-06-10,Governor Signed,12
HB16-1403,2016,RS,House,2016-03-24,Introduced In House - Assigned to Finance,1
HB16-1403,2016,RS,House,2016-05-04,House Committee on Finance Postpone Indefinitely,2
HB16-1404,2016,RS,House,2016-03-24,Introduced In House - Assigned to Business Affairs and Labor,1
HB16-1404,2016,RS,House,2016-04-05,House Committee on Business Affairs and Labor Witness Testimony and/or Committee Discussion Only,2
HB16-1404,2016,RS,House,2016-04-07,House Committee on Business Affairs and Labor Refer Unamended to Finance,3
HB16-1404,2016,RS,House,2016-04-20,House Committee on Finance Refer Amended to Appropriations,4
HB16-1404,2016,RS,House,2016-04-22,House Committee on Appropriations Refer Amended to House Committee of the Whole,5
HB16-1404,2016,RS,House,2016-04-22,House Second Reading Special Order - Passed with Amendments - Committee,6
HB16-1404,2016,RS,House,2016-04-25,House Third Reading Passed - No Amendments,7
HB16-1404,2016,RS,Senate,2016-04-28,Introduced In Senate - Assigned to Finance + Appropriations,8
HB16-1404,2016,RS,Senate,2016-05-03,Senate Committee on Finance Refer Amended to Appropriations,9
HB16-1404,2016,RS,Senate,2016-05-05,Senate Committee on Appropriations Refer Unamended to Senate Committee of the Whole,10
HB16-1404,2016,RS,Senate,2016-05-05,Senate Second Reading Special Order - Passed with Amendments - Committee,11
HB16-1404,2016,RS,Senate,2016-05-06,Senate Third Reading Passed - No Amendments,12
HB16-1404,2016,RS,House,2016-05-09,House Considered Senate Amendments - Result was to Concur - Repass,13
HB16-1404,2016,RS,House,2016-05-17,Signed by the Speaker of the House,14
HB16-1404,2016,RS,Senate,2016-05-18,Signed by the President of the Senate,15
HB16-1404,2016,RS,Governor,2016-05-18,Sent to the Governor,16
HB16-1404,2016,RS,Governor,2016-06-10,Governor Signed,17
HB16-1405,2016,RS,House,2016-03-28,Introduced In House - Assigned to Appropriations,1
HB16-1405,2016,RS,House,2016-03-29,House Committee on Appropriations Refer Amended to House Committee of the Whole,2
HB16-1405,2016,RS,House,2016-03-31,"House Second Reading Passed with Amendments - Committee, Floor",3
HB16-1405,2016,RS,House,2016-04-01,House Third Reading Passed - No Amendments,4
HB16-1405,2016,RS,Senate,2016-04-01,Introduced In Senate - Assigned to Appropriations,5
HB16-1405,2016,RS,Senate,2016-04-04,Senate Committee on Appropriations Refer Amended to Senate Committee of the Whole,6
HB16-1405,2016,RS,Senate,2016-04-06,"Senate Second Reading Passed with Amendments - Committee, Floor",7
HB16-1405,2016,RS,Senate,2016-04-07,Senate Third Reading Passed with Amendments - Floor,8
HB16-1405,2016,RS,House,2016-04-11,House Considered Senate Amendments - Result was to Not Concur - Request Conference Committee,9
HB16-1405,2016,RS,ConfComm,2016-04-13,First Conference Committee Result was to Adopt Reengrossed w/ Amendments,10
HB16-1405,2016,RS,,2016-04-13,First Conference Committee Result was to Adopt Reengrossed w/ Amendments,11
HB16-1405,2016,RS,Senate,2016-04-15,Senate Consideration of First Conference Committee Report result was to Adopt Committee Report - Repass,12
HB16-1405,2016,RS,House,2016-04-15,House Consideration of First Conference Committee Report result was to Adopt Committee Report - Repass,13
HB16-1405,2016,RS,House,2016-04-22,Signed by the Speaker of the House,14
HB16-1405,2016,RS,Senate,2016-04-25,Signed by the President of the Senate,15
HB16-1405,2016,RS,Governor,2016-04-25,Sent to the Governor,16
HB16-1405,2016,RS,Governor,2016-05-03,Governor Signed,17
HB16-1406,2016,RS,House,2016-03-28,Introduced In House - Assigned to Appropriations,1
HB16-1406,2016,RS,House,2016-03-29,House Committee on Appropriations Refer Unamended to House Committee of the Whole,2
HB16-1406,2016,RS,House,2016-03-31,House Second Reading Passed - No Amendments,3
HB16-1406,2016,RS,House,2016-04-01,House Third Reading Passed - No Amendments,4
HB16-1406,2016,RS,Senate,2016-04-01,Introduced In Senate - Assigned to Appropriations,5
HB16-1406,2016,RS,Senate,2016-04-04,Senate Committee on Appropriations Refer Unamended - Consent Calendar to Senate Committee of the Whole,6
HB16-1406,2016,RS,Senate,2016-04-06,Senate Second Reading Passed - No Amendments,7
HB16-1406,2016,RS,Senate,2016-04-07,Senate Third Reading Passed - No Amendments,8
HB16-1406,2016,RS,House,2016-04-22,Signed by the Speaker of the House,9
HB16-1406,2016,RS,Senate,2016-04-25,Signed by the President of the Senate,10
HB16-1406,2016,RS,Governor,2016-04-25,Sent to the Governor,11
HB16-1406,2016,RS,Governor,2016-05-04,Governor Signed,12
HB16-1407,2016,RS,House,2016-03-28,Introduced In House - Assigned to Appropriations,1
HB16-1407,2016,RS,House,2016-03-29,House Committee on Appropriations Refer Amended to House Committee of the Whole,2
HB16-1407,2016,RS,House,2016-03-31,House Second Reading Passed with Amendments - Committee,3
HB16-1407,2016,RS,House,2016-04-01,House Third Reading Passed - No Amendments,4
HB16-1407,2016,RS,Senate,2016-04-01,Introduced In Senate - Assigned to Appropriations,5
HB16-1407,2016,RS,Senate,2016-04-04,Senate Committee on Appropriations Refer Unamended to Senate Committee of the Whole,6
HB16-1407,2016,RS,Senate,2016-04-06,Senate Second Reading Passed - No Amendments,7
HB16-1407,2016,RS,Senate,2016-04-07,Senate Third Reading Passed - No Amendments,8
HB16-1407,2016,RS,House,2016-04-22,Signed by the Speaker of the House,9
HB16-1407,2016,RS,Senate,2016-04-25,Signed by the President of the Senate,10
HB16-1407,2016,RS,Governor,2016-04-25,Sent to the Governor,11
HB16-1407,2016,RS,Governor,2016-05-04,Governor Signed,12
HB16-1408,2016,RS,House,2016-03-28,Introduced In House - Assigned to Appropriations,1
HB16-1408,2016,RS,House,2016-03-29,House Committee on Appropriations Refer Amended to House Committee of the Whole,2
HB16-1408,2016,RS,House,2016-03-31,"House Second Reading Passed with Amendments - Committee, Floor",3
HB16-1408,2016,RS,House,2016-04-01,House Third Reading Passed - No Amendments,4
HB16-1408,2016,RS,Senate,2016-04-01,Introduced In Senate - Assigned to Appropriations,5
HB16-1408,2016,RS,Senate,2016-04-04,Senate Committee on Appropriations Refer Amended to Senate Committee of the Whole,6
HB16-1408,2016,RS,Senate,2016-04-06,"Senate Second Reading Passed with Amendments - Committee, Floor",7
HB16-1408,2016,RS,Senate,2016-04-07,Senate Third Reading Passed - No Amendments,8
HB16-1408,2016,RS,House,2016-04-11,House Considered Senate Amendments - Result was to Concur - Repass,9
HB16-1408,2016,RS,House,2016-04-22,Signed by the Speaker of the House,10
HB16-1408,2016,RS,Senate,2016-04-25,Signed by the President of the Senate,11
HB16-1408,2016,RS,Governor,2016-04-25,Sent to the Governor,12
HB16-1408,2016,RS,Governor,2016-05-04,Governor Signed,13
HB16-1409,2016,RS,House,2016-03-28,Introduced In House - Assigned to Appropriations,1
HB16-1409,2016,RS,House,2016-03-29,House Committee on Appropriations Refer Unamended to House Committee of the Whole,2
HB16-1409,2016,RS,House,2016-03-31,House Second Reading Passed - No Amendments,3
HB16-1409,2016,RS,House,2016-04-01,House Third Reading Passed - No Amendments,4
HB16-1409,2016,RS,Senate,2016-04-01,Introduced In Senate - Assigned to Appropriations,5
HB16-1409,2016,RS,Senate,2016-04-04,Senate Committee on Appropriations Refer Unamended - Consent Calendar to Senate Committee of the Whole,6
HB16-1409,2016,RS,Senate,2016-04-06,Senate Second Reading Passed - No Amendments,7
HB16-1409,2016,RS,Senate,2016-04-07,Senate Third Reading Passed - No Amendments,8
HB16-1409,2016,RS,House,2016-04-22,Signed by the Speaker of the House,9
HB16-1409,2016,RS,Senate,2016-04-25,Signed by the President of the Senate,10
HB16-1409,2016,RS,Governor,2016-04-25,Sent to the Governor,11
HB16-1409,2016,RS,Governor,2016-05-04,Governor Signed,12
HB16-1410,2016,RS,House,2016-03-28,Introduced In House - Assigned to Appropriations,1
HB16-1410,2016,RS,House,2016-03-29,House Committee on Appropriations Refer Amended to House Committee of the Whole,2
HB16-1410,2016,RS,House,2016-03-31,House Second Reading Passed with Amendments - Committee,3
HB16-1410,2016,RS,House,2016-04-01,House Third Reading Passed - No Amendments,4
HB16-1410,2016,RS,Senate,2016-04-01,Introduced In Senate - Assigned to Appropriations,5
HB16-1410,2016,RS,Senate,2016-04-04,Senate Committee on Appropriations Refer Unamended - Consent Calendar to Senate Committee of the Whole,6
HB16-1410,2016,RS,Senate,2016-04-06,Senate Second Reading Passed - No Amendments,7
HB16-1410,2016,RS,Senate,2016-04-07,Senate Third Reading Passed - No Amendments,8
HB16-1410,2016,RS,House,2016-04-22,Signed by the Speaker of the House,9
HB16-1410,2016,RS,Senate,2016-04-25,Signed by the President of the Senate,10
HB16-1410,2016,RS,Governor,2016-04-25,Sent to the Governor,11
HB16-1410,2016,RS,Governor,2016-05-04,Governor Signed,12
HB16-1411,2016,RS,House,2016-03-28,Introduced In House - Assigned to Appropriations,1
HB16-1411,2016,RS,House,2016-03-29,House Committee on Appropriations Refer Amended to House Committee of the Whole,2
HB16-1411,2016,RS,House,2016-03-31,House Second Reading Passed with Amendments - Committee,3
HB16-1411,2016,RS,House,2016-04-01,House Third Reading Passed - No Amendments,4
HB16-1411,2016,RS,Senate,2016-04-01,Introduced In Senate - Assigned to Appropriations,5
HB16-1411,2016,RS,Senate,2016-04-04,Senate Committee on Appropriations Refer Amended to Senate Committee of the Whole,6
HB16-1411,2016,RS,Senate,2016-04-06,Senate Second Reading Passed with Amendments - Committee,7
HB16-1411,2016,RS,Senate,2016-04-07,Senate Third Reading Passed with Amendments - Floor,8
HB16-1411,2016,RS,House,2016-04-11,House Considered Senate Amendments - Result was to Concur - Repass,9
HB16-1411,2016,RS,House,2016-04-22,Signed by the Speaker of the House,10
HB16-1411,2016,RS,Senate,2016-04-25,Signed by the President of the Senate,11
HB16-1411,2016,RS,Governor,2016-04-25,Sent to the Governor,12
HB16-1411,2016,RS,Governor,2016-05-04,Governor Signed,13
HB16-1412,2016,RS,House,2016-03-28,Introduced In House - Assigned to Appropriations,1
HB16-1412,2016,RS,House,2016-03-29,House Committee on Appropriations Refer Amended to House Committee of the Whole,2
HB16-1412,2016,RS,House,2016-03-31,House Second Reading Laid Over to 06/01/2016 - No Amendments,3
HB16-1413,2016,RS,House,2016-03-28,Introduced In House - Assigned to Appropriations,1
HB16-1413,2016,RS,House,2016-03-29,House Committee on Appropriations Refer Unamended to House Committee of the Whole,2
HB16-1413,2016,RS,House,2016-03-31,House Second Reading Passed - No Amendments,3
HB16-1413,2016,RS,House,2016-04-01,House Third Reading Passed - No Amendments,4
HB16-1413,2016,RS,Senate,2016-04-01,Introduced In Senate - Assigned to Appropriations,5
HB16-1413,2016,RS,Senate,2016-04-04,Senate Committee on Appropriations Refer Unamended - Consent Calendar to Senate Committee of the Whole,6
HB16-1413,2016,RS,Senate,2016-04-06,Senate Second Reading Passed - No Amendments,7
HB16-1413,2016,RS,Senate,2016-04-07,Senate Third Reading Passed - No Amendments,8
HB16-1413,2016,RS,House,2016-04-22,Signed by the Speaker of the House,9
HB16-1413,2016,RS,Senate,2016-04-25,Signed by the President of the Senate,10
HB16-1413,2016,RS,Governor,2016-04-25,Sent to the Governor,11
HB16-1413,2016,RS,Governor,2016-05-04,Governor Signed,12
HB16-1414,2016,RS,House,2016-03-28,Introduced In House - Assigned to Appropriations,1
HB16-1414,2016,RS,House,2016-03-29,House Committee on Appropriations Refer Amended to House Committee of the Whole,2
HB16-1414,2016,RS,House,2016-03-31,"House Second Reading Passed with Amendments - Committee, Floor",3
HB16-1414,2016,RS,House,2016-04-01,House Third Reading Passed - No Amendments,4
HB16-1414,2016,RS,Senate,2016-04-01,Introduced In Senate - Assigned to Appropriations,5
HB16-1414,2016,RS,Senate,2016-04-04,Senate Committee on Appropriations Refer Amended to Senate Committee of the Whole,6
HB16-1414,2016,RS,Senate,2016-04-06,"Senate Second Reading Passed with Amendments - Committee, Floor",7
HB16-1414,2016,RS,Senate,2016-04-07,Senate Third Reading Passed with Amendments - Floor,8
HB16-1414,2016,RS,House,2016-04-11,House Considered Senate Amendments - Result was to Concur - Repass,9
HB16-1414,2016,RS,House,2016-04-22,Signed by the Speaker of the House,10
HB16-1414,2016,RS,Senate,2016-04-25,Signed by the President of the Senate,11
HB16-1414,2016,RS,Governor,2016-04-25,Sent to the Governor,12
HB16-1414,2016,RS,Governor,2016-05-04,Governor Signed,13
HB16-1415,2016,RS,House,2016-03-28,Introduced In House - Assigned to Appropriations,1
HB16-1415,2016,RS,House,2016-03-29,House Committee on Appropriations Refer Amended to House Committee of the Whole,2
HB16-1415,2016,RS,House,2016-03-31,House Second Reading Passed with Amendments - Committee,3
HB16-1415,2016,RS,House,2016-04-01,House Third Reading Passed - No Amendments,4
HB16-1415,2016,RS,Senate,2016-04-01,Introduced In Senate - Assigned to Appropriations,5
HB16-1415,2016,RS,Senate,2016-04-04,Senate Committee on Appropriations Refer Unamended to Senate Committee of the Whole,6
HB16-1415,2016,RS,Senate,2016-04-06,Senate Second Reading Passed with Amendments - Floor,7
HB16-1415,2016,RS,Senate,2016-04-07,Senate Third Reading Passed - No Amendments,8
HB16-1415,2016,RS,House,2016-04-11,House Considered Senate Amendments - Result was to Not Concur - Request Conference Committee,9
HB16-1415,2016,RS,Senate,2016-04-15,Senate Consideration of First Conference Committee Report result was to Adopt Committee Report - Repass,10
HB16-1415,2016,RS,House,2016-04-15,House Consideration of First Conference Committee Report result was to Adopt Committee Report - Repass,11
HB16-1415,2016,RS,House,2016-04-26,Signed by the Speaker of the House,12
HB16-1415,2016,RS,Senate,2016-04-27,Signed by the President of the Senate,13
HB16-1415,2016,RS,Governor,2016-04-27,Sent to the Governor,14
HB16-1415,2016,RS,Governor,2016-05-04,Governor Signed,15
HB16-1416,2016,RS,House,2016-03-28,Introduced In House - Assigned to Appropriations,1
HB16-1416,2016,RS,House,2016-03-29,House Committee on Appropriations Refer Unamended to House Committee of the Whole,2
HB16-1416,2016,RS,House,2016-03-31,House Second Reading Passed with Amendments - Floor,3
HB16-1416,2016,RS,House,2016-04-01,House Third Reading Passed - No Amendments,4
HB16-1416,2016,RS,Senate,2016-04-01,Introduced In Senate - Assigned to Appropriations,5
HB16-1416,2016,RS,Senate,2016-04-04,Senate Committee on Appropriations Refer Unamended to Senate Committee of the Whole,6
HB16-1416,2016,RS,Senate,2016-04-06,Senate Second Reading Passed - No Amendments,7
HB16-1416,2016,RS,Senate,2016-04-07,Senate Third Reading Passed - No Amendments,8
HB16-1416,2016,RS,House,2016-04-08,Signed by the Speaker of the House,9
HB16-1416,2016,RS,Senate,2016-04-11,Signed by the President of the Senate,10
HB16-1416,2016,RS,Governor,2016-04-11,Sent to the Governor,11
HB16-1416,2016,RS,Governor,2016-04-14,Governor Signed,12
HB16-1417,2016,RS,House,2016-03-28,Introduced In House - Assigned to Appropriations,1
HB16-1417,2016,RS,House,2016-03-29,House Committee on Appropriations Refer Unamended to House Committee of the Whole,2
HB16-1417,2016,RS,House,2016-03-31,House Second Reading Passed - No Amendments,3
HB16-1417,2016,RS,House,2016-04-01,House Third Reading Passed - No Amendments,4
HB16-1417,2016,RS,Senate,2016-04-01,Introduced In Senate - Assigned to Appropriations,5
HB16-1417,2016,RS,Senate,2016-04-04,Senate Committee on Appropriations Refer Unamended - Consent Calendar to Senate Committee of the Whole,6
HB16-1417,2016,RS,Senate,2016-04-06,Senate Second Reading Passed - No Amendments,7
HB16-1417,2016,RS,Senate,2016-04-07,Senate Third Reading Reconsidered - No Amendments,8
HB16-1417,2016,RS,Senate,2016-04-07,Senate Third Reading Passed - No Amendments,9
HB16-1417,2016,RS,House,2016-04-22,Signed by the Speaker of the House,10
HB16-1417,2016,RS,Senate,2016-04-25,Signed by the President of the Senate,11
HB16-1417,2016,RS,Governor,2016-04-25,Sent to the Governor,12
HB16-1417,2016,RS,Governor,2016-05-04,Governor Signed,13
HB16-1418,2016,RS,House,2016-03-28,Introduced In House - Assigned to Appropriations,1
HB16-1418,2016,RS,House,2016-03-29,House Committee on Appropriations Refer Unamended to House Committee of the Whole,2
HB16-1418,2016,RS,House,2016-03-31,House Second Reading Passed - No Amendments,3
HB16-1418,2016,RS,House,2016-04-01,House Third Reading Passed - No Amendments,4
HB16-1418,2016,RS,Senate,2016-04-01,Introduced In Senate - Assigned to Appropriations,5
HB16-1418,2016,RS,Senate,2016-04-04,Senate Committee on Appropriations Refer Unamended - Consent Calendar to Senate Committee of the Whole,6
HB16-1418,2016,RS,Senate,2016-04-06,Senate Second Reading Passed - No Amendments,7
HB16-1418,2016,RS,Senate,2016-04-07,Senate Third Reading Passed - No Amendments,8
HB16-1418,2016,RS,House,2016-04-22,Signed by the Speaker of the House,9
HB16-1418,2016,RS,Senate,2016-04-25,Signed by the President of the Senate,10
HB16-1418,2016,RS,Governor,2016-04-25,Sent to the Governor,11
HB16-1418,2016,RS,Governor,2016-05-04,Governor Signed,12
HB16-1419,2016,RS,House,2016-03-28,Introduced In House - Assigned to Appropriations,1
HB16-1419,2016,RS,House,2016-03-29,House Committee on Appropriations Refer Unamended to House Committee of the Whole,2
HB16-1419,2016,RS,House,2016-03-31,House Second Reading Passed - No Amendments,3
HB16-1419,2016,RS,House,2016-04-01,House Third Reading Passed - No Amendments,4
HB16-1419,2016,RS,Senate,2016-04-01,Introduced In Senate - Assigned to Appropriations,5
HB16-1419,2016,RS,Senate,2016-04-04,Senate Committee on Appropriations Refer Unamended to Senate Committee of the Whole,6
HB16-1419,2016,RS,Senate,2016-04-06,Senate Second Reading Passed - No Amendments,7
HB16-1419,2016,RS,Senate,2016-04-07,Senate Third Reading Passed - No Amendments,8
HB16-1419,2016,RS,House,2016-04-22,Signed by the Speaker of the House,9
HB16-1419,2016,RS,Senate,2016-04-25,Signed by the President of the Senate,10
HB16-1419,2016,RS,Governor,2016-04-25,Sent to the Governor,11
HB16-1419,2016,RS,Governor,2016-05-04,Governor Signed,12
HB16-1420,2016,RS,House,2016-03-28,Introduced In House - Assigned to Appropriations,1
HB16-1420,2016,RS,House,2016-03-29,House Committee on Appropriations Refer Amended to House Committee of the Whole,2
HB16-1420,2016,RS,House,2016-04-18,House Second Reading Laid Over Daily - No Amendments,3
HB16-1420,2016,RS,House,2016-04-28,House Second Reading Passed with Amendments - Committee,4
HB16-1420,2016,RS,House,2016-04-29,House Third Reading Passed - No Amendments,5
HB16-1420,2016,RS,Senate,2016-05-10,Introduced In Senate - Assigned to Finance + Appropriations,6
HB16-1420,2016,RS,Senate,2016-05-10,Senate Committee on Finance Postpone Indefinitely,7
HB16-1421,2016,RS,House,2016-03-28,Introduced In House - Assigned to Appropriations,1
HB16-1421,2016,RS,House,2016-03-29,House Committee on Appropriations Refer Amended to House Committee of the Whole,2
HB16-1421,2016,RS,House,2016-05-09,House Second Reading Laid Over Daily - No Amendments,3
HB16-1421,2016,RS,House,2016-05-11,House Second Reading Laid Over to 05/12/2016 - No Amendments,4
HB16-1422,2016,RS,House,2016-03-28,Introduced In House - Assigned to Education + Appropriations,1
HB16-1422,2016,RS,House,2016-03-28,House Committee on Education Refer Amended to Appropriations,2
HB16-1422,2016,RS,House,2016-03-29,House Committee on Appropriations Refer Amended to House Committee of the Whole,3
HB16-1422,2016,RS,House,2016-03-31,House Second Reading Laid Over to 04/04/2016 - No Amendments,4
HB16-1422,2016,RS,House,2016-04-04,"House Second Reading Passed with Amendments - Committee, Floor",5
HB16-1422,2016,RS,House,2016-04-05,House Third Reading Passed with Amendments - Floor,6
HB16-1422,2016,RS,Senate,2016-04-05,Introduced In Senate - Assigned to Education + Appropriations,7
HB16-1422,2016,RS,Senate,2016-04-28,Senate Committee on Education Refer Unamended to Appropriations,8
HB16-1422,2016,RS,Senate,2016-04-29,Senate Committee on Appropriations Refer Unamended to Senate Committee of the Whole,9
HB16-1422,2016,RS,Senate,2016-05-03,Senate Second Reading Laid Over Daily - No Amendments,10
HB16-1422,2016,RS,Senate,2016-05-05,Senate Second Reading Special Order - Passed with Amendments - Floor,11
HB16-1422,2016,RS,Senate,2016-05-06,Senate Third Reading Passed with Amendments - Floor,12
HB16-1422,2016,RS,House,2016-05-09,House Considered Senate Amendments - Result was to Not Concur - Request Conference Committee,13
HB16-1422,2016,RS,Senate,2016-05-10,Senate Consideration of First Conference Committee Report result was to Adopt Committee Report - Repass,14
HB16-1422,2016,RS,House,2016-05-10,House Consideration of First Conference Committee Report result was to Adopt Committee Report - Repass,15
HB16-1422,2016,RS,Senate,2016-05-17,Signed by the President of the Senate,16
HB16-1422,2016,RS,House,2016-05-20,Signed by the Speaker of the House,17
HB16-1422,2016,RS,Governor,2016-05-20,Sent to the Governor,18
HB16-1422,2016,RS,Governor,2016-06-10,Governor Signed,19
HB16-1423,2016,RS,House,2016-03-30,Introduced In House - Assigned to Education,1
HB16-1423,2016,RS,House,2016-04-11,House Committee on Education Refer Amended to House Committee of the Whole,2
HB16-1423,2016,RS,House,2016-04-13,"House Second Reading Passed with Amendments - Committee, Floor",3
HB16-1423,2016,RS,House,2016-04-14,House Third Reading Passed - No Amendments,4
HB16-1423,2016,RS,Senate,2016-04-14,Introduced In Senate - Assigned to Education,5
HB16-1423,2016,RS,Senate,2016-04-27,Senate Committee on Education Refer Amended to Senate Committee of the Whole,6
HB16-1423,2016,RS,Senate,2016-04-29,Senate Second Reading Special Order - Passed with Amendments - Committee,7
HB16-1423,2016,RS,Senate,2016-05-02,Senate Third Reading Laid Over Daily - No Amendments,8
HB16-1423,2016,RS,Senate,2016-05-03,Senate Third Reading Passed - No Amendments,9
HB16-1423,2016,RS,House,2016-05-05,House Considered Senate Amendments - Result was to Concur - Repass,10
HB16-1423,2016,RS,House,2016-05-05,House Considered Senate Amendments - Result was to Laid Over Daily,11
HB16-1423,2016,RS,House,2016-05-09,Signed by the Speaker of the House,12
HB16-1423,2016,RS,Senate,2016-05-09,Signed by the President of the Senate,13
HB16-1423,2016,RS,Governor,2016-05-09,Sent to the Governor,14
HB16-1423,2016,RS,Governor,2016-06-10,Governor Signed,15
HB16-1424,2016,RS,House,2016-03-30,"Introduced In House - Assigned to Health, Insurance, & Environment",1
HB16-1424,2016,RS,House,2016-04-07,"House Committee on Health, Insurance, & Environment Refer Unamended to Appropriations",2
HB16-1424,2016,RS,House,2016-04-15,House Committee on Appropriations Refer Amended to House Committee of the Whole,3
HB16-1424,2016,RS,House,2016-04-15,House Second Reading Special Order - Passed with Amendments - Committee,4
HB16-1424,2016,RS,House,2016-04-18,House Third Reading Passed - No Amendments,5
HB16-1424,2016,RS,Senate,2016-04-18,Introduced In Senate - Assigned to Health & Human Services,6
HB16-1424,2016,RS,Senate,2016-05-04,Senate Committee on Health & Human Services Refer Unamended to Finance,7
HB16-1424,2016,RS,Senate,2016-05-05,Senate Committee on Finance Refer Unamended to Appropriations,8
HB16-1424,2016,RS,Senate,2016-05-05,Senate Committee on Appropriations Refer Unamended - Consent Calendar to Senate Committee of the Whole,9
HB16-1424,2016,RS,Senate,2016-05-05,Senate Second Reading Special Order - Passed - No Amendments,10
HB16-1424,2016,RS,Senate,2016-05-06,Senate Third Reading Passed - No Amendments,11
HB16-1424,2016,RS,House,2016-05-17,Signed by the Speaker of the House,12
HB16-1424,2016,RS,Senate,2016-05-18,Signed by the President of the Senate,13
HB16-1424,2016,RS,Governor,2016-05-18,Sent to the Governor,14
HB16-1424,2016,RS,Governor,2016-06-10,Governor Signed,15
HB16-1425,2016,RS,House,2016-03-30,Introduced In House - Assigned to Public Health Care & Human Services,1
HB16-1425,2016,RS,House,2016-04-19,House Committee on Public Health Care & Human Services Refer Amended to House Committee of the Whole,2
HB16-1425,2016,RS,House,2016-04-22,House Second Reading Special Order - Passed with Amendments - Committee,3
HB16-1425,2016,RS,House,2016-04-25,House Third Reading Passed - No Amendments,4
HB16-1425,2016,RS,Senate,2016-04-25,Introduced In Senate - Assigned to Health & Human Services,5
HB16-1425,2016,RS,Senate,2016-04-28,Senate Committee on Health & Human Services Refer Unamended - Consent Calendar to Senate Committee of the Whole,6
HB16-1425,2016,RS,Senate,2016-04-29,Senate Second Reading Special Order - Passed - No Amendments,7
HB16-1425,2016,RS,Senate,2016-05-02,Senate Third Reading Passed - No Amendments,8
HB16-1425,2016,RS,Senate,2016-05-10,Signed by the President of the Senate,9
HB16-1425,2016,RS,House,2016-05-10,Signed by the Speaker of the House,10
HB16-1425,2016,RS,Governor,2016-05-11,Sent to the Governor,11
HB16-1425,2016,RS,Governor,2016-06-10,Governor Signed,12
HB16-1426,2016,RS,House,2016-03-30,Introduced In House - Assigned to Public Health Care & Human Services,1
HB16-1426,2016,RS,House,2016-04-19,House Committee on Public Health Care & Human Services Refer Amended to House Committee of the Whole,2
HB16-1426,2016,RS,House,2016-04-27,House Second Reading Laid Over Daily - No Amendments,3
HB16-1426,2016,RS,House,2016-04-28,"House Second Reading Special Order - Passed with Amendments - Committee, Floor",4
HB16-1426,2016,RS,House,2016-04-29,House Third Reading Laid Over to 05/02/2016 - No Amendments,5
HB16-1426,2016,RS,House,2016-05-02,House Third Reading Passed with Amendments - Floor,6
HB16-1426,2016,RS,Senate,2016-05-02,"Introduced In Senate - Assigned to State, Veterans, & Military Affairs",7
HB16-1426,2016,RS,Senate,2016-05-06,"Senate Committee on State, Veterans, & Military Affairs Refer Amended - Consent Calendar to Senate Committee of the Whole",8
HB16-1426,2016,RS,Senate,2016-05-06,"Senate Second Reading Special Order - Passed with Amendments - Committee, Floor",9
HB16-1426,2016,RS,Senate,2016-05-09,Senate Third Reading Passed - No Amendments,10
HB16-1426,2016,RS,House,2016-05-10,House Considered Senate Amendments - Result was to Concur - Repass,11
HB16-1426,2016,RS,House,2016-05-10,House Considered Senate Amendments - Result was to Laid Over Daily,12
HB16-1426,2016,RS,Senate,2016-05-17,Signed by the President of the Senate,13
HB16-1426,2016,RS,House,2016-05-20,Signed by the Speaker of the House,14
HB16-1426,2016,RS,Governor,2016-05-20,Sent to the Governor,15
HB16-1426,2016,RS,Governor,2016-06-10,Governor Signed,16
HB16-1427,2016,RS,House,2016-03-30,Introduced In House - Assigned to Public Health Care & Human Services,1
HB16-1427,2016,RS,House,2016-04-15,House Committee on Public Health Care & Human Services Refer Amended to House Committee of the Whole,2
HB16-1427,2016,RS,House,2016-04-21,House Second Reading Passed with Amendments - Committee,3
HB16-1427,2016,RS,House,2016-04-22,House Third Reading Passed - No Amendments,4
HB16-1427,2016,RS,Senate,2016-04-22,"Introduced In Senate - Assigned to Business, Labor, & Technology",5
HB16-1427,2016,RS,Senate,2016-05-03,"Senate Committee on Business, Labor, & Technology Refer Unamended to Senate Committee of the Whole",6
HB16-1427,2016,RS,Senate,2016-05-03,Senate Second Reading Special Order - Passed - No Amendments,7
HB16-1427,2016,RS,Senate,2016-05-04,Senate Third Reading Passed - No Amendments,8
HB16-1427,2016,RS,House,2016-05-17,Signed by the Speaker of the House,9
HB16-1427,2016,RS,Senate,2016-05-17,Signed by the President of the Senate,10
HB16-1427,2016,RS,Governor,2016-05-18,Sent to the Governor,11
HB16-1427,2016,RS,Governor,2016-06-10,Governor Signed,12
HB16-1428,2016,RS,House,2016-03-30,Introduced In House - Assigned to Business Affairs and Labor,1
HB16-1428,2016,RS,House,2016-04-14,House Committee on Business Affairs and Labor Postpone Indefinitely,2
HB16-1429,2016,RS,House,2016-04-01,Introduced In House - Assigned to Education,1
HB16-1429,2016,RS,House,2016-04-06,House Committee on Education Refer Amended to Appropriations,2
HB16-1429,2016,RS,House,2016-05-03,House Committee on Appropriations Refer Amended to House Committee of the Whole,3
HB16-1429,2016,RS,House,2016-05-03,House Second Reading Special Order - Passed with Amendments - Committee,4
HB16-1429,2016,RS,House,2016-05-04,House Third Reading Passed - No Amendments,5
HB16-1429,2016,RS,Senate,2016-05-04,"Introduced In Senate - Assigned to State, Veterans, & Military Affairs",6
HB16-1429,2016,RS,Senate,2016-05-05,"Senate Committee on State, Veterans, & Military Affairs Refer Unamended to Appropriations",7
HB16-1429,2016,RS,Senate,2016-05-05,Senate Committee on Appropriations Refer Unamended to Senate Committee of the Whole,8
HB16-1429,2016,RS,Senate,2016-05-05,Senate Second Reading Special Order - Passed - No Amendments,9
HB16-1429,2016,RS,Senate,2016-05-06,Senate Third Reading Passed - No Amendments,10
HB16-1429,2016,RS,House,2016-05-17,Signed by the Speaker of the House,11
HB16-1429,2016,RS,Senate,2016-05-18,Signed by the President of the Senate,12
HB16-1429,2016,RS,Governor,2016-05-18,Sent to the Governor,13
HB16-1429,2016,RS,Governor,2016-06-08,Governor Signed,14
HB16-1430,2016,RS,House,2016-04-01,Introduced In House - Assigned to Transportation & Energy,1
HB16-1430,2016,RS,House,2016-04-13,House Committee on Transportation & Energy Refer Amended to House Committee of the Whole,2
HB16-1430,2016,RS,House,2016-04-20,House Second Reading Passed with Amendments - Committee,3
HB16-1430,2016,RS,House,2016-04-21,House Third Reading Passed - No Amendments,4
HB16-1430,2016,RS,Senate,2016-04-22,"Introduced In Senate - Assigned to Agriculture, Natural Resources, & Energy",5
HB16-1430,2016,RS,Senate,2016-04-28,"Senate Committee on Agriculture, Natural Resources, & Energy Postpone Indefinitely",6
HB16-1431,2016,RS,House,2016-04-01,Introduced In House - Assigned to Business Affairs and Labor,1
HB16-1431,2016,RS,House,2016-04-19,House Committee on Business Affairs and Labor Postpone Indefinitely,2
HB16-1432,2016,RS,House,2016-04-01,Introduced In House - Assigned to Judiciary,1
HB16-1432,2016,RS,House,2016-04-19,House Committee on Judiciary Refer Amended to House Committee of the Whole,2
HB16-1432,2016,RS,House,2016-04-22,"House Second Reading Special Order - Passed with Amendments - Committee, Floor",3
HB16-1432,2016,RS,House,2016-04-25,House Third Reading Passed - No Amendments,4
HB16-1432,2016,RS,Senate,2016-04-25,"Introduced In Senate - Assigned to Business, Labor, & Technology",5
HB16-1432,2016,RS,Senate,2016-04-27,"Senate Committee on Business, Labor, & Technology Refer Unamended to Senate Committee of the Whole",6
HB16-1432,2016,RS,Senate,2016-04-29,Senate Second Reading Special Order - Passed - No Amendments,7
HB16-1432,2016,RS,Senate,2016-05-02,Senate Third Reading Passed - No Amendments,8
HB16-1432,2016,RS,Senate,2016-05-10,Signed by the President of the Senate,9
HB16-1432,2016,RS,House,2016-05-10,Signed by the Speaker of the House,10
HB16-1432,2016,RS,Governor,2016-05-11,Sent to the Governor,11
HB16-1432,2016,RS,Governor,2016-06-10,Governor Signed,12
HB16-1433,2016,RS,House,2016-04-05,Introduced In House - Assigned to Finance,1
HB16-1433,2016,RS,House,2016-04-27,House Committee on Finance Postpone Indefinitely,2
HB16-1434,2016,RS,House,2016-04-06,"Introduced In House - Assigned to State, Veterans, & Military Affairs",1
HB16-1434,2016,RS,House,2016-04-11,"House Committee on State, Veterans, & Military Affairs Refer Amended to Appropriations",2
HB16-1434,2016,RS,House,2016-04-22,House Committee on Appropriations Refer Amended to House Committee of the Whole,3
HB16-1434,2016,RS,House,2016-04-22,House Second Reading Special Order - Passed with Amendments - Committee,4
HB16-1434,2016,RS,House,2016-04-25,House Third Reading Passed - No Amendments,5
HB16-1434,2016,RS,Senate,2016-04-26,"Introduced In Senate - Assigned to State, Veterans, & Military Affairs",6
HB16-1434,2016,RS,Senate,2016-05-02,"Senate Committee on State, Veterans, & Military Affairs Postpone Indefinitely",7
HB16-1435,2016,RS,House,2016-04-06,"Introduced In House - Assigned to Health, Insurance, & Environment + Appropriations",1
HB16-1435,2016,RS,House,2016-04-28,"House Committee on Health, Insurance, & Environment Refer Amended to Appropriations",2
HB16-1435,2016,RS,House,2016-05-05,House Committee on Appropriations Refer Amended to House Committee of the Whole,3
HB16-1435,2016,RS,House,2016-05-05,House Second Reading Laid Over to 05/09/2016 - No Amendments,4
HB16-1435,2016,RS,House,2016-05-09,"House Second Reading Special Order - Passed with Amendments - Committee, Floor",5
HB16-1435,2016,RS,House,2016-05-10,House Third Reading Passed - No Amendments,6
HB16-1435,2016,RS,Senate,2016-05-10,"Introduced In Senate - Assigned to State, Veterans, & Military Affairs",7
HB16-1435,2016,RS,Senate,2016-05-10,"Senate Committee on State, Veterans, & Military Affairs Postpone Indefinitely",8
HB16-1436,2016,RS,House,2016-04-07,Introduced In House - Assigned to Business Affairs and Labor,1
HB16-1436,2016,RS,House,2016-04-19,House Committee on Business Affairs and Labor Refer Amended to House Committee of the Whole,2
HB16-1436,2016,RS,House,2016-04-22,House Second Reading Special Order - Passed with Amendments - Committee,3
HB16-1436,2016,RS,House,2016-04-27,House Third Reading Passed - No Amendments,4
HB16-1436,2016,RS,Senate,2016-04-27,"Introduced In Senate - Assigned to Business, Labor, & Technology",5
HB16-1436,2016,RS,Senate,2016-05-04,"Senate Committee on Business, Labor, & Technology Refer Unamended to Senate Committee of the Whole",6
HB16-1436,2016,RS,Senate,2016-05-04,Senate Second Reading Special Order - Passed - No Amendments,7
HB16-1436,2016,RS,Senate,2016-05-05,Senate Third Reading Passed - No Amendments,8
HB16-1436,2016,RS,House,2016-05-09,House Third Reading Laid Over Daily - No Amendments,9
HB16-1436,2016,RS,House,2016-05-12,Signed by the Speaker of the House,10
HB16-1436,2016,RS,Senate,2016-05-13,Signed by the President of the Senate,11
HB16-1436,2016,RS,Governor,2016-05-13,Sent to the Governor,12
HB16-1436,2016,RS,Governor,2016-06-10,Governor Signed,13
HB16-1437,2016,RS,House,2016-04-07,Introduced In House - Assigned to Transportation & Energy,1
HB16-1437,2016,RS,House,2016-04-20,House Committee on Transportation & Energy Refer Amended to House Committee of the Whole,2
HB16-1437,2016,RS,House,2016-04-25,House Second Reading Laid Over Daily - No Amendments,3
HB16-1437,2016,RS,House,2016-04-27,"House Second Reading Passed with Amendments - Committee, Floor",4
HB16-1437,2016,RS,House,2016-04-28,House Third Reading Laid Over Daily - No Amendments,5
HB16-1437,2016,RS,House,2016-04-29,House Third Reading Passed - No Amendments,6
HB16-1437,2016,RS,Senate,2016-04-29,"Introduced In Senate - Assigned to State, Veterans, & Military Affairs",7
HB16-1437,2016,RS,Senate,2016-05-04,"Senate Committee on State, Veterans, & Military Affairs Postpone Indefinitely",8
HB16-1438,2016,RS,House,2016-04-12,"Introduced In House - Assigned to Health, Insurance, & Environment",1
HB16-1438,2016,RS,House,2016-04-21,"House Committee on Health, Insurance, & Environment Witness Testimony and/or Committee Discussion Only",2
HB16-1438,2016,RS,House,2016-04-26,"House Committee on Health, Insurance, & Environment Refer Amended to House Committee of the Whole",3
HB16-1438,2016,RS,House,2016-04-28,House Second Reading Special Order - Passed with Amendments - Committee,4
HB16-1438,2016,RS,House,2016-04-29,House Third Reading Passed - No Amendments,5
HB16-1438,2016,RS,Senate,2016-04-29,"Introduced In Senate - Assigned to Business, Labor, & Technology",6
HB16-1438,2016,RS,Senate,2016-05-06,"Senate Committee on Business, Labor, & Technology Refer Unamended to Senate Committee of the Whole",7
HB16-1438,2016,RS,Senate,2016-05-06,Senate Second Reading Special Order - Passed - No Amendments,8
HB16-1438,2016,RS,Senate,2016-05-09,Senate Third Reading Passed - No Amendments,9
HB16-1438,2016,RS,House,2016-05-17,Signed by the Speaker of the House,10
HB16-1438,2016,RS,Senate,2016-05-18,Signed by the President of the Senate,11
HB16-1438,2016,RS,Governor,2016-05-18,Sent to the Governor,12
HB16-1438,2016,RS,Governor,2016-06-01,Governor Signed,13
HB16-1439,2016,RS,House,2016-04-12,Introduced In House - Assigned to Business Affairs and Labor,1
HB16-1439,2016,RS,House,2016-04-26,House Committee on Business Affairs and Labor Refer Amended to House Committee of the Whole,2
HB16-1439,2016,RS,House,2016-04-28,House Second Reading Special Order - Passed with Amendments - Committee,3
HB16-1439,2016,RS,House,2016-04-29,House Third Reading Passed - No Amendments,4
HB16-1439,2016,RS,Senate,2016-04-29,"Introduced In Senate - Assigned to Business, Labor, & Technology",5
HB16-1439,2016,RS,Senate,2016-05-06,"Senate Committee on Business, Labor, & Technology Refer Unamended - Consent Calendar to Senate Committee of the Whole",6
HB16-1439,2016,RS,Senate,2016-05-06,Senate Second Reading Special Order - Passed - No Amendments,7
HB16-1439,2016,RS,Senate,2016-05-09,Senate Third Reading Passed with Amendments - Floor,8
HB16-1439,2016,RS,House,2016-05-10,House Considered Senate Amendments - Result was to Concur - Repass,9
HB16-1439,2016,RS,House,2016-05-10,House Considered Senate Amendments - Result was to Laid Over Daily,10
HB16-1439,2016,RS,Senate,2016-05-17,Signed by the President of the Senate,11
HB16-1439,2016,RS,House,2016-05-20,Signed by the Speaker of the House,12
HB16-1439,2016,RS,Governor,2016-05-20,Sent to the Governor,13
HB16-1439,2016,RS,Governor,2016-06-10,Governor Signed,14
HB16-1440,2016,RS,House,2016-04-12,Introduced In House - Assigned to Education,1
HB16-1440,2016,RS,House,2016-04-27,House Committee on Education Refer Unamended to House Committee of the Whole,2
HB16-1440,2016,RS,House,2016-04-28,"House Second Reading Special Order - Passed with Amendments - Committee, Floor",3
HB16-1440,2016,RS,House,2016-04-29,House Third Reading Passed with Amendments - Floor,4
HB16-1440,2016,RS,Senate,2016-04-29,Introduced In Senate - Assigned to Finance,5
HB16-1440,2016,RS,Senate,2016-05-05,Senate Committee on Finance Refer Amended to Senate Committee of the Whole,6
HB16-1440,2016,RS,Senate,2016-05-05,Senate Second Reading Special Order - Passed with Amendments - Committee,7
HB16-1440,2016,RS,Senate,2016-05-06,Senate Third Reading Passed - No Amendments,8
HB16-1440,2016,RS,House,2016-05-09,House Considered Senate Amendments - Result was to Concur - Repass,9
HB16-1440,2016,RS,House,2016-05-17,Signed by the Speaker of the House,10
HB16-1440,2016,RS,Senate,2016-05-18,Signed by the President of the Senate,11
HB16-1440,2016,RS,Governor,2016-05-18,Sent to the Governor,12
HB16-1440,2016,RS,Governor,2016-06-10,Governor Signed,13
HB16-1441,2016,RS,House,2016-04-15,Introduced In House - Assigned to Transportation & Energy,1
HB16-1441,2016,RS,House,2016-04-27,House Committee on Transportation & Energy Refer Unamended to Appropriations,2
HB16-1441,2016,RS,House,2016-05-03,House Committee on Appropriations Refer Amended to House Committee of the Whole,3
HB16-1441,2016,RS,House,2016-05-03,House Second Reading Special Order - Passed with Amendments - Committee,4
HB16-1441,2016,RS,House,2016-05-04,House Third Reading Passed - No Amendments,5
HB16-1441,2016,RS,Senate,2016-05-04,"Introduced In Senate - Assigned to State, Veterans, & Military Affairs",6
HB16-1441,2016,RS,Senate,2016-05-05,"Senate Committee on State, Veterans, & Military Affairs Postpone Indefinitely",7
HB16-1442,2016,RS,House,2016-04-15,"Introduced In House - Assigned to State, Veterans, & Military Affairs",1
HB16-1442,2016,RS,House,2016-04-18,"House Committee on State, Veterans, & Military Affairs Refer Unamended to House Committee of the Whole",2
HB16-1442,2016,RS,House,2016-04-21,House Second Reading Passed - No Amendments,3
HB16-1442,2016,RS,House,2016-04-22,House Third Reading Passed - No Amendments,4
HB16-1442,2016,RS,Senate,2016-04-22,Introduced In Senate - Assigned to Health & Human Services,5
HB16-1442,2016,RS,Senate,2016-04-27,Senate Committee on Health & Human Services Refer Unamended - Consent Calendar to Senate Committee of the Whole,6
HB16-1442,2016,RS,Senate,2016-04-29,Senate Second Reading Special Order - Passed - No Amendments,7
HB16-1442,2016,RS,Senate,2016-05-02,Senate Third Reading Passed - No Amendments,8
HB16-1442,2016,RS,Senate,2016-05-10,Signed by the President of the Senate,9
HB16-1442,2016,RS,House,2016-05-10,Signed by the Speaker of the House,10
HB16-1442,2016,RS,Governor,2016-05-11,Sent to the Governor,11
HB16-1442,2016,RS,Governor,2016-06-10,Governor Signed,12
HB16-1443,2016,RS,House,2016-04-15,Introduced In House - Assigned to Public Health Care & Human Services,1
HB16-1443,2016,RS,House,2016-04-26,House Committee on Public Health Care & Human Services Refer Amended to House Committee of the Whole,2
HB16-1443,2016,RS,House,2016-04-28,"House Second Reading Special Order - Passed with Amendments - Committee, Floor",3
HB16-1443,2016,RS,House,2016-04-29,House Third Reading Passed - No Amendments,4
HB16-1443,2016,RS,Senate,2016-04-29,"Introduced In Senate - Assigned to State, Veterans, & Military Affairs",5
HB16-1443,2016,RS,Senate,2016-05-05,"Senate Committee on State, Veterans, & Military Affairs Postpone Indefinitely",6
HB16-1444,2016,RS,House,2016-04-15,"Introduced In House - Assigned to State, Veterans, & Military Affairs",1
HB16-1444,2016,RS,House,2016-04-25,"House Committee on State, Veterans, & Military Affairs Refer Unamended to Appropriations",2
HB16-1444,2016,RS,House,2016-05-05,House Committee on Appropriations Refer Unamended to House Committee of the Whole,3
HB16-1444,2016,RS,House,2016-05-05,House Second Reading Special Order - Passed - No Amendments,4
HB16-1444,2016,RS,House,2016-05-06,House Third Reading Passed - No Amendments,5
HB16-1444,2016,RS,Senate,2016-05-06,Introduced In Senate - Assigned to Finance,6
HB16-1444,2016,RS,Senate,2016-05-09,Senate Committee on Finance Refer Unamended to Appropriations,7
HB16-1444,2016,RS,Senate,2016-05-09,Senate Committee on Appropriations Refer Unamended - Consent Calendar to Senate Committee of the Whole,8
HB16-1444,2016,RS,Senate,2016-05-09,Senate Second Reading Special Order - Passed - No Amendments,9
HB16-1444,2016,RS,Senate,2016-05-10,Senate Third Reading Passed - No Amendments,10
HB16-1444,2016,RS,House,2016-05-17,Signed by the Speaker of the House,11
HB16-1444,2016,RS,Senate,2016-05-18,Signed by the President of the Senate,12
HB16-1444,2016,RS,Governor,2016-05-18,Sent to the Governor,13
HB16-1444,2016,RS,Governor,2016-05-27,Governor Signed,14
HB16-1445,2016,RS,House,2016-04-19,Introduced In House - Assigned to Business Affairs and Labor,1
HB16-1445,2016,RS,House,2016-05-03,House Committee on Business Affairs and Labor Postpone Indefinitely,2
HB16-1446,2016,RS,House,2016-04-19,Introduced In House - Assigned to Education,1
HB16-1446,2016,RS,House,2016-04-25,House Committee on Education Refer Amended to House Committee of the Whole,2
HB16-1446,2016,RS,House,2016-04-27,House Second Reading Laid Over Daily - No Amendments,3
HB16-1446,2016,RS,House,2016-04-28,"House Second Reading Special Order - Passed with Amendments - Committee, Floor",4
HB16-1446,2016,RS,House,2016-04-29,House Third Reading Passed - No Amendments,5
HB16-1446,2016,RS,Senate,2016-04-29,"Introduced In Senate - Assigned to State, Veterans, & Military Affairs",6
HB16-1446,2016,RS,Senate,2016-05-04,"Senate Committee on State, Veterans, & Military Affairs Postpone Indefinitely",7
HB16-1447,2016,RS,House,2016-04-19,Introduced In House - Assigned to Finance,1
HB16-1447,2016,RS,House,2016-04-28,House Committee on Finance Refer Amended to Appropriations,2
HB16-1447,2016,RS,House,2016-05-05,House Committee on Appropriations Refer Amended to House Committee of the Whole,3
HB16-1447,2016,RS,House,2016-05-05,House Second Reading Special Order - Passed with Amendments - Committee,4
HB16-1447,2016,RS,House,2016-05-06,House Third Reading Passed - No Amendments,5
HB16-1447,2016,RS,Senate,2016-05-06,Introduced In Senate - Assigned to Finance,6
HB16-1447,2016,RS,Senate,2016-05-09,Senate Committee on Finance Postpone Indefinitely,7
HB16-1448,2016,RS,House,2016-04-19,Introduced In House - Assigned to Judiciary,1
HB16-1448,2016,RS,House,2016-04-28,House Committee on Judiciary Refer Unamended to House Committee of the Whole,2
HB16-1448,2016,RS,House,2016-05-02,House Second Reading Passed - No Amendments,3
HB16-1448,2016,RS,House,2016-05-03,House Third Reading Passed - No Amendments,4
HB16-1448,2016,RS,Senate,2016-05-03,"Introduced In Senate - Assigned to State, Veterans, & Military Affairs",5
HB16-1448,2016,RS,Senate,2016-05-04,"Senate Committee on State, Veterans, & Military Affairs Refer Unamended - Consent Calendar to Senate Committee of the Whole",6
HB16-1448,2016,RS,Senate,2016-05-04,Senate Second Reading Special Order - Passed - No Amendments,7
HB16-1448,2016,RS,Senate,2016-05-05,Senate Third Reading Passed - No Amendments,8
HB16-1448,2016,RS,House,2016-05-12,Signed by the Speaker of the House,9
HB16-1448,2016,RS,Senate,2016-05-13,Signed by the President of the Senate,10
HB16-1448,2016,RS,Governor,2016-05-13,Sent to the Governor,11
HB16-1448,2016,RS,Governor,2016-06-10,Governor Signed,12
HB16-1449,2016,RS,House,2016-04-20,Introduced In House - Assigned to Education,1
HB16-1449,2016,RS,House,2016-05-02,House Committee on Education Postpone Indefinitely,2
HB16-1450,2016,RS,House,2016-04-21,Introduced In House - Assigned to Appropriations,1
HB16-1450,2016,RS,House,2016-04-26,House Committee on Appropriations Refer Amended to House Committee of the Whole,2
HB16-1450,2016,RS,House,2016-04-28,"House Second Reading Passed with Amendments - Committee, Floor",3
HB16-1450,2016,RS,House,2016-04-29,House Third Reading Passed - No Amendments,4
HB16-1450,2016,RS,Senate,2016-05-10,Introduced In Senate - Assigned to Finance + Appropriations,5
HB16-1450,2016,RS,Senate,2016-05-10,Senate Committee on Finance Postpone Indefinitely,6
HB16-1451,2016,RS,House,2016-04-22,"Introduced In House - Assigned to State, Veterans, & Military Affairs",1
HB16-1451,2016,RS,House,2016-04-27,"House Committee on State, Veterans, & Military Affairs Refer Amended to House Committee of the Whole",2
HB16-1451,2016,RS,House,2016-04-28,"House Second Reading Special Order - Passed with Amendments - Committee, Floor",3
HB16-1451,2016,RS,House,2016-04-29,House Third Reading Passed - No Amendments,4
HB16-1451,2016,RS,Senate,2016-04-29,"Introduced In Senate - Assigned to State, Veterans, & Military Affairs",5
HB16-1451,2016,RS,Senate,2016-05-03,"Senate Committee on State, Veterans, & Military Affairs Refer Unamended - Consent Calendar to Senate Committee of the Whole",6
HB16-1451,2016,RS,Senate,2016-05-03,Senate Second Reading Special Order - Passed - No Amendments,7
HB16-1451,2016,RS,Senate,2016-05-04,Senate Third Reading Passed - No Amendments,8
HB16-1451,2016,RS,House,2016-05-17,Signed by the Speaker of the House,9
HB16-1451,2016,RS,Senate,2016-05-17,Signed by the President of the Senate,10
HB16-1451,2016,RS,Governor,2016-05-18,Sent to the Governor,11
HB16-1451,2016,RS,Governor,2016-06-10,Governor Signed,12
HB16-1452,2016,RS,House,2016-04-22,Introduced In House - Assigned to Business Affairs and Labor,1
HB16-1452,2016,RS,House,2016-04-28,House Committee on Business Affairs and Labor Witness Testimony and/or Committee Discussion Only,2
HB16-1452,2016,RS,House,2016-05-10,House Committee on Business Affairs and Labor Postpone Indefinitely,3
HB16-1453,2016,RS,House,2016-04-22,Introduced In House - Assigned to Appropriations,1
HB16-1453,2016,RS,House,2016-04-26,House Committee on Appropriations Refer Unamended to House Committee of the Whole,2
HB16-1453,2016,RS,House,2016-04-27,House Second Reading Laid Over Daily - No Amendments,3
HB16-1453,2016,RS,House,2016-04-28,House Second Reading Special Order - Passed - No Amendments,4
HB16-1453,2016,RS,House,2016-04-29,House Third Reading Passed - No Amendments,5
HB16-1453,2016,RS,Senate,2016-04-29,Introduced In Senate - Assigned to Appropriations,6
HB16-1453,2016,RS,Senate,2016-05-03,Senate Committee on Appropriations Refer Amended to Senate Committee of the Whole,7
HB16-1453,2016,RS,Senate,2016-05-03,Senate Second Reading Special Order - Passed with Amendments - Committee,8
HB16-1453,2016,RS,Senate,2016-05-04,Senate Third Reading Passed - No Amendments,9
HB16-1453,2016,RS,House,2016-05-05,House Considered Senate Amendments - Result was to Concur - Repass,10
HB16-1453,2016,RS,House,2016-05-12,Signed by the Speaker of the House,11
HB16-1453,2016,RS,Senate,2016-05-13,Signed by the President of the Senate,12
HB16-1453,2016,RS,Governor,2016-05-13,Sent to the Governor,13
HB16-1453,2016,RS,Governor,2016-05-20,Governor Signed,14
HB16-1454,2016,RS,House,2016-04-22,"Introduced In House - Assigned to State, Veterans, & Military Affairs",1
HB16-1454,2016,RS,House,2016-04-25,"House Committee on State, Veterans, & Military Affairs Refer Amended to Appropriations",2
HB16-1454,2016,RS,House,2016-04-28,House Committee on Appropriations Refer Amended to House Committee of the Whole,3
HB16-1454,2016,RS,House,2016-04-28,"House Second Reading Special Order - Passed with Amendments - Committee, Floor",4
HB16-1454,2016,RS,House,2016-05-03,House Third Reading Laid Over Daily - No Amendments,5
HB16-1454,2016,RS,House,2016-05-09,House Third Reading Passed - No Amendments,6
HB16-1454,2016,RS,Senate,2016-05-09,"Introduced In Senate - Assigned to State, Veterans, & Military Affairs",7
HB16-1454,2016,RS,Senate,2016-05-10,"Senate Committee on State, Veterans, & Military Affairs Postpone Indefinitely",8
HB16-1455,2016,RS,House,2016-04-26,Introduced In House - Assigned to Business Affairs and Labor,1
HB16-1455,2016,RS,House,2016-04-28,House Committee on Business Affairs and Labor Refer Amended to House Committee of the Whole,2
HB16-1455,2016,RS,House,2016-05-02,House Second Reading Laid Over Daily - No Amendments,3
HB16-1455,2016,RS,House,2016-05-03,"House Second Reading Special Order - Passed with Amendments - Committee, Floor",4
HB16-1455,2016,RS,House,2016-05-04,House Third Reading Passed - No Amendments,5
HB16-1455,2016,RS,Senate,2016-05-04,"Introduced In Senate - Assigned to State, Veterans, & Military Affairs",6
HB16-1455,2016,RS,Senate,2016-05-05,"Senate Committee on State, Veterans, & Military Affairs Postpone Indefinitely",7
HB16-1456,2016,RS,House,2016-04-26,"Introduced In House - Assigned to State, Veterans, & Military Affairs",1
HB16-1456,2016,RS,House,2016-05-02,"House Committee on State, Veterans, & Military Affairs Refer Amended to Finance",2
HB16-1456,2016,RS,House,2016-05-04,House Committee on Finance Refer Unamended to Appropriations,3
HB16-1456,2016,RS,House,2016-05-05,House Committee on Appropriations Refer Unamended to House Committee of the Whole,4
HB16-1456,2016,RS,House,2016-05-05,House Second Reading Passed with Amendments - Committee,5
HB16-1456,2016,RS,House,2016-05-06,House Third Reading Passed - No Amendments,6
HB16-1456,2016,RS,Senate,2016-05-06,Introduced In Senate - Assigned to Finance,7
HB16-1456,2016,RS,Senate,2016-05-09,Senate Committee on Finance Refer Unamended to Appropriations,8
HB16-1456,2016,RS,Senate,2016-05-09,Senate Committee on Appropriations Refer Unamended - Consent Calendar to Senate Committee of the Whole,9
HB16-1456,2016,RS,Senate,2016-05-09,Senate Second Reading Special Order - Passed - No Amendments,10
HB16-1456,2016,RS,Senate,2016-05-10,Senate Third Reading Passed - No Amendments,11
HB16-1456,2016,RS,House,2016-05-17,Signed by the Speaker of the House,12
HB16-1456,2016,RS,Senate,2016-05-18,Signed by the President of the Senate,13
HB16-1456,2016,RS,Governor,2016-05-18,Sent to the Governor,14
HB16-1456,2016,RS,Governor,2016-06-01,Governor Signed,15
HB16-1457,2016,RS,House,2016-04-27,Introduced In House - Assigned to Finance,1
HB16-1457,2016,RS,House,2016-04-28,House Committee on Finance Refer Unamended to House Committee of the Whole,2
HB16-1457,2016,RS,House,2016-04-28,House Second Reading Special Order - Passed - No Amendments,3
HB16-1457,2016,RS,House,2016-04-29,House Third Reading Passed - No Amendments,4
HB16-1457,2016,RS,Senate,2016-04-29,Introduced In Senate - Assigned to Finance,5
HB16-1457,2016,RS,Senate,2016-05-03,Senate Committee on Finance Refer Amended - Consent Calendar to Senate Committee of the Whole,6
HB16-1457,2016,RS,Senate,2016-05-03,Senate Second Reading Special Order - Passed with Amendments - Committee,7
HB16-1457,2016,RS,Senate,2016-05-04,Senate Third Reading Passed - No Amendments,8
HB16-1457,2016,RS,House,2016-05-05,House Considered Senate Amendments - Result was to Concur - Repass,9
HB16-1457,2016,RS,House,2016-05-12,Signed by the Speaker of the House,10
HB16-1457,2016,RS,Senate,2016-05-13,Signed by the President of the Senate,11
HB16-1457,2016,RS,Governor,2016-05-13,Sent to the Governor,12
HB16-1457,2016,RS,Governor,2016-06-10,Governor Signed,13
HB16-1458,2016,RS,House,2016-04-27,"Introduced In House - Assigned to Agriculture, Livestock, & Natural Resources + Appropriations",1
HB16-1458,2016,RS,House,2016-05-02,"House Committee on Agriculture, Livestock, & Natural Resources Refer Unamended to Appropriations",2
HB16-1458,2016,RS,House,2016-05-05,House Committee on Appropriations Refer Unamended to House Committee of the Whole,3
HB16-1458,2016,RS,House,2016-05-05,House Second Reading Special Order - Passed - No Amendments,4
HB16-1458,2016,RS,House,2016-05-06,House Third Reading Passed - No Amendments,5
HB16-1458,2016,RS,Senate,2016-05-06,"Introduced In Senate - Assigned to State, Veterans, & Military Affairs",6
HB16-1458,2016,RS,Senate,2016-05-09,"Senate Committee on State, Veterans, & Military Affairs Refer Unamended to Appropriations",7
HB16-1458,2016,RS,Senate,2016-05-09,Senate Committee on Appropriations Refer Unamended - Consent Calendar to Senate Committee of the Whole,8
HB16-1458,2016,RS,Senate,2016-05-09,Senate Second Reading Special Order - Passed - No Amendments,9
HB16-1458,2016,RS,Senate,2016-05-10,Senate Third Reading Passed - No Amendments,10
HB16-1458,2016,RS,House,2016-05-17,Signed by the Speaker of the House,11
HB16-1458,2016,RS,Senate,2016-05-18,Signed by the President of the Senate,12
HB16-1458,2016,RS,Governor,2016-05-18,Sent to the Governor,13
HB16-1458,2016,RS,Governor,2016-06-06,Governor Signed,14
HB16-1459,2016,RS,House,2016-04-27,Introduced In House - Assigned to Finance,1
HB16-1459,2016,RS,House,2016-05-04,House Committee on Finance Refer Unamended to House Committee of the Whole,2
HB16-1459,2016,RS,House,2016-05-05,House Second Reading Special Order - Passed - No Amendments,3
HB16-1459,2016,RS,House,2016-05-06,House Third Reading Passed - No Amendments,4
HB16-1459,2016,RS,Senate,2016-05-06,"Introduced In Senate - Assigned to State, Veterans, & Military Affairs",5
HB16-1459,2016,RS,Senate,2016-05-09,"Senate Committee on State, Veterans, & Military Affairs Refer Unamended - Consent Calendar to Senate Committee of the Whole",6
HB16-1459,2016,RS,Senate,2016-05-09,Senate Second Reading Special Order - Laid Over Daily - No Amendments,7
HB16-1459,2016,RS,Senate,2016-05-10,Senate Second Reading Special Order - Passed - No Amendments,8
HB16-1459,2016,RS,Senate,2016-05-11,Senate Third Reading Passed - No Amendments,9
HB16-1459,2016,RS,Senate,2016-05-17,Signed by the President of the Senate,10
HB16-1459,2016,RS,House,2016-05-20,Signed by the Speaker of the House,11
HB16-1459,2016,RS,Governor,2016-05-20,Sent to the Governor,12
HB16-1459,2016,RS,Governor,2016-06-10,Governor Signed,13
HB16-1460,2016,RS,House,2016-05-03,"Introduced In House - Assigned to Agriculture, Livestock, & Natural Resources",1
HB16-1460,2016,RS,House,2016-05-04,"House Committee on Agriculture, Livestock, & Natural Resources Refer Amended to House Committee of the Whole",2
HB16-1460,2016,RS,House,2016-05-05,House Second Reading Special Order - Passed with Amendments - Committee,3
HB16-1460,2016,RS,House,2016-05-06,House Third Reading Laid Over Daily - No Amendments,4
HB16-1460,2016,RS,House,2016-05-09,House Third Reading Passed - No Amendments,5
HB16-1460,2016,RS,Senate,2016-05-09,Introduced In Senate - Assigned to Appropriations,6
HB16-1460,2016,RS,Senate,2016-05-09,Senate Committee on Appropriations Refer Unamended - Consent Calendar to Senate Committee of the Whole,7
HB16-1460,2016,RS,Senate,2016-05-09,Senate Second Reading Special Order - Passed - No Amendments,8
HB16-1460,2016,RS,Senate,2016-05-10,Senate Third Reading Passed - No Amendments,9
HB16-1460,2016,RS,House,2016-05-17,Signed by the Speaker of the House,10
HB16-1460,2016,RS,Senate,2016-05-18,Signed by the President of the Senate,11
HB16-1460,2016,RS,Governor,2016-05-18,Sent to the Governor,12
HB16-1460,2016,RS,Governor,2016-06-10,Governor Signed,13
HB16-1461,2016,RS,House,2016-05-03,Introduced In House - Assigned to Local Government,1
HB16-1461,2016,RS,House,2016-05-04,House Committee on Local Government Refer Unamended to House Committee of the Whole,2
HB16-1461,2016,RS,House,2016-05-05,House Second Reading Special Order - Passed - No Amendments,3
HB16-1461,2016,RS,House,2016-05-06,House Third Reading Passed - No Amendments,4
HB16-1461,2016,RS,Senate,2016-05-06,"Introduced In Senate - Assigned to State, Veterans, & Military Affairs",5
HB16-1461,2016,RS,Senate,2016-05-09,"Senate Committee on State, Veterans, & Military Affairs Postpone Indefinitely",6
HB16-1462,2016,RS,House,2016-05-03,"Introduced In House - Assigned to State, Veterans, & Military Affairs",1
HB16-1462,2016,RS,House,2016-05-04,"House Committee on State, Veterans, & Military Affairs Refer Amended to House Committee of the Whole",2
HB16-1462,2016,RS,House,2016-05-05,House Second Reading Special Order - Passed with Amendments - Committee,3
HB16-1462,2016,RS,House,2016-05-06,House Third Reading Passed - No Amendments,4
HB16-1462,2016,RS,Senate,2016-05-06,"Introduced In Senate - Assigned to State, Veterans, & Military Affairs",5
HB16-1462,2016,RS,Senate,2016-05-09,"Senate Committee on State, Veterans, & Military Affairs Refer Unamended - Consent Calendar to Senate Committee of the Whole",6
HB16-1462,2016,RS,Senate,2016-05-09,Senate Second Reading Special Order - Passed - No Amendments,7
HB16-1462,2016,RS,Senate,2016-05-10,Senate Third Reading Passed - No Amendments,8
HB16-1462,2016,RS,Senate,2016-05-17,Signed by the President of the Senate,9
HB16-1462,2016,RS,House,2016-05-20,Signed by the Speaker of the House,10
HB16-1462,2016,RS,Governor,2016-05-20,Sent to the Governor,11
HB16-1462,2016,RS,Governor,2016-05-26,Governor Signed,12
HB16-1463,2016,RS,House,2016-05-03,Introduced In House - Assigned to Education,1
HB16-1463,2016,RS,House,2016-05-04,House Committee on Education Refer Unamended to House Committee of the Whole,2
HB16-1463,2016,RS,House,2016-05-05,House Second Reading Special Order - Passed - No Amendments,3
HB16-1463,2016,RS,House,2016-05-06,House Third Reading Passed - No Amendments,4
HB16-1463,2016,RS,Senate,2016-05-06,Introduced In Senate - Assigned to Finance,5
HB16-1463,2016,RS,Senate,2016-05-09,Senate Committee on Finance Refer Unamended to Senate Committee of the Whole,6
HB16-1463,2016,RS,Senate,2016-05-09,Senate Second Reading Special Order - Lost - No Amendments,7
HB16-1464,2016,RS,House,2016-05-03,Introduced In House - Assigned to Local Government,1
HB16-1464,2016,RS,House,2016-05-04,House Committee on Local Government Refer Unamended to House Committee of the Whole,2
HB16-1464,2016,RS,House,2016-05-05,House Second Reading Special Order - Passed with Amendments - Floor,3
HB16-1464,2016,RS,House,2016-05-06,House Third Reading Passed - No Amendments,4
HB16-1464,2016,RS,Senate,2016-05-06,"Introduced In Senate - Assigned to State, Veterans, & Military Affairs",5
HB16-1464,2016,RS,Senate,2016-05-09,"Senate Committee on State, Veterans, & Military Affairs Postpone Indefinitely",6
HB16-1465,2016,RS,House,2016-05-04,Introduced In House - Assigned to Transportation & Energy,1
HB16-1465,2016,RS,House,2016-05-05,House Committee on Transportation & Energy Refer Unamended to Appropriations,2
HB16-1465,2016,RS,House,2016-05-05,House Committee on Appropriations Refer Unamended to House Committee of the Whole,3
HB16-1465,2016,RS,House,2016-05-05,House Second Reading Special Order - Passed - No Amendments,4
HB16-1465,2016,RS,House,2016-05-06,House Third Reading Passed - No Amendments,5
HB16-1465,2016,RS,Senate,2016-05-06,Introduced In Senate - Assigned to Finance,6
HB16-1465,2016,RS,Senate,2016-05-09,Senate Committee on Finance Refer Unamended to Appropriations,7
HB16-1465,2016,RS,Senate,2016-05-09,Senate Committee on Appropriations Refer Unamended to Senate Committee of the Whole,8
HB16-1465,2016,RS,Senate,2016-05-09,Senate Second Reading Special Order - Passed - No Amendments,9
HB16-1465,2016,RS,Senate,2016-05-10,Senate Third Reading Passed - No Amendments,10
HB16-1465,2016,RS,Senate,2016-05-17,Signed by the President of the Senate,11
HB16-1465,2016,RS,House,2016-05-20,Signed by the Speaker of the House,12
HB16-1465,2016,RS,Governor,2016-05-20,Sent to the Governor,13
HB16-1465,2016,RS,Governor,2016-06-06,Governor Signed,14
HB16-1466,2016,RS,House,2016-05-04,Introduced In House - Assigned to Transportation & Energy,1
HB16-1466,2016,RS,House,2016-05-05,House Committee on Transportation & Energy Refer Amended to Appropriations,2
HB16-1466,2016,RS,House,2016-05-05,House Committee on Appropriations Refer Unamended to House Committee of the Whole,3
HB16-1466,2016,RS,House,2016-05-05,House Second Reading Special Order - Passed with Amendments - Committee,4
HB16-1466,2016,RS,House,2016-05-06,House Third Reading Passed - No Amendments,5
HB16-1466,2016,RS,Senate,2016-05-06,"Introduced In Senate - Assigned to State, Veterans, & Military Affairs",6
HB16-1466,2016,RS,Senate,2016-05-09,"Senate Committee on State, Veterans, & Military Affairs Refer Unamended to Appropriations",7
HB16-1466,2016,RS,Senate,2016-05-09,Senate Committee on Appropriations Postpone Indefinitely,8
HB16-1467,2016,RS,House,2016-05-04,Introduced In House - Assigned to Transportation & Energy,1
HB16-1467,2016,RS,House,2016-05-05,House Committee on Transportation & Energy Refer Unamended to Appropriations,2
HB16-1467,2016,RS,House,2016-05-05,House Committee on Appropriations Refer Unamended to House Committee of the Whole,3
HB16-1467,2016,RS,House,2016-05-05,House Second Reading Special Order - Passed with Amendments - Floor,4
HB16-1467,2016,RS,House,2016-05-06,House Third Reading Passed - No Amendments,5
HB16-1467,2016,RS,Senate,2016-05-06,Introduced In Senate - Assigned to Finance,6
HB16-1467,2016,RS,Senate,2016-05-09,Senate Committee on Finance Refer Unamended to Appropriations,7
HB16-1467,2016,RS,Senate,2016-05-09,Senate Committee on Appropriations Refer Unamended to Senate Committee of the Whole,8
HB16-1467,2016,RS,Senate,2016-05-09,Senate Second Reading Special Order - Passed - No Amendments,9
HB16-1467,2016,RS,Senate,2016-05-10,Senate Third Reading Passed - No Amendments,10
HB16-1467,2016,RS,Senate,2016-05-17,Signed by the President of the Senate,11
HB16-1467,2016,RS,House,2016-05-20,Signed by the Speaker of the House,12
HB16-1467,2016,RS,Governor,2016-05-20,Sent to the Governor,13
HB16-1467,2016,RS,Governor,2016-06-10,Governor Signed,14
HB16-1468,2016,RS,House,2016-05-09,"Introduced In House - Assigned to State, Veterans, & Military Affairs",1
HB16-1468,2016,RS,House,2016-05-09,"House Committee on State, Veterans, & Military Affairs Refer Unamended to House Committee of the Whole",2
HB16-1468,2016,RS,House,2016-05-09,House Second Reading Laid Over Daily - No Amendments,3
HB16-1468,2016,RS,House,2016-05-10,House Second Reading Special Order - Laid Over to 05/12/2016 - No Amendments,4
HCR16-1001,2016,RS,House,2016-03-17,"Introduced In House - Assigned to State, Veterans, & Military Affairs",1
HCR16-1001,2016,RS,House,2016-04-13,"House Committee on State, Veterans, & Military Affairs Postpone Indefinitely",2
HCR16-1002,2016,RS,House,2016-04-07,"Introduced In House - Assigned to State, Veterans, & Military Affairs",1
HCR16-1002,2016,RS,House,2016-04-25,"House Committee on State, Veterans, & Military Affairs Postpone Indefinitely",2
HCR16-1003,2016,RS,House,2016-04-19,"Introduced In House - Assigned to State, Veterans, & Military Affairs",1
HCR16-1003,2016,RS,House,2016-05-02,"House Committee on State, Veterans, & Military Affairs Postpone Indefinitely",2
HJR16-1001,2016,RS,House,2016-01-13,Introduced In House - Assigned to,1
HJR16-1001,2016,RS,House,2016-01-13,House Third Reading Passed - No Amendments,2
HJR16-1001,2016,RS,Senate,2016-01-13,Introduced In Senate - Assigned to,3
HJR16-1001,2016,RS,Senate,2016-01-13,Senate Third Reading Passed - No Amendments,4
HJR16-1001,2016,RS,House,2016-01-20,Signed by the Speaker of the House,5
HJR16-1001,2016,RS,Senate,2016-01-22,Signed by the President of the Senate,6
HJR16-1002,2016,RS,House,2016-01-13,"Introduced In House - Assigned to Agriculture, Livestock, & Natural Resources",1
HJR16-1002,2016,RS,House,2016-01-27,"House Committee on Agriculture, Livestock, & Natural Resources Refer Amended to House Committee of the Whole",2
HJR16-1002,2016,RS,House,2016-02-01,House Third Reading Laid Over Daily - No Amendments,3
HJR16-1002,2016,RS,House,2016-02-04,House Third Reading Passed - No Amendments,4
HJR16-1002,2016,RS,Senate,2016-02-05,Introduced In Senate - Assigned to,5
HJR16-1002,2016,RS,Senate,2016-02-05,Senate Third Reading Laid Over Daily - No Amendments,6
HJR16-1002,2016,RS,Senate,2016-02-08,Senate Third Reading Passed - No Amendments,7
HJR16-1002,2016,RS,House,2016-02-10,Signed by the Speaker of the House,8
HJR16-1002,2016,RS,Senate,2016-02-16,Signed by the President of the Senate,9
HJR16-1003,2016,RS,House,2016-01-28,Introduced In House - Assigned to,1
HJR16-1003,2016,RS,House,2016-01-28,House Third Reading Laid Over Daily - No Amendments,2
HJR16-1003,2016,RS,House,2016-01-29,House Third Reading Passed - No Amendments,3
HJR16-1003,2016,RS,Senate,2016-01-29,Introduced In Senate - Assigned to,4
HJR16-1003,2016,RS,Senate,2016-01-29,Senate Third Reading Laid Over Daily - No Amendments,5
HJR16-1003,2016,RS,Senate,2016-02-01,Senate Third Reading Passed with Amendments - Floor,6
HJR16-1003,2016,RS,House,2016-02-02,House Considered Senate Amendments - Result was to Concur - Repass,7
HJR16-1003,2016,RS,House,2016-02-03,Signed by the Speaker of the House,8
HJR16-1003,2016,RS,Senate,2016-02-04,Signed by the President of the Senate,9
HJR16-1004,2016,RS,House,2016-01-28,Introduced In House - Assigned to,1
HJR16-1004,2016,RS,House,2016-01-28,House Third Reading Laid Over Daily - No Amendments,2
HJR16-1004,2016,RS,House,2016-01-29,House Third Reading Passed - No Amendments,3
HJR16-1004,2016,RS,Senate,2016-01-29,Introduced In Senate - Assigned to,4
HJR16-1004,2016,RS,Senate,2016-01-29,Senate Third Reading Laid Over Daily - No Amendments,5
HJR16-1004,2016,RS,Senate,2016-02-01,Senate Third Reading Passed - No Amendments,6
HJR16-1004,2016,RS,House,2016-02-02,Signed by the Speaker of the House,7
HJR16-1004,2016,RS,Senate,2016-02-02,Signed by the President of the Senate,8
HJR16-1005,2016,RS,House,2016-01-28,Introduced In House - Assigned to,1
HJR16-1005,2016,RS,House,2016-01-28,House Third Reading Laid Over Daily - No Amendments,2
HJR16-1005,2016,RS,House,2016-01-29,House Third Reading Passed - No Amendments,3
HJR16-1005,2016,RS,Senate,2016-01-29,Introduced In Senate - Assigned to,4
HJR16-1005,2016,RS,Senate,2016-01-29,Senate Third Reading Laid Over Daily - No Amendments,5
HJR16-1005,2016,RS,Senate,2016-02-01,Senate Third Reading Passed - No Amendments,6
HJR16-1005,2016,RS,House,2016-02-02,Signed by the Speaker of the House,7
HJR16-1005,2016,RS,Senate,2016-02-02,Signed by the President of the Senate,8
HJR16-1006,2016,RS,House,2016-01-28,Introduced In House - Assigned to,1
HJR16-1006,2016,RS,House,2016-01-28,House Third Reading Laid Over Daily - No Amendments,2
HJR16-1006,2016,RS,House,2016-01-29,House Third Reading Passed - No Amendments,3
HJR16-1006,2016,RS,Senate,2016-01-29,Introduced In Senate - Assigned to,4
HJR16-1006,2016,RS,Senate,2016-01-29,Senate Third Reading Laid Over Daily - No Amendments,5
HJR16-1006,2016,RS,Senate,2016-02-01,Senate Third Reading Passed - No Amendments,6
HJR16-1006,2016,RS,House,2016-02-02,Signed by the Speaker of the House,7
HJR16-1006,2016,RS,Senate,2016-02-02,Signed by the President of the Senate,8
HJR16-1007,2016,RS,House,2016-01-28,Introduced In House - Assigned to,1
HJR16-1007,2016,RS,House,2016-01-28,House Third Reading Laid Over Daily - No Amendments,2
HJR16-1007,2016,RS,House,2016-01-29,House Third Reading Passed - No Amendments,3
HJR16-1007,2016,RS,Senate,2016-01-29,Introduced In Senate - Assigned to,4
HJR16-1007,2016,RS,Senate,2016-01-29,Senate Third Reading Laid Over Daily - No Amendments,5
HJR16-1007,2016,RS,Senate,2016-02-01,Senate Third Reading Passed - No Amendments,6
HJR16-1007,2016,RS,House,2016-02-02,Signed by the Speaker of the House,7
HJR16-1007,2016,RS,Senate,2016-02-02,Signed by the President of the Senate,8
HJR16-1008,2016,RS,House,2016-01-28,Introduced In House - Assigned to,1
HJR16-1008,2016,RS,House,2016-02-01,House Third Reading Laid Over to 02/12/2016 - No Amendments,2
HJR16-1008,2016,RS,House,2016-02-12,House Third Reading Passed - No Amendments,3
HJR16-1008,2016,RS,Senate,2016-02-12,Introduced In Senate - Assigned to,4
HJR16-1008,2016,RS,Senate,2016-02-12,Senate Third Reading Passed - No Amendments,5
HJR16-1008,2016,RS,House,2016-02-22,Signed by the Speaker of the House,6
HJR16-1008,2016,RS,Senate,2016-02-23,Signed by the President of the Senate,7
HJR16-1009,2016,RS,House,2016-02-01,Introduced In House - Assigned to,1
HJR16-1009,2016,RS,House,2016-02-01,House Third Reading Laid Over Daily - No Amendments,2
HJR16-1009,2016,RS,House,2016-02-02,House Third Reading Passed - No Amendments,3
HJR16-1009,2016,RS,Senate,2016-02-02,Introduced In Senate - Assigned to,4
HJR16-1009,2016,RS,Senate,2016-02-02,Senate Third Reading Passed - No Amendments,5
HJR16-1009,2016,RS,House,2016-02-03,Signed by the Speaker of the House,6
HJR16-1009,2016,RS,Senate,2016-02-04,Signed by the President of the Senate,7
HJR16-1010,2016,RS,House,2016-03-09,"Introduced In House - Assigned to State, Veterans, & Military Affairs",1
HJR16-1010,2016,RS,House,2016-04-11,"House Committee on State, Veterans, & Military Affairs Postpone Indefinitely",2
HJR16-1011,2016,RS,House,2016-03-30,Introduced In House - Assigned to,1
HJR16-1011,2016,RS,House,2016-03-30,House Third Reading Laid Over Daily - No Amendments,2
HJR16-1011,2016,RS,House,2016-04-01,House Third Reading Passed - No Amendments,3
HJR16-1011,2016,RS,Senate,2016-04-01,Senate Third Reading Laid Over Daily - No Amendments,4
HJR16-1011,2016,RS,Senate,2016-04-01,Introduced In Senate - Assigned to,5
HJR16-1011,2016,RS,Senate,2016-04-04,Senate Third Reading Passed - No Amendments,6
HJR16-1011,2016,RS,House,2016-04-22,Signed by the Speaker of the House,7
HJR16-1011,2016,RS,Senate,2016-04-25,Signed by the President of the Senate,8
HJR16-1012,2016,RS,House,2016-03-30,Introduced In House - Assigned to,1
HJR16-1012,2016,RS,House,2016-03-30,House Third Reading Laid Over Daily - No Amendments,2
HJR16-1012,2016,RS,House,2016-03-31,House Third Reading Passed - No Amendments,3
HJR16-1012,2016,RS,Senate,2016-03-31,Senate Third Reading Passed - No Amendments,4
HJR16-1012,2016,RS,Senate,2016-03-31,Introduced In Senate - Assigned to,5
HJR16-1012,2016,RS,House,2016-04-22,Signed by the Speaker of the House,6
HJR16-1012,2016,RS,Senate,2016-04-25,Signed by the President of the Senate,7
HJR16-1013,2016,RS,House,2016-04-06,Introduced In House - Assigned to,1
HJR16-1013,2016,RS,House,2016-04-07,House Third Reading Laid Over Daily - No Amendments,2
HJR16-1013,2016,RS,House,2016-04-08,House Third Reading Laid Over to 04/12/2016 - No Amendments,3
HJR16-1013,2016,RS,House,2016-04-12,House Third Reading Passed - No Amendments,4
HJR16-1013,2016,RS,Senate,2016-04-12,Introduced In Senate - Assigned to,5
HJR16-1013,2016,RS,Senate,2016-04-12,Senate Third Reading Laid Over Daily - No Amendments,6
HJR16-1013,2016,RS,Senate,2016-04-15,Senate Third Reading Passed - No Amendments,7
HJR16-1013,2016,RS,House,2016-04-26,Signed by the Speaker of the House,8
HJR16-1013,2016,RS,Senate,2016-04-27,Signed by the President of the Senate,9
HJR16-1014,2016,RS,House,2016-04-06,Introduced In House - Assigned to,1
HJR16-1014,2016,RS,House,2016-04-29,House Third Reading Laid Over to 05/02/2016 - No Amendments,2
HJR16-1015,2016,RS,House,2016-04-06,Introduced In House - Assigned to,1
HJR16-1015,2016,RS,House,2016-04-07,House Third Reading Laid Over Daily - No Amendments,2
HJR16-1015,2016,RS,House,2016-04-08,House Third Reading Laid Over to 04/21/2016 - No Amendments,3
HJR16-1015,2016,RS,House,2016-04-21,House Third Reading Passed - No Amendments,4
HJR16-1015,2016,RS,Senate,2016-04-21,Introduced In Senate - Assigned to,5
HJR16-1015,2016,RS,Senate,2016-04-21,Senate Third Reading Passed - No Amendments,6
HJR16-1015,2016,RS,House,2016-04-26,Signed by the Speaker of the House,7
HJR16-1015,2016,RS,Senate,2016-04-27,Signed by the President of the Senate,8
HJR16-1016,2016,RS,House,2016-04-11,Introduced In House - Assigned to,1
HJR16-1016,2016,RS,House,2016-04-11,House Third Reading Laid Over Daily - No Amendments,2
HJR16-1016,2016,RS,House,2016-04-12,House Third Reading Passed - No Amendments,3
HJR16-1016,2016,RS,Senate,2016-04-12,Introduced In Senate - Assigned to,4
HJR16-1016,2016,RS,Senate,2016-04-12,Senate Third Reading Passed - No Amendments,5
HJR16-1016,2016,RS,House,2016-04-22,Signed by the Speaker of the House,6
HJR16-1016,2016,RS,Senate,2016-04-25,Signed by the President of the Senate,7
HJR16-1017,2016,RS,House,2016-04-12,Introduced In House - Assigned to,1
HJR16-1017,2016,RS,House,2016-04-12,House Third Reading Passed - No Amendments,2
HJR16-1017,2016,RS,Senate,2016-04-12,Introduced In Senate - Assigned to,3
HJR16-1017,2016,RS,Senate,2016-04-12,Senate Third Reading Reconsidered - No Amendments,4
HJR16-1017,2016,RS,Senate,2016-04-12,Senate Third Reading Passed - No Amendments,5
HJR16-1017,2016,RS,House,2016-04-22,Signed by the Speaker of the House,6
HJR16-1017,2016,RS,Senate,2016-04-25,Signed by the President of the Senate,7
HJR16-1018,2016,RS,House,2016-04-15,Introduced In House - Assigned to,1
HJR16-1018,2016,RS,House,2016-04-15,House Third Reading Passed - No Amendments,2
HJR16-1018,2016,RS,Senate,2016-04-18,Introduced In Senate - Assigned to,3
HJR16-1018,2016,RS,Senate,2016-04-18,Senate Third Reading Laid Over Daily - No Amendments,4
HJR16-1018,2016,RS,Senate,2016-04-25,Senate Third Reading Laid Over to 04/27/2016 - No Amendments,5
HJR16-1018,2016,RS,Senate,2016-04-27,Senate Third Reading Passed - No Amendments,6
HJR16-1018,2016,RS,House,2016-05-02,Signed by the Speaker of the House,7
HJR16-1018,2016,RS,Senate,2016-05-04,Signed by the President of the Senate,8
HJR16-1019,2016,RS,House,2016-04-15,Introduced In House - Assigned to,1
HJR16-1019,2016,RS,House,2016-04-19,House Third Reading Laid Over Daily - No Amendments,2
HJR16-1019,2016,RS,House,2016-04-26,House Third Reading Passed with Amendments - Floor,3
HJR16-1019,2016,RS,Senate,2016-04-26,Introduced In Senate - Assigned to,4
HJR16-1019,2016,RS,Senate,2016-04-26,Senate Third Reading Laid Over to 05/02/2016 - No Amendments,5
HJR16-1019,2016,RS,Senate,2016-04-29,Senate Third Reading Passed with Amendments - Floor,6
HJR16-1019,2016,RS,House,2016-05-03,House Considered Senate Amendments - Result was to Laid Over Daily,7
HJR16-1019,2016,RS,House,2016-05-03,House Considered Senate Amendments - Result was to Not Concur - Request Conference Committee,8
HJR16-1019,2016,RS,House,2016-05-10,House Consideration of First Conference Committee Report result was to Recede - Adhered or receded prior to CC,9
HJR16-1019,2016,RS,House,2016-05-10,House Considered Senate Amendments - Result was to Concur - Repass,10
HJR16-1019,2016,RS,House,2016-05-17,Signed by the Speaker of the House,11
HJR16-1019,2016,RS,Senate,2016-05-17,Signed by the President of the Senate,12
HJR16-1020,2016,RS,House,2016-04-19,Introduced In House - Assigned to,1
HJR16-1020,2016,RS,House,2016-04-19,House Third Reading Laid Over Daily - No Amendments,2
HJR16-1021,2016,RS,House,2016-04-19,Introduced In House - Assigned to,1
HJR16-1021,2016,RS,House,2016-04-19,House Third Reading Laid Over Daily - No Amendments,2
HJR16-1022,2016,RS,House,2016-04-21,Introduced In House - Assigned to,1
HJR16-1022,2016,RS,House,2016-04-21,House Third Reading Laid Over Daily - No Amendments,2
HJR16-1022,2016,RS,House,2016-04-22,House Third Reading Passed - No Amendments,3
HJR16-1022,2016,RS,Senate,2016-04-29,Introduced In Senate - Assigned to,4
HJR16-1022,2016,RS,Senate,2016-04-29,Senate Third Reading Laid Over Daily - No Amendments,5
HJR16-1022,2016,RS,Senate,2016-05-03,Senate Third Reading Passed - No Amendments,6
HJR16-1022,2016,RS,House,2016-05-10,Signed by the Speaker of the House,7
HJR16-1022,2016,RS,Senate,2016-05-11,Signed by the President of the Senate,8
HJR16-1023,2016,RS,House,2016-04-21,Introduced In House - Assigned to,1
HJR16-1023,2016,RS,House,2016-04-21,House Third Reading Laid Over Daily - No Amendments,2
HJR16-1024,2016,RS,House,2016-04-22,Introduced In House - Assigned to,1
HJR16-1024,2016,RS,House,2016-04-22,House Third Reading Laid Over Daily - No Amendments,2
HJR16-1024,2016,RS,House,2016-05-04,House Third Reading Passed - No Amendments,3
HJR16-1024,2016,RS,Senate,2016-05-04,Introduced In Senate - Assigned to,4
HJR16-1024,2016,RS,Senate,2016-05-04,Senate Third Reading Passed - No Amendments,5
HJR16-1024,2016,RS,House,2016-05-10,Signed by the Speaker of the House,6
HJR16-1024,2016,RS,Senate,2016-05-11,Signed by the President of the Senate,7
HJR16-1025,2016,RS,House,2016-05-02,Introduced In House - Assigned to,1
HJR16-1025,2016,RS,House,2016-05-03,House Third Reading Laid Over Daily - No Amendments,2
HJR16-1025,2016,RS,House,2016-05-06,House Third Reading Passed - No Amendments,3
HJR16-1025,2016,RS,Senate,2016-05-06,Introduced In Senate - Assigned to,4
HJR16-1025,2016,RS,Senate,2016-05-06,Senate Third Reading Passed with Amendments - Floor,5
HJR16-1025,2016,RS,House,2016-05-09,House Considered Senate Amendments - Result was to Concur - Repass,6
HJR16-1025,2016,RS,House,2016-05-12,Signed by the Speaker of the House,7
HJR16-1025,2016,RS,Senate,2016-05-13,Signed by the President of the Senate,8
HJR16-1026,2016,RS,House,2016-05-02,Introduced In House - Assigned to,1
HJR16-1026,2016,RS,House,2016-05-03,House Third Reading Laid Over Daily - No Amendments,2
HJR16-1026,2016,RS,House,2016-05-04,House Third Reading Passed - No Amendments,3
HJR16-1026,2016,RS,Senate,2016-05-04,Introduced In Senate - Assigned to,4
HJR16-1026,2016,RS,Senate,2016-05-04,Senate Third Reading Passed - No Amendments,5
HJR16-1026,2016,RS,House,2016-05-10,Signed by the Speaker of the House,6
HJR16-1026,2016,RS,Senate,2016-05-11,Signed by the President of the Senate,7
HJR16-1027,2016,RS,House,2016-05-10,Introduced In House - Assigned to,1
HJR16-1027,2016,RS,House,2016-05-10,House Third Reading Laid Over Daily - No Amendments,2
HJR16-1027,2016,RS,House,2016-05-11,House Third Reading Passed - No Amendments,3
HJR16-1027,2016,RS,Senate,2016-05-11,Introduced In Senate - Assigned to,4
HM16-1001,2016,RS,House,2016-01-22,Introduced In House - Assigned to,1
HM16-1001,2016,RS,House,2016-01-22,House Third Reading Laid Over Daily - No Amendments,2
HM16-1001,2016,RS,House,2016-01-25,House Third Reading Passed - No Amendments,3
HM16-1001,2016,RS,House,2016-01-29,Signed by the Speaker of the House,4
HM16-1002,2016,RS,House,2016-03-16,House Third Reading Laid Over to 03/18/2016 - No Amendments,1
HM16-1002,2016,RS,House,2016-03-16,Introduced In House - Assigned to,2
HM16-1002,2016,RS,House,2016-03-18,House Third Reading Passed - No Amendments,3
HM16-1002,2016,RS,House,2016-04-04,Signed by the Speaker of the House,4
HM16-1003,2016,RS,House,2016-04-05,Introduced In House - Assigned to,1
HM16-1003,2016,RS,House,2016-04-05,House Third Reading Laid Over to 04/11/2016 - No Amendments,2
HM16-1003,2016,RS,House,2016-04-11,House Third Reading Passed - No Amendments,3
HM16-1003,2016,RS,House,2016-04-22,Signed by the Speaker of the House,4
HM16-1004,2016,RS,House,2016-04-08,Introduced In House - Assigned to,1
HM16-1004,2016,RS,House,2016-04-08,House Third Reading Laid Over to 04/14/2016 - No Amendments,2
HM16-1004,2016,RS,House,2016-04-14,House Third Reading Passed - No Amendments,3
HM16-1004,2016,RS,House,2016-04-22,Signed by the Speaker of the House,4
HM16-1005,2016,RS,House,2016-04-08,Introduced In House - Assigned to,1
HM16-1005,2016,RS,House,2016-04-08,House Third Reading Laid Over to 04/15/2016 - No Amendments,2
HM16-1005,2016,RS,House,2016-04-15,House Third Reading Passed - No Amendments,3
HM16-1005,2016,RS,House,2016-04-26,Signed by the Speaker of the House,4
HM16-1006,2016,RS,House,2016-04-15,Introduced In House - Assigned to,1
HM16-1006,2016,RS,House,2016-04-15,House Third Reading Laid Over Daily - No Amendments,2
HM16-1006,2016,RS,House,2016-04-18,House Third Reading Passed - No Amendments,3
HM16-1006,2016,RS,House,2016-04-26,Signed by the Speaker of the House,4
HR16-1001,2016,RS,House,2016-01-13,House Third Reading Laid Over to 01/15/2016 - No Amendments,1
HR16-1001,2016,RS,House,2016-01-13,Introduced In House - Assigned to,2
HR16-1001,2016,RS,House,2016-01-15,House Third Reading Passed - No Amendments,3
HR16-1001,2016,RS,House,2016-01-20,Signed by the Speaker of the House,4
HR16-1002,2016,RS,House,2016-01-13,House Third Reading Laid Over to 01/15/2016 - No Amendments,1
HR16-1002,2016,RS,House,2016-01-13,Introduced In House - Assigned to,2
HR16-1002,2016,RS,House,2016-01-15,House Third Reading Passed - No Amendments,3
HR16-1002,2016,RS,House,2016-01-20,Signed by the Speaker of the House,4
HR16-1003,2016,RS,House,2016-01-21,Introduced In House - Assigned to,1
HR16-1003,2016,RS,House,2016-01-21,House Third Reading Passed - No Amendments,2
HR16-1003,2016,RS,House,2016-01-22,Signed by the Speaker of the House,3
HR16-1004,2016,RS,House,2016-03-09,"Introduced In House - Assigned to State, Veterans, & Military Affairs",1
HR16-1004,2016,RS,House,2016-04-11,"House Committee on State, Veterans, & Military Affairs Postpone Indefinitely",2
HR16-1005,2016,RS,House,2016-03-14,Introduced In House - Assigned to,1
HR16-1005,2016,RS,House,2016-03-14,House Third Reading Laid Over Daily - No Amendments,2
HR16-1005,2016,RS,House,2016-03-15,House Third Reading Passed - No Amendments,3
HR16-1005,2016,RS,House,2016-03-18,Signed by the Speaker of the House,4
HR16-1006,2016,RS,House,2016-04-19,Introduced In House - Assigned to,1
HR16-1006,2016,RS,House,2016-04-19,House Third Reading Laid Over Daily - No Amendments,2
HR16-1007,2016,RS,House,2016-05-02,Introduced In House - Assigned to,1
HR16-1007,2016,RS,House,2016-05-03,House Third Reading Laid Over Daily - No Amendments,2
HR16-1008,2016,RS,House,2016-05-03,Introduced In House - Assigned to,1
HR16-1008,2016,RS,House,2016-05-03,House Third Reading Laid Over Daily - No Amendments,2
HR16-1008,2016,RS,House,2016-05-06,House Third Reading Passed with Amendments - Floor,3
HR16-1008,2016,RS,House,2016-05-10,Signed by the Speaker of the House,4
HR16-1009,2016,RS,House,2016-05-11,Introduced In House - Assigned to,1
HR16-1009,2016,RS,House,2016-05-11,House Third Reading Passed - No Amendments,2
HR16-1009,2016,RS,House,2016-05-16,Signed by the Speaker of the House,3
SB16-001,2016,RS,Senate,2016-01-13,Introduced In Senate - Assigned to Finance + Appropriations,1
SB16-001,2016,RS,Senate,2016-01-28,Senate Committee on Finance Refer Amended to Appropriations,2
SB16-001,2016,RS,Senate,2016-05-03,Senate Committee on Appropriations Refer Amended to Senate Committee of the Whole,3
SB16-001,2016,RS,Senate,2016-05-03,Senate Second Reading Special Order - Passed with Amendments - Committee,4
SB16-001,2016,RS,Senate,2016-05-04,Senate Third Reading Passed - No Amendments,5
SB16-001,2016,RS,House,2016-05-04,Introduced In House - Assigned to Finance,6
SB16-001,2016,RS,House,2016-05-05,House Committee on Finance Postpone Indefinitely,7
SB16-002,2016,RS,Senate,2016-01-13,Introduced In Senate - Assigned to Health & Human Services,1
SB16-002,2016,RS,Senate,2016-01-28,Senate Committee on Health & Human Services Refer Unamended to Appropriations,2
SB16-002,2016,RS,Senate,2016-04-15,Senate Committee on Appropriations Refer Unamended to Senate Committee of the Whole,3
SB16-002,2016,RS,Senate,2016-04-20,Senate Second Reading Laid Over Daily - No Amendments,4
SB16-002,2016,RS,Senate,2016-04-25,Senate Second Reading Passed - No Amendments,5
SB16-002,2016,RS,Senate,2016-04-26,Senate Third Reading Passed - No Amendments,6
SB16-002,2016,RS,House,2016-04-26,"Introduced In House - Assigned to State, Veterans, & Military Affairs",7
SB16-002,2016,RS,House,2016-05-04,"House Committee on State, Veterans, & Military Affairs Postpone Indefinitely",8
SB16-003,2016,RS,Senate,2016-01-13,Introduced In Senate - Assigned to Judiciary,1
SB16-003,2016,RS,Senate,2016-02-08,Senate Committee on Judiciary Refer Unamended to Appropriations,2
SB16-003,2016,RS,Senate,2016-05-03,Senate Committee on Appropriations Refer Amended to Senate Committee of the Whole,3
SB16-003,2016,RS,Senate,2016-05-03,"Senate Second Reading Special Order - Passed with Amendments - Committee, Floor",4
SB16-003,2016,RS,Senate,2016-05-04,Senate Third Reading Passed - No Amendments,5
SB16-003,2016,RS,House,2016-05-04,"Introduced In House - Assigned to Agriculture, Livestock, & Natural Resources",6
SB16-003,2016,RS,House,2016-05-09,"House Committee on Agriculture, Livestock, & Natural Resources Refer Unamended to Appropriations",7
SB16-003,2016,RS,House,2016-05-09,House Committee on Appropriations Refer Unamended to House Committee of the Whole,8
SB16-003,2016,RS,House,2016-05-09,House Second Reading Laid Over Daily - No Amendments,9
SB16-003,2016,RS,House,2016-05-10,House Second Reading Special Order - Passed - No Amendments,10
SB16-003,2016,RS,House,2016-05-11,House Third Reading Passed - No Amendments,11
SB16-003,2016,RS,Senate,2016-05-18,Signed by the President of the Senate,12
SB16-003,2016,RS,House,2016-05-20,Signed by the Speaker of the House,13
SB16-003,2016,RS,Governor,2016-05-20,Sent to the Governor,14
SB16-003,2016,RS,Governor,2016-06-06,Governor Signed,15
SB16-004,2016,RS,Senate,2016-01-13,Introduced In Senate - Assigned to Judiciary,1
SB16-004,2016,RS,Senate,2016-01-20,Senate Committee on Judiciary Refer Unamended - Consent Calendar to Senate Committee of the Whole,2
SB16-004,2016,RS,Senate,2016-01-25,Senate Second Reading Passed - No Amendments,3
SB16-004,2016,RS,Senate,2016-01-26,Senate Third Reading Passed - No Amendments,4
SB16-004,2016,RS,House,2016-01-26,Introduced In House - Assigned to Judiciary,5
SB16-004,2016,RS,House,2016-02-18,House Committee on Judiciary Refer Unamended to House Committee of the Whole,6
SB16-004,2016,RS,House,2016-02-22,House Second Reading Passed - No Amendments,7
SB16-004,2016,RS,House,2016-02-23,House Third Reading Passed - No Amendments,8
SB16-004,2016,RS,Senate,2016-02-26,Signed by the President of the Senate,9
SB16-004,2016,RS,House,2016-02-26,Signed by the Speaker of the House,10
SB16-004,2016,RS,Governor,2016-02-29,Sent to the Governor,11
SB16-004,2016,RS,Governor,2016-03-09,Governor Signed,12
SB16-005,2016,RS,Senate,2016-01-13,Introduced In Senate - Assigned to Education,1
SB16-005,2016,RS,Senate,2016-03-24,Senate Committee on Education Refer Amended to Appropriations,2
SB16-005,2016,RS,Senate,2016-04-15,Senate Committee on Appropriations Refer Unamended to Senate Committee of the Whole,3
SB16-005,2016,RS,Senate,2016-04-20,Senate Second Reading Laid Over Daily - No Amendments,4
SB16-005,2016,RS,Senate,2016-04-25,"Senate Second Reading Lost with Amendments - Committee, Floor",5
SB16-006,2016,RS,Senate,2016-01-13,Introduced In Senate - Assigned to Health & Human Services,1
SB16-006,2016,RS,Senate,2016-01-20,Senate Committee on Health & Human Services Committee Vote - Final Action Failed,2
SB16-006,2016,RS,Senate,2016-02-03,Senate Committee on Health & Human Services Refer Amended to Senate Committee of the Whole,3
SB16-006,2016,RS,Senate,2016-02-08,Senate Second Reading Laid Over Daily - No Amendments,4
SB16-006,2016,RS,Senate,2016-02-09,Senate Second Reading Passed with Amendments - Committee,5
SB16-006,2016,RS,Senate,2016-02-10,Senate Third Reading Passed - No Amendments,6
SB16-006,2016,RS,House,2016-02-10,"Introduced In House - Assigned to State, Veterans, & Military Affairs",7
SB16-006,2016,RS,House,2016-04-25,"House Committee on State, Veterans, & Military Affairs Refer Amended to House Committee of the Whole",8
SB16-006,2016,RS,House,2016-04-27,House Second Reading Laid Over Daily - No Amendments,9
SB16-006,2016,RS,House,2016-04-28,House Second Reading Special Order - Passed with Amendments - Committee,10
SB16-006,2016,RS,House,2016-04-29,House Third Reading Passed - No Amendments,11
SB16-006,2016,RS,Senate,2016-05-02,Senate Considered House Amendments - Result was to Concur - Repass,12
SB16-006,2016,RS,Senate,2016-05-06,Signed by the President of the Senate,13
SB16-006,2016,RS,House,2016-05-09,Signed by the Speaker of the House,14
SB16-006,2016,RS,Governor,2016-05-09,Sent to the Governor,15
SB16-006,2016,RS,Governor,2016-06-10,Governor Signed,16
SB16-007,2016,RS,Senate,2016-01-13,"Introduced In Senate - Assigned to Agriculture, Natural Resources, & Energy",1
SB16-007,2016,RS,Senate,2016-02-11,"Senate Committee on Agriculture, Natural Resources, & Energy Refer Amended to Senate Committee of the Whole",2
SB16-007,2016,RS,Senate,2016-02-17,Senate Second Reading Laid Over Daily - No Amendments,3
SB16-007,2016,RS,Senate,2016-02-18,Senate Second Reading Laid Over to 02/23/2016 - No Amendments,4
SB16-007,2016,RS,Senate,2016-02-23,"Senate Second Reading Passed with Amendments - Committee, Floor",5
SB16-007,2016,RS,Senate,2016-02-24,Senate Third Reading Passed - No Amendments,6
SB16-007,2016,RS,House,2016-02-26,Introduced In House - Assigned to Transportation & Energy,7
SB16-007,2016,RS,House,2016-03-09,House Committee on Transportation & Energy Postpone Indefinitely,8
SB16-008,2016,RS,Senate,2016-01-13,Introduced In Senate - Assigned to Local Government,1
SB16-008,2016,RS,Senate,2016-02-02,Senate Committee on Local Government Refer Amended to Senate Committee of the Whole,2
SB16-008,2016,RS,Senate,2016-02-05,Senate Second Reading Passed with Amendments - Committee,3
SB16-008,2016,RS,Senate,2016-02-08,Senate Third Reading Passed - No Amendments,4
SB16-008,2016,RS,House,2016-02-10,Introduced In House - Assigned to Transportation & Energy,5
SB16-008,2016,RS,House,2016-02-25,House Committee on Transportation & Energy Refer Unamended to House Committee of the Whole,6
SB16-008,2016,RS,House,2016-02-29,House Second Reading Passed - No Amendments,7
SB16-008,2016,RS,House,2016-03-01,House Third Reading Passed - No Amendments,8
SB16-008,2016,RS,Senate,2016-03-10,Signed by the President of the Senate,9
SB16-008,2016,RS,House,2016-03-11,Signed by the Speaker of the House,10
SB16-008,2016,RS,Governor,2016-03-11,Sent to the Governor,11
SB16-008,2016,RS,Governor,2016-03-16,Governor Signed,12
SB16-009,2016,RS,Senate,2016-01-13,Introduced In Senate - Assigned to Health & Human Services,1
SB16-009,2016,RS,Senate,2016-01-28,Senate Committee on Health & Human Services Refer Amended - Consent Calendar to Senate Committee of the Whole,2
SB16-009,2016,RS,Senate,2016-02-02,Senate Second Reading Passed with Amendments - Committee,3
SB16-009,2016,RS,Senate,2016-02-03,Senate Third Reading Passed - No Amendments,4
SB16-009,2016,RS,House,2016-02-04,Introduced In House - Assigned to Public Health Care & Human Services,5
SB16-009,2016,RS,House,2016-02-09,House Committee on Public Health Care & Human Services Refer Unamended to House Committee of the Whole,6
SB16-009,2016,RS,House,2016-02-16,House Second Reading Passed - No Amendments,7
SB16-009,2016,RS,House,2016-02-17,House Third Reading Laid Over Daily - No Amendments,8
SB16-009,2016,RS,House,2016-02-18,House Third Reading Passed - No Amendments,9
SB16-009,2016,RS,Senate,2016-02-26,Signed by the President of the Senate,10
SB16-009,2016,RS,House,2016-02-26,Signed by the Speaker of the House,11
SB16-009,2016,RS,Governor,2016-02-29,Sent to the Governor,12
SB16-009,2016,RS,Governor,2016-03-09,Governor Signed,13
SB16-010,2016,RS,Senate,2016-01-13,Introduced In Senate - Assigned to Transportation,1
SB16-010,2016,RS,Senate,2016-01-26,Senate Committee on Transportation Refer Unamended - Consent Calendar to Senate Committee of the Whole,2
SB16-010,2016,RS,Senate,2016-01-29,Senate Second Reading Passed - No Amendments,3
SB16-010,2016,RS,Senate,2016-02-01,Senate Third Reading Passed - No Amendments,4
SB16-010,2016,RS,House,2016-02-02,Introduced In House - Assigned to Transportation & Energy,5
SB16-010,2016,RS,House,2016-03-10,House Committee on Transportation & Energy Refer Amended to House Committee of the Whole,6
SB16-010,2016,RS,House,2016-03-15,House Second Reading Passed with Amendments - Committee,7
SB16-010,2016,RS,House,2016-03-16,House Third Reading Passed - No Amendments,8
SB16-010,2016,RS,Senate,2016-03-17,Senate Considered House Amendments - Result was to Laid Over Daily,9
SB16-010,2016,RS,Senate,2016-03-18,Senate Considered House Amendments - Result was to Concur - Repass,10
SB16-010,2016,RS,Senate,2016-03-29,Signed by the President of the Senate,11
SB16-010,2016,RS,Governor,2016-03-30,Sent to the Governor,12
SB16-010,2016,RS,House,2016-03-30,Signed by the Speaker of the House,13
SB16-010,2016,RS,Governor,2016-04-07,Governor Signed,14
SB16-011,2016,RS,Senate,2016-01-13,Introduced In Senate - Assigned to Transportation,1
SB16-011,2016,RS,Senate,2016-01-26,Senate Committee on Transportation Refer Unamended to Senate Committee of the Whole,2
SB16-011,2016,RS,Senate,2016-01-29,Senate Second Reading Laid Over Daily - No Amendments,3
SB16-011,2016,RS,Senate,2016-02-02,Senate Second Reading Passed - No Amendments,4
SB16-011,2016,RS,Senate,2016-02-03,Senate Third Reading Passed - No Amendments,5
SB16-011,2016,RS,House,2016-02-04,Introduced In House - Assigned to Transportation & Energy,6
SB16-011,2016,RS,House,2016-02-17,House Committee on Transportation & Energy Postpone Indefinitely,7
SB16-012,2016,RS,Senate,2016-01-13,Introduced In Senate - Assigned to Local Government,1
SB16-012,2016,RS,Senate,2016-02-02,Senate Committee on Local Government Refer Unamended to Senate Committee of the Whole,2
SB16-012,2016,RS,Senate,2016-02-05,Senate Second Reading Passed - No Amendments,3
SB16-012,2016,RS,Senate,2016-02-08,Senate Third Reading Passed - No Amendments,4
SB16-012,2016,RS,House,2016-02-10,Introduced In House - Assigned to Local Government,5
SB16-012,2016,RS,House,2016-03-09,House Committee on Local Government Refer Unamended to House Committee of the Whole,6
SB16-012,2016,RS,House,2016-03-15,House Second Reading Laid Over Daily - No Amendments,7
SB16-012,2016,RS,House,2016-03-16,House Second Reading Passed - No Amendments,8
SB16-012,2016,RS,House,2016-03-17,House Third Reading Passed - No Amendments,9
SB16-012,2016,RS,Senate,2016-03-29,Signed by the President of the Senate,10
SB16-012,2016,RS,Governor,2016-03-30,Sent to the Governor,11
SB16-012,2016,RS,House,2016-03-30,Signed by the Speaker of the House,12
SB16-012,2016,RS,Governor,2016-04-05,Governor Signed,13
SB16-013,2016,RS,Senate,2016-01-13,Introduced In Senate - Assigned to Judiciary,1
SB16-013,2016,RS,Senate,2016-02-22,Senate Committee on Judiciary Refer Amended to Senate Committee of the Whole,2
SB16-013,2016,RS,Senate,2016-02-25,"Senate Second Reading Passed with Amendments - Committee, Floor",3
SB16-013,2016,RS,Senate,2016-02-26,Senate Third Reading Passed - No Amendments,4
SB16-013,2016,RS,House,2016-02-26,Introduced In House - Assigned to Public Health Care & Human Services,5
SB16-013,2016,RS,House,2016-03-22,House Committee on Public Health Care & Human Services Refer Unamended to House Committee of the Whole,6
SB16-013,2016,RS,House,2016-03-28,House Second Reading Passed - No Amendments,7
SB16-013,2016,RS,House,2016-03-29,House Third Reading Passed - No Amendments,8
SB16-013,2016,RS,Senate,2016-04-05,Signed by the President of the Senate,9
SB16-013,2016,RS,House,2016-04-07,Signed by the Speaker of the House,10
SB16-013,2016,RS,Governor,2016-04-08,Sent to the Governor,11
SB16-013,2016,RS,Governor,2016-04-15,Governor Signed,12
SB16-014,2016,RS,Senate,2016-01-13,"Introduced In Senate - Assigned to Business, Labor, & Technology",1
SB16-014,2016,RS,Senate,2016-01-20,"Senate Committee on Business, Labor, & Technology Refer Amended - Consent Calendar to Senate Committee of the Whole",2
SB16-014,2016,RS,Senate,2016-01-25,Senate Second Reading Passed with Amendments - Committee,3
SB16-014,2016,RS,Senate,2016-01-26,Senate Third Reading Passed - No Amendments,4
SB16-014,2016,RS,House,2016-01-26,Introduced In House - Assigned to Business Affairs and Labor,5
SB16-014,2016,RS,House,2016-02-23,House Committee on Business Affairs and Labor Refer Amended to House Committee of the Whole,6
SB16-014,2016,RS,House,2016-02-25,House Second Reading Passed with Amendments - Committee,7
SB16-014,2016,RS,House,2016-02-26,House Third Reading Passed - No Amendments,8
SB16-014,2016,RS,Senate,2016-02-29,Senate Considered House Amendments - Result was to Concur - Repass,9
SB16-014,2016,RS,Senate,2016-03-10,Signed by the President of the Senate,10
SB16-014,2016,RS,House,2016-03-11,Signed by the Speaker of the House,11
SB16-014,2016,RS,Governor,2016-03-11,Sent to the Governor,12
SB16-014,2016,RS,Governor,2016-03-16,Governor Signed,13
SB16-015,2016,RS,Senate,2016-01-13,"Introduced In Senate - Assigned to Agriculture, Natural Resources, & Energy",1
SB16-015,2016,RS,Senate,2016-01-28,"Senate Committee on Agriculture, Natural Resources, & Energy Refer Unamended - Consent Calendar to Senate Committee of the Whole",2
SB16-015,2016,RS,Senate,2016-02-02,Senate Second Reading Passed - No Amendments,3
SB16-015,2016,RS,Senate,2016-02-03,Senate Third Reading Passed - No Amendments,4
SB16-015,2016,RS,House,2016-02-04,"Introduced In House - Assigned to Agriculture, Livestock, & Natural Resources",5
SB16-015,2016,RS,House,2016-02-10,"House Committee on Agriculture, Livestock, & Natural Resources Refer Unamended to House Committee of the Whole",6
SB16-015,2016,RS,House,2016-02-16,House Second Reading Passed - No Amendments,7
SB16-015,2016,RS,House,2016-02-17,House Third Reading Laid Over Daily - No Amendments,8
SB16-015,2016,RS,House,2016-02-18,House Third Reading Passed - No Amendments,9
SB16-015,2016,RS,Senate,2016-02-26,Signed by the President of the Senate,10
SB16-015,2016,RS,House,2016-02-26,Signed by the Speaker of the House,11
SB16-015,2016,RS,Governor,2016-02-29,Sent to the Governor,12
SB16-015,2016,RS,Governor,2016-03-09,Governor Signed,13
SB16-016,2016,RS,Senate,2016-01-13,Introduced In Senate - Assigned to Finance,1
SB16-016,2016,RS,Senate,2016-01-26,Senate Committee on Finance Refer Unamended to Appropriations,2
SB16-016,2016,RS,Senate,2016-02-12,Senate Committee on Appropriations Refer Unamended to Senate Committee of the Whole,3
SB16-016,2016,RS,Senate,2016-02-17,Senate Second Reading Laid Over to 02/24/2016 - No Amendments,4
SB16-016,2016,RS,Senate,2016-02-24,Senate Second Reading Passed - No Amendments,5
SB16-016,2016,RS,Senate,2016-02-25,Senate Third Reading Passed - No Amendments,6
SB16-016,2016,RS,House,2016-02-29,Introduced In House - Assigned to Finance,7
SB16-016,2016,RS,House,2016-04-06,House Committee on Finance Refer Unamended to House Committee of the Whole,8
SB16-016,2016,RS,House,2016-04-11,House Second Reading Laid Over Daily - No Amendments,9
SB16-016,2016,RS,House,2016-04-13,House Second Reading Passed - No Amendments,10
SB16-016,2016,RS,House,2016-04-14,House Third Reading Passed - No Amendments,11
SB16-016,2016,RS,Senate,2016-04-22,Signed by the President of the Senate,12
SB16-016,2016,RS,House,2016-04-26,Signed by the Speaker of the House,13
SB16-016,2016,RS,Governor,2016-04-26,Sent to the Governor,14
SB16-016,2016,RS,Governor,2016-04-29,Governor Signed,15
SB16-017,2016,RS,Senate,2016-01-13,"Introduced In Senate - Assigned to State, Veterans, & Military Affairs",1
SB16-017,2016,RS,Senate,2016-01-27,"Senate Committee on State, Veterans, & Military Affairs Refer Unamended to Finance",2
SB16-017,2016,RS,Senate,2016-02-02,Senate Committee on Finance Refer Unamended to Appropriations,3
SB16-017,2016,RS,Senate,2016-02-12,Senate Committee on Appropriations Refer Amended to Senate Committee of the Whole,4
SB16-017,2016,RS,Senate,2016-02-17,Senate Second Reading Laid Over Daily - No Amendments,5
SB16-017,2016,RS,Senate,2016-02-18,Senate Second Reading Laid Over Daily with Amendments - Committee,6
SB16-017,2016,RS,Senate,2016-02-22,Senate Second Reading Passed with Amendments - Committee,7
SB16-017,2016,RS,Senate,2016-02-23,Senate Third Reading Passed - No Amendments,8
SB16-017,2016,RS,House,2016-02-23,"Introduced In House - Assigned to State, Veterans, & Military Affairs",9
SB16-017,2016,RS,House,2016-03-07,"House Committee on State, Veterans, & Military Affairs Postpone Indefinitely",10
SB16-018,2016,RS,Senate,2016-01-13,"Introduced In Senate - Assigned to State, Veterans, & Military Affairs",1
SB16-018,2016,RS,Senate,2016-02-01,"Senate Committee on State, Veterans, & Military Affairs Postpone Indefinitely",2
SB16-019,2016,RS,Senate,2016-01-13,Introduced In Senate - Assigned to Judiciary,1
SB16-019,2016,RS,Senate,2016-02-29,Senate Committee on Judiciary Refer Amended to Appropriations,2
SB16-019,2016,RS,Senate,2016-04-29,Senate Committee on Appropriations Refer Amended to Senate Committee of the Whole,3
SB16-019,2016,RS,Senate,2016-05-02,Senate Second Reading Special Order - Passed with Amendments - Committee,4
SB16-019,2016,RS,Senate,2016-05-03,Senate Third Reading Passed - No Amendments,5
SB16-019,2016,RS,House,2016-05-03,Introduced In House - Assigned to Judiciary,6
SB16-019,2016,RS,House,2016-05-05,House Committee on Judiciary Refer Unamended to Appropriations,7
SB16-019,2016,RS,House,2016-05-09,House Committee on Appropriations Refer Amended to House Committee of the Whole,8
SB16-019,2016,RS,House,2016-05-09,House Second Reading Special Order - Passed with Amendments - Committee,9
SB16-019,2016,RS,House,2016-05-10,House Third Reading Passed - No Amendments,10
SB16-019,2016,RS,Senate,2016-05-11,Senate Considered House Amendments - Result was to Concur - Repass,11
SB16-019,2016,RS,Senate,2016-05-18,Signed by the President of the Senate,12
SB16-019,2016,RS,House,2016-05-20,Signed by the Speaker of the House,13
SB16-019,2016,RS,Governor,2016-05-20,Sent to the Governor,14
SB16-019,2016,RS,Governor,2016-06-10,Governor Signed,15
SB16-020,2016,RS,Senate,2016-01-13,"Introduced In Senate - Assigned to State, Veterans, & Military Affairs",1
SB16-020,2016,RS,Senate,2016-01-20,"Senate Committee on State, Veterans, & Military Affairs Refer Unamended - Consent Calendar to Senate Committee of the Whole",2
SB16-020,2016,RS,Senate,2016-01-25,Senate Second Reading Passed - No Amendments,3
SB16-020,2016,RS,Senate,2016-01-26,Senate Third Reading Passed - No Amendments,4
SB16-020,2016,RS,House,2016-01-26,Introduced In House - Assigned to Finance,5
SB16-020,2016,RS,House,2016-02-04,House Committee on Finance Refer Unamended to House Committee of the Whole,6
SB16-020,2016,RS,House,2016-02-08,House Second Reading Passed - No Amendments,7
SB16-020,2016,RS,House,2016-02-09,House Third Reading Passed - No Amendments,8
SB16-020,2016,RS,Senate,2016-02-26,Signed by the President of the Senate,9
SB16-020,2016,RS,House,2016-02-26,Signed by the Speaker of the House,10
SB16-020,2016,RS,Governor,2016-02-29,Sent to the Governor,11
SB16-020,2016,RS,Governor,2016-03-09,Governor Signed,12
SB16-021,2016,RS,Senate,2016-01-13,"Introduced In Senate - Assigned to State, Veterans, & Military Affairs",1
SB16-021,2016,RS,Senate,2016-01-27,"Senate Committee on State, Veterans, & Military Affairs Witness Testimony and/or Committee Discussion Only",2
SB16-021,2016,RS,Senate,2016-02-22,"Senate Committee on State, Veterans, & Military Affairs Refer Amended to Senate Committee of the Whole",3
SB16-021,2016,RS,Senate,2016-02-25,Senate Second Reading Laid Over to 03/01/2016 - No Amendments,4
SB16-021,2016,RS,Senate,2016-03-01,"Senate Second Reading Passed with Amendments - Committee, Floor",5
SB16-021,2016,RS,Senate,2016-03-02,Senate Third Reading Passed - No Amendments,6
SB16-021,2016,RS,House,2016-03-03,"Introduced In House - Assigned to State, Veterans, & Military Affairs",7
SB16-021,2016,RS,House,2016-04-18,"House Committee on State, Veterans, & Military Affairs Refer Amended to House Committee of the Whole",8
SB16-021,2016,RS,House,2016-04-21,House Second Reading Laid Over Daily - No Amendments,9
SB16-021,2016,RS,House,2016-04-22,"House Second Reading Special Order - Passed with Amendments - Committee, Floor",10
SB16-021,2016,RS,House,2016-04-25,House Third Reading Passed - No Amendments,11
SB16-021,2016,RS,Senate,2016-04-26,Senate Considered House Amendments - Result was to Not Concur - Request Conference Committee,12
SB16-021,2016,RS,,2016-05-04,First Conference Committee Result was to Adopt Rerevised w/ Amendments,13
SB16-021,2016,RS,House,2016-05-05,House Consideration of First Conference Committee Report result was to Adopt Committee Report - Repass,14
SB16-021,2016,RS,Senate,2016-05-06,Senate Consideration of First Conference Committee Report result was to Reconsider - CCR produced,15
SB16-021,2016,RS,Senate,2016-05-06,Senate Consideration of First Conference Committee Report result was to Adopt Committee Report - Repass,16
SB16-021,2016,RS,Senate,2016-05-11,Signed by the President of the Senate,17
SB16-021,2016,RS,House,2016-05-12,Signed by the Speaker of the House,18
SB16-021,2016,RS,Governor,2016-05-12,Sent to the Governor,19
SB16-021,2016,RS,Governor,2016-05-17,Governor Signed,20
SB16-022,2016,RS,Senate,2016-01-13,Introduced In Senate - Assigned to Health & Human Services,1
SB16-022,2016,RS,Senate,2016-01-20,Senate Committee on Health & Human Services Refer Unamended to Senate Committee of the Whole,2
SB16-022,2016,RS,Senate,2016-01-25,Senate Second Reading Passed - No Amendments,3
SB16-022,2016,RS,Senate,2016-01-26,Senate Third Reading Passed with Amendments - Floor,4
SB16-022,2016,RS,House,2016-01-26,Introduced In House - Assigned to Public Health Care & Human Services,5
SB16-022,2016,RS,House,2016-02-16,House Committee on Public Health Care & Human Services Refer Unamended to House Committee of the Whole,6
SB16-022,2016,RS,House,2016-02-18,House Second Reading Laid Over to 02/22/2016 - No Amendments,7
SB16-022,2016,RS,House,2016-02-22,House Second Reading Passed - No Amendments,8
SB16-022,2016,RS,House,2016-02-23,House Third Reading Passed - No Amendments,9
SB16-022,2016,RS,Senate,2016-03-10,Signed by the President of the Senate,10
SB16-022,2016,RS,House,2016-03-11,Signed by the Speaker of the House,11
SB16-022,2016,RS,Governor,2016-03-11,Sent to the Governor,12
SB16-022,2016,RS,Governor,2016-03-18,Governor Signed,13
SB16-023,2016,RS,Senate,2016-01-13,"Introduced In Senate - Assigned to State, Veterans, & Military Affairs",1
SB16-023,2016,RS,Senate,2016-02-01,"Senate Committee on State, Veterans, & Military Affairs Witness Testimony and/or Committee Discussion Only",2
SB16-023,2016,RS,Senate,2016-02-08,"Senate Committee on State, Veterans, & Military Affairs Postpone Indefinitely",3
SB16-024,2016,RS,Senate,2016-01-13,"Introduced In Senate - Assigned to State, Veterans, & Military Affairs",1
SB16-024,2016,RS,Senate,2016-02-10,"Senate Committee on State, Veterans, & Military Affairs Postpone Indefinitely",2
SB16-025,2016,RS,Senate,2016-01-13,"Introduced In Senate - Assigned to State, Veterans, & Military Affairs",1
SB16-025,2016,RS,Senate,2016-02-03,"Senate Committee on State, Veterans, & Military Affairs Postpone Indefinitely",2
SB16-026,2016,RS,Senate,2016-01-13,Introduced In Senate - Assigned to Judiciary,1
SB16-026,2016,RS,Senate,2016-01-27,Senate Committee on Judiciary Refer Amended to Appropriations,2
SB16-026,2016,RS,Senate,2016-04-15,Senate Committee on Appropriations Refer Amended - Consent Calendar to Senate Committee of the Whole,3
SB16-026,2016,RS,Senate,2016-04-20,Senate Second Reading Passed with Amendments - Committee,4
SB16-026,2016,RS,Senate,2016-04-21,Senate Third Reading Passed - No Amendments,5
SB16-026,2016,RS,House,2016-04-21,Introduced In House - Assigned to Judiciary,6
SB16-026,2016,RS,House,2016-05-05,House Committee on Judiciary Postpone Indefinitely,7
SB16-027,2016,RS,Senate,2016-01-13,Introduced In Senate - Assigned to Health & Human Services,1
SB16-027,2016,RS,Senate,2016-02-03,Senate Committee on Health & Human Services Refer Amended to Appropriations,2
SB16-027,2016,RS,Senate,2016-02-12,Senate Committee on Appropriations Refer Amended - Consent Calendar to Senate Committee of the Whole,3
SB16-027,2016,RS,Senate,2016-02-17,Senate Second Reading Passed with Amendments - Committee,4
SB16-027,2016,RS,Senate,2016-02-18,Senate Third Reading Passed - No Amendments,5
SB16-027,2016,RS,House,2016-02-18,"Introduced In House - Assigned to Health, Insurance, & Environment",6
SB16-027,2016,RS,House,2016-03-08,"House Committee on Health, Insurance, & Environment Refer Amended to Appropriations",7
SB16-027,2016,RS,House,2016-04-15,House Committee on Appropriations Refer Unamended to House Committee of the Whole,8
SB16-027,2016,RS,House,2016-04-15,House Second Reading Special Order - Passed with Amendments - Committee,9
SB16-027,2016,RS,House,2016-04-18,House Third Reading Passed - No Amendments,10
SB16-027,2016,RS,Senate,2016-04-19,Senate Considered House Amendments - Result was to Concur - Repass,11
SB16-027,2016,RS,Senate,2016-04-27,Signed by the President of the Senate,12
SB16-027,2016,RS,House,2016-05-02,Signed by the Speaker of the House,13
SB16-027,2016,RS,Governor,2016-05-12,Sent to the Governor,14
SB16-027,2016,RS,Governor,2016-06-01,Governor Signed,15
SB16-028,2016,RS,Senate,2016-01-13,"Introduced In Senate - Assigned to State, Veterans, & Military Affairs",1
SB16-028,2016,RS,Senate,2016-02-17,"Senate Committee on State, Veterans, & Military Affairs Postpone Indefinitely",2
SB16-029,2016,RS,Senate,2016-01-13,"Introduced In Senate - Assigned to Business, Labor, & Technology",1
SB16-029,2016,RS,Senate,2016-02-01,"Senate Committee on Business, Labor, & Technology Refer Amended - Consent Calendar to Senate Committee of the Whole",2
SB16-029,2016,RS,Senate,2016-02-04,Senate Second Reading Passed with Amendments - Committee,3
SB16-029,2016,RS,Senate,2016-02-05,Senate Third Reading Passed - No Amendments,4
SB16-029,2016,RS,House,2016-02-10,Introduced In House - Assigned to Business Affairs and Labor,5
SB16-029,2016,RS,House,2016-02-23,House Committee on Business Affairs and Labor Refer Amended to House Committee of the Whole,6
SB16-029,2016,RS,House,2016-02-25,House Second Reading Passed with Amendments - Committee,7
SB16-029,2016,RS,House,2016-02-26,House Third Reading Passed - No Amendments,8
SB16-029,2016,RS,Senate,2016-02-29,Senate Considered House Amendments - Result was to Concur - Repass,9
SB16-029,2016,RS,Senate,2016-03-10,Signed by the President of the Senate,10
SB16-029,2016,RS,House,2016-03-11,Signed by the Speaker of the House,11
SB16-029,2016,RS,Governor,2016-03-11,Sent to the Governor,12
SB16-029,2016,RS,Governor,2016-03-18,Governor Signed,13
SB16-030,2016,RS,Senate,2016-01-13,Introduced In Senate - Assigned to Transportation,1
SB16-030,2016,RS,Senate,2016-01-26,Senate Committee on Transportation Refer Unamended to Appropriations,2
SB16-030,2016,RS,Senate,2016-02-12,Senate Committee on Appropriations Refer Amended - Consent Calendar to Senate Committee of the Whole,3
SB16-030,2016,RS,Senate,2016-02-17,Senate Second Reading Passed with Amendments - Committee,4
SB16-030,2016,RS,Senate,2016-02-18,Senate Third Reading Passed - No Amendments,5
SB16-030,2016,RS,House,2016-02-18,Introduced In House - Assigned to Transportation & Energy,6
SB16-030,2016,RS,House,2016-03-02,House Committee on Transportation & Energy Refer Unamended to Appropriations,7
SB16-030,2016,RS,House,2016-04-22,House Committee on Appropriations Refer Unamended to House Committee of the Whole,8
SB16-030,2016,RS,House,2016-04-22,House Second Reading Special Order - Passed - No Amendments,9
SB16-030,2016,RS,House,2016-04-25,House Third Reading Passed - No Amendments,10
SB16-030,2016,RS,Senate,2016-04-29,Signed by the President of the Senate,11
SB16-030,2016,RS,House,2016-05-02,Signed by the Speaker of the House,12
SB16-030,2016,RS,Governor,2016-05-12,Sent to the Governor,13
SB16-030,2016,RS,Governor,2016-06-10,Governor Signed,14
SB16-031,2016,RS,Senate,2016-01-13,Introduced In Senate - Assigned to Judiciary,1
SB16-031,2016,RS,Senate,2016-01-20,Senate Committee on Judiciary Refer Unamended - Consent Calendar to Senate Committee of the Whole,2
SB16-031,2016,RS,Senate,2016-01-25,Senate Second Reading Passed - No Amendments,3
SB16-031,2016,RS,Senate,2016-01-26,Senate Third Reading Passed - No Amendments,4
SB16-031,2016,RS,House,2016-01-26,Introduced In House - Assigned to Judiciary,5
SB16-031,2016,RS,House,2016-02-18,House Committee on Judiciary Refer Unamended to House Committee of the Whole,6
SB16-031,2016,RS,House,2016-02-22,House Second Reading Laid Over to 02/24/2016 - No Amendments,7
SB16-031,2016,RS,House,2016-02-24,House Second Reading Laid Over to 02/25/2016 - No Amendments,8
SB16-031,2016,RS,House,2016-02-25,House Second Reading Passed - No Amendments,9
SB16-031,2016,RS,House,2016-02-26,House Third Reading Passed - No Amendments,10
SB16-031,2016,RS,Senate,2016-03-10,Signed by the President of the Senate,11
SB16-031,2016,RS,House,2016-03-11,Signed by the Speaker of the House,12
SB16-031,2016,RS,Governor,2016-03-11,Sent to the Governor,13
SB16-031,2016,RS,Governor,2016-03-18,Governor Signed,14
SB16-032,2016,RS,Senate,2016-01-13,"Introduced In Senate - Assigned to State, Veterans, & Military Affairs",1
SB16-032,2016,RS,Senate,2016-02-17,"Senate Committee on State, Veterans, & Military Affairs Postpone Indefinitely",2
SB16-033,2016,RS,Senate,2016-01-13,"Introduced In Senate - Assigned to State, Veterans, & Military Affairs",1
SB16-033,2016,RS,Senate,2016-02-03,"Senate Committee on State, Veterans, & Military Affairs Postpone Indefinitely",2
SB16-034,2016,RS,Senate,2016-01-13,Introduced In Senate - Assigned to Judiciary + Appropriations,1
SB16-034,2016,RS,Senate,2016-02-03,Senate Committee on Judiciary Refer Amended to Appropriations,2
SB16-034,2016,RS,Senate,2016-02-12,Senate Committee on Appropriations Refer Amended to Senate Committee of the Whole,3
SB16-034,2016,RS,Senate,2016-02-17,Senate Second Reading Laid Over Daily - No Amendments,4
SB16-034,2016,RS,Senate,2016-02-18,Senate Second Reading Laid Over Daily with Amendments - Committee,5
SB16-034,2016,RS,Senate,2016-02-23,"Senate Second Reading Laid Over Daily with Amendments - Committee, Floor",6
SB16-034,2016,RS,Senate,2016-02-24,"Senate Second Reading Passed with Amendments - Committee, Floor",7
SB16-034,2016,RS,Senate,2016-02-25,Senate Third Reading Passed - No Amendments,8
SB16-034,2016,RS,House,2016-02-25,"Introduced In House - Assigned to State, Veterans, & Military Affairs",9
SB16-034,2016,RS,House,2016-03-14,"House Committee on State, Veterans, & Military Affairs Refer Unamended to House Committee of the Whole",10
SB16-034,2016,RS,House,2016-03-16,House Second Reading Passed - No Amendments,11
SB16-034,2016,RS,House,2016-03-17,House Third Reading Passed - No Amendments,12
SB16-034,2016,RS,Senate,2016-03-29,Signed by the President of the Senate,13
SB16-034,2016,RS,Governor,2016-03-30,Sent to the Governor,14
SB16-034,2016,RS,House,2016-03-30,Signed by the Speaker of the House,15
SB16-034,2016,RS,Governor,2016-04-07,Governor Signed,16
SB16-035,2016,RS,Senate,2016-01-13,"Introduced In Senate - Assigned to State, Veterans, & Military Affairs",1
SB16-035,2016,RS,Senate,2016-03-28,"Senate Committee on State, Veterans, & Military Affairs Refer Amended to Finance",2
SB16-035,2016,RS,Senate,2016-04-12,Senate Committee on Finance Refer Amended to Appropriations,3
SB16-035,2016,RS,Senate,2016-04-27,Senate Committee on Appropriations Refer Unamended to Senate Committee of the Whole,4
SB16-035,2016,RS,Senate,2016-04-28,Senate Second Reading Special Order - Passed with Amendments - Committee,5
SB16-035,2016,RS,Senate,2016-04-29,Senate Third Reading Reconsidered - No Amendments,6
SB16-035,2016,RS,Senate,2016-04-29,Senate Third Reading Passed - No Amendments,7
SB16-035,2016,RS,House,2016-05-02,Introduced In House - Assigned to Finance,8
SB16-035,2016,RS,House,2016-05-05,House Committee on Finance Refer Unamended to Appropriations,9
SB16-035,2016,RS,House,2016-05-09,House Committee on Appropriations Refer Amended to House Committee of the Whole,10
SB16-035,2016,RS,House,2016-05-09,"House Second Reading Special Order - Passed with Amendments - Committee, Floor",11
SB16-035,2016,RS,House,2016-05-10,House Third Reading Passed - No Amendments,12
SB16-035,2016,RS,Senate,2016-05-11,Senate Considered House Amendments - Result was to Concur - Repass,13
SB16-035,2016,RS,Senate,2016-05-18,Signed by the President of the Senate,14
SB16-035,2016,RS,House,2016-05-20,Signed by the Speaker of the House,15
SB16-035,2016,RS,Governor,2016-05-20,Sent to the Governor,16
SB16-035,2016,RS,Governor,2016-06-08,Governor Signed,17
SB16-036,2016,RS,Senate,2016-01-13,Introduced In Senate - Assigned to Finance,1
SB16-036,2016,RS,Senate,2016-02-09,Senate Committee on Finance Refer Amended to Appropriations,2
SB16-036,2016,RS,Senate,2016-04-15,Senate Committee on Appropriations Refer Amended - Consent Calendar to Senate Committee of the Whole,3
SB16-036,2016,RS,Senate,2016-04-20,Senate Second Reading Passed with Amendments - Committee,4
SB16-036,2016,RS,Senate,2016-04-21,Senate Third Reading Passed - No Amendments,5
SB16-036,2016,RS,House,2016-04-21,Introduced In House - Assigned to Business Affairs and Labor,6
SB16-036,2016,RS,House,2016-04-26,House Committee on Business Affairs and Labor Refer Unamended to Appropriations,7
SB16-036,2016,RS,House,2016-05-09,House Committee on Appropriations Refer Amended to House Committee of the Whole,8
SB16-036,2016,RS,House,2016-05-09,House Second Reading Laid Over Daily - No Amendments,9
SB16-036,2016,RS,House,2016-05-10,House Second Reading Special Order - Passed with Amendments - Committee,10
SB16-036,2016,RS,House,2016-05-11,House Third Reading Passed - No Amendments,11
SB16-036,2016,RS,Senate,2016-05-11,Senate Considered House Amendments - Result was to Concur - Repass,12
SB16-036,2016,RS,Senate,2016-05-18,Signed by the President of the Senate,13
SB16-036,2016,RS,House,2016-05-20,Signed by the Speaker of the House,14
SB16-036,2016,RS,Governor,2016-05-20,Sent to the Governor,15
SB16-036,2016,RS,Governor,2016-06-10,Governor Signed,16
SB16-037,2016,RS,Senate,2016-01-13,"Introduced In Senate - Assigned to State, Veterans, & Military Affairs",1
SB16-037,2016,RS,Senate,2016-02-24,"Senate Committee on State, Veterans, & Military Affairs Postpone Indefinitely",2
SB16-038,2016,RS,Senate,2016-01-13,"Introduced In Senate - Assigned to State, Veterans, & Military Affairs",1
SB16-038,2016,RS,Senate,2016-02-01,"Senate Committee on State, Veterans, & Military Affairs Witness Testimony and/or Committee Discussion Only",2
SB16-038,2016,RS,Senate,2016-03-30,"Senate Committee on State, Veterans, & Military Affairs Refer Amended to Finance",3
SB16-038,2016,RS,Senate,2016-04-14,Senate Committee on Finance Refer Unamended - Consent Calendar to Senate Committee of the Whole,4
SB16-038,2016,RS,Senate,2016-04-19,Senate Second Reading Passed with Amendments - Committee,5
SB16-038,2016,RS,Senate,2016-04-20,Senate Third Reading Passed - No Amendments,6
SB16-038,2016,RS,House,2016-04-20,"Introduced In House - Assigned to Health, Insurance, & Environment",7
SB16-038,2016,RS,House,2016-05-03,"House Committee on Health, Insurance, & Environment Refer Amended to House Committee of the Whole",8
SB16-038,2016,RS,House,2016-05-03,House Second Reading Special Order - Referred to Appropriations - No Amendments,9
SB16-038,2016,RS,House,2016-05-05,House Committee on Appropriations Refer Amended to House Committee of the Whole,10
SB16-038,2016,RS,House,2016-05-05,"House Second Reading Passed with Amendments - Committee, Floor",11
SB16-038,2016,RS,House,2016-05-06,House Third Reading Passed - No Amendments,12
SB16-038,2016,RS,Senate,2016-05-09,Senate Considered House Amendments - Result was to Concur - Repass,13
SB16-038,2016,RS,Senate,2016-05-11,Signed by the President of the Senate,14
SB16-038,2016,RS,House,2016-05-12,Signed by the Speaker of the House,15
SB16-038,2016,RS,Governor,2016-05-12,Sent to the Governor,16
SB16-038,2016,RS,Governor,2016-06-11,Governor Signed,17
SB16-039,2016,RS,Senate,2016-01-13,"Introduced In Senate - Assigned to State, Veterans, & Military Affairs",1
SB16-039,2016,RS,Senate,2016-01-20,"Senate Committee on State, Veterans, & Military Affairs Refer Amended - Consent Calendar to Senate Committee of the Whole",2
SB16-039,2016,RS,Senate,2016-01-25,"Senate Second Reading Passed with Amendments - Committee, Floor",3
SB16-039,2016,RS,Senate,2016-01-26,Senate Third Reading Passed - No Amendments,4
SB16-039,2016,RS,House,2016-01-26,Introduced In House - Assigned to Public Health Care & Human Services,5
SB16-039,2016,RS,House,2016-02-23,House Committee on Public Health Care & Human Services Postpone Indefinitely,6
SB16-040,2016,RS,Senate,2016-01-19,"Introduced In Senate - Assigned to Business, Labor, & Technology",1
SB16-040,2016,RS,Senate,2016-02-17,"Senate Committee on Business, Labor, & Technology Refer Amended to Appropriations",2
SB16-040,2016,RS,Senate,2016-04-15,Senate Committee on Appropriations Refer Amended to Senate Committee of the Whole,3
SB16-040,2016,RS,Senate,2016-04-20,Senate Second Reading Passed with Amendments - Committee,4
SB16-040,2016,RS,Senate,2016-04-21,Senate Third Reading Passed - No Amendments,5
SB16-040,2016,RS,House,2016-04-27,Introduced In House - Assigned to Business Affairs and Labor,6
SB16-040,2016,RS,House,2016-05-03,House Committee on Business Affairs and Labor Refer Unamended to Finance,7
SB16-040,2016,RS,House,2016-05-04,House Committee on Finance Refer Unamended to Appropriations,8
SB16-040,2016,RS,House,2016-05-05,House Committee on Appropriations Refer Amended to House Committee of the Whole,9
SB16-040,2016,RS,House,2016-05-05,House Second Reading Laid Over Daily - No Amendments,10
SB16-040,2016,RS,House,2016-05-09,House Second Reading Passed with Amendments - Committee,11
SB16-040,2016,RS,House,2016-05-10,House Third Reading Passed - No Amendments,12
SB16-040,2016,RS,Senate,2016-05-11,Senate Considered House Amendments - Result was to Concur - Repass,13
SB16-040,2016,RS,Senate,2016-05-18,Signed by the President of the Senate,14
SB16-040,2016,RS,House,2016-05-20,Signed by the Speaker of the House,15
SB16-040,2016,RS,Governor,2016-05-20,Sent to the Governor,16
SB16-040,2016,RS,Governor,2016-06-10,Governor Signed,17
SB16-041,2016,RS,Senate,2016-01-19,Introduced In Senate - Assigned to Judiciary,1
SB16-041,2016,RS,Senate,2016-02-03,Senate Committee on Judiciary Refer Unamended to Senate Committee of the Whole,2
SB16-041,2016,RS,Senate,2016-02-08,Senate Second Reading Laid Over Daily - No Amendments,3
SB16-041,2016,RS,Senate,2016-02-09,Senate Second Reading Passed - No Amendments,4
SB16-041,2016,RS,Senate,2016-02-10,Senate Third Reading Passed - No Amendments,5
SB16-041,2016,RS,House,2016-02-10,"Introduced In House - Assigned to State, Veterans, & Military Affairs",6
SB16-041,2016,RS,House,2016-04-18,"House Committee on State, Veterans, & Military Affairs Refer Amended to House Committee of the Whole",7
SB16-041,2016,RS,House,2016-04-21,House Second Reading Passed with Amendments - Committee,8
SB16-041,2016,RS,House,2016-04-22,House Third Reading Passed - No Amendments,9
SB16-041,2016,RS,Senate,2016-04-25,Senate Considered House Amendments - Result was to Concur - Repass,10
SB16-041,2016,RS,Senate,2016-04-29,Signed by the President of the Senate,11
SB16-041,2016,RS,House,2016-05-02,Signed by the Speaker of the House,12
SB16-041,2016,RS,Governor,2016-05-12,Sent to the Governor,13
SB16-041,2016,RS,Governor,2016-06-06,Governor Signed,14
SB16-042,2016,RS,Senate,2016-01-19,Introduced In Senate - Assigned to Judiciary,1
SB16-042,2016,RS,Senate,2016-02-17,Senate Committee on Judiciary Postpone Indefinitely,2
SB16-043,2016,RS,Senate,2016-01-19,"Introduced In Senate - Assigned to State, Veterans, & Military Affairs",1
SB16-043,2016,RS,Senate,2016-02-17,"Senate Committee on State, Veterans, & Military Affairs Postpone Indefinitely",2
SB16-044,2016,RS,Senate,2016-01-19,Introduced In Senate - Assigned to Finance,1
SB16-044,2016,RS,Senate,2016-02-09,Senate Committee on Finance Lay Over Unamended - Amendment(s) Failed,2
SB16-044,2016,RS,Senate,2016-03-10,Senate Committee on Finance Postpone Indefinitely,3
SB16-045,2016,RS,Senate,2016-01-19,Introduced In Senate - Assigned to Education,1
SB16-045,2016,RS,Senate,2016-02-11,Senate Committee on Education Postpone Indefinitely,2
SB16-046,2016,RS,Senate,2016-01-19,"Introduced In Senate - Assigned to Agriculture, Natural Resources, & Energy",1
SB16-046,2016,RS,Senate,2016-03-17,"Senate Committee on Agriculture, Natural Resources, & Energy Postpone Indefinitely",2
SB16-047,2016,RS,Senate,2016-01-19,Introduced In Senate - Assigned to Judiciary,1
SB16-047,2016,RS,Senate,2016-02-17,Senate Committee on Judiciary Postpone Indefinitely,2
SB16-048,2016,RS,Senate,2016-01-19,Introduced In Senate - Assigned to Judiciary,1
SB16-048,2016,RS,Senate,2016-02-17,Senate Committee on Judiciary Refer Unamended to Senate Committee of the Whole,2
SB16-048,2016,RS,Senate,2016-02-22,Senate Second Reading Passed - No Amendments,3
SB16-048,2016,RS,Senate,2016-02-23,Senate Third Reading Passed - No Amendments,4
SB16-048,2016,RS,House,2016-02-23,"Introduced In House - Assigned to State, Veterans, & Military Affairs",5
SB16-048,2016,RS,House,2016-04-06,"House Committee on State, Veterans, & Military Affairs Postpone Indefinitely",6
SB16-049,2016,RS,Senate,2016-01-19,Introduced In Senate - Assigned to Judiciary,1
SB16-049,2016,RS,Senate,2016-02-16,Senate Committee on Judiciary Postpone Indefinitely,2
SB16-050,2016,RS,Senate,2016-01-19,"Introduced In Senate - Assigned to Business, Labor, & Technology",1
SB16-050,2016,RS,Senate,2016-01-27,"Senate Committee on Business, Labor, & Technology Refer Amended - Consent Calendar to Senate Committee of the Whole",2
SB16-050,2016,RS,Senate,2016-02-01,Senate Second Reading Passed with Amendments - Committee,3
SB16-050,2016,RS,Senate,2016-02-02,Senate Third Reading Passed - No Amendments,4
SB16-050,2016,RS,House,2016-02-02,Introduced In House - Assigned to Business Affairs and Labor,5
SB16-050,2016,RS,House,2016-02-18,House Committee on Business Affairs and Labor Refer Unamended to House Committee of the Whole,6
SB16-050,2016,RS,House,2016-02-22,House Second Reading Passed - No Amendments,7
SB16-050,2016,RS,House,2016-02-23,House Third Reading Passed - No Amendments,8
SB16-050,2016,RS,Senate,2016-03-10,Signed by the President of the Senate,9
SB16-050,2016,RS,House,2016-03-11,Signed by the Speaker of the House,10
SB16-050,2016,RS,Governor,2016-03-11,Sent to the Governor,11
SB16-050,2016,RS,Governor,2016-03-18,Governor Signed,12
SB16-051,2016,RS,Senate,2016-01-19,Introduced In Senate - Assigned to Judiciary,1
SB16-051,2016,RS,Senate,2016-02-08,Senate Committee on Judiciary Refer Amended to Senate Committee of the Whole,2
SB16-051,2016,RS,Senate,2016-02-11,Senate Second Reading Laid Over Daily - No Amendments,3
SB16-051,2016,RS,Senate,2016-02-16,"Senate Second Reading Passed with Amendments - Committee, Floor",4
SB16-051,2016,RS,Senate,2016-02-17,Senate Third Reading Passed - No Amendments,5
SB16-051,2016,RS,House,2016-02-19,Introduced In House - Assigned to Judiciary,6
SB16-051,2016,RS,House,2016-03-15,House Committee on Judiciary Refer Unamended to House Committee of the Whole,7
SB16-051,2016,RS,House,2016-03-16,House Second Reading Laid Over to 03/21/2016 - No Amendments,8
SB16-051,2016,RS,House,2016-03-21,House Second Reading Passed - No Amendments,9
SB16-051,2016,RS,House,2016-03-22,House Third Reading Passed - No Amendments,10
SB16-051,2016,RS,Senate,2016-04-05,Signed by the President of the Senate,11
SB16-051,2016,RS,House,2016-04-07,Signed by the Speaker of the House,12
SB16-051,2016,RS,Governor,2016-04-08,Sent to the Governor,13
SB16-051,2016,RS,Governor,2016-04-14,Governor Signed,14
SB16-052,2016,RS,Senate,2016-01-19,Introduced In Senate - Assigned to Education,1
SB16-052,2016,RS,Senate,2016-02-18,Senate Committee on Education Postpone Indefinitely,2
SB16-053,2016,RS,Senate,2016-01-19,"Introduced In Senate - Assigned to Business, Labor, & Technology",1
SB16-053,2016,RS,Senate,2016-01-27,"Senate Committee on Business, Labor, & Technology Postpone Indefinitely",2
SB16-054,2016,RS,Senate,2016-01-19,"Introduced In Senate - Assigned to State, Veterans, & Military Affairs",1
SB16-054,2016,RS,Senate,2016-02-17,"Senate Committee on State, Veterans, & Military Affairs Postpone Indefinitely",2
SB16-055,2016,RS,Senate,2016-01-19,"Introduced In Senate - Assigned to Agriculture, Natural Resources, & Energy",1
SB16-055,2016,RS,Senate,2016-02-04,"Senate Committee on Agriculture, Natural Resources, & Energy Refer Unamended - Consent Calendar to Senate Committee of the Whole",2
SB16-055,2016,RS,Senate,2016-02-09,Senate Second Reading Passed - No Amendments,3
SB16-055,2016,RS,Senate,2016-02-10,Senate Third Reading Passed - No Amendments,4
SB16-055,2016,RS,House,2016-02-10,Introduced In House - Assigned to Transportation & Energy,5
SB16-055,2016,RS,House,2016-03-02,House Committee on Transportation & Energy Refer Unamended to House Committee of the Whole,6
SB16-055,2016,RS,House,2016-03-07,House Second Reading Passed - No Amendments,7
SB16-055,2016,RS,House,2016-03-08,House Third Reading Passed - No Amendments,8
SB16-055,2016,RS,Senate,2016-03-15,Signed by the President of the Senate,9
SB16-055,2016,RS,House,2016-03-15,Signed by the Speaker of the House,10
SB16-055,2016,RS,Governor,2016-03-18,Sent to the Governor,11
SB16-055,2016,RS,Governor,2016-03-23,Governor Signed,12
SB16-056,2016,RS,Senate,2016-01-19,Introduced In Senate - Assigned to Judiciary,1
SB16-056,2016,RS,Senate,2016-04-11,Senate Committee on Judiciary Refer Amended to Appropriations,2
SB16-056,2016,RS,Senate,2016-04-22,Senate Committee on Appropriations Refer Amended - Consent Calendar to Senate Committee of the Whole,3
SB16-056,2016,RS,Senate,2016-04-25,Senate Second Reading Special Order - Passed with Amendments - Committee,4
SB16-056,2016,RS,Senate,2016-04-26,Senate Third Reading Passed - No Amendments,5
SB16-056,2016,RS,House,2016-04-27,"Introduced In House - Assigned to State, Veterans, & Military Affairs",6
SB16-056,2016,RS,House,2016-05-09,"House Committee on State, Veterans, & Military Affairs Refer Amended to House Committee of the Whole",7
SB16-056,2016,RS,House,2016-05-09,House Second Reading Laid Over Daily - No Amendments,8
SB16-056,2016,RS,House,2016-05-10,House Second Reading Special Order - Passed with Amendments - Committee,9
SB16-056,2016,RS,House,2016-05-11,House Third Reading Passed - No Amendments,10
SB16-056,2016,RS,Senate,2016-05-11,Senate Considered House Amendments - Result was to Concur - Repass,11
SB16-056,2016,RS,Senate,2016-05-18,Signed by the President of the Senate,12
SB16-056,2016,RS,House,2016-05-20,Signed by the Speaker of the House,13
SB16-056,2016,RS,Governor,2016-05-20,Sent to the Governor,14
SB16-056,2016,RS,Governor,2016-06-10,Governor Signed,15
SB16-057,2016,RS,Senate,2016-01-19,"Introduced In Senate - Assigned to State, Veterans, & Military Affairs",1
SB16-057,2016,RS,Senate,2016-02-10,"Senate Committee on State, Veterans, & Military Affairs Postpone Indefinitely",2
SB16-058,2016,RS,Senate,2016-01-19,"Introduced In Senate - Assigned to Business, Labor, & Technology",1
SB16-058,2016,RS,Senate,2016-02-17,"Senate Committee on Business, Labor, & Technology Refer Amended to Appropriations",2
SB16-058,2016,RS,Senate,2016-03-04,Senate Committee on Appropriations Refer Amended to Senate Committee of the Whole,3
SB16-058,2016,RS,Senate,2016-03-08,Senate Second Reading Passed with Amendments - Committee,4
SB16-058,2016,RS,Senate,2016-03-09,Senate Third Reading Passed - No Amendments,5
SB16-058,2016,RS,House,2016-03-14,Introduced In House - Assigned to Business Affairs and Labor,6
SB16-058,2016,RS,House,2016-03-24,House Committee on Business Affairs and Labor Refer Amended to Appropriations,7
SB16-058,2016,RS,House,2016-04-07,House Committee on Appropriations Refer Unamended to House Committee of the Whole,8
SB16-058,2016,RS,House,2016-04-11,House Second Reading Laid Over Daily - No Amendments,9
SB16-058,2016,RS,House,2016-04-12,House Second Reading Passed with Amendments - Committee,10
SB16-058,2016,RS,House,2016-04-14,House Third Reading Passed - No Amendments,11
SB16-058,2016,RS,Senate,2016-04-15,Senate Considered House Amendments - Result was to Concur - Repass,12
SB16-058,2016,RS,Senate,2016-04-22,Signed by the President of the Senate,13
SB16-058,2016,RS,House,2016-04-26,Signed by the Speaker of the House,14
SB16-058,2016,RS,Governor,2016-04-26,Sent to the Governor,15
SB16-058,2016,RS,Governor,2016-05-04,Governor Signed,16
SB16-059,2016,RS,Senate,2016-01-19,Introduced In Senate - Assigned to Finance,1
SB16-059,2016,RS,Senate,2016-02-02,Senate Committee on Finance Postpone Indefinitely,2
SB16-060,2016,RS,Senate,2016-01-19,Introduced In Senate - Assigned to Finance,1
SB16-060,2016,RS,Senate,2016-02-04,Senate Committee on Finance Refer Unamended to Appropriations,2
SB16-060,2016,RS,Senate,2016-04-29,Senate Committee on Appropriations Postpone Indefinitely,3
SB16-061,2016,RS,Senate,2016-01-19,"Introduced In Senate - Assigned to Agriculture, Natural Resources, & Energy",1
SB16-061,2016,RS,Senate,2016-03-10,"Senate Committee on Agriculture, Natural Resources, & Energy Refer Amended to Appropriations",2
SB16-061,2016,RS,Senate,2016-04-01,Senate Committee on Appropriations Refer Amended to Senate Committee of the Whole,3
SB16-061,2016,RS,Senate,2016-04-05,Senate Second Reading Passed with Amendments - Committee,4
SB16-061,2016,RS,Senate,2016-04-06,Senate Third Reading Passed - No Amendments,5
SB16-061,2016,RS,House,2016-04-06,Introduced In House - Assigned to Transportation & Energy + Appropriations,6
SB16-061,2016,RS,House,2016-04-27,House Committee on Transportation & Energy Postpone Indefinitely,7
SB16-062,2016,RS,Senate,2016-01-19,"Introduced In Senate - Assigned to Agriculture, Natural Resources, & Energy",1
SB16-062,2016,RS,Senate,2016-02-25,"Senate Committee on Agriculture, Natural Resources, & Energy Refer Amended to Senate Committee of the Whole",2
SB16-062,2016,RS,Senate,2016-03-01,Senate Second Reading Referred to Appropriations - No Amendments,3
SB16-062,2016,RS,Senate,2016-03-04,Senate Committee on Appropriations Refer Amended to Senate Committee of the Whole,4
SB16-062,2016,RS,Senate,2016-03-08,Senate Second Reading Laid Over Daily - No Amendments,5
SB16-062,2016,RS,Senate,2016-03-09,Senate Second Reading Passed with Amendments - Committee,6
SB16-062,2016,RS,Senate,2016-03-10,Senate Third Reading Passed - No Amendments,7
SB16-062,2016,RS,House,2016-03-11,"Introduced In House - Assigned to State, Veterans, & Military Affairs",8
SB16-062,2016,RS,House,2016-04-18,"House Committee on State, Veterans, & Military Affairs Refer Amended to Appropriations",9
SB16-062,2016,RS,House,2016-04-22,House Committee on Appropriations Refer Amended to House Committee of the Whole,10
SB16-062,2016,RS,House,2016-04-22,House Second Reading Special Order - Passed with Amendments - Committee,11
SB16-062,2016,RS,House,2016-04-25,House Third Reading Passed - No Amendments,12
SB16-062,2016,RS,Senate,2016-04-26,Senate Considered House Amendments - Result was to Not Concur - Request Conference Committee,13
SB16-062,2016,RS,,2016-05-02,First Conference Committee Result was to Adopt Rerevised w/ Amendments,14
SB16-062,2016,RS,House,2016-05-05,House Consideration of First Conference Committee Report result was to Adopt Committee Report - Repass,15
SB16-062,2016,RS,Senate,2016-05-06,Senate Consideration of First Conference Committee Report result was to Adopt Committee Report - Repass,16
SB16-062,2016,RS,Senate,2016-05-11,Signed by the President of the Senate,17
SB16-062,2016,RS,House,2016-05-12,Signed by the Speaker of the House,18
SB16-062,2016,RS,Governor,2016-05-12,Sent to the Governor,19
SB16-062,2016,RS,Governor,2016-06-10,Governor Signed,20
SB16-063,2016,RS,Senate,2016-01-19,Introduced In Senate - Assigned to Local Government,1
SB16-063,2016,RS,Senate,2016-02-09,Senate Committee on Local Government Refer Amended - Consent Calendar to Senate Committee of the Whole,2
SB16-063,2016,RS,Senate,2016-02-12,Senate Second Reading Passed with Amendments - Committee,3
SB16-063,2016,RS,Senate,2016-02-16,Senate Third Reading Passed - No Amendments,4
SB16-063,2016,RS,House,2016-02-17,Introduced In House - Assigned to Local Government,5
SB16-063,2016,RS,House,2016-03-02,House Committee on Local Government Refer Unamended to House Committee of the Whole,6
SB16-063,2016,RS,House,2016-03-07,House Second Reading Passed - No Amendments,7
SB16-063,2016,RS,House,2016-03-08,House Third Reading Passed - No Amendments,8
SB16-063,2016,RS,Senate,2016-03-15,Signed by the President of the Senate,9
SB16-063,2016,RS,House,2016-03-15,Signed by the Speaker of the House,10
SB16-063,2016,RS,Governor,2016-03-18,Sent to the Governor,11
SB16-063,2016,RS,Governor,2016-03-23,Governor Signed,12
SB16-064,2016,RS,Senate,2016-01-19,Introduced In Senate - Assigned to Judiciary,1
SB16-064,2016,RS,Senate,2016-02-10,Senate Committee on Judiciary Postpone Indefinitely,2
SB16-065,2016,RS,Senate,2016-01-19,Introduced In Senate - Assigned to Judiciary,1
SB16-065,2016,RS,Senate,2016-02-17,Senate Committee on Judiciary Refer Amended to Appropriations,2
SB16-065,2016,RS,Senate,2016-04-01,Senate Committee on Appropriations Refer Unamended to Senate Committee of the Whole,3
SB16-065,2016,RS,Senate,2016-04-05,Senate Second Reading Passed with Amendments - Committee,4
SB16-065,2016,RS,Senate,2016-04-06,Senate Third Reading Passed - No Amendments,5
SB16-065,2016,RS,House,2016-04-06,Introduced In House - Assigned to Judiciary,6
SB16-065,2016,RS,House,2016-04-19,House Committee on Judiciary Refer Amended to House Committee of the Whole,7
SB16-065,2016,RS,House,2016-04-22,House Second Reading Special Order - Passed with Amendments - Committee,8
SB16-065,2016,RS,House,2016-04-25,House Third Reading Passed - No Amendments,9
SB16-065,2016,RS,Senate,2016-04-26,Senate Considered House Amendments - Result was to Concur - Repass,10
SB16-065,2016,RS,Senate,2016-04-26,Senate Considered House Amendments - Result was to Reconsider,11
SB16-065,2016,RS,Senate,2016-04-26,Senate Considered House Amendments - Result was to Pass,12
SB16-065,2016,RS,Senate,2016-04-29,Signed by the President of the Senate,13
SB16-065,2016,RS,House,2016-05-02,Signed by the Speaker of the House,14
SB16-065,2016,RS,Governor,2016-05-12,Sent to the Governor,15
SB16-065,2016,RS,Governor,2016-06-10,Governor Signed,16
SB16-066,2016,RS,Senate,2016-01-19,Introduced In Senate - Assigned to Education,1
SB16-066,2016,RS,Senate,2016-01-21,Senate Committee on Education Refer Unamended - Consent Calendar to Senate Committee of the Whole,2
SB16-066,2016,RS,Senate,2016-01-26,Senate Second Reading Passed - No Amendments,3
SB16-066,2016,RS,Senate,2016-01-27,Senate Third Reading Laid Over Daily - No Amendments,4
SB16-066,2016,RS,Senate,2016-01-28,Senate Third Reading Passed - No Amendments,5
SB16-066,2016,RS,House,2016-02-01,Introduced In House - Assigned to Education,6
SB16-066,2016,RS,House,2016-02-24,House Committee on Education Refer Unamended to House Committee of the Whole,7
SB16-066,2016,RS,House,2016-02-29,House Second Reading Passed - No Amendments,8
SB16-066,2016,RS,House,2016-03-01,House Third Reading Passed - No Amendments,9
SB16-066,2016,RS,Senate,2016-03-10,Signed by the President of the Senate,10
SB16-066,2016,RS,House,2016-03-11,Signed by the Speaker of the House,11
SB16-066,2016,RS,Governor,2016-03-11,Sent to the Governor,12
SB16-066,2016,RS,Governor,2016-03-18,Governor Signed,13
SB16-067,2016,RS,Senate,2016-01-19,Introduced In Senate - Assigned to Finance + Appropriations,1
SB16-067,2016,RS,Senate,2016-03-31,Senate Committee on Finance Refer Amended - Consent Calendar to Senate Committee of the Whole,2
SB16-067,2016,RS,Senate,2016-04-05,Senate Second Reading Laid Over Daily - No Amendments,3
SB16-067,2016,RS,Senate,2016-04-07,Senate Second Reading Passed with Amendments - Committee,4
SB16-067,2016,RS,Senate,2016-04-08,Senate Third Reading Passed - No Amendments,5
SB16-067,2016,RS,House,2016-04-12,Introduced In House - Assigned to Business Affairs and Labor + Finance,6
SB16-067,2016,RS,House,2016-05-10,House Committee on Business Affairs and Labor Refer Unamended to Finance,7
SB16-067,2016,RS,House,2016-05-10,House Committee on Finance Postpone Indefinitely,8
SB16-068,2016,RS,Senate,2016-01-19,"Introduced In Senate - Assigned to Agriculture, Natural Resources, & Energy",1
SB16-068,2016,RS,Senate,2016-02-04,"Senate Committee on Agriculture, Natural Resources, & Energy Refer Unamended to Senate Committee of the Whole",2
SB16-068,2016,RS,Senate,2016-02-09,Senate Second Reading Passed - No Amendments,3
SB16-068,2016,RS,Senate,2016-02-10,Senate Third Reading Passed - No Amendments,4
SB16-068,2016,RS,House,2016-02-10,"Introduced In House - Assigned to Agriculture, Livestock, & Natural Resources",5
SB16-068,2016,RS,House,2016-03-16,"House Committee on Agriculture, Livestock, & Natural Resources Refer Unamended to House Committee of the Whole",6
SB16-068,2016,RS,House,2016-03-21,House Second Reading Passed - No Amendments,7
SB16-068,2016,RS,House,2016-03-22,House Third Reading Passed - No Amendments,8
SB16-068,2016,RS,Senate,2016-04-05,Signed by the President of the Senate,9
SB16-068,2016,RS,House,2016-04-07,Signed by the Speaker of the House,10
SB16-068,2016,RS,Governor,2016-04-08,Sent to the Governor,11
SB16-068,2016,RS,Governor,2016-04-12,Governor Signed,12
SB16-069,2016,RS,Senate,2016-01-19,Introduced In Senate - Assigned to Health & Human Services,1
SB16-069,2016,RS,Senate,2016-01-28,Senate Committee on Health & Human Services Refer Amended to Finance,2
SB16-069,2016,RS,Senate,2016-02-04,Senate Committee on Finance Refer Unamended to Appropriations,3
SB16-069,2016,RS,Senate,2016-04-29,Senate Committee on Appropriations Refer Amended to Senate Committee of the Whole,4
SB16-069,2016,RS,Senate,2016-04-29,"Senate Second Reading Special Order - Passed with Amendments - Committee, Floor",5
SB16-069,2016,RS,Senate,2016-05-02,Senate Third Reading Reconsidered - No Amendments,6
SB16-069,2016,RS,Senate,2016-05-02,Senate Third Reading Passed - No Amendments,7
SB16-069,2016,RS,House,2016-05-02,"Introduced In House - Assigned to Health, Insurance, & Environment",8
SB16-069,2016,RS,House,2016-05-05,"House Committee on Health, Insurance, & Environment Refer Amended to Finance",9
SB16-069,2016,RS,House,2016-05-06,House Committee on Finance Refer Amended to Appropriations,10
SB16-069,2016,RS,House,2016-05-09,House Committee on Appropriations Refer Unamended to House Committee of the Whole,11
SB16-069,2016,RS,House,2016-05-09,House Second Reading Special Order - Passed with Amendments - Committee,12
SB16-069,2016,RS,House,2016-05-10,House Third Reading Passed with Amendments - Floor,13
SB16-069,2016,RS,Senate,2016-05-11,Senate Considered House Amendments - Result was to Concur - Repass,14
SB16-069,2016,RS,Senate,2016-05-18,Signed by the President of the Senate,15
SB16-069,2016,RS,House,2016-05-20,Signed by the Speaker of the House,16
SB16-069,2016,RS,Governor,2016-05-20,Sent to the Governor,17
SB16-069,2016,RS,Governor,2016-06-08,Governor Signed,18
SB16-070,2016,RS,Senate,2016-01-19,"Introduced In Senate - Assigned to Business, Labor, & Technology",1
SB16-070,2016,RS,Senate,2016-02-10,"Senate Committee on Business, Labor, & Technology Refer Unamended to Senate Committee of the Whole",2
SB16-070,2016,RS,Senate,2016-02-16,Senate Second Reading Laid Over to 02/19/2016 - No Amendments,3
SB16-070,2016,RS,Senate,2016-02-19,Senate Second Reading Passed with Amendments - Floor,4
SB16-070,2016,RS,Senate,2016-02-22,Senate Third Reading Passed with Amendments - Floor,5
SB16-070,2016,RS,House,2016-02-22,"Introduced In House - Assigned to State, Veterans, & Military Affairs",6
SB16-070,2016,RS,House,2016-04-04,"House Committee on State, Veterans, & Military Affairs Postpone Indefinitely",7
SB16-071,2016,RS,Senate,2016-01-19,"Introduced In Senate - Assigned to Business, Labor, & Technology",1
SB16-071,2016,RS,Senate,2016-02-22,"Senate Committee on Business, Labor, & Technology Postpone Indefinitely",2
SB16-072,2016,RS,Senate,2016-01-19,Introduced In Senate - Assigned to Education + Finance,1
SB16-072,2016,RS,Senate,2016-01-28,Senate Committee on Education Refer Amended to Finance,2
SB16-072,2016,RS,Senate,2016-02-09,Senate Committee on Finance Refer Unamended to Appropriations,3
SB16-072,2016,RS,Senate,2016-04-27,Senate Committee on Appropriations Refer Amended to Senate Committee of the Whole,4
SB16-072,2016,RS,Senate,2016-04-28,Senate Second Reading Special Order - Passed with Amendments - Committee,5
SB16-072,2016,RS,Senate,2016-04-29,Senate Third Reading Passed - No Amendments,6
SB16-072,2016,RS,House,2016-05-02,Introduced In House - Assigned to Education + Appropriations,7
SB16-072,2016,RS,House,2016-05-04,House Committee on Education Refer Amended to Appropriations,8
SB16-072,2016,RS,House,2016-05-05,House Committee on Appropriations Refer Unamended to House Committee of the Whole,9
SB16-072,2016,RS,House,2016-05-05,House Second Reading Laid Over Daily - No Amendments,10
SB16-072,2016,RS,House,2016-05-09,House Second Reading Passed with Amendments - Committee,11
SB16-072,2016,RS,House,2016-05-10,House Third Reading Passed - No Amendments,12
SB16-072,2016,RS,Senate,2016-05-11,Senate Considered House Amendments - Result was to Not Concur - Request Conference Committee,13
SB16-072,2016,RS,,2016-05-11,First Conference Committee Result was to Adopt Rerevised w/ Amendments,14
SB16-072,2016,RS,House,2016-05-11,House Consideration of First Conference Committee Report result was to Adopt Committee Report - Repass,15
SB16-072,2016,RS,Senate,2016-05-11,Senate Consideration of First Conference Committee Report result was to Adopt Committee Report - Repass,16
SB16-072,2016,RS,House,2016-05-12,Signed by the Speaker of the House,17
SB16-072,2016,RS,Senate,2016-05-13,Signed by the President of the Senate,18
SB16-072,2016,RS,Governor,2016-05-13,Sent to the Governor,19
SB16-072,2016,RS,Governor,2016-05-19,Governor Signed,20
SB16-073,2016,RS,Senate,2016-01-19,Introduced In Senate - Assigned to Finance,1
SB16-073,2016,RS,Senate,2016-02-11,Senate Committee on Finance Refer Amended to Senate Committee of the Whole,2
SB16-073,2016,RS,Senate,2016-02-17,Senate Second Reading Passed with Amendments - Committee,3
SB16-073,2016,RS,Senate,2016-02-18,Senate Third Reading Passed - No Amendments,4
SB16-073,2016,RS,House,2016-02-18,Introduced In House - Assigned to Finance,5
SB16-073,2016,RS,House,2016-04-28,House Committee on Finance Refer Unamended to House Committee of the Whole,6
SB16-073,2016,RS,House,2016-04-28,House Second Reading Special Order - Passed - No Amendments,7
SB16-073,2016,RS,House,2016-04-29,House Third Reading Passed - No Amendments,8
SB16-073,2016,RS,Senate,2016-05-06,Signed by the President of the Senate,9
SB16-073,2016,RS,House,2016-05-09,Signed by the Speaker of the House,10
SB16-073,2016,RS,Governor,2016-05-09,Sent to the Governor,11
SB16-073,2016,RS,Governor,2016-06-08,Governor Signed,12
SB16-074,2016,RS,Senate,2016-01-19,"Introduced In Senate - Assigned to State, Veterans, & Military Affairs",1
SB16-074,2016,RS,Senate,2016-02-10,"Senate Committee on State, Veterans, & Military Affairs Refer Unamended to Finance",2
SB16-074,2016,RS,Senate,2016-02-16,Senate Committee on Finance Refer Unamended to Appropriations,3
SB16-074,2016,RS,Senate,2016-02-26,Senate Committee on Appropriations Refer Amended to Senate Committee of the Whole,4
SB16-074,2016,RS,Senate,2016-03-01,Senate Second Reading Passed with Amendments - Committee,5
SB16-074,2016,RS,Senate,2016-03-02,Senate Third Reading Passed - No Amendments,6
SB16-074,2016,RS,House,2016-03-03,"Introduced In House - Assigned to State, Veterans, & Military Affairs",7
SB16-074,2016,RS,House,2016-04-04,"House Committee on State, Veterans, & Military Affairs Postpone Indefinitely",8
SB16-075,2016,RS,Senate,2016-01-19,Introduced In Senate - Assigned to Judiciary,1
SB16-075,2016,RS,Senate,2016-03-02,Senate Committee on Judiciary Refer Amended to Finance,2
SB16-075,2016,RS,Senate,2016-03-29,Senate Committee on Finance Postpone Indefinitely,3
SB16-076,2016,RS,Senate,2016-01-19,"Introduced In Senate - Assigned to Business, Labor, & Technology",1
SB16-076,2016,RS,Senate,2016-02-10,"Senate Committee on Business, Labor, & Technology Witness Testimony and/or Committee Discussion Only",2
SB16-076,2016,RS,Senate,2016-02-16,"Senate Committee on Business, Labor, & Technology Postpone Indefinitely",3
SB16-077,2016,RS,Senate,2016-01-19,Introduced In Senate - Assigned to Finance,1
SB16-077,2016,RS,Senate,2016-03-17,Senate Committee on Finance Refer Amended to Appropriations,2
SB16-077,2016,RS,Senate,2016-04-22,Senate Committee on Appropriations Refer Unamended to Senate Committee of the Whole,3
SB16-077,2016,RS,Senate,2016-04-26,Senate Second Reading Laid Over Daily - No Amendments,4
SB16-077,2016,RS,Senate,2016-04-27,"Senate Second Reading Passed with Amendments - Committee, Floor",5
SB16-077,2016,RS,Senate,2016-04-28,Senate Third Reading Passed - No Amendments,6
SB16-077,2016,RS,House,2016-05-05,Introduced In House - Assigned to Business Affairs and Labor,7
SB16-077,2016,RS,House,2016-05-10,House Committee on Business Affairs and Labor Refer Unamended to Appropriations,8
SB16-077,2016,RS,House,2016-05-10,House Committee on Appropriations Refer Unamended to House Committee of the Whole,9
SB16-077,2016,RS,House,2016-05-10,House Second Reading Special Order - Passed - No Amendments,10
SB16-077,2016,RS,House,2016-05-11,House Third Reading Passed - No Amendments,11
SB16-077,2016,RS,Senate,2016-05-18,Signed by the President of the Senate,12
SB16-077,2016,RS,House,2016-05-20,Signed by the Speaker of the House,13
SB16-077,2016,RS,Governor,2016-05-20,Sent to the Governor,14
SB16-077,2016,RS,Governor,2016-06-10,Governor Signed,15
SB16-078,2016,RS,Senate,2016-01-19,"Introduced In Senate - Assigned to Business, Labor, & Technology",1
SB16-078,2016,RS,Senate,2016-03-30,"Senate Committee on Business, Labor, & Technology Postpone Indefinitely",2
SB16-079,2016,RS,Senate,2016-01-19,Introduced In Senate - Assigned to Education,1
SB16-079,2016,RS,Senate,2016-02-11,Senate Committee on Education Refer Amended to Senate Committee of the Whole,2
SB16-079,2016,RS,Senate,2016-02-17,Senate Second Reading Laid Over Daily - No Amendments,3
SB16-079,2016,RS,Senate,2016-02-19,Senate Second Reading Passed with Amendments - Committee,4
SB16-079,2016,RS,Senate,2016-02-22,Senate Third Reading Passed - No Amendments,5
SB16-079,2016,RS,House,2016-02-22,Introduced In House - Assigned to Education,6
SB16-079,2016,RS,House,2016-05-02,House Committee on Education Postpone Indefinitely,7
SB16-080,2016,RS,Senate,2016-01-19,"Introduced In Senate - Assigned to Business, Labor, & Technology",1
SB16-080,2016,RS,Senate,2016-02-16,"Senate Committee on Business, Labor, & Technology Refer Unamended to Senate Committee of the Whole",2
SB16-080,2016,RS,Senate,2016-02-19,Senate Second Reading Laid Over to 02/23/2016 - No Amendments,3
SB16-080,2016,RS,Senate,2016-02-23,Senate Second Reading Laid Over Daily - No Amendments,4
SB16-080,2016,RS,Senate,2016-02-24,Senate Second Reading Passed with Amendments - Floor,5
SB16-080,2016,RS,Senate,2016-02-25,Senate Third Reading Passed - No Amendments,6
SB16-080,2016,RS,House,2016-02-26,Introduced In House - Assigned to Finance,7
SB16-080,2016,RS,House,2016-04-06,House Committee on Finance Refer Amended to House Committee of the Whole,8
SB16-080,2016,RS,House,2016-04-11,House Second Reading Laid Over Daily - No Amendments,9
SB16-080,2016,RS,House,2016-04-12,"House Second Reading Passed with Amendments - Committee, Floor",10
SB16-080,2016,RS,House,2016-04-14,House Third Reading Passed - No Amendments,11
SB16-080,2016,RS,Senate,2016-04-15,Senate Considered House Amendments - Result was to Laid Over Daily,12
SB16-080,2016,RS,Senate,2016-04-18,Senate Considered House Amendments - Result was to Concur - Repass,13
SB16-080,2016,RS,Senate,2016-04-27,Signed by the President of the Senate,14
SB16-080,2016,RS,House,2016-05-02,Signed by the Speaker of the House,15
SB16-080,2016,RS,Governor,2016-05-12,Sent to the Governor,16
SB16-080,2016,RS,Governor,2016-06-08,Governor Signed,17
SB16-081,2016,RS,Senate,2016-01-19,Introduced In Senate - Assigned to Local Government + Appropriations,1
SB16-081,2016,RS,Senate,2016-02-09,Senate Committee on Local Government Refer Amended to Appropriations,2
SB16-081,2016,RS,Senate,2016-04-29,Senate Committee on Appropriations Postpone Indefinitely,3
SB16-082,2016,RS,Senate,2016-01-19,"Introduced In Senate - Assigned to Business, Labor, & Technology",1
SB16-082,2016,RS,Senate,2016-02-10,"Senate Committee on Business, Labor, & Technology Witness Testimony and/or Committee Discussion Only",2
SB16-082,2016,RS,Senate,2016-03-02,"Senate Committee on Business, Labor, & Technology Postpone Indefinitely",3
SB16-083,2016,RS,Senate,2016-01-29,"Introduced In Senate - Assigned to State, Veterans, & Military Affairs",1
SB16-083,2016,RS,Senate,2016-02-24,"Senate Committee on State, Veterans, & Military Affairs Refer Unamended to Appropriations",2
SB16-083,2016,RS,Senate,2016-03-11,Senate Committee on Appropriations Refer Amended to Senate Committee of the Whole,3
SB16-083,2016,RS,Senate,2016-03-15,Senate Second Reading Passed with Amendments - Committee,4
SB16-083,2016,RS,Senate,2016-03-16,Senate Third Reading Passed - No Amendments,5
SB16-083,2016,RS,House,2016-03-16,"Introduced In House - Assigned to State, Veterans, & Military Affairs",6
SB16-083,2016,RS,House,2016-04-20,"House Committee on State, Veterans, & Military Affairs Postpone Indefinitely",7
SB16-084,2016,RS,Senate,2016-01-29,Introduced In Senate - Assigned to Judiciary,1
SB16-084,2016,RS,Senate,2016-03-02,Senate Committee on Judiciary Postpone Indefinitely,2
SB16-085,2016,RS,Senate,2016-01-29,Introduced In Senate - Assigned to Judiciary,1
SB16-085,2016,RS,Senate,2016-03-02,Senate Committee on Judiciary Refer Unamended - Consent Calendar to Senate Committee of the Whole,2
SB16-085,2016,RS,Senate,2016-03-07,Senate Second Reading Passed - No Amendments,3
SB16-085,2016,RS,Senate,2016-03-08,Senate Third Reading Passed - No Amendments,4
SB16-085,2016,RS,House,2016-03-09,Introduced In House - Assigned to Judiciary,5
SB16-085,2016,RS,House,2016-04-07,House Committee on Judiciary Refer Unamended to House Committee of the Whole,6
SB16-085,2016,RS,House,2016-04-12,House Second Reading Laid Over Daily - No Amendments,7
SB16-085,2016,RS,House,2016-04-13,House Second Reading Passed - No Amendments,8
SB16-085,2016,RS,House,2016-04-14,House Third Reading Passed - No Amendments,9
SB16-085,2016,RS,Senate,2016-05-05,Signed by the President of the Senate,10
SB16-085,2016,RS,House,2016-05-10,Signed by the Speaker of the House,11
SB16-085,2016,RS,Governor,2016-05-10,Sent to the Governor,12
SB16-085,2016,RS,Governor,2016-06-06,Governor Signed,13
SB16-086,2016,RS,Senate,2016-01-29,Introduced In Senate - Assigned to Finance + Appropriations,1
SB16-086,2016,RS,Senate,2016-02-16,Senate Committee on Finance Refer Unamended to Appropriations,2
SB16-086,2016,RS,Senate,2016-04-15,Senate Committee on Appropriations Refer Unamended to Senate Committee of the Whole,3
SB16-086,2016,RS,Senate,2016-04-20,Senate Second Reading Laid Over Daily - No Amendments,4
SB16-086,2016,RS,Senate,2016-04-25,Senate Second Reading Passed - No Amendments,5
SB16-086,2016,RS,Senate,2016-04-26,Senate Third Reading Passed - No Amendments,6
SB16-086,2016,RS,House,2016-04-26,"Introduced In House - Assigned to State, Veterans, & Military Affairs",7
SB16-086,2016,RS,House,2016-05-02,"House Committee on State, Veterans, & Military Affairs Postpone Indefinitely",8
SB16-087,2016,RS,Senate,2016-01-29,Introduced In Senate - Assigned to Transportation,1
SB16-087,2016,RS,Senate,2016-02-11,Senate Committee on Transportation Refer Unamended to Appropriations,2
SB16-087,2016,RS,Senate,2016-04-29,Senate Committee on Appropriations Refer Amended to Senate Committee of the Whole,3
SB16-087,2016,RS,Senate,2016-04-29,Senate Second Reading Special Order - Laid Over Daily - No Amendments,4
SB16-087,2016,RS,Senate,2016-05-02,Senate Second Reading Laid Over Daily - No Amendments,5
SB16-087,2016,RS,Senate,2016-05-03,"Senate Second Reading Passed with Amendments - Committee, Floor",6
SB16-087,2016,RS,House,2016-05-04,Introduced In House - Assigned to Transportation & Energy,7
SB16-087,2016,RS,Senate,2016-05-04,Senate Third Reading Passed with Amendments - Floor,8
SB16-087,2016,RS,House,2016-05-05,House Committee on Transportation & Energy Refer Amended to Appropriations,9
SB16-087,2016,RS,House,2016-05-09,House Committee on Appropriations Refer Unamended to House Committee of the Whole,10
SB16-087,2016,RS,House,2016-05-09,House Second Reading Special Order - Passed with Amendments - Committee,11
SB16-087,2016,RS,House,2016-05-10,House Third Reading Passed - No Amendments,12
SB16-087,2016,RS,Senate,2016-05-11,Senate Considered House Amendments - Result was to Concur - Repass,13
SB16-087,2016,RS,House,2016-05-12,Signed by the Speaker of the House,14
SB16-087,2016,RS,Senate,2016-05-13,Signed by the President of the Senate,15
SB16-087,2016,RS,Governor,2016-05-13,Sent to the Governor,16
SB16-087,2016,RS,Governor,2016-06-06,Governor Signed,17
SB16-088,2016,RS,Senate,2016-01-29,Introduced In Senate - Assigned to Judiciary,1
SB16-088,2016,RS,Senate,2016-02-16,Senate Committee on Judiciary Refer Amended to Senate Committee of the Whole,2
SB16-088,2016,RS,Senate,2016-02-19,Senate Second Reading Passed with Amendments - Committee,3
SB16-088,2016,RS,Senate,2016-02-22,Senate Third Reading Passed - No Amendments,4
SB16-088,2016,RS,House,2016-02-22,Introduced In House - Assigned to Judiciary,5
SB16-088,2016,RS,House,2016-03-08,House Committee on Judiciary Refer Unamended to House Committee of the Whole,6
SB16-088,2016,RS,House,2016-03-10,House Second Reading Passed - No Amendments,7
SB16-088,2016,RS,House,2016-03-11,House Third Reading Passed - No Amendments,8
SB16-088,2016,RS,Senate,2016-03-29,Signed by the President of the Senate,9
SB16-088,2016,RS,Governor,2016-03-30,Sent to the Governor,10
SB16-088,2016,RS,House,2016-03-30,Signed by the Speaker of the House,11
SB16-088,2016,RS,Governor,2016-04-07,Governor Signed,12
SB16-089,2016,RS,Senate,2016-01-29,Introduced In Senate - Assigned to Appropriations,1
SB16-089,2016,RS,Senate,2016-02-12,Senate Committee on Appropriations Refer Unamended - Consent Calendar to Senate Committee of the Whole,2
SB16-089,2016,RS,Senate,2016-02-17,Senate Second Reading Passed - No Amendments,3
SB16-089,2016,RS,Senate,2016-02-18,Senate Third Reading Passed - No Amendments,4
SB16-089,2016,RS,House,2016-02-18,Introduced In House - Assigned to Appropriations,5
SB16-089,2016,RS,House,2016-03-04,House Committee on Appropriations Refer Unamended to House Committee of the Whole,6
SB16-089,2016,RS,House,2016-03-07,House Second Reading Passed - No Amendments,7
SB16-089,2016,RS,House,2016-03-08,House Third Reading Passed - No Amendments,8
SB16-089,2016,RS,Senate,2016-03-15,Signed by the President of the Senate,9
SB16-089,2016,RS,House,2016-03-15,Signed by the Speaker of the House,10
SB16-089,2016,RS,Governor,2016-03-18,Sent to the Governor,11
SB16-089,2016,RS,Governor,2016-03-23,Governor Signed,12
SB16-090,2016,RS,Senate,2016-01-29,Introduced In Senate - Assigned to Appropriations,1
SB16-090,2016,RS,Senate,2016-02-12,Senate Committee on Appropriations Refer Amended to Senate Committee of the Whole,2
SB16-090,2016,RS,Senate,2016-02-17,Senate Second Reading Passed with Amendments - Committee,3
SB16-090,2016,RS,Senate,2016-02-18,Senate Third Reading Passed - No Amendments,4
SB16-090,2016,RS,House,2016-02-18,Introduced In House - Assigned to Appropriations,5
SB16-090,2016,RS,House,2016-03-04,House Committee on Appropriations Refer Unamended to House Committee of the Whole,6
SB16-090,2016,RS,House,2016-03-07,House Second Reading Passed - No Amendments,7
SB16-090,2016,RS,House,2016-03-08,House Third Reading Passed - No Amendments,8
SB16-090,2016,RS,Senate,2016-03-15,Signed by the President of the Senate,9
SB16-090,2016,RS,House,2016-03-15,Signed by the Speaker of the House,10
SB16-090,2016,RS,Governor,2016-03-18,Sent to the Governor,11
SB16-090,2016,RS,Governor,2016-03-23,Governor Signed,12
SB16-091,2016,RS,Senate,2016-01-29,Introduced In Senate - Assigned to Appropriations,1
SB16-091,2016,RS,Senate,2016-02-12,Senate Committee on Appropriations Refer Unamended - Consent Calendar to Senate Committee of the Whole,2
SB16-091,2016,RS,Senate,2016-02-17,Senate Second Reading Passed - No Amendments,3
SB16-091,2016,RS,Senate,2016-02-18,Senate Third Reading Passed - No Amendments,4
SB16-091,2016,RS,House,2016-02-18,Introduced In House - Assigned to Appropriations,5
SB16-091,2016,RS,House,2016-03-04,House Committee on Appropriations Refer Unamended to House Committee of the Whole,6
SB16-091,2016,RS,House,2016-03-07,House Second Reading Passed - No Amendments,7
SB16-091,2016,RS,House,2016-03-08,House Third Reading Passed - No Amendments,8
SB16-091,2016,RS,Senate,2016-03-15,Signed by the President of the Senate,9
SB16-091,2016,RS,House,2016-03-15,Signed by the Speaker of the House,10
SB16-091,2016,RS,Governor,2016-03-18,Sent to the Governor,11
SB16-091,2016,RS,Governor,2016-03-23,Governor Signed,12
SB16-092,2016,RS,Senate,2016-01-29,Introduced In Senate - Assigned to Appropriations,1
SB16-092,2016,RS,Senate,2016-02-12,Senate Committee on Appropriations Refer Unamended - Consent Calendar to Senate Committee of the Whole,2
SB16-092,2016,RS,Senate,2016-02-17,Senate Second Reading Passed - No Amendments,3
SB16-092,2016,RS,Senate,2016-02-18,Senate Third Reading Passed - No Amendments,4
SB16-092,2016,RS,House,2016-02-18,Introduced In House - Assigned to Appropriations,5
SB16-092,2016,RS,House,2016-03-04,House Committee on Appropriations Refer Unamended to House Committee of the Whole,6
SB16-092,2016,RS,House,2016-03-07,House Second Reading Passed - No Amendments,7
SB16-092,2016,RS,House,2016-03-08,House Third Reading Passed - No Amendments,8
SB16-092,2016,RS,Senate,2016-03-15,Signed by the President of the Senate,9
SB16-092,2016,RS,House,2016-03-15,Signed by the Speaker of the House,10
SB16-092,2016,RS,Governor,2016-03-18,Sent to the Governor,11
SB16-092,2016,RS,Governor,2016-03-23,Governor Signed,12
SB16-093,2016,RS,Senate,2016-01-29,Introduced In Senate - Assigned to Appropriations,1
SB16-093,2016,RS,Senate,2016-02-12,Senate Committee on Appropriations Refer Unamended - Consent Calendar to Senate Committee of the Whole,2
SB16-093,2016,RS,Senate,2016-02-17,Senate Second Reading Passed - No Amendments,3
SB16-093,2016,RS,Senate,2016-02-18,Senate Third Reading Passed - No Amendments,4
SB16-093,2016,RS,House,2016-02-18,Introduced In House - Assigned to Appropriations,5
SB16-093,2016,RS,House,2016-03-04,House Committee on Appropriations Refer Unamended to House Committee of the Whole,6
SB16-093,2016,RS,House,2016-03-07,House Second Reading Passed - No Amendments,7
SB16-093,2016,RS,House,2016-03-08,House Third Reading Passed - No Amendments,8
SB16-093,2016,RS,Senate,2016-03-15,Signed by the President of the Senate,9
SB16-093,2016,RS,House,2016-03-15,Signed by the Speaker of the House,10
SB16-093,2016,RS,Governor,2016-03-18,Sent to the Governor,11
SB16-093,2016,RS,Governor,2016-03-23,Governor Signed,12
SB16-094,2016,RS,Senate,2016-01-29,Introduced In Senate - Assigned to Health & Human Services,1
SB16-094,2016,RS,Senate,2016-02-11,Senate Committee on Health & Human Services Refer Unamended,2
SB16-094,2016,RS,Senate,2016-02-17,Senate Second Reading Passed - No Amendments,3
SB16-094,2016,RS,Senate,2016-02-18,Senate Third Reading Passed - No Amendments,4
SB16-094,2016,RS,House,2016-02-18,Introduced In House - Assigned to Public Health Care & Human Services,5
SB16-094,2016,RS,House,2016-03-08,House Committee on Public Health Care & Human Services Refer Unamended to House Committee of the Whole,6
SB16-094,2016,RS,House,2016-03-14,House Second Reading Passed - No Amendments,7
SB16-094,2016,RS,House,2016-03-15,House Third Reading Passed - No Amendments,8
SB16-094,2016,RS,Senate,2016-03-29,Signed by the President of the Senate,9
SB16-094,2016,RS,Governor,2016-03-30,Sent to the Governor,10
SB16-094,2016,RS,House,2016-03-30,Signed by the Speaker of the House,11
SB16-094,2016,RS,Governor,2016-04-05,Governor Signed,12
SB16-095,2016,RS,Senate,2016-01-29,Introduced In Senate - Assigned to Appropriations,1
SB16-095,2016,RS,Senate,2016-02-12,Senate Committee on Appropriations Refer Amended - Consent Calendar to Senate Committee of the Whole,2
SB16-095,2016,RS,Senate,2016-02-17,Senate Second Reading Passed with Amendments - Committee,3
SB16-095,2016,RS,Senate,2016-02-18,Senate Third Reading Passed - No Amendments,4
SB16-095,2016,RS,House,2016-02-18,Introduced In House - Assigned to Appropriations,5
SB16-095,2016,RS,House,2016-03-04,House Committee on Appropriations Refer Unamended to House Committee of the Whole,6
SB16-095,2016,RS,House,2016-03-07,House Second Reading Passed - No Amendments,7
SB16-095,2016,RS,House,2016-03-08,House Third Reading Passed - No Amendments,8
SB16-095,2016,RS,Senate,2016-03-15,Signed by the President of the Senate,9
SB16-095,2016,RS,House,2016-03-15,Signed by the Speaker of the House,10
SB16-095,2016,RS,Governor,2016-03-18,Sent to the Governor,11
SB16-095,2016,RS,Governor,2016-03-23,Governor Signed,12
SB16-096,2016,RS,Senate,2016-01-29,"Introduced In Senate - Assigned to Business, Labor, & Technology",1
SB16-096,2016,RS,Senate,2016-02-24,"Senate Committee on Business, Labor, & Technology Postpone Indefinitely",2
SB16-097,2016,RS,Senate,2016-01-29,"Introduced In Senate - Assigned to Agriculture, Natural Resources, & Energy",1
SB16-097,2016,RS,Senate,2016-03-10,"Senate Committee on Agriculture, Natural Resources, & Energy Witness Testimony and/or Committee Discussion Only",2
SB16-097,2016,RS,Senate,2016-03-17,"Senate Committee on Agriculture, Natural Resources, & Energy Refer Amended to Appropriations",3
SB16-097,2016,RS,Senate,2016-04-15,Senate Committee on Appropriations Refer Unamended to Senate Committee of the Whole,4
SB16-097,2016,RS,Senate,2016-04-20,Senate Second Reading Laid Over Daily - No Amendments,5
SB16-097,2016,RS,Senate,2016-04-25,Senate Second Reading Passed with Amendments - Committee,6
SB16-097,2016,RS,Senate,2016-04-26,Senate Third Reading Passed - No Amendments,7
SB16-097,2016,RS,House,2016-04-26,Introduced In House - Assigned to Local Government + Finance,8
SB16-097,2016,RS,House,2016-05-04,House Committee on Local Government Refer Unamended to Finance,9
SB16-097,2016,RS,House,2016-05-05,House Committee on Finance Postpone Indefinitely,10
SB16-098,2016,RS,Senate,2016-01-29,Introduced In Senate - Assigned to Judiciary,1
SB16-098,2016,RS,Senate,2016-02-22,Senate Committee on Judiciary Postpone Indefinitely,2
SB16-099,2016,RS,Senate,2016-01-29,"Introduced In Senate - Assigned to State, Veterans, & Military Affairs",1
SB16-099,2016,RS,Senate,2016-02-23,"Senate Committee on State, Veterans, & Military Affairs Refer Unamended - Consent Calendar to Senate Committee of the Whole",2
SB16-099,2016,RS,Senate,2016-02-26,Senate Second Reading Passed - No Amendments,3
SB16-099,2016,RS,Senate,2016-02-29,Senate Third Reading Passed - No Amendments,4
SB16-099,2016,RS,House,2016-02-29,Introduced In House - Assigned to Judiciary,5
SB16-099,2016,RS,House,2016-03-17,House Committee on Judiciary Refer Unamended to House Committee of the Whole,6
SB16-099,2016,RS,House,2016-03-21,House Second Reading Laid Over Daily - No Amendments,7
SB16-099,2016,RS,House,2016-03-24,House Second Reading Passed - No Amendments,8
SB16-099,2016,RS,House,2016-03-28,House Third Reading Passed - No Amendments,9
SB16-099,2016,RS,Senate,2016-04-05,Signed by the President of the Senate,10
SB16-099,2016,RS,House,2016-04-07,Signed by the Speaker of the House,11
SB16-099,2016,RS,Governor,2016-04-08,Sent to the Governor,12
SB16-099,2016,RS,Governor,2016-04-14,Governor Signed,13
SB16-100,2016,RS,Senate,2016-01-29,Introduced In Senate - Assigned to Transportation,1
SB16-100,2016,RS,Senate,2016-02-16,Senate Committee on Transportation Witness Testimony and/or Committee Discussion Only,2
SB16-100,2016,RS,Senate,2016-03-17,Senate Committee on Transportation Refer Amended to Senate Committee of the Whole,3
SB16-100,2016,RS,Senate,2016-03-22,Senate Second Reading Passed with Amendments - Committee,4
SB16-100,2016,RS,House,2016-03-24,Introduced In House - Assigned to,5
SB16-100,2016,RS,Senate,2016-03-24,Senate Third Reading Passed - No Amendments,6
SB16-100,2016,RS,House,2016-04-18,"House Committee on State, Veterans, & Military Affairs Postpone Indefinitely",7
SB16-101,2016,RS,Senate,2016-01-29,"Introduced In Senate - Assigned to State, Veterans, & Military Affairs",1
SB16-101,2016,RS,Senate,2016-02-22,"Senate Committee on State, Veterans, & Military Affairs Postpone Indefinitely",2
SB16-102,2016,RS,Senate,2016-01-29,Introduced In Senate - Assigned to Judiciary,1
SB16-102,2016,RS,Senate,2016-02-08,Senate Committee on Judiciary Refer Unamended to Appropriations,2
SB16-102,2016,RS,Senate,2016-03-04,Senate Committee on Appropriations Refer Amended to Senate Committee of the Whole,3
SB16-102,2016,RS,Senate,2016-03-08,"Senate Second Reading Passed with Amendments - Committee, Floor",4
SB16-102,2016,RS,Senate,2016-03-09,Senate Third Reading Passed with Amendments - Floor,5
SB16-102,2016,RS,House,2016-03-09,Introduced In House - Assigned to Judiciary,6
SB16-102,2016,RS,House,2016-04-05,House Committee on Judiciary Refer Amended to Appropriations,7
SB16-102,2016,RS,House,2016-04-15,House Committee on Appropriations Refer Amended to House Committee of the Whole,8
SB16-102,2016,RS,House,2016-04-15,House Second Reading Special Order - Passed with Amendments - Committee,9
SB16-102,2016,RS,House,2016-04-18,House Third Reading Passed with Amendments - Floor,10
SB16-102,2016,RS,Senate,2016-04-19,Senate Considered House Amendments - Result was to Concur - Not Repassed,11
SB16-102,2016,RS,Senate,2016-04-19,Senate Considered House Amendments - Result was to Laid Over Daily,12
SB16-102,2016,RS,Senate,2016-04-22,Senate Considered House Amendments - Result was to Pass,13
SB16-102,2016,RS,Senate,2016-05-05,Signed by the President of the Senate,14
SB16-102,2016,RS,House,2016-05-10,Signed by the Speaker of the House,15
SB16-102,2016,RS,Governor,2016-05-10,Sent to the Governor,16
SB16-102,2016,RS,Governor,2016-05-19,Governor Signed,17
SB16-103,2016,RS,Senate,2016-01-29,Introduced In Senate - Assigned to Judiciary,1
SB16-103,2016,RS,Senate,2016-02-22,Senate Committee on Judiciary Postpone Indefinitely,2
SB16-104,2016,RS,Senate,2016-01-29,Introduced In Senate - Assigned to Education,1
SB16-104,2016,RS,Senate,2016-03-03,Senate Committee on Education Refer Amended to Appropriations,2
SB16-104,2016,RS,Senate,2016-04-27,Senate Committee on Appropriations Refer Amended to Senate Committee of the Whole,3
SB16-104,2016,RS,Senate,2016-04-28,Senate Second Reading Special Order - Laid Over Daily - No Amendments,4
SB16-104,2016,RS,Senate,2016-04-29,Senate Second Reading Passed with Amendments - Committee,5
SB16-104,2016,RS,Senate,2016-05-02,Senate Third Reading Passed - No Amendments,6
SB16-104,2016,RS,House,2016-05-02,Introduced In House - Assigned to Education + Appropriations,7
SB16-104,2016,RS,House,2016-05-09,House Committee on Education Refer Amended to Appropriations,8
SB16-104,2016,RS,House,2016-05-09,House Committee on Appropriations Refer Unamended to House Committee of the Whole,9
SB16-104,2016,RS,House,2016-05-09,House Second Reading Laid Over Daily - No Amendments,10
SB16-104,2016,RS,House,2016-05-10,"House Second Reading Special Order - Passed with Amendments - Committee, Floor",11
SB16-104,2016,RS,House,2016-05-11,House Third Reading Passed with Amendments - Floor,12
SB16-104,2016,RS,Senate,2016-05-11,Senate Considered House Amendments - Result was to Concur - Repass,13
SB16-104,2016,RS,House,2016-05-12,Signed by the Speaker of the House,14
SB16-104,2016,RS,Senate,2016-05-13,Signed by the President of the Senate,15
SB16-104,2016,RS,Governor,2016-05-13,Sent to the Governor,16
SB16-104,2016,RS,Governor,2016-06-06,Governor Signed,17
SB16-105,2016,RS,Senate,2016-01-29,Introduced In Senate - Assigned to Education,1
SB16-105,2016,RS,Senate,2016-02-18,Senate Committee on Education Postpone Indefinitely,2
SB16-106,2016,RS,Senate,2016-01-29,"Introduced In Senate - Assigned to State, Veterans, & Military Affairs",1
SB16-106,2016,RS,Senate,2016-02-22,"Senate Committee on State, Veterans, & Military Affairs Refer Amended to Appropriations",2
SB16-106,2016,RS,Senate,2016-03-11,Senate Committee on Appropriations Refer Amended to Senate Committee of the Whole,3
SB16-106,2016,RS,Senate,2016-03-15,Senate Second Reading Laid Over to 03/17/2016 - No Amendments,4
SB16-106,2016,RS,Senate,2016-03-17,Senate Second Reading Passed with Amendments - Committee,5
SB16-106,2016,RS,Senate,2016-03-18,Senate Third Reading Passed - No Amendments,6
SB16-106,2016,RS,House,2016-03-22,"Introduced In House - Assigned to State, Veterans, & Military Affairs",7
SB16-106,2016,RS,House,2016-04-20,"House Committee on State, Veterans, & Military Affairs Refer Amended to Appropriations",8
SB16-106,2016,RS,House,2016-04-26,House Committee on Appropriations Refer Amended to House Committee of the Whole,9
SB16-106,2016,RS,House,2016-04-27,House Second Reading Laid Over Daily - No Amendments,10
SB16-106,2016,RS,House,2016-04-28,House Second Reading Special Order - Passed with Amendments - Committee,11
SB16-106,2016,RS,House,2016-04-29,House Third Reading Passed - No Amendments,12
SB16-106,2016,RS,Senate,2016-05-02,Senate Considered House Amendments - Result was to Not Concur - Request Conference Committee,13
SB16-106,2016,RS,,2016-05-09,First Conference Committee Result was to Adopt Rerevised w/ Amendments,14
SB16-106,2016,RS,House,2016-05-10,House Consideration of First Conference Committee Report result was to Adopt Committee Report - Repass,15
SB16-106,2016,RS,Senate,2016-05-11,Senate Consideration of First Conference Committee Report result was to Adopt Committee Report - Repass,16
SB16-106,2016,RS,Senate,2016-05-18,Signed by the President of the Senate,17
SB16-106,2016,RS,House,2016-05-20,Signed by the Speaker of the House,18
SB16-106,2016,RS,Governor,2016-05-20,Sent to the Governor,19
SB16-106,2016,RS,Governor,2016-06-10,Governor Signed,20
SB16-107,2016,RS,Senate,2016-01-29,"Introduced In Senate - Assigned to State, Veterans, & Military Affairs",1
SB16-107,2016,RS,Senate,2016-02-08,"Senate Committee on State, Veterans, & Military Affairs Refer Unamended - Consent Calendar to Senate Committee of the Whole",2
SB16-107,2016,RS,Senate,2016-02-11,Senate Second Reading Laid Over Daily - No Amendments,3
SB16-107,2016,RS,Senate,2016-02-12,Senate Second Reading Passed - No Amendments,4
SB16-107,2016,RS,Senate,2016-02-16,Senate Third Reading Passed - No Amendments,5
SB16-107,2016,RS,House,2016-02-17,"Introduced In House - Assigned to State, Veterans, & Military Affairs",6
SB16-107,2016,RS,House,2016-02-29,"House Committee on State, Veterans, & Military Affairs Refer Unamended to House Committee of the Whole",7
SB16-107,2016,RS,House,2016-03-03,House Second Reading Passed - No Amendments,8
SB16-107,2016,RS,House,2016-03-04,House Third Reading Passed - No Amendments,9
SB16-107,2016,RS,Senate,2016-03-15,Signed by the President of the Senate,10
SB16-107,2016,RS,House,2016-03-15,Signed by the Speaker of the House,11
SB16-107,2016,RS,Governor,2016-03-18,Sent to the Governor,12
SB16-107,2016,RS,Governor,2016-03-23,Governor Signed,13
SB16-108,2016,RS,Senate,2016-01-29,"Introduced In Senate - Assigned to State, Veterans, & Military Affairs",1
SB16-108,2016,RS,Senate,2016-02-29,"Senate Committee on State, Veterans, & Military Affairs Postpone Indefinitely",2
SB16-109,2016,RS,Senate,2016-01-29,Introduced In Senate - Assigned to Transportation,1
SB16-109,2016,RS,Senate,2016-02-16,Senate Committee on Transportation Refer Unamended to Appropriations,2
SB16-109,2016,RS,Senate,2016-04-01,Senate Committee on Appropriations Postpone Indefinitely,3
SB16-110,2016,RS,Senate,2016-01-29,Introduced In Senate - Assigned to Judiciary,1
SB16-110,2016,RS,Senate,2016-02-17,Senate Committee on Judiciary Refer Amended - Consent Calendar to Senate Committee of the Whole,2
SB16-110,2016,RS,Senate,2016-02-22,Senate Second Reading Passed with Amendments - Committee,3
SB16-110,2016,RS,Senate,2016-02-23,Senate Third Reading Passed - No Amendments,4
SB16-110,2016,RS,House,2016-02-23,Introduced In House - Assigned to Judiciary,5
SB16-110,2016,RS,House,2016-03-17,House Committee on Judiciary Refer Amended to House Committee of the Whole,6
SB16-110,2016,RS,House,2016-03-21,House Second Reading Laid Over Daily - No Amendments,7
SB16-110,2016,RS,House,2016-03-24,House Second Reading Passed with Amendments - Committee,8
SB16-110,2016,RS,House,2016-03-28,House Third Reading Passed - No Amendments,9
SB16-110,2016,RS,Senate,2016-03-29,Senate Considered House Amendments - Result was to Concur - Repass,10
SB16-110,2016,RS,Senate,2016-04-05,Signed by the President of the Senate,11
SB16-110,2016,RS,House,2016-04-07,Signed by the Speaker of the House,12
SB16-110,2016,RS,Governor,2016-04-08,Sent to the Governor,13
SB16-110,2016,RS,Governor,2016-04-14,Governor Signed,14
SB16-111,2016,RS,Senate,2016-01-29,Introduced In Senate - Assigned to Judiciary,1
SB16-111,2016,RS,Senate,2016-04-11,Senate Committee on Judiciary Refer Amended to Senate Committee of the Whole,2
SB16-111,2016,RS,Senate,2016-04-14,Senate Second Reading Passed with Amendments - Committee,3
SB16-111,2016,RS,Senate,2016-04-15,Senate Third Reading Passed - No Amendments,4
SB16-111,2016,RS,House,2016-04-18,"Introduced In House - Assigned to State, Veterans, & Military Affairs",5
SB16-111,2016,RS,House,2016-04-27,"House Committee on State, Veterans, & Military Affairs Refer Unamended to House Committee of the Whole",6
SB16-111,2016,RS,House,2016-04-28,House Second Reading Special Order - Passed - No Amendments,7
SB16-111,2016,RS,House,2016-04-29,House Third Reading Laid Over to 05/02/2016 - No Amendments,8
SB16-111,2016,RS,House,2016-05-02,House Third Reading Passed - No Amendments,9
SB16-111,2016,RS,Senate,2016-05-06,Signed by the President of the Senate,10
SB16-111,2016,RS,House,2016-05-09,Signed by the Speaker of the House,11
SB16-111,2016,RS,Governor,2016-05-09,Sent to the Governor,12
SB16-111,2016,RS,Governor,2016-06-10,Governor Signed,13
SB16-112,2016,RS,Senate,2016-01-29,"Introduced In Senate - Assigned to State, Veterans, & Military Affairs",1
SB16-112,2016,RS,Senate,2016-02-08,"Senate Committee on State, Veterans, & Military Affairs Refer Unamended to Senate Committee of the Whole",2
SB16-112,2016,RS,Senate,2016-02-11,Senate Second Reading Laid Over Daily - No Amendments,3
SB16-112,2016,RS,Senate,2016-02-16,Senate Second Reading Passed - No Amendments,4
SB16-112,2016,RS,Senate,2016-02-17,Senate Third Reading Laid Over to 02/24/2016 - No Amendments,5
SB16-112,2016,RS,Senate,2016-02-24,Senate Third Reading Passed - No Amendments,6
SB16-112,2016,RS,House,2016-02-24,"Introduced In House - Assigned to State, Veterans, & Military Affairs",7
SB16-112,2016,RS,House,2016-04-20,"House Committee on State, Veterans, & Military Affairs Postpone Indefinitely",8
SB16-113,2016,RS,Senate,2016-01-29,"Introduced In Senate - Assigned to State, Veterans, & Military Affairs",1
SB16-113,2016,RS,Senate,2016-03-30,"Senate Committee on State, Veterans, & Military Affairs Refer Unamended to Senate Committee of the Whole",2
SB16-113,2016,RS,Senate,2016-04-04,Senate Second Reading Laid Over Daily - No Amendments,3
SB16-113,2016,RS,Senate,2016-04-06,Senate Second Reading Laid Over to 04/11/2016 - No Amendments,4
SB16-113,2016,RS,Senate,2016-04-11,Senate Second Reading Passed - No Amendments,5
SB16-113,2016,RS,Senate,2016-04-12,Senate Third Reading Passed - No Amendments,6
SB16-113,2016,RS,House,2016-04-12,"Introduced In House - Assigned to State, Veterans, & Military Affairs",7
SB16-113,2016,RS,House,2016-04-25,"House Committee on State, Veterans, & Military Affairs Postpone Indefinitely",8
SB16-114,2016,RS,Senate,2016-02-01,"Introduced In Senate - Assigned to State, Veterans, & Military Affairs",1
SB16-114,2016,RS,Senate,2016-02-22,"Senate Committee on State, Veterans, & Military Affairs Postpone Indefinitely",2
SB16-115,2016,RS,Senate,2016-02-01,Introduced In Senate - Assigned to Local Government,1
SB16-115,2016,RS,Senate,2016-02-16,Senate Committee on Local Government Refer Amended to Finance,2
SB16-115,2016,RS,Senate,2016-02-18,Senate Committee on Finance Refer Unamended to Appropriations,3
SB16-115,2016,RS,Senate,2016-03-04,Senate Committee on Appropriations Refer Amended to Senate Committee of the Whole,4
SB16-115,2016,RS,Senate,2016-03-08,Senate Second Reading Laid Over Daily - No Amendments,5
SB16-115,2016,RS,Senate,2016-03-09,"Senate Second Reading Passed with Amendments - Committee, Floor",6
SB16-115,2016,RS,Senate,2016-03-10,Senate Third Reading Passed - No Amendments,7
SB16-115,2016,RS,House,2016-03-14,Introduced In House - Assigned to Local Government,8
SB16-115,2016,RS,House,2016-04-06,House Committee on Local Government Refer Unamended to Finance,9
SB16-115,2016,RS,House,2016-04-27,House Committee on Finance Refer Unamended to Appropriations,10
SB16-115,2016,RS,House,2016-05-05,House Committee on Appropriations Refer Unamended to House Committee of the Whole,11
SB16-115,2016,RS,House,2016-05-05,House Second Reading Laid Over Daily - No Amendments,12
SB16-115,2016,RS,House,2016-05-09,House Second Reading Special Order - Passed - No Amendments,13
SB16-115,2016,RS,House,2016-05-10,House Third Reading Passed - No Amendments,14
SB16-115,2016,RS,Senate,2016-05-18,Signed by the President of the Senate,15
SB16-115,2016,RS,House,2016-05-20,Signed by the Speaker of the House,16
SB16-115,2016,RS,Governor,2016-05-20,Sent to the Governor,17
SB16-115,2016,RS,Governor,2016-06-10,Governor Signed,18
SB16-116,2016,RS,Senate,2016-02-01,Introduced In Senate - Assigned to Judiciary,1
SB16-116,2016,RS,Senate,2016-02-24,Senate Committee on Judiciary Refer Amended to Senate Committee of the Whole,2
SB16-116,2016,RS,Senate,2016-03-07,Senate Second Reading Laid Over Daily - No Amendments,3
SB16-116,2016,RS,Senate,2016-03-08,Senate Second Reading Laid Over Daily with Amendments - Committee,4
SB16-116,2016,RS,Senate,2016-03-09,"Senate Second Reading Passed with Amendments - Committee, Floor",5
SB16-116,2016,RS,Senate,2016-03-10,Senate Third Reading Passed with Amendments - Floor,6
SB16-116,2016,RS,House,2016-03-14,Introduced In House - Assigned to Judiciary,7
SB16-116,2016,RS,House,2016-04-05,House Committee on Judiciary Refer Amended to Finance,8
SB16-116,2016,RS,House,2016-04-27,House Committee on Finance Refer Amended to Appropriations,9
SB16-116,2016,RS,House,2016-05-05,House Committee on Appropriations Refer Amended to House Committee of the Whole,10
SB16-116,2016,RS,House,2016-05-05,House Second Reading Special Order - Passed with Amendments - Committee,11
SB16-116,2016,RS,House,2016-05-06,House Third Reading Passed - No Amendments,12
SB16-116,2016,RS,Senate,2016-05-09,Senate Considered House Amendments - Result was to Concur - Repass,13
SB16-116,2016,RS,House,2016-05-12,Signed by the Speaker of the House,14
SB16-116,2016,RS,Senate,2016-05-13,Signed by the President of the Senate,15
SB16-116,2016,RS,Governor,2016-05-13,Sent to the Governor,16
SB16-116,2016,RS,Governor,2016-06-10,Governor Signed,17
SB16-117,2016,RS,Senate,2016-02-01,Introduced In Senate - Assigned to Finance,1
SB16-117,2016,RS,Senate,2016-02-25,Senate Committee on Finance Refer Amended to Appropriations,2
SB16-117,2016,RS,Senate,2016-04-15,Senate Committee on Appropriations Refer Amended to Senate Committee of the Whole,3
SB16-117,2016,RS,Senate,2016-04-20,Senate Second Reading Passed with Amendments - Committee,4
SB16-117,2016,RS,Senate,2016-04-21,Senate Third Reading Laid Over Daily - No Amendments,5
SB16-117,2016,RS,Senate,2016-04-25,Senate Third Reading Passed - No Amendments,6
SB16-117,2016,RS,House,2016-04-26,Introduced In House - Assigned to Finance + Appropriations,7
SB16-117,2016,RS,House,2016-05-05,House Committee on Finance Postpone Indefinitely,8
SB16-118,2016,RS,Senate,2016-02-01,"Introduced In Senate - Assigned to State, Veterans, & Military Affairs",1
SB16-118,2016,RS,Senate,2016-02-23,"Senate Committee on State, Veterans, & Military Affairs Postpone Indefinitely",2
SB16-119,2016,RS,Senate,2016-02-01,"Introduced In Senate - Assigned to Agriculture, Natural Resources, & Energy",1
SB16-119,2016,RS,Senate,2016-02-10,"Senate Committee on Agriculture, Natural Resources, & Energy Postpone Indefinitely",2
SB16-120,2016,RS,Senate,2016-02-01,Introduced In Senate - Assigned to Health & Human Services,1
SB16-120,2016,RS,Senate,2016-02-18,Senate Committee on Health & Human Services Refer Amended to Appropriations,2
SB16-120,2016,RS,Senate,2016-04-22,Senate Committee on Appropriations Refer Amended to Senate Committee of the Whole,3
SB16-120,2016,RS,Senate,2016-04-25,Senate Second Reading Special Order - Passed with Amendments - Committee,4
SB16-120,2016,RS,Senate,2016-04-26,Senate Third Reading Passed - No Amendments,5
SB16-120,2016,RS,House,2016-04-26,Introduced In House - Assigned to Public Health Care & Human Services + Appropriations,6
SB16-120,2016,RS,House,2016-05-03,House Committee on Public Health Care & Human Services Refer Unamended to Appropriations,7
SB16-120,2016,RS,House,2016-05-05,House Committee on Appropriations Refer Unamended to House Committee of the Whole,8
SB16-120,2016,RS,House,2016-05-05,House Second Reading Special Order - Passed - No Amendments,9
SB16-120,2016,RS,House,2016-05-06,House Third Reading Passed - No Amendments,10
SB16-120,2016,RS,Senate,2016-05-11,Signed by the President of the Senate,11
SB16-120,2016,RS,House,2016-05-12,Signed by the Speaker of the House,12
SB16-120,2016,RS,Governor,2016-05-12,Sent to the Governor,13
SB16-120,2016,RS,Governor,2016-06-08,Governor Signed,14
SB16-121,2016,RS,Senate,2016-02-01,Introduced In Senate - Assigned to Finance,1
SB16-121,2016,RS,Senate,2016-02-11,Senate Committee on Finance Refer Amended to Senate Committee of the Whole,2
SB16-121,2016,RS,Senate,2016-02-17,Senate Second Reading Laid Over Daily - No Amendments,3
SB16-121,2016,RS,Senate,2016-02-18,Senate Second Reading Passed with Amendments - Committee,4
SB16-121,2016,RS,Senate,2016-02-19,Senate Third Reading Passed - No Amendments,5
SB16-121,2016,RS,House,2016-02-22,Introduced In House - Assigned to Finance,6
SB16-121,2016,RS,House,2016-03-09,House Committee on Finance Refer Amended to House Committee of the Whole,7
SB16-121,2016,RS,House,2016-03-15,House Second Reading Passed with Amendments - Committee,8
SB16-121,2016,RS,House,2016-03-16,House Third Reading Passed - No Amendments,9
SB16-121,2016,RS,Senate,2016-03-17,Senate Considered House Amendments - Result was to Laid Over Daily,10
SB16-121,2016,RS,Senate,2016-03-18,Senate Considered House Amendments - Result was to Concur - Repass,11
SB16-121,2016,RS,Senate,2016-03-21,Signed by the President of the Senate,12
SB16-121,2016,RS,House,2016-03-21,Signed by the Speaker of the House,13
SB16-121,2016,RS,Governor,2016-03-21,Sent to the Governor,14
SB16-121,2016,RS,Governor,2016-03-31,Governor Signed,15
SB16-122,2016,RS,Senate,2016-02-01,Introduced In Senate - Assigned to Transportation,1
SB16-122,2016,RS,Senate,2016-02-09,Senate Committee on Transportation Witness Testimony and/or Committee Discussion Only,2
SB16-122,2016,RS,Senate,2016-02-23,Senate Committee on Transportation Refer Amended - Consent Calendar to Senate Committee of the Whole,3
SB16-122,2016,RS,Senate,2016-02-26,Senate Second Reading Passed with Amendments - Committee,4
SB16-122,2016,RS,Senate,2016-02-29,Senate Third Reading Reconsidered - No Amendments,5
SB16-122,2016,RS,Senate,2016-02-29,Senate Third Reading Passed - No Amendments,6
SB16-122,2016,RS,House,2016-02-29,Introduced In House - Assigned to Transportation & Energy,7
SB16-122,2016,RS,House,2016-03-17,House Committee on Transportation & Energy Refer Amended to House Committee of the Whole,8
SB16-122,2016,RS,House,2016-03-21,House Second Reading Laid Over Daily - No Amendments,9
SB16-122,2016,RS,House,2016-03-24,House Second Reading Passed with Amendments - Committee,10
SB16-122,2016,RS,House,2016-03-28,House Third Reading Passed - No Amendments,11
SB16-122,2016,RS,Senate,2016-03-29,Senate Considered House Amendments - Result was to Concur - Repass,12
SB16-122,2016,RS,Senate,2016-04-05,Signed by the President of the Senate,13
SB16-122,2016,RS,House,2016-04-07,Signed by the Speaker of the House,14
SB16-122,2016,RS,Governor,2016-04-08,Sent to the Governor,15
SB16-122,2016,RS,Governor,2016-04-14,Governor Signed,16
SB16-123,2016,RS,Senate,2016-02-01,Introduced In Senate - Assigned to Transportation,1
SB16-123,2016,RS,Senate,2016-02-18,Senate Committee on Transportation Refer Amended to Senate Committee of the Whole,2
SB16-123,2016,RS,Senate,2016-02-25,"Senate Second Reading Laid Over with Amendments to 03/01/2016 - Committee, Floor",3
SB16-123,2016,RS,Senate,2016-03-01,Senate Second Reading Laid Over to 03/07/2016 - No Amendments,4
SB16-123,2016,RS,Senate,2016-03-07,Senate Second Reading Laid Over Daily - No Amendments,5
SB16-123,2016,RS,Senate,2016-03-08,Senate Second Reading Laid Over to 03/11/2016 - No Amendments,6
SB16-123,2016,RS,Senate,2016-03-14,Senate Second Reading Laid Over to 03/17/2016 - No Amendments,7
SB16-123,2016,RS,Senate,2016-03-17,"Senate Second Reading Passed with Amendments - Committee, Floor",8
SB16-123,2016,RS,Senate,2016-03-18,Senate Third Reading Passed - No Amendments,9
SB16-123,2016,RS,House,2016-03-22,Introduced In House - Assigned to Transportation & Energy + Appropriations,10
SB16-123,2016,RS,House,2016-04-21,House Committee on Transportation & Energy Postpone Indefinitely,11
SB16-124,2016,RS,Senate,2016-02-05,Introduced In Senate - Assigned to Finance + Appropriations,1
SB16-124,2016,RS,Senate,2016-02-16,Senate Committee on Finance Refer Unamended to Appropriations,2
SB16-124,2016,RS,Senate,2016-03-11,Senate Committee on Appropriations Refer Amended to Senate Committee of the Whole,3
SB16-124,2016,RS,Senate,2016-03-15,Senate Second Reading Passed with Amendments - Committee,4
SB16-124,2016,RS,Senate,2016-03-16,Senate Third Reading Passed - No Amendments,5
SB16-124,2016,RS,House,2016-03-22,Introduced In House - Assigned to Finance + Appropriations,6
SB16-124,2016,RS,House,2016-04-14,House Committee on Finance Refer Unamended to Appropriations,7
SB16-124,2016,RS,House,2016-04-28,House Committee on Appropriations Refer Unamended to House Committee of the Whole,8
SB16-124,2016,RS,House,2016-04-28,House Second Reading Special Order - Passed - No Amendments,9
SB16-124,2016,RS,House,2016-04-29,House Third Reading Passed - No Amendments,10
SB16-124,2016,RS,Senate,2016-05-06,Signed by the President of the Senate,11
SB16-124,2016,RS,House,2016-05-09,Signed by the Speaker of the House,12
SB16-124,2016,RS,Governor,2016-05-09,Sent to the Governor,13
SB16-124,2016,RS,Governor,2016-06-08,Governor Signed,14
SB16-125,2016,RS,Senate,2016-02-16,Introduced In Senate - Assigned to Finance,1
SB16-125,2016,RS,Senate,2016-02-18,Senate Committee on Finance Refer Amended - Consent Calendar to Senate Committee of the Whole,2
SB16-125,2016,RS,Senate,2016-02-23,"Senate Second Reading Passed with Amendments - Committee, Floor",3
SB16-125,2016,RS,Senate,2016-02-24,Senate Third Reading Passed - No Amendments,4
SB16-125,2016,RS,House,2016-02-26,Introduced In House - Assigned to Business Affairs and Labor,5
SB16-125,2016,RS,House,2016-03-17,House Committee on Business Affairs and Labor Refer Unamended to House Committee of the Whole,6
SB16-125,2016,RS,House,2016-03-21,House Second Reading Laid Over Daily - No Amendments,7
SB16-125,2016,RS,House,2016-03-24,House Second Reading Passed - No Amendments,8
SB16-125,2016,RS,House,2016-03-28,House Third Reading Passed - No Amendments,9
SB16-125,2016,RS,Senate,2016-04-05,Signed by the President of the Senate,10
SB16-125,2016,RS,House,2016-04-07,Signed by the Speaker of the House,11
SB16-125,2016,RS,Governor,2016-04-08,Sent to the Governor,12
SB16-125,2016,RS,Governor,2016-04-15,Governor Signed,13
SB16-126,2016,RS,Senate,2016-02-16,"Introduced In Senate - Assigned to Business, Labor, & Technology",1
SB16-126,2016,RS,Senate,2016-03-02,"Senate Committee on Business, Labor, & Technology Refer Amended - Consent Calendar to Senate Committee of the Whole",2
SB16-126,2016,RS,Senate,2016-03-07,Senate Second Reading Passed with Amendments - Committee,3
SB16-126,2016,RS,Senate,2016-03-08,Senate Third Reading Passed - No Amendments,4
SB16-126,2016,RS,House,2016-03-09,Introduced In House - Assigned to Business Affairs and Labor,5
SB16-126,2016,RS,House,2016-03-22,House Committee on Business Affairs and Labor Refer Amended to House Committee of the Whole,6
SB16-126,2016,RS,House,2016-03-28,House Second Reading Passed with Amendments - Committee,7
SB16-126,2016,RS,House,2016-03-29,House Third Reading Passed - No Amendments,8
SB16-126,2016,RS,Senate,2016-03-30,Senate Considered House Amendments - Result was to Laid Over Daily,9
SB16-126,2016,RS,Senate,2016-03-31,Senate Considered House Amendments - Result was to Concur - Repass,10
SB16-126,2016,RS,Senate,2016-04-22,Signed by the President of the Senate,11
SB16-126,2016,RS,House,2016-04-26,Signed by the Speaker of the House,12
SB16-126,2016,RS,Governor,2016-04-26,Sent to the Governor,13
SB16-126,2016,RS,Governor,2016-05-04,Governor Signed,14
SB16-127,2016,RS,Senate,2016-02-16,"Introduced In Senate - Assigned to Business, Labor, & Technology",1
SB16-127,2016,RS,Senate,2016-02-24,"Senate Committee on Business, Labor, & Technology Refer Amended - Consent Calendar to Senate Committee of the Whole",2
SB16-127,2016,RS,Senate,2016-02-29,Senate Second Reading Passed with Amendments - Committee,3
SB16-127,2016,RS,Senate,2016-03-01,Senate Third Reading Passed - No Amendments,4
SB16-127,2016,RS,House,2016-03-02,"Introduced In House - Assigned to Health, Insurance, & Environment",5
SB16-127,2016,RS,House,2016-03-10,"House Committee on Health, Insurance, & Environment Refer Unamended to House Committee of the Whole",6
SB16-127,2016,RS,House,2016-03-15,House Second Reading Passed - No Amendments,7
SB16-127,2016,RS,House,2016-03-16,House Third Reading Passed - No Amendments,8
SB16-127,2016,RS,Senate,2016-03-29,Signed by the President of the Senate,9
SB16-127,2016,RS,Governor,2016-03-30,Sent to the Governor,10
SB16-127,2016,RS,House,2016-03-30,Signed by the Speaker of the House,11
SB16-127,2016,RS,Governor,2016-04-05,Governor Signed,12
SB16-128,2016,RS,Senate,2016-02-16,"Introduced In Senate - Assigned to Agriculture, Natural Resources, & Energy",1
SB16-128,2016,RS,Senate,2016-03-03,"Senate Committee on Agriculture, Natural Resources, & Energy Postpone Indefinitely",2
SB16-129,2016,RS,Senate,2016-02-18,"Introduced In Senate - Assigned to Agriculture, Natural Resources, & Energy",1
SB16-129,2016,RS,Senate,2016-03-02,"Senate Committee on Agriculture, Natural Resources, & Energy Postpone Indefinitely",2
SB16-130,2016,RS,Senate,2016-02-18,Introduced In Senate - Assigned to Finance,1
SB16-130,2016,RS,Senate,2016-03-15,Senate Committee on Finance Refer Unamended to Appropriations,2
SB16-130,2016,RS,Senate,2016-04-15,Senate Committee on Appropriations Refer Amended to Senate Committee of the Whole,3
SB16-130,2016,RS,Senate,2016-04-20,Senate Second Reading Passed with Amendments - Committee,4
SB16-130,2016,RS,Senate,2016-04-21,Senate Third Reading Laid Over Daily - No Amendments,5
SB16-130,2016,RS,Senate,2016-04-25,Senate Third Reading Passed - No Amendments,6
SB16-130,2016,RS,House,2016-04-26,Introduced In House - Assigned to Finance + Appropriations,7
SB16-130,2016,RS,House,2016-05-04,House Committee on Finance Postpone Indefinitely,8
SB16-131,2016,RS,Senate,2016-02-18,Introduced In Senate - Assigned to Judiciary,1
SB16-131,2016,RS,Senate,2016-03-14,Senate Committee on Judiciary Refer Amended to Senate Committee of the Whole,2
SB16-131,2016,RS,Senate,2016-03-17,Senate Second Reading Passed with Amendments - Committee,3
SB16-131,2016,RS,Senate,2016-03-18,Senate Third Reading Passed - No Amendments,4
SB16-131,2016,RS,House,2016-03-22,Introduced In House - Assigned to Finance,5
SB16-131,2016,RS,House,2016-04-14,House Committee on Finance Refer Amended to House Committee of the Whole,6
SB16-131,2016,RS,House,2016-04-18,House Second Reading Passed with Amendments - Committee,7
SB16-131,2016,RS,House,2016-04-19,House Third Reading Passed - No Amendments,8
SB16-131,2016,RS,Senate,2016-04-20,Senate Considered House Amendments - Result was to Concur - Repass,9
SB16-131,2016,RS,Senate,2016-04-27,Signed by the President of the Senate,10
SB16-131,2016,RS,House,2016-05-02,Signed by the Speaker of the House,11
SB16-131,2016,RS,Governor,2016-05-12,Sent to the Governor,12
SB16-131,2016,RS,Governor,2016-06-10,Governor Signed,13
SB16-132,2016,RS,Senate,2016-02-18,Introduced In Senate - Assigned to Judiciary,1
SB16-132,2016,RS,Senate,2016-02-29,Senate Committee on Judiciary Refer Amended to Senate Committee of the Whole,2
SB16-132,2016,RS,Senate,2016-03-07,Senate Second Reading Laid Over Daily - No Amendments,3
SB16-132,2016,RS,Senate,2016-03-08,"Senate Second Reading Passed with Amendments - Committee, Floor",4
SB16-132,2016,RS,Senate,2016-03-09,Senate Third Reading Passed - No Amendments,5
SB16-132,2016,RS,House,2016-03-09,Introduced In House - Assigned to Judiciary,6
SB16-132,2016,RS,House,2016-04-05,House Committee on Judiciary Witness Testimony and/or Committee Discussion Only,7
SB16-132,2016,RS,House,2016-04-21,House Committee on Judiciary Refer Amended to House Committee of the Whole,8
SB16-132,2016,RS,House,2016-04-25,House Second Reading Passed with Amendments - Committee,9
SB16-132,2016,RS,House,2016-04-26,House Third Reading Laid Over Daily - No Amendments,10
SB16-132,2016,RS,House,2016-04-27,House Third Reading Passed - No Amendments,11
SB16-132,2016,RS,Senate,2016-04-28,Senate Considered House Amendments - Result was to Concur - Repass,12
SB16-132,2016,RS,Senate,2016-05-06,Signed by the President of the Senate,13
SB16-132,2016,RS,House,2016-05-09,Signed by the Speaker of the House,14
SB16-132,2016,RS,Governor,2016-05-09,Sent to the Governor,15
SB16-132,2016,RS,Governor,2016-06-06,Governor Signed,16
SB16-133,2016,RS,Senate,2016-02-18,Introduced In Senate - Assigned to Judiciary,1
SB16-133,2016,RS,Senate,2016-03-14,Senate Committee on Judiciary Refer Amended to Senate Committee of the Whole,2
SB16-133,2016,RS,Senate,2016-03-17,Senate Second Reading Laid Over Daily - No Amendments,3
SB16-133,2016,RS,Senate,2016-03-18,Senate Second Reading Laid Over to 03/22/2016 - No Amendments,4
SB16-133,2016,RS,Senate,2016-03-22,"Senate Second Reading Passed with Amendments - Committee, Floor",5
SB16-133,2016,RS,Senate,2016-03-24,Senate Third Reading Passed - No Amendments,6
SB16-133,2016,RS,House,2016-03-24,Introduced In House - Assigned to Judiciary,7
SB16-133,2016,RS,House,2016-04-05,House Committee on Judiciary Refer Unamended to House Committee of the Whole,8
SB16-133,2016,RS,House,2016-04-07,House Second Reading Passed - No Amendments,9
SB16-133,2016,RS,House,2016-04-08,House Third Reading Passed - No Amendments,10
SB16-133,2016,RS,Senate,2016-04-22,Signed by the President of the Senate,11
SB16-133,2016,RS,House,2016-04-26,Signed by the Speaker of the House,12
SB16-133,2016,RS,Governor,2016-04-26,Sent to the Governor,13
SB16-133,2016,RS,Governor,2016-05-04,Governor Signed,14
SB16-134,2016,RS,Senate,2016-02-18,"Introduced In Senate - Assigned to Business, Labor, & Technology",1
SB16-134,2016,RS,Senate,2016-03-16,"Senate Committee on Business, Labor, & Technology Refer Amended - Consent Calendar to Senate Committee of the Whole",2
SB16-134,2016,RS,Senate,2016-03-21,Senate Second Reading Passed with Amendments - Committee,3
SB16-134,2016,RS,Senate,2016-03-22,Senate Third Reading Passed - No Amendments,4
SB16-134,2016,RS,House,2016-03-22,Introduced In House - Assigned to Business Affairs and Labor,5
SB16-134,2016,RS,House,2016-04-19,House Committee on Business Affairs and Labor Refer Unamended to House Committee of the Whole,6
SB16-134,2016,RS,House,2016-04-22,House Second Reading Special Order - Passed - No Amendments,7
SB16-134,2016,RS,House,2016-04-25,House Third Reading Passed - No Amendments,8
SB16-134,2016,RS,Senate,2016-05-05,Signed by the President of the Senate,9
SB16-134,2016,RS,House,2016-05-10,Signed by the Speaker of the House,10
SB16-134,2016,RS,Governor,2016-05-10,Sent to the Governor,11
SB16-134,2016,RS,Governor,2016-05-27,Governor Signed,12
SB16-135,2016,RS,Senate,2016-02-18,Introduced In Senate - Assigned to Health & Human Services + Finance,1
SB16-135,2016,RS,Senate,2016-02-25,Senate Committee on Health & Human Services Refer Amended to Finance,2
SB16-135,2016,RS,Senate,2016-03-03,Senate Committee on Finance Refer Unamended - Consent Calendar to Senate Committee of the Whole,3
SB16-135,2016,RS,Senate,2016-03-07,Senate Second Reading Passed with Amendments - Committee,4
SB16-135,2016,RS,Senate,2016-03-08,Senate Third Reading Passed - No Amendments,5
SB16-135,2016,RS,House,2016-03-30,"Introduced In House - Assigned to Health, Insurance, & Environment",6
SB16-135,2016,RS,House,2016-05-03,"House Committee on Health, Insurance, & Environment Refer Amended to House Committee of the Whole",7
SB16-135,2016,RS,House,2016-05-03,House Second Reading Special Order - Passed with Amendments - Committee,8
SB16-135,2016,RS,House,2016-05-04,House Third Reading Passed - No Amendments,9
SB16-135,2016,RS,Senate,2016-05-05,Senate Considered House Amendments - Result was to Laid Over Daily,10
SB16-135,2016,RS,Senate,2016-05-06,Senate Considered House Amendments - Result was to Concur - Repass,11
SB16-135,2016,RS,Senate,2016-05-11,Signed by the President of the Senate,12
SB16-135,2016,RS,House,2016-05-12,Signed by the Speaker of the House,13
SB16-135,2016,RS,Governor,2016-05-12,Sent to the Governor,14
SB16-135,2016,RS,Governor,2016-06-06,Governor Signed,15
SB16-136,2016,RS,Senate,2016-03-04,"Introduced In Senate - Assigned to State, Veterans, & Military Affairs",1
SB16-136,2016,RS,Senate,2016-03-16,"Senate Committee on State, Veterans, & Military Affairs Postpone Indefinitely",2
SB16-137,2016,RS,Senate,2016-03-04,"Introduced In Senate - Assigned to Agriculture, Natural Resources, & Energy",1
SB16-137,2016,RS,Senate,2016-03-24,"Senate Committee on Agriculture, Natural Resources, & Energy Refer Unamended - Consent Calendar to Senate Committee of the Whole",2
SB16-137,2016,RS,Senate,2016-03-29,Senate Second Reading Special Order - Passed - No Amendments,3
SB16-137,2016,RS,Senate,2016-03-30,Senate Third Reading Passed - No Amendments,4
SB16-137,2016,RS,House,2016-04-01,"Introduced In House - Assigned to Agriculture, Livestock, & Natural Resources",5
SB16-137,2016,RS,House,2016-04-13,"House Committee on Agriculture, Livestock, & Natural Resources Refer Unamended to House Committee of the Whole",6
SB16-137,2016,RS,House,2016-04-15,House Second Reading Special Order - Passed - No Amendments,7
SB16-137,2016,RS,House,2016-04-18,House Third Reading Passed - No Amendments,8
SB16-137,2016,RS,Senate,2016-04-22,Signed by the President of the Senate,9
SB16-137,2016,RS,House,2016-04-26,Signed by the Speaker of the House,10
SB16-137,2016,RS,Governor,2016-04-26,Sent to the Governor,11
SB16-137,2016,RS,Governor,2016-05-04,Governor Signed,12
SB16-138,2016,RS,Senate,2016-03-04,Introduced In Senate - Assigned to Transportation,1
SB16-138,2016,RS,Senate,2016-03-17,Senate Committee on Transportation Refer Amended to Appropriations,2
SB16-138,2016,RS,Senate,2016-04-29,Senate Committee on Appropriations Refer Amended to Senate Committee of the Whole,3
SB16-138,2016,RS,Senate,2016-04-29,Senate Second Reading Special Order - Laid Over Daily - No Amendments,4
SB16-138,2016,RS,Senate,2016-05-02,Senate Second Reading Passed with Amendments - Committee,5
SB16-138,2016,RS,Senate,2016-05-03,Senate Third Reading Passed with Amendments - Floor,6
SB16-138,2016,RS,House,2016-05-03,Introduced In House - Assigned to Transportation & Energy,7
SB16-138,2016,RS,House,2016-05-05,House Committee on Transportation & Energy Refer Amended to House Committee of the Whole,8
SB16-138,2016,RS,House,2016-05-09,House Second Reading Special Order - Passed with Amendments - Floor,9
SB16-138,2016,RS,House,2016-05-09,"House Second Reading Special Order - Passed with Amendments - Committee, Floor",10
SB16-138,2016,RS,House,2016-05-10,House Third Reading Passed - No Amendments,11
SB16-138,2016,RS,House,2016-05-11,Signed by the Speaker of the House,12
SB16-138,2016,RS,Senate,2016-05-11,Senate Considered House Amendments - Result was to Concur - Repass,13
SB16-138,2016,RS,Senate,2016-05-11,Signed by the President of the Senate,14
SB16-138,2016,RS,Governor,2016-05-12,Sent to the Governor,15
SB16-138,2016,RS,Governor,2016-05-16,Governor Signed,16
SB16-139,2016,RS,Senate,2016-03-04,Introduced In Senate - Assigned to Health & Human Services,1
SB16-139,2016,RS,Senate,2016-03-17,Senate Committee on Health & Human Services Postpone Indefinitely,2
SB16-140,2016,RS,Senate,2016-03-04,Introduced In Senate - Assigned to Transportation,1
SB16-140,2016,RS,Senate,2016-04-21,Senate Committee on Transportation Refer Amended - Consent Calendar to Senate Committee of the Whole,2
SB16-140,2016,RS,Senate,2016-04-25,Senate Second Reading Special Order - Passed with Amendments - Committee,3
SB16-140,2016,RS,Senate,2016-04-26,Senate Third Reading Passed - No Amendments,4
SB16-140,2016,RS,House,2016-04-26,Introduced In House - Assigned to Transportation & Energy,5
SB16-140,2016,RS,House,2016-04-28,House Committee on Transportation & Energy Refer Unamended to House Committee of the Whole,6
SB16-140,2016,RS,House,2016-05-02,House Second Reading Passed - No Amendments,7
SB16-140,2016,RS,House,2016-05-03,House Third Reading Passed - No Amendments,8
SB16-140,2016,RS,Senate,2016-05-06,Signed by the President of the Senate,9
SB16-140,2016,RS,House,2016-05-09,Signed by the Speaker of the House,10
SB16-140,2016,RS,Governor,2016-05-09,Sent to the Governor,11
SB16-140,2016,RS,Governor,2016-06-10,Governor Signed,12
SB16-141,2016,RS,Senate,2016-03-04,"Introduced In Senate - Assigned to Business, Labor, & Technology",1
SB16-141,2016,RS,Senate,2016-03-14,"Senate Committee on Business, Labor, & Technology Postpone Indefinitely",2
SB16-142,2016,RS,Senate,2016-03-04,"Introduced In Senate - Assigned to State, Veterans, & Military Affairs",1
SB16-142,2016,RS,Senate,2016-03-16,"Senate Committee on State, Veterans, & Military Affairs Refer Unamended to Appropriations",2
SB16-142,2016,RS,Senate,2016-04-01,Senate Committee on Appropriations Refer Amended - Consent Calendar to Senate Committee of the Whole,3
SB16-142,2016,RS,Senate,2016-04-05,Senate Second Reading Laid Over Daily - No Amendments,4
SB16-142,2016,RS,Senate,2016-04-06,Senate Second Reading Laid Over to 04/11/2016 - No Amendments,5
SB16-142,2016,RS,Senate,2016-04-12,"Senate Second Reading Laid Over Daily with Amendments - Committee, Floor",6
SB16-142,2016,RS,Senate,2016-04-13,"Senate Second Reading Passed with Amendments - Committee, Floor",7
SB16-142,2016,RS,Senate,2016-04-14,Senate Third Reading Passed - No Amendments,8
SB16-142,2016,RS,House,2016-04-15,"Introduced In House - Assigned to State, Veterans, & Military Affairs",9
SB16-142,2016,RS,House,2016-04-20,"House Committee on State, Veterans, & Military Affairs Refer Unamended to Appropriations",10
SB16-142,2016,RS,House,2016-04-26,House Committee on Appropriations Refer Unamended to House Committee of the Whole,11
SB16-142,2016,RS,House,2016-04-27,House Second Reading Laid Over Daily - No Amendments,12
SB16-142,2016,RS,House,2016-04-28,House Second Reading Special Order - Passed - No Amendments,13
SB16-142,2016,RS,House,2016-04-29,House Third Reading Passed - No Amendments,14
SB16-142,2016,RS,Senate,2016-05-06,Signed by the President of the Senate,15
SB16-142,2016,RS,House,2016-05-09,Signed by the Speaker of the House,16
SB16-142,2016,RS,Governor,2016-05-09,Sent to the Governor,17
SB16-142,2016,RS,Governor,2016-05-18,Governor Signed,18
SB16-143,2016,RS,Senate,2016-03-04,"Introduced In Senate - Assigned to Business, Labor, & Technology",1
SB16-143,2016,RS,Senate,2016-03-14,"Senate Committee on Business, Labor, & Technology Refer Unamended to Finance",2
SB16-143,2016,RS,Senate,2016-03-17,Senate Committee on Finance Refer Unamended to Appropriations,3
SB16-143,2016,RS,Senate,2016-04-29,Senate Committee on Appropriations Refer Unamended to Senate Committee of the Whole,4
SB16-143,2016,RS,Senate,2016-04-29,Senate Second Reading Special Order - Passed - No Amendments,5
SB16-143,2016,RS,Senate,2016-05-02,Senate Third Reading Passed - No Amendments,6
SB16-143,2016,RS,House,2016-05-02,Introduced In House - Assigned to Business Affairs and Labor,7
SB16-143,2016,RS,House,2016-05-03,House Committee on Business Affairs and Labor Refer Unamended to Finance,8
SB16-143,2016,RS,House,2016-05-04,House Committee on Finance Refer Amended to Appropriations,9
SB16-143,2016,RS,House,2016-05-09,House Committee on Appropriations Refer Unamended to House Committee of the Whole,10
SB16-143,2016,RS,House,2016-05-09,House Second Reading Laid Over Daily - No Amendments,11
SB16-143,2016,RS,House,2016-05-10,House Second Reading Special Order - Passed with Amendments - Committee,12
SB16-143,2016,RS,House,2016-05-11,House Third Reading Passed - No Amendments,13
SB16-143,2016,RS,Senate,2016-05-11,Senate Considered House Amendments - Result was to Concur - Repass,14
SB16-143,2016,RS,Senate,2016-05-18,Signed by the President of the Senate,15
SB16-143,2016,RS,House,2016-05-20,Signed by the Speaker of the House,16
SB16-143,2016,RS,Governor,2016-05-20,Sent to the Governor,17
SB16-143,2016,RS,Governor,2016-06-10,Governor Signed,18
SB16-144,2016,RS,Senate,2016-03-04,"Introduced In Senate - Assigned to State, Veterans, & Military Affairs",1
SB16-144,2016,RS,Senate,2016-03-30,"Senate Committee on State, Veterans, & Military Affairs Refer Unamended to Senate Committee of the Whole",2
SB16-144,2016,RS,Senate,2016-04-04,Senate Second Reading Laid Over Daily - No Amendments,3
SB16-144,2016,RS,Senate,2016-04-05,Senate Second Reading Passed - No Amendments,4
SB16-144,2016,RS,Senate,2016-04-06,Senate Third Reading Passed - No Amendments,5
SB16-144,2016,RS,House,2016-04-06,"Introduced In House - Assigned to State, Veterans, & Military Affairs",6
SB16-144,2016,RS,House,2016-04-25,"House Committee on State, Veterans, & Military Affairs Postpone Indefinitely",7
SB16-145,2016,RS,Senate,2016-03-04,"Introduced In Senate - Assigned to Agriculture, Natural Resources, & Energy",1
SB16-145,2016,RS,Senate,2016-03-17,"Senate Committee on Agriculture, Natural Resources, & Energy Refer Amended - Consent Calendar to Senate Committee of the Whole",2
SB16-145,2016,RS,Senate,2016-03-22,Senate Second Reading Passed with Amendments - Committee,3
SB16-145,2016,RS,Senate,2016-03-24,Senate Third Reading Passed - No Amendments,4
SB16-145,2016,RS,House,2016-03-24,"Introduced In House - Assigned to Agriculture, Livestock, & Natural Resources",5
SB16-145,2016,RS,House,2016-04-06,"House Committee on Agriculture, Livestock, & Natural Resources Refer Amended to House Committee of the Whole",6
SB16-145,2016,RS,House,2016-04-11,House Second Reading Passed with Amendments - Committee,7
SB16-145,2016,RS,House,2016-04-12,House Third Reading Laid Over Daily - No Amendments,8
SB16-145,2016,RS,House,2016-04-14,House Third Reading Passed - No Amendments,9
SB16-145,2016,RS,Senate,2016-04-15,Senate Considered House Amendments - Result was to Concur - Repass,10
SB16-145,2016,RS,Senate,2016-04-22,Signed by the President of the Senate,11
SB16-145,2016,RS,Governor,2016-05-12,Sent to the Governor,12
SB16-145,2016,RS,Governor,2016-06-10,Governor Signed,13
SB16-146,2016,RS,Senate,2016-03-04,Introduced In Senate - Assigned to Judiciary,1
SB16-146,2016,RS,Senate,2016-04-26,Senate Committee on Judiciary Refer Amended to Senate Committee of the Whole,2
SB16-146,2016,RS,Senate,2016-04-29,"Senate Second Reading Passed with Amendments - Committee, Floor",3
SB16-146,2016,RS,Senate,2016-05-02,Senate Third Reading Passed - No Amendments,4
SB16-146,2016,RS,House,2016-05-02,Introduced In House - Assigned to Judiciary,5
SB16-146,2016,RS,House,2016-05-03,House Committee on Judiciary Refer Unamended to Public Health Care & Human Services,6
SB16-146,2016,RS,House,2016-05-06,House Committee on Public Health Care & Human Services Refer Amended to House Committee of the Whole,7
SB16-146,2016,RS,House,2016-05-09,House Second Reading Special Order - Passed with Amendments - Committee,8
SB16-146,2016,RS,House,2016-05-10,House Third Reading Passed with Amendments - Floor,9
SB16-146,2016,RS,Senate,2016-05-11,Senate Considered House Amendments - Result was to Concur - Repass,10
SB16-146,2016,RS,Senate,2016-05-18,Signed by the President of the Senate,11
SB16-146,2016,RS,House,2016-05-20,Signed by the Speaker of the House,12
SB16-146,2016,RS,Governor,2016-05-20,Sent to the Governor,13
SB16-146,2016,RS,Governor,2016-06-06,Governor Signed,14
SB16-147,2016,RS,Senate,2016-03-04,Introduced In Senate - Assigned to Health & Human Services,1
SB16-147,2016,RS,Senate,2016-03-10,Senate Committee on Health & Human Services Witness Testimony and/or Committee Discussion Only,2
SB16-147,2016,RS,Senate,2016-03-24,Senate Committee on Health & Human Services Refer Amended to Senate Committee of the Whole,3
SB16-147,2016,RS,Senate,2016-03-30,Senate Second Reading Laid Over Daily - No Amendments,4
SB16-147,2016,RS,Senate,2016-03-31,Senate Second Reading Laid Over to 04/04/2016 - No Amendments,5
SB16-147,2016,RS,Senate,2016-04-04,"Senate Second Reading Passed with Amendments - Committee, Floor",6
SB16-147,2016,RS,Senate,2016-04-05,Senate Third Reading Passed - No Amendments,7
SB16-147,2016,RS,House,2016-04-05,"Introduced In House - Assigned to Health, Insurance, & Environment",8
SB16-147,2016,RS,House,2016-04-28,"House Committee on Health, Insurance, & Environment Refer Unamended to House Committee of the Whole",9
SB16-147,2016,RS,House,2016-05-02,House Second Reading Passed - No Amendments,10
SB16-147,2016,RS,House,2016-05-03,House Third Reading Laid Over Daily - No Amendments,11
SB16-147,2016,RS,House,2016-05-04,House Third Reading Passed - No Amendments,12
SB16-147,2016,RS,Senate,2016-05-06,Signed by the President of the Senate,13
SB16-147,2016,RS,House,2016-05-09,Signed by the Speaker of the House,14
SB16-147,2016,RS,Governor,2016-05-09,Sent to the Governor,15
SB16-147,2016,RS,Governor,2016-06-10,Governor Signed,16
SB16-148,2016,RS,Senate,2016-03-04,Introduced In Senate - Assigned to Education,1
SB16-148,2016,RS,Senate,2016-03-31,Senate Committee on Education Refer Amended to Senate Committee of the Whole,2
SB16-148,2016,RS,Senate,2016-04-05,Senate Second Reading Passed with Amendments - Committee,3
SB16-148,2016,RS,Senate,2016-04-06,Senate Third Reading Lost - No Amendments,4
SB16-149,2016,RS,Senate,2016-03-04,"Introduced In Senate - Assigned to State, Veterans, & Military Affairs",1
SB16-149,2016,RS,Senate,2016-03-16,"Senate Committee on State, Veterans, & Military Affairs Refer Unamended to Senate Committee of the Whole",2
SB16-149,2016,RS,Senate,2016-03-21,Senate Second Reading Laid Over Daily - No Amendments,3
SB16-149,2016,RS,Senate,2016-03-22,Senate Second Reading Lost - No Amendments,4
SB16-150,2016,RS,Senate,2016-03-04,Introduced In Senate - Assigned to Judiciary,1
SB16-150,2016,RS,Senate,2016-03-28,Senate Committee on Judiciary Refer Amended to Senate Committee of the Whole,2
SB16-150,2016,RS,Senate,2016-03-31,Senate Second Reading Laid Over to 04/04/2016 - No Amendments,3
SB16-150,2016,RS,Senate,2016-04-04,Senate Second Reading Laid Over Daily - No Amendments,4
SB16-150,2016,RS,Senate,2016-04-05,Senate Second Reading Laid Over to 04/11/2016 - No Amendments,5
SB16-150,2016,RS,Senate,2016-04-13,Senate Second Reading Laid Over to 04/20/2016 - No Amendments,6
SB16-150,2016,RS,Senate,2016-04-20,Senate Second Reading Laid Over to 04/25/2016 - No Amendments,7
SB16-150,2016,RS,Senate,2016-04-25,Senate Second Reading Laid Over to 04/27/2016 - No Amendments,8
SB16-150,2016,RS,Senate,2016-04-28,"Senate Second Reading Passed with Amendments - Committee, Floor",9
SB16-150,2016,RS,Senate,2016-04-29,Senate Third Reading Passed - No Amendments,10
SB16-150,2016,RS,House,2016-05-02,Introduced In House - Assigned to Judiciary,11
SB16-150,2016,RS,House,2016-05-03,House Committee on Judiciary Refer Unamended to Public Health Care & Human Services,12
SB16-150,2016,RS,House,2016-05-06,House Committee on Public Health Care & Human Services Refer Unamended to House Committee of the Whole,13
SB16-150,2016,RS,House,2016-05-09,House Second Reading Special Order - Passed - No Amendments,14
SB16-150,2016,RS,House,2016-05-10,House Third Reading Passed - No Amendments,15
SB16-150,2016,RS,House,2016-05-11,Signed by the Speaker of the House,16
SB16-150,2016,RS,Senate,2016-05-11,Signed by the President of the Senate,17
SB16-150,2016,RS,Governor,2016-05-12,Sent to the Governor,18
SB16-150,2016,RS,Governor,2016-06-08,Governor Signed,19
SB16-151,2016,RS,Senate,2016-03-08,"Introduced In Senate - Assigned to Agriculture, Natural Resources, & Energy",1
SB16-151,2016,RS,Senate,2016-03-17,"Senate Committee on Agriculture, Natural Resources, & Energy Refer Amended to Senate Committee of the Whole",2
SB16-151,2016,RS,Senate,2016-03-22,Senate Second Reading Passed with Amendments - Committee,3
SB16-151,2016,RS,Senate,2016-03-24,Senate Third Reading Passed - No Amendments,4
SB16-151,2016,RS,House,2016-04-19,"Introduced In House - Assigned to State, Veterans, & Military Affairs",5
SB16-151,2016,RS,House,2016-05-02,"House Committee on State, Veterans, & Military Affairs Postpone Indefinitely",6
SB16-152,2016,RS,Senate,2016-03-08,"Introduced In Senate - Assigned to State, Veterans, & Military Affairs",1
SB16-152,2016,RS,Senate,2016-03-16,"Senate Committee on State, Veterans, & Military Affairs Postpone Indefinitely",2
SB16-153,2016,RS,Senate,2016-03-11,Introduced In Senate - Assigned to Judiciary,1
SB16-153,2016,RS,Senate,2016-03-28,Senate Committee on Judiciary Refer Unamended - Consent Calendar to Senate Committee of the Whole,2
SB16-153,2016,RS,Senate,2016-03-30,Senate Second Reading Special Order - Passed - No Amendments,3
SB16-153,2016,RS,Senate,2016-03-31,Senate Third Reading Passed - No Amendments,4
SB16-153,2016,RS,House,2016-04-01,Introduced In House - Assigned to Judiciary,5
SB16-153,2016,RS,House,2016-04-14,House Committee on Judiciary Refer Unamended to House Committee of the Whole,6
SB16-153,2016,RS,House,2016-04-18,House Second Reading Passed - No Amendments,7
SB16-153,2016,RS,House,2016-04-19,House Third Reading Passed - No Amendments,8
SB16-153,2016,RS,Senate,2016-04-27,Signed by the President of the Senate,9
SB16-153,2016,RS,House,2016-05-02,Signed by the Speaker of the House,10
SB16-153,2016,RS,Governor,2016-05-12,Sent to the Governor,11
SB16-153,2016,RS,Governor,2016-05-27,Governor Signed,12
SB16-154,2016,RS,Senate,2016-03-11,Introduced In Senate - Assigned to Education,1
SB16-154,2016,RS,Senate,2016-03-24,Senate Committee on Education Refer Unamended to Finance,2
SB16-154,2016,RS,Senate,2016-03-31,Senate Committee on Finance Refer Unamended to Appropriations,3
SB16-154,2016,RS,Senate,2016-04-15,Senate Committee on Appropriations Refer Unamended to Senate Committee of the Whole,4
SB16-154,2016,RS,Senate,2016-04-20,Senate Second Reading Laid Over Daily - No Amendments,5
SB16-154,2016,RS,Senate,2016-04-25,Senate Second Reading Passed - No Amendments,6
SB16-154,2016,RS,Senate,2016-04-26,Senate Third Reading Passed - No Amendments,7
SB16-154,2016,RS,House,2016-04-26,Introduced In House - Assigned to Education + Finance + Appropriations,8
SB16-154,2016,RS,House,2016-05-02,House Committee on Education Postpone Indefinitely,9
SB16-155,2016,RS,Senate,2016-03-14,Introduced In Senate - Assigned to Finance,1
SB16-155,2016,RS,Senate,2016-03-31,Senate Committee on Finance Refer Unamended to Appropriations,2
SB16-155,2016,RS,Senate,2016-04-15,Senate Committee on Appropriations Refer Unamended - Consent Calendar to Senate Committee of the Whole,3
SB16-155,2016,RS,Senate,2016-04-20,Senate Second Reading Passed - No Amendments,4
SB16-155,2016,RS,Senate,2016-04-21,Senate Third Reading Passed - No Amendments,5
SB16-155,2016,RS,House,2016-04-21,Introduced In House - Assigned to Finance,6
SB16-155,2016,RS,House,2016-05-05,House Committee on Finance Refer Unamended to House Committee of the Whole,7
SB16-155,2016,RS,House,2016-05-05,House Second Reading Laid Over Daily - No Amendments,8
SB16-155,2016,RS,House,2016-05-08,House Second Reading Referred to Appropriations - No Amendments,9
SB16-155,2016,RS,House,2016-05-09,House Committee on Appropriations Postpone Indefinitely,10
SB16-156,2016,RS,Senate,2016-03-14,"Introduced In Senate - Assigned to State, Veterans, & Military Affairs",1
SB16-156,2016,RS,Senate,2016-04-11,"Senate Committee on State, Veterans, & Military Affairs Refer Amended - Consent Calendar to Senate Committee of the Whole",2
SB16-156,2016,RS,Senate,2016-04-14,Senate Second Reading Passed with Amendments - Committee,3
SB16-156,2016,RS,Senate,2016-04-15,Senate Third Reading Passed - No Amendments,4
SB16-156,2016,RS,House,2016-04-18,"Introduced In House - Assigned to State, Veterans, & Military Affairs",5
SB16-156,2016,RS,House,2016-04-27,"House Committee on State, Veterans, & Military Affairs Refer Unamended to Legislative Council",6
SB16-156,2016,RS,House,2016-04-29,House Committee on Legislative Council Refer Unamended to House Committee of the Whole,7
SB16-156,2016,RS,House,2016-05-02,House Second Reading Passed - No Amendments,8
SB16-156,2016,RS,House,2016-05-03,House Third Reading Passed - No Amendments,9
SB16-156,2016,RS,Senate,2016-05-06,Signed by the President of the Senate,10
SB16-156,2016,RS,House,2016-05-09,Signed by the Speaker of the House,11
SB16-156,2016,RS,Governor,2016-05-09,Sent to the Governor,12
SB16-156,2016,RS,Governor,2016-06-10,Governor Signed,13
SB16-157,2016,RS,Senate,2016-03-15,"Introduced In Senate - Assigned to Agriculture, Natural Resources, & Energy",1
SB16-157,2016,RS,Senate,2016-03-17,"Senate Committee on Agriculture, Natural Resources, & Energy Refer Unamended to Senate Committee of the Whole",2
SB16-157,2016,RS,Senate,2016-03-22,Senate Second Reading Laid Over Daily - No Amendments,3
SB16-157,2016,RS,Senate,2016-03-28,Senate Second Reading Special Order - Passed - No Amendments,4
SB16-157,2016,RS,Senate,2016-03-29,Senate Third Reading Passed - No Amendments,5
SB16-157,2016,RS,House,2016-03-30,Introduced In House - Assigned to Transportation & Energy,6
SB16-157,2016,RS,House,2016-04-27,House Committee on Transportation & Energy Postpone Indefinitely,7
SB16-158,2016,RS,Senate,2016-03-15,Introduced In Senate - Assigned to Health & Human Services,1
SB16-158,2016,RS,Senate,2016-03-30,Senate Committee on Health & Human Services Refer Amended to Senate Committee of the Whole,2
SB16-158,2016,RS,Senate,2016-04-04,Senate Second Reading Laid Over Daily - No Amendments,3
SB16-158,2016,RS,Senate,2016-04-05,"Senate Second Reading Passed with Amendments - Committee, Floor",4
SB16-158,2016,RS,Senate,2016-04-06,Senate Third Reading Passed - No Amendments,5
SB16-158,2016,RS,House,2016-04-07,Introduced In House - Assigned to Public Health Care & Human Services,6
SB16-158,2016,RS,House,2016-04-19,House Committee on Public Health Care & Human Services Refer Amended to House Committee of the Whole,7
SB16-158,2016,RS,House,2016-04-22,House Second Reading Special Order - Passed with Amendments - Committee,8
SB16-158,2016,RS,House,2016-04-25,House Third Reading Passed - No Amendments,9
SB16-158,2016,RS,Senate,2016-04-26,Senate Considered House Amendments - Result was to Concur - Repass,10
SB16-158,2016,RS,Senate,2016-04-29,Signed by the President of the Senate,11
SB16-158,2016,RS,House,2016-05-02,Signed by the Speaker of the House,12
SB16-158,2016,RS,Governor,2016-05-12,Sent to the Governor,13
SB16-158,2016,RS,Governor,2016-06-01,Governor Signed,14
SB16-159,2016,RS,Senate,2016-03-16,"Introduced In Senate - Assigned to Business, Labor, & Technology",1
SB16-159,2016,RS,Senate,2016-03-30,"Senate Committee on Business, Labor, & Technology Postpone Indefinitely",2
SB16-160,2016,RS,Senate,2016-03-16,"Introduced In Senate - Assigned to State, Veterans, & Military Affairs",1
SB16-160,2016,RS,Senate,2016-03-28,"Senate Committee on State, Veterans, & Military Affairs Refer Unamended to Senate Committee of the Whole",2
SB16-160,2016,RS,Senate,2016-03-30,Senate Second Reading Special Order - Passed - No Amendments,3
SB16-160,2016,RS,Senate,2016-03-31,Senate Third Reading Passed - No Amendments,4
SB16-160,2016,RS,House,2016-04-01,"Introduced In House - Assigned to State, Veterans, & Military Affairs",5
SB16-160,2016,RS,House,2016-04-18,"House Committee on State, Veterans, & Military Affairs Postpone Indefinitely",6
SB16-161,2016,RS,Senate,2016-03-16,"Introduced In Senate - Assigned to Business, Labor, & Technology",1
SB16-161,2016,RS,Senate,2016-03-30,"Senate Committee on Business, Labor, & Technology Refer Unamended to Finance",2
SB16-161,2016,RS,Senate,2016-04-26,Senate Committee on Finance Refer Amended to Appropriations,3
SB16-161,2016,RS,Senate,2016-04-29,Senate Committee on Appropriations Refer Amended to Senate Committee of the Whole,4
SB16-161,2016,RS,Senate,2016-05-02,Senate Second Reading Special Order - Passed with Amendments - Committee,5
SB16-161,2016,RS,Senate,2016-05-03,Senate Third Reading Passed - No Amendments,6
SB16-161,2016,RS,House,2016-05-03,"Introduced In House - Assigned to Health, Insurance, & Environment",7
SB16-161,2016,RS,House,2016-05-05,"House Committee on Health, Insurance, & Environment Refer Unamended to Finance",8
SB16-161,2016,RS,House,2016-05-06,House Committee on Finance Refer Unamended to Appropriations,9
SB16-161,2016,RS,House,2016-05-09,House Committee on Appropriations Refer Unamended to House Committee of the Whole,10
SB16-161,2016,RS,House,2016-05-09,House Second Reading Special Order - Passed - No Amendments,11
SB16-161,2016,RS,House,2016-05-10,House Third Reading Passed - No Amendments,12
SB16-161,2016,RS,Senate,2016-05-18,Signed by the President of the Senate,13
SB16-161,2016,RS,House,2016-05-20,Signed by the Speaker of the House,14
SB16-161,2016,RS,Governor,2016-05-20,Sent to the Governor,15
SB16-161,2016,RS,Governor,2016-06-08,Governor Signed,16
SB16-162,2016,RS,Senate,2016-03-16,Introduced In Senate - Assigned to Health & Human Services,1
SB16-162,2016,RS,Senate,2016-04-13,Senate Committee on Health & Human Services Refer Amended to Senate Committee of the Whole,2
SB16-162,2016,RS,Senate,2016-04-18,Senate Second Reading Laid Over Daily - No Amendments,3
SB16-162,2016,RS,Senate,2016-04-25,Senate Second Reading Passed with Amendments - Committee,4
SB16-162,2016,RS,Senate,2016-04-26,Senate Third Reading Passed - No Amendments,5
SB16-162,2016,RS,House,2016-05-02,"Introduced In House - Assigned to State, Veterans, & Military Affairs",6
SB16-162,2016,RS,House,2016-05-04,"House Committee on State, Veterans, & Military Affairs Postpone Indefinitely",7
SB16-163,2016,RS,Senate,2016-03-16,"Introduced In Senate - Assigned to State, Veterans, & Military Affairs",1
SB16-163,2016,RS,Senate,2016-03-28,"Senate Committee on State, Veterans, & Military Affairs Refer Unamended to Appropriations",2
SB16-163,2016,RS,Senate,2016-04-22,Senate Committee on Appropriations Refer Amended to Legislative Council,3
SB16-163,2016,RS,Senate,2016-04-29,Senate Committee on Legislative Council Refer Unamended to Senate Committee of the Whole,4
SB16-163,2016,RS,Senate,2016-04-29,Senate Second Reading Special Order - Passed with Amendments - Committee,5
SB16-163,2016,RS,Senate,2016-05-02,Senate Third Reading Passed - No Amendments,6
SB16-163,2016,RS,House,2016-05-02,Introduced In House - Assigned to Judiciary,7
SB16-163,2016,RS,House,2016-05-05,House Committee on Judiciary Refer Unamended to Appropriations,8
SB16-163,2016,RS,House,2016-05-09,House Committee on Appropriations Refer Unamended to House Committee of the Whole,9
SB16-163,2016,RS,House,2016-05-09,House Second Reading Special Order - Passed - No Amendments,10
SB16-163,2016,RS,House,2016-05-10,House Third Reading Passed - No Amendments,11
SB16-163,2016,RS,Senate,2016-05-18,Signed by the President of the Senate,12
SB16-163,2016,RS,House,2016-05-20,Signed by the Speaker of the House,13
SB16-163,2016,RS,Governor,2016-05-20,Sent to the Governor,14
SB16-163,2016,RS,Governor,2016-06-10,Governor Signed,15
SB16-164,2016,RS,Senate,2016-03-17,Introduced In Senate - Assigned to Judiciary,1
SB16-164,2016,RS,Senate,2016-03-30,Senate Committee on Judiciary Refer Unamended to Senate Committee of the Whole,2
SB16-164,2016,RS,Senate,2016-04-04,Senate Second Reading Laid Over Daily - No Amendments,3
SB16-164,2016,RS,Senate,2016-04-05,Senate Second Reading Passed - No Amendments,4
SB16-164,2016,RS,Senate,2016-04-06,Senate Third Reading Passed - No Amendments,5
SB16-164,2016,RS,House,2016-04-06,Introduced In House - Assigned to Judiciary,6
SB16-164,2016,RS,House,2016-04-26,House Committee on Judiciary Refer Unamended to House Committee of the Whole,7
SB16-164,2016,RS,House,2016-04-28,House Second Reading Special Order - Passed - No Amendments,8
SB16-164,2016,RS,House,2016-04-29,House Third Reading Passed - No Amendments,9
SB16-164,2016,RS,Senate,2016-05-06,Signed by the President of the Senate,10
SB16-164,2016,RS,House,2016-05-09,Signed by the Speaker of the House,11
SB16-164,2016,RS,Governor,2016-05-09,Sent to the Governor,12
SB16-164,2016,RS,Governor,2016-06-10,Governor Signed,13
SB16-165,2016,RS,Senate,2016-03-17,Introduced In Senate - Assigned to Finance + Appropriations,1
SB16-165,2016,RS,Senate,2016-03-29,Senate Committee on Finance Refer Unamended - Consent Calendar to Senate Committee of the Whole,2
SB16-165,2016,RS,Senate,2016-03-31,Senate Second Reading Special Order - Re-referred to Appropriations - No Amendments,3
SB16-165,2016,RS,Senate,2016-04-01,Senate Committee on Appropriations Refer Unamended - Consent Calendar to Senate Committee of the Whole,4
SB16-165,2016,RS,Senate,2016-04-05,Senate Second Reading Passed - No Amendments,5
SB16-165,2016,RS,Senate,2016-04-06,Senate Third Reading Passed - No Amendments,6
SB16-165,2016,RS,House,2016-04-06,Introduced In House - Assigned to Finance,7
SB16-165,2016,RS,House,2016-04-27,House Committee on Finance Refer Unamended to House Committee of the Whole,8
SB16-165,2016,RS,House,2016-04-28,House Second Reading Special Order - Passed - No Amendments,9
SB16-165,2016,RS,House,2016-04-29,House Third Reading Passed - No Amendments,10
SB16-165,2016,RS,Senate,2016-05-06,Signed by the President of the Senate,11
SB16-165,2016,RS,House,2016-05-09,Signed by the Speaker of the House,12
SB16-165,2016,RS,Governor,2016-05-09,Sent to the Governor,13
SB16-165,2016,RS,Governor,2016-06-10,Governor Signed,14
SB16-166,2016,RS,Senate,2016-03-21,Introduced In Senate - Assigned to Finance,1
SB16-166,2016,RS,Senate,2016-03-29,Senate Committee on Finance Refer Amended - Consent Calendar to Senate Committee of the Whole,2
SB16-166,2016,RS,Senate,2016-03-31,Senate Second Reading Special Order - Passed with Amendments - Committee,3
SB16-166,2016,RS,Senate,2016-04-01,Senate Third Reading Passed - No Amendments,4
SB16-166,2016,RS,House,2016-04-04,Introduced In House - Assigned to Transportation & Energy,5
SB16-166,2016,RS,House,2016-04-20,House Committee on Transportation & Energy Refer Unamended to House Committee of the Whole,6
SB16-166,2016,RS,House,2016-04-22,House Second Reading Special Order - Passed - No Amendments,7
SB16-166,2016,RS,House,2016-04-25,House Third Reading Passed - No Amendments,8
SB16-166,2016,RS,Senate,2016-04-29,Signed by the President of the Senate,9
SB16-166,2016,RS,House,2016-05-02,Signed by the Speaker of the House,10
SB16-166,2016,RS,Governor,2016-05-12,Sent to the Governor,11
SB16-166,2016,RS,Governor,2016-06-10,Governor Signed,12
SB16-167,2016,RS,Senate,2016-03-21,Introduced In Senate - Assigned to Appropriations,1
SB16-167,2016,RS,Senate,2016-04-01,Senate Committee on Appropriations Refer Unamended to Senate Committee of the Whole,2
SB16-167,2016,RS,Senate,2016-04-05,Senate Second Reading Passed - No Amendments,3
SB16-167,2016,RS,Senate,2016-04-06,Senate Third Reading Passed - No Amendments,4
SB16-167,2016,RS,House,2016-04-06,Introduced In House - Assigned to Appropriations,5
SB16-167,2016,RS,House,2016-04-15,House Committee on Appropriations Refer Unamended to House Committee of the Whole,6
SB16-167,2016,RS,House,2016-04-15,House Second Reading Special Order - Passed - No Amendments,7
SB16-167,2016,RS,House,2016-04-18,House Third Reading Passed - No Amendments,8
SB16-167,2016,RS,Senate,2016-04-27,Signed by the President of the Senate,9
SB16-167,2016,RS,House,2016-05-02,Signed by the Speaker of the House,10
SB16-167,2016,RS,Governor,2016-05-12,Sent to the Governor,11
SB16-167,2016,RS,Governor,2016-06-10,Governor Signed,12
SB16-168,2016,RS,Senate,2016-03-21,Introduced In Senate - Assigned to Local Government,1
SB16-168,2016,RS,Senate,2016-03-29,Senate Committee on Local Government Refer Amended - Consent Calendar to Senate Committee of the Whole,2
SB16-168,2016,RS,Senate,2016-03-31,Senate Second Reading Special Order - Passed with Amendments - Committee,3
SB16-168,2016,RS,Senate,2016-04-01,Senate Third Reading Passed - No Amendments,4
SB16-168,2016,RS,House,2016-04-04,Introduced In House - Assigned to Local Government,5
SB16-168,2016,RS,House,2016-04-13,House Committee on Local Government Refer Unamended to House Committee of the Whole,6
SB16-168,2016,RS,House,2016-04-15,House Second Reading Special Order - Passed - No Amendments,7
SB16-168,2016,RS,House,2016-04-18,House Third Reading Passed - No Amendments,8
SB16-168,2016,RS,Senate,2016-05-05,Signed by the President of the Senate,9
SB16-168,2016,RS,House,2016-05-10,Signed by the Speaker of the House,10
SB16-168,2016,RS,Governor,2016-05-10,Sent to the Governor,11
SB16-168,2016,RS,Governor,2016-05-16,Governor Signed,12
SB16-169,2016,RS,Senate,2016-03-21,Introduced In Senate - Assigned to Judiciary,1
SB16-169,2016,RS,Senate,2016-03-30,Senate Committee on Judiciary Refer Amended to Senate Committee of the Whole,2
SB16-169,2016,RS,Senate,2016-04-04,Senate Second Reading Laid Over Daily - No Amendments,3
SB16-169,2016,RS,Senate,2016-04-06,Senate Second Reading Laid Over to 04/11/2016 - No Amendments,4
SB16-169,2016,RS,Senate,2016-04-11,Senate Second Reading Laid Over Daily with Amendments - Committee,5
SB16-169,2016,RS,Senate,2016-04-13,"Senate Second Reading Laid Over Daily with Amendments - Committee, Floor",6
SB16-169,2016,RS,Senate,2016-04-18,"Senate Second Reading Passed with Amendments - Committee, Floor",7
SB16-169,2016,RS,Senate,2016-04-19,Senate Third Reading Passed - No Amendments,8
SB16-169,2016,RS,House,2016-04-19,Introduced In House - Assigned to Judiciary,9
SB16-169,2016,RS,House,2016-04-28,House Committee on Judiciary Witness Testimony and/or Committee Discussion Only,10
SB16-169,2016,RS,House,2016-05-03,House Committee on Judiciary Refer Amended to House Committee of the Whole,11
SB16-169,2016,RS,House,2016-05-05,House Second Reading Laid Over Daily - No Amendments,12
SB16-169,2016,RS,House,2016-05-09,"House Second Reading Special Order - Passed with Amendments - Committee, Floor",13
SB16-169,2016,RS,House,2016-05-10,House Third Reading Passed - No Amendments,14
SB16-169,2016,RS,Senate,2016-05-11,Senate Considered House Amendments - Result was to Concur - Repass,15
SB16-169,2016,RS,House,2016-05-12,Signed by the Speaker of the House,16
SB16-169,2016,RS,Senate,2016-05-13,Signed by the President of the Senate,17
SB16-169,2016,RS,Governor,2016-05-13,Sent to the Governor,18
SB16-169,2016,RS,Governor,2016-06-09,Governor Vetoed,19
SB16-170,2016,RS,Senate,2016-03-21,Introduced In Senate - Assigned to Health & Human Services,1
SB16-170,2016,RS,Senate,2016-04-13,Senate Committee on Health & Human Services Refer Amended to Appropriations,2
SB16-170,2016,RS,Senate,2016-04-22,Senate Committee on Appropriations Refer Unamended to Senate Committee of the Whole,3
SB16-170,2016,RS,Senate,2016-04-25,Senate Second Reading Special Order - Passed with Amendments - Committee,4
SB16-170,2016,RS,Senate,2016-04-26,Senate Third Reading Laid Over Daily - No Amendments,5
SB16-170,2016,RS,Senate,2016-04-27,Senate Third Reading Passed - No Amendments,6
SB16-170,2016,RS,House,2016-05-02,"Introduced In House - Assigned to Health, Insurance, & Environment",7
SB16-170,2016,RS,House,2016-05-05,"House Committee on Health, Insurance, & Environment Postpone Indefinitely",8
SB16-171,2016,RS,Senate,2016-03-22,Introduced In Senate - Assigned to Local Government,1
SB16-171,2016,RS,Senate,2016-03-29,Senate Committee on Local Government Refer Unamended - Consent Calendar to Senate Committee of the Whole,2
SB16-171,2016,RS,Senate,2016-03-31,Senate Second Reading Special Order - Passed - No Amendments,3
SB16-171,2016,RS,Senate,2016-04-01,Senate Third Reading Passed - No Amendments,4
SB16-171,2016,RS,House,2016-04-04,Introduced In House - Assigned to Transportation & Energy,5
SB16-171,2016,RS,House,2016-04-20,House Committee on Transportation & Energy Refer Unamended to House Committee of the Whole,6
SB16-171,2016,RS,House,2016-04-22,House Second Reading Special Order - Passed - No Amendments,7
SB16-171,2016,RS,House,2016-04-25,House Third Reading Passed - No Amendments,8
SB16-171,2016,RS,Senate,2016-04-29,Signed by the President of the Senate,9
SB16-171,2016,RS,House,2016-05-02,Signed by the Speaker of the House,10
SB16-171,2016,RS,Governor,2016-05-12,Sent to the Governor,11
SB16-171,2016,RS,Governor,2016-06-06,Governor Signed,12
SB16-172,2016,RS,Senate,2016-03-24,Introduced In Senate - Assigned to Local Government,1
SB16-172,2016,RS,Senate,2016-04-12,Senate Committee on Local Government Refer Amended - Consent Calendar to Senate Committee of the Whole,2
SB16-172,2016,RS,Senate,2016-04-14,Senate Second Reading Passed with Amendments - Committee,3
SB16-172,2016,RS,Senate,2016-04-15,Senate Third Reading Passed - No Amendments,4
SB16-172,2016,RS,House,2016-04-18,Introduced In House - Assigned to Local Government,5
SB16-172,2016,RS,House,2016-04-20,House Committee on Local Government Refer Unamended to House Committee of the Whole,6
SB16-172,2016,RS,House,2016-04-22,House Second Reading Special Order - Passed - No Amendments,7
SB16-172,2016,RS,House,2016-04-25,House Third Reading Passed - No Amendments,8
SB16-172,2016,RS,Senate,2016-04-29,Signed by the President of the Senate,9
SB16-172,2016,RS,House,2016-05-02,Signed by the Speaker of the House,10
SB16-172,2016,RS,Governor,2016-05-12,Sent to the Governor,11
SB16-172,2016,RS,Governor,2016-06-10,Governor Signed,12
SB16-173,2016,RS,Senate,2016-03-24,Introduced In Senate - Assigned to Transportation,1
SB16-173,2016,RS,Senate,2016-04-12,Senate Committee on Transportation Refer Unamended - Consent Calendar to Senate Committee of the Whole,2
SB16-173,2016,RS,Senate,2016-04-18,Senate Second Reading Passed - No Amendments,3
SB16-173,2016,RS,Senate,2016-04-19,Senate Third Reading Passed - No Amendments,4
SB16-173,2016,RS,House,2016-04-19,Introduced In House - Assigned to Transportation & Energy,5
SB16-173,2016,RS,House,2016-04-28,House Committee on Transportation & Energy Refer Unamended to House Committee of the Whole,6
SB16-173,2016,RS,House,2016-05-02,House Second Reading Passed - No Amendments,7
SB16-173,2016,RS,House,2016-05-03,House Third Reading Passed - No Amendments,8
SB16-173,2016,RS,Senate,2016-05-06,Signed by the President of the Senate,9
SB16-173,2016,RS,House,2016-05-09,Signed by the Speaker of the House,10
SB16-173,2016,RS,Governor,2016-05-10,Sent to the Governor,11
SB16-173,2016,RS,Governor,2016-06-10,Governor Signed,12
SB16-174,2016,RS,Senate,2016-03-28,"Introduced In Senate - Assigned to Agriculture, Natural Resources, & Energy",1
SB16-174,2016,RS,Senate,2016-03-31,"Senate Committee on Agriculture, Natural Resources, & Energy Refer Amended to Appropriations",2
SB16-174,2016,RS,Senate,2016-04-15,Senate Committee on Appropriations Refer Unamended - Consent Calendar to Senate Committee of the Whole,3
SB16-174,2016,RS,Senate,2016-04-20,Senate Second Reading Passed with Amendments - Committee,4
SB16-174,2016,RS,Senate,2016-04-21,Senate Third Reading Laid Over Daily - No Amendments,5
SB16-174,2016,RS,Senate,2016-04-26,Senate Third Reading Passed - No Amendments,6
SB16-174,2016,RS,House,2016-04-26,"Introduced In House - Assigned to Agriculture, Livestock, & Natural Resources",7
SB16-174,2016,RS,House,2016-05-02,"House Committee on Agriculture, Livestock, & Natural Resources Refer Amended to Appropriations",8
SB16-174,2016,RS,House,2016-05-05,House Committee on Appropriations Refer Unamended to House Committee of the Whole,9
SB16-174,2016,RS,House,2016-05-05,House Second Reading Laid Over Daily - No Amendments,10
SB16-174,2016,RS,House,2016-05-08,House Second Reading Passed with Amendments - Committee,11
SB16-174,2016,RS,House,2016-05-10,House Third Reading Passed - No Amendments,12
SB16-174,2016,RS,House,2016-05-11,Signed by the Speaker of the House,13
SB16-174,2016,RS,Senate,2016-05-11,Senate Considered House Amendments - Result was to Concur - Repass,14
SB16-174,2016,RS,Senate,2016-05-11,Signed by the President of the Senate,15
SB16-174,2016,RS,Governor,2016-05-12,Sent to the Governor,16
SB16-174,2016,RS,Governor,2016-05-16,Governor Signed,17
SB16-175,2016,RS,Senate,2016-03-28,Introduced In Senate - Assigned to Finance + Appropriations,1
SB16-175,2016,RS,Senate,2016-04-14,Senate Committee on Finance Postpone Indefinitely,2
SB16-176,2016,RS,Senate,2016-03-29,"Introduced In Senate - Assigned to State, Veterans, & Military Affairs",1
SB16-176,2016,RS,Senate,2016-04-13,"Senate Committee on State, Veterans, & Military Affairs Refer Unamended to Senate Committee of the Whole",2
SB16-176,2016,RS,Senate,2016-04-18,Senate Second Reading Passed - No Amendments,3
SB16-176,2016,RS,Senate,2016-04-19,Senate Third Reading Passed - No Amendments,4
SB16-176,2016,RS,House,2016-04-19,"Introduced In House - Assigned to State, Veterans, & Military Affairs",5
SB16-176,2016,RS,House,2016-04-25,"House Committee on State, Veterans, & Military Affairs Postpone Indefinitely",6
SB16-177,2016,RS,Senate,2016-03-30,Introduced In Senate - Assigned to Local Government,1
SB16-177,2016,RS,Senate,2016-04-12,Senate Committee on Local Government Refer Unamended - Consent Calendar to Senate Committee of the Whole,2
SB16-177,2016,RS,Senate,2016-04-14,Senate Second Reading Passed - No Amendments,3
SB16-177,2016,RS,Senate,2016-04-15,Senate Third Reading Passed - No Amendments,4
SB16-177,2016,RS,House,2016-04-18,"Introduced In House - Assigned to State, Veterans, & Military Affairs",5
SB16-177,2016,RS,House,2016-04-27,"House Committee on State, Veterans, & Military Affairs Refer Amended to House Committee of the Whole",6
SB16-177,2016,RS,House,2016-04-28,House Second Reading Special Order - Passed with Amendments - Committee,7
SB16-177,2016,RS,House,2016-04-29,House Third Reading Passed - No Amendments,8
SB16-177,2016,RS,Senate,2016-05-02,Senate Considered House Amendments - Result was to Concur - Repass,9
SB16-177,2016,RS,Senate,2016-05-06,Signed by the President of the Senate,10
SB16-177,2016,RS,House,2016-05-09,Signed by the Speaker of the House,11
SB16-177,2016,RS,Governor,2016-05-09,Sent to the Governor,12
SB16-177,2016,RS,Governor,2016-05-18,Governor Signed,13
SB16-178,2016,RS,Senate,2016-03-30,Introduced In Senate - Assigned to Appropriations,1
SB16-178,2016,RS,Senate,2016-04-15,Senate Committee on Appropriations Refer Amended to Senate Committee of the Whole,2
SB16-178,2016,RS,Senate,2016-04-20,Senate Second Reading Laid Over Daily - No Amendments,3
SB16-178,2016,RS,Senate,2016-04-22,Senate Second Reading Passed with Amendments - Committee,4
SB16-178,2016,RS,Senate,2016-04-25,Senate Third Reading Passed - No Amendments,5
SB16-178,2016,RS,House,2016-04-26,Introduced In House - Assigned to Appropriations,6
SB16-178,2016,RS,House,2016-05-03,House Committee on Appropriations Refer Unamended to House Committee of the Whole,7
SB16-178,2016,RS,House,2016-05-03,House Second Reading Special Order - Passed - No Amendments,8
SB16-178,2016,RS,House,2016-05-04,House Third Reading Passed - No Amendments,9
SB16-178,2016,RS,Senate,2016-05-18,Signed by the President of the Senate,10
SB16-178,2016,RS,House,2016-05-20,Signed by the Speaker of the House,11
SB16-178,2016,RS,Governor,2016-05-20,Sent to the Governor,12
SB16-178,2016,RS,Governor,2016-06-10,Governor Signed,13
SB16-179,2016,RS,Senate,2016-04-01,"Introduced In Senate - Assigned to Business, Labor, & Technology",1
SB16-179,2016,RS,Senate,2016-04-13,"Senate Committee on Business, Labor, & Technology Refer Unamended to Appropriations",2
SB16-179,2016,RS,Senate,2016-04-27,Senate Committee on Appropriations Refer Amended - Consent Calendar to Senate Committee of the Whole,3
SB16-179,2016,RS,Senate,2016-04-28,Senate Second Reading Special Order - Passed with Amendments - Committee,4
SB16-179,2016,RS,Senate,2016-04-29,Senate Third Reading Passed - No Amendments,5
SB16-179,2016,RS,House,2016-05-02,Introduced In House - Assigned to Business Affairs and Labor + Appropriations,6
SB16-179,2016,RS,House,2016-05-03,House Committee on Business Affairs and Labor Refer Unamended to Appropriations,7
SB16-179,2016,RS,House,2016-05-05,House Committee on Appropriations Refer Unamended to House Committee of the Whole,8
SB16-179,2016,RS,House,2016-05-05,House Second Reading Laid Over Daily - No Amendments,9
SB16-179,2016,RS,House,2016-05-09,House Second Reading Special Order - Passed - No Amendments,10
SB16-179,2016,RS,House,2016-05-10,House Third Reading Passed - No Amendments,11
SB16-179,2016,RS,Senate,2016-05-18,Signed by the President of the Senate,12
SB16-179,2016,RS,House,2016-05-20,Signed by the Speaker of the House,13
SB16-179,2016,RS,Governor,2016-05-20,Sent to the Governor,14
SB16-179,2016,RS,Governor,2016-06-10,Governor Signed,15
SB16-180,2016,RS,Senate,2016-04-01,Introduced In Senate - Assigned to Judiciary,1
SB16-180,2016,RS,Senate,2016-04-20,Senate Committee on Judiciary Refer Amended to Appropriations,2
SB16-180,2016,RS,Senate,2016-04-29,Senate Committee on Appropriations Refer Amended to Senate Committee of the Whole,3
SB16-180,2016,RS,Senate,2016-05-02,"Senate Second Reading Special Order - Passed with Amendments - Committee, Floor",4
SB16-180,2016,RS,Senate,2016-05-03,Senate Third Reading Passed - No Amendments,5
SB16-180,2016,RS,House,2016-05-03,Introduced In House - Assigned to Judiciary,6
SB16-180,2016,RS,House,2016-05-05,House Committee on Judiciary Refer Amended to Appropriations,7
SB16-180,2016,RS,House,2016-05-09,House Committee on Appropriations Refer Unamended to House Committee of the Whole,8
SB16-180,2016,RS,House,2016-05-09,"House Second Reading Special Order - Passed with Amendments - Committee, Floor",9
SB16-180,2016,RS,House,2016-05-10,House Third Reading Passed - No Amendments,10
SB16-180,2016,RS,Senate,2016-05-11,Senate Considered House Amendments - Result was to Not Concur - Request Conference Committee,11
SB16-180,2016,RS,,2016-05-11,First Conference Committee Result was to Adopt Reengrossed w/ Amendments,12
SB16-180,2016,RS,House,2016-05-11,"House Consideration of First Conference Committee Report result was to Reject, Discharge and Appoint",13
SB16-180,2016,RS,House,2016-05-11,House Consideration of Second Conference Committee Report result was to Adopt Committee Report - Repass,14
SB16-180,2016,RS,Senate,2016-05-11,Senate Consideration of Second Conference Committee Report result was to Adopt Committee Report - Repass,15
SB16-180,2016,RS,Senate,2016-05-18,Signed by the President of the Senate,16
SB16-180,2016,RS,House,2016-05-20,Signed by the Speaker of the House,17
SB16-180,2016,RS,Governor,2016-05-20,Sent to the Governor,18
SB16-180,2016,RS,Governor,2016-06-10,Governor Signed,19
SB16-181,2016,RS,Senate,2016-04-01,Introduced In Senate - Assigned to Judiciary,1
SB16-181,2016,RS,Senate,2016-04-20,Senate Committee on Judiciary Refer Amended to Senate Committee of the Whole,2
SB16-181,2016,RS,Senate,2016-04-25,Senate Second Reading Laid Over to 04/29/2016 - No Amendments,3
SB16-181,2016,RS,Senate,2016-04-29,Senate Second Reading Laid Over Daily - No Amendments,4
SB16-181,2016,RS,Senate,2016-05-02,"Senate Second Reading Passed with Amendments - Committee, Floor",5
SB16-181,2016,RS,Senate,2016-05-03,Senate Third Reading Reconsidered - No Amendments,6
SB16-181,2016,RS,Senate,2016-05-03,Senate Third Reading Passed - No Amendments,7
SB16-181,2016,RS,House,2016-05-03,Introduced In House - Assigned to Judiciary,8
SB16-181,2016,RS,House,2016-05-05,House Committee on Judiciary Refer Amended to House Committee of the Whole,9
SB16-181,2016,RS,House,2016-05-09,"House Second Reading Special Order - Passed with Amendments - Committee, Floor",10
SB16-181,2016,RS,House,2016-05-10,House Third Reading Passed - No Amendments,11
SB16-181,2016,RS,Senate,2016-05-11,Senate Considered House Amendments - Result was to Concur - Repass,12
SB16-181,2016,RS,Senate,2016-05-18,Signed by the President of the Senate,13
SB16-181,2016,RS,House,2016-05-20,Signed by the Speaker of the House,14
SB16-181,2016,RS,Governor,2016-05-20,Sent to the Governor,15
SB16-181,2016,RS,Governor,2016-06-10,Governor Signed,16
SB16-182,2016,RS,Senate,2016-04-01,Introduced In Senate - Assigned to Appropriations,1
SB16-182,2016,RS,Senate,2016-04-15,Senate Committee on Appropriations Refer Unamended - Consent Calendar to Senate Committee of the Whole,2
SB16-182,2016,RS,Senate,2016-04-20,Senate Second Reading Passed - No Amendments,3
SB16-182,2016,RS,Senate,2016-04-21,Senate Third Reading Passed - No Amendments,4
SB16-182,2016,RS,House,2016-04-21,Introduced In House - Assigned to Appropriations,5
SB16-182,2016,RS,House,2016-04-26,House Committee on Appropriations Refer Unamended to House Committee of the Whole,6
SB16-182,2016,RS,House,2016-04-27,House Second Reading Laid Over Daily - No Amendments,7
SB16-182,2016,RS,House,2016-04-28,House Second Reading Special Order - Passed - No Amendments,8
SB16-182,2016,RS,House,2016-04-29,House Third Reading Passed - No Amendments,9
SB16-182,2016,RS,Senate,2016-05-06,Signed by the President of the Senate,10
SB16-182,2016,RS,House,2016-05-09,Signed by the Speaker of the House,11
SB16-182,2016,RS,Governor,2016-05-09,Sent to the Governor,12
SB16-182,2016,RS,Governor,2016-06-08,Governor Signed,13
SB16-183,2016,RS,Senate,2016-04-07,"Introduced In Senate - Assigned to Business, Labor, & Technology",1
SB16-183,2016,RS,Senate,2016-04-13,"Senate Committee on Business, Labor, & Technology Refer Amended to Senate Committee of the Whole",2
SB16-183,2016,RS,Senate,2016-04-18,Senate Second Reading Laid Over Daily - No Amendments,3
SB16-183,2016,RS,Senate,2016-04-28,"Senate Second Reading Passed with Amendments - Committee, Floor",4
SB16-183,2016,RS,Senate,2016-04-29,Senate Third Reading Reconsidered - No Amendments,5
SB16-183,2016,RS,Senate,2016-04-29,Senate Third Reading Passed with Amendments - Floor,6
SB16-183,2016,RS,House,2016-05-09,Introduced In House - Assigned to Business Affairs and Labor,7
SB16-183,2016,RS,House,2016-05-10,House Committee on Business Affairs and Labor Refer Amended to Appropriations,8
SB16-183,2016,RS,House,2016-05-10,House Committee on Appropriations Refer Amended to House Committee of the Whole,9
SB16-183,2016,RS,House,2016-05-10,"House Second Reading Special Order - Passed with Amendments - Committee, Floor",10
SB16-183,2016,RS,House,2016-05-11,House Third Reading Passed with Amendments - Floor,11
SB16-183,2016,RS,Senate,2016-05-11,Senate Considered House Amendments - Result was to Concur - Repass,12
SB16-183,2016,RS,Senate,2016-05-18,Signed by the President of the Senate,13
SB16-183,2016,RS,House,2016-05-20,Signed by the Speaker of the House,14
SB16-183,2016,RS,Governor,2016-05-20,Sent to the Governor,15
SB16-183,2016,RS,Governor,2016-06-10,Governor Signed,16
SB16-184,2016,RS,Senate,2016-04-11,Introduced In Senate - Assigned to Judiciary,1
SB16-184,2016,RS,Senate,2016-05-04,Senate Committee on Judiciary Refer Unamended to Senate Committee of the Whole,2
SB16-184,2016,RS,Senate,2016-05-04,Senate Second Reading Special Order - Passed - No Amendments,3
SB16-184,2016,RS,Senate,2016-05-05,Senate Third Reading Passed - No Amendments,4
SB16-184,2016,RS,House,2016-05-05,"Introduced In House - Assigned to State, Veterans, & Military Affairs",5
SB16-184,2016,RS,House,2016-05-09,"House Committee on State, Veterans, & Military Affairs Postpone Indefinitely",6
SB16-185,2016,RS,Senate,2016-04-12,Introduced In Senate - Assigned to Finance,1
SB16-185,2016,RS,Senate,2016-04-19,Senate Committee on Finance Refer Unamended to Senate Committee of the Whole,2
SB16-185,2016,RS,Senate,2016-04-22,Senate Second Reading Laid Over Daily - No Amendments,3
SB16-185,2016,RS,Senate,2016-04-25,Senate Second Reading Passed - No Amendments,4
SB16-185,2016,RS,Senate,2016-04-26,Senate Third Reading Laid Over Daily - No Amendments,5
SB16-185,2016,RS,Senate,2016-04-27,Senate Third Reading Passed - No Amendments,6
SB16-185,2016,RS,House,2016-04-27,"Introduced In House - Assigned to State, Veterans, & Military Affairs",7
SB16-185,2016,RS,House,2016-05-04,"House Committee on State, Veterans, & Military Affairs Postpone Indefinitely",8
SB16-186,2016,RS,Senate,2016-04-18,"Introduced In Senate - Assigned to State, Veterans, & Military Affairs",1
SB16-186,2016,RS,Senate,2016-04-25,"Senate Committee on State, Veterans, & Military Affairs Refer Unamended to Appropriations",2
SB16-186,2016,RS,Senate,2016-04-29,Senate Committee on Appropriations Refer Amended to Senate Committee of the Whole,3
SB16-186,2016,RS,Senate,2016-05-02,"Senate Second Reading Special Order - Laid Over Daily with Amendments - Committee, Floor",4
SB16-186,2016,RS,Senate,2016-05-03,Senate Second Reading Passed with Amendments - Committee,5
SB16-186,2016,RS,Senate,2016-05-04,Senate Third Reading Passed - No Amendments,6
SB16-186,2016,RS,House,2016-05-04,"Introduced In House - Assigned to State, Veterans, & Military Affairs",7
SB16-186,2016,RS,House,2016-05-09,"House Committee on State, Veterans, & Military Affairs Refer Unamended to Appropriations",8
SB16-186,2016,RS,House,2016-05-09,House Committee on Appropriations Refer Unamended to House Committee of the Whole,9
SB16-186,2016,RS,House,2016-05-09,House Second Reading Laid Over Daily - No Amendments,10
SB16-186,2016,RS,House,2016-05-10,House Second Reading Special Order - Passed - No Amendments,11
SB16-186,2016,RS,House,2016-05-11,House Third Reading Passed - No Amendments,12
SB16-186,2016,RS,Senate,2016-05-18,Signed by the President of the Senate,13
SB16-186,2016,RS,House,2016-05-20,Signed by the Speaker of the House,14
SB16-186,2016,RS,Governor,2016-05-20,Sent to the Governor,15
SB16-186,2016,RS,Governor,2016-06-10,Governor Signed,16
SB16-187,2016,RS,Senate,2016-04-12,Introduced In Senate - Assigned to Education,1
SB16-187,2016,RS,Senate,2016-04-21,Senate Committee on Education Refer Unamended to Senate Committee of the Whole,2
SB16-187,2016,RS,Senate,2016-04-26,Senate Second Reading Laid Over Daily - No Amendments,3
SB16-187,2016,RS,Senate,2016-05-02,Senate Second Reading Passed with Amendments - Floor,4
SB16-187,2016,RS,Senate,2016-05-03,Senate Third Reading Passed - No Amendments,5
SB16-187,2016,RS,House,2016-05-05,Introduced In House - Assigned to Education,6
SB16-187,2016,RS,House,2016-05-10,House Committee on Education Postpone Indefinitely,7
SB16-188,2016,RS,Senate,2016-04-12,Introduced In Senate - Assigned to Education,1
SB16-188,2016,RS,Senate,2016-04-21,Senate Committee on Education Refer Amended to Senate Committee of the Whole,2
SB16-188,2016,RS,Senate,2016-04-26,Senate Second Reading Laid Over Daily - No Amendments,3
SB16-188,2016,RS,Senate,2016-05-02,"Senate Second Reading Passed with Amendments - Committee, Floor",4
SB16-188,2016,RS,Senate,2016-05-03,Senate Third Reading Passed - No Amendments,5
SB16-188,2016,RS,House,2016-05-05,Introduced In House - Assigned to Education,6
SB16-188,2016,RS,House,2016-05-10,House Committee on Education Postpone Indefinitely,7
SB16-189,2016,RS,Senate,2016-04-12,"Introduced In Senate - Assigned to State, Veterans, & Military Affairs",1
SB16-189,2016,RS,Senate,2016-04-20,"Senate Committee on State, Veterans, & Military Affairs Refer Amended - Consent Calendar to Senate Committee of the Whole",2
SB16-189,2016,RS,Senate,2016-04-22,Senate Second Reading Special Order - Passed with Amendments - Committee,3
SB16-189,2016,RS,Senate,2016-04-25,Senate Third Reading Passed - No Amendments,4
SB16-189,2016,RS,House,2016-04-26,Introduced In House - Assigned to Judiciary,5
SB16-189,2016,RS,House,2016-05-03,House Committee on Judiciary Refer Amended to House Committee of the Whole,6
SB16-189,2016,RS,House,2016-05-03,House Second Reading Special Order - Passed with Amendments - Committee,7
SB16-189,2016,RS,House,2016-05-04,House Third Reading Passed - No Amendments,8
SB16-189,2016,RS,Senate,2016-05-05,Senate Considered House Amendments - Result was to Laid Over Daily,9
SB16-189,2016,RS,Senate,2016-05-09,Senate Considered House Amendments - Result was to Concur - Repass,10
SB16-189,2016,RS,House,2016-05-12,Signed by the Speaker of the House,11
SB16-189,2016,RS,Senate,2016-05-13,Signed by the President of the Senate,12
SB16-189,2016,RS,Governor,2016-05-13,Sent to the Governor,13
SB16-189,2016,RS,Governor,2016-06-06,Governor Signed,14
SB16-190,2016,RS,Senate,2016-04-19,Introduced In Senate - Assigned to Appropriations,1
SB16-190,2016,RS,Senate,2016-04-22,Senate Committee on Appropriations Refer Unamended to Senate Committee of the Whole,2
SB16-190,2016,RS,Senate,2016-04-25,Senate Second Reading Special Order - Passed - No Amendments,3
SB16-190,2016,RS,Senate,2016-04-26,Senate Third Reading Passed - No Amendments,4
SB16-190,2016,RS,House,2016-04-26,Introduced In House - Assigned to Appropriations,5
SB16-190,2016,RS,House,2016-05-03,House Committee on Appropriations Refer Unamended to House Committee of the Whole,6
SB16-190,2016,RS,House,2016-05-03,House Second Reading Special Order - Passed - No Amendments,7
SB16-190,2016,RS,House,2016-05-04,House Third Reading Passed - No Amendments,8
SB16-190,2016,RS,Senate,2016-05-18,Signed by the President of the Senate,9
SB16-190,2016,RS,House,2016-05-20,Signed by the Speaker of the House,10
SB16-190,2016,RS,Governor,2016-05-20,Sent to the Governor,11
SB16-190,2016,RS,Governor,2016-06-01,Governor Signed,12
SB16-191,2016,RS,Senate,2016-04-19,Introduced In Senate - Assigned to Appropriations,1
SB16-191,2016,RS,Senate,2016-04-22,Senate Committee on Appropriations Refer Amended - Consent Calendar to Senate Committee of the Whole,2
SB16-191,2016,RS,Senate,2016-04-25,Senate Second Reading Special Order - Passed with Amendments - Committee,3
SB16-191,2016,RS,Senate,2016-04-26,Senate Third Reading Passed - No Amendments,4
SB16-191,2016,RS,House,2016-04-26,Introduced In House - Assigned to Appropriations,5
SB16-191,2016,RS,House,2016-05-05,House Committee on Appropriations Refer Amended to House Committee of the Whole,6
SB16-191,2016,RS,House,2016-05-05,House Second Reading Special Order - Passed with Amendments - Committee,7
SB16-191,2016,RS,House,2016-05-06,House Third Reading Passed with Amendments - Floor,8
SB16-191,2016,RS,Senate,2016-05-09,Senate Considered House Amendments - Result was to Concur - Repass,9
SB16-191,2016,RS,House,2016-05-11,Signed by the Speaker of the House,10
SB16-191,2016,RS,Senate,2016-05-11,Signed by the President of the Senate,11
SB16-191,2016,RS,Governor,2016-05-12,Sent to the Governor,12
SB16-191,2016,RS,Governor,2016-06-06,Governor Signed,13
SB16-192,2016,RS,Senate,2016-04-19,Introduced In Senate - Assigned to Appropriations,1
SB16-192,2016,RS,Senate,2016-04-22,Senate Committee on Appropriations Refer Amended - Consent Calendar to Senate Committee of the Whole,2
SB16-192,2016,RS,Senate,2016-04-25,Senate Second Reading Special Order - Passed with Amendments - Committee,3
SB16-192,2016,RS,Senate,2016-04-26,Senate Third Reading Passed - No Amendments,4
SB16-192,2016,RS,House,2016-04-26,Introduced In House - Assigned to Appropriations,5
SB16-192,2016,RS,House,2016-04-28,House Committee on Appropriations Refer Unamended to House Committee of the Whole,6
SB16-192,2016,RS,House,2016-04-28,House Second Reading Special Order - Passed - No Amendments,7
SB16-192,2016,RS,House,2016-04-29,House Third Reading Passed - No Amendments,8
SB16-192,2016,RS,Senate,2016-05-06,Signed by the President of the Senate,9
SB16-192,2016,RS,House,2016-05-09,Signed by the Speaker of the House,10
SB16-192,2016,RS,Governor,2016-05-09,Sent to the Governor,11
SB16-192,2016,RS,Governor,2016-06-08,Governor Signed,12
SB16-193,2016,RS,Senate,2016-04-20,Introduced In Senate - Assigned to Judiciary,1
SB16-193,2016,RS,Senate,2016-04-27,Senate Committee on Judiciary Refer Unamended to Appropriations,2
SB16-193,2016,RS,Senate,2016-04-29,Senate Committee on Appropriations Refer Amended to Senate Committee of the Whole,3
SB16-193,2016,RS,Senate,2016-04-29,Senate Second Reading Special Order - Passed with Amendments - Committee,4
SB16-193,2016,RS,Senate,2016-05-02,Senate Third Reading Passed - No Amendments,5
SB16-193,2016,RS,House,2016-05-02,Introduced In House - Assigned to Education,6
SB16-193,2016,RS,House,2016-05-04,House Committee on Education Refer Unamended to Appropriations,7
SB16-193,2016,RS,House,2016-05-05,House Committee on Appropriations Refer Amended to House Committee of the Whole,8
SB16-193,2016,RS,House,2016-05-05,House Second Reading Laid Over Daily - No Amendments,9
SB16-193,2016,RS,House,2016-05-09,House Second Reading Special Order - Passed - No Amendments,10
SB16-193,2016,RS,House,2016-05-10,House Third Reading Passed - No Amendments,11
SB16-193,2016,RS,Senate,2016-05-18,Signed by the President of the Senate,12
SB16-193,2016,RS,House,2016-05-20,Signed by the Speaker of the House,13
SB16-193,2016,RS,Governor,2016-05-20,Sent to the Governor,14
SB16-193,2016,RS,Governor,2016-06-06,Governor Signed,15
SB16-194,2016,RS,Senate,2016-04-20,Introduced In Senate - Assigned to Transportation,1
SB16-194,2016,RS,Senate,2016-04-28,Senate Committee on Transportation Refer Amended to Finance,2
SB16-194,2016,RS,Senate,2016-05-03,Senate Committee on Finance Refer Unamended to Appropriations,3
SB16-194,2016,RS,Senate,2016-05-05,Senate Committee on Appropriations Refer Amended to Senate Committee of the Whole,4
SB16-194,2016,RS,Senate,2016-05-05,Senate Second Reading Special Order - Passed with Amendments - Committee,5
SB16-194,2016,RS,Senate,2016-05-06,Senate Third Reading Passed - No Amendments,6
SB16-194,2016,RS,House,2016-05-06,Introduced In House - Assigned to Finance,7
SB16-194,2016,RS,House,2016-05-10,House Committee on Finance Postpone Indefinitely,8
SB16-195,2016,RS,Senate,2016-04-21,Introduced In Senate - Assigned to Appropriations,1
SB16-195,2016,RS,Senate,2016-04-27,Senate Committee on Appropriations Refer Amended - Consent Calendar to Senate Committee of the Whole,2
SB16-195,2016,RS,Senate,2016-04-28,Senate Second Reading Special Order - Passed with Amendments - Committee,3
SB16-195,2016,RS,Senate,2016-04-29,Senate Third Reading Passed - No Amendments,4
SB16-195,2016,RS,House,2016-05-02,Introduced In House - Assigned to Appropriations,5
SB16-195,2016,RS,House,2016-05-05,House Committee on Appropriations Refer Unamended to House Committee of the Whole,6
SB16-195,2016,RS,House,2016-05-05,House Second Reading Special Order - Passed - No Amendments,7
SB16-195,2016,RS,House,2016-05-06,House Third Reading Passed - No Amendments,8
SB16-195,2016,RS,Senate,2016-05-11,Signed by the President of the Senate,9
SB16-195,2016,RS,House,2016-05-12,Signed by the Speaker of the House,10
SB16-195,2016,RS,Governor,2016-05-12,Sent to the Governor,11
SB16-195,2016,RS,Governor,2016-06-06,Governor Signed,12
SB16-196,2016,RS,Senate,2016-04-22,Introduced In Senate - Assigned to Education,1
SB16-196,2016,RS,Senate,2016-05-04,Senate Committee on Education Refer Amended to Appropriations,2
SB16-196,2016,RS,Senate,2016-05-05,Senate Committee on Appropriations Refer Amended to Senate Committee of the Whole,3
SB16-196,2016,RS,Senate,2016-05-05,Senate Second Reading Special Order - Passed with Amendments - Committee,4
SB16-196,2016,RS,Senate,2016-05-06,Senate Third Reading Passed - No Amendments,5
SB16-196,2016,RS,House,2016-05-06,Introduced In House - Assigned to Appropriations,6
SB16-196,2016,RS,House,2016-05-09,House Committee on Appropriations Refer Unamended to House Committee of the Whole,7
SB16-196,2016,RS,House,2016-05-09,House Second Reading Special Order - Passed - No Amendments,8
SB16-196,2016,RS,House,2016-05-10,House Third Reading Passed - No Amendments,9
SB16-196,2016,RS,Senate,2016-05-18,Signed by the President of the Senate,10
SB16-196,2016,RS,House,2016-05-20,Signed by the Speaker of the House,11
SB16-196,2016,RS,Governor,2016-05-20,Sent to the Governor,12
SB16-196,2016,RS,Governor,2016-06-06,Governor Signed,13
SB16-197,2016,RS,Senate,2016-04-22,"Introduced In Senate - Assigned to Business, Labor, & Technology",1
SB16-197,2016,RS,Senate,2016-05-06,"Senate Committee on Business, Labor, & Technology Refer Amended to Appropriations",2
SB16-197,2016,RS,Senate,2016-05-06,Senate Committee on Appropriations Refer Amended to Senate Committee of the Whole,3
SB16-197,2016,RS,Senate,2016-05-06,"Senate Second Reading Special Order - Passed with Amendments - Committee, Floor",4
SB16-197,2016,RS,Senate,2016-05-09,Senate Third Reading Passed with Amendments - Floor,5
SB16-197,2016,RS,House,2016-05-09,Introduced In House - Assigned to Business Affairs and Labor,6
SB16-197,2016,RS,House,2016-05-10,House Committee on Business Affairs and Labor Refer Amended to Appropriations,7
SB16-197,2016,RS,House,2016-05-10,House Committee on Appropriations Refer Amended to House Committee of the Whole,8
SB16-197,2016,RS,House,2016-05-10,House Second Reading Special Order - Passed with Amendments - Committee,9
SB16-197,2016,RS,House,2016-05-11,House Third Reading Passed - No Amendments,10
SB16-197,2016,RS,Senate,2016-05-11,Senate Considered House Amendments - Result was to Concur - Repass,11
SB16-197,2016,RS,Senate,2016-05-18,Signed by the President of the Senate,12
SB16-197,2016,RS,House,2016-05-20,Signed by the Speaker of the House,13
SB16-197,2016,RS,Governor,2016-05-20,Sent to the Governor,14
SB16-197,2016,RS,Governor,2016-06-10,Governor Signed,15
SB16-198,2016,RS,Senate,2016-04-22,"Introduced In Senate - Assigned to Business, Labor, & Technology",1
SB16-198,2016,RS,Senate,2016-04-27,"Senate Committee on Business, Labor, & Technology Refer Amended - Consent Calendar to Senate Committee of the Whole",2
SB16-198,2016,RS,Senate,2016-04-29,"Senate Second Reading Special Order - Passed with Amendments - Committee, Floor",3
SB16-198,2016,RS,Senate,2016-05-02,Senate Third Reading Passed - No Amendments,4
SB16-198,2016,RS,House,2016-05-02,Introduced In House - Assigned to Business Affairs and Labor,5
SB16-198,2016,RS,House,2016-05-03,House Committee on Business Affairs and Labor Refer Unamended to House Committee of the Whole,6
SB16-198,2016,RS,House,2016-05-03,House Second Reading Special Order - Passed - No Amendments,7
SB16-198,2016,RS,House,2016-05-04,House Third Reading Passed - No Amendments,8
SB16-198,2016,RS,Senate,2016-05-09,House Recalled Bill From Senate,9
SB16-198,2016,RS,House,2016-05-09,House Third Reading Reconsidered - No Amendments,10
SB16-198,2016,RS,House,2016-05-11,Signed by the Speaker of the House,11
SB16-198,2016,RS,Senate,2016-05-11,Signed by the President of the Senate,12
SB16-198,2016,RS,Governor,2016-05-12,Sent to the Governor,13
SB16-198,2016,RS,Governor,2016-06-08,Governor Signed,14
SB16-199,2016,RS,Senate,2016-04-22,Introduced In Senate - Assigned to Health & Human Services,1
SB16-199,2016,RS,Senate,2016-04-28,Senate Committee on Health & Human Services Refer Amended to Appropriations,2
SB16-199,2016,RS,Senate,2016-05-03,Senate Committee on Appropriations Refer Amended to Senate Committee of the Whole,3
SB16-199,2016,RS,Senate,2016-05-03,"Senate Second Reading Special Order - Passed with Amendments - Committee, Floor",4
SB16-199,2016,RS,Senate,2016-05-04,Senate Third Reading Passed - No Amendments,5
SB16-199,2016,RS,House,2016-05-04,"Introduced In House - Assigned to Health, Insurance, & Environment",6
SB16-199,2016,RS,House,2016-05-05,"House Committee on Health, Insurance, & Environment Refer Amended to Finance",7
SB16-199,2016,RS,House,2016-05-06,House Committee on Finance Refer Unamended to Appropriations,8
SB16-199,2016,RS,House,2016-05-09,House Committee on Appropriations Refer Amended to House Committee of the Whole,9
SB16-199,2016,RS,House,2016-05-09,"House Second Reading Special Order - Passed with Amendments - Committee, Floor",10
SB16-199,2016,RS,House,2016-05-10,House Third Reading Passed - No Amendments,11
SB16-199,2016,RS,Senate,2016-05-11,Senate Considered House Amendments - Result was to Concur - Repass,12
SB16-199,2016,RS,Senate,2016-05-18,Signed by the President of the Senate,13
SB16-199,2016,RS,House,2016-05-20,Signed by the Speaker of the House,14
SB16-199,2016,RS,Governor,2016-05-20,Sent to the Governor,15
SB16-199,2016,RS,Governor,2016-06-10,Governor Signed,16
SB16-200,2016,RS,Senate,2016-04-27,"Introduced In Senate - Assigned to Agriculture, Natural Resources, & Energy",1
SB16-200,2016,RS,Senate,2016-05-04,"Senate Committee on Agriculture, Natural Resources, & Energy Refer Amended to Appropriations",2
SB16-200,2016,RS,Senate,2016-05-05,Senate Committee on Appropriations Refer Amended to Senate Committee of the Whole,3
SB16-200,2016,RS,Senate,2016-05-05,Senate Second Reading Special Order - Passed with Amendments - Committee,4
SB16-200,2016,RS,Senate,2016-05-06,Senate Third Reading Passed - No Amendments,5
SB16-200,2016,RS,House,2016-05-06,"Introduced In House - Assigned to State, Veterans, & Military Affairs",6
SB16-200,2016,RS,House,2016-05-09,"House Committee on State, Veterans, & Military Affairs Refer Amended to House Committee of the Whole",7
SB16-200,2016,RS,House,2016-05-09,House Second Reading Laid Over Daily - No Amendments,8
SB16-200,2016,RS,House,2016-05-10,House Second Reading Passed with Amendments - Committee,9
SB16-200,2016,RS,House,2016-05-11,House Third Reading Passed - No Amendments,10
SB16-200,2016,RS,Senate,2016-05-11,Senate Considered House Amendments - Result was to Concur - Repass,11
SB16-200,2016,RS,Senate,2016-05-18,Signed by the President of the Senate,12
SB16-200,2016,RS,House,2016-05-20,Signed by the Speaker of the House,13
SB16-200,2016,RS,Governor,2016-05-20,Sent to the Governor,14
SB16-200,2016,RS,Governor,2016-06-08,Governor Signed,15
SB16-201,2016,RS,Senate,2016-04-26,Introduced In Senate - Assigned to Appropriations,1
SB16-201,2016,RS,Senate,2016-04-29,Senate Committee on Appropriations Refer Unamended - Consent Calendar to Senate Committee of the Whole,2
SB16-201,2016,RS,Senate,2016-04-29,Senate Second Reading Special Order - Passed - No Amendments,3
SB16-201,2016,RS,Senate,2016-05-02,Senate Third Reading Passed - No Amendments,4
SB16-201,2016,RS,House,2016-05-02,Introduced In House - Assigned to Appropriations,5
SB16-201,2016,RS,House,2016-05-05,House Committee on Appropriations Refer Unamended to House Committee of the Whole,6
SB16-201,2016,RS,House,2016-05-05,House Second Reading Special Order - Passed with Amendments - Floor,7
SB16-201,2016,RS,House,2016-05-06,House Third Reading Passed - No Amendments,8
SB16-201,2016,RS,Senate,2016-05-09,Senate Considered House Amendments - Result was to Concur - Repass,9
SB16-201,2016,RS,Senate,2016-05-11,Signed by the President of the Senate,10
SB16-201,2016,RS,House,2016-05-12,Signed by the Speaker of the House,11
SB16-201,2016,RS,Governor,2016-05-12,Sent to the Governor,12
SB16-201,2016,RS,Governor,2016-05-18,Governor Signed,13
SB16-202,2016,RS,Senate,2016-04-26,Introduced In Senate - Assigned to Appropriations,1
SB16-202,2016,RS,Senate,2016-04-29,Senate Committee on Appropriations Refer Amended to Senate Committee of the Whole,2
SB16-202,2016,RS,Senate,2016-04-29,Senate Second Reading Special Order - Passed with Amendments - Committee,3
SB16-202,2016,RS,Senate,2016-05-02,Senate Third Reading Passed - No Amendments,4
SB16-202,2016,RS,House,2016-05-02,Introduced In House - Assigned to Appropriations,5
SB16-202,2016,RS,House,2016-05-05,House Committee on Appropriations Refer Unamended to House Committee of the Whole,6
SB16-202,2016,RS,House,2016-05-05,House Second Reading Special Order - Passed - No Amendments,7
SB16-202,2016,RS,House,2016-05-06,House Third Reading Passed - No Amendments,8
SB16-202,2016,RS,Senate,2016-05-11,Signed by the President of the Senate,9
SB16-202,2016,RS,House,2016-05-12,Signed by the Speaker of the House,10
SB16-202,2016,RS,Governor,2016-05-12,Sent to the Governor,11
SB16-202,2016,RS,Governor,2016-06-01,Governor Signed,12
SB16-203,2016,RS,Senate,2016-04-26,Introduced In Senate - Assigned to Appropriations,1
SB16-203,2016,RS,Senate,2016-04-29,Senate Committee on Appropriations Refer Amended - Consent Calendar to Senate Committee of the Whole,2
SB16-203,2016,RS,Senate,2016-04-29,Senate Second Reading Special Order - Passed with Amendments - Committee,3
SB16-203,2016,RS,Senate,2016-05-02,Senate Third Reading Passed - No Amendments,4
SB16-203,2016,RS,House,2016-05-02,Introduced In House - Assigned to Appropriations,5
SB16-203,2016,RS,House,2016-05-05,House Committee on Appropriations Refer Unamended to Legislative Council,6
SB16-203,2016,RS,House,2016-05-06,House Committee on Legislative Council Refer Unamended to House Committee of the Whole,7
SB16-203,2016,RS,House,2016-05-09,House Second Reading Special Order - Passed - No Amendments,8
SB16-203,2016,RS,House,2016-05-10,House Third Reading Passed - No Amendments,9
SB16-203,2016,RS,Senate,2016-05-18,Signed by the President of the Senate,10
SB16-203,2016,RS,House,2016-05-20,Signed by the Speaker of the House,11
SB16-203,2016,RS,Governor,2016-05-20,Sent to the Governor,12
SB16-203,2016,RS,Governor,2016-06-06,Governor Signed,13
SB16-204,2016,RS,Senate,2016-04-26,Introduced In Senate - Assigned to Appropriations,1
SB16-204,2016,RS,Senate,2016-05-03,Senate Committee on Appropriations Refer Amended to Senate Committee of the Whole,2
SB16-204,2016,RS,Senate,2016-05-03,Senate Second Reading Special Order - Passed with Amendments - Committee,3
SB16-204,2016,RS,Senate,2016-05-04,Senate Third Reading Reconsidered - No Amendments,4
SB16-204,2016,RS,Senate,2016-05-04,Senate Third Reading Passed - No Amendments,5
SB16-204,2016,RS,House,2016-05-04,Introduced In House - Assigned to Appropriations,6
SB16-204,2016,RS,House,2016-05-09,House Committee on Appropriations Refer Unamended to House Committee of the Whole,7
SB16-204,2016,RS,House,2016-05-09,House Second Reading Special Order - Passed - No Amendments,8
SB16-204,2016,RS,House,2016-05-10,House Third Reading Passed - No Amendments,9
SB16-204,2016,RS,Senate,2016-05-18,Signed by the President of the Senate,10
SB16-204,2016,RS,House,2016-05-20,Signed by the Speaker of the House,11
SB16-204,2016,RS,Governor,2016-05-20,Sent to the Governor,12
SB16-204,2016,RS,Governor,2016-06-06,Governor Signed,13
SB16-205,2016,RS,Senate,2016-04-27,Introduced In Senate - Assigned to Appropriations,1
SB16-205,2016,RS,Senate,2016-04-29,Senate Committee on Appropriations Refer Unamended - Consent Calendar to Senate Committee of the Whole,2
SB16-205,2016,RS,Senate,2016-04-29,Senate Second Reading Special Order - Passed - No Amendments,3
SB16-205,2016,RS,Senate,2016-05-02,Senate Third Reading Passed - No Amendments,4
SB16-205,2016,RS,House,2016-05-02,Introduced In House - Assigned to Appropriations,5
SB16-205,2016,RS,House,2016-05-05,House Committee on Appropriations Refer Unamended to House Committee of the Whole,6
SB16-205,2016,RS,House,2016-05-05,House Second Reading Special Order - Passed - No Amendments,7
SB16-205,2016,RS,House,2016-05-06,House Third Reading Passed - No Amendments,8
SB16-205,2016,RS,Senate,2016-05-11,Signed by the President of the Senate,9
SB16-205,2016,RS,House,2016-05-12,Signed by the Speaker of the House,10
SB16-205,2016,RS,Governor,2016-05-12,Sent to the Governor,11
SB16-205,2016,RS,Governor,2016-06-06,Governor Signed,12
SB16-206,2016,RS,Senate,2016-04-28,"Introduced In Senate - Assigned to Business, Labor, & Technology",1
SB16-206,2016,RS,Senate,2016-05-06,"Senate Committee on Business, Labor, & Technology Postpone Indefinitely",2
SB16-208,2016,RS,Senate,2016-04-28,Introduced In Senate - Assigned to Education,1
SB16-208,2016,RS,Senate,2016-05-04,Senate Committee on Education Refer Amended - Consent Calendar to Senate Committee of the Whole,2
SB16-208,2016,RS,Senate,2016-05-04,Senate Second Reading Special Order - Passed with Amendments - Committee,3
SB16-208,2016,RS,Senate,2016-05-05,Senate Third Reading Passed - No Amendments,4
SB16-208,2016,RS,House,2016-05-05,Introduced In House - Assigned to Education,5
SB16-208,2016,RS,House,2016-05-09,House Committee on Education Refer Unamended to House Committee of the Whole,6
SB16-208,2016,RS,House,2016-05-09,House Second Reading Special Order - Passed - No Amendments,7
SB16-208,2016,RS,House,2016-05-10,House Third Reading Passed - No Amendments,8
SB16-208,2016,RS,Senate,2016-05-18,Signed by the President of the Senate,9
SB16-208,2016,RS,House,2016-05-20,Signed by the Speaker of the House,10
SB16-208,2016,RS,Governor,2016-05-20,Sent to the Governor,11
SB16-208,2016,RS,Governor,2016-06-10,Governor Signed,12
SB16-209,2016,RS,Senate,2016-04-29,Introduced In Senate - Assigned to Finance,1
SB16-209,2016,RS,Senate,2016-05-03,Senate Committee on Finance Refer Unamended - Consent Calendar to Senate Committee of the Whole,2
SB16-209,2016,RS,Senate,2016-05-03,Senate Second Reading Special Order - Passed - No Amendments,3
SB16-209,2016,RS,Senate,2016-05-04,Senate Third Reading Passed - No Amendments,4
SB16-209,2016,RS,House,2016-05-04,Introduced In House - Assigned to Finance,5
SB16-209,2016,RS,House,2016-05-05,House Committee on Finance Refer Amended to House Committee of the Whole,6
SB16-209,2016,RS,House,2016-05-05,House Second Reading Laid Over Daily - No Amendments,7
SB16-209,2016,RS,House,2016-05-09,"House Second Reading Special Order - Passed with Amendments - Committee, Floor",8
SB16-209,2016,RS,House,2016-05-10,House Third Reading Passed - No Amendments,9
SB16-209,2016,RS,House,2016-05-11,Signed by the Speaker of the House,10
SB16-209,2016,RS,Senate,2016-05-11,Senate Considered House Amendments - Result was to Concur - Repass,11
SB16-209,2016,RS,Senate,2016-05-11,Signed by the President of the Senate,12
SB16-209,2016,RS,Governor,2016-05-12,Sent to the Governor,13
SB16-209,2016,RS,Governor,2016-06-06,Governor Signed,14
SB16-210,2016,RS,Senate,2016-05-02,Introduced In Senate - Assigned to Finance,1
SB16-210,2016,RS,Senate,2016-05-05,Senate Committee on Finance Refer Unamended to Appropriations,2
SB16-210,2016,RS,Senate,2016-05-05,Senate Committee on Appropriations Refer Unamended to Senate Committee of the Whole,3
SB16-210,2016,RS,Senate,2016-05-05,"Senate Second Reading Special Order - Passed with Amendments - Committee, Floor",4
SB16-210,2016,RS,Senate,2016-05-06,Senate Third Reading Passed - No Amendments,5
SB16-210,2016,RS,House,2016-05-09,"Introduced In House - Assigned to State, Veterans, & Military Affairs",6
SB16-210,2016,RS,House,2016-05-10,"House Committee on State, Veterans, & Military Affairs Postpone Indefinitely",7
SB16-211,2016,RS,Senate,2016-05-02,Introduced In Senate - Assigned to Local Government,1
SB16-211,2016,RS,Senate,2016-05-03,Senate Committee on Local Government Refer Amended - Consent Calendar to Senate Committee of the Whole,2
SB16-211,2016,RS,Senate,2016-05-03,Senate Second Reading Special Order - Passed with Amendments - Committee,3
SB16-211,2016,RS,Senate,2016-05-04,Senate Third Reading Passed - No Amendments,4
SB16-211,2016,RS,House,2016-05-04,Introduced In House - Assigned to Local Government,5
SB16-211,2016,RS,House,2016-05-05,House Committee on Local Government Refer Unamended to House Committee of the Whole,6
SB16-211,2016,RS,House,2016-05-05,House Second Reading Laid Over Daily - No Amendments,7
SB16-211,2016,RS,House,2016-05-09,House Second Reading Special Order - Passed - No Amendments,8
SB16-211,2016,RS,House,2016-05-10,House Third Reading Passed - No Amendments,9
SB16-211,2016,RS,House,2016-05-11,Signed by the Speaker of the House,10
SB16-211,2016,RS,Senate,2016-05-11,Signed by the President of the Senate,11
SB16-211,2016,RS,Governor,2016-05-12,Sent to the Governor,12
SB16-211,2016,RS,Governor,2016-05-18,Governor Signed,13
SB16-212,2016,RS,Senate,2016-05-05,"Introduced In Senate - Assigned to State, Veterans, & Military Affairs",1
SB16-212,2016,RS,Senate,2016-05-05,"Senate Committee on State, Veterans, & Military Affairs Refer Unamended - Consent Calendar to Senate Committee of the Whole",2
SB16-212,2016,RS,Senate,2016-05-05,Senate Second Reading Special Order - Passed - No Amendments,3
SB16-212,2016,RS,Senate,2016-05-06,Senate Third Reading Passed - No Amendments,4
SB16-212,2016,RS,House,2016-05-06,Introduced In House - Assigned to Finance,5
SB16-212,2016,RS,House,2016-05-10,House Committee on Finance Refer Unamended to House Committee of the Whole,6
SB16-212,2016,RS,House,2016-05-10,House Second Reading Special Order - Passed - No Amendments,7
SB16-212,2016,RS,House,2016-05-11,House Third Reading Passed - No Amendments,8
SB16-212,2016,RS,Senate,2016-05-18,Signed by the President of the Senate,9
SB16-212,2016,RS,House,2016-05-20,Signed by the Speaker of the House,10
SB16-212,2016,RS,Governor,2016-05-20,Sent to the Governor,11
SB16-212,2016,RS,Governor,2016-06-01,Governor Signed,12
SB16-213,2016,RS,Senate,2016-05-05,"Introduced In Senate - Assigned to State, Veterans, & Military Affairs",1
SB16-213,2016,RS,Senate,2016-05-06,"Senate Committee on State, Veterans, & Military Affairs Refer Unamended to Appropriations",2
SB16-213,2016,RS,Senate,2016-05-06,Senate Committee on Appropriations Refer Amended to Senate Committee of the Whole,3
SB16-213,2016,RS,Senate,2016-05-06,Senate Second Reading Special Order - Passed with Amendments - Committee,4
SB16-213,2016,RS,Senate,2016-05-09,Senate Third Reading Passed - No Amendments,5
SB16-213,2016,RS,House,2016-05-09,"Introduced In House - Assigned to State, Veterans, & Military Affairs + Judiciary",6
SB16-213,2016,RS,House,2016-05-10,"House Committee on State, Veterans, & Military Affairs Postpone Indefinitely",7
SB16-214,2016,RS,Senate,2016-05-06,"Introduced In Senate - Assigned to State, Veterans, & Military Affairs",1
SB16-214,2016,RS,Senate,2016-05-06,"Senate Committee on State, Veterans, & Military Affairs Postpone Indefinitely",2
SB16-215,2016,RS,Senate,2016-05-06,Introduced In Senate - Assigned to Finance,1
SB16-215,2016,RS,Senate,2016-05-06,Senate Committee on Finance Refer Unamended to Senate Committee of the Whole,2
SB16-215,2016,RS,Senate,2016-05-06,Senate Second Reading Special Order - Passed - No Amendments,3
SB16-215,2016,RS,Senate,2016-05-09,Senate Third Reading Passed - No Amendments,4
SB16-215,2016,RS,House,2016-05-09,"Introduced In House - Assigned to State, Veterans, & Military Affairs",5
SB16-215,2016,RS,House,2016-05-10,"House Committee on State, Veterans, & Military Affairs Refer Unamended to House Committee of the Whole",6
SB16-215,2016,RS,House,2016-05-10,House Second Reading Special Order - Passed - No Amendments,7
SB16-215,2016,RS,House,2016-05-11,House Third Reading Passed - No Amendments,8
SB16-215,2016,RS,House,2016-05-12,Signed by the Speaker of the House,9
SB16-215,2016,RS,Senate,2016-05-13,Signed by the President of the Senate,10
SB16-215,2016,RS,Governor,2016-05-13,Sent to the Governor,11
SB16-215,2016,RS,Governor,2016-06-08,Governor Signed,12
SB16-216,2016,RS,Senate,2016-05-06,"Introduced In Senate - Assigned to State, Veterans, & Military Affairs",1
SB16-216,2016,RS,Senate,2016-05-06,"Senate Committee on State, Veterans, & Military Affairs Refer Amended to Appropriations",2
SB16-216,2016,RS,Senate,2016-05-06,Senate Committee on Appropriations Refer Unamended to Senate Committee of the Whole,3
SB16-216,2016,RS,Senate,2016-05-09,Senate Second Reading Special Order - Laid Over to 05/12/2016 - No Amendments,4
SB16-217,2016,RS,Senate,2016-05-06,"Introduced In Senate - Assigned to State, Veterans, & Military Affairs",1
SB16-217,2016,RS,Senate,2016-05-06,"Senate Committee on State, Veterans, & Military Affairs Refer Unamended to Senate Committee of the Whole",2
SB16-217,2016,RS,Senate,2016-05-06,Senate Second Reading Special Order - Passed - No Amendments,3
SB16-217,2016,RS,Senate,2016-05-09,Senate Third Reading Passed - No Amendments,4
SB16-217,2016,RS,House,2016-05-09,Introduced In House - Assigned to Business Affairs and Labor,5
SB16-217,2016,RS,House,2016-05-10,House Committee on Business Affairs and Labor Refer Unamended to House Committee of the Whole,6
SB16-217,2016,RS,House,2016-05-10,House Second Reading Special Order - Passed - No Amendments,7
SB16-217,2016,RS,House,2016-05-11,House Third Reading Passed - No Amendments,8
SB16-217,2016,RS,Senate,2016-05-18,Signed by the President of the Senate,9
SB16-217,2016,RS,Governor,2016-05-20,Sent to the Governor,10
SB16-217,2016,RS,House,2016-05-20,Signed by the Speaker of the House,11
SB16-217,2016,RS,Governor,2016-06-10,Governor Signed,12
SB16-218,2016,RS,Senate,2016-05-06,Introduced In Senate - Assigned to Appropriations,1
SB16-218,2016,RS,Senate,2016-05-09,Senate Committee on Appropriations Refer Amended to Senate Committee of the Whole,2
SB16-218,2016,RS,Senate,2016-05-09,Senate Second Reading Special Order - Passed with Amendments - Committee,3
SB16-218,2016,RS,Senate,2016-05-10,Senate Third Reading Passed - No Amendments,4
SB16-218,2016,RS,House,2016-05-10,Introduced In House - Assigned to Appropriations,5
SB16-218,2016,RS,House,2016-05-10,House Second Reading Special Order - Passed - No Amendments,6
SB16-218,2016,RS,House,2016-05-10,House Committee on Appropriations Refer Unamended to House Committee of the Whole,7
SB16-218,2016,RS,House,2016-05-11,House Third Reading Passed - No Amendments,8
SB16-218,2016,RS,Senate,2016-05-18,Signed by the President of the Senate,9
SB16-218,2016,RS,House,2016-05-20,Signed by the Speaker of the House,10
SB16-218,2016,RS,Governor,2016-05-20,Sent to the Governor,11
SB16-218,2016,RS,Governor,2016-06-10,Governor Signed,12
SCR16-001,2016,RS,Senate,2016-04-07,"Introduced In Senate - Assigned to State, Veterans, & Military Affairs",1
SCR16-001,2016,RS,Senate,2016-04-18,"Senate Committee on State, Veterans, & Military Affairs Postpone Indefinitely",2
SCR16-002,2016,RS,Senate,2016-04-07,Introduced In Senate - Assigned to Finance,1
SCR16-002,2016,RS,Senate,2016-04-21,Senate Committee on Finance Refer Unamended to Appropriations,2
SCR16-002,2016,RS,Senate,2016-04-27,Senate Committee on Appropriations Refer Unamended to Senate Committee of the Whole,3
SCR16-002,2016,RS,Senate,2016-04-28,Senate Second Reading Special Order - Passed - No Amendments,4
SCR16-002,2016,RS,Senate,2016-04-29,Senate Third Reading Passed - No Amendments,5
SCR16-002,2016,RS,House,2016-05-04,Introduced In House - Assigned to Finance,6
SCR16-002,2016,RS,House,2016-05-06,House Committee on Finance Refer Unamended to Appropriations,7
SCR16-002,2016,RS,House,2016-05-09,House Committee on Appropriations Refer Unamended to House Committee of the Whole,8
SCR16-002,2016,RS,House,2016-05-09,House Second Reading Special Order - Passed - No Amendments,9
SCR16-002,2016,RS,House,2016-05-10,House Third Reading Passed - No Amendments,10
SCR16-002,2016,RS,Senate,2016-05-18,Signed by the President of the Senate,11
SCR16-003,2016,RS,Senate,2016-04-11,"Introduced In Senate - Assigned to State, Veterans, & Military Affairs",1
SCR16-003,2016,RS,Senate,2016-04-18,"Senate Committee on State, Veterans, & Military Affairs Postpone Indefinitely",2
SCR16-004,2016,RS,Senate,2016-04-11,"Introduced In Senate - Assigned to State, Veterans, & Military Affairs",1
SCR16-004,2016,RS,Senate,2016-04-20,"Senate Committee on State, Veterans, & Military Affairs Postpone Indefinitely",2
SCR16-005,2016,RS,Senate,2016-04-11,Introduced In Senate - Assigned to Local Government,1
SCR16-005,2016,RS,Senate,2016-04-26,Senate Committee on Local Government Lay Over Amended,2
SCR16-005,2016,RS,Senate,2016-04-28,Senate Committee on Local Government Refer Amended to Senate Committee of the Whole,3
SCR16-005,2016,RS,Senate,2016-05-02,Senate Second Reading Special Order - Passed with Amendments - Committee,4
SCR16-005,2016,RS,Senate,2016-05-03,Senate Third Reading Laid Over Daily - No Amendments,5
SCR16-005,2016,RS,Senate,2016-05-04,Senate Third Reading Lost - No Amendments,6
SCR16-006,2016,RS,Senate,2016-04-12,Introduced In Senate - Assigned to,1
SCR16-006,2016,RS,Senate,2016-04-20,"Senate Committee on State, Veterans, & Military Affairs Refer Unamended to Senate Committee of the Whole",2
SCR16-006,2016,RS,Senate,2016-04-25,Senate Second Reading Passed - No Amendments,3
SCR16-006,2016,RS,Senate,2016-04-26,Senate Third Reading Passed - No Amendments,4
SCR16-006,2016,RS,House,2016-04-26,"Introduced In House - Assigned to State, Veterans, & Military Affairs",5
SCR16-006,2016,RS,House,2016-05-02,"House Committee on State, Veterans, & Military Affairs Refer Unamended to House Committee of the Whole",6
SCR16-006,2016,RS,House,2016-05-03,House Second Reading Special Order - Passed - No Amendments,7
SCR16-006,2016,RS,House,2016-05-04,House Third Reading Passed - No Amendments,8
SCR16-006,2016,RS,Senate,2016-05-18,Signed by the President of the Senate,9
SJM16-001,2016,RS,Senate,2016-01-13,"Introduced In Senate - Assigned to Agriculture, Natural Resources, & Energy",1
SJM16-001,2016,RS,Senate,2016-02-11,"Senate Committee on Agriculture, Natural Resources, & Energy Refer Amended to Senate Committee of the Whole",2
SJM16-001,2016,RS,Senate,2016-02-17,Senate Third Reading Laid Over to 02/19/2016 - No Amendments,3
SJM16-001,2016,RS,Senate,2016-02-19,Senate Third Reading Passed with Amendments - Committee,4
SJM16-001,2016,RS,House,2016-02-25,"Introduced In House - Assigned to Agriculture, Livestock, & Natural Resources",5
SJM16-001,2016,RS,House,2016-03-16,"House Committee on Agriculture, Livestock, & Natural Resources Refer Unamended to House Committee of the Whole",6
SJM16-001,2016,RS,House,2016-03-18,House Third Reading Passed - No Amendments,7
SJM16-001,2016,RS,Senate,2016-03-22,Signed by the President of the Senate,8
SJM16-001,2016,RS,House,2016-03-30,Signed by the Speaker of the House,9
SJM16-002,2016,RS,Senate,2016-01-13,"Introduced In Senate - Assigned to Agriculture, Natural Resources, & Energy",1
SJM16-002,2016,RS,Senate,2016-01-21,"Senate Committee on Agriculture, Natural Resources, & Energy Refer Unamended to Senate Committee of the Whole",2
SJM16-002,2016,RS,Senate,2016-01-26,Senate Third Reading Passed with Amendments - Floor,3
SJM16-002,2016,RS,House,2016-01-26,Introduced In House - Assigned to,4
SJM16-002,2016,RS,House,2016-02-03,"House Committee on Agriculture, Livestock, & Natural Resources Refer Unamended to House Committee of the Whole",5
SJM16-002,2016,RS,House,2016-02-05,House Third Reading Passed - No Amendments,6
SJM16-002,2016,RS,Senate,2016-02-12,Signed by the President of the Senate,7
SJM16-002,2016,RS,House,2016-02-12,Signed by the Speaker of the House,8
SJM16-003,2016,RS,Senate,2016-02-03,Senate Third Reading Laid Over to 02/08/2016 - No Amendments,1
SJM16-003,2016,RS,Senate,2016-02-03,Introduced In Senate - Assigned to,2
SJM16-003,2016,RS,Senate,2016-02-08,Senate Third Reading Passed - No Amendments,3
SJM16-003,2016,RS,House,2016-02-08,Introduced In House - Assigned to,4
SJM16-003,2016,RS,House,2016-02-08,House Third Reading Passed - No Amendments,5
SJM16-003,2016,RS,Senate,2016-02-12,Signed by the President of the Senate,6
SJM16-003,2016,RS,House,2016-02-12,Signed by the Speaker of the House,7
SJM16-004,2016,RS,Senate,2016-02-05,Introduced In Senate - Assigned to,1
SJM16-004,2016,RS,Senate,2016-02-05,Senate Third Reading Laid Over to 02/22/2016 - No Amendments,2
SJM16-004,2016,RS,Senate,2016-02-22,Senate Third Reading Passed - No Amendments,3
SJM16-004,2016,RS,House,2016-02-22,Introduced In House - Assigned to,4
SJM16-004,2016,RS,House,2016-02-22,House Third Reading Laid Over Daily - No Amendments,5
SJM16-004,2016,RS,House,2016-02-23,House Third Reading Passed - No Amendments,6
SJM16-004,2016,RS,Senate,2016-02-23,Signed by the President of the Senate,7
SJM16-004,2016,RS,House,2016-02-25,Signed by the Speaker of the House,8
SJM16-005,2016,RS,Senate,2016-04-07,Introduced In Senate - Assigned to,1
SJM16-005,2016,RS,Senate,2016-04-07,Senate Third Reading Laid Over to 04/11/2016 - No Amendments,2
SJM16-005,2016,RS,Senate,2016-04-11,Senate Third Reading Passed - No Amendments,3
SJM16-005,2016,RS,House,2016-04-12,Introduced In House - Assigned to,4
SJM16-005,2016,RS,House,2016-04-12,House Third Reading Laid Over Daily - No Amendments,5
SJM16-005,2016,RS,House,2016-05-11,House Third Reading Passed - No Amendments,6
SJM16-005,2016,RS,Senate,2016-05-16,Signed by the President of the Senate,7
SJM16-005,2016,RS,House,2016-05-17,Signed by the Speaker of the House,8
SJR16-001,2016,RS,Senate,2016-01-13,Introduced In Senate - Assigned to,1
SJR16-001,2016,RS,Senate,2016-01-13,Senate Third Reading Passed - No Amendments,2
SJR16-001,2016,RS,House,2016-01-13,House Third Reading Laid Over to 01/15/2016 - No Amendments,3
SJR16-001,2016,RS,House,2016-01-13,Introduced In House - Assigned to,4
SJR16-001,2016,RS,House,2016-01-15,House Third Reading Passed - No Amendments,5
SJR16-001,2016,RS,Senate,2016-01-19,Signed by the President of the Senate,6
SJR16-001,2016,RS,House,2016-01-19,Signed by the Speaker of the House,7
SJR16-002,2016,RS,Senate,2016-03-17,Senate Third Reading Laid Over to 03/24/2016 - No Amendments,1
SJR16-002,2016,RS,Senate,2016-03-17,Introduced In Senate - Assigned to,2
SJR16-002,2016,RS,Senate,2016-03-24,Senate Third Reading Passed - No Amendments,3
SJR16-002,2016,RS,House,2016-03-24,Introduced In House - Assigned to,4
SJR16-002,2016,RS,House,2016-03-28,House Third Reading Laid Over to 04/01/2016 - No Amendments,5
SJR16-002,2016,RS,House,2016-04-01,House Third Reading Passed - No Amendments,6
SJR16-002,2016,RS,Senate,2016-04-06,Signed by the President of the Senate,7
SJR16-002,2016,RS,House,2016-04-07,Signed by the Speaker of the House,8
SJR16-003,2016,RS,Senate,2016-01-20,"Introduced In Senate - Assigned to Agriculture, Natural Resources, & Energy",1
SJR16-003,2016,RS,Senate,2016-01-28,"Senate Committee on Agriculture, Natural Resources, & Energy Refer Unamended to Senate Committee of the Whole",2
SJR16-003,2016,RS,Senate,2016-02-02,Senate Third Reading Passed - No Amendments,3
SJR16-003,2016,RS,House,2016-02-03,"Introduced In House - Assigned to Agriculture, Livestock, & Natural Resources",4
SJR16-003,2016,RS,House,2016-02-08,"House Committee on Agriculture, Livestock, & Natural Resources Refer Unamended to House Committee of the Whole",5
SJR16-003,2016,RS,House,2016-02-10,House Third Reading Passed - No Amendments,6
SJR16-003,2016,RS,Senate,2016-02-12,Signed by the President of the Senate,7
SJR16-003,2016,RS,House,2016-02-12,Signed by the Speaker of the House,8
SJR16-003,2016,RS,Governor,2016-02-12,Sent to the Governor,9
SJR16-003,2016,RS,Governor,2016-02-18,Governor Signed,10
SJR16-004,2016,RS,Senate,2016-01-22,Introduced In Senate - Assigned to,1
SJR16-004,2016,RS,Senate,2016-01-22,Senate Third Reading Laid Over Daily - No Amendments,2
SJR16-004,2016,RS,Senate,2016-01-25,Senate Third Reading Passed - No Amendments,3
SJR16-004,2016,RS,House,2016-01-25,Introduced In House - Assigned to,4
SJR16-004,2016,RS,House,2016-01-25,House Third Reading Passed - No Amendments,5
SJR16-004,2016,RS,Senate,2016-01-26,Signed by the President of the Senate,6
SJR16-004,2016,RS,House,2016-01-26,Signed by the Speaker of the House,7
SJR16-005,2016,RS,Senate,2016-01-22,Senate Third Reading Passed - No Amendments,1
SJR16-005,2016,RS,Senate,2016-01-22,Introduced In Senate - Assigned to,2
SJR16-005,2016,RS,House,2016-01-22,Introduced In House - Assigned to,3
SJR16-005,2016,RS,House,2016-01-22,House Third Reading Passed - No Amendments,4
SJR16-005,2016,RS,Senate,2016-01-25,Signed by the President of the Senate,5
SJR16-005,2016,RS,House,2016-01-25,Signed by the Speaker of the House,6
SJR16-006,2016,RS,Senate,2016-02-03,Senate Third Reading Laid Over Daily - No Amendments,1
SJR16-006,2016,RS,Senate,2016-02-03,Introduced In Senate - Assigned to,2
SJR16-006,2016,RS,Senate,2016-02-04,Senate Third Reading Passed - No Amendments,3
SJR16-006,2016,RS,House,2016-02-04,Introduced In House - Assigned to,4
SJR16-006,2016,RS,House,2016-02-04,House Third Reading Passed - No Amendments,5
SJR16-006,2016,RS,Senate,2016-02-05,Signed by the President of the Senate,6
SJR16-006,2016,RS,House,2016-02-05,Signed by the Speaker of the House,7
SJR16-007,2016,RS,Senate,2016-02-16,Introduced In Senate - Assigned to,1
SJR16-007,2016,RS,Senate,2016-02-16,Senate Third Reading Laid Over Daily - No Amendments,2
SJR16-007,2016,RS,Senate,2016-02-17,Senate Third Reading Passed - No Amendments,3
SJR16-007,2016,RS,House,2016-02-17,Introduced In House - Assigned to,4
SJR16-007,2016,RS,House,2016-02-17,House Third Reading Passed - No Amendments,5
SJR16-007,2016,RS,Senate,2016-02-19,Signed by the President of the Senate,6
SJR16-007,2016,RS,House,2016-02-19,Signed by the Speaker of the House,7
SJR16-008,2016,RS,Senate,2016-02-17,Introduced In Senate - Assigned to,1
SJR16-008,2016,RS,Senate,2016-02-18,Senate Third Reading Laid Over Daily - No Amendments,2
SJR16-008,2016,RS,Senate,2016-02-19,Senate Third Reading Passed - No Amendments,3
SJR16-008,2016,RS,House,2016-02-19,Introduced In House - Assigned to,4
SJR16-008,2016,RS,House,2016-02-19,House Third Reading Passed - No Amendments,5
SJR16-008,2016,RS,Senate,2016-02-23,Signed by the President of the Senate,6
SJR16-008,2016,RS,House,2016-02-25,Signed by the Speaker of the House,7
SJR16-009,2016,RS,Senate,2016-02-18,Introduced In Senate - Assigned to,1
SJR16-009,2016,RS,Senate,2016-02-18,Senate Third Reading Laid Over Daily - No Amendments,2
SJR16-009,2016,RS,Senate,2016-02-19,Senate Third Reading Passed - No Amendments,3
SJR16-009,2016,RS,House,2016-02-19,Introduced In House - Assigned to,4
SJR16-009,2016,RS,House,2016-02-19,House Third Reading Passed - No Amendments,5
SJR16-009,2016,RS,Senate,2016-02-23,Signed by the President of the Senate,6
SJR16-009,2016,RS,House,2016-02-25,Signed by the Speaker of the House,7
SJR16-010,2016,RS,Senate,2016-02-25,Introduced In Senate - Assigned to,1
SJR16-010,2016,RS,Senate,2016-02-25,Senate Third Reading Laid Over Daily - No Amendments,2
SJR16-010,2016,RS,Senate,2016-02-26,Senate Third Reading Passed - No Amendments,3
SJR16-010,2016,RS,House,2016-02-26,Introduced In House - Assigned to,4
SJR16-010,2016,RS,House,2016-02-26,House Third Reading Passed - No Amendments,5
SJR16-010,2016,RS,Senate,2016-03-01,Signed by the President of the Senate,6
SJR16-010,2016,RS,House,2016-03-01,Signed by the Speaker of the House,7
SJR16-011,2016,RS,Senate,2016-02-29,Introduced In Senate - Assigned to,1
SJR16-011,2016,RS,Senate,2016-02-29,Senate Third Reading Laid Over Daily - No Amendments,2
SJR16-011,2016,RS,Senate,2016-03-01,Senate Third Reading Laid Over to 03/03/2016 - No Amendments,3
SJR16-011,2016,RS,Senate,2016-03-10,Senate Third Reading Passed with Amendments - Floor,4
SJR16-011,2016,RS,House,2016-03-16,Introduced In House - Assigned to,5
SJR16-011,2016,RS,House,2016-04-25,"House Committee on State, Veterans, & Military Affairs Postpone Indefinitely",6
SJR16-012,2016,RS,Senate,2016-03-03,Introduced In Senate - Assigned to,1
SJR16-012,2016,RS,Senate,2016-03-03,Senate Third Reading Passed - No Amendments,2
SJR16-012,2016,RS,House,2016-03-03,Introduced In House - Assigned to,3
SJR16-012,2016,RS,House,2016-03-03,House Third Reading Passed - No Amendments,4
SJR16-012,2016,RS,Senate,2016-03-04,Signed by the President of the Senate,5
SJR16-012,2016,RS,House,2016-03-04,Signed by the Speaker of the House,6
SJR16-013,2016,RS,Senate,2016-03-04,Introduced In Senate - Assigned to,1
SJR16-013,2016,RS,Senate,2016-03-04,Senate Third Reading Laid Over to 03/08/2016 - No Amendments,2
SJR16-013,2016,RS,Senate,2016-03-08,Senate Third Reading Passed - No Amendments,3
SJR16-013,2016,RS,House,2016-03-08,Introduced In House - Assigned to,4
SJR16-013,2016,RS,House,2016-03-08,House Third Reading Passed - No Amendments,5
SJR16-013,2016,RS,Senate,2016-03-10,Signed by the President of the Senate,6
SJR16-013,2016,RS,House,2016-03-10,Signed by the Speaker of the House,7
SJR16-014,2016,RS,Senate,2016-03-04,Introduced In Senate - Assigned to,1
SJR16-014,2016,RS,Senate,2016-03-04,Senate Third Reading Laid Over Daily - No Amendments,2
SJR16-014,2016,RS,Senate,2016-03-10,Senate Third Reading Laid Over to 03/14/2016 - No Amendments,3
SJR16-014,2016,RS,Senate,2016-03-14,Senate Third Reading Laid Over to 03/18/2016 - No Amendments,4
SJR16-014,2016,RS,Senate,2016-03-18,Senate Third Reading Passed with Amendments - Floor,5
SJR16-014,2016,RS,House,2016-03-18,Introduced In House - Assigned to,6
SJR16-014,2016,RS,House,2016-03-18,House Third Reading Passed - No Amendments,7
SJR16-014,2016,RS,Senate,2016-03-22,Signed by the President of the Senate,8
SJR16-014,2016,RS,House,2016-03-30,Signed by the Speaker of the House,9
SJR16-015,2016,RS,Senate,2016-03-11,Introduced In Senate - Assigned to,1
SJR16-015,2016,RS,Senate,2016-03-11,Senate Third Reading Laid Over Daily - No Amendments,2
SJR16-015,2016,RS,Senate,2016-03-14,Senate Third Reading Passed - No Amendments,3
SJR16-015,2016,RS,House,2016-03-14,Introduced In House - Assigned to,4
SJR16-015,2016,RS,House,2016-03-14,House Third Reading Passed - No Amendments,5
SJR16-015,2016,RS,Senate,2016-03-16,Signed by the President of the Senate,6
SJR16-015,2016,RS,House,2016-03-17,Signed by the Speaker of the House,7
SJR16-016,2016,RS,Senate,2016-03-14,Introduced In Senate - Assigned to,1
SJR16-016,2016,RS,Senate,2016-03-14,Senate Third Reading Laid Over to 03/16/2016 - No Amendments,2
SJR16-016,2016,RS,Senate,2016-03-16,Senate Third Reading Passed - No Amendments,3
SJR16-016,2016,RS,House,2016-03-16,Introduced In House - Assigned to,4
SJR16-016,2016,RS,House,2016-03-16,House Third Reading Passed - No Amendments,5
SJR16-016,2016,RS,Senate,2016-03-17,Signed by the President of the Senate,6
SJR16-016,2016,RS,House,2016-03-18,Signed by the Speaker of the House,7
SJR16-017,2016,RS,Senate,2016-03-14,Introduced In Senate - Assigned to,1
SJR16-017,2016,RS,Senate,2016-03-14,Senate Third Reading Laid Over to 03/16/2016 - No Amendments,2
SJR16-017,2016,RS,Senate,2016-03-16,Senate Third Reading Passed - No Amendments,3
SJR16-017,2016,RS,House,2016-03-16,Introduced In House - Assigned to,4
SJR16-017,2016,RS,House,2016-03-16,House Third Reading Passed - No Amendments,5
SJR16-017,2016,RS,Senate,2016-03-18,Signed by the President of the Senate,6
SJR16-017,2016,RS,House,2016-03-18,Signed by the Speaker of the House,7
SJR16-018,2016,RS,Senate,2016-03-14,Introduced In Senate - Assigned to,1
SJR16-018,2016,RS,Senate,2016-03-14,Senate Third Reading Laid Over to 03/16/2016 - No Amendments,2
SJR16-018,2016,RS,Senate,2016-03-16,Senate Third Reading Passed - No Amendments,3
SJR16-018,2016,RS,House,2016-03-16,Introduced In House - Assigned to,4
SJR16-018,2016,RS,House,2016-03-16,House Third Reading Laid Over Daily - No Amendments,5
SJR16-018,2016,RS,House,2016-03-18,House Third Reading Passed - No Amendments,6
SJR16-018,2016,RS,Senate,2016-03-22,Signed by the President of the Senate,7
SJR16-018,2016,RS,House,2016-03-30,Signed by the Speaker of the House,8
SJR16-019,2016,RS,Senate,2016-03-14,Introduced In Senate - Assigned to,1
SJR16-019,2016,RS,Senate,2016-03-14,Senate Third Reading Laid Over Daily - No Amendments,2
SJR16-019,2016,RS,Senate,2016-03-15,Senate Third Reading Passed - No Amendments,3
SJR16-019,2016,RS,House,2016-03-15,Introduced In House - Assigned to,4
SJR16-019,2016,RS,House,2016-03-15,House Third Reading Passed - No Amendments,5
SJR16-019,2016,RS,House,2016-03-18,Signed by the Speaker of the House,6
SJR16-019,2016,RS,Senate,2016-03-18,Signed by the President of the Senate,7
SJR16-020,2016,RS,Senate,2016-03-15,Senate Third Reading Laid Over to 03/29/2016 - No Amendments,1
SJR16-020,2016,RS,Senate,2016-03-15,Introduced In Senate - Assigned to,2
SJR16-020,2016,RS,Senate,2016-03-29,Senate Third Reading Passed - No Amendments,3
SJR16-020,2016,RS,House,2016-03-30,Introduced In House - Assigned to,4
SJR16-020,2016,RS,House,2016-03-30,House Third Reading Laid Over Daily - No Amendments,5
SJR16-020,2016,RS,House,2016-04-01,House Third Reading Passed - No Amendments,6
SJR16-020,2016,RS,Senate,2016-04-06,Signed by the President of the Senate,7
SJR16-020,2016,RS,House,2016-04-07,Signed by the Speaker of the House,8
SJR16-021,2016,RS,Senate,2016-03-17,Senate Third Reading Laid Over to 03/21/2016 - No Amendments,1
SJR16-021,2016,RS,Senate,2016-03-17,Introduced In Senate - Assigned to,2
SJR16-021,2016,RS,Senate,2016-03-21,Senate Third Reading Passed with Amendments - Floor,3
SJR16-021,2016,RS,House,2016-03-21,Introduced In House - Assigned to,4
SJR16-021,2016,RS,House,2016-03-21,House Third Reading Passed - No Amendments,5
SJR16-021,2016,RS,Senate,2016-03-22,Signed by the President of the Senate,6
SJR16-021,2016,RS,House,2016-03-30,Signed by the Speaker of the House,7
SJR16-022,2016,RS,Senate,2016-03-17,Senate Third Reading Laid Over to 03/21/2016 - No Amendments,1
SJR16-022,2016,RS,Senate,2016-03-17,Introduced In Senate - Assigned to,2
SJR16-022,2016,RS,Senate,2016-03-21,Senate Third Reading Passed - No Amendments,3
SJR16-022,2016,RS,House,2016-03-21,Introduced In House - Assigned to,4
SJR16-022,2016,RS,House,2016-03-21,House Third Reading Passed - No Amendments,5
SJR16-022,2016,RS,Senate,2016-03-22,Signed by the President of the Senate,6
SJR16-022,2016,RS,House,2016-03-30,Signed by the Speaker of the House,7
SJR16-023,2016,RS,Senate,2016-03-17,Senate Third Reading Laid Over to 03/21/2016 - No Amendments,1
SJR16-023,2016,RS,Senate,2016-03-17,Introduced In Senate - Assigned to,2
SJR16-023,2016,RS,Senate,2016-03-21,Senate Third Reading Passed - No Amendments,3
SJR16-023,2016,RS,House,2016-03-21,Introduced In House - Assigned to,4
SJR16-023,2016,RS,House,2016-03-21,House Third Reading Laid Over Daily - No Amendments,5
SJR16-023,2016,RS,House,2016-03-22,House Third Reading Passed - No Amendments,6
SJR16-023,2016,RS,Senate,2016-03-28,Signed by the President of the Senate,7
SJR16-023,2016,RS,House,2016-03-28,Signed by the Speaker of the House,8
SJR16-024,2016,RS,Senate,2016-03-21,Senate Third Reading Laid Over to 03/24/2016 - No Amendments,1
SJR16-024,2016,RS,Senate,2016-03-21,Introduced In Senate - Assigned to,2
SJR16-024,2016,RS,Senate,2016-03-24,Signed by the President of the Senate,3
SJR16-024,2016,RS,Senate,2016-03-24,Senate Third Reading Passed - No Amendments,4
SJR16-024,2016,RS,House,2016-03-24,Introduced In House - Assigned to,5
SJR16-024,2016,RS,House,2016-03-24,House Third Reading Passed - No Amendments,6
SJR16-024,2016,RS,House,2016-03-28,Signed by the Speaker of the House,7
SJR16-025,2016,RS,Senate,2016-03-30,Senate Third Reading Laid Over to 04/04/2016 - No Amendments,1
SJR16-025,2016,RS,Senate,2016-03-30,Introduced In Senate - Assigned to,2
SJR16-025,2016,RS,Senate,2016-04-04,Senate Third Reading Passed - No Amendments,3
SJR16-025,2016,RS,House,2016-04-06,Introduced In House - Assigned to,4
SJR16-025,2016,RS,House,2016-04-07,House Third Reading Laid Over Daily - No Amendments,5
SJR16-025,2016,RS,House,2016-04-08,House Third Reading Passed - No Amendments,6
SJR16-025,2016,RS,Senate,2016-04-14,Signed by the President of the Senate,7
SJR16-025,2016,RS,House,2016-04-14,Signed by the Speaker of the House,8
SJR16-026,2016,RS,Senate,2016-03-30,Senate Third Reading Laid Over to 04/01/2016 - No Amendments,1
SJR16-026,2016,RS,Senate,2016-03-30,Introduced In Senate - Assigned to,2
SJR16-026,2016,RS,Senate,2016-04-01,Senate Third Reading Passed with Amendments - Floor,3
SJR16-026,2016,RS,House,2016-04-01,Introduced In House - Assigned to,4
SJR16-026,2016,RS,House,2016-04-01,House Third Reading Passed with Amendments - Floor,5
SJR16-026,2016,RS,Senate,2016-04-04,Senate Considered House Amendments - Result was to Concur - Repass,6
SJR16-026,2016,RS,Senate,2016-04-26,Signed by the President of the Senate,7
SJR16-026,2016,RS,House,2016-04-26,Signed by the Speaker of the House,8
SJR16-027,2016,RS,Senate,2016-04-01,Senate Third Reading Laid Over to 04/08/2016 - No Amendments,1
SJR16-027,2016,RS,Senate,2016-04-01,Introduced In Senate - Assigned to,2
SJR16-027,2016,RS,Senate,2016-04-08,Senate Third Reading Passed - No Amendments,3
SJR16-027,2016,RS,House,2016-04-08,Introduced In House - Assigned to,4
SJR16-027,2016,RS,House,2016-04-08,House Third Reading Passed - No Amendments,5
SJR16-027,2016,RS,Senate,2016-04-14,Signed by the President of the Senate,6
SJR16-027,2016,RS,House,2016-04-14,Signed by the Speaker of the House,7
SJR16-028,2016,RS,Senate,2016-04-04,Introduced In Senate - Assigned to,1
SJR16-028,2016,RS,Senate,2016-04-04,Senate Third Reading Passed - No Amendments,2
SJR16-028,2016,RS,House,2016-04-06,Introduced In House - Assigned to,3
SJR16-028,2016,RS,House,2016-04-07,House Third Reading Laid Over Daily - No Amendments,4
SJR16-028,2016,RS,House,2016-04-08,House Third Reading Passed - No Amendments,5
SJR16-028,2016,RS,Senate,2016-04-26,Signed by the President of the Senate,6
SJR16-028,2016,RS,House,2016-04-26,Signed by the Speaker of the House,7
SJR16-029,2016,RS,Senate,2016-04-07,Introduced In Senate - Assigned to,1
SJR16-029,2016,RS,Senate,2016-04-07,Senate Third Reading Laid Over Daily - No Amendments,2
SJR16-029,2016,RS,Senate,2016-04-08,Senate Third Reading Passed - No Amendments,3
SJR16-029,2016,RS,House,2016-04-15,Introduced In House - Assigned to,4
SJR16-029,2016,RS,House,2016-04-15,House Third Reading Laid Over Daily - No Amendments,5
SJR16-029,2016,RS,House,2016-04-19,House Third Reading Passed - No Amendments,6
SJR16-029,2016,RS,Senate,2016-05-17,Signed by the President of the Senate,7
SJR16-029,2016,RS,House,2016-05-17,Signed by the Speaker of the House,8
SJR16-030,2016,RS,Senate,2016-04-11,Introduced In Senate - Assigned to,1
SJR16-030,2016,RS,Senate,2016-04-11,Senate Third Reading Laid Over to 04/13/2016 - No Amendments,2
SJR16-030,2016,RS,Senate,2016-04-13,Senate Third Reading Passed with Amendments - Floor,3
SJR16-030,2016,RS,House,2016-04-13,Introduced In House - Assigned to,4
SJR16-030,2016,RS,House,2016-04-13,House Third Reading Laid Over Daily - No Amendments,5
SJR16-030,2016,RS,House,2016-04-19,House Third Reading Passed - No Amendments,6
SJR16-030,2016,RS,Senate,2016-05-18,Signed by the President of the Senate,7
SJR16-030,2016,RS,House,2016-05-20,Signed by the Speaker of the House,8
SJR16-031,2016,RS,Senate,2016-04-11,Introduced In Senate - Assigned to,1
SJR16-031,2016,RS,Senate,2016-04-11,Senate Third Reading Laid Over Daily - No Amendments,2
SJR16-031,2016,RS,Senate,2016-04-12,Senate Third Reading Passed - No Amendments,3
SJR16-031,2016,RS,House,2016-04-12,Introduced In House - Assigned to,4
SJR16-031,2016,RS,House,2016-04-12,House Third Reading Laid Over Daily - No Amendments,5
SJR16-031,2016,RS,House,2016-04-19,House Third Reading Passed - No Amendments,6
SJR16-031,2016,RS,Senate,2016-05-18,Signed by the President of the Senate,7
SJR16-032,2016,RS,Senate,2016-04-11,Introduced In Senate - Assigned to,1
SJR16-032,2016,RS,Senate,2016-04-11,Senate Third Reading Laid Over Daily - No Amendments,2
SJR16-032,2016,RS,Senate,2016-04-12,Senate Third Reading Laid Over to 04/15/2016 - No Amendments,3
SJR16-032,2016,RS,Senate,2016-04-18,Senate Third Reading Laid Over to 04/29/2016 - No Amendments,4
SJR16-032,2016,RS,Senate,2016-04-29,Senate Third Reading Passed with Amendments - Floor,5
SJR16-032,2016,RS,House,2016-04-29,Introduced In House - Assigned to,6
SJR16-032,2016,RS,House,2016-04-29,House Third Reading Passed - No Amendments,7
SJR16-032,2016,RS,Senate,2016-05-17,Signed by the President of the Senate,8
SJR16-032,2016,RS,House,2016-05-17,Signed by the Speaker of the House,9
SJR16-033,2016,RS,Senate,2016-04-13,Introduced In Senate - Assigned to,1
SJR16-033,2016,RS,Senate,2016-04-13,Senate Third Reading Laid Over Daily - No Amendments,2
SJR16-033,2016,RS,Senate,2016-04-18,Senate Third Reading Passed - No Amendments,3
SJR16-033,2016,RS,House,2016-04-18,Introduced In House - Assigned to,4
SJR16-033,2016,RS,House,2016-04-18,House Third Reading Laid Over Daily - No Amendments,5
SJR16-033,2016,RS,House,2016-04-19,House Third Reading Passed - No Amendments,6
SJR16-033,2016,RS,Senate,2016-04-27,Signed by the President of the Senate,7
SJR16-033,2016,RS,House,2016-05-02,Signed by the Speaker of the House,8
SJR16-034,2016,RS,Senate,2016-04-18,Introduced In Senate - Assigned to,1
SJR16-034,2016,RS,Senate,2016-04-18,Senate Third Reading Laid Over to 04/29/2016 - No Amendments,2
SJR16-034,2016,RS,Senate,2016-04-29,Senate Third Reading Laid Over to 5/02/2016 - No Amendments,3
SJR16-034,2016,RS,Senate,2016-05-02,Senate Third Reading Laid Over Daily - No Amendments,4
SJR16-034,2016,RS,Senate,2016-05-03,Senate Third Reading Laid Over to 05/06/2016 - No Amendments,5
SJR16-034,2016,RS,Senate,2016-05-06,Senate Third Reading Passed - No Amendments,6
SJR16-034,2016,RS,House,2016-05-06,Introduced In House - Assigned to,7
SJR16-034,2016,RS,House,2016-05-06,House Third Reading Passed - No Amendments,8
SJR16-034,2016,RS,Senate,2016-05-18,Signed by the President of the Senate,9
SJR16-034,2016,RS,House,2016-05-20,Signed by the Speaker of the House,10
SJR16-035,2016,RS,Senate,2016-04-18,Introduced In Senate - Assigned to,1
SJR16-035,2016,RS,Senate,2016-04-18,Senate Third Reading Laid Over to 04/25/2016 - No Amendments,2
SJR16-035,2016,RS,Senate,2016-04-25,Senate Third Reading Laid Over Daily - No Amendments,3
SJR16-035,2016,RS,Senate,2016-04-26,Senate Third Reading Passed - No Amendments,4
SJR16-035,2016,RS,House,2016-04-26,Introduced In House - Assigned to,5
SJR16-035,2016,RS,House,2016-04-26,House Third Reading Passed - No Amendments,6
SJR16-035,2016,RS,Senate,2016-05-18,Signed by the President of the Senate,7
SJR16-035,2016,RS,House,2016-05-20,Signed by the Speaker of the House,8
SJR16-036,2016,RS,Senate,2016-04-20,Introduced In Senate - Assigned to,1
SJR16-036,2016,RS,Senate,2016-04-20,Senate Third Reading Laid Over Daily - No Amendments,2
SJR16-036,2016,RS,Senate,2016-04-21,Senate Third Reading Passed - No Amendments,3
SJR16-036,2016,RS,House,2016-04-21,Introduced In House - Assigned to,4
SJR16-036,2016,RS,House,2016-04-21,House Third Reading Passed - No Amendments,5
SJR16-036,2016,RS,Senate,2016-05-16,Signed by the President of the Senate,6
SJR16-036,2016,RS,House,2016-05-17,Signed by the Speaker of the House,7
SJR16-037,2016,RS,Senate,2016-04-20,Introduced In Senate - Assigned to,1
SJR16-037,2016,RS,Senate,2016-04-20,Senate Third Reading Laid Over to 04/22/2016 - No Amendments,2
SJR16-037,2016,RS,Senate,2016-04-22,Senate Third Reading Passed - No Amendments,3
SJR16-037,2016,RS,House,2016-04-22,Introduced In House - Assigned to,4
SJR16-037,2016,RS,House,2016-04-22,House Third Reading Passed - No Amendments,5
SJR16-037,2016,RS,Senate,2016-05-18,Signed by the President of the Senate,6
SJR16-037,2016,RS,House,2016-05-20,Signed by the Speaker of the House,7
SJR16-038,2016,RS,Senate,2016-04-28,Introduced In Senate - Assigned to,1
SJR16-038,2016,RS,Senate,2016-04-28,Senate Third Reading Laid Over Daily - No Amendments,2
SJR16-038,2016,RS,Senate,2016-04-29,Senate Third Reading Passed - No Amendments,3
SJR16-038,2016,RS,House,2016-05-02,Introduced In House - Assigned to,4
SJR16-038,2016,RS,House,2016-05-03,House Third Reading Laid Over Daily - No Amendments,5
SJR16-039,2016,RS,Senate,2016-04-28,Introduced In Senate - Assigned to,1
SJR16-039,2016,RS,Senate,2016-04-28,Senate Third Reading Laid Over Daily - No Amendments,2
SJR16-039,2016,RS,Senate,2016-04-29,Senate Third Reading Passed - No Amendments,3
SJR16-039,2016,RS,House,2016-05-02,"Introduced In House - Assigned to State, Veterans, & Military Affairs",4
SJR16-039,2016,RS,House,2016-05-09,"House Committee on State, Veterans, & Military Affairs Refer Unamended to House Committee of the Whole",5
SJR16-040,2016,RS,Senate,2016-04-29,"Introduced In Senate - Assigned to State, Veterans, & Military Affairs",1
SJR16-040,2016,RS,Senate,2016-05-03,"Senate Committee on State, Veterans, & Military Affairs Witness Testimony and/or Committee Discussion Only",2
SJR16-040,2016,RS,Senate,2016-05-12,"Senate Committee on State, Veterans, & Military Affairs Postpone Indefinitely",3
SJR16-041,2016,RS,Senate,2016-05-09,Introduced In Senate - Assigned to,1
SJR16-041,2016,RS,Senate,2016-05-09,Senate Third Reading Laid Over Daily - No Amendments,2
SJR16-041,2016,RS,House,2016-05-11,Introduced In House - Assigned to,3
SJR16-041,2016,RS,House,2016-05-11,House Third Reading Passed - No Amendments,4
SJR16-041,2016,RS,Senate,2016-05-18,Signed by the President of the Senate,5
SM16-001,2016,RS,Senate,2016-03-30,Senate Third Reading Laid Over to 04/04/2016 - No Amendments,1
SM16-001,2016,RS,Senate,2016-03-30,Introduced In Senate - Assigned to,2
SM16-001,2016,RS,Senate,2016-04-04,Senate Third Reading Passed - No Amendments,3
SM16-001,2016,RS,Senate,2016-04-06,Signed by the President of the Senate,4
SM16-002,2016,RS,Senate,2016-04-07,Introduced In Senate - Assigned to,1
SM16-002,2016,RS,Senate,2016-04-07,Senate Third Reading Laid Over to 04/11/2016 - No Amendments,2
SM16-002,2016,RS,Senate,2016-04-11,Senate Third Reading Laid Over Daily - No Amendments,3
SM16-002,2016,RS,Senate,2016-04-12,Senate Third Reading Laid Over to 04/15/2016 - No Amendments,4
SM16-002,2016,RS,Senate,2016-04-15,Senate Third Reading Passed - No Amendments,5
SM16-002,2016,RS,Senate,2016-04-27,Signed by the President of the Senate,6
SR16-001,2016,RS,Senate,2016-01-13,Introduced In Senate - Assigned to,1
SR16-001,2016,RS,Senate,2016-01-13,Senate Third Reading Laid Over Daily - No Amendments,2
SR16-001,2016,RS,Senate,2016-01-14,Senate Third Reading Passed - No Amendments,3
SR16-001,2016,RS,Senate,2016-01-14,Signed by the President of the Senate,4
SR16-002,2016,RS,Senate,2016-02-03,Introduced In Senate - Assigned to,1
SR16-002,2016,RS,Senate,2016-02-03,Senate Third Reading Laid Over to 03/07/2016 - No Amendments,2
SR16-002,2016,RS,Senate,2016-03-07,Senate Third Reading Passed - No Amendments,3
SR16-002,2016,RS,Senate,2016-03-10,Signed by the President of the Senate,4
SR16-003,2016,RS,Senate,2016-03-16,Senate Third Reading Laid Over Daily - No Amendments,1
SR16-003,2016,RS,Senate,2016-03-16,Introduced In Senate - Assigned to,2
SR16-003,2016,RS,Senate,2016-03-17,Senate Third Reading Passed - No Amendments,3
SR16-003,2016,RS,Senate,2016-03-22,Signed by the President of the Senate,4
SR16-004,2016,RS,Senate,2016-05-03,Introduced In Senate - Assigned to,1
SR16-004,2016,RS,Senate,2016-05-03,Senate Third Reading Passed - No Amendments,2
SR16-004,2016,RS,Senate,2016-05-16,Signed by the President of the Senate,3
