bill_number,session,session_type,action_date,action,order
HB15-1001,2015,RS,2015-01-07,Introduced In House - Assigned to Education + Appropriations,1
HB15-1001,2015,RS,2015-01-26,House Committee on Education Refer Amended to Appropriations,2
HB15-1001,2015,RS,2015-04-10,House Committee on Appropriations Refer Amended to House Committee of the Whole,3
HB15-1001,2015,RS,2015-04-13,House Second Reading Laid Over Daily - No Amendments,4
HB15-1001,2015,RS,2015-04-17,"House Second Reading Passed with Amendments - Committee, Floor",5
HB15-1001,2015,RS,2015-04-20,House Third Reading Laid Over Daily - No Amendments,6
HB15-1001,2015,RS,2015-04-22,House Third Reading Passed - No Amendments,7
HB15-1001,2015,RS,2015-04-22,Introduced In Senate - Assigned to Education + Appropriations,8
HB15-1001,2015,RS,2015-04-30,Senate Committee on Education Postpone Indefinitely,9
HB15-1002,2015,RS,2015-01-07,Introduced In House - Assigned to Business Affairs and Labor + Appropriations,1
HB15-1002,2015,RS,2015-02-03,House Committee on Business Affairs and Labor Witness Testimony and/or Committee Discussion Only,2
HB15-1002,2015,RS,2015-03-05,House Committee on Business Affairs and Labor Refer Amended to Appropriations,3
HB15-1002,2015,RS,2015-04-02,House Committee on Appropriations Refer Amended to House Committee of the Whole,4
HB15-1002,2015,RS,2015-04-06,House Second Reading Passed with Amendments - Committee,5
HB15-1002,2015,RS,2015-04-07,House Third Reading Passed - No Amendments,6
HB15-1002,2015,RS,2015-04-09,"Introduced In Senate - Assigned to Business, Labor, & Technology",7
HB15-1002,2015,RS,2015-04-29,"Senate Committee on Business, Labor, & Technology Postpone Indefinitely",8
HB15-1003,2015,RS,2015-01-07,Introduced In House - Assigned to Transportation & Energy,1
HB15-1003,2015,RS,2015-04-15,House Committee on Transportation & Energy Refer Amended to Appropriations,2
HB15-1003,2015,RS,2015-04-22,House Committee on Appropriations Refer Amended to House Committee of the Whole,3
HB15-1003,2015,RS,2015-04-23,House Second Reading Passed with Amendments - Committee,4
HB15-1003,2015,RS,2015-04-27,House Third Reading Passed - No Amendments,5
HB15-1003,2015,RS,2015-04-27,"Introduced In Senate - Assigned to State, Veterans, & Military Affairs",6
HB15-1003,2015,RS,2015-05-04,"Senate Committee on State, Veterans, & Military Affairs Postpone Indefinitely",7
HB15-1004,2015,RS,2015-01-07,Introduced In House - Assigned to Transportation & Energy,1
HB15-1004,2015,RS,2015-01-21,House Committee on Transportation & Energy Refer Unamended to Appropriations,2
HB15-1004,2015,RS,2015-01-30,House Committee on Appropriations Refer Amended to House Committee of the Whole,3
HB15-1004,2015,RS,2015-02-03,House Second Reading Passed with Amendments - Committee,4
HB15-1004,2015,RS,2015-02-04,House Third Reading Passed - No Amendments,5
HB15-1004,2015,RS,2015-02-06,Introduced In Senate - Assigned to Transportation,6
HB15-1004,2015,RS,2015-02-19,Senate Committee on Transportation Refer Unamended to Appropriations,7
HB15-1004,2015,RS,2015-03-13,Senate Committee on Appropriations Refer Unamended to Senate Committee of the Whole,8
HB15-1004,2015,RS,2015-03-17,Senate Second Reading Laid Over Daily - No Amendments,9
HB15-1004,2015,RS,2015-03-18,Senate Second Reading Passed - No Amendments,10
HB15-1004,2015,RS,2015-03-19,Senate Third Reading Passed - No Amendments,11
HB15-1004,2015,RS,2015-03-20,Signed by the Speaker of the House,12
HB15-1004,2015,RS,2015-03-20,Signed by the President of the Senate,13
HB15-1004,2015,RS,2015-03-20,Sent to the Governor,14
HB15-1004,2015,RS,2015-03-30,Governor Signed,15
HB15-1005,2015,RS,2015-01-07,"Introduced In House - Assigned to State, Veterans, & Military Affairs + Appropriations",1
HB15-1005,2015,RS,2015-01-26,"House Committee on State, Veterans, & Military Affairs Postpone Indefinitely",2
HB15-1006,2015,RS,2015-01-07,"Introduced In House - Assigned to Agriculture, Livestock, & Natural Resources + Appropriations",1
HB15-1006,2015,RS,2015-02-02,"House Committee on Agriculture, Livestock, & Natural Resources Refer Amended to Appropriations",2
HB15-1006,2015,RS,2015-04-22,"House Committee on Appropriations Re-Refer Unamended to Agriculture, Livestock, & Natural Resources",3
HB15-1006,2015,RS,2015-04-27,"House Committee on Agriculture, Livestock, & Natural Resources Witness Testimony and/or Committee Discussion Only",4
HB15-1006,2015,RS,2015-04-29,"House Committee on Agriculture, Livestock, & Natural Resources Re-Refer Amended to Appropriations",5
HB15-1006,2015,RS,2015-05-01,House Committee on Appropriations Refer Amended to House Committee of the Whole,6
HB15-1006,2015,RS,2015-05-01,House Second Reading Special Order - Passed with Amendments - Committee,7
HB15-1006,2015,RS,2015-05-04,House Third Reading Passed - No Amendments,8
HB15-1006,2015,RS,2015-05-04,"Introduced In Senate - Assigned to Agriculture, Natural Resources, & Energy + Appropriations",9
HB15-1006,2015,RS,2015-05-04,"Senate Committee on Agriculture, Natural Resources, & Energy Refer Unamended to Appropriations",10
HB15-1006,2015,RS,2015-05-05,Senate Committee on Appropriations Refer Unamended to Senate Committee of the Whole,11
HB15-1006,2015,RS,2015-05-05,Senate Second Reading Special Order - Passed - No Amendments,12
HB15-1006,2015,RS,2015-05-06,Senate Third Reading Passed - No Amendments,13
HB15-1006,2015,RS,2015-05-08,Signed by the Speaker of the House,14
HB15-1006,2015,RS,2015-05-08,Signed by the President of the Senate,15
HB15-1006,2015,RS,2015-05-11,Sent to the Governor,16
HB15-1006,2015,RS,2015-05-12,Governor Signed,17
HB15-1007,2015,RS,2015-01-07,Introduced In House - Assigned to Finance,1
HB15-1007,2015,RS,2015-02-11,House Committee on Finance Refer Amended to House Committee of the Whole,2
HB15-1007,2015,RS,2015-02-17,House Second Reading Laid Over Daily - No Amendments,3
HB15-1007,2015,RS,2015-04-27,"House Second Reading Passed with Amendments - Committee, Floor",4
HB15-1007,2015,RS,2015-04-28,House Third Reading Passed - No Amendments,5
HB15-1007,2015,RS,2015-04-28,"Introduced In Senate - Assigned to State, Veterans, & Military Affairs",6
HB15-1007,2015,RS,2015-05-01,"Senate Committee on State, Veterans, & Military Affairs Postpone Indefinitely",7
HB15-1008,2015,RS,2015-01-07,"Introduced In House - Assigned to Agriculture, Livestock, & Natural Resources + Finance",1
HB15-1008,2015,RS,2015-02-04,"House Committee on Agriculture, Livestock, & Natural Resources Refer Amended to Finance",2
HB15-1008,2015,RS,2015-02-18,House Committee on Finance Refer Amended to House Committee of the Whole,3
HB15-1008,2015,RS,2015-02-24,House Second Reading Passed with Amendments - Committee,4
HB15-1008,2015,RS,2015-02-25,House Third Reading Passed - No Amendments,5
HB15-1008,2015,RS,2015-03-03,Introduced In Senate - Assigned to Local Government,6
HB15-1008,2015,RS,2015-03-24,Senate Committee on Local Government Refer Unamended - Consent Calendar to Senate Committee of the Whole,7
HB15-1008,2015,RS,2015-03-27,Senate Second Reading Passed - No Amendments,8
HB15-1008,2015,RS,2015-03-30,Senate Third Reading Passed - No Amendments,9
HB15-1008,2015,RS,2015-04-01,Signed by the Speaker of the House,10
HB15-1008,2015,RS,2015-04-02,Signed by the President of the Senate,11
HB15-1008,2015,RS,2015-04-02,Sent to the Governor,12
HB15-1008,2015,RS,2015-04-10,Governor Signed,13
HB15-1009,2015,RS,2015-01-07,"Introduced In House - Assigned to State, Veterans, & Military Affairs",1
HB15-1009,2015,RS,2015-02-02,"House Committee on State, Veterans, & Military Affairs Postpone Indefinitely",2
HB15-1010,2015,RS,2015-01-07,Introduced In House - Assigned to Business Affairs and Labor,1
HB15-1010,2015,RS,2015-01-20,House Committee on Business Affairs and Labor Refer Unamended to House Committee of the Whole,2
HB15-1010,2015,RS,2015-01-23,House Second Reading Passed - No Amendments,3
HB15-1010,2015,RS,2015-01-26,House Third Reading Passed - No Amendments,4
HB15-1010,2015,RS,2015-01-28,"Introduced In Senate - Assigned to Business, Labor, & Technology",5
HB15-1010,2015,RS,2015-02-25,"Senate Committee on Business, Labor, & Technology Refer Unamended - Consent Calendar to Senate Committee of the Whole",6
HB15-1010,2015,RS,2015-03-02,Senate Second Reading Passed - No Amendments,7
HB15-1010,2015,RS,2015-03-03,Senate Third Reading Passed - No Amendments,8
HB15-1010,2015,RS,2015-03-06,Signed by the Speaker of the House,9
HB15-1010,2015,RS,2015-03-09,Signed by the President of the Senate,10
HB15-1010,2015,RS,2015-03-09,Sent to the Governor,11
HB15-1010,2015,RS,2015-03-18,Governor Signed,12
HB15-1011,2015,RS,2015-01-07,"Introduced In House - Assigned to State, Veterans, & Military Affairs",1
HB15-1011,2015,RS,2015-01-28,"House Committee on State, Veterans, & Military Affairs Postpone Indefinitely",2
HB15-1012,2015,RS,2015-01-07,Introduced In House - Assigned to Finance + Transportation & Energy + Appropriations,1
HB15-1012,2015,RS,2015-01-21,House Committee on Finance Refer Amended to Transportation & Energy,2
HB15-1012,2015,RS,2015-01-28,House Committee on Transportation & Energy Refer Unamended to Appropriations,3
HB15-1012,2015,RS,2015-02-06,House Committee on Appropriations Refer Unamended to House Committee of the Whole,4
HB15-1012,2015,RS,2015-02-13,House Second Reading Passed with Amendments - Committee,5
HB15-1012,2015,RS,2015-02-17,House Third Reading Laid Over Daily - No Amendments,6
HB15-1012,2015,RS,2015-02-19,House Third Reading Passed - No Amendments,7
HB15-1012,2015,RS,2015-02-25,Introduced In Senate - Assigned to Finance,8
HB15-1012,2015,RS,2015-03-05,Senate Committee on Finance Refer Unamended - Consent Calendar to Senate Committee of the Whole,9
HB15-1012,2015,RS,2015-03-10,Senate Second Reading Passed - No Amendments,10
HB15-1012,2015,RS,2015-03-11,Senate Third Reading Passed - No Amendments,11
HB15-1012,2015,RS,2015-03-13,Signed by the President of the Senate,12
HB15-1012,2015,RS,2015-03-13,Signed by the Speaker of the House,13
HB15-1012,2015,RS,2015-03-16,Sent to the Governor,14
HB15-1012,2015,RS,2015-03-26,Governor Signed,15
HB15-1013,2015,RS,2015-01-07,"Introduced In House - Assigned to Agriculture, Livestock, & Natural Resources + Appropriations",1
HB15-1013,2015,RS,2015-01-26,"House Committee on Agriculture, Livestock, & Natural Resources Refer Amended to Appropriations",2
HB15-1013,2015,RS,2015-04-02,House Committee on Appropriations Refer Amended to House Committee of the Whole,3
HB15-1013,2015,RS,2015-04-06,House Second Reading Laid Over to 04/10/2015 - No Amendments,4
HB15-1013,2015,RS,2015-04-10,House Second Reading Passed with Amendments - Committee,5
HB15-1013,2015,RS,2015-04-13,House Third Reading Passed - No Amendments,6
HB15-1013,2015,RS,2015-04-14,"Introduced In Senate - Assigned to Agriculture, Natural Resources, & Energy + Appropriations",7
HB15-1013,2015,RS,2015-04-23,"Senate Committee on Agriculture, Natural Resources, & Energy Refer Amended to Appropriations",8
HB15-1013,2015,RS,2015-04-28,Senate Committee on Appropriations Refer Unamended to Senate Committee of the Whole,9
HB15-1013,2015,RS,2015-04-30,"Senate Second Reading Passed with Amendments - Committee, Floor",10
HB15-1013,2015,RS,2015-05-01,Senate Third Reading Passed - No Amendments,11
HB15-1013,2015,RS,2015-05-04,House Considered Senate Amendments - Result was to Not Concur - Request Conference Committee,12
HB15-1013,2015,RS,2015-05-06,First Conference Committee Result was to Adopt Rerevised w/ Amendments,13
HB15-1013,2015,RS,2015-05-06,Senate Consideration of First Conference Committee Report result was to Adopt Committee Report - Repass,14
HB15-1013,2015,RS,2015-05-06,House Consideration of First Conference Committee Report result was to Adopt Committee Report - Repass,15
HB15-1013,2015,RS,2015-05-14,Signed by the Speaker of the House,16
HB15-1013,2015,RS,2015-05-18,Signed by the President of the Senate,17
HB15-1013,2015,RS,2015-05-18,Sent to the Governor,18
HB15-1013,2015,RS,2015-05-29,Governor Signed,19
HB15-1014,2015,RS,2015-01-07,Introduced In House - Assigned to Transportation & Energy + Finance,1
HB15-1014,2015,RS,2015-02-04,House Committee on Transportation & Energy Refer Unamended to Finance,2
HB15-1014,2015,RS,2015-03-05,House Committee on Finance Refer Amended to Appropriations,3
HB15-1014,2015,RS,2015-04-02,House Committee on Appropriations Postpone Indefinitely,4
HB15-1015,2015,RS,2015-01-07,Introduced In House - Assigned to Public Health Care & Human Services,1
HB15-1015,2015,RS,2015-01-27,House Committee on Public Health Care & Human Services Refer Amended to Appropriations,2
HB15-1015,2015,RS,2015-02-06,House Committee on Appropriations Refer Unamended to House Committee of the Whole,3
HB15-1015,2015,RS,2015-02-13,House Second Reading Passed with Amendments - Committee,4
HB15-1015,2015,RS,2015-02-17,House Third Reading Laid Over Daily - No Amendments,5
HB15-1015,2015,RS,2015-02-19,House Third Reading Passed - No Amendments,6
HB15-1015,2015,RS,2015-02-25,"Introduced In Senate - Assigned to State, Veterans, & Military Affairs",7
HB15-1015,2015,RS,2015-03-11,"Senate Committee on State, Veterans, & Military Affairs Refer Unamended to Appropriations",8
HB15-1015,2015,RS,2015-04-17,Senate Committee on Appropriations Refer Unamended - Consent Calendar to Senate Committee of the Whole,9
HB15-1015,2015,RS,2015-04-20,Senate Second Reading Special Order - Passed - No Amendments,10
HB15-1015,2015,RS,2015-04-21,Senate Third Reading Passed - No Amendments,11
HB15-1015,2015,RS,2015-04-24,Signed by the Speaker of the House,12
HB15-1015,2015,RS,2015-04-28,Signed by the President of the Senate,13
HB15-1015,2015,RS,2015-04-28,Sent to the Governor,14
HB15-1015,2015,RS,2015-05-08,Governor Signed,15
HB15-1016,2015,RS,2015-01-07,"Introduced In House - Assigned to Agriculture, Livestock, & Natural Resources + Finance",1
HB15-1016,2015,RS,2015-02-02,"House Committee on Agriculture, Livestock, & Natural Resources Witness Testimony and/or Committee Discussion Only",2
HB15-1016,2015,RS,2015-02-25,"House Committee on Agriculture, Livestock, & Natural Resources Refer Amended to Appropriations",3
HB15-1016,2015,RS,2015-03-02,"House Committee on Agriculture, Livestock, & Natural Resources Refer Amended to Finance",4
HB15-1016,2015,RS,2015-03-19,House Committee on Finance Refer Amended to Appropriations,5
HB15-1016,2015,RS,2015-04-02,House Committee on Appropriations Refer Amended to House Committee of the Whole,6
HB15-1016,2015,RS,2015-04-06,House Second Reading Passed with Amendments - Committee,7
HB15-1016,2015,RS,2015-04-07,House Third Reading Passed - No Amendments,8
HB15-1016,2015,RS,2015-04-09,"Introduced In Senate - Assigned to Agriculture, Natural Resources, & Energy",9
HB15-1016,2015,RS,2015-04-16,"Senate Committee on Agriculture, Natural Resources, & Energy Refer Amended to Appropriations",10
HB15-1016,2015,RS,2015-04-24,Senate Committee on Appropriations Refer Unamended - Consent Calendar to Senate Committee of the Whole,11
HB15-1016,2015,RS,2015-04-24,Senate Second Reading Special Order - Passed with Amendments - Committee,12
HB15-1016,2015,RS,2015-04-27,Senate Third Reading Passed - No Amendments,13
HB15-1016,2015,RS,2015-04-30,House Considered Senate Amendments - Result was to Concur - Repass,14
HB15-1016,2015,RS,2015-04-30,House Considered Senate Amendments - Result was to Laid Over Daily,15
HB15-1016,2015,RS,2015-05-06,Signed by the Speaker of the House,16
HB15-1016,2015,RS,2015-05-08,Sent to the Governor,17
HB15-1016,2015,RS,2015-05-08,Signed by the President of the Senate,18
HB15-1016,2015,RS,2015-05-29,Governor Signed,19
HB15-1017,2015,RS,2015-01-07,Introduced In House - Assigned to Local Government,1
HB15-1017,2015,RS,2015-01-21,House Committee on Local Government Refer Unamended to House Committee of the Whole,2
HB15-1017,2015,RS,2015-01-27,House Second Reading Passed with Amendments - Floor,3
HB15-1017,2015,RS,2015-01-28,House Third Reading Passed - No Amendments,4
HB15-1017,2015,RS,2015-02-06,Introduced In Senate - Assigned to Local Government,5
HB15-1017,2015,RS,2015-02-10,Senate Committee on Local Government Refer Unamended - Consent Calendar to Senate Committee of the Whole,6
HB15-1017,2015,RS,2015-02-13,Senate Second Reading Passed - No Amendments,7
HB15-1017,2015,RS,2015-02-17,Senate Third Reading Passed - No Amendments,8
HB15-1017,2015,RS,2015-02-17,Senate Third Reading Reconsidered - No Amendments,9
HB15-1017,2015,RS,2015-02-17,Senate Third Reading Passed - No Amendments,10
HB15-1017,2015,RS,2015-03-02,Signed by the Speaker of the House,11
HB15-1017,2015,RS,2015-03-03,Signed by the President of the Senate,12
HB15-1017,2015,RS,2015-03-03,Sent to the Governor,13
HB15-1017,2015,RS,2015-03-11,Governor Signed,14
HB15-1018,2015,RS,2015-01-07,Introduced In House - Assigned to Judiciary + Public Health Care & Human Services,1
HB15-1018,2015,RS,2015-02-03,House Committee on Judiciary Refer Amended to Public Health Care & Human Services,2
HB15-1018,2015,RS,2015-02-20,House Committee on Public Health Care & Human Services Refer Amended to Appropriations,3
HB15-1018,2015,RS,2015-04-10,House Committee on Appropriations Refer Amended to House Committee of the Whole,4
HB15-1018,2015,RS,2015-04-13,House Second Reading Laid Over Daily - No Amendments,5
HB15-1018,2015,RS,2015-04-14,House Second Reading Passed with Amendments - Committee,6
HB15-1018,2015,RS,2015-04-15,House Third Reading Passed - No Amendments,7
HB15-1018,2015,RS,2015-04-16,"Introduced In Senate - Assigned to State, Veterans, & Military Affairs",8
HB15-1018,2015,RS,2015-04-20,"Senate Committee on State, Veterans, & Military Affairs Postpone Indefinitely",9
HB15-1019,2015,RS,2015-01-07,Introduced In House - Assigned to Judiciary,1
HB15-1019,2015,RS,2015-02-17,House Committee on Judiciary Refer Amended to Appropriations,2
HB15-1019,2015,RS,2015-03-27,House Committee on Appropriations Refer Unamended to House Committee of the Whole,3
HB15-1019,2015,RS,2015-03-30,House Second Reading Passed with Amendments - Committee,4
HB15-1019,2015,RS,2015-03-31,House Third Reading Passed - No Amendments,5
HB15-1019,2015,RS,2015-04-08,Introduced In Senate - Assigned to Judiciary,6
HB15-1019,2015,RS,2015-04-20,Senate Committee on Judiciary Refer Unamended - Consent Calendar to Senate Committee of the Whole,7
HB15-1019,2015,RS,2015-04-23,Senate Second Reading Special Order - Passed - No Amendments,8
HB15-1019,2015,RS,2015-04-24,Senate Third Reading Passed - No Amendments,9
HB15-1019,2015,RS,2015-05-01,Signed by the Speaker of the House,10
HB15-1019,2015,RS,2015-05-01,Signed by the President of the Senate,11
HB15-1019,2015,RS,2015-05-01,Sent to the Governor,12
HB15-1019,2015,RS,2015-05-29,Governor Signed,13
HB15-1020,2015,RS,2015-01-07,Introduced In House - Assigned to Education + Appropriations,1
HB15-1020,2015,RS,2015-01-26,House Committee on Education Refer Unamended to Appropriations,2
HB15-1020,2015,RS,2015-04-02,House Committee on Appropriations Postpone Indefinitely,3
HB15-1021,2015,RS,2015-01-07,Introduced In House - Assigned to Judiciary,1
HB15-1021,2015,RS,2015-01-22,House Committee on Judiciary Refer Unamended to House Committee of the Whole,2
HB15-1021,2015,RS,2015-01-26,House Second Reading Passed - No Amendments,3
HB15-1021,2015,RS,2015-01-27,House Third Reading Passed - No Amendments,4
HB15-1021,2015,RS,2015-01-28,Introduced In Senate - Assigned to Judiciary,5
HB15-1021,2015,RS,2015-02-18,Senate Committee on Judiciary Refer Unamended to Senate Committee of the Whole,6
HB15-1021,2015,RS,2015-02-24,Senate Second Reading Passed - No Amendments,7
HB15-1021,2015,RS,2015-02-25,Senate Third Reading Laid Over Daily - No Amendments,8
HB15-1021,2015,RS,2015-02-26,Senate Third Reading Passed - No Amendments,9
HB15-1021,2015,RS,2015-03-04,Signed by the Speaker of the House,10
HB15-1021,2015,RS,2015-03-05,Signed by the President of the Senate,11
HB15-1021,2015,RS,2015-03-05,Sent to the Governor,12
HB15-1021,2015,RS,2015-03-13,Governor Signed,13
HB15-1022,2015,RS,2015-01-07,Introduced In House - Assigned to Judiciary,1
HB15-1022,2015,RS,2015-01-29,House Committee on Judiciary Refer Amended to House Committee of the Whole,2
HB15-1022,2015,RS,2015-02-03,"House Second Reading Passed with Amendments - Committee, Floor",3
HB15-1022,2015,RS,2015-02-04,House Third Reading Passed - No Amendments,4
HB15-1022,2015,RS,2015-02-06,Introduced In Senate - Assigned to Judiciary,5
HB15-1022,2015,RS,2015-02-24,Senate Committee on Judiciary Refer Unamended - Consent Calendar to Senate Committee of the Whole,6
HB15-1022,2015,RS,2015-02-27,Senate Second Reading Passed - No Amendments,7
HB15-1022,2015,RS,2015-03-02,Senate Third Reading Passed - No Amendments,8
HB15-1022,2015,RS,2015-03-06,Signed by the Speaker of the House,9
HB15-1022,2015,RS,2015-03-09,Signed by the President of the Senate,10
HB15-1022,2015,RS,2015-03-09,Sent to the Governor,11
HB15-1022,2015,RS,2015-03-18,Governor Signed,12
HB15-1023,2015,RS,2015-01-07,Introduced In House - Assigned to Public Health Care & Human Services + Appropriations,1
HB15-1023,2015,RS,2015-01-20,House Committee on Public Health Care & Human Services Refer Unamended to Appropriations,2
HB15-1023,2015,RS,2015-01-30,House Committee on Appropriations Refer Unamended to House Committee of the Whole,3
HB15-1023,2015,RS,2015-02-03,House Second Reading Passed - No Amendments,4
HB15-1023,2015,RS,2015-02-04,House Third Reading Passed - No Amendments,5
HB15-1023,2015,RS,2015-02-06,Introduced In Senate - Assigned to Health & Human Services,6
HB15-1023,2015,RS,2015-02-18,Senate Committee on Health & Human Services Refer Unamended - Consent Calendar to Senate Committee of the Whole,7
HB15-1023,2015,RS,2015-02-24,Senate Second Reading Laid Over Daily - No Amendments,8
HB15-1023,2015,RS,2015-02-25,Senate Second Reading Laid Over Daily - No Amendments,9
HB15-1023,2015,RS,2015-02-26,Senate Second Reading Passed - No Amendments,10
HB15-1023,2015,RS,2015-02-27,Senate Third Reading Passed - No Amendments,11
HB15-1023,2015,RS,2015-03-04,Signed by the Speaker of the House,12
HB15-1023,2015,RS,2015-03-05,Signed by the President of the Senate,13
HB15-1023,2015,RS,2015-03-05,Sent to the Governor,14
HB15-1023,2015,RS,2015-03-13,Governor Signed,15
HB15-1024,2015,RS,2015-01-07,Introduced In House - Assigned to Education + Appropriations,1
HB15-1024,2015,RS,2015-01-26,House Committee on Education Refer Unamended to Appropriations,2
HB15-1024,2015,RS,2015-04-02,House Committee on Appropriations Postpone Indefinitely,3
HB15-1025,2015,RS,2015-01-07,Introduced In House - Assigned to Judiciary,1
HB15-1025,2015,RS,2015-01-29,House Committee on Judiciary Witness Testimony and/or Committee Discussion Only,2
HB15-1025,2015,RS,2015-02-26,House Committee on Judiciary Postpone Indefinitely,3
HB15-1026,2015,RS,2015-01-07,"Introduced In House - Assigned to State, Veterans, & Military Affairs + Transportation & Energy",1
HB15-1026,2015,RS,2015-02-11,"House Committee on State, Veterans, & Military Affairs Refer Unamended to Transportation & Energy",2
HB15-1026,2015,RS,2015-02-18,House Committee on Transportation & Energy Refer Unamended to Finance,3
HB15-1026,2015,RS,2015-02-25,House Committee on Finance Refer Unamended to Appropriations,4
HB15-1026,2015,RS,2015-03-06,House Committee on Appropriations Refer Amended to House Committee of the Whole,5
HB15-1026,2015,RS,2015-03-09,House Second Reading Passed with Amendments - Committee,6
HB15-1026,2015,RS,2015-03-10,House Third Reading Passed - No Amendments,7
HB15-1026,2015,RS,2015-03-12,"Introduced In Senate - Assigned to State, Veterans, & Military Affairs",8
HB15-1026,2015,RS,2015-03-18,"Senate Committee on State, Veterans, & Military Affairs Refer Unamended to Finance",9
HB15-1026,2015,RS,2015-03-24,Senate Committee on Finance Refer Amended to Appropriations,10
HB15-1026,2015,RS,2015-04-17,Senate Committee on Appropriations Refer Unamended to Senate Committee of the Whole,11
HB15-1026,2015,RS,2015-04-21,Senate Second Reading Passed with Amendments - Committee,12
HB15-1026,2015,RS,2015-04-22,Senate Third Reading Passed - No Amendments,13
HB15-1026,2015,RS,2015-04-27,House Considered Senate Amendments - Result was to Concur - Repass,14
HB15-1026,2015,RS,2015-04-27,House Considered Senate Amendments - Result was to Laid Over Daily,15
HB15-1026,2015,RS,2015-05-01,Signed by the Speaker of the House,16
HB15-1026,2015,RS,2015-05-01,Signed by the President of the Senate,17
HB15-1026,2015,RS,2015-05-01,Sent to the Governor,18
HB15-1026,2015,RS,2015-05-27,Governor Signed,19
HB15-1027,2015,RS,2015-01-07,Introduced In House - Assigned to Education + Appropriations,1
HB15-1027,2015,RS,2015-01-26,House Committee on Education Refer Unamended to Appropriations,2
HB15-1027,2015,RS,2015-04-22,House Committee on Appropriations Refer Amended to House Committee of the Whole,3
HB15-1027,2015,RS,2015-04-23,House Second Reading Passed with Amendments - Committee,4
HB15-1027,2015,RS,2015-04-27,House Third Reading Passed - No Amendments,5
HB15-1027,2015,RS,2015-04-27,"Introduced In Senate - Assigned to State, Veterans, & Military Affairs",6
HB15-1027,2015,RS,2015-05-01,"Senate Committee on State, Veterans, & Military Affairs Witness Testimony and/or Committee Discussion Only",7
HB15-1027,2015,RS,2015-05-04,"Senate Committee on State, Veterans, & Military Affairs Postpone Indefinitely",8
HB15-1028,2015,RS,2015-01-07,Introduced In House - Assigned to Business Affairs and Labor,1
HB15-1028,2015,RS,2015-01-20,House Committee on Business Affairs and Labor Refer Unamended to House Committee of the Whole,2
HB15-1028,2015,RS,2015-01-23,House Second Reading Passed - No Amendments,3
HB15-1028,2015,RS,2015-01-26,House Third Reading Passed - No Amendments,4
HB15-1028,2015,RS,2015-01-28,"Introduced In Senate - Assigned to Business, Labor, & Technology",5
HB15-1028,2015,RS,2015-02-25,"Senate Committee on Business, Labor, & Technology Refer Unamended - Consent Calendar to Senate Committee of the Whole",6
HB15-1028,2015,RS,2015-03-02,Senate Second Reading Passed - No Amendments,7
HB15-1028,2015,RS,2015-03-03,Senate Third Reading Passed - No Amendments,8
HB15-1028,2015,RS,2015-03-06,Signed by the Speaker of the House,9
HB15-1028,2015,RS,2015-03-09,Signed by the President of the Senate,10
HB15-1028,2015,RS,2015-03-09,Sent to the Governor,11
HB15-1028,2015,RS,2015-03-18,Governor Signed,12
HB15-1029,2015,RS,2015-01-07,"Introduced In House - Assigned to Health, Insurance, & Environment",1
HB15-1029,2015,RS,2015-01-22,"House Committee on Health, Insurance, & Environment Refer Amended to House Committee of the Whole",2
HB15-1029,2015,RS,2015-01-27,House Second Reading Passed with Amendments - Committee,3
HB15-1029,2015,RS,2015-01-28,House Third Reading Passed - No Amendments,4
HB15-1029,2015,RS,2015-02-06,Introduced In Senate - Assigned to Health & Human Services,5
HB15-1029,2015,RS,2015-02-19,Senate Committee on Health & Human Services Refer Amended to Senate Committee of the Whole,6
HB15-1029,2015,RS,2015-02-24,Senate Second Reading Passed with Amendments - Committee,7
HB15-1029,2015,RS,2015-02-25,Senate Third Reading Laid Over Daily - No Amendments,8
HB15-1029,2015,RS,2015-02-26,Senate Third Reading Laid Over Daily - No Amendments,9
HB15-1029,2015,RS,2015-02-27,Senate Third Reading Passed - No Amendments,10
HB15-1029,2015,RS,2015-02-27,Senate Third Reading Reconsidered - No Amendments,11
HB15-1029,2015,RS,2015-02-27,Senate Third Reading Passed - No Amendments,12
HB15-1029,2015,RS,2015-03-02,House Considered Senate Amendments - Result was to Laid Over Daily,13
HB15-1029,2015,RS,2015-03-04,House Considered Senate Amendments - Result was to Concur - Repass,14
HB15-1029,2015,RS,2015-03-11,Signed by the Speaker of the House,15
HB15-1029,2015,RS,2015-03-12,Sent to the Governor,16
HB15-1029,2015,RS,2015-03-12,Signed by the President of the Senate,17
HB15-1029,2015,RS,2015-03-20,Governor Signed,18
HB15-1030,2015,RS,2015-01-07,"Introduced In House - Assigned to State, Veterans, & Military Affairs + Appropriations",1
HB15-1030,2015,RS,2015-01-26,"House Committee on State, Veterans, & Military Affairs Refer Unamended to Appropriations",2
HB15-1030,2015,RS,2015-04-10,House Committee on Appropriations Refer Amended to House Committee of the Whole,3
HB15-1030,2015,RS,2015-04-13,House Second Reading Laid Over Daily with Amendments - Committee,4
HB15-1030,2015,RS,2015-04-17,House Second Reading Passed with Amendments - Floor,5
HB15-1030,2015,RS,2015-04-20,House Third Reading Passed - No Amendments,6
HB15-1030,2015,RS,2015-04-20,"Introduced In Senate - Assigned to State, Veterans, & Military Affairs",7
HB15-1030,2015,RS,2015-04-22,"Senate Committee on State, Veterans, & Military Affairs Refer Unamended to Appropriations",8
HB15-1030,2015,RS,2015-04-24,Senate Committee on Appropriations Refer Unamended to Senate Committee of the Whole,9
HB15-1030,2015,RS,2015-04-24,Senate Second Reading Special Order - Passed - No Amendments,10
HB15-1030,2015,RS,2015-04-27,Senate Third Reading Passed - No Amendments,11
HB15-1030,2015,RS,2015-05-06,Signed by the Speaker of the House,12
HB15-1030,2015,RS,2015-05-08,Sent to the Governor,13
HB15-1030,2015,RS,2015-05-08,Signed by the President of the Senate,14
HB15-1030,2015,RS,2015-05-27,Governor Signed,15
HB15-1031,2015,RS,2015-01-07,"Introduced In House - Assigned to State, Veterans, & Military Affairs",1
HB15-1031,2015,RS,2015-01-26,"House Committee on State, Veterans, & Military Affairs Refer Amended to House Committee of the Whole",2
HB15-1031,2015,RS,2015-01-29,House Second Reading Passed with Amendments - Committee,3
HB15-1031,2015,RS,2015-01-30,House Third Reading Laid Over Daily - No Amendments,4
HB15-1031,2015,RS,2015-02-02,House Third Reading Passed - No Amendments,5
HB15-1031,2015,RS,2015-02-06,Introduced In Senate - Assigned to Judiciary,6
HB15-1031,2015,RS,2015-02-24,Senate Committee on Judiciary Refer Unamended to Senate Committee of the Whole,7
HB15-1031,2015,RS,2015-02-27,Senate Second Reading Passed with Amendments - Floor,8
HB15-1031,2015,RS,2015-03-02,Senate Third Reading Passed - No Amendments,9
HB15-1031,2015,RS,2015-03-04,House Considered Senate Amendments - Result was to Laid Over Daily,10
HB15-1031,2015,RS,2015-03-06,House Considered Senate Amendments - Result was to Laid Over to 03/06/2015,11
HB15-1031,2015,RS,2015-03-19,House Considered Senate Amendments - Result was to Concur - Repass,12
HB15-1031,2015,RS,2015-03-20,Signed by the Speaker of the House,13
HB15-1031,2015,RS,2015-03-20,Signed by the President of the Senate,14
HB15-1031,2015,RS,2015-03-20,Sent to the Governor,15
HB15-1031,2015,RS,2015-03-30,Governor Signed,16
HB15-1032,2015,RS,2015-01-07,Introduced In House - Assigned to Public Health Care & Human Services,1
HB15-1032,2015,RS,2015-01-27,House Committee on Public Health Care & Human Services Refer Amended to House Committee of the Whole,2
HB15-1032,2015,RS,2015-02-05,"House Second Reading Passed with Amendments - Committee, Floor",3
HB15-1032,2015,RS,2015-02-06,House Third Reading Passed - No Amendments,4
HB15-1032,2015,RS,2015-02-17,Introduced In Senate - Assigned to Health & Human Services,5
HB15-1032,2015,RS,2015-03-04,Senate Committee on Health & Human Services Refer Unamended - Consent Calendar to Senate Committee of the Whole,6
HB15-1032,2015,RS,2015-03-10,Senate Second Reading Passed - No Amendments,7
HB15-1032,2015,RS,2015-03-11,Senate Third Reading Passed - No Amendments,8
HB15-1032,2015,RS,2015-03-13,Signed by the President of the Senate,9
HB15-1032,2015,RS,2015-03-13,Signed by the Speaker of the House,10
HB15-1032,2015,RS,2015-03-16,Sent to the Governor,11
HB15-1032,2015,RS,2015-03-20,Governor Signed,12
HB15-1033,2015,RS,2015-01-07,Introduced In House - Assigned to Public Health Care & Human Services,1
HB15-1033,2015,RS,2015-02-17,House Committee on Public Health Care & Human Services Refer Amended to Appropriations,2
HB15-1033,2015,RS,2015-04-10,House Committee on Appropriations Refer Amended to House Committee of the Whole,3
HB15-1033,2015,RS,2015-04-13,House Second Reading Laid Over Daily - No Amendments,4
HB15-1033,2015,RS,2015-04-14,House Second Reading Passed with Amendments - Committee,5
HB15-1033,2015,RS,2015-04-15,House Third Reading Passed - No Amendments,6
HB15-1033,2015,RS,2015-04-17,"Introduced In Senate - Assigned to State, Veterans, & Military Affairs",7
HB15-1033,2015,RS,2015-04-22,"Senate Committee on State, Veterans, & Military Affairs Refer Unamended to Appropriations",8
HB15-1033,2015,RS,2015-04-24,Senate Committee on Appropriations Refer Unamended to Senate Committee of the Whole,9
HB15-1033,2015,RS,2015-04-24,Senate Second Reading Special Order - Passed - No Amendments,10
HB15-1033,2015,RS,2015-04-27,Senate Third Reading Passed - No Amendments,11
HB15-1033,2015,RS,2015-05-08,Signed by the Speaker of the House,12
HB15-1033,2015,RS,2015-05-08,Signed by the President of the Senate,13
HB15-1033,2015,RS,2015-05-11,Sent to the Governor,14
HB15-1033,2015,RS,2015-06-04,Governor Signed,15
HB15-1034,2015,RS,2015-01-07,Introduced In House - Assigned to Judiciary + Appropriations,1
HB15-1034,2015,RS,2015-01-15,House Committee on Judiciary Refer Unamended to Appropriations,2
HB15-1034,2015,RS,2015-01-30,House Committee on Appropriations Refer Amended to House Committee of the Whole,3
HB15-1034,2015,RS,2015-02-03,House Second Reading Passed with Amendments - Committee,4
HB15-1034,2015,RS,2015-02-04,House Third Reading Passed - No Amendments,5
HB15-1034,2015,RS,2015-02-06,Introduced In Senate - Assigned to Judiciary + Appropriations,6
HB15-1034,2015,RS,2015-02-24,Senate Committee on Judiciary Refer Unamended to Appropriations,7
HB15-1034,2015,RS,2015-03-03,Senate Committee on Appropriations Refer Unamended - Consent Calendar to Senate Committee of the Whole,8
HB15-1034,2015,RS,2015-03-05,Senate Second Reading Passed - No Amendments,9
HB15-1034,2015,RS,2015-03-06,Senate Third Reading Passed - No Amendments,10
HB15-1034,2015,RS,2015-03-11,Signed by the Speaker of the House,11
HB15-1034,2015,RS,2015-03-12,Signed by the President of the Senate,12
HB15-1034,2015,RS,2015-03-12,Sent to the Governor,13
HB15-1034,2015,RS,2015-03-20,Governor Signed,14
HB15-1035,2015,RS,2015-01-07,Introduced In House - Assigned to Judiciary + Appropriations,1
HB15-1035,2015,RS,2015-02-03,House Committee on Judiciary Refer Amended to Appropriations,2
HB15-1035,2015,RS,2015-02-20,House Committee on Appropriations Refer Amended to House Committee of the Whole,3
HB15-1035,2015,RS,2015-02-24,House Second Reading Laid Over to 02/26/2015 - No Amendments,4
HB15-1035,2015,RS,2015-02-26,"House Second Reading Passed with Amendments - Committee, Floor",5
HB15-1035,2015,RS,2015-02-27,House Third Reading Passed - No Amendments,6
HB15-1035,2015,RS,2015-03-03,Introduced In Senate - Assigned to Judiciary,7
HB15-1035,2015,RS,2015-03-11,Senate Committee on Judiciary Refer Unamended - Consent Calendar to Senate Committee of the Whole,8
HB15-1035,2015,RS,2015-03-16,Senate Second Reading Passed - No Amendments,9
HB15-1035,2015,RS,2015-03-17,Senate Third Reading Passed - No Amendments,10
HB15-1035,2015,RS,2015-03-20,Signed by the Speaker of the House,11
HB15-1035,2015,RS,2015-03-20,Signed by the President of the Senate,12
HB15-1035,2015,RS,2015-03-20,Sent to the Governor,13
HB15-1035,2015,RS,2015-03-30,Governor Signed,14
HB15-1036,2015,RS,2015-01-07,Introduced In House - Assigned to Public Health Care & Human Services,1
HB15-1036,2015,RS,2015-02-03,House Committee on Public Health Care & Human Services Postpone Indefinitely,2
HB15-1037,2015,RS,2015-01-07,Introduced In House - Assigned to Education,1
HB15-1037,2015,RS,2015-02-09,House Committee on Education Postpone Indefinitely,2
HB15-1038,2015,RS,2015-01-07,"Introduced In House - Assigned to Agriculture, Livestock, & Natural Resources",1
HB15-1038,2015,RS,2015-02-02,"House Committee on Agriculture, Livestock, & Natural Resources Refer Amended to House Committee of the Whole",2
HB15-1038,2015,RS,2015-02-03,House Second Reading Laid Over to 02/09/2015 - No Amendments,3
HB15-1038,2015,RS,2015-02-09,"House Second Reading Passed with Amendments - Committee, Floor",4
HB15-1038,2015,RS,2015-02-10,House Third Reading Passed - No Amendments,5
HB15-1038,2015,RS,2015-02-17,"Introduced In Senate - Assigned to Agriculture, Natural Resources, & Energy",6
HB15-1038,2015,RS,2015-03-05,"Senate Committee on Agriculture, Natural Resources, & Energy Postpone Indefinitely",7
HB15-1039,2015,RS,2015-01-07,Introduced In House - Assigned to Public Health Care & Human Services,1
HB15-1039,2015,RS,2015-01-20,House Committee on Public Health Care & Human Services Refer Amended to House Committee of the Whole,2
HB15-1039,2015,RS,2015-01-23,House Second Reading Passed with Amendments - Committee,3
HB15-1039,2015,RS,2015-01-26,House Third Reading Passed - No Amendments,4
HB15-1039,2015,RS,2015-01-28,Introduced In Senate - Assigned to Health & Human Services,5
HB15-1039,2015,RS,2015-02-12,Senate Committee on Health & Human Services Refer Unamended - Consent Calendar to Senate Committee of the Whole,6
HB15-1039,2015,RS,2015-02-18,Senate Second Reading Passed - No Amendments,7
HB15-1039,2015,RS,2015-02-19,Senate Third Reading Passed - No Amendments,8
HB15-1039,2015,RS,2015-03-02,Signed by the Speaker of the House,9
HB15-1039,2015,RS,2015-03-03,Signed by the President of the Senate,10
HB15-1039,2015,RS,2015-03-03,Sent to the Governor,11
HB15-1039,2015,RS,2015-03-13,Governor Signed,12
HB15-1040,2015,RS,2015-01-07,"Introduced In House - Assigned to State, Veterans, & Military Affairs",1
HB15-1040,2015,RS,2015-02-09,"House Committee on State, Veterans, & Military Affairs Postpone Indefinitely",2
HB15-1041,2015,RS,2015-01-07,Introduced In House - Assigned to Judiciary + Appropriations,1
HB15-1041,2015,RS,2015-02-26,House Committee on Judiciary Postpone Indefinitely,2
HB15-1042,2015,RS,2015-01-07,Introduced In House - Assigned to Judiciary,1
HB15-1042,2015,RS,2015-02-24,House Committee on Judiciary Refer Amended to House Committee of the Whole,2
HB15-1042,2015,RS,2015-02-26,House Second Reading Laid Over to 03/04/2015 - No Amendments,3
HB15-1042,2015,RS,2015-03-06,"House Second Reading Passed with Amendments - Committee, Floor",4
HB15-1042,2015,RS,2015-03-09,House Third Reading Passed - No Amendments,5
HB15-1042,2015,RS,2015-03-11,Introduced In Senate - Assigned to Judiciary,6
HB15-1042,2015,RS,2015-04-06,Senate Committee on Judiciary Refer Unamended to Senate Committee of the Whole,7
HB15-1042,2015,RS,2015-04-09,Senate Second Reading Passed - No Amendments,8
HB15-1042,2015,RS,2015-04-10,Senate Third Reading Passed - No Amendments,9
HB15-1042,2015,RS,2015-04-17,Signed by the Speaker of the House,10
HB15-1042,2015,RS,2015-04-20,Signed by the President of the Senate,11
HB15-1042,2015,RS,2015-04-20,Sent to the Governor,12
HB15-1042,2015,RS,2015-04-24,Governor Signed,13
HB15-1043,2015,RS,2015-01-07,Introduced In House - Assigned to Judiciary + Appropriations,1
HB15-1043,2015,RS,2015-02-05,House Committee on Judiciary Refer Amended to Finance,2
HB15-1043,2015,RS,2015-03-25,House Committee on Finance Refer Amended to Appropriations,3
HB15-1043,2015,RS,2015-04-10,House Committee on Appropriations Refer Amended to House Committee of the Whole,4
HB15-1043,2015,RS,2015-04-13,House Second Reading Laid Over Daily - No Amendments,5
HB15-1043,2015,RS,2015-04-14,House Second Reading Passed with Amendments - Committee,6
HB15-1043,2015,RS,2015-04-15,House Third Reading Passed - No Amendments,7
HB15-1043,2015,RS,2015-04-17,Introduced In Senate - Assigned to Judiciary + Appropriations,8
HB15-1043,2015,RS,2015-04-28,Senate Committee on Judiciary Refer Unamended to Finance,9
HB15-1043,2015,RS,2015-04-30,Senate Committee on Finance Refer Unamended to Appropriations,10
HB15-1043,2015,RS,2015-05-01,Senate Committee on Appropriations Refer Unamended to Senate Committee of the Whole,11
HB15-1043,2015,RS,2015-05-05,Senate Second Reading Passed - No Amendments,12
HB15-1043,2015,RS,2015-05-06,Senate Third Reading Passed - No Amendments,13
HB15-1043,2015,RS,2015-05-14,Signed by the Speaker of the House,14
HB15-1043,2015,RS,2015-05-18,Signed by the President of the Senate,15
HB15-1043,2015,RS,2015-05-18,Sent to the Governor,16
HB15-1043,2015,RS,2015-06-01,Governor Signed,17
HB15-1044,2015,RS,2015-01-07,"Introduced In House - Assigned to State, Veterans, & Military Affairs",1
HB15-1044,2015,RS,2015-03-02,"House Committee on State, Veterans, & Military Affairs Postpone Indefinitely",2
HB15-1045,2015,RS,2015-01-07,"Introduced In House - Assigned to State, Veterans, & Military Affairs",1
HB15-1045,2015,RS,2015-01-26,"House Committee on State, Veterans, & Military Affairs Refer Unamended to House Committee of the Whole",2
HB15-1045,2015,RS,2015-01-29,House Second Reading Passed - No Amendments,3
HB15-1045,2015,RS,2015-01-30,House Third Reading Laid Over Daily - No Amendments,4
HB15-1045,2015,RS,2015-02-02,House Third Reading Passed - No Amendments,5
HB15-1045,2015,RS,2015-02-06,"Introduced In Senate - Assigned to State, Veterans, & Military Affairs",6
HB15-1045,2015,RS,2015-02-18,"Senate Committee on State, Veterans, & Military Affairs Witness Testimony and/or Committee Discussion Only",7
HB15-1045,2015,RS,2015-02-25,"Senate Committee on State, Veterans, & Military Affairs Refer Amended to Appropriations",8
HB15-1045,2015,RS,2015-04-17,Senate Committee on Appropriations Refer Amended to Senate Committee of the Whole,9
HB15-1045,2015,RS,2015-04-21,Senate Second Reading Laid Over Daily - No Amendments,10
HB15-1045,2015,RS,2015-04-22,Senate Second Reading Laid Over Daily - No Amendments,11
HB15-1045,2015,RS,2015-04-23,Senate Second Reading Passed with Amendments - Committee,12
HB15-1045,2015,RS,2015-04-24,Senate Third Reading Passed - No Amendments,13
HB15-1045,2015,RS,2015-04-27,House Considered Senate Amendments - Result was to Concur - Repass,14
HB15-1045,2015,RS,2015-05-01,Signed by the Speaker of the House,15
HB15-1045,2015,RS,2015-05-01,Signed by the President of the Senate,16
HB15-1045,2015,RS,2015-05-01,Sent to the Governor,17
HB15-1045,2015,RS,2015-05-27,Governor Signed,18
HB15-1046,2015,RS,2015-01-07,Introduced In House - Assigned to Transportation & Energy,1
HB15-1046,2015,RS,2015-02-04,House Committee on Transportation & Energy Refer Amended to Appropriations,2
HB15-1046,2015,RS,2015-02-20,House Committee on Appropriations Refer Unamended to House Committee of the Whole,3
HB15-1046,2015,RS,2015-02-24,House Second Reading Passed with Amendments - Committee,4
HB15-1046,2015,RS,2015-02-25,House Third Reading Passed - No Amendments,5
HB15-1046,2015,RS,2015-03-11,Introduced In Senate - Assigned to Transportation,6
HB15-1046,2015,RS,2015-03-17,Senate Committee on Transportation Refer Unamended - Consent Calendar to Senate Committee of the Whole,7
HB15-1046,2015,RS,2015-03-20,Senate Second Reading Laid Over Daily - No Amendments,8
HB15-1046,2015,RS,2015-03-23,Senate Second Reading Laid Over Daily - No Amendments,9
HB15-1046,2015,RS,2015-03-24,Senate Second Reading Passed - No Amendments,10
HB15-1046,2015,RS,2015-03-25,Senate Third Reading Passed - No Amendments,11
HB15-1046,2015,RS,2015-03-25,Senate Third Reading Reconsidered - No Amendments,12
HB15-1046,2015,RS,2015-03-25,Senate Third Reading Passed - No Amendments,13
HB15-1046,2015,RS,2015-03-27,Signed by the Speaker of the House,14
HB15-1046,2015,RS,2015-03-30,Signed by the President of the Senate,15
HB15-1046,2015,RS,2015-03-30,Sent to the Governor,16
HB15-1046,2015,RS,2015-04-08,Governor Signed,17
HB15-1047,2015,RS,2015-01-07,Introduced In House - Assigned to Business Affairs and Labor,1
HB15-1047,2015,RS,2015-01-29,House Committee on Business Affairs and Labor Refer Amended to House Committee of the Whole,2
HB15-1047,2015,RS,2015-02-03,House Second Reading Laid Over to 02/05/2015 - No Amendments,3
HB15-1047,2015,RS,2015-02-05,House Second Reading Passed with Amendments - Committee,4
HB15-1047,2015,RS,2015-02-06,House Third Reading Passed - No Amendments,5
HB15-1047,2015,RS,2015-02-17,Introduced In Senate - Assigned to Finance,6
HB15-1047,2015,RS,2015-02-19,Senate Committee on Finance Refer Amended to Senate Committee of the Whole,7
HB15-1047,2015,RS,2015-02-24,Senate Second Reading Passed - No Amendments,8
HB15-1047,2015,RS,2015-02-25,Senate Third Reading Laid Over Daily - No Amendments,9
HB15-1047,2015,RS,2015-02-26,Senate Third Reading Passed - No Amendments,10
HB15-1047,2015,RS,2015-03-04,Signed by the Speaker of the House,11
HB15-1047,2015,RS,2015-03-05,Signed by the President of the Senate,12
HB15-1047,2015,RS,2015-03-05,Sent to the Governor,13
HB15-1047,2015,RS,2015-03-13,Governor Signed,14
HB15-1048,2015,RS,2015-01-07,"Introduced In House - Assigned to Health, Insurance, & Environment",1
HB15-1048,2015,RS,2015-01-29,"House Committee on Health, Insurance, & Environment Refer Unamended to Appropriations",2
HB15-1048,2015,RS,2015-02-06,House Committee on Appropriations Refer Unamended to House Committee of the Whole,3
HB15-1048,2015,RS,2015-02-17,House Second Reading Laid Over Daily - No Amendments,4
HB15-1048,2015,RS,2015-02-19,House Second Reading Passed - No Amendments,5
HB15-1048,2015,RS,2015-02-20,House Third Reading Passed - No Amendments,6
HB15-1048,2015,RS,2015-02-25,"Introduced In Senate - Assigned to Business, Labor, & Technology",7
HB15-1048,2015,RS,2015-03-09,"Senate Committee on Business, Labor, & Technology Refer Unamended to Appropriations",8
HB15-1048,2015,RS,2015-03-13,Senate Committee on Appropriations Refer Unamended - Consent Calendar to Senate Committee of the Whole,9
HB15-1048,2015,RS,2015-03-17,Senate Second Reading Passed - No Amendments,10
HB15-1048,2015,RS,2015-03-18,Senate Third Reading Passed - No Amendments,11
HB15-1048,2015,RS,2015-03-20,Signed by the Speaker of the House,12
HB15-1048,2015,RS,2015-03-20,Signed by the President of the Senate,13
HB15-1048,2015,RS,2015-03-20,Sent to the Governor,14
HB15-1048,2015,RS,2015-03-30,Governor Signed,15
HB15-1049,2015,RS,2015-01-07,"Introduced In House - Assigned to State, Veterans, & Military Affairs",1
HB15-1049,2015,RS,2015-02-02,"House Committee on State, Veterans, & Military Affairs Postpone Indefinitely",2
HB15-1050,2015,RS,2015-01-07,"Introduced In House - Assigned to State, Veterans, & Military Affairs",1
HB15-1050,2015,RS,2015-02-02,"House Committee on State, Veterans, & Military Affairs Postpone Indefinitely",2
HB15-1051,2015,RS,2015-01-07,"Introduced In House - Assigned to State, Veterans, & Military Affairs",1
HB15-1051,2015,RS,2015-02-04,"House Committee on State, Veterans, & Military Affairs Postpone Indefinitely",2
HB15-1052,2015,RS,2015-01-07,"Introduced In House - Assigned to State, Veterans, & Military Affairs + Appropriations",1
HB15-1052,2015,RS,2015-01-21,"House Committee on State, Veterans, & Military Affairs Refer Unamended to Appropriations",2
HB15-1052,2015,RS,2015-01-30,House Committee on Appropriations Refer Unamended to House Committee of the Whole,3
HB15-1052,2015,RS,2015-02-03,House Second Reading Passed - No Amendments,4
HB15-1052,2015,RS,2015-02-04,House Third Reading Passed - No Amendments,5
HB15-1052,2015,RS,2015-02-06,"Introduced In Senate - Assigned to State, Veterans, & Military Affairs",6
HB15-1052,2015,RS,2015-02-10,"Senate Committee on State, Veterans, & Military Affairs Refer Unamended to Senate Committee of the Whole",7
HB15-1052,2015,RS,2015-02-13,Senate Second Reading Passed - No Amendments,8
HB15-1052,2015,RS,2015-02-17,Senate Third Reading Passed - No Amendments,9
HB15-1052,2015,RS,2015-03-02,Signed by the Speaker of the House,10
HB15-1052,2015,RS,2015-03-03,Signed by the President of the Senate,11
HB15-1052,2015,RS,2015-03-03,Sent to the Governor,12
HB15-1052,2015,RS,2015-03-11,Governor Signed,13
HB15-1053,2015,RS,2015-01-07,Introduced In House - Assigned to Education,1
HB15-1053,2015,RS,2015-01-26,House Committee on Education Postpone Indefinitely,2
HB15-1054,2015,RS,2015-01-07,"Introduced In House - Assigned to State, Veterans, & Military Affairs + Finance",1
HB15-1054,2015,RS,2015-01-28,"House Committee on State, Veterans, & Military Affairs Refer Amended to Finance",2
HB15-1054,2015,RS,2015-02-19,House Committee on Finance Postpone Indefinitely,3
HB15-1055,2015,RS,2015-01-07,Introduced In House - Assigned to Business Affairs and Labor,1
HB15-1055,2015,RS,2015-01-20,House Committee on Business Affairs and Labor Refer Amended to House Committee of the Whole,2
HB15-1055,2015,RS,2015-01-23,House Second Reading Passed with Amendments - Committee,3
HB15-1055,2015,RS,2015-01-26,House Third Reading Passed - No Amendments,4
HB15-1055,2015,RS,2015-01-28,"Introduced In Senate - Assigned to Business, Labor, & Technology",5
HB15-1055,2015,RS,2015-03-02,"Senate Committee on Business, Labor, & Technology Refer Unamended to Senate Committee of the Whole",6
HB15-1055,2015,RS,2015-03-05,Senate Second Reading Passed - No Amendments,7
HB15-1055,2015,RS,2015-03-06,Senate Third Reading Passed - No Amendments,8
HB15-1055,2015,RS,2015-03-13,Signed by the President of the Senate,9
HB15-1055,2015,RS,2015-03-13,Signed by the Speaker of the House,10
HB15-1055,2015,RS,2015-03-16,Sent to the Governor,11
HB15-1055,2015,RS,2015-03-26,Governor Signed,12
HB15-1056,2015,RS,2015-01-07,Introduced In House - Assigned to Business Affairs and Labor + Judiciary,1
HB15-1056,2015,RS,2015-01-29,House Committee on Business Affairs and Labor Refer Amended to Judiciary,2
HB15-1056,2015,RS,2015-02-05,House Committee on Judiciary Refer Unamended to Finance,3
HB15-1056,2015,RS,2015-03-04,House Committee on Finance Refer Unamended to Appropriations,4
HB15-1056,2015,RS,2015-04-22,House Committee on Appropriations Postpone Indefinitely,5
HB15-1057,2015,RS,2015-01-07,"Introduced In House - Assigned to State, Veterans, & Military Affairs",1
HB15-1057,2015,RS,2015-03-25,"House Committee on State, Veterans, & Military Affairs Witness Testimony and/or Committee Discussion Only",2
HB15-1057,2015,RS,2015-04-20,"House Committee on State, Veterans, & Military Affairs Refer Amended to Legislative Council",3
HB15-1057,2015,RS,2015-04-24,House Committee on Legislative Council Refer Amended to Appropriations,4
HB15-1057,2015,RS,2015-04-29,House Committee on Appropriations Refer Amended to House Committee of the Whole,5
HB15-1057,2015,RS,2015-05-01,"House Second Reading Special Order - Passed with Amendments - Committee, Floor",6
HB15-1057,2015,RS,2015-05-04,House Third Reading Passed - No Amendments,7
HB15-1057,2015,RS,2015-05-04,"Introduced In Senate - Assigned to State, Veterans, & Military Affairs",8
HB15-1057,2015,RS,2015-05-05,"Senate Committee on State, Veterans, & Military Affairs Refer Unamended to Appropriations",9
HB15-1057,2015,RS,2015-05-05,Senate Committee on Appropriations Refer Unamended to Senate Committee of the Whole,10
HB15-1057,2015,RS,2015-05-05,Senate Second Reading Special Order - Passed - No Amendments,11
HB15-1057,2015,RS,2015-05-06,Senate Third Reading Lost - No Amendments,12
HB15-1057,2015,RS,2015-05-06,Senate Third Reading Reconsidered - No Amendments,13
HB15-1057,2015,RS,2015-05-06,Senate Third Reading Passed - No Amendments,14
HB15-1057,2015,RS,2015-05-13,Signed by the Speaker of the House,15
HB15-1057,2015,RS,2015-05-18,Signed by the President of the Senate,16
HB15-1057,2015,RS,2015-05-18,Sent to the Governor,17
HB15-1057,2015,RS,2015-05-18,Governor Signed,18
HB15-1058,2015,RS,2015-01-07,Introduced In House - Assigned to Finance + Education + Appropriations,1
HB15-1058,2015,RS,2015-01-21,House Committee on Finance Postpone Indefinitely,2
HB15-1059,2015,RS,2015-01-07,"Introduced In House - Assigned to Health, Insurance, & Environment",1
HB15-1059,2015,RS,2015-01-29,"House Committee on Health, Insurance, & Environment Refer Amended to House Committee of the Whole",2
HB15-1059,2015,RS,2015-02-03,House Second Reading Passed with Amendments - Committee,3
HB15-1059,2015,RS,2015-02-04,House Third Reading Passed - No Amendments,4
HB15-1059,2015,RS,2015-02-06,Introduced In Senate - Assigned to Health & Human Services,5
HB15-1059,2015,RS,2015-02-19,Senate Committee on Health & Human Services Witness Testimony and/or Committee Discussion Only,6
HB15-1059,2015,RS,2015-02-25,Senate Committee on Health & Human Services Refer Amended to Senate Committee of the Whole,7
HB15-1059,2015,RS,2015-03-02,"Senate Second Reading Passed with Amendments - Committee, Floor",8
HB15-1059,2015,RS,2015-03-03,Senate Third Reading Passed with Amendments - Floor,9
HB15-1059,2015,RS,2015-03-03,Senate Third Reading Reconsidered - No Amendments,10
HB15-1059,2015,RS,2015-03-03,Senate Third Reading Passed with Amendments - Floor,11
HB15-1059,2015,RS,2015-03-04,House Considered Senate Amendments - Result was to Concur - Repass,12
HB15-1059,2015,RS,2015-03-10,Signed by the Speaker of the House,13
HB15-1059,2015,RS,2015-03-11,Signed by the President of the Senate,14
HB15-1059,2015,RS,2015-03-11,Sent to the Governor,15
HB15-1059,2015,RS,2015-03-20,Governor Signed,16
HB15-1060,2015,RS,2015-01-07,Introduced In House - Assigned to Judiciary,1
HB15-1060,2015,RS,2015-01-22,House Committee on Judiciary Refer Unamended to House Committee of the Whole,2
HB15-1060,2015,RS,2015-01-26,House Second Reading Laid Over to 01/28/2015 - No Amendments,3
HB15-1060,2015,RS,2015-01-29,House Second Reading Passed - No Amendments,4
HB15-1060,2015,RS,2015-01-30,House Third Reading Laid Over Daily - No Amendments,5
HB15-1060,2015,RS,2015-02-02,House Third Reading Passed - No Amendments,6
HB15-1060,2015,RS,2015-02-06,Introduced In Senate - Assigned to Judiciary,7
HB15-1060,2015,RS,2015-03-04,Senate Committee on Judiciary Refer Unamended - Consent Calendar to Senate Committee of the Whole,8
HB15-1060,2015,RS,2015-03-09,Senate Second Reading Passed - No Amendments,9
HB15-1060,2015,RS,2015-03-10,Senate Third Reading Passed - No Amendments,10
HB15-1060,2015,RS,2015-03-13,Signed by the President of the Senate,11
HB15-1060,2015,RS,2015-03-13,Signed by the Speaker of the House,12
HB15-1060,2015,RS,2015-03-16,Sent to the Governor,13
HB15-1060,2015,RS,2015-03-20,Governor Signed,14
HB15-1061,2015,RS,2015-01-07,Introduced In House - Assigned to Judiciary,1
HB15-1061,2015,RS,2015-02-03,House Committee on Judiciary Witness Testimony and/or Committee Discussion Only,2
HB15-1061,2015,RS,2015-04-14,House Committee on Judiciary Refer Amended to House Committee of the Whole,3
HB15-1061,2015,RS,2015-04-17,House Second Reading Laid Over to 05/01/2015 - No Amendments,4
HB15-1061,2015,RS,2015-05-01,House Second Reading Lost - No Amendments,5
HB15-1062,2015,RS,2015-01-07,"Introduced In House - Assigned to Agriculture, Livestock, & Natural Resources",1
HB15-1062,2015,RS,2015-01-28,"House Committee on Agriculture, Livestock, & Natural Resources Refer Unamended to House Committee of the Whole",2
HB15-1062,2015,RS,2015-02-02,House Second Reading Passed - No Amendments,3
HB15-1062,2015,RS,2015-02-03,House Third Reading Passed - No Amendments,4
HB15-1062,2015,RS,2015-02-06,Introduced In Senate - Assigned to Judiciary,5
HB15-1062,2015,RS,2015-02-25,Senate Committee on Judiciary Refer Unamended to Senate Committee of the Whole,6
HB15-1062,2015,RS,2015-03-02,Senate Second Reading Passed - No Amendments,7
HB15-1062,2015,RS,2015-03-03,Senate Third Reading Passed - No Amendments,8
HB15-1062,2015,RS,2015-03-06,Signed by the Speaker of the House,9
HB15-1062,2015,RS,2015-03-09,Signed by the President of the Senate,10
HB15-1062,2015,RS,2015-03-09,Sent to the Governor,11
HB15-1062,2015,RS,2015-03-18,Governor Signed,12
HB15-1063,2015,RS,2015-01-07,Introduced In House - Assigned to Business Affairs and Labor,1
HB15-1063,2015,RS,2015-01-29,House Committee on Business Affairs and Labor Refer Unamended to Appropriations,2
HB15-1063,2015,RS,2015-04-10,House Committee on Appropriations Refer Amended to House Committee of the Whole,3
HB15-1063,2015,RS,2015-04-13,House Second Reading Laid Over Daily - No Amendments,4
HB15-1063,2015,RS,2015-04-14,"House Second Reading Passed with Amendments - Committee, Floor",5
HB15-1063,2015,RS,2015-04-15,House Third Reading Passed - No Amendments,6
HB15-1063,2015,RS,2015-04-17,"Introduced In Senate - Assigned to Business, Labor, & Technology",7
HB15-1063,2015,RS,2015-04-22,"Senate Committee on Business, Labor, & Technology Refer Unamended to Finance",8
HB15-1063,2015,RS,2015-04-28,Senate Committee on Finance Refer Unamended to Appropriations,9
HB15-1063,2015,RS,2015-05-01,Senate Committee on Appropriations Refer Unamended - Consent Calendar to Senate Committee of the Whole,10
HB15-1063,2015,RS,2015-05-05,Senate Second Reading Passed with Amendments - Floor,11
HB15-1063,2015,RS,2015-05-06,Senate Third Reading Passed - No Amendments,12
HB15-1063,2015,RS,2015-05-06,House Considered Senate Amendments - Result was to Concur - Repass,13
HB15-1063,2015,RS,2015-05-14,Signed by the Speaker of the House,14
HB15-1063,2015,RS,2015-05-18,Signed by the President of the Senate,15
HB15-1063,2015,RS,2015-05-18,Sent to the Governor,16
HB15-1063,2015,RS,2015-06-05,Governor Signed,17
HB15-1064,2015,RS,2015-01-07,Introduced In House - Assigned to Judiciary,1
HB15-1064,2015,RS,2015-01-27,House Committee on Judiciary Refer Unamended to House Committee of the Whole,2
HB15-1064,2015,RS,2015-02-02,House Second Reading Passed - No Amendments,3
HB15-1064,2015,RS,2015-02-03,House Third Reading Passed - No Amendments,4
HB15-1064,2015,RS,2015-02-06,Introduced In Senate - Assigned to Judiciary,5
HB15-1064,2015,RS,2015-02-24,Senate Committee on Judiciary Refer Unamended - Consent Calendar to Senate Committee of the Whole,6
HB15-1064,2015,RS,2015-02-27,Senate Second Reading Passed - No Amendments,7
HB15-1064,2015,RS,2015-03-02,Senate Third Reading Passed - No Amendments,8
HB15-1064,2015,RS,2015-03-06,Signed by the Speaker of the House,9
HB15-1064,2015,RS,2015-03-09,Signed by the President of the Senate,10
HB15-1064,2015,RS,2015-03-09,Sent to the Governor,11
HB15-1064,2015,RS,2015-03-18,Governor Signed,12
HB15-1065,2015,RS,2015-01-09,"Introduced In House - Assigned to State, Veterans, & Military Affairs + Appropriations",1
HB15-1065,2015,RS,2015-03-30,"House Committee on State, Veterans, & Military Affairs Postpone Indefinitely",2
HB15-1066,2015,RS,2015-01-09,"Introduced In House - Assigned to Health, Insurance, & Environment + State, Veterans, & Military Affairs",1
HB15-1066,2015,RS,2015-01-29,"House Committee on Health, Insurance, & Environment Postpone Indefinitely",2
HB15-1067,2015,RS,2015-01-09,"Introduced In House - Assigned to Health, Insurance, & Environment",1
HB15-1067,2015,RS,2015-01-22,"House Committee on Health, Insurance, & Environment Refer Unamended to Appropriations",2
HB15-1067,2015,RS,2015-01-30,House Committee on Appropriations Refer Unamended to House Committee of the Whole,3
HB15-1067,2015,RS,2015-02-03,House Second Reading Passed - No Amendments,4
HB15-1067,2015,RS,2015-02-04,House Third Reading Passed - No Amendments,5
HB15-1067,2015,RS,2015-02-06,Introduced In Senate - Assigned to Health & Human Services,6
HB15-1067,2015,RS,2015-02-26,Senate Committee on Health & Human Services Refer Amended to Appropriations,7
HB15-1067,2015,RS,2015-03-13,Senate Committee on Appropriations Refer Unamended to Senate Committee of the Whole,8
HB15-1067,2015,RS,2015-03-17,Senate Second Reading Laid Over Daily - No Amendments,9
HB15-1067,2015,RS,2015-03-18,"Senate Second Reading Passed with Amendments - Committee, Floor",10
HB15-1067,2015,RS,2015-03-19,Senate Third Reading Passed - No Amendments,11
HB15-1067,2015,RS,2015-03-23,House Considered Senate Amendments - Result was to Concur - Repass,12
HB15-1067,2015,RS,2015-03-23,House Considered Senate Amendments - Result was to Laid Over Daily,13
HB15-1067,2015,RS,2015-03-27,Signed by the Speaker of the House,14
HB15-1067,2015,RS,2015-03-30,Signed by the President of the Senate,15
HB15-1067,2015,RS,2015-03-30,Sent to the Governor,16
HB15-1067,2015,RS,2015-04-08,Governor Signed,17
HB15-1068,2015,RS,2015-01-09,Introduced In House - Assigned to Transportation & Energy,1
HB15-1068,2015,RS,2015-01-28,House Committee on Transportation & Energy Postpone Indefinitely,2
HB15-1069,2015,RS,2015-01-09,Introduced In House - Assigned to Local Government + Finance,1
HB15-1069,2015,RS,2015-01-28,House Committee on Local Government Refer Unamended to Finance,2
HB15-1069,2015,RS,2015-02-04,House Committee on Finance Refer Unamended to House Committee of the Whole,3
HB15-1069,2015,RS,2015-02-09,House Second Reading Passed - No Amendments,4
HB15-1069,2015,RS,2015-02-10,House Third Reading Passed - No Amendments,5
HB15-1069,2015,RS,2015-02-17,Introduced In Senate - Assigned to Finance,6
HB15-1069,2015,RS,2015-02-24,Senate Committee on Finance Refer Unamended - Consent Calendar to Senate Committee of the Whole,7
HB15-1069,2015,RS,2015-02-27,Senate Second Reading Passed - No Amendments,8
HB15-1069,2015,RS,2015-03-02,Senate Third Reading Passed - No Amendments,9
HB15-1069,2015,RS,2015-03-06,Signed by the Speaker of the House,10
HB15-1069,2015,RS,2015-03-09,Signed by the President of the Senate,11
HB15-1069,2015,RS,2015-03-09,Sent to the Governor,12
HB15-1069,2015,RS,2015-03-18,Governor Signed,13
HB15-1070,2015,RS,2015-01-09,Introduced In House - Assigned to Judiciary,1
HB15-1070,2015,RS,2015-02-05,House Committee on Judiciary Refer Amended to House Committee of the Whole,2
HB15-1070,2015,RS,2015-02-13,House Second Reading Passed with Amendments - Committee,3
HB15-1070,2015,RS,2015-02-17,House Third Reading Laid Over Daily - No Amendments,4
HB15-1070,2015,RS,2015-02-19,House Third Reading Passed - No Amendments,5
HB15-1070,2015,RS,2015-02-25,Introduced In Senate - Assigned to Judiciary,6
HB15-1070,2015,RS,2015-03-02,Senate Committee on Judiciary Refer Unamended - Consent Calendar to Senate Committee of the Whole,7
HB15-1070,2015,RS,2015-03-05,Senate Second Reading Passed - No Amendments,8
HB15-1070,2015,RS,2015-03-06,Senate Third Reading Passed - No Amendments,9
HB15-1070,2015,RS,2015-03-11,Signed by the Speaker of the House,10
HB15-1070,2015,RS,2015-03-12,Signed by the President of the Senate,11
HB15-1070,2015,RS,2015-03-12,Sent to the Governor,12
HB15-1070,2015,RS,2015-03-20,Governor Signed,13
HB15-1071,2015,RS,2015-01-09,Introduced In House - Assigned to Business Affairs and Labor,1
HB15-1071,2015,RS,2015-01-20,House Committee on Business Affairs and Labor Refer Unamended to House Committee of the Whole,2
HB15-1071,2015,RS,2015-01-23,House Second Reading Passed - No Amendments,3
HB15-1071,2015,RS,2015-01-26,House Third Reading Passed - No Amendments,4
HB15-1071,2015,RS,2015-01-28,"Introduced In Senate - Assigned to Business, Labor, & Technology",5
HB15-1071,2015,RS,2015-02-25,"Senate Committee on Business, Labor, & Technology Refer Unamended - Consent Calendar to Senate Committee of the Whole",6
HB15-1071,2015,RS,2015-03-02,Senate Second Reading Passed - No Amendments,7
HB15-1071,2015,RS,2015-03-03,Senate Third Reading Passed - No Amendments,8
HB15-1071,2015,RS,2015-03-06,Signed by the Speaker of the House,9
HB15-1071,2015,RS,2015-03-09,Signed by the President of the Senate,10
HB15-1071,2015,RS,2015-03-09,Sent to the Governor,11
HB15-1071,2015,RS,2015-03-18,Governor Signed,12
HB15-1072,2015,RS,2015-01-09,Introduced In House - Assigned to Judiciary,1
HB15-1072,2015,RS,2015-02-05,House Committee on Judiciary Refer Unamended to House Committee of the Whole,2
HB15-1072,2015,RS,2015-02-13,House Second Reading Passed with Amendments - Floor,3
HB15-1072,2015,RS,2015-02-17,House Third Reading Laid Over Daily - No Amendments,4
HB15-1072,2015,RS,2015-02-19,House Third Reading Passed - No Amendments,5
HB15-1072,2015,RS,2015-02-25,"Introduced In Senate - Assigned to Judiciary + Business, Labor, & Technology",6
HB15-1072,2015,RS,2015-03-04,"Senate Committee on Judiciary Refer Unamended to Business, Labor, & Technology",7
HB15-1072,2015,RS,2015-03-17,"Senate Committee on Business, Labor, & Technology Refer Unamended to Senate Committee of the Whole",8
HB15-1072,2015,RS,2015-03-20,Senate Second Reading Laid Over Daily - No Amendments,9
HB15-1072,2015,RS,2015-03-23,Senate Second Reading Laid Over Daily with Amendments - Floor,10
HB15-1072,2015,RS,2015-03-24,Senate Second Reading Passed with Amendments - Floor,11
HB15-1072,2015,RS,2015-03-25,Senate Third Reading Passed - No Amendments,12
HB15-1072,2015,RS,2015-03-27,House Considered Senate Amendments - Result was to Laid Over Daily,13
HB15-1072,2015,RS,2015-03-27,House Considered Senate Amendments - Result was to Not Concur - Request Conference Committee,14
HB15-1072,2015,RS,2015-04-06,First Conference Committee Result was to Adopt Rerevised w/ Amendments,15
HB15-1072,2015,RS,2015-04-09,Senate Consideration of First Conference Committee Report result was to Adopt Committee Report - Repass,16
HB15-1072,2015,RS,2015-04-10,House Consideration of First Conference Committee Report result was to Adopt Committee Report - Repass,17
HB15-1072,2015,RS,2015-04-17,Signed by the Speaker of the House,18
HB15-1072,2015,RS,2015-04-20,Signed by the President of the Senate,19
HB15-1072,2015,RS,2015-04-20,Sent to the Governor,20
HB15-1072,2015,RS,2015-04-24,Governor Signed,21
HB15-1073,2015,RS,2015-01-12,Introduced In House - Assigned to Judiciary,1
HB15-1073,2015,RS,2015-03-12,House Committee on Judiciary Refer Amended to House Committee of the Whole,2
HB15-1073,2015,RS,2015-03-16,House Second Reading Passed with Amendments - Committee,3
HB15-1073,2015,RS,2015-03-17,House Third Reading Passed - No Amendments,4
HB15-1073,2015,RS,2015-03-17,Introduced In Senate - Assigned to Judiciary,5
HB15-1073,2015,RS,2015-03-25,Senate Committee on Judiciary Refer Unamended - Consent Calendar to Senate Committee of the Whole,6
HB15-1073,2015,RS,2015-03-30,Senate Second Reading Passed - No Amendments,7
HB15-1073,2015,RS,2015-03-31,Senate Third Reading Passed - No Amendments,8
HB15-1073,2015,RS,2015-04-01,Signed by the Speaker of the House,9
HB15-1073,2015,RS,2015-04-02,Signed by the President of the Senate,10
HB15-1073,2015,RS,2015-04-02,Sent to the Governor,11
HB15-1073,2015,RS,2015-04-10,Governor Signed,12
HB15-1074,2015,RS,2015-01-12,Introduced In House - Assigned to Local Government,1
HB15-1074,2015,RS,2015-01-28,House Committee on Local Government Refer Unamended to House Committee of the Whole,2
HB15-1074,2015,RS,2015-02-02,House Second Reading Passed - No Amendments,3
HB15-1074,2015,RS,2015-02-03,House Third Reading Passed - No Amendments,4
HB15-1074,2015,RS,2015-02-06,Introduced In Senate - Assigned to Local Government,5
HB15-1074,2015,RS,2015-02-17,Senate Committee on Local Government Refer Amended to Senate Committee of the Whole,6
HB15-1074,2015,RS,2015-02-20,Senate Second Reading Passed with Amendments - Committee,7
HB15-1074,2015,RS,2015-02-24,Senate Third Reading Passed - No Amendments,8
HB15-1074,2015,RS,2015-02-26,House Considered Senate Amendments - Result was to Laid Over Daily,9
HB15-1074,2015,RS,2015-02-26,House Considered Senate Amendments - Result was to Laid Over to 03/26/2015,10
HB15-1074,2015,RS,2015-03-27,House Considered Senate Amendments - Result was to Laid Over Daily,11
HB15-1074,2015,RS,2015-03-27,House Considered Senate Amendments - Result was to Concur - Repass,12
HB15-1074,2015,RS,2015-03-30,Signed by the President of the Senate,13
HB15-1074,2015,RS,2015-03-30,Signed by the Speaker of the House,14
HB15-1074,2015,RS,2015-03-30,Sent to the Governor,15
HB15-1074,2015,RS,2015-04-08,Governor Signed,16
HB15-1075,2015,RS,2015-01-12,"Introduced In House - Assigned to Health, Insurance, & Environment",1
HB15-1075,2015,RS,2015-02-05,"House Committee on Health, Insurance, & Environment Refer Amended to House Committee of the Whole",2
HB15-1075,2015,RS,2015-02-13,"House Second Reading Passed with Amendments - Committee, Floor",3
HB15-1075,2015,RS,2015-02-17,House Third Reading Laid Over Daily - No Amendments,4
HB15-1075,2015,RS,2015-02-19,House Third Reading Passed - No Amendments,5
HB15-1075,2015,RS,2015-02-25,Introduced In Senate - Assigned to Health & Human Services,6
HB15-1075,2015,RS,2015-03-05,Senate Committee on Health & Human Services Refer Unamended to Senate Committee of the Whole,7
HB15-1075,2015,RS,2015-03-10,Senate Second Reading Passed - No Amendments,8
HB15-1075,2015,RS,2015-03-11,Senate Third Reading Passed - No Amendments,9
HB15-1075,2015,RS,2015-03-13,Signed by the President of the Senate,10
HB15-1075,2015,RS,2015-03-13,Signed by the Speaker of the House,11
HB15-1075,2015,RS,2015-03-16,Sent to the Governor,12
HB15-1075,2015,RS,2015-03-26,Governor Signed,13
HB15-1076,2015,RS,2015-01-12,"Introduced In House - Assigned to State, Veterans, & Military Affairs",1
HB15-1076,2015,RS,2015-02-04,"House Committee on State, Veterans, & Military Affairs Postpone Indefinitely",2
HB15-1077,2015,RS,2015-01-12,"Introduced In House - Assigned to State, Veterans, & Military Affairs",1
HB15-1077,2015,RS,2015-01-28,"House Committee on State, Veterans, & Military Affairs Postpone Indefinitely",2
HB15-1078,2015,RS,2015-01-13,Introduced In House - Assigned to Public Health Care & Human Services,1
HB15-1078,2015,RS,2015-02-03,House Committee on Public Health Care & Human Services Refer Amended to House Committee of the Whole,2
HB15-1078,2015,RS,2015-02-09,House Second Reading Passed with Amendments - Committee,3
HB15-1078,2015,RS,2015-02-10,House Third Reading Passed - No Amendments,4
HB15-1078,2015,RS,2015-02-17,Introduced In Senate - Assigned to Health & Human Services,5
HB15-1078,2015,RS,2015-03-04,Senate Committee on Health & Human Services Refer Unamended to Senate Committee of the Whole,6
HB15-1078,2015,RS,2015-03-10,Senate Second Reading Passed - No Amendments,7
HB15-1078,2015,RS,2015-03-11,Senate Third Reading Passed - No Amendments,8
HB15-1078,2015,RS,2015-03-13,Signed by the President of the Senate,9
HB15-1078,2015,RS,2015-03-13,Signed by the Speaker of the House,10
HB15-1078,2015,RS,2015-03-16,Sent to the Governor,11
HB15-1078,2015,RS,2015-03-20,Governor Signed,12
HB15-1079,2015,RS,2015-01-13,Introduced In House - Assigned to Finance,1
HB15-1079,2015,RS,2015-01-29,House Committee on Finance Refer Unamended to Appropriations,2
HB15-1079,2015,RS,2015-02-06,House Committee on Appropriations Refer Amended to House Committee of the Whole,3
HB15-1079,2015,RS,2015-02-13,House Second Reading Passed with Amendments - Committee,4
HB15-1079,2015,RS,2015-02-17,House Third Reading Laid Over Daily - No Amendments,5
HB15-1079,2015,RS,2015-02-19,House Third Reading Passed - No Amendments,6
HB15-1079,2015,RS,2015-02-25,Introduced In Senate - Assigned to Finance + Appropriations,7
HB15-1079,2015,RS,2015-03-10,Senate Committee on Finance Postpone Indefinitely,8
HB15-1080,2015,RS,2015-01-13,Introduced In House - Assigned to Education + Finance,1
HB15-1080,2015,RS,2015-02-02,House Committee on Education Postpone Indefinitely,2
HB15-1081,2015,RS,2015-01-13,"Introduced In House - Assigned to State, Veterans, & Military Affairs",1
HB15-1081,2015,RS,2015-02-04,"House Committee on State, Veterans, & Military Affairs Postpone Indefinitely",2
HB15-1082,2015,RS,2015-01-13,Introduced In House - Assigned to Public Health Care & Human Services,1
HB15-1082,2015,RS,2015-02-03,House Committee on Public Health Care & Human Services Refer Unamended to House Committee of the Whole,2
HB15-1082,2015,RS,2015-02-09,House Second Reading Re-referred to Public Health Care & Human Services - No Amendments,3
HB15-1082,2015,RS,2015-02-13,House Committee on Public Health Care & Human Services Postpone Indefinitely,4
HB15-1083,2015,RS,2015-01-13,"Introduced In House - Assigned to Health, Insurance, & Environment",1
HB15-1083,2015,RS,2015-02-05,"House Committee on Health, Insurance, & Environment Witness Testimony and/or Committee Discussion Only",2
HB15-1083,2015,RS,2015-04-16,"House Committee on Health, Insurance, & Environment Refer Amended to House Committee of the Whole",3
HB15-1083,2015,RS,2015-04-20,House Second Reading Passed with Amendments - Committee,4
HB15-1083,2015,RS,2015-04-21,House Third Reading Passed - No Amendments,5
HB15-1083,2015,RS,2015-04-21,"Introduced In Senate - Assigned to State, Veterans, & Military Affairs",6
HB15-1083,2015,RS,2015-04-27,"Senate Committee on State, Veterans, & Military Affairs Refer Unamended to Senate Committee of the Whole",7
HB15-1083,2015,RS,2015-04-30,Senate Second Reading Referred to Appropriations - No Amendments,8
HB15-1083,2015,RS,2015-05-04,Senate Committee on Appropriations Refer Amended to Senate Committee of the Whole,9
HB15-1083,2015,RS,2015-05-05,Senate Second Reading Special Order - Passed with Amendments - Committee,10
HB15-1083,2015,RS,2015-05-06,Senate Third Reading Passed - No Amendments,11
HB15-1083,2015,RS,2015-05-06,House Considered Senate Amendments - Result was to Concur - Repass,12
HB15-1083,2015,RS,2015-05-14,Signed by the Speaker of the House,13
HB15-1083,2015,RS,2015-05-18,Signed by the President of the Senate,14
HB15-1083,2015,RS,2015-05-18,Sent to the Governor,15
HB15-1083,2015,RS,2015-06-05,Governor Signed,16
HB15-1084,2015,RS,2015-01-13,"Introduced In House - Assigned to State, Veterans, & Military Affairs",1
HB15-1084,2015,RS,2015-01-26,"House Committee on State, Veterans, & Military Affairs Postpone Indefinitely",2
HB15-1085,2015,RS,2015-01-13,Introduced In House - Assigned to Local Government,1
HB15-1085,2015,RS,2015-01-28,House Committee on Local Government Postpone Indefinitely,2
HB15-1086,2015,RS,2015-01-14,"Introduced In House - Assigned to State, Veterans, & Military Affairs",1
HB15-1086,2015,RS,2015-02-02,"House Committee on State, Veterans, & Military Affairs Postpone Indefinitely",2
HB15-1087,2015,RS,2015-01-14,Introduced In House - Assigned to Public Health Care & Human Services + Appropriations,1
HB15-1087,2015,RS,2015-03-10,House Committee on Public Health Care & Human Services Refer Amended to Appropriations,2
HB15-1087,2015,RS,2015-04-17,House Committee on Appropriations Postpone Indefinitely,3
HB15-1088,2015,RS,2015-01-14,Introduced In House - Assigned to Education + Appropriations,1
HB15-1088,2015,RS,2015-02-18,House Committee on Education Refer Amended to Appropriations,2
HB15-1088,2015,RS,2015-04-17,House Committee on Appropriations Refer Amended to House Committee of the Whole,3
HB15-1088,2015,RS,2015-04-20,House Second Reading Laid Over Daily - No Amendments,4
HB15-1088,2015,RS,2015-04-21,"House Second Reading Passed with Amendments - Committee, Floor",5
HB15-1088,2015,RS,2015-04-22,House Third Reading Passed - No Amendments,6
HB15-1088,2015,RS,2015-04-22,"Introduced In Senate - Assigned to State, Veterans, & Military Affairs + Appropriations",7
HB15-1088,2015,RS,2015-04-28,"Senate Committee on State, Veterans, & Military Affairs Postpone Indefinitely",8
HB15-1089,2015,RS,2015-01-14,Introduced In House - Assigned to Transportation & Energy + Finance,1
HB15-1089,2015,RS,2015-02-04,House Committee on Transportation & Energy Refer Amended to Finance,2
HB15-1089,2015,RS,2015-04-15,House Committee on Re-Refer Unamended to Transportation & Energy,3
HB15-1089,2015,RS,2015-04-22,House Committee on Transportation & Energy Postpone Indefinitely,4
HB15-1090,2015,RS,2015-01-14,Introduced In House - Assigned to Local Government + Appropriations,1
HB15-1090,2015,RS,2015-02-05,House Committee on Local Government Postpone Indefinitely,2
HB15-1091,2015,RS,2015-01-14,Introduced In House - Assigned to Judiciary,1
HB15-1091,2015,RS,2015-02-17,House Committee on Judiciary Refer Amended to House Committee of the Whole,2
HB15-1091,2015,RS,2015-02-20,House Second Reading Laid Over Daily - No Amendments,3
HB15-1091,2015,RS,2015-02-23,House Second Reading Passed with Amendments - Committee,4
HB15-1091,2015,RS,2015-02-25,House Third Reading Passed - No Amendments,5
HB15-1091,2015,RS,2015-03-18,"Introduced In Senate - Assigned to State, Veterans, & Military Affairs + Judiciary",6
HB15-1091,2015,RS,2015-03-25,"Senate Committee on State, Veterans, & Military Affairs Postpone Indefinitely",7
HB15-1092,2015,RS,2015-01-14,Introduced In House - Assigned to Local Government,1
HB15-1092,2015,RS,2015-02-05,House Committee on Local Government Refer Unamended to House Committee of the Whole,2
HB15-1092,2015,RS,2015-02-13,House Second Reading Passed - No Amendments,3
HB15-1092,2015,RS,2015-02-17,House Third Reading Laid Over Daily - No Amendments,4
HB15-1092,2015,RS,2015-02-19,House Third Reading Passed - No Amendments,5
HB15-1092,2015,RS,2015-02-25,Introduced In Senate - Assigned to Local Government,6
HB15-1092,2015,RS,2015-03-03,Senate Committee on Local Government Refer Amended - Consent Calendar to Senate Committee of the Whole,7
HB15-1092,2015,RS,2015-03-09,Senate Second Reading Passed with Amendments - Committee,8
HB15-1092,2015,RS,2015-03-10,Senate Third Reading Passed - No Amendments,9
HB15-1092,2015,RS,2015-03-19,House Considered Senate Amendments - Result was to Concur - Repass,10
HB15-1092,2015,RS,2015-03-19,House Considered Senate Amendments - Result was to Laid Over Daily,11
HB15-1092,2015,RS,2015-03-27,Signed by the Speaker of the House,12
HB15-1092,2015,RS,2015-03-30,Signed by the President of the Senate,13
HB15-1092,2015,RS,2015-03-30,Sent to the Governor,14
HB15-1092,2015,RS,2015-04-08,Governor Signed,15
HB15-1093,2015,RS,2015-01-14,"Introduced In House - Assigned to State, Veterans, & Military Affairs",1
HB15-1093,2015,RS,2015-02-04,"House Committee on State, Veterans, & Military Affairs Postpone Indefinitely",2
HB15-1094,2015,RS,2015-01-14,Introduced In House - Assigned to Judiciary,1
HB15-1094,2015,RS,2015-02-10,House Committee on Judiciary Refer Amended to House Committee of the Whole,2
HB15-1094,2015,RS,2015-02-13,House Second Reading Passed with Amendments - Committee,3
HB15-1094,2015,RS,2015-02-17,House Third Reading Laid Over Daily - No Amendments,4
HB15-1094,2015,RS,2015-02-19,House Third Reading Passed - No Amendments,5
HB15-1094,2015,RS,2015-02-25,Introduced In Senate - Assigned to Judiciary,6
HB15-1094,2015,RS,2015-03-02,Senate Committee on Judiciary Refer Unamended - Consent Calendar to Senate Committee of the Whole,7
HB15-1094,2015,RS,2015-03-05,Senate Second Reading Passed - No Amendments,8
HB15-1094,2015,RS,2015-03-06,Senate Third Reading Passed - No Amendments,9
HB15-1094,2015,RS,2015-03-11,Signed by the Speaker of the House,10
HB15-1094,2015,RS,2015-03-12,Signed by the President of the Senate,11
HB15-1094,2015,RS,2015-03-12,Sent to the Governor,12
HB15-1094,2015,RS,2015-03-20,Governor Signed,13
HB15-1095,2015,RS,2015-01-14,"Introduced In House - Assigned to State, Veterans, & Military Affairs",1
HB15-1095,2015,RS,2015-03-04,"House Committee on State, Veterans, & Military Affairs Refer Amended to House Committee of the Whole",2
HB15-1095,2015,RS,2015-03-09,House Second Reading Passed with Amendments - Committee,3
HB15-1095,2015,RS,2015-03-10,House Third Reading Passed - No Amendments,4
HB15-1095,2015,RS,2015-03-12,Introduced In Senate - Assigned to Local Government,5
HB15-1095,2015,RS,2015-03-17,Senate Committee on Local Government Refer Unamended - Consent Calendar to Senate Committee of the Whole,6
HB15-1095,2015,RS,2015-03-20,Senate Second Reading Laid Over Daily - No Amendments,7
HB15-1095,2015,RS,2015-03-23,Senate Second Reading Laid Over Daily - No Amendments,8
HB15-1095,2015,RS,2015-03-24,Senate Second Reading Laid Over to 4/7/2015 - No Amendments,9
HB15-1095,2015,RS,2015-04-07,Senate Second Reading Passed - No Amendments,10
HB15-1095,2015,RS,2015-04-08,Senate Third Reading Passed - No Amendments,11
HB15-1095,2015,RS,2015-04-10,Signed by the Speaker of the House,12
HB15-1095,2015,RS,2015-04-13,Signed by the President of the Senate,13
HB15-1095,2015,RS,2015-04-13,Sent to the Governor,14
HB15-1095,2015,RS,2015-04-21,Governor Signed,15
HB15-1096,2015,RS,2015-01-14,Introduced In House - Assigned to Business Affairs & Labor,1
HB15-1096,2015,RS,2015-02-03,House Committee on Business Affairs and Labor Postpone Indefinitely,2
HB15-1097,2015,RS,2015-01-14,Introduced In House - Assigned to Public Health Care & Human Services,1
HB15-1097,2015,RS,2015-02-03,House Committee on Public Health Care & Human Services Refer Unamended to Appropriations,2
HB15-1097,2015,RS,2015-03-13,House Committee on Appropriations Refer Amended to House Committee of the Whole,3
HB15-1097,2015,RS,2015-03-18,House Second Reading Laid Over Daily - No Amendments,4
HB15-1097,2015,RS,2015-03-24,"House Second Reading Passed with Amendments - Committee, Floor",5
HB15-1097,2015,RS,2015-03-25,House Third Reading Passed - No Amendments,6
HB15-1097,2015,RS,2015-03-27,"Introduced In Senate - Assigned to Health & Human Services + State, Veterans, & Military Affairs",7
HB15-1097,2015,RS,2015-04-09,"Senate Committee on Health & Human Services Refer Unamended to State, Veterans, & Military Affairs",8
HB15-1097,2015,RS,2015-04-20,"Senate Committee on State, Veterans, & Military Affairs Postpone Indefinitely",9
HB15-1098,2015,RS,2015-01-15,Introduced In House - Assigned to Transportation & Energy + Appropriations,1
HB15-1098,2015,RS,2015-02-25,House Committee on Transportation & Energy Refer Amended to Appropriations,2
HB15-1098,2015,RS,2015-04-24,House Committee on Appropriations Refer Unamended to House Committee of the Whole,3
HB15-1098,2015,RS,2015-04-28,House Second Reading Laid Over Daily - No Amendments,4
HB15-1098,2015,RS,2015-04-30,"House Second Reading Special Order - Passed with Amendments - Committee, Floor",5
HB15-1098,2015,RS,2015-05-01,House Third Reading Passed - No Amendments,6
HB15-1098,2015,RS,2015-05-01,"Introduced In Senate - Assigned to State, Veterans, & Military Affairs",7
HB15-1098,2015,RS,2015-05-04,"Senate Committee on State, Veterans, & Military Affairs Refer Amended to Senate Committee of the Whole",8
HB15-1098,2015,RS,2015-05-05,Senate Second Reading Special Order - Passed with Amendments - Committee,9
HB15-1098,2015,RS,2015-05-06,Senate Third Reading Passed - No Amendments,10
HB15-1098,2015,RS,2015-05-06,House Considered Senate Amendments - Result was to Concur - Repass,11
HB15-1098,2015,RS,2015-05-14,Signed by the Speaker of the House,12
HB15-1098,2015,RS,2015-05-18,Signed by the President of the Senate,13
HB15-1098,2015,RS,2015-05-18,Sent to the Governor,14
HB15-1098,2015,RS,2015-06-03,Governor Vetoed,15
HB15-1099,2015,RS,2015-01-15,"Introduced In House - Assigned to State, Veterans, & Military Affairs",1
HB15-1099,2015,RS,2015-02-09,"House Committee on State, Veterans, & Military Affairs Postpone Indefinitely",2
HB15-1100,2015,RS,2015-01-15,Introduced In House - Assigned to Finance + Appropriations,1
HB15-1100,2015,RS,2015-02-18,House Committee on Finance Refer Amended to Appropriations,2
HB15-1100,2015,RS,2015-04-10,House Committee on Appropriations Refer Amended to House Committee of the Whole,3
HB15-1100,2015,RS,2015-04-13,House Second Reading Laid Over Daily - No Amendments,4
HB15-1100,2015,RS,2015-04-14,House Second Reading Passed with Amendments - Committee,5
HB15-1100,2015,RS,2015-04-15,House Third Reading Passed - No Amendments,6
HB15-1100,2015,RS,2015-04-16,Introduced In Senate - Assigned to Finance + Appropriations,7
HB15-1100,2015,RS,2015-04-28,Senate Committee on Finance Postpone Indefinitely,8
HB15-1101,2015,RS,2015-01-15,Introduced In House - Assigned to Judiciary + Appropriations,1
HB15-1101,2015,RS,2015-02-12,House Committee on Judiciary Postpone Indefinitely,2
HB15-1102,2015,RS,2015-01-15,Introduced In House - Assigned to Public Health Care & Human Services,1
HB15-1102,2015,RS,2015-03-10,House Committee on Public Health Care & Human Services Refer Amended to Appropriations,2
HB15-1102,2015,RS,2015-04-10,House Committee on Appropriations Refer Amended to House Committee of the Whole,3
HB15-1102,2015,RS,2015-04-13,House Second Reading Laid Over Daily - No Amendments,4
HB15-1102,2015,RS,2015-04-14,House Second Reading Passed with Amendments - Committee,5
HB15-1102,2015,RS,2015-04-15,House Third Reading Passed - No Amendments,6
HB15-1102,2015,RS,2015-04-17,"Introduced In Senate - Assigned to Business, Labor, & Technology",7
HB15-1102,2015,RS,2015-04-28,"Senate Committee on Business, Labor, & Technology Refer Unamended to Appropriations",8
HB15-1102,2015,RS,2015-05-01,Senate Committee on Appropriations Refer Unamended - Consent Calendar to Senate Committee of the Whole,9
HB15-1102,2015,RS,2015-05-01,Senate Second Reading Special Order - Passed - No Amendments,10
HB15-1102,2015,RS,2015-05-04,Senate Third Reading Passed - No Amendments,11
HB15-1102,2015,RS,2015-05-06,Signed by the Speaker of the House,12
HB15-1102,2015,RS,2015-05-08,Sent to the Governor,13
HB15-1102,2015,RS,2015-05-08,Signed by the President of the Senate,14
HB15-1102,2015,RS,2015-06-05,Governor Signed,15
HB15-1103,2015,RS,2015-01-15,Introduced In House - Assigned to Judiciary,1
HB15-1103,2015,RS,2015-01-22,House Committee on Judiciary Postpone Indefinitely,2
HB15-1104,2015,RS,2015-01-15,Introduced In House - Assigned to Finance + Appropriations,1
HB15-1104,2015,RS,2015-01-29,House Committee on Finance Refer Amended to Appropriations,2
HB15-1104,2015,RS,2015-03-06,House Committee on Appropriations Refer Unamended to House Committee of the Whole,3
HB15-1104,2015,RS,2015-03-09,House Second Reading Passed with Amendments - Committee,4
HB15-1104,2015,RS,2015-03-10,House Third Reading Passed - No Amendments,5
HB15-1104,2015,RS,2015-03-12,Introduced In Senate - Assigned to Finance,6
HB15-1104,2015,RS,2015-03-24,Senate Committee on Finance Refer Unamended to Appropriations,7
HB15-1104,2015,RS,2015-04-17,Senate Committee on Appropriations Postpone Indefinitely,8
HB15-1105,2015,RS,2015-01-15,Introduced In House - Assigned to Education + Appropriations,1
HB15-1105,2015,RS,2015-04-20,House Committee on Education Postpone Indefinitely,2
HB15-1106,2015,RS,2015-01-15,Introduced In House - Assigned to Public Health Care & Human Services,1
HB15-1106,2015,RS,2015-02-10,House Committee on Public Health Care & Human Services Refer Unamended to House Committee of the Whole,2
HB15-1106,2015,RS,2015-02-13,House Second Reading Passed - No Amendments,3
HB15-1106,2015,RS,2015-02-17,House Third Reading Laid Over Daily - No Amendments,4
HB15-1106,2015,RS,2015-02-19,House Third Reading Passed - No Amendments,5
HB15-1106,2015,RS,2015-02-25,Introduced In Senate - Assigned to Health & Human Services,6
HB15-1106,2015,RS,2015-03-11,Senate Committee on Health & Human Services Refer Unamended - Consent Calendar to Senate Committee of the Whole,7
HB15-1106,2015,RS,2015-03-16,Senate Second Reading Passed - No Amendments,8
HB15-1106,2015,RS,2015-03-17,Senate Third Reading Passed - No Amendments,9
HB15-1106,2015,RS,2015-03-20,Signed by the Speaker of the House,10
HB15-1106,2015,RS,2015-03-20,Signed by the President of the Senate,11
HB15-1106,2015,RS,2015-03-20,Sent to the Governor,12
HB15-1106,2015,RS,2015-03-30,Governor Signed,13
HB15-1107,2015,RS,2015-01-15,Introduced In House - Assigned to Local Government,1
HB15-1107,2015,RS,2015-02-18,House Committee on Local Government Postpone Indefinitely,2
HB15-1108,2015,RS,2015-01-15,Introduced In House - Assigned to Education + Appropriations,1
HB15-1108,2015,RS,2015-02-09,House Committee on Education Postpone Indefinitely,2
HB15-1109,2015,RS,2015-01-15,Introduced In House - Assigned to Finance + Appropriations,1
HB15-1109,2015,RS,2015-04-30,House Committee on Finance Refer Unamended to Appropriations,2
HB15-1109,2015,RS,2015-05-01,House Committee on Appropriations Postpone Indefinitely,3
HB15-1110,2015,RS,2015-01-15,"Introduced In House - Assigned to State, Veterans, & Military Affairs + Appropriations",1
HB15-1110,2015,RS,2015-03-23,"House Committee on State, Veterans, & Military Affairs Postpone Indefinitely",2
HB15-1111,2015,RS,2015-01-15,Introduced In House - Assigned to Public Health Care & Human Services,1
HB15-1111,2015,RS,2015-02-03,House Committee on Public Health Care & Human Services Refer Amended to Appropriations,2
HB15-1111,2015,RS,2015-02-20,House Committee on Appropriations Refer Unamended to House Committee of the Whole,3
HB15-1111,2015,RS,2015-02-24,House Second Reading Passed with Amendments - Committee,4
HB15-1111,2015,RS,2015-02-25,House Third Reading Passed - No Amendments,5
HB15-1111,2015,RS,2015-03-03,Introduced In Senate - Assigned to Health & Human Services + Finance + Appropriations,6
HB15-1111,2015,RS,2015-03-19,Senate Committee on Health & Human Services Refer Unamended to Finance,7
HB15-1111,2015,RS,2015-04-09,Senate Committee on Finance Postpone Indefinitely,8
HB15-1112,2015,RS,2015-01-15,Introduced In House - Assigned to Public Health Care & Human Services + Appropriations,1
HB15-1112,2015,RS,2015-03-03,House Committee on Public Health Care & Human Services Postpone Indefinitely,2
HB15-1113,2015,RS,2015-01-15,"Introduced In House - Assigned to State, Veterans, & Military Affairs",1
HB15-1113,2015,RS,2015-02-11,"House Committee on State, Veterans, & Military Affairs Refer Amended to House Committee of the Whole",2
HB15-1113,2015,RS,2015-02-24,House Second Reading Laid Over to 02/26/2015 - No Amendments,3
HB15-1113,2015,RS,2015-02-26,House Second Reading Laid Over to 05/30/2015 - No Amendments,4
HB15-1114,2015,RS,2015-01-15,"Introduced In House - Assigned to State, Veterans, & Military Affairs",1
HB15-1114,2015,RS,2015-02-18,"House Committee on State, Veterans, & Military Affairs Refer Unamended to House Committee of the Whole",2
HB15-1114,2015,RS,2015-02-27,House Second Reading Laid Over Daily - No Amendments,3
HB15-1114,2015,RS,2015-03-06,House Second Reading Passed with Amendments - Floor,4
HB15-1114,2015,RS,2015-03-09,House Third Reading Passed with Amendments - Floor,5
HB15-1114,2015,RS,2015-03-11,"Introduced In Senate - Assigned to State, Veterans, & Military Affairs",6
HB15-1114,2015,RS,2015-03-23,"Senate Committee on State, Veterans, & Military Affairs Postpone Indefinitely",7
HB15-1115,2015,RS,2015-01-15,Introduced In House - Assigned to Judiciary,1
HB15-1115,2015,RS,2015-03-03,House Committee on Judiciary Witness Testimony and/or Committee Discussion Only,2
HB15-1115,2015,RS,2015-04-14,House Committee on Judiciary Refer Amended to House Committee of the Whole,3
HB15-1115,2015,RS,2015-04-17,House Second Reading Passed with Amendments - Committee,4
HB15-1115,2015,RS,2015-04-20,House Third Reading Laid Over Daily - No Amendments,5
HB15-1115,2015,RS,2015-04-21,House Third Reading Passed - No Amendments,6
HB15-1115,2015,RS,2015-04-21,Introduced In Senate - Assigned to Local Government,7
HB15-1115,2015,RS,2015-04-29,Senate Committee on Local Government Refer Amended to Senate Committee of the Whole,8
HB15-1115,2015,RS,2015-05-01,"Senate Second Reading Laid Over Daily with Amendments - Committee, Floor",9
HB15-1115,2015,RS,2015-05-04,Senate Second Reading Laid Over Daily - No Amendments,10
HB15-1115,2015,RS,2015-05-05,"Senate Second Reading Special Order - Laid Over with Amendments to 05/07/2015 - Committee, Floor",11
HB15-1116,2015,RS,2015-01-15,Introduced In House - Assigned to Education,1
HB15-1116,2015,RS,2015-02-11,House Committee on Education Postpone Indefinitely,2
HB15-1117,2015,RS,2015-01-15,Introduced In House - Assigned to Business Affairs & Labor,1
HB15-1117,2015,RS,2015-02-03,House Committee on Business Affairs and Labor Refer Unamended to House Committee of the Whole,2
HB15-1117,2015,RS,2015-02-09,House Second Reading Passed - No Amendments,3
HB15-1117,2015,RS,2015-02-10,House Third Reading Passed - No Amendments,4
HB15-1117,2015,RS,2015-02-17,"Introduced In Senate - Assigned to Business, Labor, & Technology",5
HB15-1117,2015,RS,2015-03-04,"Senate Committee on Business, Labor, & Technology Refer Unamended - Consent Calendar to Senate Committee of the Whole",6
HB15-1117,2015,RS,2015-03-09,Senate Second Reading Passed - No Amendments,7
HB15-1117,2015,RS,2015-03-10,Senate Third Reading Passed - No Amendments,8
HB15-1117,2015,RS,2015-03-13,Signed by the President of the Senate,9
HB15-1117,2015,RS,2015-03-13,Signed by the Speaker of the House,10
HB15-1117,2015,RS,2015-03-16,Sent to the Governor,11
HB15-1117,2015,RS,2015-03-26,Governor Signed,12
HB15-1118,2015,RS,2015-01-15,"Introduced In House - Assigned to State, Veterans, & Military Affairs",1
HB15-1118,2015,RS,2015-02-18,"House Committee on State, Veterans, & Military Affairs Postpone Indefinitely",2
HB15-1119,2015,RS,2015-01-15,"Introduced In House - Assigned to State, Veterans, & Military Affairs + Appropriations",1
HB15-1119,2015,RS,2015-02-11,"House Committee on State, Veterans, & Military Affairs Witness Testimony and/or Committee Discussion Only",2
HB15-1119,2015,RS,2015-02-25,"House Committee on State, Veterans, & Military Affairs Postpone Indefinitely",3
HB15-1120,2015,RS,2015-01-15,Introduced In House - Assigned to Public Health Care & Human Services + Appropriations,1
HB15-1120,2015,RS,2015-02-17,House Committee on Public Health Care & Human Services Refer Amended to Appropriations,2
HB15-1120,2015,RS,2015-04-02,House Committee on Appropriations Postpone Indefinitely,3
HB15-1121,2015,RS,2015-01-16,Introduced In House - Assigned to Transportation & Energy,1
HB15-1121,2015,RS,2015-01-28,House Committee on Transportation & Energy Refer Unamended to House Committee of the Whole,2
HB15-1121,2015,RS,2015-02-02,House Second Reading Passed - No Amendments,3
HB15-1121,2015,RS,2015-02-03,House Third Reading Passed - No Amendments,4
HB15-1121,2015,RS,2015-02-06,"Introduced In Senate - Assigned to Agriculture, Natural Resources, & Energy",5
HB15-1121,2015,RS,2015-02-19,"Senate Committee on Agriculture, Natural Resources, & Energy Refer Unamended - Consent Calendar to Senate Committee of the Whole",6
HB15-1121,2015,RS,2015-02-24,Senate Second Reading Passed - No Amendments,7
HB15-1121,2015,RS,2015-02-25,Senate Third Reading Laid Over Daily - No Amendments,8
HB15-1121,2015,RS,2015-02-26,Senate Third Reading Passed - No Amendments,9
HB15-1121,2015,RS,2015-03-04,Signed by the Speaker of the House,10
HB15-1121,2015,RS,2015-03-05,Signed by the President of the Senate,11
HB15-1121,2015,RS,2015-03-05,Sent to the Governor,12
HB15-1121,2015,RS,2015-03-13,Governor Signed,13
HB15-1122,2015,RS,2015-01-16,Introduced In House - Assigned to Judiciary,1
HB15-1122,2015,RS,2015-02-12,House Committee on Judiciary Refer Amended to House Committee of the Whole,2
HB15-1122,2015,RS,2015-02-19,House Second Reading Passed with Amendments - Committee,3
HB15-1122,2015,RS,2015-02-20,House Third Reading Passed - No Amendments,4
HB15-1122,2015,RS,2015-02-25,Introduced In Senate - Assigned to Judiciary,5
HB15-1122,2015,RS,2015-03-04,Senate Committee on Judiciary Refer Unamended - Consent Calendar to Senate Committee of the Whole,6
HB15-1122,2015,RS,2015-03-09,Senate Second Reading Passed - No Amendments,7
HB15-1122,2015,RS,2015-03-10,Senate Third Reading Passed - No Amendments,8
HB15-1122,2015,RS,2015-03-11,Signed by the Speaker of the House,9
HB15-1122,2015,RS,2015-03-12,Signed by the President of the Senate,10
HB15-1122,2015,RS,2015-03-12,Sent to the Governor,11
HB15-1122,2015,RS,2015-03-20,Governor Signed,12
HB15-1123,2015,RS,2015-01-16,Introduced In House - Assigned to Education,1
HB15-1123,2015,RS,2015-04-20,House Committee on Education Postpone Indefinitely,2
HB15-1124,2015,RS,2015-01-16,Introduced In House - Assigned to Education,1
HB15-1124,2015,RS,2015-02-11,House Committee on Education Postpone Indefinitely,2
HB15-1125,2015,RS,2015-01-16,Introduced In House - Assigned to Education + Appropriations,1
HB15-1125,2015,RS,2015-04-20,House Committee on Education Postpone Indefinitely,2
HB15-1126,2015,RS,2015-01-16,"Introduced In House - Assigned to State, Veterans, & Military Affairs + Finance",1
HB15-1126,2015,RS,2015-02-25,"House Committee on State, Veterans, & Military Affairs Refer Unamended to Finance",2
HB15-1126,2015,RS,2015-03-18,House Committee on Finance Postpone Indefinitely,3
HB15-1127,2015,RS,2015-01-16,"Introduced In House - Assigned to State, Veterans, & Military Affairs",1
HB15-1127,2015,RS,2015-02-02,"House Committee on State, Veterans, & Military Affairs Postpone Indefinitely",2
HB15-1128,2015,RS,2015-01-16,"Introduced In House - Assigned to Health, Insurance, & Environment + Appropriations",1
HB15-1128,2015,RS,2015-02-12,"House Committee on Health, Insurance, & Environment Postpone Indefinitely",2
HB15-1129,2015,RS,2015-01-20,"Introduced In House - Assigned to Agriculture, Livestock, & Natural Resources + Appropriations",1
HB15-1129,2015,RS,2015-02-09,"House Committee on Agriculture, Livestock, & Natural Resources Refer Unamended to Appropriations",2
HB15-1129,2015,RS,2015-04-10,House Committee on Appropriations Refer Amended to House Committee of the Whole,3
HB15-1129,2015,RS,2015-04-13,House Second Reading Laid Over Daily - No Amendments,4
HB15-1129,2015,RS,2015-04-14,House Second Reading Passed with Amendments - Committee,5
HB15-1129,2015,RS,2015-04-15,House Third Reading Passed - No Amendments,6
HB15-1129,2015,RS,2015-04-16,"Introduced In Senate - Assigned to Agriculture, Natural Resources, & Energy + Appropriations",7
HB15-1129,2015,RS,2015-04-23,"Senate Committee on Agriculture, Natural Resources, & Energy Refer Unamended to Appropriations",8
HB15-1129,2015,RS,2015-04-28,Senate Committee on Appropriations Refer Amended to Senate Committee of the Whole,9
HB15-1129,2015,RS,2015-04-28,Senate Second Reading Special Order - Passed with Amendments - Committee,10
HB15-1129,2015,RS,2015-04-29,Senate Third Reading Passed - No Amendments,11
HB15-1129,2015,RS,2015-04-30,House Considered Senate Amendments - Result was to Concur - Repass,12
HB15-1129,2015,RS,2015-05-06,Signed by the Speaker of the House,13
HB15-1129,2015,RS,2015-05-08,Sent to the Governor,14
HB15-1129,2015,RS,2015-05-08,Signed by the President of the Senate,15
HB15-1129,2015,RS,2015-05-20,Governor Signed,16
HB15-1130,2015,RS,2015-01-20,"Introduced In House - Assigned to State, Veterans, & Military Affairs",1
HB15-1130,2015,RS,2015-02-25,"House Committee on State, Veterans, & Military Affairs Refer Amended to House Committee of the Whole",2
HB15-1130,2015,RS,2015-03-02,House Second Reading Passed with Amendments - Committee,3
HB15-1130,2015,RS,2015-03-03,House Third Reading Passed - No Amendments,4
HB15-1130,2015,RS,2015-03-11,"Introduced In Senate - Assigned to State, Veterans, & Military Affairs",5
HB15-1130,2015,RS,2015-03-18,"Senate Committee on State, Veterans, & Military Affairs Refer Unamended to Senate Committee of the Whole",6
HB15-1130,2015,RS,2015-03-23,Senate Second Reading Laid Over Daily - No Amendments,7
HB15-1130,2015,RS,2015-03-24,Senate Second Reading Passed - No Amendments,8
HB15-1130,2015,RS,2015-03-25,Senate Third Reading Laid Over to 03/30/2015 - No Amendments,9
HB15-1130,2015,RS,2015-03-30,Senate Third Reading Laid Over to 04/06/2015 - No Amendments,10
HB15-1130,2015,RS,2015-04-06,"Senate Third Reading Re-referred to State, Veterans, & Military Affairs - No Amendments",11
HB15-1130,2015,RS,2015-04-13,"Senate Committee on State, Veterans, & Military Affairs Refer Amended to Senate Committee of the Whole",12
HB15-1130,2015,RS,2015-04-16,"Senate Second Reading Passed with Amendments - Committee, Floor",13
HB15-1130,2015,RS,2015-04-17,Senate Third Reading Passed - No Amendments,14
HB15-1130,2015,RS,2015-04-27,House Considered Senate Amendments - Result was to Laid Over Daily,15
HB15-1130,2015,RS,2015-04-27,House Considered Senate Amendments - Result was to Not Concur - Request Conference Committee,16
HB15-1130,2015,RS,2015-04-30,First Conference Committee Result was to Adopt Rerevised w/ Amendments,17
HB15-1130,2015,RS,2015-05-01,First Conference Committee Result was to Corrected Report Amending Rerevised Bill,18
HB15-1130,2015,RS,2015-05-04,Senate Consideration of First Conference Committee Report result was to Adopt Committee Report - Repass,19
HB15-1130,2015,RS,2015-05-05,House Consideration of First Conference Committee Report result was to Adopt Committee Report - Repass,20
HB15-1130,2015,RS,2015-05-14,Signed by the Speaker of the House,21
HB15-1130,2015,RS,2015-05-18,Signed by the President of the Senate,22
HB15-1130,2015,RS,2015-05-18,Sent to the Governor,23
HB15-1130,2015,RS,2015-05-27,Governor Signed,24
HB15-1131,2015,RS,2015-01-20,Introduced In House - Assigned to Judiciary,1
HB15-1131,2015,RS,2015-03-05,House Committee on Judiciary Refer Amended to Appropriations,2
HB15-1131,2015,RS,2015-03-13,House Committee on Appropriations Refer Amended to House Committee of the Whole,3
HB15-1131,2015,RS,2015-03-16,House Second Reading Passed with Amendments - Committee,4
HB15-1131,2015,RS,2015-03-17,House Third Reading Passed - No Amendments,5
HB15-1131,2015,RS,2015-03-17,Introduced In Senate - Assigned to Judiciary,6
HB15-1131,2015,RS,2015-04-08,Senate Committee on Judiciary Refer Amended to Appropriations,7
HB15-1131,2015,RS,2015-04-17,Senate Committee on Appropriations Refer Unamended - Consent Calendar to Senate Committee of the Whole,8
HB15-1131,2015,RS,2015-04-20,Senate Second Reading Special Order - Passed with Amendments - Committee,9
HB15-1131,2015,RS,2015-04-21,Senate Third Reading Passed - No Amendments,10
HB15-1131,2015,RS,2015-04-22,House Considered Senate Amendments - Result was to Concur - Repass,11
HB15-1131,2015,RS,2015-04-24,Signed by the Speaker of the House,12
HB15-1131,2015,RS,2015-04-28,Signed by the President of the Senate,13
HB15-1131,2015,RS,2015-04-28,Sent to the Governor,14
HB15-1131,2015,RS,2015-05-08,Governor Signed,15
HB15-1132,2015,RS,2015-01-22,Introduced In House - Assigned to Transportation & Energy + Finance + Appropriations,1
HB15-1132,2015,RS,2015-02-11,House Committee on Transportation & Energy Refer Amended to Finance,2
HB15-1132,2015,RS,2015-02-26,House Committee on Finance Refer Amended to Appropriations,3
HB15-1132,2015,RS,2015-04-10,House Committee on Appropriations Refer Amended to House Committee of the Whole,4
HB15-1132,2015,RS,2015-04-13,House Second Reading Laid Over Daily - No Amendments,5
HB15-1132,2015,RS,2015-04-14,"House Second Reading Passed with Amendments - Committee, Floor",6
HB15-1132,2015,RS,2015-04-15,House Third Reading Passed - No Amendments,7
HB15-1132,2015,RS,2015-04-16,"Introduced In Senate - Assigned to Agriculture, Natural Resources, & Energy + Finance",8
HB15-1132,2015,RS,2015-04-23,"Senate Committee on Agriculture, Natural Resources, & Energy Refer Unamended to Finance",9
HB15-1132,2015,RS,2015-04-28,Senate Committee on Finance Postpone Indefinitely,10
HB15-1133,2015,RS,2015-01-26,Introduced In House - Assigned to Business Affairs and Labor,1
HB15-1133,2015,RS,2015-01-29,House Committee on Business Affairs and Labor Refer Amended to Appropriations,2
HB15-1133,2015,RS,2015-03-06,House Committee on Appropriations Refer Amended to House Committee of the Whole,3
HB15-1133,2015,RS,2015-03-09,House Second Reading Passed with Amendments - Committee,4
HB15-1133,2015,RS,2015-03-10,House Third Reading Passed - No Amendments,5
HB15-1133,2015,RS,2015-03-18,"Introduced In Senate - Assigned to State, Veterans, & Military Affairs",6
HB15-1133,2015,RS,2015-04-06,"Senate Committee on State, Veterans, & Military Affairs Postpone Indefinitely",7
HB15-1134,2015,RS,2015-01-27,Introduced In House - Assigned to Transportation & Energy,1
HB15-1134,2015,RS,2015-02-11,House Committee on Transportation & Energy Refer Unamended to Appropriations,2
HB15-1134,2015,RS,2015-02-20,House Committee on Appropriations Refer Amended to House Committee of the Whole,3
HB15-1134,2015,RS,2015-02-24,House Second Reading Passed with Amendments - Committee,4
HB15-1134,2015,RS,2015-02-25,House Third Reading Passed - No Amendments,5
HB15-1134,2015,RS,2015-03-03,Introduced In Senate - Assigned to Transportation,6
HB15-1134,2015,RS,2015-03-12,Senate Committee on Transportation Refer Unamended - Consent Calendar to Senate Committee of the Whole,7
HB15-1134,2015,RS,2015-03-17,Senate Second Reading Referred to Appropriations - No Amendments,8
HB15-1134,2015,RS,2015-04-17,Senate Committee on Appropriations Refer Amended to Senate Committee of the Whole,9
HB15-1134,2015,RS,2015-04-21,Senate Second Reading Laid Over Daily - No Amendments,10
HB15-1134,2015,RS,2015-04-22,Senate Second Reading Laid Over Daily - No Amendments,11
HB15-1134,2015,RS,2015-04-23,Senate Second Reading Passed with Amendments - Committee,12
HB15-1134,2015,RS,2015-04-24,Senate Third Reading Passed - No Amendments,13
HB15-1134,2015,RS,2015-04-27,House Considered Senate Amendments - Result was to Concur - Repass,14
HB15-1134,2015,RS,2015-05-01,Signed by the Speaker of the House,15
HB15-1134,2015,RS,2015-05-01,Signed by the President of the Senate,16
HB15-1134,2015,RS,2015-05-01,Sent to the Governor,17
HB15-1134,2015,RS,2015-05-08,Governor Signed,18
HB15-1135,2015,RS,2015-01-27,Introduced In House - Assigned to Public Health Care & Human Services,1
HB15-1135,2015,RS,2015-02-06,House Committee on Public Health Care & Human Services Postpone Indefinitely,2
HB15-1136,2015,RS,2015-01-28,"Introduced In House - Assigned to State, Veterans, & Military Affairs",1
HB15-1136,2015,RS,2015-02-11,"House Committee on State, Veterans, & Military Affairs Refer Unamended to Finance",2
HB15-1136,2015,RS,2015-02-26,House Committee on Finance Refer Unamended to Appropriations,3
HB15-1136,2015,RS,2015-03-13,House Committee on Appropriations Refer Amended to House Committee of the Whole,4
HB15-1136,2015,RS,2015-03-16,House Second Reading Passed with Amendments - Committee,5
HB15-1136,2015,RS,2015-03-17,House Third Reading Passed - No Amendments,6
HB15-1136,2015,RS,2015-03-17,Introduced In Senate - Assigned to Finance,7
HB15-1136,2015,RS,2015-03-19,Senate Committee on Finance Refer Unamended to Appropriations,8
HB15-1136,2015,RS,2015-04-17,Senate Committee on Appropriations Refer Unamended - Consent Calendar to Senate Committee of the Whole,9
HB15-1136,2015,RS,2015-04-20,Senate Second Reading Special Order - Passed - No Amendments,10
HB15-1136,2015,RS,2015-04-21,Senate Third Reading Passed - No Amendments,11
HB15-1136,2015,RS,2015-04-23,Signed by the President of the Senate,12
HB15-1136,2015,RS,2015-04-23,Signed by the Speaker of the House,13
HB15-1136,2015,RS,2015-04-24,Sent to the Governor,14
HB15-1136,2015,RS,2015-05-04,Governor Signed,15
HB15-1137,2015,RS,2015-01-28,Introduced In House - Assigned to Judiciary,1
HB15-1137,2015,RS,2015-02-12,House Committee on Judiciary Refer Unamended to House Committee of the Whole,2
HB15-1137,2015,RS,2015-02-19,House Second Reading Passed - No Amendments,3
HB15-1137,2015,RS,2015-02-20,House Third Reading Laid Over Daily - No Amendments,4
HB15-1137,2015,RS,2015-02-24,House Third Reading Passed - No Amendments,5
HB15-1137,2015,RS,2015-02-25,Introduced In Senate - Assigned to Judiciary,6
HB15-1137,2015,RS,2015-03-02,Senate Committee on Judiciary Refer Unamended - Consent Calendar to Senate Committee of the Whole,7
HB15-1137,2015,RS,2015-03-05,Senate Second Reading Passed - No Amendments,8
HB15-1137,2015,RS,2015-03-06,Senate Third Reading Passed - No Amendments,9
HB15-1137,2015,RS,2015-03-13,Signed by the President of the Senate,10
HB15-1137,2015,RS,2015-03-13,Signed by the Speaker of the House,11
HB15-1137,2015,RS,2015-03-16,Sent to the Governor,12
HB15-1137,2015,RS,2015-03-26,Governor Signed,13
HB15-1138,2015,RS,2015-01-28,"Introduced In House - Assigned to State, Veterans, & Military Affairs",1
HB15-1138,2015,RS,2015-04-13,"House Committee on State, Veterans, & Military Affairs Postpone Indefinitely",2
HB15-1139,2015,RS,2015-01-28,"Introduced In House - Assigned to State, Veterans, & Military Affairs",1
HB15-1139,2015,RS,2015-02-09,"House Committee on State, Veterans, & Military Affairs Postpone Indefinitely",2
HB15-1140,2015,RS,2015-01-28,"Introduced In House - Assigned to State, Veterans, & Military Affairs",1
HB15-1140,2015,RS,2015-02-18,"House Committee on State, Veterans, & Military Affairs Postpone Indefinitely",2
HB15-1141,2015,RS,2015-01-28,"Introduced In House - Assigned to Health, Insurance, & Environment + State, Veterans, & Military Affairs",1
HB15-1141,2015,RS,2015-02-12,"House Committee on Health, Insurance, & Environment Postpone Indefinitely",2
HB15-1142,2015,RS,2015-01-28,Introduced In House - Assigned to Business Affairs and Labor + Finance,1
HB15-1142,2015,RS,2015-02-24,House Committee on Business Affairs and Labor Refer Amended to Finance,2
HB15-1142,2015,RS,2015-03-12,House Committee on Finance Refer Amended to House Committee of the Whole,3
HB15-1142,2015,RS,2015-03-16,House Second Reading Passed with Amendments - Committee,4
HB15-1142,2015,RS,2015-03-17,House Third Reading Passed - No Amendments,5
HB15-1142,2015,RS,2015-03-17,"Introduced In Senate - Assigned to Business, Labor, & Technology",6
HB15-1142,2015,RS,2015-03-25,"Senate Committee on Business, Labor, & Technology Refer Amended - Consent Calendar to Senate Committee of the Whole",7
HB15-1142,2015,RS,2015-03-30,Senate Second Reading Passed with Amendments - Committee,8
HB15-1142,2015,RS,2015-03-31,Senate Third Reading Passed - No Amendments,9
HB15-1142,2015,RS,2015-04-02,House Considered Senate Amendments - Result was to Concur - Repass,10
HB15-1142,2015,RS,2015-04-02,House Considered Senate Amendments - Result was to Laid Over Daily,11
HB15-1142,2015,RS,2015-04-09,Signed by the Speaker of the House,12
HB15-1142,2015,RS,2015-04-13,Signed by the President of the Senate,13
HB15-1142,2015,RS,2015-04-13,Sent to the Governor,14
HB15-1142,2015,RS,2015-04-21,Governor Signed,15
HB15-1143,2015,RS,2015-01-28,"Introduced In House - Assigned to Health, Insurance, & Environment + Finance + Appropriations",1
HB15-1143,2015,RS,2015-02-26,"House Committee on Health, Insurance, & Environment Refer Amended to Finance",2
HB15-1143,2015,RS,2015-03-11,House Committee on Finance Postpone Indefinitely,3
HB15-1144,2015,RS,2015-01-28,Introduced In House - Assigned to Public Health Care & Human Services,1
HB15-1144,2015,RS,2015-02-10,House Committee on Public Health Care & Human Services Refer Amended to House Committee of the Whole,2
HB15-1144,2015,RS,2015-02-13,House Second Reading Passed with Amendments - Committee,3
HB15-1144,2015,RS,2015-02-17,House Third Reading Laid Over Daily - No Amendments,4
HB15-1144,2015,RS,2015-02-19,House Third Reading Passed - No Amendments,5
HB15-1144,2015,RS,2015-02-25,Introduced In Senate - Assigned to Health & Human Services,6
HB15-1144,2015,RS,2015-03-05,Senate Committee on Health & Human Services Refer Unamended to Senate Committee of the Whole,7
HB15-1144,2015,RS,2015-03-10,Senate Second Reading Passed - No Amendments,8
HB15-1144,2015,RS,2015-03-11,Senate Third Reading Passed - No Amendments,9
HB15-1144,2015,RS,2015-03-20,Signed by the Speaker of the House,10
HB15-1144,2015,RS,2015-03-20,Signed by the President of the Senate,11
HB15-1144,2015,RS,2015-03-20,Sent to the Governor,12
HB15-1144,2015,RS,2015-03-26,Governor Signed,13
HB15-1145,2015,RS,2015-01-28,"Introduced In House - Assigned to Health, Insurance, & Environment",1
HB15-1145,2015,RS,2015-02-19,"House Committee on Health, Insurance, & Environment Refer Unamended to House Committee of the Whole",2
HB15-1145,2015,RS,2015-02-24,House Second Reading Passed - No Amendments,3
HB15-1145,2015,RS,2015-02-25,House Third Reading Passed - No Amendments,4
HB15-1145,2015,RS,2015-03-03,Introduced In Senate - Assigned to Health & Human Services,5
HB15-1145,2015,RS,2015-03-19,Senate Committee on Health & Human Services Refer Unamended - Consent Calendar to Senate Committee of the Whole,6
HB15-1145,2015,RS,2015-03-24,Senate Second Reading Passed - No Amendments,7
HB15-1145,2015,RS,2015-03-25,Senate Third Reading Passed - No Amendments,8
HB15-1145,2015,RS,2015-03-30,Signed by the President of the Senate,9
HB15-1145,2015,RS,2015-03-30,Signed by the Speaker of the House,10
HB15-1145,2015,RS,2015-03-30,Sent to the Governor,11
HB15-1145,2015,RS,2015-04-08,Governor Signed,12
HB15-1146,2015,RS,2015-01-28,Introduced In House - Assigned to Education + Appropriations,1
HB15-1146,2015,RS,2015-02-18,House Committee on Education Refer Amended to Appropriations,2
HB15-1146,2015,RS,2015-04-02,House Committee on Appropriations Refer Amended to House Committee of the Whole,3
HB15-1146,2015,RS,2015-04-06,"House Second Reading Passed with Amendments - Committee, Floor",4
HB15-1146,2015,RS,2015-04-07,House Third Reading Passed - No Amendments,5
HB15-1146,2015,RS,2015-04-09,Introduced In Senate - Assigned to Education + Appropriations,6
HB15-1146,2015,RS,2015-04-15,Senate Committee on Education Postpone Indefinitely,7
HB15-1147,2015,RS,2015-01-28,"Introduced In House - Assigned to Health, Insurance, & Environment",1
HB15-1147,2015,RS,2015-02-19,"House Committee on Health, Insurance, & Environment Refer Amended to Finance",2
HB15-1147,2015,RS,2015-03-05,House Committee on Finance Refer Unamended to Appropriations,3
HB15-1147,2015,RS,2015-03-13,House Committee on Appropriations Refer Amended to House Committee of the Whole,4
HB15-1147,2015,RS,2015-03-18,House Second Reading Laid Over Daily - No Amendments,5
HB15-1147,2015,RS,2015-03-20,House Second Reading Passed with Amendments - Committee,6
HB15-1147,2015,RS,2015-03-23,House Third Reading Passed - No Amendments,7
HB15-1147,2015,RS,2015-03-25,"Introduced In Senate - Assigned to Business, Labor, & Technology + Finance + Appropriations",8
HB15-1147,2015,RS,2015-04-08,"Senate Committee on Business, Labor, & Technology Postpone Indefinitely",9
HB15-1148,2015,RS,2015-01-28,"Introduced In House - Assigned to State, Veterans, & Military Affairs + Finance + Appropriations",1
HB15-1148,2015,RS,2015-03-02,"House Committee on State, Veterans, & Military Affairs Postpone Indefinitely",2
HB15-1149,2015,RS,2015-01-28,Introduced In House - Assigned to Judiciary,1
HB15-1149,2015,RS,2015-02-24,House Committee on Judiciary Refer Amended to Appropriations,2
HB15-1149,2015,RS,2015-03-06,House Committee on Appropriations Refer Amended to House Committee of the Whole,3
HB15-1149,2015,RS,2015-03-09,House Second Reading Passed with Amendments - Committee,4
HB15-1149,2015,RS,2015-03-10,House Third Reading Passed - No Amendments,5
HB15-1149,2015,RS,2015-03-12,Introduced In Senate - Assigned to Judiciary,6
HB15-1149,2015,RS,2015-04-08,Senate Committee on Judiciary Refer Unamended to Appropriations,7
HB15-1149,2015,RS,2015-04-10,Senate Committee on Appropriations Refer Unamended - Consent Calendar to Senate Committee of the Whole,8
HB15-1149,2015,RS,2015-04-13,Senate Second Reading Special Order - Passed - No Amendments,9
HB15-1149,2015,RS,2015-04-14,Senate Third Reading Passed - No Amendments,10
HB15-1149,2015,RS,2015-04-17,Signed by the Speaker of the House,11
HB15-1149,2015,RS,2015-04-20,Signed by the President of the Senate,12
HB15-1149,2015,RS,2015-04-20,Sent to the Governor,13
HB15-1149,2015,RS,2015-04-24,Governor Signed,14
HB15-1150,2015,RS,2015-01-28,"Introduced In House - Assigned to Agriculture, Livestock, & Natural Resources + Appropriations",1
HB15-1150,2015,RS,2015-02-11,"House Committee on Agriculture, Livestock, & Natural Resources Refer Unamended to Appropriations",2
HB15-1150,2015,RS,2015-02-20,House Committee on Appropriations Refer Unamended to House Committee of the Whole,3
HB15-1150,2015,RS,2015-02-24,House Second Reading Passed - No Amendments,4
HB15-1150,2015,RS,2015-02-25,House Third Reading Passed - No Amendments,5
HB15-1150,2015,RS,2015-03-03,Introduced In Senate - Assigned to Finance + Appropriations,6
HB15-1150,2015,RS,2015-03-10,Senate Committee on Finance Refer Unamended to Appropriations,7
HB15-1150,2015,RS,2015-03-13,Senate Committee on Appropriations Refer Unamended - Consent Calendar to Senate Committee of the Whole,8
HB15-1150,2015,RS,2015-03-17,Senate Second Reading Passed - No Amendments,9
HB15-1150,2015,RS,2015-03-18,Senate Third Reading Passed - No Amendments,10
HB15-1150,2015,RS,2015-03-20,Signed by the Speaker of the House,11
HB15-1150,2015,RS,2015-03-20,Signed by the President of the Senate,12
HB15-1150,2015,RS,2015-03-20,Sent to the Governor,13
HB15-1150,2015,RS,2015-03-30,Governor Signed,14
HB15-1151,2015,RS,2015-01-28,"Introduced In House - Assigned to Health, Insurance, & Environment + Appropriations",1
HB15-1151,2015,RS,2015-03-12,"House Committee on Health, Insurance, & Environment Postpone Indefinitely",2
HB15-1152,2015,RS,2015-01-28,"Introduced In House - Assigned to State, Veterans, & Military Affairs",1
HB15-1152,2015,RS,2015-04-13,"House Committee on State, Veterans, & Military Affairs Postpone Indefinitely",2
HB15-1153,2015,RS,2015-01-28,Introduced In House - Assigned to Judiciary,1
HB15-1153,2015,RS,2015-02-17,House Committee on Judiciary Refer Unamended to Appropriations,2
HB15-1153,2015,RS,2015-03-06,House Committee on Appropriations Refer Amended to House Committee of the Whole,3
HB15-1153,2015,RS,2015-03-09,House Second Reading Passed with Amendments - Committee,4
HB15-1153,2015,RS,2015-03-10,House Third Reading Passed - No Amendments,5
HB15-1153,2015,RS,2015-03-12,Introduced In Senate - Assigned to Judiciary,6
HB15-1153,2015,RS,2015-04-07,Senate Committee on Judiciary Refer Unamended to Appropriations,7
HB15-1153,2015,RS,2015-04-10,Senate Committee on Appropriations Refer Unamended to Senate Committee of the Whole,8
HB15-1153,2015,RS,2015-04-14,Senate Second Reading Laid Over Daily - No Amendments,9
HB15-1153,2015,RS,2015-04-15,Senate Second Reading Passed - No Amendments,10
HB15-1153,2015,RS,2015-04-16,Senate Third Reading Passed - No Amendments,11
HB15-1153,2015,RS,2015-04-21,Signed by the Speaker of the House,12
HB15-1153,2015,RS,2015-04-21,Signed by the President of the Senate,13
HB15-1153,2015,RS,2015-04-21,Sent to the Governor,14
HB15-1153,2015,RS,2015-05-01,Governor Signed,15
HB15-1154,2015,RS,2015-01-29,Introduced In House - Assigned to Finance,1
HB15-1154,2015,RS,2015-03-04,House Committee on Finance Postpone Indefinitely,2
HB15-1155,2015,RS,2015-01-29,Introduced In House - Assigned to Education,1
HB15-1155,2015,RS,2015-04-13,House Committee on Education Postpone Indefinitely,2
HB15-1156,2015,RS,2015-01-29,Introduced In House - Assigned to Education,1
HB15-1156,2015,RS,2015-02-25,House Committee on Education Refer Amended to Appropriations,2
HB15-1156,2015,RS,2015-03-27,House Committee on Appropriations Postpone Indefinitely,3
HB15-1157,2015,RS,2015-01-29,Introduced In House - Assigned to Business Affairs and Labor + Appropriations,1
HB15-1157,2015,RS,2015-02-24,House Committee on Business Affairs and Labor Refer Amended to Appropriations,2
HB15-1157,2015,RS,2015-03-13,House Committee on Appropriations Refer Amended to House Committee of the Whole,3
HB15-1157,2015,RS,2015-03-16,House Second Reading Passed with Amendments - Committee,4
HB15-1157,2015,RS,2015-03-17,House Third Reading Passed - No Amendments,5
HB15-1157,2015,RS,2015-04-14,"Introduced In Senate - Assigned to Business, Labor, & Technology + Appropriations",6
HB15-1157,2015,RS,2015-04-22,"Senate Committee on Business, Labor, & Technology Postpone Indefinitely",7
HB15-1158,2015,RS,2015-01-29,Introduced In House - Assigned to Business Affairs and Labor + Finance + Appropriations,1
HB15-1158,2015,RS,2015-02-26,House Committee on Business Affairs and Labor Refer Amended to Finance,2
HB15-1158,2015,RS,2015-03-19,House Committee on Finance Refer Amended to Appropriations,3
HB15-1158,2015,RS,2015-04-22,House Committee on Appropriations Refer Amended to House Committee of the Whole,4
HB15-1158,2015,RS,2015-04-23,House Second Reading Passed with Amendments - Committee,5
HB15-1158,2015,RS,2015-04-27,House Third Reading Passed - No Amendments,6
HB15-1158,2015,RS,2015-04-27,Introduced In Senate - Assigned to Finance + Appropriations,7
HB15-1158,2015,RS,2015-04-30,Senate Committee on Finance Refer Unamended to Appropriations,8
HB15-1158,2015,RS,2015-05-01,Senate Committee on Appropriations Refer Unamended to Senate Committee of the Whole,9
HB15-1158,2015,RS,2015-05-05,Senate Second Reading Special Order - Passed - No Amendments,10
HB15-1158,2015,RS,2015-05-06,Senate Third Reading Lost - No Amendments,11
HB15-1158,2015,RS,2015-05-06,Senate Third Reading Reconsidered - No Amendments,12
HB15-1158,2015,RS,2015-05-06,Senate Third Reading Lost - No Amendments,13
HB15-1159,2015,RS,2015-01-29,"Introduced In House - Assigned to Agriculture, Livestock, & Natural Resources + Finance + Appropriations",1
HB15-1159,2015,RS,2015-03-02,"House Committee on Agriculture, Livestock, & Natural Resources Refer Amended to Finance",2
HB15-1159,2015,RS,2015-03-12,House Committee on Finance Refer Amended to Appropriations,3
HB15-1159,2015,RS,2015-03-27,House Committee on Appropriations Refer Unamended to House Committee of the Whole,4
HB15-1159,2015,RS,2015-03-30,House Second Reading Laid Over Daily - No Amendments,5
HB15-1159,2015,RS,2015-04-01,House Second Reading Passed with Amendments - Committee,6
HB15-1159,2015,RS,2015-04-02,House Third Reading Passed - No Amendments,7
HB15-1159,2015,RS,2015-04-09,Introduced In Senate - Assigned to Finance,8
HB15-1159,2015,RS,2015-04-14,Senate Committee on Finance Postpone Indefinitely,9
HB15-1160,2015,RS,2015-01-29,Introduced In House - Assigned to Judiciary,1
HB15-1160,2015,RS,2015-03-03,House Committee on Judiciary Postpone Indefinitely,2
HB15-1161,2015,RS,2015-01-29,"Introduced In House - Assigned to State, Veterans, & Military Affairs",1
HB15-1161,2015,RS,2015-03-09,"House Committee on State, Veterans, & Military Affairs Postpone Indefinitely",2
HB15-1162,2015,RS,2015-01-29,"Introduced In House - Assigned to State, Veterans, & Military Affairs",1
HB15-1162,2015,RS,2015-03-16,"House Committee on State, Veterans, & Military Affairs Postpone Indefinitely",2
HB15-1163,2015,RS,2015-01-29,"Introduced In House - Assigned to Health, Insurance, & Environment",1
HB15-1163,2015,RS,2015-02-19,"House Committee on Health, Insurance, & Environment Postpone Indefinitely",2
HB15-1164,2015,RS,2015-01-29,Introduced In House - Assigned to Judiciary,1
HB15-1164,2015,RS,2015-02-19,House Committee on Judiciary Refer Unamended to House Committee of the Whole,2
HB15-1164,2015,RS,2015-02-24,House Second Reading Passed - No Amendments,3
HB15-1164,2015,RS,2015-02-25,House Third Reading Passed - No Amendments,4
HB15-1164,2015,RS,2015-03-03,Introduced In Senate - Assigned to Judiciary,5
HB15-1164,2015,RS,2015-03-18,Senate Committee on Judiciary Refer Unamended to Senate Committee of the Whole,6
HB15-1164,2015,RS,2015-03-23,Senate Second Reading Passed with Amendments - Floor,7
HB15-1164,2015,RS,2015-03-24,Senate Third Reading Passed - No Amendments,8
HB15-1164,2015,RS,2015-03-25,House Considered Senate Amendments - Result was to Concur - Repass,9
HB15-1164,2015,RS,2015-03-27,Signed by the Speaker of the House,10
HB15-1164,2015,RS,2015-03-30,Signed by the President of the Senate,11
HB15-1164,2015,RS,2015-03-30,Sent to the Governor,12
HB15-1164,2015,RS,2015-04-08,Governor Signed,13
HB15-1165,2015,RS,2015-01-29,Introduced In House - Assigned to Education + Appropriations,1
HB15-1165,2015,RS,2015-03-23,House Committee on Education Refer Unamended to Appropriations,2
HB15-1165,2015,RS,2015-04-02,House Committee on Appropriations Refer Amended to House Committee of the Whole,3
HB15-1165,2015,RS,2015-04-06,House Second Reading Laid Over to 04/10/2015 - No Amendments,4
HB15-1165,2015,RS,2015-04-10,House Second Reading Laid Over Daily - No Amendments,5
HB15-1165,2015,RS,2015-04-13,House Second Reading Passed with Amendments - Committee,6
HB15-1165,2015,RS,2015-04-14,House Third Reading Laid Over Daily - No Amendments,7
HB15-1165,2015,RS,2015-04-15,House Third Reading Passed - No Amendments,8
HB15-1165,2015,RS,2015-04-17,"Introduced In Senate - Assigned to State, Veterans, & Military Affairs",9
HB15-1165,2015,RS,2015-04-29,"Senate Committee on State, Veterans, & Military Affairs Postpone Indefinitely",10
HB15-1166,2015,RS,2015-01-29,"Introduced In House - Assigned to Agriculture, Livestock, & Natural Resources + Appropriations",1
HB15-1166,2015,RS,2015-02-09,"House Committee on Agriculture, Livestock, & Natural Resources Refer Amended to Appropriations",2
HB15-1166,2015,RS,2015-02-20,House Committee on Appropriations Refer Amended to House Committee of the Whole,3
HB15-1166,2015,RS,2015-02-24,House Second Reading Passed with Amendments - Committee,4
HB15-1166,2015,RS,2015-02-25,House Third Reading Passed - No Amendments,5
HB15-1166,2015,RS,2015-03-03,"Introduced In Senate - Assigned to Agriculture, Natural Resources, & Energy + Appropriations",6
HB15-1166,2015,RS,2015-03-26,"Senate Committee on Agriculture, Natural Resources, & Energy Refer Unamended to Appropriations",7
HB15-1166,2015,RS,2015-04-17,Senate Committee on Appropriations Refer Unamended - Consent Calendar to Senate Committee of the Whole,8
HB15-1166,2015,RS,2015-04-20,Senate Second Reading Special Order - Passed - No Amendments,9
HB15-1166,2015,RS,2015-04-21,Senate Third Reading Passed - No Amendments,10
HB15-1166,2015,RS,2015-04-24,Signed by the Speaker of the House,11
HB15-1166,2015,RS,2015-04-28,Signed by the President of the Senate,12
HB15-1166,2015,RS,2015-04-28,Sent to the Governor,13
HB15-1166,2015,RS,2015-06-05,Governor Signed,14
HB15-1167,2015,RS,2015-01-29,"Introduced In House - Assigned to Agriculture, Livestock, & Natural Resources",1
HB15-1167,2015,RS,2015-02-18,"House Committee on Agriculture, Livestock, & Natural Resources Witness Testimony and/or Committee Discussion Only",2
HB15-1167,2015,RS,2015-02-25,"House Committee on Agriculture, Livestock, & Natural Resources Refer Amended to Appropriations",3
HB15-1167,2015,RS,2015-03-27,House Committee on Appropriations Postpone Indefinitely,4
HB15-1168,2015,RS,2015-01-29,"Introduced In House - Assigned to State, Veterans, & Military Affairs",1
HB15-1168,2015,RS,2015-04-13,"House Committee on State, Veterans, & Military Affairs Postpone Indefinitely",2
HB15-1169,2015,RS,2015-01-29,"Introduced In House - Assigned to State, Veterans, & Military Affairs",1
HB15-1169,2015,RS,2015-02-18,"House Committee on State, Veterans, & Military Affairs Postpone Indefinitely",2
HB15-1170,2015,RS,2015-01-29,Introduced In House - Assigned to Education,1
HB15-1170,2015,RS,2015-02-25,House Committee on Education Refer Amended to Appropriations,2
HB15-1170,2015,RS,2015-04-17,House Committee on Appropriations Refer Amended to House Committee of the Whole,3
HB15-1170,2015,RS,2015-04-17,"House Second Reading Special Order - Passed with Amendments - Committee, Floor",4
HB15-1170,2015,RS,2015-04-20,House Third Reading Passed - No Amendments,5
HB15-1170,2015,RS,2015-04-20,Introduced In Senate - Assigned to Education,6
HB15-1170,2015,RS,2015-04-23,Senate Committee on Education Refer Unamended to Appropriations,7
HB15-1170,2015,RS,2015-04-28,Senate Committee on Appropriations Refer Unamended to Senate Committee of the Whole,8
HB15-1170,2015,RS,2015-04-28,Senate Second Reading Special Order - Passed - No Amendments,9
HB15-1170,2015,RS,2015-04-29,Senate Third Reading Passed - No Amendments,10
HB15-1170,2015,RS,2015-05-08,Signed by the Speaker of the House,11
HB15-1170,2015,RS,2015-05-08,Signed by the President of the Senate,12
HB15-1170,2015,RS,2015-05-11,Sent to the Governor,13
HB15-1170,2015,RS,2015-05-26,Governor Signed,14
HB15-1171,2015,RS,2015-01-29,"Introduced In House - Assigned to State, Veterans, & Military Affairs",1
HB15-1171,2015,RS,2015-03-09,"House Committee on State, Veterans, & Military Affairs Postpone Indefinitely",2
HB15-1172,2015,RS,2015-01-29,Introduced In House - Assigned to Judiciary,1
HB15-1172,2015,RS,2015-02-19,House Committee on Judiciary Postpone Indefinitely,2
HB15-1173,2015,RS,2015-01-29,Introduced In House - Assigned to Transportation & Energy,1
HB15-1173,2015,RS,2015-02-18,House Committee on Transportation & Energy Refer Amended to House Committee of the Whole,2
HB15-1173,2015,RS,2015-02-23,House Second Reading Laid Over to 02/26/2015 - No Amendments,3
HB15-1173,2015,RS,2015-02-26,"House Second Reading Passed with Amendments - Committee, Floor",4
HB15-1173,2015,RS,2015-02-27,House Third Reading Laid Over to 03/06/2015 - No Amendments,5
HB15-1173,2015,RS,2015-03-06,House Third Reading Passed - No Amendments,6
HB15-1173,2015,RS,2015-03-24,Introduced In Senate - Assigned to Transportation,7
HB15-1173,2015,RS,2015-03-26,Senate Committee on Transportation Refer Amended to Senate Committee of the Whole,8
HB15-1173,2015,RS,2015-04-02,Senate Second Reading Laid Over Daily - No Amendments,9
HB15-1173,2015,RS,2015-04-06,Senate Second Reading Laid Over to 04/10/2015 - No Amendments,10
HB15-1173,2015,RS,2015-04-10,"Senate Second Reading Passed with Amendments - Committee, Floor",11
HB15-1173,2015,RS,2015-04-13,Senate Third Reading Laid Over Daily - No Amendments,12
HB15-1173,2015,RS,2015-04-14,Senate Third Reading Passed with Amendments - Floor,13
HB15-1173,2015,RS,2015-04-21,First Conference Committee Result was to No Report,14
HB15-1173,2015,RS,2015-04-22,House Consideration of First Conference Committee Report result was to Recede - CCR not produced,15
HB15-1173,2015,RS,2015-04-22,House Considered Senate Amendments - Result was to Concur - Repass,16
HB15-1173,2015,RS,2015-04-22,House Considered Senate Amendments - Result was to Laid Over Daily,17
HB15-1173,2015,RS,2015-05-01,Signed by the Speaker of the House,18
HB15-1173,2015,RS,2015-05-01,Signed by the President of the Senate,19
HB15-1173,2015,RS,2015-05-01,Sent to the Governor,20
HB15-1173,2015,RS,2015-05-13,Governor Signed,21
HB15-1174,2015,RS,2015-01-29,Introduced In House - Assigned to Judiciary,1
HB15-1174,2015,RS,2015-02-12,House Committee on Judiciary Refer Amended to House Committee of the Whole,2
HB15-1174,2015,RS,2015-02-19,House Second Reading Passed with Amendments - Committee,3
HB15-1174,2015,RS,2015-02-20,House Third Reading Passed - No Amendments,4
HB15-1174,2015,RS,2015-02-25,Introduced In Senate - Assigned to Judiciary,5
HB15-1174,2015,RS,2015-03-02,Senate Committee on Judiciary Refer Unamended - Consent Calendar to Senate Committee of the Whole,6
HB15-1174,2015,RS,2015-03-05,Senate Second Reading Passed - No Amendments,7
HB15-1174,2015,RS,2015-03-06,Senate Third Reading Passed - No Amendments,8
HB15-1174,2015,RS,2015-03-11,Signed by the Speaker of the House,9
HB15-1174,2015,RS,2015-03-12,Signed by the President of the Senate,10
HB15-1174,2015,RS,2015-03-12,Sent to the Governor,11
HB15-1174,2015,RS,2015-03-20,Governor Signed,12
HB15-1175,2015,RS,2015-01-29,Introduced In House - Assigned to Public Health Care & Human Services,1
HB15-1175,2015,RS,2015-02-24,House Committee on Public Health Care & Human Services Refer Unamended to House Committee of the Whole,2
HB15-1175,2015,RS,2015-02-26,House Second Reading Laid Over to 03/06/2015 - No Amendments,3
HB15-1175,2015,RS,2015-03-06,House Second Reading Passed - No Amendments,4
HB15-1175,2015,RS,2015-03-09,House Third Reading Laid Over Daily - No Amendments,5
HB15-1175,2015,RS,2015-03-10,House Third Reading Passed - No Amendments,6
HB15-1175,2015,RS,2015-03-18,"Introduced In Senate - Assigned to State, Veterans, & Military Affairs",7
HB15-1175,2015,RS,2015-04-08,"Senate Committee on State, Veterans, & Military Affairs Postpone Indefinitely",8
HB15-1176,2015,RS,2015-01-29,Introduced In House - Assigned to Business Affairs and Labor,1
HB15-1176,2015,RS,2015-02-17,House Committee on Business Affairs and Labor Postpone Indefinitely,2
HB15-1177,2015,RS,2015-01-29,Introduced In House - Assigned to Business Affairs and Labor + Appropriations,1
HB15-1177,2015,RS,2015-02-17,House Committee on Business Affairs and Labor Refer Amended to Appropriations,2
HB15-1177,2015,RS,2015-04-17,House Committee on Appropriations Refer Amended to House Committee of the Whole,3
HB15-1177,2015,RS,2015-04-20,House Second Reading Passed with Amendments - Committee,4
HB15-1177,2015,RS,2015-04-21,House Third Reading Passed - No Amendments,5
HB15-1177,2015,RS,2015-04-21,"Introduced In Senate - Assigned to State, Veterans, & Military Affairs + Business, Labor, & Technology + Appropriations",6
HB15-1177,2015,RS,2015-04-27,"Senate Committee on State, Veterans, & Military Affairs Refer Unamended to Business, Labor, & Technology",7
HB15-1177,2015,RS,2015-05-04,"Senate Committee on Business, Labor, & Technology Postpone Indefinitely",8
HB15-1178,2015,RS,2015-01-29,"Introduced In House - Assigned to Agriculture, Livestock, & Natural Resources",1
HB15-1178,2015,RS,2015-02-18,"House Committee on Agriculture, Livestock, & Natural Resources Witness Testimony and/or Committee Discussion Only",2
HB15-1178,2015,RS,2015-03-02,"House Committee on Agriculture, Livestock, & Natural Resources Refer Amended to Appropriations",3
HB15-1178,2015,RS,2015-04-24,House Committee on Appropriations Refer Amended to House Committee of the Whole,4
HB15-1178,2015,RS,2015-04-24,House Second Reading Laid Over Daily - No Amendments,5
HB15-1178,2015,RS,2015-04-27,House Second Reading Passed with Amendments - Committee,6
HB15-1178,2015,RS,2015-04-28,House Third Reading Passed - No Amendments,7
HB15-1178,2015,RS,2015-04-28,"Introduced In Senate - Assigned to Agriculture, Natural Resources, & Energy",8
HB15-1178,2015,RS,2015-04-30,"Senate Committee on Agriculture, Natural Resources, & Energy Refer Amended to Appropriations",9
HB15-1178,2015,RS,2015-05-01,Senate Committee on Appropriations Refer Amended to Senate Committee of the Whole,10
HB15-1178,2015,RS,2015-05-05,Senate Second Reading Special Order - Passed with Amendments - Committee,11
HB15-1178,2015,RS,2015-05-06,Senate Third Reading Passed - No Amendments,12
HB15-1178,2015,RS,2015-05-06,House Considered Senate Amendments - Result was to Concur - Repass,13
HB15-1178,2015,RS,2015-05-14,Signed by the Speaker of the House,14
HB15-1178,2015,RS,2015-05-18,Signed by the President of the Senate,15
HB15-1178,2015,RS,2015-05-18,Sent to the Governor,16
HB15-1178,2015,RS,2015-06-05,Governor Signed,17
HB15-1179,2015,RS,2015-01-29,Introduced In House - Assigned to Public Health Care & Human Services,1
HB15-1179,2015,RS,2015-02-13,House Committee on Public Health Care & Human Services Postpone Indefinitely,2
HB15-1180,2015,RS,2015-01-29,Introduced In House - Assigned to Business Affairs and Labor + Finance,1
HB15-1180,2015,RS,2015-02-12,House Committee on Business Affairs and Labor Refer Unamended to Finance,2
HB15-1180,2015,RS,2015-02-26,House Committee on Finance Refer Amended to Appropriations,3
HB15-1180,2015,RS,2015-04-10,House Committee on Appropriations Refer Unamended to House Committee of the Whole,4
HB15-1180,2015,RS,2015-04-13,House Second Reading Laid Over Daily - No Amendments,5
HB15-1180,2015,RS,2015-04-14,House Second Reading Passed with Amendments - Committee,6
HB15-1180,2015,RS,2015-04-15,House Third Reading Passed - No Amendments,7
HB15-1180,2015,RS,2015-04-16,Introduced In Senate - Assigned to Finance + Appropriations,8
HB15-1180,2015,RS,2015-04-21,Senate Committee on Finance Refer Unamended to Appropriations,9
HB15-1180,2015,RS,2015-04-24,Senate Committee on Appropriations Refer Unamended to Senate Committee of the Whole,10
HB15-1180,2015,RS,2015-04-24,Senate Second Reading Special Order - Passed - No Amendments,11
HB15-1180,2015,RS,2015-04-27,Senate Third Reading Passed - No Amendments,12
HB15-1180,2015,RS,2015-05-06,Signed by the Speaker of the House,13
HB15-1180,2015,RS,2015-05-08,Sent to the Governor,14
HB15-1180,2015,RS,2015-05-08,Signed by the President of the Senate,15
HB15-1180,2015,RS,2015-05-26,Governor Signed,16
HB15-1181,2015,RS,2015-01-29,"Introduced In House - Assigned to State, Veterans, & Military Affairs + Finance + Appropriations",1
HB15-1181,2015,RS,2015-02-25,"House Committee on State, Veterans, & Military Affairs Refer Amended to Finance",2
HB15-1181,2015,RS,2015-04-01,House Committee on Finance Refer Amended to Appropriations,3
HB15-1181,2015,RS,2015-04-10,House Committee on Appropriations Refer Unamended to House Committee of the Whole,4
HB15-1181,2015,RS,2015-04-13,House Second Reading Laid Over Daily - No Amendments,5
HB15-1181,2015,RS,2015-04-14,House Second Reading Passed with Amendments - Committee,6
HB15-1181,2015,RS,2015-04-15,House Third Reading Passed - No Amendments,7
HB15-1181,2015,RS,2015-04-16,"Introduced In Senate - Assigned to State, Veterans, & Military Affairs + Appropriations",8
HB15-1181,2015,RS,2015-04-20,"Senate Committee on State, Veterans, & Military Affairs Refer Unamended to Appropriations",9
HB15-1181,2015,RS,2015-04-24,Senate Committee on Appropriations Refer Unamended to Senate Committee of the Whole,10
HB15-1181,2015,RS,2015-04-27,Senate Second Reading Special Order - Laid Over Daily - No Amendments,11
HB15-1181,2015,RS,2015-04-28,Senate Second Reading Special Order - Passed - No Amendments,12
HB15-1181,2015,RS,2015-04-29,Senate Third Reading Passed - No Amendments,13
HB15-1181,2015,RS,2015-04-29,Senate Third Reading Reconsidered - No Amendments,14
HB15-1181,2015,RS,2015-04-29,Senate Third Reading Passed - No Amendments,15
HB15-1181,2015,RS,2015-05-06,Signed by the Speaker of the House,16
HB15-1181,2015,RS,2015-05-08,Sent to the Governor,17
HB15-1181,2015,RS,2015-05-08,Signed by the President of the Senate,18
HB15-1181,2015,RS,2015-05-27,Governor Signed,19
HB15-1182,2015,RS,2015-01-29,"Introduced In House - Assigned to Health, Insurance, & Environment",1
HB15-1182,2015,RS,2015-02-17,"House Committee on Health, Insurance, & Environment Refer Amended to House Committee of the Whole",2
HB15-1182,2015,RS,2015-02-20,House Second Reading Laid Over Daily - No Amendments,3
HB15-1182,2015,RS,2015-02-24,House Second Reading Passed with Amendments - Committee,4
HB15-1182,2015,RS,2015-02-25,House Third Reading Passed - No Amendments,5
HB15-1182,2015,RS,2015-03-03,Introduced In Senate - Assigned to Health & Human Services,6
HB15-1182,2015,RS,2015-03-12,Senate Committee on Health & Human Services Refer Amended - Consent Calendar to Senate Committee of the Whole,7
HB15-1182,2015,RS,2015-03-17,Senate Second Reading Passed with Amendments - Committee,8
HB15-1182,2015,RS,2015-03-18,Senate Third Reading Passed - No Amendments,9
HB15-1182,2015,RS,2015-03-19,House Considered Senate Amendments - Result was to Concur - Repass,10
HB15-1182,2015,RS,2015-03-20,Signed by the Speaker of the House,11
HB15-1182,2015,RS,2015-03-20,Signed by the President of the Senate,12
HB15-1182,2015,RS,2015-03-20,Sent to the Governor,13
HB15-1182,2015,RS,2015-03-31,Governor Became Law,14
HB15-1183,2015,RS,2015-01-29,Introduced In House - Assigned to Judiciary,1
HB15-1183,2015,RS,2015-03-05,House Committee on Judiciary Refer Unamended to House Committee of the Whole,2
HB15-1183,2015,RS,2015-03-09,House Second Reading Passed - No Amendments,3
HB15-1183,2015,RS,2015-03-10,House Third Reading Passed - No Amendments,4
HB15-1183,2015,RS,2015-03-12,Introduced In Senate - Assigned to Judiciary,5
HB15-1183,2015,RS,2015-03-25,Senate Committee on Judiciary Refer Unamended - Consent Calendar to Senate Committee of the Whole,6
HB15-1183,2015,RS,2015-03-30,Senate Second Reading Passed - No Amendments,7
HB15-1183,2015,RS,2015-03-31,Senate Third Reading Passed - No Amendments,8
HB15-1183,2015,RS,2015-04-01,Signed by the Speaker of the House,9
HB15-1183,2015,RS,2015-04-02,Signed by the President of the Senate,10
HB15-1183,2015,RS,2015-04-02,Sent to the Governor,11
HB15-1183,2015,RS,2015-04-10,Governor Signed,12
HB15-1184,2015,RS,2015-01-29,Introduced In House - Assigned to Education,1
HB15-1184,2015,RS,2015-02-25,House Committee on Education Refer Amended to House Committee of the Whole,2
HB15-1184,2015,RS,2015-03-02,House Second Reading Passed with Amendments - Committee,3
HB15-1184,2015,RS,2015-03-03,House Third Reading Passed - No Amendments,4
HB15-1184,2015,RS,2015-03-11,Introduced In Senate - Assigned to Education,5
HB15-1184,2015,RS,2015-03-18,Senate Committee on Education Refer Amended - Consent Calendar to Senate Committee of the Whole,6
HB15-1184,2015,RS,2015-03-24,Senate Second Reading Passed with Amendments - Committee,7
HB15-1184,2015,RS,2015-03-25,Senate Third Reading Passed - No Amendments,8
HB15-1184,2015,RS,2015-03-26,House Considered Senate Amendments - Result was to Laid Over Daily,9
HB15-1184,2015,RS,2015-03-27,House Considered Senate Amendments - Result was to Concur - Repass,10
HB15-1184,2015,RS,2015-03-30,Signed by the Speaker of the House,11
HB15-1184,2015,RS,2015-03-30,Signed by the President of the Senate,12
HB15-1184,2015,RS,2015-03-31,Sent to the Governor,13
HB15-1184,2015,RS,2015-04-08,Governor Signed,14
HB15-1185,2015,RS,2015-01-29,Introduced In House - Assigned to Judiciary,1
HB15-1185,2015,RS,2015-02-19,House Committee on Judiciary Postpone Indefinitely,2
HB15-1186,2015,RS,2015-01-29,"Introduced In House - Assigned to Health, Insurance, & Environment + Appropriations",1
HB15-1186,2015,RS,2015-02-17,"House Committee on Health, Insurance, & Environment Refer Unamended to Appropriations",2
HB15-1186,2015,RS,2015-03-27,House Committee on Appropriations Refer Unamended to House Committee of the Whole,3
HB15-1186,2015,RS,2015-03-30,House Second Reading Passed - No Amendments,4
HB15-1186,2015,RS,2015-03-31,House Third Reading Passed - No Amendments,5
HB15-1186,2015,RS,2015-04-02,Introduced In Senate - Assigned to Health & Human Services,6
HB15-1186,2015,RS,2015-04-09,Senate Committee on Health & Human Services Refer Unamended to Appropriations,7
HB15-1186,2015,RS,2015-04-17,Senate Committee on Appropriations Refer Unamended to Senate Committee of the Whole,8
HB15-1186,2015,RS,2015-04-21,Senate Second Reading Laid Over Daily - No Amendments,9
HB15-1186,2015,RS,2015-04-22,Senate Second Reading Laid Over Daily - No Amendments,10
HB15-1186,2015,RS,2015-04-23,Senate Second Reading Passed - No Amendments,11
HB15-1186,2015,RS,2015-04-24,Senate Third Reading Passed - No Amendments,12
HB15-1186,2015,RS,2015-05-01,Signed by the Speaker of the House,13
HB15-1186,2015,RS,2015-05-01,Signed by the President of the Senate,14
HB15-1186,2015,RS,2015-05-01,Sent to the Governor,15
HB15-1186,2015,RS,2015-05-29,Governor Signed,16
HB15-1187,2015,RS,2015-01-29,"Introduced In House - Assigned to Agriculture, Livestock, & Natural Resources",1
HB15-1187,2015,RS,2015-02-11,"House Committee on Agriculture, Livestock, & Natural Resources Refer Amended to House Committee of the Whole",2
HB15-1187,2015,RS,2015-02-17,House Second Reading Laid Over Daily - No Amendments,3
HB15-1187,2015,RS,2015-02-19,"House Second Reading Passed with Amendments - Committee, Floor",4
HB15-1187,2015,RS,2015-02-20,House Third Reading Passed - No Amendments,5
HB15-1187,2015,RS,2015-02-25,"Introduced In Senate - Assigned to Agriculture, Natural Resources, & Energy",6
HB15-1187,2015,RS,2015-04-15,"Senate Committee on Agriculture, Natural Resources, & Energy Refer Amended - Consent Calendar to Senate Committee of the Whole",7
HB15-1187,2015,RS,2015-04-20,Senate Second Reading Special Order - Passed with Amendments - Committee,8
HB15-1187,2015,RS,2015-04-21,Senate Third Reading Passed - No Amendments,9
HB15-1187,2015,RS,2015-04-22,House Considered Senate Amendments - Result was to Concur - Repass,10
HB15-1187,2015,RS,2015-04-28,Signed by the Speaker of the House,11
HB15-1187,2015,RS,2015-04-28,Signed by the President of the Senate,12
HB15-1187,2015,RS,2015-04-28,Sent to the Governor,13
HB15-1187,2015,RS,2015-05-08,Governor Signed,14
HB15-1188,2015,RS,2015-01-29,Introduced In House - Assigned to Public Health Care & Human Services,1
HB15-1188,2015,RS,2015-02-24,House Committee on Public Health Care & Human Services Refer Amended to House Committee of the Whole,2
HB15-1188,2015,RS,2015-02-27,House Second Reading Passed with Amendments - Committee,3
HB15-1188,2015,RS,2015-03-02,House Third Reading Passed - No Amendments,4
HB15-1188,2015,RS,2015-03-03,Introduced In Senate - Assigned to Health & Human Services,5
HB15-1188,2015,RS,2015-03-11,Senate Committee on Health & Human Services Refer Unamended - Consent Calendar to Senate Committee of the Whole,6
HB15-1188,2015,RS,2015-03-16,Senate Second Reading Passed - No Amendments,7
HB15-1188,2015,RS,2015-03-17,Senate Third Reading Passed - No Amendments,8
HB15-1188,2015,RS,2015-03-20,Signed by the Speaker of the House,9
HB15-1188,2015,RS,2015-03-20,Signed by the President of the Senate,10
HB15-1188,2015,RS,2015-03-20,Sent to the Governor,11
HB15-1188,2015,RS,2015-03-30,Governor Signed,12
HB15-1189,2015,RS,2015-01-29,Introduced In House - Assigned to Judiciary,1
HB15-1189,2015,RS,2015-02-19,House Committee on Judiciary Witness Testimony and/or Committee Discussion Only,2
HB15-1189,2015,RS,2015-03-12,House Committee on Judiciary Postpone Indefinitely,3
HB15-1190,2015,RS,2015-01-29,"Introduced In House - Assigned to State, Veterans, & Military Affairs + Education + Appropriations",1
HB15-1190,2015,RS,2015-03-04,"House Committee on State, Veterans, & Military Affairs Postpone Indefinitely",2
HB15-1191,2015,RS,2015-01-29,"Introduced In House - Assigned to Health, Insurance, & Environment",1
HB15-1191,2015,RS,2015-02-26,"House Committee on Health, Insurance, & Environment Refer Amended to House Committee of the Whole",2
HB15-1191,2015,RS,2015-03-06,House Second Reading Passed with Amendments - Committee,3
HB15-1191,2015,RS,2015-03-09,House Third Reading Passed - No Amendments,4
HB15-1191,2015,RS,2015-03-11,Introduced In Senate - Assigned to Health & Human Services,5
HB15-1191,2015,RS,2015-03-25,Senate Committee on Health & Human Services Refer Unamended - Consent Calendar to Senate Committee of the Whole,6
HB15-1191,2015,RS,2015-03-30,Senate Second Reading Passed - No Amendments,7
HB15-1191,2015,RS,2015-03-31,Senate Third Reading Passed - No Amendments,8
HB15-1191,2015,RS,2015-04-02,Signed by the Speaker of the House,9
HB15-1191,2015,RS,2015-04-07,Signed by the President of the Senate,10
HB15-1191,2015,RS,2015-04-07,Sent to the Governor,11
HB15-1191,2015,RS,2015-04-10,Governor Signed,12
HB15-1192,2015,RS,2015-01-30,Introduced In House - Assigned to Business Affairs and Labor,1
HB15-1192,2015,RS,2015-02-10,House Committee on Business Affairs and Labor Refer Amended to House Committee of the Whole,2
HB15-1192,2015,RS,2015-02-13,House Second Reading Passed with Amendments - Committee,3
HB15-1192,2015,RS,2015-02-17,House Third Reading Laid Over Daily - No Amendments,4
HB15-1192,2015,RS,2015-02-19,House Third Reading Passed - No Amendments,5
HB15-1192,2015,RS,2015-02-25,Introduced In Senate - Assigned to Local Government,6
HB15-1192,2015,RS,2015-03-03,Senate Committee on Local Government Refer Unamended - Consent Calendar to Senate Committee of the Whole,7
HB15-1192,2015,RS,2015-03-09,Senate Second Reading Passed - No Amendments,8
HB15-1192,2015,RS,2015-03-10,Senate Third Reading Passed - No Amendments,9
HB15-1192,2015,RS,2015-03-13,Signed by the President of the Senate,10
HB15-1192,2015,RS,2015-03-13,Signed by the Speaker of the House,11
HB15-1192,2015,RS,2015-03-16,Sent to the Governor,12
HB15-1192,2015,RS,2015-03-26,Governor Signed,13
HB15-1193,2015,RS,2015-01-30,"Introduced In House - Assigned to State, Veterans, & Military Affairs",1
HB15-1193,2015,RS,2015-03-09,"House Committee on State, Veterans, & Military Affairs Postpone Indefinitely",2
HB15-1194,2015,RS,2015-01-30,Introduced In House - Assigned to Public Health Care & Human Services,1
HB15-1194,2015,RS,2015-02-24,House Committee on Public Health Care & Human Services Refer Unamended to Appropriations,2
HB15-1194,2015,RS,2015-04-02,House Committee on Appropriations Refer Unamended to House Committee of the Whole,3
HB15-1194,2015,RS,2015-04-06,House Second Reading Laid Over to 04/10/2015 - No Amendments,4
HB15-1194,2015,RS,2015-04-10,House Second Reading Laid Over to 04/20/2015 - No Amendments,5
HB15-1194,2015,RS,2015-04-17,House Second Reading Special Order - Passed - No Amendments,6
HB15-1194,2015,RS,2015-04-20,House Third Reading Passed - No Amendments,7
HB15-1194,2015,RS,2015-04-20,"Introduced In Senate - Assigned to State, Veterans, & Military Affairs",8
HB15-1194,2015,RS,2015-04-29,"Senate Committee on State, Veterans, & Military Affairs Postpone Indefinitely",9
HB15-1195,2015,RS,2015-01-30,Introduced In House - Assigned to Finance + Appropriations,1
HB15-1195,2015,RS,2015-04-29,House Committee on Finance Postpone Indefinitely,2
HB15-1196,2015,RS,2015-02-02,Introduced In House - Assigned to Education,1
HB15-1196,2015,RS,2015-03-23,House Committee on Education Postpone Indefinitely,2
HB15-1197,2015,RS,2015-02-02,Introduced In House - Assigned to Judiciary,1
HB15-1197,2015,RS,2015-02-26,House Committee on Judiciary Refer Amended to House Committee of the Whole,2
HB15-1197,2015,RS,2015-03-06,"House Second Reading Passed with Amendments - Committee, Floor",3
HB15-1197,2015,RS,2015-03-09,House Third Reading Passed - No Amendments,4
HB15-1197,2015,RS,2015-03-12,Introduced In Senate - Assigned to Judiciary,5
HB15-1197,2015,RS,2015-03-23,Senate Committee on Judiciary Refer Amended - Consent Calendar to Senate Committee of the Whole,6
HB15-1197,2015,RS,2015-03-26,Senate Second Reading Passed with Amendments - Committee,7
HB15-1197,2015,RS,2015-03-27,Senate Third Reading Passed - No Amendments,8
HB15-1197,2015,RS,2015-03-30,House Considered Senate Amendments - Result was to Concur - Repass,9
HB15-1197,2015,RS,2015-04-01,Signed by the Speaker of the House,10
HB15-1197,2015,RS,2015-04-02,Signed by the President of the Senate,11
HB15-1197,2015,RS,2015-04-02,Sent to the Governor,12
HB15-1197,2015,RS,2015-04-10,Governor Signed,13
HB15-1198,2015,RS,2015-02-02,Introduced In House - Assigned to Judiciary,1
HB15-1198,2015,RS,2015-02-19,House Committee on Judiciary Refer Amended to House Committee of the Whole,2
HB15-1198,2015,RS,2015-02-24,House Second Reading Passed with Amendments - Committee,3
HB15-1198,2015,RS,2015-02-25,House Third Reading Passed - No Amendments,4
HB15-1198,2015,RS,2015-03-03,Introduced In Senate - Assigned to Judiciary,5
HB15-1198,2015,RS,2015-04-07,Senate Committee on Judiciary Refer Unamended - Consent Calendar to Senate Committee of the Whole,6
HB15-1198,2015,RS,2015-04-10,Senate Second Reading Passed with Amendments - Floor,7
HB15-1198,2015,RS,2015-04-13,Senate Third Reading Passed - No Amendments,8
HB15-1198,2015,RS,2015-04-22,House Considered Senate Amendments - Result was to Concur - Repass,9
HB15-1198,2015,RS,2015-04-22,House Considered Senate Amendments - Result was to Laid Over Daily,10
HB15-1198,2015,RS,2015-05-04,Signed by the Speaker of the House,11
HB15-1198,2015,RS,2015-05-04,Signed by the President of the Senate,12
HB15-1198,2015,RS,2015-05-04,Sent to the Governor,13
HB15-1198,2015,RS,2015-05-11,Governor Signed,14
HB15-1199,2015,RS,2015-02-02,Introduced In House - Assigned to Education,1
HB15-1199,2015,RS,2015-02-09,House Committee on Education Postpone Indefinitely,2
HB15-1200,2015,RS,2015-02-03,Introduced In House - Assigned to Education + Appropriations,1
HB15-1200,2015,RS,2015-03-11,House Committee on Education Refer Amended to Appropriations,2
HB15-1200,2015,RS,2015-04-02,House Committee on Appropriations Postpone Indefinitely,3
HB15-1201,2015,RS,2015-02-03,Introduced In House - Assigned to Education + Appropriations,1
HB15-1201,2015,RS,2015-03-09,House Committee on Education Refer Amended to Appropriations,2
HB15-1201,2015,RS,2015-04-17,House Committee on Appropriations Refer Amended to House Committee of the Whole,3
HB15-1201,2015,RS,2015-04-20,House Second Reading Laid Over Daily - No Amendments,4
HB15-1201,2015,RS,2015-04-23,House Second Reading Passed with Amendments - Committee,5
HB15-1201,2015,RS,2015-04-27,House Third Reading Passed - No Amendments,6
HB15-1201,2015,RS,2015-04-28,Introduced In Senate - Assigned to Education + Appropriations,7
HB15-1201,2015,RS,2015-04-30,Senate Committee on Education Refer Amended to Appropriations,8
HB15-1201,2015,RS,2015-05-04,Senate Committee on Appropriations Postpone Indefinitely,9
HB15-1202,2015,RS,2015-02-03,Introduced In House - Assigned to Business Affairs and Labor,1
HB15-1202,2015,RS,2015-02-26,House Committee on Business Affairs and Labor Refer Unamended to House Committee of the Whole,2
HB15-1202,2015,RS,2015-03-06,House Second Reading Passed with Amendments - Floor,3
HB15-1202,2015,RS,2015-03-09,House Third Reading Passed - No Amendments,4
HB15-1202,2015,RS,2015-03-11,"Introduced In Senate - Assigned to Business, Labor, & Technology",5
HB15-1202,2015,RS,2015-03-16,"Senate Committee on Business, Labor, & Technology Refer Unamended to Senate Committee of the Whole",6
HB15-1202,2015,RS,2015-03-19,Senate Second Reading Laid Over Daily - No Amendments,7
HB15-1202,2015,RS,2015-03-20,Senate Second Reading Passed - No Amendments,8
HB15-1202,2015,RS,2015-03-23,Senate Third Reading Passed - No Amendments,9
HB15-1202,2015,RS,2015-03-27,Signed by the Speaker of the House,10
HB15-1202,2015,RS,2015-03-30,Signed by the President of the Senate,11
HB15-1202,2015,RS,2015-03-30,Sent to the Governor,12
HB15-1202,2015,RS,2015-04-08,Governor Signed,13
HB15-1203,2015,RS,2015-02-03,Introduced In House - Assigned to Judiciary,1
HB15-1203,2015,RS,2015-03-24,House Committee on Judiciary Refer Amended to House Committee of the Whole,2
HB15-1203,2015,RS,2015-03-27,House Second Reading Passed with Amendments - Committee,3
HB15-1203,2015,RS,2015-03-30,House Third Reading Passed with Amendments - Floor,4
HB15-1203,2015,RS,2015-04-02,Introduced In Senate - Assigned to Judiciary,5
HB15-1203,2015,RS,2015-04-15,Senate Committee on Judiciary Refer Unamended - Consent Calendar to Senate Committee of the Whole,6
HB15-1203,2015,RS,2015-04-20,Senate Second Reading Special Order - Passed - No Amendments,7
HB15-1203,2015,RS,2015-04-21,Senate Third Reading Passed - No Amendments,8
HB15-1203,2015,RS,2015-04-23,Signed by the President of the Senate,9
HB15-1203,2015,RS,2015-04-23,Signed by the Speaker of the House,10
HB15-1203,2015,RS,2015-04-24,Sent to the Governor,11
HB15-1203,2015,RS,2015-05-04,Governor Signed,12
HB15-1204,2015,RS,2015-02-03,Introduced In House - Assigned to Business Affairs and Labor + Finance,1
HB15-1204,2015,RS,2015-02-19,House Committee on Business Affairs and Labor Refer Unamended to Finance,2
HB15-1204,2015,RS,2015-02-25,House Committee on Finance Refer Unamended to House Committee of the Whole,3
HB15-1204,2015,RS,2015-03-02,House Second Reading Passed - No Amendments,4
HB15-1204,2015,RS,2015-03-03,House Third Reading Passed - No Amendments,5
HB15-1204,2015,RS,2015-03-11,"Introduced In Senate - Assigned to Business, Labor, & Technology",6
HB15-1204,2015,RS,2015-03-16,"Senate Committee on Business, Labor, & Technology Refer Amended to Finance",7
HB15-1204,2015,RS,2015-03-19,Senate Committee on Finance Refer Unamended - Consent Calendar to Senate Committee of the Whole,8
HB15-1204,2015,RS,2015-03-24,Senate Second Reading Passed with Amendments - Committee,9
HB15-1204,2015,RS,2015-03-25,Senate Third Reading Passed - No Amendments,10
HB15-1204,2015,RS,2015-03-30,House Considered Senate Amendments - Result was to Laid Over Daily,11
HB15-1204,2015,RS,2015-03-30,House Considered Senate Amendments - Result was to Not Concur - Request Conference Committee,12
HB15-1204,2015,RS,2015-04-08,First Conference Committee Result was to Adopt Rerevised w/ Amendments,13
HB15-1204,2015,RS,2015-04-09,Senate Consideration of First Conference Committee Report result was to Adopt Committee Report - Repass,14
HB15-1204,2015,RS,2015-04-10,House Consideration of First Conference Committee Report result was to Adopt Committee Report - Repass,15
HB15-1204,2015,RS,2015-04-17,Signed by the Speaker of the House,16
HB15-1204,2015,RS,2015-04-20,Signed by the President of the Senate,17
HB15-1204,2015,RS,2015-04-20,Sent to the Governor,18
HB15-1204,2015,RS,2015-04-24,Governor Signed,19
HB15-1205,2015,RS,2015-02-03,Introduced In House - Assigned to Finance,1
HB15-1205,2015,RS,2015-03-11,House Committee on Finance Refer Amended to Appropriations,2
HB15-1205,2015,RS,2015-04-02,House Committee on Appropriations Refer Amended to House Committee of the Whole,3
HB15-1205,2015,RS,2015-04-06,House Second Reading Passed with Amendments - Committee,4
HB15-1205,2015,RS,2015-04-07,House Third Reading Passed - No Amendments,5
HB15-1205,2015,RS,2015-04-09,"Introduced In Senate - Assigned to Business, Labor, & Technology",6
HB15-1205,2015,RS,2015-04-15,"Senate Committee on Business, Labor, & Technology Refer Unamended to Legislative Council",7
HB15-1205,2015,RS,2015-04-24,Senate Committee on Legislative Council Refer Amended to Appropriations,8
HB15-1205,2015,RS,2015-04-28,Senate Committee on Appropriations Postpone Indefinitely,9
HB15-1206,2015,RS,2015-02-03,Introduced In House - Assigned to Business Affairs and Labor + Finance,1
HB15-1206,2015,RS,2015-02-19,House Committee on Business Affairs and Labor Refer Amended to Finance,2
HB15-1206,2015,RS,2015-03-18,House Committee on Finance Postpone Indefinitely,3
HB15-1207,2015,RS,2015-02-03,Introduced In House - Assigned to Transportation & Energy,1
HB15-1207,2015,RS,2015-02-12,House Committee on Transportation & Energy Refer Amended to House Committee of the Whole,2
HB15-1207,2015,RS,2015-02-18,House Second Reading Laid Over Daily - No Amendments,3
HB15-1207,2015,RS,2015-02-19,House Second Reading Passed with Amendments - Committee,4
HB15-1207,2015,RS,2015-02-20,House Third Reading Passed - No Amendments,5
HB15-1207,2015,RS,2015-02-25,Introduced In Senate - Assigned to Transportation,6
HB15-1207,2015,RS,2015-03-05,Senate Committee on Transportation Refer Unamended - Consent Calendar to Senate Committee of the Whole,7
HB15-1207,2015,RS,2015-03-10,Senate Second Reading Passed - No Amendments,8
HB15-1207,2015,RS,2015-03-11,Senate Third Reading Passed - No Amendments,9
HB15-1207,2015,RS,2015-03-13,Signed by the President of the Senate,10
HB15-1207,2015,RS,2015-03-13,Signed by the Speaker of the House,11
HB15-1207,2015,RS,2015-03-16,Sent to the Governor,12
HB15-1207,2015,RS,2015-03-26,Governor Signed,13
HB15-1208,2015,RS,2015-02-03,Introduced In House - Assigned to Education,1
HB15-1208,2015,RS,2015-04-20,House Committee on Education Postpone Indefinitely,2
HB15-1209,2015,RS,2015-02-03,Introduced In House - Assigned to Transportation & Energy,1
HB15-1209,2015,RS,2015-02-19,House Committee on Transportation & Energy Refer Unamended to House Committee of the Whole,2
HB15-1209,2015,RS,2015-02-24,House Second Reading Passed - No Amendments,3
HB15-1209,2015,RS,2015-02-25,House Third Reading Passed - No Amendments,4
HB15-1209,2015,RS,2015-03-03,Introduced In Senate - Assigned to Transportation,5
HB15-1209,2015,RS,2015-03-12,Senate Committee on Transportation Refer Unamended - Consent Calendar to Senate Committee of the Whole,6
HB15-1209,2015,RS,2015-03-17,Senate Second Reading Passed - No Amendments,7
HB15-1209,2015,RS,2015-03-18,Senate Third Reading Passed - No Amendments,8
HB15-1209,2015,RS,2015-03-20,Signed by the Speaker of the House,9
HB15-1209,2015,RS,2015-03-20,Signed by the President of the Senate,10
HB15-1209,2015,RS,2015-03-20,Sent to the Governor,11
HB15-1209,2015,RS,2015-03-30,Governor Signed,12
HB15-1210,2015,RS,2015-02-03,"Introduced In House - Assigned to State, Veterans, & Military Affairs",1
HB15-1210,2015,RS,2015-03-16,"House Committee on State, Veterans, & Military Affairs Postpone Indefinitely",2
HB15-1211,2015,RS,2015-02-04,"Introduced In House - Assigned to Health, Insurance, & Environment",1
HB15-1211,2015,RS,2015-02-26,"House Committee on Health, Insurance, & Environment Refer Amended to Appropriations",2
HB15-1211,2015,RS,2015-03-06,House Committee on Appropriations Refer Amended to House Committee of the Whole,3
HB15-1211,2015,RS,2015-03-09,House Second Reading Passed with Amendments - Committee,4
HB15-1211,2015,RS,2015-03-10,House Third Reading Passed - No Amendments,5
HB15-1211,2015,RS,2015-03-12,Introduced In Senate - Assigned to Health & Human Services,6
HB15-1211,2015,RS,2015-03-18,Senate Committee on Health & Human Services Refer Unamended - Consent Calendar to Senate Committee of the Whole,7
HB15-1211,2015,RS,2015-03-19,Senate Second Reading Special Order - Passed - No Amendments,8
HB15-1211,2015,RS,2015-03-20,Senate Third Reading Passed - No Amendments,9
HB15-1211,2015,RS,2015-03-20,Signed by the Speaker of the House,10
HB15-1211,2015,RS,2015-03-20,Signed by the President of the Senate,11
HB15-1211,2015,RS,2015-03-20,Sent to the Governor,12
HB15-1211,2015,RS,2015-03-26,Governor Signed,13
HB15-1212,2015,RS,2015-02-06,"Introduced In House - Assigned to State, Veterans, & Military Affairs",1
HB15-1212,2015,RS,2015-03-11,"House Committee on State, Veterans, & Military Affairs Refer Unamended to House Committee of the Whole",2
HB15-1212,2015,RS,2015-03-16,House Second Reading Passed - No Amendments,3
HB15-1212,2015,RS,2015-03-16,House Second Reading Special Order - Passed - No Amendments,4
HB15-1212,2015,RS,2015-03-17,House Third Reading Passed - No Amendments,5
HB15-1212,2015,RS,2015-03-18,"Introduced In Senate - Assigned to State, Veterans, & Military Affairs",6
HB15-1212,2015,RS,2015-03-25,"Senate Committee on State, Veterans, & Military Affairs Witness Testimony and/or Committee Discussion Only",7
HB15-1212,2015,RS,2015-04-06,"Senate Committee on State, Veterans, & Military Affairs Refer Amended to Senate Committee of the Whole",8
HB15-1212,2015,RS,2015-04-09,Senate Second Reading Passed with Amendments - Committee,9
HB15-1212,2015,RS,2015-04-10,Senate Third Reading Passed - No Amendments,10
HB15-1212,2015,RS,2015-04-22,House Considered Senate Amendments - Result was to Concur - Repass,11
HB15-1212,2015,RS,2015-04-22,House Considered Senate Amendments - Result was to Laid Over Daily,12
HB15-1212,2015,RS,2015-04-24,Signed by the Speaker of the House,13
HB15-1212,2015,RS,2015-04-28,Signed by the President of the Senate,14
HB15-1212,2015,RS,2015-04-28,Sent to the Governor,15
HB15-1212,2015,RS,2015-05-11,Governor Signed,16
HB15-1213,2015,RS,2015-02-06,"Introduced In House - Assigned to State, Veterans, & Military Affairs",1
HB15-1213,2015,RS,2015-03-04,"House Committee on State, Veterans, & Military Affairs Refer Unamended to House Committee of the Whole",2
HB15-1213,2015,RS,2015-03-09,House Second Reading Passed - No Amendments,3
HB15-1213,2015,RS,2015-03-10,House Third Reading Passed - No Amendments,4
HB15-1213,2015,RS,2015-03-12,"Introduced In Senate - Assigned to Business, Labor, & Technology",5
HB15-1213,2015,RS,2015-03-17,"Senate Committee on Business, Labor, & Technology Refer Unamended - Consent Calendar to Senate Committee of the Whole",6
HB15-1213,2015,RS,2015-03-20,Senate Second Reading Passed - No Amendments,7
HB15-1213,2015,RS,2015-03-23,Senate Third Reading Passed - No Amendments,8
HB15-1213,2015,RS,2015-03-27,Signed by the Speaker of the House,9
HB15-1213,2015,RS,2015-03-30,Signed by the President of the Senate,10
HB15-1213,2015,RS,2015-03-30,Sent to the Governor,11
HB15-1213,2015,RS,2015-04-08,Governor Signed,12
HB15-1214,2015,RS,2015-02-10,Introduced In House - Assigned to Public Health Care & Human Services,1
HB15-1214,2015,RS,2015-03-03,House Committee on Public Health Care & Human Services Witness Testimony and/or Committee Discussion Only,2
HB15-1214,2015,RS,2015-03-10,House Committee on Public Health Care & Human Services Refer Amended to House Committee of the Whole,3
HB15-1214,2015,RS,2015-03-13,"House Second Reading Passed with Amendments - Committee, Floor",4
HB15-1214,2015,RS,2015-03-16,House Third Reading Passed - No Amendments,5
HB15-1214,2015,RS,2015-03-24,"Introduced In Senate - Assigned to State, Veterans, & Military Affairs",6
HB15-1214,2015,RS,2015-04-08,"Senate Committee on State, Veterans, & Military Affairs Witness Testimony and/or Committee Discussion Only",7
HB15-1214,2015,RS,2015-04-14,"Senate Committee on State, Veterans, & Military Affairs Lay Over Amended",8
HB15-1214,2015,RS,2015-04-15,"Senate Committee on State, Veterans, & Military Affairs Refer Amended to Senate Committee of the Whole",9
HB15-1214,2015,RS,2015-04-20,Senate Second Reading Passed with Amendments - Committee,10
HB15-1214,2015,RS,2015-04-21,Senate Third Reading Passed - No Amendments,11
HB15-1214,2015,RS,2015-04-22,House Considered Senate Amendments - Result was to Concur - Repass,12
HB15-1214,2015,RS,2015-04-28,Signed by the Speaker of the House,13
HB15-1214,2015,RS,2015-04-28,Signed by the President of the Senate,14
HB15-1214,2015,RS,2015-04-28,Sent to the Governor,15
HB15-1214,2015,RS,2015-05-11,Governor Signed,16
HB15-1215,2015,RS,2015-02-10,Introduced In House - Assigned to Education + Appropriations,1
HB15-1215,2015,RS,2015-03-04,House Committee on Education Refer Unamended to Appropriations,2
HB15-1215,2015,RS,2015-03-13,House Committee on Appropriations Refer Unamended to House Committee of the Whole,3
HB15-1215,2015,RS,2015-03-18,House Second Reading Laid Over Daily - No Amendments,4
HB15-1215,2015,RS,2015-03-20,House Second Reading Passed with Amendments - Floor,5
HB15-1215,2015,RS,2015-03-23,House Third Reading Passed - No Amendments,6
HB15-1215,2015,RS,2015-03-25,"Introduced In Senate - Assigned to State, Veterans, & Military Affairs",7
HB15-1215,2015,RS,2015-04-13,"Senate Committee on State, Veterans, & Military Affairs Refer Unamended to Senate Committee of the Whole",8
HB15-1215,2015,RS,2015-04-16,Senate Second Reading Passed - No Amendments,9
HB15-1215,2015,RS,2015-04-17,Senate Third Reading Passed - No Amendments,10
HB15-1215,2015,RS,2015-04-17,Senate Third Reading Reconsidered - No Amendments,11
HB15-1215,2015,RS,2015-04-17,Senate Third Reading Passed - No Amendments,12
HB15-1215,2015,RS,2015-04-23,Signed by the President of the Senate,13
HB15-1215,2015,RS,2015-04-23,Signed by the Speaker of the House,14
HB15-1215,2015,RS,2015-04-24,Sent to the Governor,15
HB15-1215,2015,RS,2015-05-04,Governor Signed,16
HB15-1216,2015,RS,2015-02-10,Introduced In House - Assigned to Judiciary,1
HB15-1216,2015,RS,2015-04-09,House Committee on Judiciary Postpone Indefinitely,2
HB15-1217,2015,RS,2015-02-10,Introduced In House - Assigned to Business Affairs and Labor,1
HB15-1217,2015,RS,2015-02-26,House Committee on Business Affairs and Labor Refer Amended to Appropriations,2
HB15-1217,2015,RS,2015-03-06,House Committee on Appropriations Refer Amended to House Committee of the Whole,3
HB15-1217,2015,RS,2015-03-09,House Second Reading Passed with Amendments - Committee,4
HB15-1217,2015,RS,2015-03-10,House Third Reading Passed - No Amendments,5
HB15-1217,2015,RS,2015-03-12,"Introduced In Senate - Assigned to Business, Labor, & Technology",6
HB15-1217,2015,RS,2015-03-17,"Senate Committee on Business, Labor, & Technology Refer Amended to Appropriations",7
HB15-1217,2015,RS,2015-04-17,Senate Committee on Appropriations Refer Unamended to Senate Committee of the Whole,8
HB15-1217,2015,RS,2015-04-21,"Senate Second Reading Passed with Amendments - Committee, Floor",9
HB15-1217,2015,RS,2015-04-22,Senate Third Reading Passed - No Amendments,10
HB15-1217,2015,RS,2015-04-27,House Considered Senate Amendments - Result was to Concur - Repass,11
HB15-1217,2015,RS,2015-04-27,House Considered Senate Amendments - Result was to Laid Over Daily,12
HB15-1217,2015,RS,2015-05-04,Sent to the Governor,13
HB15-1217,2015,RS,2015-05-04,Signed by the Speaker of the House,14
HB15-1217,2015,RS,2015-05-04,Signed by the President of the Senate,15
HB15-1217,2015,RS,2015-05-14,Governor Signed,16
HB15-1218,2015,RS,2015-02-10,Introduced In House - Assigned to Judiciary,1
HB15-1218,2015,RS,2015-03-17,House Committee on Judiciary Refer Amended to House Committee of the Whole,2
HB15-1218,2015,RS,2015-03-20,House Second Reading Passed with Amendments - Committee,3
HB15-1218,2015,RS,2015-03-23,House Third Reading Passed - No Amendments,4
HB15-1218,2015,RS,2015-03-24,Introduced In Senate - Assigned to Judiciary,5
HB15-1218,2015,RS,2015-04-08,Senate Committee on Judiciary Refer Unamended to Senate Committee of the Whole,6
HB15-1218,2015,RS,2015-04-13,Senate Second Reading Passed with Amendments - Floor,7
HB15-1218,2015,RS,2015-04-14,Senate Third Reading Passed - No Amendments,8
HB15-1218,2015,RS,2015-04-22,House Considered Senate Amendments - Result was to Concur - Repass,9
HB15-1218,2015,RS,2015-04-22,House Considered Senate Amendments - Result was to Laid Over Daily,10
HB15-1218,2015,RS,2015-04-23,Signed by the President of the Senate,11
HB15-1218,2015,RS,2015-04-23,Signed by the Speaker of the House,12
HB15-1218,2015,RS,2015-04-24,Sent to the Governor,13
HB15-1218,2015,RS,2015-05-04,Governor Signed,14
HB15-1219,2015,RS,2015-02-10,Introduced In House - Assigned to Transportation & Energy + Finance + Appropriations,1
HB15-1219,2015,RS,2015-03-04,House Committee on Transportation & Energy Refer Unamended to Finance,2
HB15-1219,2015,RS,2015-03-25,House Committee on Finance Refer Amended to Appropriations,3
HB15-1219,2015,RS,2015-04-10,House Committee on Appropriations Refer Amended to House Committee of the Whole,4
HB15-1219,2015,RS,2015-04-13,House Second Reading Laid Over Daily - No Amendments,5
HB15-1219,2015,RS,2015-04-14,House Second Reading Passed with Amendments - Committee,6
HB15-1219,2015,RS,2015-04-15,House Third Reading Passed - No Amendments,7
HB15-1219,2015,RS,2015-04-16,Introduced In Senate - Assigned to Finance + Appropriations,8
HB15-1219,2015,RS,2015-04-21,Senate Committee on Finance Refer Unamended to Appropriations,9
HB15-1219,2015,RS,2015-04-24,Senate Committee on Appropriations Refer Unamended to Senate Committee of the Whole,10
HB15-1219,2015,RS,2015-04-24,Senate Second Reading Special Order - Laid Over Daily - No Amendments,11
HB15-1219,2015,RS,2015-04-27,Senate Second Reading Special Order - Laid Over Daily - No Amendments,12
HB15-1219,2015,RS,2015-04-28,Senate Second Reading Special Order - Passed with Amendments - Floor,13
HB15-1219,2015,RS,2015-04-29,Senate Third Reading Passed - No Amendments,14
HB15-1219,2015,RS,2015-04-30,House Considered Senate Amendments - Result was to Concur - Repass,15
HB15-1219,2015,RS,2015-05-08,Signed by the Speaker of the House,16
HB15-1219,2015,RS,2015-05-08,Signed by the President of the Senate,17
HB15-1219,2015,RS,2015-05-11,Sent to the Governor,18
HB15-1219,2015,RS,2015-06-05,Governor Signed,19
HB15-1220,2015,RS,2015-02-17,Introduced In House - Assigned to Public Health Care & Human Services,1
HB15-1220,2015,RS,2015-03-17,House Committee on Public Health Care & Human Services Refer Amended to House Committee of the Whole,2
HB15-1220,2015,RS,2015-03-20,House Second Reading Laid Over Daily - No Amendments,3
HB15-1220,2015,RS,2015-03-23,House Second Reading Passed with Amendments - Committee,4
HB15-1220,2015,RS,2015-03-24,House Third Reading Passed - No Amendments,5
HB15-1220,2015,RS,2015-04-08,Introduced In Senate - Assigned to Education,6
HB15-1220,2015,RS,2015-04-15,Senate Committee on Education Refer Unamended to Senate Committee of the Whole,7
HB15-1220,2015,RS,2015-04-20,Senate Second Reading Passed - No Amendments,8
HB15-1220,2015,RS,2015-04-21,Senate Third Reading Passed - No Amendments,9
HB15-1220,2015,RS,2015-04-23,Signed by the President of the Senate,10
HB15-1220,2015,RS,2015-04-23,Signed by the Speaker of the House,11
HB15-1220,2015,RS,2015-04-24,Sent to the Governor,12
HB15-1220,2015,RS,2015-05-04,Governor Signed,13
HB15-1221,2015,RS,2015-02-17,Introduced In House - Assigned to Education,1
HB15-1221,2015,RS,2015-03-02,House Committee on Education Refer Amended to House Committee of the Whole,2
HB15-1221,2015,RS,2015-03-06,House Second Reading Passed with Amendments - Committee,3
HB15-1221,2015,RS,2015-03-09,House Third Reading Passed - No Amendments,4
HB15-1221,2015,RS,2015-03-18,"Introduced In Senate - Assigned to State, Veterans, & Military Affairs + Education",5
HB15-1221,2015,RS,2015-03-25,"Senate Committee on State, Veterans, & Military Affairs Postpone Indefinitely",6
HB15-1222,2015,RS,2015-02-17,"Introduced In House - Assigned to Agriculture, Livestock, & Natural Resources",1
HB15-1222,2015,RS,2015-03-09,"House Committee on Agriculture, Livestock, & Natural Resources Refer Amended to House Committee of the Whole",2
HB15-1222,2015,RS,2015-03-16,House Second Reading Passed with Amendments - Committee,3
HB15-1222,2015,RS,2015-03-17,House Third Reading Passed - No Amendments,4
HB15-1222,2015,RS,2015-03-17,Introduced In Senate - Assigned to Finance,5
HB15-1222,2015,RS,2015-03-26,Senate Committee on Finance Postpone Indefinitely,6
HB15-1223,2015,RS,2015-02-17,Introduced In House - Assigned to Business Affairs and Labor,1
HB15-1223,2015,RS,2015-03-05,House Committee on Business Affairs and Labor Refer Amended to House Committee of the Whole,2
HB15-1223,2015,RS,2015-03-09,House Second Reading Passed with Amendments - Committee,3
HB15-1223,2015,RS,2015-03-10,House Third Reading Passed - No Amendments,4
HB15-1223,2015,RS,2015-03-12,"Introduced In Senate - Assigned to Business, Labor, & Technology",5
HB15-1223,2015,RS,2015-03-17,"Senate Committee on Business, Labor, & Technology Refer Unamended - Consent Calendar to Senate Committee of the Whole",6
HB15-1223,2015,RS,2015-03-20,Senate Second Reading Passed - No Amendments,7
HB15-1223,2015,RS,2015-03-23,Senate Third Reading Passed - No Amendments,8
HB15-1223,2015,RS,2015-03-27,Signed by the Speaker of the House,9
HB15-1223,2015,RS,2015-03-30,Signed by the President of the Senate,10
HB15-1223,2015,RS,2015-03-30,Sent to the Governor,11
HB15-1223,2015,RS,2015-04-08,Governor Signed,12
HB15-1224,2015,RS,2015-02-17,Introduced In House - Assigned to Education + Appropriations,1
HB15-1224,2015,RS,2015-03-02,House Committee on Education Refer Unamended to Appropriations,2
HB15-1224,2015,RS,2015-03-13,House Committee on Appropriations Refer Unamended to House Committee of the Whole,3
HB15-1224,2015,RS,2015-03-16,House Second Reading Passed - No Amendments,4
HB15-1224,2015,RS,2015-03-17,House Third Reading Passed - No Amendments,5
HB15-1224,2015,RS,2015-03-17,Introduced In Senate - Assigned to Education,6
HB15-1224,2015,RS,2015-03-25,Senate Committee on Education Refer Unamended - Consent Calendar to Senate Committee of the Whole,7
HB15-1224,2015,RS,2015-03-30,Senate Second Reading Passed - No Amendments,8
HB15-1224,2015,RS,2015-03-31,Senate Third Reading Passed - No Amendments,9
HB15-1224,2015,RS,2015-04-02,Signed by the Speaker of the House,10
HB15-1224,2015,RS,2015-04-07,Signed by the President of the Senate,11
HB15-1224,2015,RS,2015-04-07,Sent to the Governor,12
HB15-1224,2015,RS,2015-04-10,Governor Signed,13
HB15-1225,2015,RS,2015-02-17,Introduced In House - Assigned to Local Government,1
HB15-1225,2015,RS,2015-02-26,House Committee on Local Government Refer Amended to Appropriations,2
HB15-1225,2015,RS,2015-03-06,House Committee on Appropriations Refer Amended to House Committee of the Whole,3
HB15-1225,2015,RS,2015-03-09,House Second Reading Passed with Amendments - Committee,4
HB15-1225,2015,RS,2015-03-10,House Third Reading Passed - No Amendments,5
HB15-1225,2015,RS,2015-03-12,Introduced In Senate - Assigned to Local Government,6
HB15-1225,2015,RS,2015-03-24,Senate Committee on Local Government Refer Unamended to Appropriations,7
HB15-1225,2015,RS,2015-04-17,Senate Committee on Appropriations Refer Unamended to Senate Committee of the Whole,8
HB15-1225,2015,RS,2015-04-21,Senate Second Reading Laid Over Daily - No Amendments,9
HB15-1225,2015,RS,2015-04-22,Senate Second Reading Passed - No Amendments,10
HB15-1225,2015,RS,2015-04-23,Senate Third Reading Passed - No Amendments,11
HB15-1225,2015,RS,2015-04-28,Signed by the Speaker of the House,12
HB15-1225,2015,RS,2015-04-28,Signed by the President of the Senate,13
HB15-1225,2015,RS,2015-04-28,Sent to the Governor,14
HB15-1225,2015,RS,2015-05-13,Governor Signed,15
HB15-1226,2015,RS,2015-02-17,Introduced In House - Assigned to Public Health Care & Human Services + Finance,1
HB15-1226,2015,RS,2015-04-14,House Committee on Public Health Care & Human Services Refer Amended to Finance,2
HB15-1226,2015,RS,2015-04-22,House Committee on Finance Refer Unamended to House Committee of the Whole,3
HB15-1226,2015,RS,2015-04-23,House Second Reading Special Order - Passed with Amendments - Committee,4
HB15-1226,2015,RS,2015-04-24,House Third Reading Laid Over to 04/27/2015 - No Amendments,5
HB15-1226,2015,RS,2015-04-27,House Third Reading Passed - No Amendments,6
HB15-1226,2015,RS,2015-04-27,Introduced In Senate - Assigned to Finance,7
HB15-1226,2015,RS,2015-04-30,Senate Committee on Finance Refer Unamended to Senate Committee of the Whole,8
HB15-1226,2015,RS,2015-05-04,Senate Second Reading Laid Over Daily - No Amendments,9
HB15-1226,2015,RS,2015-05-05,Senate Second Reading Special Order - Passed - No Amendments,10
HB15-1226,2015,RS,2015-05-06,Senate Third Reading Passed - No Amendments,11
HB15-1226,2015,RS,2015-05-14,Signed by the Speaker of the House,12
HB15-1226,2015,RS,2015-05-18,Signed by the President of the Senate,13
HB15-1226,2015,RS,2015-05-18,Sent to the Governor,14
HB15-1226,2015,RS,2015-05-29,Governor Signed,15
HB15-1227,2015,RS,2015-02-17,Introduced In House - Assigned to Finance + Appropriations,1
HB15-1227,2015,RS,2015-03-11,House Committee on Finance Refer Amended to Appropriations,2
HB15-1227,2015,RS,2015-04-10,House Committee on Appropriations Postpone Indefinitely,3
HB15-1228,2015,RS,2015-02-17,Introduced In House - Assigned to Transportation & Energy + Finance,1
HB15-1228,2015,RS,2015-03-04,House Committee on Transportation & Energy Refer Amended to Finance,2
HB15-1228,2015,RS,2015-03-25,House Committee on Finance Refer Amended to Appropriations,3
HB15-1228,2015,RS,2015-04-22,House Committee on Appropriations Refer Amended to House Committee of the Whole,4
HB15-1228,2015,RS,2015-04-23,House Second Reading Passed with Amendments - Committee,5
HB15-1228,2015,RS,2015-04-27,House Third Reading Passed - No Amendments,6
HB15-1228,2015,RS,2015-04-27,"Introduced In Senate - Assigned to State, Veterans, & Military Affairs",7
HB15-1228,2015,RS,2015-04-29,"Senate Committee on State, Veterans, & Military Affairs Refer Unamended to Appropriations",8
HB15-1228,2015,RS,2015-05-01,Senate Committee on Appropriations Refer Unamended - Consent Calendar to Senate Committee of the Whole,9
HB15-1228,2015,RS,2015-05-01,Senate Second Reading Special Order - Passed - No Amendments,10
HB15-1228,2015,RS,2015-05-04,Senate Third Reading Passed - No Amendments,11
HB15-1228,2015,RS,2015-05-12,Signed by the Speaker of the House,12
HB15-1228,2015,RS,2015-05-13,Signed by the President of the Senate,13
HB15-1228,2015,RS,2015-05-13,Sent to the Governor,14
HB15-1228,2015,RS,2015-06-05,Governor Signed,15
HB15-1229,2015,RS,2015-02-17,Introduced In House - Assigned to Judiciary + Appropriations,1
HB15-1229,2015,RS,2015-03-19,House Committee on Judiciary Refer Amended to House Committee of the Whole,2
HB15-1229,2015,RS,2015-03-23,House Second Reading Referred to Appropriations - No Amendments,3
HB15-1229,2015,RS,2015-04-02,House Committee on Appropriations Refer Amended to House Committee of the Whole,4
HB15-1229,2015,RS,2015-04-06,House Second Reading Laid Over to 04/10/2015 - No Amendments,5
HB15-1229,2015,RS,2015-04-10,House Second Reading Passed with Amendments - Committee,6
HB15-1229,2015,RS,2015-04-13,House Third Reading Passed with Amendments - Floor,7
HB15-1229,2015,RS,2015-04-14,Introduced In Senate - Assigned to Judiciary + Appropriations,8
HB15-1229,2015,RS,2015-04-20,Senate Committee on Judiciary Refer Unamended to Appropriations,9
HB15-1229,2015,RS,2015-04-24,Senate Committee on Appropriations Refer Unamended to Senate Committee of the Whole,10
HB15-1229,2015,RS,2015-04-28,Senate Second Reading Passed - No Amendments,11
HB15-1229,2015,RS,2015-04-29,Senate Third Reading Passed - No Amendments,12
HB15-1229,2015,RS,2015-05-08,Signed by the Speaker of the House,13
HB15-1229,2015,RS,2015-05-08,Signed by the President of the Senate,14
HB15-1229,2015,RS,2015-05-11,Sent to the Governor,15
HB15-1229,2015,RS,2015-05-29,Governor Signed,16
HB15-1230,2015,RS,2015-02-17,Introduced In House - Assigned to Business Affairs and Labor,1
HB15-1230,2015,RS,2015-03-26,House Committee on Business Affairs and Labor Refer Amended to Appropriations,2
HB15-1230,2015,RS,2015-04-10,House Committee on Appropriations Refer Amended to House Committee of the Whole,3
HB15-1230,2015,RS,2015-04-13,House Second Reading Laid Over Daily - No Amendments,4
HB15-1230,2015,RS,2015-04-15,House Second Reading Passed with Amendments - Committee,5
HB15-1230,2015,RS,2015-04-16,House Third Reading Passed - No Amendments,6
HB15-1230,2015,RS,2015-04-17,"Introduced In Senate - Assigned to Business, Labor, & Technology",7
HB15-1230,2015,RS,2015-04-29,"Senate Committee on Business, Labor, & Technology Refer Unamended to Appropriations",8
HB15-1230,2015,RS,2015-05-01,Senate Committee on Appropriations Refer Unamended to Senate Committee of the Whole,9
HB15-1230,2015,RS,2015-05-05,Senate Second Reading Special Order - Passed - No Amendments,10
HB15-1230,2015,RS,2015-05-06,Senate Third Reading Passed - No Amendments,11
HB15-1230,2015,RS,2015-05-14,Signed by the Speaker of the House,12
HB15-1230,2015,RS,2015-05-18,Signed by the President of the Senate,13
HB15-1230,2015,RS,2015-05-18,Sent to the Governor,14
HB15-1230,2015,RS,2015-05-26,Governor Signed,15
HB15-1231,2015,RS,2015-02-19,Introduced In House - Assigned to Business Affairs and Labor + Appropriations,1
HB15-1231,2015,RS,2015-03-19,House Committee on Business Affairs and Labor Refer Amended to Appropriations,2
HB15-1231,2015,RS,2015-04-10,House Committee on Appropriations Refer Amended to House Committee of the Whole,3
HB15-1231,2015,RS,2015-04-13,House Second Reading Laid Over Daily - No Amendments,4
HB15-1231,2015,RS,2015-04-15,House Second Reading Passed with Amendments - Committee,5
HB15-1231,2015,RS,2015-04-16,House Third Reading Passed - No Amendments,6
HB15-1231,2015,RS,2015-04-16,"Introduced In Senate - Assigned to State, Veterans, & Military Affairs",7
HB15-1231,2015,RS,2015-04-27,"Senate Committee on State, Veterans, & Military Affairs Postpone Indefinitely",8
HB15-1232,2015,RS,2015-02-19,Introduced In House - Assigned to Public Health Care & Human Services,1
HB15-1232,2015,RS,2015-03-13,House Committee on Public Health Care & Human Services Refer Amended to Appropriations,2
HB15-1232,2015,RS,2015-03-27,House Committee on Appropriations Refer Amended to House Committee of the Whole,3
HB15-1232,2015,RS,2015-03-30,House Second Reading Laid Over Daily - No Amendments,4
HB15-1232,2015,RS,2015-04-01,"House Second Reading Passed with Amendments - Committee, Floor",5
HB15-1232,2015,RS,2015-04-02,House Third Reading Passed - No Amendments,6
HB15-1232,2015,RS,2015-04-09,Introduced In Senate - Assigned to Health & Human Services,7
HB15-1232,2015,RS,2015-04-16,Senate Committee on Health & Human Services Refer Unamended to Appropriations,8
HB15-1232,2015,RS,2015-04-24,Senate Committee on Appropriations Refer Unamended - Consent Calendar to Senate Committee of the Whole,9
HB15-1232,2015,RS,2015-04-24,Senate Second Reading Special Order - Passed - No Amendments,10
HB15-1232,2015,RS,2015-04-27,Senate Third Reading Passed - No Amendments,11
HB15-1232,2015,RS,2015-05-06,Signed by the Speaker of the House,12
HB15-1232,2015,RS,2015-05-08,Sent to the Governor,13
HB15-1232,2015,RS,2015-05-08,Signed by the President of the Senate,14
HB15-1232,2015,RS,2015-05-14,Governor Signed,15
HB15-1233,2015,RS,2015-02-19,Introduced In House - Assigned to Public Health Care & Human Services,1
HB15-1233,2015,RS,2015-03-31,House Committee on Public Health Care & Human Services Refer Amended to Appropriations,2
HB15-1233,2015,RS,2015-04-10,House Committee on Appropriations Refer Amended to House Committee of the Whole,3
HB15-1233,2015,RS,2015-04-13,House Second Reading Laid Over Daily - No Amendments,4
HB15-1233,2015,RS,2015-04-17,"House Second Reading Passed with Amendments - Committee, Floor",5
HB15-1233,2015,RS,2015-04-20,House Third Reading Passed - No Amendments,6
HB15-1233,2015,RS,2015-04-20,"Introduced In Senate - Assigned to State, Veterans, & Military Affairs",7
HB15-1233,2015,RS,2015-04-22,"Senate Committee on State, Veterans, & Military Affairs Refer Amended to Appropriations",8
HB15-1233,2015,RS,2015-04-24,Senate Committee on Appropriations Refer Amended to Senate Committee of the Whole,9
HB15-1233,2015,RS,2015-04-24,Senate Second Reading Special Order - Passed with Amendments - Committee,10
HB15-1233,2015,RS,2015-04-27,Senate Third Reading Passed - No Amendments,11
HB15-1233,2015,RS,2015-04-30,House Considered Senate Amendments - Result was to Concur - Repass,12
HB15-1233,2015,RS,2015-04-30,House Considered Senate Amendments - Result was to Laid Over Daily,13
HB15-1233,2015,RS,2015-05-11,Signed by the Speaker of the House,14
HB15-1233,2015,RS,2015-05-13,Signed by the President of the Senate,15
HB15-1233,2015,RS,2015-05-14,Sent to the Governor,16
HB15-1233,2015,RS,2015-05-29,Governor Signed,17
HB15-1234,2015,RS,2015-02-19,"Introduced In House - Assigned to Agriculture, Livestock, & Natural Resources + Finance",1
HB15-1234,2015,RS,2015-03-09,"House Committee on Agriculture, Livestock, & Natural Resources Refer Amended to Finance",2
HB15-1234,2015,RS,2015-04-01,House Committee on Finance Refer Amended to Appropriations,3
HB15-1234,2015,RS,2015-04-17,House Committee on Appropriations Refer Unamended to House Committee of the Whole,4
HB15-1234,2015,RS,2015-04-20,House Second Reading Passed - No Amendments,5
HB15-1234,2015,RS,2015-04-21,House Third Reading Passed - No Amendments,6
HB15-1234,2015,RS,2015-04-21,Introduced In Senate - Assigned to Finance + Appropriations,7
HB15-1234,2015,RS,2015-04-28,Senate Committee on Finance Postpone Indefinitely,8
HB15-1235,2015,RS,2015-02-19,Introduced In House - Assigned to Business Affairs and Labor,1
HB15-1235,2015,RS,2015-03-24,House Committee on Business Affairs and Labor Refer Amended to Appropriations,2
HB15-1235,2015,RS,2015-04-02,House Committee on Appropriations Refer Amended to House Committee of the Whole,3
HB15-1235,2015,RS,2015-04-06,House Second Reading Laid Over Daily - No Amendments,4
HB15-1235,2015,RS,2015-04-17,"House Second Reading Passed with Amendments - Committee, Floor",5
HB15-1235,2015,RS,2015-04-20,House Third Reading Laid Over Daily - No Amendments,6
HB15-1235,2015,RS,2015-04-23,House Third Reading Passed - No Amendments,7
HB15-1235,2015,RS,2015-04-24,"Introduced In Senate - Assigned to State, Veterans, & Military Affairs",8
HB15-1235,2015,RS,2015-04-29,"Senate Committee on State, Veterans, & Military Affairs Postpone Indefinitely",9
HB15-1236,2015,RS,2015-02-19,Introduced In House - Assigned to Transportation & Energy + Finance,1
HB15-1236,2015,RS,2015-03-05,House Committee on Transportation & Energy Refer Amended to Finance,2
HB15-1236,2015,RS,2015-04-22,House Committee on Finance Refer Amended to Appropriations,3
HB15-1236,2015,RS,2015-04-29,House Committee on Appropriations Refer Amended to House Committee of the Whole,4
HB15-1236,2015,RS,2015-04-29,House Second Reading Special Order - Passed with Amendments - Committee,5
HB15-1236,2015,RS,2015-04-30,House Third Reading Passed - No Amendments,6
HB15-1236,2015,RS,2015-04-30,Introduced In Senate - Assigned to Finance,7
HB15-1236,2015,RS,2015-05-01,Senate Committee on Finance Postpone Indefinitely,8
HB15-1237,2015,RS,2015-02-19,"Introduced In House - Assigned to State, Veterans, & Military Affairs + Appropriations",1
HB15-1237,2015,RS,2015-03-25,"House Committee on State, Veterans, & Military Affairs Postpone Indefinitely",2
HB15-1238,2015,RS,2015-02-19,"Introduced In House - Assigned to Health, Insurance, & Environment + Finance",1
HB15-1238,2015,RS,2015-03-12,"House Committee on Health, Insurance, & Environment Refer Amended to Finance",2
HB15-1238,2015,RS,2015-04-15,House Committee on Finance Refer Amended to Appropriations,3
HB15-1238,2015,RS,2015-04-22,House Committee on Appropriations Postpone Indefinitely,4
HB15-1239,2015,RS,2015-02-19,Introduced In House - Assigned to Public Health Care & Human Services,1
HB15-1239,2015,RS,2015-03-13,House Committee on Public Health Care & Human Services Refer Unamended to House Committee of the Whole,2
HB15-1239,2015,RS,2015-03-18,House Second Reading Laid Over Daily - No Amendments,3
HB15-1239,2015,RS,2015-03-20,House Second Reading Passed - No Amendments,4
HB15-1239,2015,RS,2015-03-23,House Third Reading Passed - No Amendments,5
HB15-1239,2015,RS,2015-03-25,"Introduced In Senate - Assigned to Health & Human Services + State, Veterans, & Military Affairs",6
HB15-1239,2015,RS,2015-04-08,"Senate Committee on Health & Human Services Refer Unamended to State, Veterans, & Military Affairs",7
HB15-1239,2015,RS,2015-04-14,"Senate Committee on State, Veterans, & Military Affairs Refer Unamended - Consent Calendar to Senate Committee of the Whole",8
HB15-1239,2015,RS,2015-04-17,Senate Second Reading Passed - No Amendments,9
HB15-1239,2015,RS,2015-04-20,Senate Third Reading Passed - No Amendments,10
HB15-1239,2015,RS,2015-04-23,Signed by the President of the Senate,11
HB15-1239,2015,RS,2015-04-23,Signed by the Speaker of the House,12
HB15-1239,2015,RS,2015-04-24,Sent to the Governor,13
HB15-1239,2015,RS,2015-05-04,Governor Signed,14
HB15-1240,2015,RS,2015-02-20,Introduced In House - Assigned to Education,1
HB15-1240,2015,RS,2015-03-09,House Committee on Education Refer Amended to House Committee of the Whole,2
HB15-1240,2015,RS,2015-03-13,House Second Reading Passed with Amendments - Committee,3
HB15-1240,2015,RS,2015-03-16,House Third Reading Passed - No Amendments,4
HB15-1240,2015,RS,2015-03-24,"Introduced In Senate - Assigned to State, Veterans, & Military Affairs",5
HB15-1240,2015,RS,2015-04-07,"Senate Committee on State, Veterans, & Military Affairs Refer Unamended",6
HB15-1240,2015,RS,2015-04-08,"Senate Committee on State, Veterans, & Military Affairs Postpone Indefinitely",7
HB15-1241,2015,RS,2015-02-20,Introduced In House - Assigned to Judiciary,1
HB15-1241,2015,RS,2015-04-09,House Committee on Judiciary Refer Amended to House Committee of the Whole,2
HB15-1241,2015,RS,2015-04-13,House Second Reading Laid Over Daily - No Amendments,3
HB15-1241,2015,RS,2015-04-15,House Second Reading Passed with Amendments - Committee,4
HB15-1241,2015,RS,2015-04-17,House Third Reading Passed - No Amendments,5
HB15-1241,2015,RS,2015-04-17,"Introduced In Senate - Assigned to State, Veterans, & Military Affairs",6
HB15-1241,2015,RS,2015-04-27,"Senate Committee on State, Veterans, & Military Affairs Postpone Indefinitely",7
HB15-1242,2015,RS,2015-02-20,Introduced In House - Assigned to Public Health Care & Human Services,1
HB15-1242,2015,RS,2015-03-20,House Committee on Public Health Care & Human Services Refer Amended to House Committee of the Whole,2
HB15-1242,2015,RS,2015-03-24,House Second Reading Passed with Amendments - Committee,3
HB15-1242,2015,RS,2015-03-25,House Third Reading Passed - No Amendments,4
HB15-1242,2015,RS,2015-03-27,Introduced In Senate - Assigned to Health & Human Services,5
HB15-1242,2015,RS,2015-04-08,Senate Committee on Health & Human Services Refer Amended to Senate Committee of the Whole,6
HB15-1242,2015,RS,2015-04-13,Senate Second Reading Laid Over Daily - No Amendments,7
HB15-1242,2015,RS,2015-04-14,"Senate Second Reading Passed with Amendments - Committee, Floor",8
HB15-1242,2015,RS,2015-04-15,Senate Third Reading Passed - No Amendments,9
HB15-1242,2015,RS,2015-04-22,House Considered Senate Amendments - Result was to Concur - Repass,10
HB15-1242,2015,RS,2015-04-22,House Considered Senate Amendments - Result was to Laid Over Daily,11
HB15-1242,2015,RS,2015-04-24,Signed by the Speaker of the House,12
HB15-1242,2015,RS,2015-04-28,Signed by the President of the Senate,13
HB15-1242,2015,RS,2015-04-28,Sent to the Governor,14
HB15-1242,2015,RS,2015-05-08,Governor Signed,15
HB15-1243,2015,RS,2015-02-24,"Introduced In House - Assigned to Agriculture, Livestock, & Natural Resources + Finance",1
HB15-1243,2015,RS,2015-03-09,"House Committee on Agriculture, Livestock, & Natural Resources Refer Unamended to Finance",2
HB15-1243,2015,RS,2015-04-02,House Committee on Finance Refer Unamended to House Committee of the Whole,3
HB15-1243,2015,RS,2015-04-06,House Second Reading Passed - No Amendments,4
HB15-1243,2015,RS,2015-04-07,House Third Reading Passed - No Amendments,5
HB15-1243,2015,RS,2015-04-09,Introduced In Senate - Assigned to Finance,6
HB15-1243,2015,RS,2015-04-16,Senate Committee on Finance Refer Unamended - Consent Calendar to Senate Committee of the Whole,7
HB15-1243,2015,RS,2015-04-20,Senate Second Reading Special Order - Passed - No Amendments,8
HB15-1243,2015,RS,2015-04-21,Senate Third Reading Passed - No Amendments,9
HB15-1243,2015,RS,2015-04-28,Signed by the Speaker of the House,10
HB15-1243,2015,RS,2015-04-28,Signed by the President of the Senate,11
HB15-1243,2015,RS,2015-04-28,Sent to the Governor,12
HB15-1243,2015,RS,2015-05-08,Governor Signed,13
HB15-1244,2015,RS,2015-02-24,Introduced In House - Assigned to Business Affairs and Labor,1
HB15-1244,2015,RS,2015-03-03,House Committee on Business Affairs and Labor Refer Unamended to House Committee of the Whole,2
HB15-1244,2015,RS,2015-03-06,House Second Reading Passed - No Amendments,3
HB15-1244,2015,RS,2015-03-09,House Third Reading Passed - No Amendments,4
HB15-1244,2015,RS,2015-03-11,"Introduced In Senate - Assigned to Business, Labor, & Technology",5
HB15-1244,2015,RS,2015-03-16,"Senate Committee on Business, Labor, & Technology Refer Unamended - Consent Calendar to Senate Committee of the Whole",6
HB15-1244,2015,RS,2015-03-19,Senate Second Reading Laid Over Daily - No Amendments,7
HB15-1244,2015,RS,2015-03-20,Senate Second Reading Passed - No Amendments,8
HB15-1244,2015,RS,2015-03-23,Senate Third Reading Passed - No Amendments,9
HB15-1244,2015,RS,2015-03-27,Signed by the Speaker of the House,10
HB15-1244,2015,RS,2015-03-30,Signed by the President of the Senate,11
HB15-1244,2015,RS,2015-03-30,Sent to the Governor,12
HB15-1244,2015,RS,2015-04-08,Governor Signed,13
HB15-1245,2015,RS,2015-02-24,Introduced In House - Assigned to Finance,1
HB15-1245,2015,RS,2015-03-11,House Committee on Finance Refer Unamended to House Committee of the Whole,2
HB15-1245,2015,RS,2015-03-13,House Second Reading Passed - No Amendments,3
HB15-1245,2015,RS,2015-03-16,House Third Reading Passed - No Amendments,4
HB15-1245,2015,RS,2015-03-18,Introduced In Senate - Assigned to Finance,5
HB15-1245,2015,RS,2015-03-26,Senate Committee on Finance Refer Unamended to Senate Committee of the Whole,6
HB15-1245,2015,RS,2015-03-31,Senate Second Reading Passed - No Amendments,7
HB15-1245,2015,RS,2015-04-01,Senate Third Reading Passed - No Amendments,8
HB15-1245,2015,RS,2015-04-06,Signed by the Speaker of the House,9
HB15-1245,2015,RS,2015-04-07,Signed by the President of the Senate,10
HB15-1245,2015,RS,2015-04-07,Sent to the Governor,11
HB15-1245,2015,RS,2015-04-13,Governor Signed,12
HB15-1246,2015,RS,2015-02-24,Introduced In House - Assigned to Business Affairs and Labor,1
HB15-1246,2015,RS,2015-03-12,House Committee on Business Affairs and Labor Refer Unamended to House Committee of the Whole,2
HB15-1246,2015,RS,2015-03-16,House Second Reading Passed - No Amendments,3
HB15-1246,2015,RS,2015-03-17,House Third Reading Passed - No Amendments,4
HB15-1246,2015,RS,2015-03-17,Introduced In Senate - Assigned to Finance,5
HB15-1246,2015,RS,2015-03-24,Senate Committee on Finance Refer Unamended - Consent Calendar to Senate Committee of the Whole,6
HB15-1246,2015,RS,2015-03-27,Senate Second Reading Passed - No Amendments,7
HB15-1246,2015,RS,2015-03-30,Senate Third Reading Passed - No Amendments,8
HB15-1246,2015,RS,2015-04-02,Signed by the Speaker of the House,9
HB15-1246,2015,RS,2015-04-07,Signed by the President of the Senate,10
HB15-1246,2015,RS,2015-04-07,Sent to the Governor,11
HB15-1246,2015,RS,2015-04-13,Governor Signed,12
HB15-1247,2015,RS,2015-02-25,Introduced In House - Assigned to Finance,1
HB15-1247,2015,RS,2015-04-22,House Committee on Finance Refer Amended to House Committee of the Whole,2
HB15-1247,2015,RS,2015-04-23,House Second Reading Special Order - Passed with Amendments - Committee,3
HB15-1247,2015,RS,2015-04-27,House Third Reading Passed - No Amendments,4
HB15-1247,2015,RS,2015-04-27,"Introduced In Senate - Assigned to Agriculture, Natural Resources, & Energy",5
HB15-1247,2015,RS,2015-04-30,"Senate Committee on Agriculture, Natural Resources, & Energy Refer Unamended to Finance",6
HB15-1247,2015,RS,2015-05-01,Senate Committee on Finance Refer Unamended to Appropriations,7
HB15-1247,2015,RS,2015-05-04,Senate Committee on Appropriations Refer Unamended to Senate Committee of the Whole,8
HB15-1247,2015,RS,2015-05-05,Senate Second Reading Special Order - Passed - No Amendments,9
HB15-1247,2015,RS,2015-05-06,Senate Third Reading Passed - No Amendments,10
HB15-1247,2015,RS,2015-05-14,Signed by the Speaker of the House,11
HB15-1247,2015,RS,2015-05-18,Signed by the President of the Senate,12
HB15-1247,2015,RS,2015-05-18,Sent to the Governor,13
HB15-1247,2015,RS,2015-06-05,Governor Signed,14
HB15-1248,2015,RS,2015-02-25,Introduced In House - Assigned to Public Health Care & Human Services,1
HB15-1248,2015,RS,2015-03-20,House Committee on Public Health Care & Human Services Refer Unamended to Appropriations,2
HB15-1248,2015,RS,2015-04-10,House Committee on Appropriations Refer Amended to House Committee of the Whole,3
HB15-1248,2015,RS,2015-04-13,House Second Reading Laid Over Daily - No Amendments,4
HB15-1248,2015,RS,2015-04-15,"House Second Reading Passed with Amendments - Committee, Floor",5
HB15-1248,2015,RS,2015-04-17,House Third Reading Passed - No Amendments,6
HB15-1248,2015,RS,2015-04-17,Introduced In Senate - Assigned to Health & Human Services,7
HB15-1248,2015,RS,2015-04-22,Senate Committee on Health & Human Services Refer Unamended to Appropriations,8
HB15-1248,2015,RS,2015-04-24,Senate Committee on Appropriations Refer Unamended to Senate Committee of the Whole,9
HB15-1248,2015,RS,2015-04-24,Senate Second Reading Special Order - Passed - No Amendments,10
HB15-1248,2015,RS,2015-04-27,Senate Third Reading Passed - No Amendments,11
HB15-1248,2015,RS,2015-05-01,Signed by the Speaker of the House,12
HB15-1248,2015,RS,2015-05-01,Signed by the President of the Senate,13
HB15-1248,2015,RS,2015-05-01,Sent to the Governor,14
HB15-1248,2015,RS,2015-06-05,Governor Signed,15
HB15-1249,2015,RS,2015-02-27,Introduced In House - Assigned to Finance,1
HB15-1249,2015,RS,2015-03-25,House Committee on Finance Refer Amended to Appropriations,2
HB15-1249,2015,RS,2015-04-10,House Committee on Appropriations Refer Amended to House Committee of the Whole,3
HB15-1249,2015,RS,2015-04-13,House Second Reading Laid Over Daily - No Amendments,4
HB15-1249,2015,RS,2015-04-15,"House Second Reading Passed with Amendments - Committee, Floor",5
HB15-1249,2015,RS,2015-04-17,House Third Reading Passed - No Amendments,6
HB15-1249,2015,RS,2015-04-17,Introduced In Senate - Assigned to Finance,7
HB15-1249,2015,RS,2015-04-23,Senate Committee on Finance Refer Amended to Appropriations,8
HB15-1249,2015,RS,2015-04-28,Senate Committee on Appropriations Refer Amended to Senate Committee of the Whole,9
HB15-1249,2015,RS,2015-04-28,Senate Second Reading Special Order - Passed with Amendments - Committee,10
HB15-1249,2015,RS,2015-04-29,Senate Third Reading Passed - No Amendments,11
HB15-1249,2015,RS,2015-04-30,House Considered Senate Amendments - Result was to Concur - Repass,12
HB15-1249,2015,RS,2015-05-12,Signed by the Speaker of the House,13
HB15-1249,2015,RS,2015-05-13,Signed by the President of the Senate,14
HB15-1249,2015,RS,2015-05-13,Sent to the Governor,15
HB15-1249,2015,RS,2015-06-04,Governor Signed,16
HB15-1250,2015,RS,2015-02-27,Introduced In House - Assigned to Transportation & Energy,1
HB15-1250,2015,RS,2015-03-25,House Committee on Transportation & Energy Refer Unamended to Finance,2
HB15-1250,2015,RS,2015-04-15,House Committee on Finance Refer Unamended to Appropriations,3
HB15-1250,2015,RS,2015-04-24,House Committee on Appropriations Postpone Indefinitely,4
HB15-1251,2015,RS,2015-02-27,Introduced In House - Assigned to Finance,1
HB15-1251,2015,RS,2015-03-04,House Committee on Finance Refer Unamended to House Committee of the Whole,2
HB15-1251,2015,RS,2015-03-09,House Second Reading Laid Over to 03/16/2015 - No Amendments,3
HB15-1251,2015,RS,2015-03-16,House Second Reading Passed - No Amendments,4
HB15-1251,2015,RS,2015-03-17,House Third Reading Passed - No Amendments,5
HB15-1251,2015,RS,2015-04-24,"Introduced In Senate - Assigned to State, Veterans, & Military Affairs + Finance + Education",6
HB15-1251,2015,RS,2015-04-29,"Senate Committee on State, Veterans, & Military Affairs Postpone Indefinitely",7
HB15-1252,2015,RS,2015-03-02,Introduced In House - Assigned to Finance,1
HB15-1252,2015,RS,2015-03-25,House Committee on Finance Refer Unamended to Appropriations,2
HB15-1252,2015,RS,2015-04-02,House Committee on Appropriations Refer Unamended to House Committee of the Whole,3
HB15-1252,2015,RS,2015-04-06,House Second Reading Passed - No Amendments,4
HB15-1252,2015,RS,2015-04-07,House Third Reading Passed - No Amendments,5
HB15-1252,2015,RS,2015-04-09,Introduced In Senate - Assigned to Finance,6
HB15-1252,2015,RS,2015-04-16,Senate Committee on Finance Refer Unamended to Appropriations,7
HB15-1252,2015,RS,2015-04-24,Senate Committee on Appropriations Refer Unamended to Senate Committee of the Whole,8
HB15-1252,2015,RS,2015-04-24,Senate Second Reading Special Order - Passed - No Amendments,9
HB15-1252,2015,RS,2015-04-27,Senate Third Reading Passed - No Amendments,10
HB15-1252,2015,RS,2015-05-06,Signed by the Speaker of the House,11
HB15-1252,2015,RS,2015-05-08,Sent to the Governor,12
HB15-1252,2015,RS,2015-05-08,Signed by the President of the Senate,13
HB15-1252,2015,RS,2015-06-05,Governor Signed,14
HB15-1253,2015,RS,2015-03-02,Introduced In House - Assigned to Business Affairs and Labor,1
HB15-1253,2015,RS,2015-03-24,House Committee on Business Affairs and Labor Postpone Indefinitely,2
HB15-1254,2015,RS,2015-03-02,Introduced In House - Assigned to Appropriations,1
HB15-1254,2015,RS,2015-03-06,House Committee on Appropriations Refer Unamended to House Committee of the Whole,2
HB15-1254,2015,RS,2015-03-09,House Second Reading Passed - No Amendments,3
HB15-1254,2015,RS,2015-03-10,House Third Reading Passed - No Amendments,4
HB15-1254,2015,RS,2015-03-12,Introduced In Senate - Assigned to Appropriations,5
HB15-1254,2015,RS,2015-03-13,Senate Committee on Appropriations Refer Unamended to Senate Committee of the Whole,6
HB15-1254,2015,RS,2015-03-17,Senate Second Reading Passed - No Amendments,7
HB15-1254,2015,RS,2015-03-18,Senate Third Reading Passed - No Amendments,8
HB15-1254,2015,RS,2015-03-20,Signed by the Speaker of the House,9
HB15-1254,2015,RS,2015-03-20,Signed by the President of the Senate,10
HB15-1254,2015,RS,2015-03-20,Sent to the Governor,11
HB15-1254,2015,RS,2015-03-30,Governor Signed,12
HB15-1255,2015,RS,2015-03-03,Introduced In House - Assigned to Business Affairs and Labor,1
HB15-1255,2015,RS,2015-03-17,House Committee on Business Affairs and Labor Refer Amended to House Committee of the Whole,2
HB15-1255,2015,RS,2015-03-20,House Second Reading Passed with Amendments - Committee,3
HB15-1255,2015,RS,2015-03-23,House Third Reading Passed - No Amendments,4
HB15-1255,2015,RS,2015-03-25,"Introduced In Senate - Assigned to Business, Labor, & Technology",5
HB15-1255,2015,RS,2015-04-08,"Senate Committee on Business, Labor, & Technology Refer Unamended - Consent Calendar to Senate Committee of the Whole",6
HB15-1255,2015,RS,2015-04-13,Senate Second Reading Laid Over to 04/15/2015 - No Amendments,7
HB15-1255,2015,RS,2015-04-15,Senate Second Reading Passed with Amendments - Floor,8
HB15-1255,2015,RS,2015-04-16,Senate Third Reading Passed - No Amendments,9
HB15-1255,2015,RS,2015-04-22,House Considered Senate Amendments - Result was to Concur - Repass,10
HB15-1255,2015,RS,2015-04-22,House Considered Senate Amendments - Result was to Laid Over Daily,11
HB15-1255,2015,RS,2015-04-23,Signed by the President of the Senate,12
HB15-1255,2015,RS,2015-04-23,Signed by the Speaker of the House,13
HB15-1255,2015,RS,2015-04-24,Sent to the Governor,14
HB15-1255,2015,RS,2015-05-01,Governor Signed,15
HB15-1256,2015,RS,2015-03-03,Introduced In House - Assigned to Local Government,1
HB15-1256,2015,RS,2015-03-11,House Committee on Local Government Refer Unamended to House Committee of the Whole,2
HB15-1256,2015,RS,2015-03-13,House Second Reading Passed - No Amendments,3
HB15-1256,2015,RS,2015-03-16,House Third Reading Passed - No Amendments,4
HB15-1256,2015,RS,2015-03-17,Introduced In Senate - Assigned to Local Government,5
HB15-1256,2015,RS,2015-03-24,Senate Committee on Local Government Refer Unamended - Consent Calendar to Senate Committee of the Whole,6
HB15-1256,2015,RS,2015-03-27,Senate Second Reading Passed - No Amendments,7
HB15-1256,2015,RS,2015-03-30,Senate Third Reading Passed - No Amendments,8
HB15-1256,2015,RS,2015-04-01,Signed by the Speaker of the House,9
HB15-1256,2015,RS,2015-04-02,Signed by the President of the Senate,10
HB15-1256,2015,RS,2015-04-02,Sent to the Governor,11
HB15-1256,2015,RS,2015-04-10,Governor Signed,12
HB15-1257,2015,RS,2015-03-03,Introduced In House - Assigned to Local Government + Finance,1
HB15-1257,2015,RS,2015-04-01,House Committee on Local Government Refer Amended to Finance,2
HB15-1257,2015,RS,2015-04-15,House Committee on Finance Refer Unamended to House Committee of the Whole,3
HB15-1257,2015,RS,2015-04-17,House Second Reading Passed with Amendments - Committee,4
HB15-1257,2015,RS,2015-04-20,House Third Reading Laid Over Daily - No Amendments,5
HB15-1257,2015,RS,2015-04-21,House Third Reading Passed - No Amendments,6
HB15-1257,2015,RS,2015-04-21,"Introduced In Senate - Assigned to Business, Labor, & Technology",7
HB15-1257,2015,RS,2015-04-28,"Senate Committee on Business, Labor, & Technology Postpone Indefinitely",8
HB15-1258,2015,RS,2015-03-04,"Introduced In House - Assigned to Health, Insurance, & Environment + Finance",1
HB15-1258,2015,RS,2015-03-19,"House Committee on Health, Insurance, & Environment Refer Amended to Finance",2
HB15-1258,2015,RS,2015-04-22,House Committee on Finance Refer Amended to Appropriations,3
HB15-1258,2015,RS,2015-04-24,House Committee on Appropriations Refer Amended to House Committee of the Whole,4
HB15-1258,2015,RS,2015-04-28,House Second Reading Special Order - Passed with Amendments - Committee,5
HB15-1258,2015,RS,2015-04-30,House Third Reading Lost - No Amendments,6
HB15-1258,2015,RS,2015-08-31,House Third Reading Laid Over Daily - No Amendments,7
HB15-1259,2015,RS,2015-03-04,"Introduced In House - Assigned to Agriculture, Livestock, & Natural Resources",1
HB15-1259,2015,RS,2015-03-16,"House Committee on Agriculture, Livestock, & Natural Resources Refer Unamended to House Committee of the Whole",2
HB15-1259,2015,RS,2015-03-20,House Second Reading Passed with Amendments - Floor,3
HB15-1259,2015,RS,2015-03-23,House Third Reading Passed - No Amendments,4
HB15-1259,2015,RS,2015-03-25,"Introduced In Senate - Assigned to Agriculture, Natural Resources, & Energy",5
HB15-1259,2015,RS,2015-04-16,"Senate Committee on Agriculture, Natural Resources, & Energy Lay Over Amended",6
HB15-1259,2015,RS,2015-05-05,"Senate Committee on Agriculture, Natural Resources, & Energy Refer Amended to Senate Committee of the Whole",7
HB15-1259,2015,RS,2015-05-05,Senate Second Reading Special Order - Laid Over to 05/07/2015 - No Amendments,8
HB15-1260,2015,RS,2015-03-04,Introduced In House - Assigned to Finance,1
HB15-1260,2015,RS,2015-04-15,House Committee on Finance Refer Amended to Appropriations,2
HB15-1260,2015,RS,2015-04-30,House Committee on Appropriations Refer Unamended to House Committee of the Whole,3
HB15-1260,2015,RS,2015-04-30,House Second Reading Special Order - Passed with Amendments - Committee,4
HB15-1260,2015,RS,2015-05-01,House Third Reading Passed - No Amendments,5
HB15-1260,2015,RS,2015-05-01,Introduced In Senate - Assigned to Finance + Appropriations,6
HB15-1260,2015,RS,2015-05-05,Senate Committee on Finance Refer Unamended to Appropriations,7
HB15-1260,2015,RS,2015-05-05,Senate Committee on Appropriations Postpone Indefinitely,8
HB15-1261,2015,RS,2015-03-04,Introduced In House - Assigned to Finance,1
HB15-1261,2015,RS,2015-04-16,House Committee on Finance Refer Amended to House Committee of the Whole,2
HB15-1261,2015,RS,2015-04-20,"House Second Reading Passed with Amendments - Committee, Floor",3
HB15-1261,2015,RS,2015-04-21,House Third Reading Passed - No Amendments,4
HB15-1261,2015,RS,2015-04-21,Introduced In Senate - Assigned to Finance,5
HB15-1261,2015,RS,2015-04-28,Senate Committee on Finance Refer Amended to Senate Committee of the Whole,6
HB15-1261,2015,RS,2015-04-30,"Senate Second Reading Passed with Amendments - Committee, Floor",7
HB15-1261,2015,RS,2015-05-01,Senate Third Reading Passed - No Amendments,8
HB15-1261,2015,RS,2015-05-04,House Considered Senate Amendments - Result was to Concur - Repass,9
HB15-1261,2015,RS,2015-05-14,Signed by the Speaker of the House,10
HB15-1261,2015,RS,2015-05-18,Signed by the President of the Senate,11
HB15-1261,2015,RS,2015-05-18,Sent to the Governor,12
HB15-1261,2015,RS,2015-06-05,Governor Signed,13
HB15-1262,2015,RS,2015-03-04,Introduced In House - Assigned to Local Government,1
HB15-1262,2015,RS,2015-03-11,House Committee on Local Government Refer Amended to House Committee of the Whole,2
HB15-1262,2015,RS,2015-03-13,House Second Reading Passed with Amendments - Committee,3
HB15-1262,2015,RS,2015-03-16,House Third Reading Passed - No Amendments,4
HB15-1262,2015,RS,2015-04-02,Introduced In Senate - Assigned to Local Government,5
HB15-1262,2015,RS,2015-04-21,Senate Committee on Local Government Refer Unamended - Consent Calendar to Senate Committee of the Whole,6
HB15-1262,2015,RS,2015-04-23,Senate Second Reading Special Order - Passed - No Amendments,7
HB15-1262,2015,RS,2015-04-24,Senate Third Reading Passed - No Amendments,8
HB15-1262,2015,RS,2015-05-01,Signed by the Speaker of the House,9
HB15-1262,2015,RS,2015-05-01,Signed by the President of the Senate,10
HB15-1262,2015,RS,2015-05-01,Sent to the Governor,11
HB15-1262,2015,RS,2015-05-20,Governor Signed,12
HB15-1263,2015,RS,2015-03-04,Introduced In House - Assigned to Local Government,1
HB15-1263,2015,RS,2015-03-18,House Committee on Local Government Postpone Indefinitely,2
HB15-1264,2015,RS,2015-03-04,"Introduced In House - Assigned to State, Veterans, & Military Affairs",1
HB15-1264,2015,RS,2015-04-15,"House Committee on State, Veterans, & Military Affairs Witness Testimony and/or Committee Discussion Only",2
HB15-1264,2015,RS,2015-04-27,"House Committee on State, Veterans, & Military Affairs Postpone Indefinitely",3
HB15-1265,2015,RS,2015-03-05,"Introduced In House - Assigned to Health, Insurance, & Environment",1
HB15-1265,2015,RS,2015-03-26,"House Committee on Health, Insurance, & Environment Refer Amended to House Committee of the Whole",2
HB15-1265,2015,RS,2015-03-30,House Second Reading Laid Over Daily - No Amendments,3
HB15-1265,2015,RS,2015-04-01,House Second Reading Passed with Amendments - Committee,4
HB15-1265,2015,RS,2015-04-02,House Third Reading Passed - No Amendments,5
HB15-1265,2015,RS,2015-04-02,"Introduced In Senate - Assigned to State, Veterans, & Military Affairs",6
HB15-1265,2015,RS,2015-04-15,"Senate Committee on State, Veterans, & Military Affairs Postpone Indefinitely",7
HB15-1266,2015,RS,2015-03-05,"Introduced In House - Assigned to State, Veterans, & Military Affairs",1
HB15-1266,2015,RS,2015-03-23,"House Committee on State, Veterans, & Military Affairs Refer Unamended to House Committee of the Whole",2
HB15-1266,2015,RS,2015-03-27,House Second Reading Passed - No Amendments,3
HB15-1266,2015,RS,2015-03-30,House Third Reading Passed - No Amendments,4
HB15-1266,2015,RS,2015-03-30,Introduced In Senate - Assigned to Appropriations,5
HB15-1266,2015,RS,2015-04-10,Senate Committee on Appropriations Refer Unamended - Consent Calendar to Senate Committee of the Whole,6
HB15-1266,2015,RS,2015-04-13,Senate Second Reading Special Order - Passed - No Amendments,7
HB15-1266,2015,RS,2015-04-14,Senate Third Reading Passed - No Amendments,8
HB15-1266,2015,RS,2015-04-17,Signed by the Speaker of the House,9
HB15-1266,2015,RS,2015-04-20,Signed by the President of the Senate,10
HB15-1266,2015,RS,2015-04-20,Sent to the Governor,11
HB15-1266,2015,RS,2015-04-24,Governor Signed,12
HB15-1267,2015,RS,2015-03-05,Introduced In House - Assigned to Judiciary,1
HB15-1267,2015,RS,2015-04-09,House Committee on Judiciary Refer Amended to House Committee of the Whole,2
HB15-1267,2015,RS,2015-04-13,House Second Reading Laid Over Daily - No Amendments,3
HB15-1267,2015,RS,2015-04-15,House Second Reading Passed with Amendments - Committee,4
HB15-1267,2015,RS,2015-04-17,House Third Reading Passed - No Amendments,5
HB15-1267,2015,RS,2015-04-20,Introduced In Senate - Assigned to Health & Human Services,6
HB15-1267,2015,RS,2015-04-23,Senate Committee on Health & Human Services Refer Unamended to Senate Committee of the Whole,7
HB15-1267,2015,RS,2015-04-24,Senate Second Reading Special Order - Passed - No Amendments,8
HB15-1267,2015,RS,2015-04-27,Senate Third Reading Passed - No Amendments,9
HB15-1267,2015,RS,2015-04-27,Senate Third Reading Reconsidered - No Amendments,10
HB15-1267,2015,RS,2015-04-27,Senate Third Reading Passed - No Amendments,11
HB15-1267,2015,RS,2015-05-01,Signed by the Speaker of the House,12
HB15-1267,2015,RS,2015-05-01,Signed by the President of the Senate,13
HB15-1267,2015,RS,2015-05-01,Sent to the Governor,14
HB15-1267,2015,RS,2015-05-08,Governor Signed,15
HB15-1268,2015,RS,2015-03-05,Introduced In House - Assigned to Public Health Care & Human Services,1
HB15-1268,2015,RS,2015-03-24,House Committee on Public Health Care & Human Services Refer Amended to Appropriations,2
HB15-1268,2015,RS,2015-04-02,House Committee on Appropriations Refer Unamended to House Committee of the Whole,3
HB15-1268,2015,RS,2015-04-06,House Second Reading Passed with Amendments - Committee,4
HB15-1268,2015,RS,2015-04-07,House Third Reading Passed - No Amendments,5
HB15-1268,2015,RS,2015-04-09,"Introduced In Senate - Assigned to State, Veterans, & Military Affairs",6
HB15-1268,2015,RS,2015-04-20,"Senate Committee on State, Veterans, & Military Affairs Postpone Indefinitely",7
HB15-1269,2015,RS,2015-03-05,"Introduced In House - Assigned to Health, Insurance, & Environment",1
HB15-1269,2015,RS,2015-03-26,"House Committee on Health, Insurance, & Environment Refer Amended to House Committee of the Whole",2
HB15-1269,2015,RS,2015-03-30,House Second Reading Passed with Amendments - Committee,3
HB15-1269,2015,RS,2015-03-31,House Third Reading Passed - No Amendments,4
HB15-1269,2015,RS,2015-04-02,Introduced In Senate - Assigned to Health & Human Services,5
HB15-1269,2015,RS,2015-04-09,Senate Committee on Health & Human Services Refer Unamended - Consent Calendar to Senate Committee of the Whole,6
HB15-1269,2015,RS,2015-04-13,Senate Second Reading Special Order - Passed - No Amendments,7
HB15-1269,2015,RS,2015-04-14,Senate Third Reading Passed - No Amendments,8
HB15-1269,2015,RS,2015-04-17,Signed by the Speaker of the House,9
HB15-1269,2015,RS,2015-04-20,Signed by the President of the Senate,10
HB15-1269,2015,RS,2015-04-20,Sent to the Governor,11
HB15-1269,2015,RS,2015-04-24,Governor Signed,12
HB15-1270,2015,RS,2015-03-06,Introduced In House - Assigned to Education,1
HB15-1270,2015,RS,2015-03-18,House Committee on Education Refer Amended to Appropriations,2
HB15-1270,2015,RS,2015-03-27,House Committee on Appropriations Refer Amended to House Committee of the Whole,3
HB15-1270,2015,RS,2015-03-30,House Second Reading Laid Over Daily - No Amendments,4
HB15-1270,2015,RS,2015-04-01,"House Second Reading Passed with Amendments - Committee, Floor",5
HB15-1270,2015,RS,2015-04-02,House Third Reading Passed - No Amendments,6
HB15-1270,2015,RS,2015-04-09,Introduced In Senate - Assigned to Education,7
HB15-1270,2015,RS,2015-04-15,Senate Committee on Education Refer Amended to Appropriations,8
HB15-1270,2015,RS,2015-04-24,Senate Committee on Appropriations Refer Unamended to Senate Committee of the Whole,9
HB15-1270,2015,RS,2015-04-24,Senate Second Reading Special Order - Passed with Amendments - Committee,10
HB15-1270,2015,RS,2015-04-27,Senate Third Reading Passed - No Amendments,11
HB15-1270,2015,RS,2015-04-30,House Considered Senate Amendments - Result was to Concur - Repass,12
HB15-1270,2015,RS,2015-04-30,House Considered Senate Amendments - Result was to Laid Over Daily,13
HB15-1270,2015,RS,2015-05-06,Signed by the Speaker of the House,14
HB15-1270,2015,RS,2015-05-08,Sent to the Governor,15
HB15-1270,2015,RS,2015-05-08,Signed by the President of the Senate,16
HB15-1270,2015,RS,2015-05-18,Governor Signed,17
HB15-1271,2015,RS,2015-03-06,Introduced In House - Assigned to Finance,1
HB15-1271,2015,RS,2015-04-01,House Committee on Finance Refer Unamended to House Committee of the Whole,2
HB15-1271,2015,RS,2015-04-06,House Second Reading Passed - No Amendments,3
HB15-1271,2015,RS,2015-04-07,House Third Reading Passed - No Amendments,4
HB15-1271,2015,RS,2015-04-09,Introduced In Senate - Assigned to Finance,5
HB15-1271,2015,RS,2015-04-14,Senate Committee on Finance Refer Unamended to Senate Committee of the Whole,6
HB15-1271,2015,RS,2015-04-17,Senate Second Reading Passed - No Amendments,7
HB15-1271,2015,RS,2015-04-20,Senate Third Reading Passed - No Amendments,8
HB15-1271,2015,RS,2015-05-01,Signed by the Speaker of the House,9
HB15-1271,2015,RS,2015-05-01,Signed by the President of the Senate,10
HB15-1271,2015,RS,2015-05-01,Sent to the Governor,11
HB15-1271,2015,RS,2015-05-13,Governor Signed,12
HB15-1272,2015,RS,2015-03-06,Introduced In House - Assigned to Judiciary,1
HB15-1272,2015,RS,2015-03-24,House Committee on Judiciary Postpone Indefinitely,2
HB15-1273,2015,RS,2015-03-06,Introduced In House - Assigned to Education,1
HB15-1273,2015,RS,2015-03-16,House Committee on Education Lay Over Unamended - Amendment(s) Failed,2
HB15-1273,2015,RS,2015-04-17,House Committee on Education Refer Amended to Appropriations,3
HB15-1273,2015,RS,2015-04-24,House Committee on Appropriations Refer Amended to House Committee of the Whole,4
HB15-1273,2015,RS,2015-04-28,House Second Reading Laid Over Daily - No Amendments,5
HB15-1273,2015,RS,2015-04-29,House Second Reading Passed with Amendments - Committee,6
HB15-1273,2015,RS,2015-04-30,House Third Reading Passed - No Amendments,7
HB15-1273,2015,RS,2015-04-30,Introduced In Senate - Assigned to Education,8
HB15-1273,2015,RS,2015-05-04,Senate Committee on Education Refer Unamended to Appropriations,9
HB15-1273,2015,RS,2015-05-05,Senate Committee on Appropriations Refer Amended to Senate Committee of the Whole,10
HB15-1273,2015,RS,2015-05-05,Senate Second Reading Special Order - Passed with Amendments - Committee,11
HB15-1273,2015,RS,2015-05-06,Senate Third Reading Passed - No Amendments,12
HB15-1273,2015,RS,2015-05-06,House Considered Senate Amendments - Result was to Concur - Repass,13
HB15-1273,2015,RS,2015-05-14,Signed by the Speaker of the House,14
HB15-1273,2015,RS,2015-05-18,Signed by the President of the Senate,15
HB15-1273,2015,RS,2015-05-18,Sent to the Governor,16
HB15-1273,2015,RS,2015-06-05,Governor Signed,17
HB15-1274,2015,RS,2015-03-06,Introduced In House - Assigned to Business Affairs and Labor,1
HB15-1274,2015,RS,2015-03-19,House Committee on Business Affairs and Labor Refer Amended to Appropriations,2
HB15-1274,2015,RS,2015-04-10,House Committee on Appropriations Refer Amended to House Committee of the Whole,3
HB15-1274,2015,RS,2015-04-13,House Second Reading Laid Over Daily - No Amendments,4
HB15-1274,2015,RS,2015-04-15,House Second Reading Passed with Amendments - Committee,5
HB15-1274,2015,RS,2015-04-16,House Third Reading Passed - No Amendments,6
HB15-1274,2015,RS,2015-04-16,Introduced In Senate - Assigned to Education,7
HB15-1274,2015,RS,2015-04-23,Senate Committee on Education Refer Amended to Appropriations,8
HB15-1274,2015,RS,2015-04-28,Senate Committee on Appropriations Refer Amended to Senate Committee of the Whole,9
HB15-1274,2015,RS,2015-04-28,Senate Second Reading Special Order - Passed with Amendments - Committee,10
HB15-1274,2015,RS,2015-04-29,Senate Third Reading Passed - No Amendments,11
HB15-1274,2015,RS,2015-04-30,House Considered Senate Amendments - Result was to Concur - Repass,12
HB15-1274,2015,RS,2015-05-06,Signed by the Speaker of the House,13
HB15-1274,2015,RS,2015-05-08,Sent to the Governor,14
HB15-1274,2015,RS,2015-05-08,Signed by the President of the Senate,15
HB15-1274,2015,RS,2015-05-18,Governor Signed,16
HB15-1275,2015,RS,2015-03-06,Introduced In House - Assigned to Business Affairs and Labor,1
HB15-1275,2015,RS,2015-03-24,House Committee on Business Affairs and Labor Refer Unamended to Appropriations,2
HB15-1275,2015,RS,2015-04-10,House Committee on Appropriations Refer Amended to House Committee of the Whole,3
HB15-1275,2015,RS,2015-04-13,House Second Reading Laid Over Daily - No Amendments,4
HB15-1275,2015,RS,2015-04-15,"House Second Reading Passed with Amendments - Committee, Floor",5
HB15-1275,2015,RS,2015-04-16,House Third Reading Passed - No Amendments,6
HB15-1275,2015,RS,2015-04-17,Introduced In Senate - Assigned to Education,7
HB15-1275,2015,RS,2015-04-23,Senate Committee on Education Refer Amended to Appropriations,8
HB15-1275,2015,RS,2015-04-28,Senate Committee on Appropriations Refer Unamended to Senate Committee of the Whole,9
HB15-1275,2015,RS,2015-04-28,Senate Second Reading Special Order - Passed with Amendments - Committee,10
HB15-1275,2015,RS,2015-04-29,Senate Third Reading Passed - No Amendments,11
HB15-1275,2015,RS,2015-04-30,House Considered Senate Amendments - Result was to Concur - Repass,12
HB15-1275,2015,RS,2015-05-14,Signed by the Speaker of the House,13
HB15-1275,2015,RS,2015-05-18,Signed by the President of the Senate,14
HB15-1275,2015,RS,2015-05-18,Sent to the Governor,15
HB15-1275,2015,RS,2015-05-22,Governor Signed,16
HB15-1276,2015,RS,2015-03-09,Introduced In House - Assigned to Business Affairs and Labor + Appropriations,1
HB15-1276,2015,RS,2015-03-19,House Committee on Business Affairs and Labor Refer Amended to Appropriations,2
HB15-1276,2015,RS,2015-04-10,House Committee on Appropriations Refer Amended to House Committee of the Whole,3
HB15-1276,2015,RS,2015-04-13,House Second Reading Laid Over Daily - No Amendments,4
HB15-1276,2015,RS,2015-04-15,House Second Reading Passed with Amendments - Committee,5
HB15-1276,2015,RS,2015-04-16,House Third Reading Passed - No Amendments,6
HB15-1276,2015,RS,2015-04-16,"Introduced In Senate - Assigned to Business, Labor, & Technology",7
HB15-1276,2015,RS,2015-04-29,"Senate Committee on Business, Labor, & Technology Refer Unamended to Appropriations",8
HB15-1276,2015,RS,2015-05-01,Senate Committee on Appropriations Refer Unamended to Senate Committee of the Whole,9
HB15-1276,2015,RS,2015-05-05,Senate Second Reading Special Order - Passed with Amendments - Floor,10
HB15-1276,2015,RS,2015-05-06,Senate Third Reading Passed - No Amendments,11
HB15-1276,2015,RS,2015-05-06,House Considered Senate Amendments - Result was to Concur - Repass,12
HB15-1276,2015,RS,2015-05-14,Signed by the Speaker of the House,13
HB15-1276,2015,RS,2015-05-18,Signed by the President of the Senate,14
HB15-1276,2015,RS,2015-05-18,Sent to the Governor,15
HB15-1276,2015,RS,2015-05-26,Governor Signed,16
HB15-1277,2015,RS,2015-03-09,"Introduced In House - Assigned to Agriculture, Livestock, & Natural Resources + Appropriations",1
HB15-1277,2015,RS,2015-03-23,"House Committee on Agriculture, Livestock, & Natural Resources Refer Unamended to Appropriations",2
HB15-1277,2015,RS,2015-04-02,House Committee on Appropriations Refer Unamended to House Committee of the Whole,3
HB15-1277,2015,RS,2015-04-06,House Second Reading Passed - No Amendments,4
HB15-1277,2015,RS,2015-04-07,House Third Reading Passed - No Amendments,5
HB15-1277,2015,RS,2015-04-09,"Introduced In Senate - Assigned to Agriculture, Natural Resources, & Energy + Appropriations",6
HB15-1277,2015,RS,2015-04-16,"Senate Committee on Agriculture, Natural Resources, & Energy Refer Unamended to Appropriations",7
HB15-1277,2015,RS,2015-04-24,Senate Committee on Appropriations Refer Unamended - Consent Calendar to Senate Committee of the Whole,8
HB15-1277,2015,RS,2015-04-24,Senate Second Reading Special Order - Passed - No Amendments,9
HB15-1277,2015,RS,2015-04-27,Senate Third Reading Passed - No Amendments,10
HB15-1277,2015,RS,2015-05-06,Signed by the Speaker of the House,11
HB15-1277,2015,RS,2015-05-08,Sent to the Governor,12
HB15-1277,2015,RS,2015-05-08,Signed by the President of the Senate,13
HB15-1277,2015,RS,2015-05-22,Governor Signed,14
HB15-1278,2015,RS,2015-03-09,"Introduced In House - Assigned to Agriculture, Livestock, & Natural Resources",1
HB15-1278,2015,RS,2015-04-06,"House Committee on Agriculture, Livestock, & Natural Resources Postpone Indefinitely",2
HB15-1279,2015,RS,2015-03-09,"Introduced In House - Assigned to Health, Insurance, & Environment + Appropriations",1
HB15-1279,2015,RS,2015-03-24,"House Committee on Health, Insurance, & Environment Postpone Indefinitely",2
HB15-1280,2015,RS,2015-03-10,Introduced In House - Assigned to Appropriations,1
HB15-1280,2015,RS,2015-03-20,House Committee on Appropriations Refer Amended to House Committee of the Whole,2
HB15-1280,2015,RS,2015-03-23,House Second Reading Passed with Amendments - Committee,3
HB15-1280,2015,RS,2015-03-24,House Third Reading Passed - No Amendments,4
HB15-1280,2015,RS,2015-03-25,Introduced In Senate - Assigned to Appropriations,5
HB15-1280,2015,RS,2015-04-10,Senate Committee on Appropriations Refer Unamended - Consent Calendar to Senate Committee of the Whole,6
HB15-1280,2015,RS,2015-04-13,Senate Second Reading Passed with Amendments - Floor,7
HB15-1280,2015,RS,2015-04-14,Senate Third Reading Passed - No Amendments,8
HB15-1280,2015,RS,2015-04-22,House Considered Senate Amendments - Result was to Concur - Repass,9
HB15-1280,2015,RS,2015-04-22,House Considered Senate Amendments - Result was to Laid Over Daily,10
HB15-1280,2015,RS,2015-04-22,House Considered Senate Amendments - Result was to Laid Over Daily,11
HB15-1280,2015,RS,2015-04-28,Signed by the Speaker of the House,12
HB15-1280,2015,RS,2015-04-28,Signed by the President of the Senate,13
HB15-1280,2015,RS,2015-04-28,Sent to the Governor,14
HB15-1280,2015,RS,2015-05-11,Governor Signed,15
HB15-1281,2015,RS,2015-03-11,Introduced In House - Assigned to Public Health Care & Human Services,1
HB15-1281,2015,RS,2015-03-24,House Committee on Public Health Care & Human Services Refer Amended to Appropriations,2
HB15-1281,2015,RS,2015-04-10,House Committee on Appropriations Refer Amended to House Committee of the Whole,3
HB15-1281,2015,RS,2015-04-13,House Second Reading Laid Over Daily - No Amendments,4
HB15-1281,2015,RS,2015-04-14,House Second Reading Laid Over Daily - No Amendments,5
HB15-1281,2015,RS,2015-04-15,House Second Reading Laid Over Daily - No Amendments,6
HB15-1281,2015,RS,2015-04-16,"House Second Reading Passed with Amendments - Committee, Floor",7
HB15-1281,2015,RS,2015-04-17,House Third Reading Laid Over Daily - No Amendments,8
HB15-1281,2015,RS,2015-04-21,House Third Reading Passed - No Amendments,9
HB15-1281,2015,RS,2015-04-21,Introduced In Senate - Assigned to Health & Human Services + Appropriations,10
HB15-1281,2015,RS,2015-04-29,Senate Committee on Health & Human Services Refer Unamended to Appropriations,11
HB15-1281,2015,RS,2015-05-01,Senate Committee on Appropriations Refer Unamended to Senate Committee of the Whole,12
HB15-1281,2015,RS,2015-05-05,Senate Second Reading Special Order - Passed - No Amendments,13
HB15-1281,2015,RS,2015-05-06,Senate Third Reading Passed - No Amendments,14
HB15-1281,2015,RS,2015-05-14,Signed by the Speaker of the House,15
HB15-1281,2015,RS,2015-05-18,Signed by the President of the Senate,16
HB15-1281,2015,RS,2015-05-18,Sent to the Governor,17
HB15-1281,2015,RS,2015-05-29,Governor Signed,18
HB15-1282,2015,RS,2015-03-11,Introduced In House - Assigned to Judiciary,1
HB15-1282,2015,RS,2015-04-14,House Committee on Judiciary Refer Amended to House Committee of the Whole,2
HB15-1282,2015,RS,2015-04-17,House Second Reading Laid Over Daily - No Amendments,3
HB15-1282,2015,RS,2015-04-20,House Second Reading Passed with Amendments - Committee,4
HB15-1282,2015,RS,2015-04-21,House Third Reading Passed - No Amendments,5
HB15-1282,2015,RS,2015-04-21,"Introduced In Senate - Assigned to State, Veterans, & Military Affairs",6
HB15-1282,2015,RS,2015-04-27,"Senate Committee on State, Veterans, & Military Affairs Refer Amended to Senate Committee of the Whole",7
HB15-1282,2015,RS,2015-04-30,"Senate Second Reading Passed with Amendments - Committee, Floor",8
HB15-1282,2015,RS,2015-05-01,Senate Third Reading Passed - No Amendments,9
HB15-1282,2015,RS,2015-05-04,House Considered Senate Amendments - Result was to Concur - Repass,10
HB15-1282,2015,RS,2015-05-14,Signed by the Speaker of the House,11
HB15-1282,2015,RS,2015-05-18,Signed by the President of the Senate,12
HB15-1282,2015,RS,2015-05-18,Sent to the Governor,13
HB15-1282,2015,RS,2015-06-05,Governor Signed,14
HB15-1283,2015,RS,2015-03-11,"Introduced In House - Assigned to Health, Insurance, & Environment + Appropriations",1
HB15-1283,2015,RS,2015-03-26,"House Committee on Health, Insurance, & Environment Refer Amended to Appropriations",2
HB15-1283,2015,RS,2015-04-10,House Committee on Appropriations Refer Amended to House Committee of the Whole,3
HB15-1283,2015,RS,2015-04-13,House Second Reading Laid Over Daily - No Amendments,4
HB15-1283,2015,RS,2015-04-16,House Second Reading Passed with Amendments - Committee,5
HB15-1283,2015,RS,2015-04-17,House Third Reading Passed - No Amendments,6
HB15-1283,2015,RS,2015-04-20,Introduced In Senate - Assigned to Health & Human Services + Appropriations,7
HB15-1283,2015,RS,2015-04-23,Senate Committee on Health & Human Services Refer Unamended to Appropriations,8
HB15-1283,2015,RS,2015-04-28,Senate Committee on Appropriations Refer Unamended to Senate Committee of the Whole,9
HB15-1283,2015,RS,2015-04-30,Senate Second Reading Passed with Amendments - Floor,10
HB15-1283,2015,RS,2015-05-01,Senate Third Reading Passed - No Amendments,11
HB15-1283,2015,RS,2015-05-04,House Considered Senate Amendments - Result was to Concur - Repass,12
HB15-1283,2015,RS,2015-05-14,Signed by the Speaker of the House,13
HB15-1283,2015,RS,2015-05-18,Signed by the President of the Senate,14
HB15-1283,2015,RS,2015-05-18,Sent to the Governor,15
HB15-1283,2015,RS,2015-06-05,Governor Signed,16
HB15-1284,2015,RS,2015-03-13,Introduced In House - Assigned to Transportation & Energy,1
HB15-1284,2015,RS,2015-03-18,House Committee on Transportation & Energy Refer Amended to House Committee of the Whole,2
HB15-1284,2015,RS,2015-03-23,House Second Reading Passed with Amendments - Committee,3
HB15-1284,2015,RS,2015-03-24,House Third Reading Passed - No Amendments,4
HB15-1284,2015,RS,2015-03-25,"Introduced In Senate - Assigned to Agriculture, Natural Resources, & Energy",5
HB15-1284,2015,RS,2015-04-16,"Senate Committee on Agriculture, Natural Resources, & Energy Refer Unamended to Senate Committee of the Whole",6
HB15-1284,2015,RS,2015-04-21,Senate Second Reading Laid Over Daily - No Amendments,7
HB15-1284,2015,RS,2015-04-22,Senate Second Reading Laid Over Daily - No Amendments,8
HB15-1284,2015,RS,2015-04-23,Senate Second Reading Laid Over Daily - No Amendments,9
HB15-1284,2015,RS,2015-04-24,Senate Second Reading Special Order - Passed - No Amendments,10
HB15-1284,2015,RS,2015-04-27,Senate Third Reading Passed - No Amendments,11
HB15-1284,2015,RS,2015-05-01,Signed by the Speaker of the House,12
HB15-1284,2015,RS,2015-05-01,Signed by the President of the Senate,13
HB15-1284,2015,RS,2015-05-01,Sent to the Governor,14
HB15-1284,2015,RS,2015-05-08,Governor Signed,15
HB15-1285,2015,RS,2015-03-17,Introduced In House - Assigned to Judiciary + Appropriations,1
HB15-1285,2015,RS,2015-03-31,House Committee on Judiciary Refer Amended to Appropriations,2
HB15-1285,2015,RS,2015-04-10,House Committee on Appropriations Refer Amended to House Committee of the Whole,3
HB15-1285,2015,RS,2015-04-13,House Second Reading Laid Over Daily - No Amendments,4
HB15-1285,2015,RS,2015-04-16,"House Second Reading Passed with Amendments - Committee, Floor",5
HB15-1285,2015,RS,2015-04-17,House Third Reading Passed - No Amendments,6
HB15-1285,2015,RS,2015-04-17,Introduced In Senate - Assigned to Judiciary + Appropriations,7
HB15-1285,2015,RS,2015-04-27,Senate Committee on Judiciary Refer Unamended to Appropriations,8
HB15-1285,2015,RS,2015-05-04,Senate Committee on Appropriations Refer Unamended to Senate Committee of the Whole,9
HB15-1285,2015,RS,2015-05-05,Senate Second Reading Special Order - Passed - No Amendments,10
HB15-1285,2015,RS,2015-05-06,Senate Third Reading Passed - No Amendments,11
HB15-1285,2015,RS,2015-05-14,Signed by the Speaker of the House,12
HB15-1285,2015,RS,2015-05-18,Signed by the President of the Senate,13
HB15-1285,2015,RS,2015-05-18,Sent to the Governor,14
HB15-1285,2015,RS,2015-05-20,Governor Signed,15
HB15-1286,2015,RS,2015-03-17,Introduced In House - Assigned to Judiciary,1
HB15-1286,2015,RS,2015-04-02,House Committee on Judiciary Refer Unamended to House Committee of the Whole,2
HB15-1286,2015,RS,2015-04-10,House Second Reading Passed - No Amendments,3
HB15-1286,2015,RS,2015-04-13,House Third Reading Passed - No Amendments,4
HB15-1286,2015,RS,2015-04-14,"Introduced In Senate - Assigned to State, Veterans, & Military Affairs",5
HB15-1286,2015,RS,2015-04-22,"Senate Committee on State, Veterans, & Military Affairs Postpone Indefinitely",6
HB15-1287,2015,RS,2015-03-17,Introduced In House - Assigned to Judiciary,1
HB15-1287,2015,RS,2015-03-31,House Committee on Judiciary Refer Amended to Appropriations,2
HB15-1287,2015,RS,2015-04-10,House Committee on Appropriations Refer Unamended to House Committee of the Whole,3
HB15-1287,2015,RS,2015-04-13,House Second Reading Laid Over Daily - No Amendments,4
HB15-1287,2015,RS,2015-04-16,"House Second Reading Passed with Amendments - Committee, Floor",5
HB15-1287,2015,RS,2015-04-17,House Third Reading Passed - No Amendments,6
HB15-1287,2015,RS,2015-04-17,Introduced In Senate - Assigned to Judiciary,7
HB15-1287,2015,RS,2015-04-27,Senate Committee on Judiciary Refer Amended to Appropriations,8
HB15-1287,2015,RS,2015-05-04,Senate Committee on Appropriations Refer Unamended to Senate Committee of the Whole,9
HB15-1287,2015,RS,2015-05-05,Senate Second Reading Special Order - Passed with Amendments - Committee,10
HB15-1287,2015,RS,2015-05-06,Senate Third Reading Passed - No Amendments,11
HB15-1287,2015,RS,2015-05-06,House Considered Senate Amendments - Result was to Not Concur - Request Conference Committee,12
HB15-1287,2015,RS,2015-05-06,First Conference Committee Result was to Adopt Rerevised w/ Amendments,13
HB15-1287,2015,RS,2015-05-06,Senate Consideration of First Conference Committee Report result was to Adopt Committee Report - Repass,14
HB15-1287,2015,RS,2015-05-14,Signed by the Speaker of the House,15
HB15-1287,2015,RS,2015-05-18,Signed by the President of the Senate,16
HB15-1287,2015,RS,2015-05-18,Sent to the Governor,17
HB15-1287,2015,RS,2015-05-20,Governor Signed,18
HB15-1288,2015,RS,2015-03-17,Introduced In House - Assigned to Judiciary,1
HB15-1288,2015,RS,2015-04-02,House Committee on Judiciary Refer Amended to House Committee of the Whole,2
HB15-1288,2015,RS,2015-04-10,House Second Reading Laid Over Daily - No Amendments,3
HB15-1288,2015,RS,2015-04-13,"House Second Reading Passed with Amendments - Committee, Floor",4
HB15-1288,2015,RS,2015-04-14,House Third Reading Passed - No Amendments,5
HB15-1288,2015,RS,2015-04-16,Introduced In Senate - Assigned to Judiciary,6
HB15-1288,2015,RS,2015-04-29,Senate Committee on Judiciary Postpone Indefinitely,7
HB15-1289,2015,RS,2015-03-17,Introduced In House - Assigned to Judiciary,1
HB15-1289,2015,RS,2015-03-31,House Committee on Judiciary Refer Amended to House Committee of the Whole,2
HB15-1289,2015,RS,2015-04-02,House Committee on Judiciary Postpone Indefinitely,3
HB15-1290,2015,RS,2015-03-17,Introduced In House - Assigned to Judiciary,1
HB15-1290,2015,RS,2015-03-31,House Committee on Judiciary Witness Testimony and/or Committee Discussion Only,2
HB15-1290,2015,RS,2015-04-14,House Committee on Judiciary Refer Amended to House Committee of the Whole,3
HB15-1290,2015,RS,2015-04-20,House Second Reading Laid Over Daily - No Amendments,4
HB15-1290,2015,RS,2015-04-21,"House Second Reading Passed with Amendments - Committee, Floor",5
HB15-1290,2015,RS,2015-04-22,House Third Reading Passed - No Amendments,6
HB15-1290,2015,RS,2015-04-22,Introduced In Senate - Assigned to Judiciary,7
HB15-1290,2015,RS,2015-04-27,Senate Committee on Judiciary Refer Unamended to Senate Committee of the Whole,8
HB15-1290,2015,RS,2015-04-29,Senate Second Reading Special Order - Passed - No Amendments,9
HB15-1290,2015,RS,2015-04-30,Senate Third Reading Passed with Amendments - Floor,10
HB15-1290,2015,RS,2015-05-01,House Considered Senate Amendments - Result was to Concur - Repass,11
HB15-1290,2015,RS,2015-05-14,Signed by the Speaker of the House,12
HB15-1290,2015,RS,2015-05-18,Signed by the President of the Senate,13
HB15-1290,2015,RS,2015-05-18,Sent to the Governor,14
HB15-1290,2015,RS,2015-05-20,Governor Signed,15
HB15-1291,2015,RS,2015-03-17,Introduced In House - Assigned to Judiciary,1
HB15-1291,2015,RS,2015-04-02,House Committee on Judiciary Refer Amended to House Committee of the Whole,2
HB15-1291,2015,RS,2015-04-10,House Second Reading Passed with Amendments - Committee,3
HB15-1291,2015,RS,2015-04-13,House Third Reading Passed - No Amendments,4
HB15-1291,2015,RS,2015-04-14,"Introduced In Senate - Assigned to State, Veterans, & Military Affairs",5
HB15-1291,2015,RS,2015-04-22,"Senate Committee on State, Veterans, & Military Affairs Postpone Indefinitely",6
HB15-1292,2015,RS,2015-03-18,Introduced In House - Assigned to Judiciary,1
HB15-1292,2015,RS,2015-03-26,House Committee on Judiciary Postpone Indefinitely,2
HB15-1293,2015,RS,2015-03-18,Introduced In House - Assigned to Business Affairs and Labor,1
HB15-1293,2015,RS,2015-03-31,House Committee on Business Affairs and Labor Postpone Indefinitely,2
HB15-1294,2015,RS,2015-03-18,Introduced In House - Assigned to Education,1
HB15-1294,2015,RS,2015-03-25,House Committee on Education Refer Amended to House Committee of the Whole,2
HB15-1294,2015,RS,2015-03-27,House Second Reading Passed with Amendments - Committee,3
HB15-1294,2015,RS,2015-03-30,House Third Reading Passed - No Amendments,4
HB15-1294,2015,RS,2015-04-02,Introduced In Senate - Assigned to Education,5
HB15-1294,2015,RS,2015-04-08,Senate Committee on Education Refer Unamended - Consent Calendar to Senate Committee of the Whole,6
HB15-1294,2015,RS,2015-04-13,Senate Second Reading Special Order - Passed - No Amendments,7
HB15-1294,2015,RS,2015-04-14,Senate Third Reading Passed - No Amendments,8
HB15-1294,2015,RS,2015-04-17,Signed by the Speaker of the House,9
HB15-1294,2015,RS,2015-04-20,Signed by the President of the Senate,10
HB15-1294,2015,RS,2015-04-21,Sent to the Governor,11
HB15-1294,2015,RS,2015-05-01,Governor Signed,12
HB15-1295,2015,RS,2015-03-18,Introduced In House - Assigned to Education,1
HB15-1295,2015,RS,2015-03-25,House Committee on Education Refer Amended to House Committee of the Whole,2
HB15-1295,2015,RS,2015-03-27,House Second Reading Passed with Amendments - Committee,3
HB15-1295,2015,RS,2015-03-30,House Third Reading Passed with Amendments - Floor,4
HB15-1295,2015,RS,2015-04-02,Introduced In Senate - Assigned to Education,5
HB15-1295,2015,RS,2015-04-08,Senate Committee on Education Refer Unamended - Consent Calendar to Senate Committee of the Whole,6
HB15-1295,2015,RS,2015-04-13,Senate Second Reading Special Order - Passed - No Amendments,7
HB15-1295,2015,RS,2015-04-14,Senate Third Reading Passed - No Amendments,8
HB15-1295,2015,RS,2015-04-17,Signed by the Speaker of the House,9
HB15-1295,2015,RS,2015-04-20,Signed by the President of the Senate,10
HB15-1295,2015,RS,2015-04-20,Sent to the Governor,11
HB15-1295,2015,RS,2015-04-24,Governor Signed,12
HB15-1296,2015,RS,2015-03-18,Introduced In House - Assigned to Public Health Care & Human Services,1
HB15-1296,2015,RS,2015-03-31,House Committee on Public Health Care & Human Services Witness Testimony and/or Committee Discussion Only,2
HB15-1296,2015,RS,2015-04-21,House Committee on Public Health Care & Human Services Postpone Indefinitely,3
HB15-1297,2015,RS,2015-03-18,"Introduced In House - Assigned to Health, Insurance, & Environment",1
HB15-1297,2015,RS,2015-03-31,"House Committee on Health, Insurance, & Environment Witness Testimony and/or Committee Discussion Only",2
HB15-1297,2015,RS,2015-04-02,"House Committee on Health, Insurance, & Environment Witness Testimony and/or Committee Discussion Only",3
HB15-1297,2015,RS,2015-04-09,"House Committee on Health, Insurance, & Environment Refer Amended to House Committee of the Whole",4
HB15-1297,2015,RS,2015-04-13,House Second Reading Laid Over Daily - No Amendments,5
HB15-1297,2015,RS,2015-04-21,House Second Reading Laid Over to 05/11/2015 - No Amendments,6
HB15-1298,2015,RS,2015-03-18,Introduced In House - Assigned to Public Health Care & Human Services,1
HB15-1298,2015,RS,2015-03-31,House Committee on Public Health Care & Human Services Refer Unamended to House Committee of the Whole,2
HB15-1298,2015,RS,2015-04-06,House Second Reading Passed - No Amendments,3
HB15-1298,2015,RS,2015-04-07,House Third Reading Passed - No Amendments,4
HB15-1298,2015,RS,2015-04-09,"Introduced In Senate - Assigned to Business, Labor, & Technology",5
HB15-1298,2015,RS,2015-04-22,"Senate Committee on Business, Labor, & Technology Postpone Indefinitely",6
HB15-1299,2015,RS,2015-03-19,Introduced In House - Assigned to Finance,1
HB15-1299,2015,RS,2015-04-01,House Committee on Finance Refer Unamended to House Committee of the Whole,2
HB15-1299,2015,RS,2015-04-06,House Second Reading Passed - No Amendments,3
HB15-1299,2015,RS,2015-04-07,House Third Reading Passed - No Amendments,4
HB15-1299,2015,RS,2015-04-09,Introduced In Senate - Assigned to Finance,5
HB15-1299,2015,RS,2015-04-21,Senate Committee on Finance Refer Unamended - Consent Calendar to Senate Committee of the Whole,6
HB15-1299,2015,RS,2015-04-23,Senate Second Reading Special Order - Passed - No Amendments,7
HB15-1299,2015,RS,2015-04-24,Senate Third Reading Passed - No Amendments,8
HB15-1299,2015,RS,2015-05-01,Signed by the Speaker of the House,9
HB15-1299,2015,RS,2015-05-01,Signed by the President of the Senate,10
HB15-1299,2015,RS,2015-05-01,Sent to the Governor,11
HB15-1299,2015,RS,2015-05-08,Governor Signed,12
HB15-1300,2015,RS,2015-03-19,"Introduced In House - Assigned to State, Veterans, & Military Affairs",1
HB15-1300,2015,RS,2015-03-23,"House Committee on State, Veterans, & Military Affairs Refer Unamended to House Committee of the Whole",2
HB15-1300,2015,RS,2015-03-30,House Second Reading Passed - No Amendments,3
HB15-1300,2015,RS,2015-03-31,House Third Reading Passed - No Amendments,4
HB15-1300,2015,RS,2015-04-08,"Introduced In Senate - Assigned to State, Veterans, & Military Affairs",5
HB15-1300,2015,RS,2015-04-15,"Senate Committee on State, Veterans, & Military Affairs Postpone Indefinitely",6
HB15-1301,2015,RS,2015-03-20,Introduced In House - Assigned to Business Affairs and Labor + Finance,1
HB15-1301,2015,RS,2015-03-26,House Committee on Business Affairs and Labor Refer Unamended to Finance,2
HB15-1301,2015,RS,2015-04-22,House Committee on Finance Refer Amended to Appropriations,3
HB15-1301,2015,RS,2015-04-29,House Committee on Appropriations Refer Amended to House Committee of the Whole,4
HB15-1301,2015,RS,2015-04-29,House Second Reading Special Order - Passed with Amendments - Committee,5
HB15-1301,2015,RS,2015-04-30,House Third Reading Passed - No Amendments,6
HB15-1301,2015,RS,2015-04-30,Introduced In Senate - Assigned to Finance,7
HB15-1301,2015,RS,2015-05-01,Senate Committee on Finance Refer Unamended to Appropriations,8
HB15-1301,2015,RS,2015-05-04,Senate Committee on Appropriations Refer Unamended to Senate Committee of the Whole,9
HB15-1301,2015,RS,2015-05-05,Senate Second Reading Special Order - Passed - No Amendments,10
HB15-1301,2015,RS,2015-05-06,Senate Third Reading Passed - No Amendments,11
HB15-1301,2015,RS,2015-05-07,Senate Third Reading Reconsidered - No Amendments,12
HB15-1301,2015,RS,2015-05-07,Senate Third Reading Passed - No Amendments,13
HB15-1301,2015,RS,2015-05-14,Signed by the Speaker of the House,14
HB15-1301,2015,RS,2015-05-18,Signed by the President of the Senate,15
HB15-1301,2015,RS,2015-05-18,Sent to the Governor,16
HB15-1301,2015,RS,2015-06-05,Governor Signed,17
HB15-1302,2015,RS,2015-03-20,Introduced In House - Assigned to Public Health Care & Human Services,1
HB15-1302,2015,RS,2015-03-31,House Committee on Public Health Care & Human Services Witness Testimony and/or Committee Discussion Only,2
HB15-1302,2015,RS,2015-04-14,House Committee on Public Health Care & Human Services Refer Amended to House Committee of the Whole,3
HB15-1302,2015,RS,2015-04-17,House Second Reading Passed with Amendments - Committee,4
HB15-1302,2015,RS,2015-04-20,House Third Reading Passed - No Amendments,5
HB15-1302,2015,RS,2015-04-20,"Introduced In Senate - Assigned to State, Veterans, & Military Affairs",6
HB15-1302,2015,RS,2015-04-28,"Senate Committee on State, Veterans, & Military Affairs Postpone Indefinitely",7
HB15-1303,2015,RS,2015-03-23,Introduced In House - Assigned to Judiciary,1
HB15-1303,2015,RS,2015-04-09,House Committee on Judiciary Witness Testimony and/or Committee Discussion Only,2
HB15-1303,2015,RS,2015-04-14,House Committee on Judiciary Lay Over Amended,3
HB15-1303,2015,RS,2015-04-23,House Committee on Judiciary Refer Amended to House Committee of the Whole,4
HB15-1303,2015,RS,2015-04-23,"House Second Reading Special Order - Passed with Amendments - Committee, Floor",5
HB15-1303,2015,RS,2015-04-27,House Third Reading Passed - No Amendments,6
HB15-1303,2015,RS,2015-04-27,Introduced In Senate - Assigned to Judiciary,7
HB15-1303,2015,RS,2015-04-29,Senate Committee on Judiciary Refer Unamended - Consent Calendar to Senate Committee of the Whole,8
HB15-1303,2015,RS,2015-05-01,Senate Second Reading Special Order - Passed - No Amendments,9
HB15-1303,2015,RS,2015-05-04,Senate Third Reading Passed - No Amendments,10
HB15-1303,2015,RS,2015-05-14,Signed by the Speaker of the House,11
HB15-1303,2015,RS,2015-05-18,Signed by the President of the Senate,12
HB15-1303,2015,RS,2015-05-18,Sent to the Governor,13
HB15-1303,2015,RS,2015-05-20,Governor Signed,14
HB15-1303,2015,RS,2015-09-24,House Third Reading Laid Over Daily - No Amendments,15
HB15-1304,2015,RS,2015-03-23,"Introduced In House - Assigned to Agriculture, Livestock, & Natural Resources",1
HB15-1304,2015,RS,2015-04-01,"House Committee on Agriculture, Livestock, & Natural Resources Refer Unamended to House Committee of the Whole",2
HB15-1304,2015,RS,2015-04-06,House Second Reading Passed - No Amendments,3
HB15-1304,2015,RS,2015-04-07,House Third Reading Passed - No Amendments,4
HB15-1304,2015,RS,2015-04-09,Introduced In Senate - Assigned to Local Government,5
HB15-1304,2015,RS,2015-04-21,Senate Committee on Local Government Refer Unamended - Consent Calendar to Senate Committee of the Whole,6
HB15-1304,2015,RS,2015-04-23,Senate Second Reading Special Order - Passed - No Amendments,7
HB15-1304,2015,RS,2015-04-24,Senate Third Reading Passed - No Amendments,8
HB15-1304,2015,RS,2015-05-01,Signed by the Speaker of the House,9
HB15-1304,2015,RS,2015-05-01,Signed by the President of the Senate,10
HB15-1304,2015,RS,2015-05-01,Sent to the Governor,11
HB15-1304,2015,RS,2015-05-08,Governor Signed,12
HB15-1305,2015,RS,2015-03-23,Introduced In House - Assigned to Judiciary,1
HB15-1305,2015,RS,2015-04-09,House Committee on Judiciary Refer Amended to Appropriations,2
HB15-1305,2015,RS,2015-04-17,House Committee on Appropriations Refer Amended to House Committee of the Whole,3
HB15-1305,2015,RS,2015-04-20,"House Second Reading Passed with Amendments - Committee, Floor",4
HB15-1305,2015,RS,2015-04-21,House Third Reading Passed - No Amendments,5
HB15-1305,2015,RS,2015-04-21,Introduced In Senate - Assigned to Judiciary,6
HB15-1305,2015,RS,2015-04-29,Senate Committee on Judiciary Refer Unamended to Appropriations,7
HB15-1305,2015,RS,2015-05-01,Senate Committee on Appropriations Refer Unamended - Consent Calendar to Senate Committee of the Whole,8
HB15-1305,2015,RS,2015-05-01,Senate Second Reading Special Order - Passed - No Amendments,9
HB15-1305,2015,RS,2015-05-04,Senate Third Reading Passed - No Amendments,10
HB15-1305,2015,RS,2015-05-14,Signed by the Speaker of the House,11
HB15-1305,2015,RS,2015-05-18,Signed by the President of the Senate,12
HB15-1305,2015,RS,2015-05-18,Sent to the Governor,13
HB15-1305,2015,RS,2015-05-29,Governor Signed,14
HB15-1306,2015,RS,2015-03-23,Introduced In House - Assigned to Business Affairs and Labor,1
HB15-1306,2015,RS,2015-03-31,House Committee on Business Affairs and Labor Refer Amended to Appropriations,2
HB15-1306,2015,RS,2015-04-22,House Committee on Appropriations Refer Amended to House Committee of the Whole,3
HB15-1306,2015,RS,2015-04-23,House Second Reading Passed with Amendments - Committee,4
HB15-1306,2015,RS,2015-04-27,House Third Reading Passed - No Amendments,5
HB15-1306,2015,RS,2015-04-27,"Introduced In Senate - Assigned to State, Veterans, & Military Affairs",6
HB15-1306,2015,RS,2015-05-01,"Senate Committee on State, Veterans, & Military Affairs Postpone Indefinitely",7
HB15-1307,2015,RS,2015-03-24,Introduced In House - Assigned to Business Affairs and Labor,1
HB15-1307,2015,RS,2015-04-02,House Committee on Business Affairs and Labor Refer Amended to House Committee of the Whole,2
HB15-1307,2015,RS,2015-04-10,House Second Reading Passed with Amendments - Committee,3
HB15-1307,2015,RS,2015-04-13,House Third Reading Passed - No Amendments,4
HB15-1307,2015,RS,2015-04-14,"Introduced In Senate - Assigned to Business, Labor, & Technology",5
HB15-1307,2015,RS,2015-04-28,"Senate Committee on Business, Labor, & Technology Refer Unamended to Senate Committee of the Whole",6
HB15-1307,2015,RS,2015-04-30,Senate Second Reading Passed - No Amendments,7
HB15-1307,2015,RS,2015-05-01,Senate Third Reading Passed - No Amendments,8
HB15-1307,2015,RS,2015-05-12,Signed by the Speaker of the House,9
HB15-1307,2015,RS,2015-05-13,Signed by the President of the Senate,10
HB15-1307,2015,RS,2015-05-14,Sent to the Governor,11
HB15-1307,2015,RS,2015-05-22,Governor Signed,12
HB15-1308,2015,RS,2015-03-24,"Introduced In House - Assigned to State, Veterans, & Military Affairs",1
HB15-1308,2015,RS,2015-03-30,"House Committee on State, Veterans, & Military Affairs Refer Unamended to House Committee of the Whole",2
HB15-1308,2015,RS,2015-04-01,House Second Reading Passed - No Amendments,3
HB15-1308,2015,RS,2015-04-02,House Third Reading Passed - No Amendments,4
HB15-1308,2015,RS,2015-04-09,"Introduced In Senate - Assigned to State, Veterans, & Military Affairs",5
HB15-1308,2015,RS,2015-04-20,"Senate Committee on State, Veterans, & Military Affairs Refer Unamended - Consent Calendar to Senate Committee of the Whole",6
HB15-1308,2015,RS,2015-04-23,Senate Second Reading Special Order - Passed - No Amendments,7
HB15-1308,2015,RS,2015-04-24,Senate Third Reading Passed - No Amendments,8
HB15-1308,2015,RS,2015-05-01,Signed by the Speaker of the House,9
HB15-1308,2015,RS,2015-05-01,Signed by the President of the Senate,10
HB15-1308,2015,RS,2015-05-01,Sent to the Governor,11
HB15-1308,2015,RS,2015-05-11,Governor Signed,12
HB15-1309,2015,RS,2015-03-25,"Introduced In House - Assigned to Health, Insurance, & Environment",1
HB15-1309,2015,RS,2015-04-02,"House Committee on Health, Insurance, & Environment Refer Amended to Finance",2
HB15-1309,2015,RS,2015-04-23,House Committee on Finance Refer Amended to Appropriations,3
HB15-1309,2015,RS,2015-04-29,House Committee on Appropriations Refer Amended to House Committee of the Whole,4
HB15-1309,2015,RS,2015-04-29,"House Second Reading Special Order - Passed with Amendments - Committee, Floor",5
HB15-1309,2015,RS,2015-04-30,House Third Reading Passed - No Amendments,6
HB15-1309,2015,RS,2015-04-30,Introduced In Senate - Assigned to Health & Human Services,7
HB15-1309,2015,RS,2015-05-04,Senate Committee on Health & Human Services Refer Unamended to Finance,8
HB15-1309,2015,RS,2015-05-05,Senate Committee on Finance Refer Unamended to Appropriations,9
HB15-1309,2015,RS,2015-05-05,Senate Committee on Appropriations Refer Unamended to Senate Committee of the Whole,10
HB15-1309,2015,RS,2015-05-05,Senate Second Reading Special Order - Passed - No Amendments,11
HB15-1309,2015,RS,2015-05-06,Senate Third Reading Passed - No Amendments,12
HB15-1309,2015,RS,2015-05-14,Signed by the Speaker of the House,13
HB15-1309,2015,RS,2015-05-18,Signed by the President of the Senate,14
HB15-1309,2015,RS,2015-05-18,Sent to the Governor,15
HB15-1309,2015,RS,2015-06-05,Governor Signed,16
HB15-1310,2015,RS,2015-03-25,"Introduced In House - Assigned to Agriculture, Livestock, & Natural Resources + Appropriations",1
HB15-1310,2015,RS,2015-03-30,"House Committee on Agriculture, Livestock, & Natural Resources Refer Amended to Appropriations",2
HB15-1310,2015,RS,2015-04-10,House Committee on Appropriations Refer Unamended to House Committee of the Whole,3
HB15-1310,2015,RS,2015-04-13,House Second Reading Laid Over Daily - No Amendments,4
HB15-1310,2015,RS,2015-04-15,House Second Reading Passed with Amendments - Committee,5
HB15-1310,2015,RS,2015-04-17,House Third Reading Passed - No Amendments,6
HB15-1310,2015,RS,2015-04-17,"Introduced In Senate - Assigned to Agriculture, Natural Resources, & Energy + Appropriations",7
HB15-1310,2015,RS,2015-04-22,"Senate Committee on Agriculture, Natural Resources, & Energy Refer Unamended to Appropriations",8
HB15-1310,2015,RS,2015-04-24,Senate Committee on Appropriations Refer Amended - Consent Calendar to Senate Committee of the Whole,9
HB15-1310,2015,RS,2015-04-24,Senate Second Reading Special Order - Passed with Amendments - Committee,10
HB15-1310,2015,RS,2015-04-27,Senate Third Reading Passed - No Amendments,11
HB15-1310,2015,RS,2015-04-30,House Considered Senate Amendments - Result was to Concur - Repass,12
HB15-1310,2015,RS,2015-04-30,House Considered Senate Amendments - Result was to Laid Over Daily,13
HB15-1310,2015,RS,2015-05-11,Signed by the Speaker of the House,14
HB15-1310,2015,RS,2015-05-13,Signed by the President of the Senate,15
HB15-1310,2015,RS,2015-05-14,Sent to the Governor,16
HB15-1310,2015,RS,2015-06-05,Governor Signed,17
HB15-1311,2015,RS,2015-03-25,Introduced In House - Assigned to Local Government,1
HB15-1311,2015,RS,2015-04-02,House Committee on Local Government Postpone Indefinitely,2
HB15-1312,2015,RS,2015-03-25,Introduced In House - Assigned to Judiciary,1
HB15-1312,2015,RS,2015-04-14,House Committee on Judiciary Postpone Indefinitely,2
HB15-1313,2015,RS,2015-03-25,Introduced In House - Assigned to Transportation & Energy,1
HB15-1313,2015,RS,2015-04-02,House Committee on Transportation & Energy Refer Unamended to Finance,2
HB15-1313,2015,RS,2015-04-16,House Committee on Finance Refer Amended to Appropriations,3
HB15-1313,2015,RS,2015-04-22,House Committee on Appropriations Refer Amended to House Committee of the Whole,4
HB15-1313,2015,RS,2015-04-23,House Second Reading Passed with Amendments - Committee,5
HB15-1313,2015,RS,2015-04-27,House Third Reading Passed - No Amendments,6
HB15-1313,2015,RS,2015-04-27,Introduced In Senate - Assigned to Finance,7
HB15-1313,2015,RS,2015-04-30,Senate Committee on Finance Refer Unamended to Appropriations,8
HB15-1313,2015,RS,2015-05-04,Senate Committee on Appropriations Refer Unamended to Senate Committee of the Whole,9
HB15-1313,2015,RS,2015-05-05,Senate Second Reading Special Order - Passed - No Amendments,10
HB15-1313,2015,RS,2015-05-06,Senate Third Reading Passed - No Amendments,11
HB15-1313,2015,RS,2015-05-08,Signed by the Speaker of the House,12
HB15-1313,2015,RS,2015-05-08,Signed by the President of the Senate,13
HB15-1313,2015,RS,2015-05-11,Sent to the Governor,14
HB15-1313,2015,RS,2015-05-29,Governor Signed,15
HB15-1314,2015,RS,2015-03-25,Introduced In House - Assigned to Finance,1
HB15-1314,2015,RS,2015-04-01,House Committee on Finance Refer Amended to Appropriations,2
HB15-1314,2015,RS,2015-04-17,House Committee on Appropriations Postpone Indefinitely,3
HB15-1315,2015,RS,2015-03-25,"Introduced In House - Assigned to State, Veterans, & Military Affairs",1
HB15-1315,2015,RS,2015-04-01,"House Committee on State, Veterans, & Military Affairs Refer Unamended to House Committee of the Whole",2
HB15-1315,2015,RS,2015-04-06,House Second Reading Passed - No Amendments,3
HB15-1315,2015,RS,2015-04-07,House Third Reading Passed - No Amendments,4
HB15-1315,2015,RS,2015-04-09,"Introduced In Senate - Assigned to State, Veterans, & Military Affairs",5
HB15-1315,2015,RS,2015-04-14,"Senate Committee on State, Veterans, & Military Affairs Refer Unamended - Consent Calendar to Senate Committee of the Whole",6
HB15-1315,2015,RS,2015-04-17,Senate Second Reading Passed - No Amendments,7
HB15-1315,2015,RS,2015-04-20,Senate Third Reading Passed - No Amendments,8
HB15-1315,2015,RS,2015-05-01,Signed by the Speaker of the House,9
HB15-1315,2015,RS,2015-05-01,Signed by the President of the Senate,10
HB15-1315,2015,RS,2015-05-01,Sent to the Governor,11
HB15-1315,2015,RS,2015-05-22,Governor Signed,12
HB15-1316,2015,RS,2015-03-27,"Introduced In House - Assigned to State, Veterans, & Military Affairs",1
HB15-1316,2015,RS,2015-04-15,"House Committee on State, Veterans, & Military Affairs Refer Unamended to House Committee of the Whole",2
HB15-1316,2015,RS,2015-04-17,House Second Reading Passed with Amendments - Floor,3
HB15-1316,2015,RS,2015-04-20,House Third Reading Passed - No Amendments,4
HB15-1316,2015,RS,2015-04-24,"Introduced In Senate - Assigned to Business, Labor, & Technology",5
HB15-1316,2015,RS,2015-04-29,"Senate Committee on Business, Labor, & Technology Refer Amended to Senate Committee of the Whole",6
HB15-1316,2015,RS,2015-05-04,Senate Second Reading Laid Over Daily - No Amendments,7
HB15-1316,2015,RS,2015-05-05,"Senate Second Reading Special Order - Passed with Amendments - Committee, Floor",8
HB15-1316,2015,RS,2015-05-06,Senate Third Reading Passed - No Amendments,9
HB15-1316,2015,RS,2015-05-06,House Considered Senate Amendments - Result was to Concur - Repass,10
HB15-1316,2015,RS,2015-05-14,Signed by the Speaker of the House,11
HB15-1316,2015,RS,2015-05-18,Signed by the President of the Senate,12
HB15-1316,2015,RS,2015-05-18,Sent to the Governor,13
HB15-1316,2015,RS,2015-06-05,Governor Became Law,14
HB15-1317,2015,RS,2015-03-27,Introduced In House - Assigned to Business Affairs and Labor,1
HB15-1317,2015,RS,2015-04-14,House Committee on Business Affairs and Labor Refer Amended to Appropriations,2
HB15-1317,2015,RS,2015-04-17,House Committee on Appropriations Refer Unamended to House Committee of the Whole,3
HB15-1317,2015,RS,2015-04-17,House Second Reading Passed with Amendments - Floor,4
HB15-1317,2015,RS,2015-04-20,House Third Reading Passed - No Amendments,5
HB15-1317,2015,RS,2015-04-20,"Introduced In Senate - Assigned to State, Veterans, & Military Affairs",6
HB15-1317,2015,RS,2015-04-29,"Senate Committee on State, Veterans, & Military Affairs Refer Unamended to Senate Committee of the Whole",7
HB15-1317,2015,RS,2015-05-01,Senate Second Reading Passed - No Amendments,8
HB15-1317,2015,RS,2015-05-04,Senate Third Reading Passed - No Amendments,9
HB15-1317,2015,RS,2015-05-12,Signed by the Speaker of the House,10
HB15-1317,2015,RS,2015-05-13,Signed by the President of the Senate,11
HB15-1317,2015,RS,2015-05-13,Sent to the Governor,12
HB15-1317,2015,RS,2015-05-20,Governor Signed,13
HB15-1318,2015,RS,2015-03-30,"Introduced In House - Assigned to Health, Insurance, & Environment",1
HB15-1318,2015,RS,2015-04-16,"House Committee on Health, Insurance, & Environment Refer Amended to Appropriations",2
HB15-1318,2015,RS,2015-04-22,House Committee on Appropriations Refer Amended to House Committee of the Whole,3
HB15-1318,2015,RS,2015-04-23,"House Second Reading Passed with Amendments - Committee, Floor",4
HB15-1318,2015,RS,2015-04-27,House Third Reading Passed - No Amendments,5
HB15-1318,2015,RS,2015-04-27,Introduced In Senate - Assigned to Appropriations,6
HB15-1318,2015,RS,2015-05-01,Senate Committee on Appropriations Refer Unamended to Senate Committee of the Whole,7
HB15-1318,2015,RS,2015-05-05,Senate Second Reading Special Order - Passed - No Amendments,8
HB15-1318,2015,RS,2015-05-06,Senate Third Reading Passed - No Amendments,9
HB15-1318,2015,RS,2015-05-13,Signed by the Speaker of the House,10
HB15-1318,2015,RS,2015-05-13,Signed by the President of the Senate,11
HB15-1318,2015,RS,2015-05-14,Sent to the Governor,12
HB15-1318,2015,RS,2015-06-05,Governor Signed,13
HB15-1319,2015,RS,2015-03-30,Introduced In House - Assigned to Transportation & Energy,1
HB15-1319,2015,RS,2015-04-15,House Committee on Transportation & Energy Refer Amended to Finance,2
HB15-1319,2015,RS,2015-04-29,House Committee on Finance Refer Unamended to Appropriations,3
HB15-1319,2015,RS,2015-04-30,House Committee on Appropriations Refer Amended to House Committee of the Whole,4
HB15-1319,2015,RS,2015-04-30,House Second Reading Special Order - Passed with Amendments - Committee,5
HB15-1319,2015,RS,2015-04-30,House Third Reading Laid Over Daily - No Amendments,6
HB15-1319,2015,RS,2015-05-01,House Third Reading Passed - No Amendments,7
HB15-1319,2015,RS,2015-05-01,"Introduced In Senate - Assigned to State, Veterans, & Military Affairs + Finance + Appropriations",8
HB15-1319,2015,RS,2015-05-04,"Senate Committee on State, Veterans, & Military Affairs Postpone Indefinitely",9
HB15-1320,2015,RS,2015-03-30,"Introduced In House - Assigned to Agriculture, Livestock, & Natural Resources",1
HB15-1320,2015,RS,2015-04-06,"House Committee on Agriculture, Livestock, & Natural Resources Witness Testimony and/or Committee Discussion Only",2
HB15-1320,2015,RS,2015-04-13,"House Committee on Agriculture, Livestock, & Natural Resources Refer Amended to Appropriations",3
HB15-1320,2015,RS,2015-04-30,House Committee on Appropriations Refer Amended to House Committee of the Whole,4
HB15-1320,2015,RS,2015-04-30,House Second Reading Special Order - Passed with Amendments - Committee,5
HB15-1320,2015,RS,2015-05-01,House Third Reading Passed - No Amendments,6
HB15-1320,2015,RS,2015-05-01,"Introduced In Senate - Assigned to Agriculture, Natural Resources, & Energy + Appropriations",7
HB15-1320,2015,RS,2015-05-04,"Senate Committee on Agriculture, Natural Resources, & Energy Postpone Indefinitely",8
HB15-1321,2015,RS,2015-03-30,Introduced In House - Assigned to Education,1
HB15-1321,2015,RS,2015-04-01,House Committee on Education Refer Unamended to Appropriations,2
HB15-1321,2015,RS,2015-04-22,House Committee on Appropriations Refer Amended to House Committee of the Whole,3
HB15-1321,2015,RS,2015-04-23,"House Second Reading Passed with Amendments - Committee, Floor",4
HB15-1321,2015,RS,2015-04-27,House Third Reading Passed with Amendments - Floor,5
HB15-1321,2015,RS,2015-04-27,Introduced In Senate - Assigned to Education,6
HB15-1321,2015,RS,2015-04-29,Senate Committee on Education Refer Unamended to Appropriations,7
HB15-1321,2015,RS,2015-05-01,Senate Committee on Appropriations Refer Unamended to Senate Committee of the Whole,8
HB15-1321,2015,RS,2015-05-05,Senate Second Reading Special Order - Passed - No Amendments,9
HB15-1321,2015,RS,2015-05-06,Senate Third Reading Passed - No Amendments,10
HB15-1321,2015,RS,2015-05-13,Signed by the President of the Senate,11
HB15-1321,2015,RS,2015-05-13,Signed by the Speaker of the House,12
HB15-1321,2015,RS,2015-05-14,Sent to the Governor,13
HB15-1321,2015,RS,2015-05-22,Governor Signed,14
HB15-1322,2015,RS,2015-03-30,Introduced In House - Assigned to Education,1
HB15-1322,2015,RS,2015-04-13,House Committee on Education Refer Amended to Appropriations,2
HB15-1322,2015,RS,2015-04-24,House Committee on Appropriations Postpone Indefinitely,3
HB15-1323,2015,RS,2015-03-30,Introduced In House - Assigned to Education,1
HB15-1323,2015,RS,2015-04-13,House Committee on Education Refer Amended to Appropriations,2
HB15-1323,2015,RS,2015-04-17,House Committee on Appropriations Refer Amended to House Committee of the Whole,3
HB15-1323,2015,RS,2015-04-20,House Second Reading Laid Over Daily - No Amendments,4
HB15-1323,2015,RS,2015-04-24,"House Second Reading Passed with Amendments - Committee, Floor",5
HB15-1323,2015,RS,2015-04-27,House Third Reading Laid Over Daily - No Amendments,6
HB15-1323,2015,RS,2015-05-01,House Third Reading Passed - No Amendments,7
HB15-1323,2015,RS,2015-05-04,Introduced In Senate - Assigned to Education,8
HB15-1323,2015,RS,2015-05-04,Senate Committee on Education Refer Amended to Appropriations,9
HB15-1323,2015,RS,2015-05-05,Senate Committee on Appropriations Refer Amended to Senate Committee of the Whole,10
HB15-1323,2015,RS,2015-05-05,"Senate Second Reading Special Order - Passed with Amendments - Committee, Floor",11
HB15-1323,2015,RS,2015-05-06,Senate Third Reading Passed with Amendments - Floor,12
HB15-1323,2015,RS,2015-05-06,House Considered Senate Amendments - Result was to Concur - Repass,13
HB15-1323,2015,RS,2015-05-14,Signed by the Speaker of the House,14
HB15-1323,2015,RS,2015-05-18,Signed by the President of the Senate,15
HB15-1323,2015,RS,2015-05-18,Sent to the Governor,16
HB15-1323,2015,RS,2015-05-20,Governor Signed,17
HB15-1324,2015,RS,2015-03-31,Introduced In House - Assigned to Education,1
HB15-1324,2015,RS,2015-04-06,House Committee on Education Refer Amended to Appropriations,2
HB15-1324,2015,RS,2015-04-22,House Committee on Appropriations Refer Amended to House Committee of the Whole,3
HB15-1324,2015,RS,2015-04-23,House Second Reading Passed with Amendments - Committee,4
HB15-1324,2015,RS,2015-04-27,House Third Reading Passed with Amendments - Floor,5
HB15-1324,2015,RS,2015-04-27,"Introduced In Senate - Assigned to State, Veterans, & Military Affairs",6
HB15-1324,2015,RS,2015-05-01,"Senate Committee on State, Veterans, & Military Affairs Refer Unamended to Appropriations",7
HB15-1324,2015,RS,2015-05-04,Senate Committee on Appropriations Postpone Indefinitely,8
HB15-1325,2015,RS,2015-03-31,"Introduced In House - Assigned to Agriculture, Livestock, & Natural Resources",1
HB15-1325,2015,RS,2015-04-13,"House Committee on Agriculture, Livestock, & Natural Resources Refer Amended to House Committee of the Whole",2
HB15-1325,2015,RS,2015-04-20,"House Second Reading Passed with Amendments - Committee, Floor",3
HB15-1325,2015,RS,2015-04-21,House Third Reading Laid Over Daily - No Amendments,4
HB15-1325,2015,RS,2015-04-23,House Third Reading Passed - No Amendments,5
HB15-1325,2015,RS,2015-04-24,"Introduced In Senate - Assigned to Agriculture, Natural Resources, & Energy",6
HB15-1325,2015,RS,2015-05-04,"Senate Committee on Agriculture, Natural Resources, & Energy Postpone Indefinitely",7
HB15-1326,2015,RS,2015-04-01,Introduced In House - Assigned to Education,1
HB15-1326,2015,RS,2015-04-15,House Committee on Education Refer Amended to House Committee of the Whole,2
HB15-1326,2015,RS,2015-04-17,House Second Reading Passed with Amendments - Committee,3
HB15-1326,2015,RS,2015-04-20,House Third Reading Passed - No Amendments,4
HB15-1326,2015,RS,2015-04-20,"Introduced In Senate - Assigned to State, Veterans, & Military Affairs",5
HB15-1326,2015,RS,2015-04-29,"Senate Committee on State, Veterans, & Military Affairs Postpone Indefinitely",6
HB15-1327,2015,RS,2015-04-01,Introduced In House - Assigned to Judiciary,1
HB15-1327,2015,RS,2015-04-16,House Committee on Judiciary Refer Unamended to House Committee of the Whole,2
HB15-1327,2015,RS,2015-04-20,House Second Reading Passed - No Amendments,3
HB15-1327,2015,RS,2015-04-21,House Third Reading Passed - No Amendments,4
HB15-1327,2015,RS,2015-04-21,Introduced In Senate - Assigned to Judiciary,5
HB15-1327,2015,RS,2015-04-29,Senate Committee on Judiciary Refer Unamended - Consent Calendar to Senate Committee of the Whole,6
HB15-1327,2015,RS,2015-05-01,Senate Second Reading Special Order - Passed - No Amendments,7
HB15-1327,2015,RS,2015-05-04,Senate Third Reading Passed - No Amendments,8
HB15-1327,2015,RS,2015-05-14,Signed by the Speaker of the House,9
HB15-1327,2015,RS,2015-05-18,Signed by the President of the Senate,10
HB15-1327,2015,RS,2015-05-18,Sent to the Governor,11
HB15-1327,2015,RS,2015-05-27,Governor Signed,12
HB15-1328,2015,RS,2015-04-01,Introduced In House - Assigned to Judiciary,1
HB15-1328,2015,RS,2015-04-16,House Committee on Judiciary Refer Amended to House Committee of the Whole,2
HB15-1328,2015,RS,2015-04-20,House Second Reading Laid Over Daily - No Amendments,3
HB15-1328,2015,RS,2015-04-23,"House Second Reading Passed with Amendments - Committee, Floor",4
HB15-1328,2015,RS,2015-04-27,House Third Reading Passed - No Amendments,5
HB15-1328,2015,RS,2015-04-27,"Introduced In Senate - Assigned to State, Veterans, & Military Affairs",6
HB15-1328,2015,RS,2015-05-01,"Senate Committee on State, Veterans, & Military Affairs Witness Testimony and/or Committee Discussion Only",7
HB15-1328,2015,RS,2015-05-04,"Senate Committee on State, Veterans, & Military Affairs Postpone Indefinitely",8
HB15-1329,2015,RS,2015-04-01,Introduced In House - Assigned to Local Government,1
HB15-1329,2015,RS,2015-04-16,House Committee on Local Government Refer Unamended to Legislative Council,2
HB15-1329,2015,RS,2015-04-24,House Committee on Legislative Council Postpone Indefinitely,3
HB15-1330,2015,RS,2015-04-01,"Introduced In House - Assigned to State, Veterans, & Military Affairs + Appropriations",1
HB15-1330,2015,RS,2015-04-20,"House Committee on State, Veterans, & Military Affairs Refer Unamended to Legislative Council",2
HB15-1330,2015,RS,2015-04-24,House Committee on Legislative Council Postpone Indefinitely,3
HB15-1331,2015,RS,2015-04-01,"Introduced In House - Assigned to State, Veterans, & Military Affairs",1
HB15-1331,2015,RS,2015-04-20,"House Committee on State, Veterans, & Military Affairs Refer Amended to House Committee of the Whole",2
HB15-1331,2015,RS,2015-04-23,House Second Reading Laid Over to 04/27/2015 - No Amendments,3
HB15-1331,2015,RS,2015-04-27,House Second Reading Laid Over to 06/01/2015 - No Amendments,4
HB15-1332,2015,RS,2015-04-01,Introduced In House - Assigned to Transportation & Energy + Finance,1
HB15-1332,2015,RS,2015-04-16,House Committee on Transportation & Energy Refer Amended to Finance,2
HB15-1332,2015,RS,2015-04-22,House Committee on Finance Refer Amended to Appropriations,3
HB15-1332,2015,RS,2015-04-30,House Committee on Appropriations Refer Unamended to House Committee of the Whole,4
HB15-1332,2015,RS,2015-04-30,House Second Reading Special Order - Passed with Amendments - Committee,5
HB15-1332,2015,RS,2015-05-01,House Third Reading Passed - No Amendments,6
HB15-1332,2015,RS,2015-05-01,Introduced In Senate - Assigned to Finance + Appropriations,7
HB15-1332,2015,RS,2015-05-05,Senate Committee on Finance Refer Unamended to Appropriations,8
HB15-1332,2015,RS,2015-05-05,Senate Committee on Appropriations Postpone Indefinitely,9
HB15-1333,2015,RS,2015-04-01,Introduced In House - Assigned to Finance,1
HB15-1333,2015,RS,2015-04-23,House Committee on Finance Refer Amended to Appropriations,2
HB15-1333,2015,RS,2015-04-24,House Committee on Appropriations Refer Unamended to House Committee of the Whole,3
HB15-1333,2015,RS,2015-04-27,House Second Reading Passed with Amendments - Committee,4
HB15-1333,2015,RS,2015-04-28,House Third Reading Passed - No Amendments,5
HB15-1333,2015,RS,2015-04-28,Introduced In Senate - Assigned to Finance,6
HB15-1333,2015,RS,2015-04-30,Senate Committee on Finance Refer Unamended to Appropriations,7
HB15-1333,2015,RS,2015-05-01,Senate Committee on Appropriations Refer Unamended - Consent Calendar to Senate Committee of the Whole,8
HB15-1333,2015,RS,2015-05-01,Senate Second Reading Special Order - Passed - No Amendments,9
HB15-1333,2015,RS,2015-05-04,Senate Third Reading Passed - No Amendments,10
HB15-1333,2015,RS,2015-05-12,Signed by the Speaker of the House,11
HB15-1333,2015,RS,2015-05-13,Signed by the President of the Senate,12
HB15-1333,2015,RS,2015-05-13,Sent to the Governor,13
HB15-1333,2015,RS,2015-06-05,Governor Signed,14
HB15-1334,2015,RS,2015-04-01,Introduced In House - Assigned to Education,1
HB15-1334,2015,RS,2015-04-06,House Committee on Education Refer Amended to Appropriations,2
HB15-1334,2015,RS,2015-04-17,House Committee on Appropriations Refer Amended to House Committee of the Whole,3
HB15-1334,2015,RS,2015-04-20,"House Second Reading Passed with Amendments - Committee, Floor",4
HB15-1334,2015,RS,2015-04-21,House Third Reading Passed - No Amendments,5
HB15-1334,2015,RS,2015-04-21,Introduced In Senate - Assigned to Legislative Council,6
HB15-1334,2015,RS,2015-04-24,Senate Committee on Legislative Council Refer Unamended to Appropriations,7
HB15-1334,2015,RS,2015-04-28,Senate Committee on Appropriations Postpone Indefinitely,8
HB15-1335,2015,RS,2015-04-02,Introduced In House - Assigned to Finance,1
HB15-1335,2015,RS,2015-04-29,House Committee on Finance Refer Amended to House Committee of the Whole,2
HB15-1335,2015,RS,2015-04-30,House Second Reading Special Order - Passed with Amendments - Committee,3
HB15-1335,2015,RS,2015-05-01,House Third Reading Passed - No Amendments,4
HB15-1335,2015,RS,2015-05-01,Introduced In Senate - Assigned to Finance,5
HB15-1335,2015,RS,2015-05-01,Senate Committee on Finance Refer Unamended - Consent Calendar to Senate Committee of the Whole,6
HB15-1335,2015,RS,2015-05-05,Senate Second Reading Special Order - Passed - No Amendments,7
HB15-1335,2015,RS,2015-05-06,Senate Third Reading Passed - No Amendments,8
HB15-1335,2015,RS,2015-05-14,Signed by the Speaker of the House,9
HB15-1335,2015,RS,2015-05-18,Signed by the President of the Senate,10
HB15-1335,2015,RS,2015-05-18,Sent to the Governor,11
HB15-1335,2015,RS,2015-06-04,Governor Signed,12
HB15-1336,2015,RS,2015-04-02,Introduced In House - Assigned to Business Affairs and Labor,1
HB15-1336,2015,RS,2015-04-14,House Committee on Business Affairs and Labor Refer Amended to Appropriations,2
HB15-1336,2015,RS,2015-04-29,House Committee on Appropriations Refer Amended to House Committee of the Whole,3
HB15-1336,2015,RS,2015-04-29,House Second Reading Special Order - Passed with Amendments - Committee,4
HB15-1336,2015,RS,2015-04-30,House Third Reading Passed - No Amendments,5
HB15-1336,2015,RS,2015-04-30,"Introduced In Senate - Assigned to State, Veterans, & Military Affairs + Appropriations",6
HB15-1336,2015,RS,2015-05-04,"Senate Committee on State, Veterans, & Military Affairs Refer Unamended to Appropriations",7
HB15-1336,2015,RS,2015-05-05,Senate Committee on Appropriations Postpone Indefinitely,8
HB15-1337,2015,RS,2015-04-07,Introduced In House - Assigned to Public Health Care & Human Services,1
HB15-1337,2015,RS,2015-04-14,House Committee on Public Health Care & Human Services Refer Unamended to House Committee of the Whole,2
HB15-1337,2015,RS,2015-04-17,House Second Reading Passed - No Amendments,3
HB15-1337,2015,RS,2015-04-20,House Third Reading Passed - No Amendments,4
HB15-1337,2015,RS,2015-04-20,Introduced In Senate - Assigned to Health & Human Services,5
HB15-1337,2015,RS,2015-04-23,Senate Committee on Health & Human Services Refer Unamended to Senate Committee of the Whole,6
HB15-1337,2015,RS,2015-04-24,Senate Second Reading Special Order - Passed - No Amendments,7
HB15-1337,2015,RS,2015-04-27,Senate Third Reading Passed - No Amendments,8
HB15-1337,2015,RS,2015-05-01,Signed by the Speaker of the House,9
HB15-1337,2015,RS,2015-05-01,Signed by the President of the Senate,10
HB15-1337,2015,RS,2015-05-01,Sent to the Governor,11
HB15-1337,2015,RS,2015-06-05,Governor Signed,12
HB15-1338,2015,RS,2015-04-07,Introduced In House - Assigned to Public Health Care & Human Services,1
HB15-1338,2015,RS,2015-04-14,House Committee on Public Health Care & Human Services Postpone Indefinitely,2
HB15-1339,2015,RS,2015-04-07,Introduced In House - Assigned to Education,1
HB15-1339,2015,RS,2015-04-17,House Committee on Education Refer Unamended to Appropriations,2
HB15-1339,2015,RS,2015-04-24,House Committee on Appropriations Refer Unamended to House Committee of the Whole,3
HB15-1339,2015,RS,2015-04-24,House Second Reading Special Order - Passed - No Amendments,4
HB15-1339,2015,RS,2015-04-27,House Third Reading Passed - No Amendments,5
HB15-1339,2015,RS,2015-04-29,Introduced In Senate - Assigned to Education,6
HB15-1339,2015,RS,2015-05-04,Senate Committee on Education Refer Amended to Appropriations,7
HB15-1339,2015,RS,2015-05-05,Senate Committee on Appropriations Postpone Indefinitely,8
HB15-1340,2015,RS,2015-04-07,Introduced In House - Assigned to Finance,1
HB15-1340,2015,RS,2015-04-23,House Committee on Finance Refer Unamended to House Committee of the Whole,2
HB15-1340,2015,RS,2015-04-23,House Second Reading Special Order - Passed - No Amendments,3
HB15-1340,2015,RS,2015-04-27,House Third Reading Passed - No Amendments,4
HB15-1340,2015,RS,2015-04-27,Introduced In Senate - Assigned to Finance,5
HB15-1340,2015,RS,2015-04-30,Senate Committee on Finance Refer Unamended to Senate Committee of the Whole,6
HB15-1340,2015,RS,2015-05-04,Senate Second Reading Laid Over Daily - No Amendments,7
HB15-1340,2015,RS,2015-05-05,Senate Second Reading Special Order - Passed - No Amendments,8
HB15-1340,2015,RS,2015-05-06,Senate Third Reading Passed - No Amendments,9
HB15-1340,2015,RS,2015-05-14,Signed by the Speaker of the House,10
HB15-1340,2015,RS,2015-05-18,Signed by the President of the Senate,11
HB15-1340,2015,RS,2015-05-18,Sent to the Governor,12
HB15-1340,2015,RS,2015-06-05,Governor Signed,13
HB15-1341,2015,RS,2015-04-07,Introduced In House - Assigned to Judiciary,1
HB15-1341,2015,RS,2015-04-16,House Committee on Judiciary Refer Amended to Appropriations,2
HB15-1341,2015,RS,2015-04-22,House Committee on Appropriations Refer Amended to House Committee of the Whole,3
HB15-1341,2015,RS,2015-04-23,House Second Reading Passed with Amendments - Committee,4
HB15-1341,2015,RS,2015-04-27,House Third Reading Passed - No Amendments,5
HB15-1341,2015,RS,2015-04-27,Introduced In Senate - Assigned to Judiciary + Appropriations,6
HB15-1341,2015,RS,2015-04-29,Senate Committee on Judiciary Refer Unamended to Appropriations,7
HB15-1341,2015,RS,2015-05-01,Senate Committee on Appropriations Refer Unamended - Consent Calendar to Senate Committee of the Whole,8
HB15-1341,2015,RS,2015-05-01,Senate Second Reading Special Order - Passed - No Amendments,9
HB15-1341,2015,RS,2015-05-04,Senate Third Reading Passed - No Amendments,10
HB15-1341,2015,RS,2015-05-14,Signed by the Speaker of the House,11
HB15-1341,2015,RS,2015-05-18,Signed by the President of the Senate,12
HB15-1341,2015,RS,2015-05-18,Sent to the Governor,13
HB15-1341,2015,RS,2015-06-04,Governor Signed,14
HB15-1342,2015,RS,2015-04-07,Introduced In House - Assigned to Judiciary,1
HB15-1342,2015,RS,2015-04-16,House Committee on Judiciary Refer Amended to House Committee of the Whole,2
HB15-1342,2015,RS,2015-04-20,House Second Reading Laid Over Daily - No Amendments,3
HB15-1342,2015,RS,2015-04-23,House Second Reading Laid Over to 05/11/2015 - No Amendments,4
HB15-1343,2015,RS,2015-04-08,Introduced In House - Assigned to Business Affairs and Labor,1
HB15-1343,2015,RS,2015-04-16,House Committee on Business Affairs and Labor Refer Unamended to Appropriations,2
HB15-1343,2015,RS,2015-04-22,House Committee on Appropriations Refer Amended to House Committee of the Whole,3
HB15-1343,2015,RS,2015-04-23,House Second Reading Passed with Amendments - Committee,4
HB15-1343,2015,RS,2015-04-24,House Third Reading Laid Over to 04/27/2015 - No Amendments,5
HB15-1343,2015,RS,2015-04-27,"Introduced In Senate - Assigned to Business, Labor, & Technology",6
HB15-1343,2015,RS,2015-04-27,House Third Reading Passed - No Amendments,7
HB15-1343,2015,RS,2015-04-30,"Senate Committee on Business, Labor, & Technology Refer Amended to Appropriations",8
HB15-1343,2015,RS,2015-05-01,Senate Committee on Appropriations Refer Unamended - Consent Calendar to Senate Committee of the Whole,9
HB15-1343,2015,RS,2015-05-01,Senate Second Reading Special Order - Passed with Amendments - Committee,10
HB15-1343,2015,RS,2015-05-04,Senate Third Reading Passed - No Amendments,11
HB15-1343,2015,RS,2015-05-05,House Considered Senate Amendments - Result was to Concur - Repass,12
HB15-1343,2015,RS,2015-05-05,House Considered Senate Amendments - Result was to Laid Over Daily,13
HB15-1343,2015,RS,2015-05-14,Signed by the Speaker of the House,14
HB15-1343,2015,RS,2015-05-18,Signed by the President of the Senate,15
HB15-1343,2015,RS,2015-05-18,Sent to the Governor,16
HB15-1343,2015,RS,2015-05-20,Governor Signed,17
HB15-1344,2015,RS,2015-04-08,"Introduced In House - Assigned to Agriculture, Livestock, & Natural Resources",1
HB15-1344,2015,RS,2015-04-15,"House Committee on Agriculture, Livestock, & Natural Resources Refer Amended to House Committee of the Whole",2
HB15-1344,2015,RS,2015-04-16,House Second Reading Passed with Amendments - Committee,3
HB15-1344,2015,RS,2015-04-17,House Third Reading Passed with Amendments - Floor,4
HB15-1344,2015,RS,2015-04-17,"Introduced In Senate - Assigned to Agriculture, Natural Resources, & Energy",5
HB15-1344,2015,RS,2015-04-22,"Senate Committee on Agriculture, Natural Resources, & Energy Refer Unamended to Appropriations",6
HB15-1344,2015,RS,2015-04-24,Senate Committee on Appropriations Refer Unamended to Senate Committee of the Whole,7
HB15-1344,2015,RS,2015-04-28,Senate Second Reading Passed with Amendments - Floor,8
HB15-1344,2015,RS,2015-04-29,Senate Third Reading Passed - No Amendments,9
HB15-1344,2015,RS,2015-04-30,House Considered Senate Amendments - Result was to Concur - Repass,10
HB15-1344,2015,RS,2015-05-11,Signed by the Speaker of the House,11
HB15-1344,2015,RS,2015-05-13,Signed by the President of the Senate,12
HB15-1344,2015,RS,2015-05-14,Sent to the Governor,13
HB15-1344,2015,RS,2015-05-20,Governor Signed,14
HB15-1345,2015,RS,2015-04-09,Introduced In House - Assigned to Transportation & Energy,1
HB15-1345,2015,RS,2015-04-22,House Committee on Transportation & Energy Refer Unamended to House Committee of the Whole,2
HB15-1345,2015,RS,2015-04-23,House Second Reading Special Order - Passed - No Amendments,3
HB15-1345,2015,RS,2015-04-24,House Third Reading Laid Over to 04/27/2015 - No Amendments,4
HB15-1345,2015,RS,2015-04-27,House Third Reading Passed - No Amendments,5
HB15-1345,2015,RS,2015-04-27,Introduced In Senate - Assigned to Transportation,6
HB15-1345,2015,RS,2015-04-30,Senate Committee on Transportation Refer Unamended - Consent Calendar to Senate Committee of the Whole,7
HB15-1345,2015,RS,2015-05-01,Senate Second Reading Special Order - Passed - No Amendments,8
HB15-1345,2015,RS,2015-05-04,Senate Third Reading Passed - No Amendments,9
HB15-1345,2015,RS,2015-05-14,Signed by the Speaker of the House,10
HB15-1345,2015,RS,2015-05-18,Signed by the President of the Senate,11
HB15-1345,2015,RS,2015-05-18,Sent to the Governor,12
HB15-1345,2015,RS,2015-06-05,Governor Signed,13
HB15-1346,2015,RS,2015-04-09,Introduced In House - Assigned to Finance,1
HB15-1346,2015,RS,2015-04-22,House Committee on Finance Refer Amended to Appropriations,2
HB15-1346,2015,RS,2015-04-24,House Committee on Appropriations Refer Unamended to House Committee of the Whole,3
HB15-1346,2015,RS,2015-04-27,House Second Reading Passed with Amendments - Committee,4
HB15-1346,2015,RS,2015-04-28,House Third Reading Passed - No Amendments,5
HB15-1346,2015,RS,2015-04-28,"Introduced In Senate - Assigned to State, Veterans, & Military Affairs",6
HB15-1346,2015,RS,2015-05-01,"Senate Committee on State, Veterans, & Military Affairs Postpone Indefinitely",7
HB15-1347,2015,RS,2015-04-09,Introduced In House - Assigned to Education,1
HB15-1347,2015,RS,2015-04-22,House Committee on Education Refer Amended to Finance,2
HB15-1347,2015,RS,2015-04-29,House Committee on Finance Refer Unamended to Appropriations,3
HB15-1347,2015,RS,2015-05-01,House Committee on Appropriations Refer Unamended to House Committee of the Whole,4
HB15-1347,2015,RS,2015-05-01,House Second Reading Special Order - Passed with Amendments - Committee,5
HB15-1347,2015,RS,2015-05-04,House Third Reading Passed - No Amendments,6
HB15-1347,2015,RS,2015-05-05,"Introduced In Senate - Assigned to State, Veterans, & Military Affairs",7
HB15-1347,2015,RS,2015-05-05,"Senate Committee on State, Veterans, & Military Affairs Postpone Indefinitely",8
HB15-1348,2015,RS,2015-04-10,Introduced In House - Assigned to Finance,1
HB15-1348,2015,RS,2015-04-15,House Committee on Finance Refer Unamended to House Committee of the Whole,2
HB15-1348,2015,RS,2015-04-17,House Second Reading Passed - No Amendments,3
HB15-1348,2015,RS,2015-04-20,House Third Reading Passed - No Amendments,4
HB15-1348,2015,RS,2015-04-28,Introduced In Senate - Assigned to Finance,5
HB15-1348,2015,RS,2015-05-05,Senate Committee on Finance Refer Amended to Senate Committee of the Whole,6
HB15-1348,2015,RS,2015-05-05,"Senate Second Reading Special Order - Passed with Amendments - Committee, Floor",7
HB15-1348,2015,RS,2015-05-06,Senate Third Reading Passed with Amendments - Floor,8
HB15-1348,2015,RS,2015-05-06,House Considered Senate Amendments - Result was to Concur - Repass,9
HB15-1348,2015,RS,2015-05-08,Signed by the President of the Senate,10
HB15-1348,2015,RS,2015-05-11,Signed by the Speaker of the House,11
HB15-1348,2015,RS,2015-05-12,Sent to the Governor,12
HB15-1348,2015,RS,2015-05-29,Governor Signed,13
HB15-1349,2015,RS,2015-04-10,Introduced In House - Assigned to Education,1
HB15-1349,2015,RS,2015-04-29,House Committee on Education Refer Unamended to House Committee of the Whole,2
HB15-1349,2015,RS,2015-04-30,House Second Reading Special Order - Passed - No Amendments,3
HB15-1349,2015,RS,2015-05-01,House Third Reading Passed - No Amendments,4
HB15-1349,2015,RS,2015-05-01,Introduced In Senate - Assigned to Education,5
HB15-1349,2015,RS,2015-05-04,Senate Committee on Education Postpone Indefinitely,6
HB15-1350,2015,RS,2015-04-10,Introduced In House - Assigned to Education,1
HB15-1350,2015,RS,2015-04-22,House Committee on Education Refer Amended to House Committee of the Whole,2
HB15-1350,2015,RS,2015-04-23,House Second Reading Special Order - Passed with Amendments - Committee,3
HB15-1350,2015,RS,2015-04-27,House Third Reading Passed - No Amendments,4
HB15-1350,2015,RS,2015-04-27,Introduced In Senate - Assigned to Education,5
HB15-1350,2015,RS,2015-04-29,Senate Committee on Education Refer Amended - Consent Calendar to Senate Committee of the Whole,6
HB15-1350,2015,RS,2015-04-30,Senate Second Reading Special Order - Passed with Amendments - Committee,7
HB15-1350,2015,RS,2015-05-01,Senate Third Reading Passed - No Amendments,8
HB15-1350,2015,RS,2015-05-04,House Considered Senate Amendments - Result was to Concur - Repass,9
HB15-1350,2015,RS,2015-05-14,Signed by the Speaker of the House,10
HB15-1350,2015,RS,2015-05-18,Signed by the President of the Senate,11
HB15-1350,2015,RS,2015-05-18,Sent to the Governor,12
HB15-1350,2015,RS,2015-06-05,Governor Signed,13
HB15-1351,2015,RS,2015-04-13,"Introduced In House - Assigned to Health, Insurance, & Environment",1
HB15-1351,2015,RS,2015-04-23,"House Committee on Health, Insurance, & Environment Witness Testimony and/or Committee Discussion Only",2
HB15-1351,2015,RS,2015-04-28,"House Committee on Health, Insurance, & Environment Refer Unamended to House Committee of the Whole",3
HB15-1351,2015,RS,2015-04-29,House Second Reading Passed - No Amendments,4
HB15-1351,2015,RS,2015-04-30,House Third Reading Laid Over Daily - No Amendments,5
HB15-1351,2015,RS,2015-05-01,House Third Reading Passed - No Amendments,6
HB15-1351,2015,RS,2015-05-01,Introduced In Senate - Assigned to Health & Human Services,7
HB15-1351,2015,RS,2015-05-04,Senate Committee on Health & Human Services Postpone Indefinitely,8
HB15-1352,2015,RS,2015-04-13,"Introduced In House - Assigned to Health, Insurance, & Environment",1
HB15-1352,2015,RS,2015-04-21,"House Committee on Health, Insurance, & Environment Refer Unamended to House Committee of the Whole",2
HB15-1352,2015,RS,2015-04-23,House Second Reading Passed - No Amendments,3
HB15-1352,2015,RS,2015-04-24,House Third Reading Laid Over to 04/27/2015 - No Amendments,4
HB15-1352,2015,RS,2015-04-27,House Third Reading Passed - No Amendments,5
HB15-1352,2015,RS,2015-04-27,Introduced In Senate - Assigned to Health & Human Services,6
HB15-1352,2015,RS,2015-04-29,Senate Committee on Health & Human Services Refer Unamended to Senate Committee of the Whole,7
HB15-1352,2015,RS,2015-05-01,Senate Second Reading Passed - No Amendments,8
HB15-1352,2015,RS,2015-05-04,Senate Third Reading Passed - No Amendments,9
HB15-1352,2015,RS,2015-05-12,Signed by the Speaker of the House,10
HB15-1352,2015,RS,2015-05-13,Signed by the President of the Senate,11
HB15-1352,2015,RS,2015-05-13,Sent to the Governor,12
HB15-1352,2015,RS,2015-06-05,Governor Signed,13
HB15-1353,2015,RS,2015-04-13,Introduced In House - Assigned to Business Affairs and Labor,1
HB15-1353,2015,RS,2015-04-16,House Committee on Business Affairs and Labor Refer Unamended to House Committee of the Whole,2
HB15-1353,2015,RS,2015-04-20,House Second Reading Passed - No Amendments,3
HB15-1353,2015,RS,2015-04-21,House Third Reading Passed - No Amendments,4
HB15-1353,2015,RS,2015-04-24,Introduced In Senate - Assigned to Local Government,5
HB15-1353,2015,RS,2015-04-29,Senate Committee on Local Government Refer Unamended to Senate Committee of the Whole,6
HB15-1353,2015,RS,2015-05-01,Senate Second Reading Passed - No Amendments,7
HB15-1353,2015,RS,2015-05-04,Senate Third Reading Passed - No Amendments,8
HB15-1353,2015,RS,2015-05-12,Signed by the Speaker of the House,9
HB15-1353,2015,RS,2015-05-13,Signed by the President of the Senate,10
HB15-1353,2015,RS,2015-05-13,Sent to the Governor,11
HB15-1353,2015,RS,2015-06-05,Governor Signed,12
HB15-1354,2015,RS,2015-04-13,"Introduced In House - Assigned to State, Veterans, & Military Affairs",1
HB15-1354,2015,RS,2015-04-22,"House Committee on State, Veterans, & Military Affairs Witness Testimony and/or Committee Discussion Only",2
HB15-1354,2015,RS,2015-04-27,"House Committee on State, Veterans, & Military Affairs Postpone Indefinitely",3
HB15-1355,2015,RS,2015-04-13,Introduced In House - Assigned to Public Health Care & Human Services,1
HB15-1355,2015,RS,2015-04-21,House Committee on Public Health Care & Human Services Refer Unamended to House Committee of the Whole,2
HB15-1355,2015,RS,2015-04-23,House Second Reading Passed - No Amendments,3
HB15-1355,2015,RS,2015-04-27,House Third Reading Passed - No Amendments,4
HB15-1355,2015,RS,2015-04-27,Introduced In Senate - Assigned to Health & Human Services,5
HB15-1355,2015,RS,2015-04-29,Senate Committee on Health & Human Services Refer Unamended - Consent Calendar to Senate Committee of the Whole,6
HB15-1355,2015,RS,2015-04-30,Senate Second Reading Special Order - Passed - No Amendments,7
HB15-1355,2015,RS,2015-05-01,Senate Third Reading Passed - No Amendments,8
HB15-1355,2015,RS,2015-05-14,Signed by the Speaker of the House,9
HB15-1355,2015,RS,2015-05-18,Sent to the Governor,10
HB15-1355,2015,RS,2015-05-18,Signed by the President of the Senate,11
HB15-1355,2015,RS,2015-06-05,Governor Signed,12
HB15-1356,2015,RS,2015-04-13,Introduced In House - Assigned to Judiciary,1
HB15-1356,2015,RS,2015-04-21,House Committee on Judiciary Refer Amended to House Committee of the Whole,2
HB15-1356,2015,RS,2015-04-23,House Second Reading Passed with Amendments - Committee,3
HB15-1356,2015,RS,2015-04-27,House Third Reading Passed - No Amendments,4
HB15-1356,2015,RS,2015-04-28,"Introduced In Senate - Assigned to State, Veterans, & Military Affairs",5
HB15-1356,2015,RS,2015-05-01,"Senate Committee on State, Veterans, & Military Affairs Witness Testimony and/or Committee Discussion Only",6
HB15-1356,2015,RS,2015-05-04,"Senate Committee on State, Veterans, & Military Affairs Postpone Indefinitely",7
HB15-1357,2015,RS,2015-04-13,Introduced In House - Assigned to Local Government,1
HB15-1357,2015,RS,2015-04-22,House Committee on Local Government Refer Unamended to House Committee of the Whole,2
HB15-1357,2015,RS,2015-04-23,House Second Reading Special Order - Passed - No Amendments,3
HB15-1357,2015,RS,2015-04-27,House Third Reading Passed - No Amendments,4
HB15-1357,2015,RS,2015-04-27,Introduced In Senate - Assigned to Local Government,5
HB15-1357,2015,RS,2015-04-29,Senate Committee on Local Government Refer Unamended - Consent Calendar to Senate Committee of the Whole,6
HB15-1357,2015,RS,2015-04-30,Senate Second Reading Special Order - Passed - No Amendments,7
HB15-1357,2015,RS,2015-05-01,Senate Third Reading Passed - No Amendments,8
HB15-1357,2015,RS,2015-05-12,Signed by the Speaker of the House,9
HB15-1357,2015,RS,2015-05-13,Signed by the President of the Senate,10
HB15-1357,2015,RS,2015-05-13,Sent to the Governor,11
HB15-1357,2015,RS,2015-06-05,Governor Signed,12
HB15-1358,2015,RS,2015-04-13,Introduced In House - Assigned to Public Health Care & Human Services,1
HB15-1358,2015,RS,2015-04-21,House Committee on Public Health Care & Human Services Refer Unamended to Appropriations,2
HB15-1358,2015,RS,2015-04-24,House Committee on Appropriations Refer Unamended to House Committee of the Whole,3
HB15-1358,2015,RS,2015-04-24,House Second Reading Laid Over Daily - No Amendments,4
HB15-1358,2015,RS,2015-04-27,House Second Reading Passed with Amendments - Floor,5
HB15-1358,2015,RS,2015-04-28,House Third Reading Passed - No Amendments,6
HB15-1358,2015,RS,2015-04-28,Introduced In Senate - Assigned to Health & Human Services,7
HB15-1358,2015,RS,2015-04-30,Senate Committee on Health & Human Services Refer Unamended to Senate Committee of the Whole,8
HB15-1358,2015,RS,2015-05-04,Senate Second Reading Laid Over Daily - No Amendments,9
HB15-1358,2015,RS,2015-05-05,Senate Second Reading Special Order - Passed - No Amendments,10
HB15-1358,2015,RS,2015-05-06,Senate Third Reading Passed - No Amendments,11
HB15-1358,2015,RS,2015-05-13,Signed by the President of the Senate,12
HB15-1358,2015,RS,2015-05-13,Signed by the Speaker of the House,13
HB15-1358,2015,RS,2015-05-14,Sent to the Governor,14
HB15-1358,2015,RS,2015-05-14,Governor Signed,15
HB15-1359,2015,RS,2015-04-14,Introduced In House - Assigned to Public Health Care & Human Services,1
HB15-1359,2015,RS,2015-04-17,House Committee on Public Health Care & Human Services Refer Unamended to Appropriations,2
HB15-1359,2015,RS,2015-04-22,House Committee on Appropriations Refer Amended to House Committee of the Whole,3
HB15-1359,2015,RS,2015-04-23,House Second Reading Passed with Amendments - Committee,4
HB15-1359,2015,RS,2015-04-27,House Third Reading Passed - No Amendments,5
HB15-1359,2015,RS,2015-04-27,Introduced In Senate - Assigned to Health & Human Services,6
HB15-1359,2015,RS,2015-04-29,Senate Committee on Health & Human Services Refer Unamended - Consent Calendar to Senate Committee of the Whole,7
HB15-1359,2015,RS,2015-04-30,Senate Second Reading Special Order - Passed - No Amendments,8
HB15-1359,2015,RS,2015-05-01,Senate Third Reading Passed - No Amendments,9
HB15-1359,2015,RS,2015-05-14,Signed by the Speaker of the House,10
HB15-1359,2015,RS,2015-05-18,Signed by the President of the Senate,11
HB15-1359,2015,RS,2015-05-18,Sent to the Governor,12
HB15-1359,2015,RS,2015-06-03,Governor Signed,13
HB15-1360,2015,RS,2015-04-14,"Introduced In House - Assigned to Health, Insurance, & Environment",1
HB15-1360,2015,RS,2015-04-23,"House Committee on Health, Insurance, & Environment Refer Unamended to House Committee of the Whole",2
HB15-1360,2015,RS,2015-04-23,House Second Reading Special Order - Passed - No Amendments,3
HB15-1360,2015,RS,2015-04-27,House Third Reading Passed - No Amendments,4
HB15-1360,2015,RS,2015-04-27,Introduced In Senate - Assigned to Health & Human Services,5
HB15-1360,2015,RS,2015-04-30,Senate Committee on Health & Human Services Refer Unamended to Senate Committee of the Whole,6
HB15-1360,2015,RS,2015-05-04,Senate Second Reading Laid Over Daily - No Amendments,7
HB15-1360,2015,RS,2015-05-05,Senate Second Reading Special Order - Passed - No Amendments,8
HB15-1360,2015,RS,2015-05-06,Senate Third Reading Passed - No Amendments,9
HB15-1360,2015,RS,2015-05-06,Senate Third Reading Reconsidered - No Amendments,10
HB15-1360,2015,RS,2015-05-06,Senate Third Reading Passed - No Amendments,11
HB15-1360,2015,RS,2015-05-14,Signed by the Speaker of the House,12
HB15-1360,2015,RS,2015-05-18,Signed by the President of the Senate,13
HB15-1360,2015,RS,2015-05-18,Sent to the Governor,14
HB15-1360,2015,RS,2015-06-05,Governor Signed,15
HB15-1361,2015,RS,2015-04-14,Introduced In House - Assigned to Public Health Care & Human Services,1
HB15-1361,2015,RS,2015-04-21,House Committee on Public Health Care & Human Services Postpone Indefinitely,2
HB15-1362,2015,RS,2015-04-14,Introduced In House - Assigned to Business Affairs and Labor,1
HB15-1362,2015,RS,2015-04-21,House Committee on Business Affairs and Labor Refer Amended to House Committee of the Whole,2
HB15-1362,2015,RS,2015-04-23,House Second Reading Passed with Amendments - Committee,3
HB15-1362,2015,RS,2015-04-27,House Third Reading Laid Over Daily - No Amendments,4
HB15-1362,2015,RS,2015-04-28,House Third Reading Passed - No Amendments,5
HB15-1362,2015,RS,2015-04-28,"Introduced In Senate - Assigned to State, Veterans, & Military Affairs",6
HB15-1362,2015,RS,2015-05-01,"Senate Committee on State, Veterans, & Military Affairs Postpone Indefinitely",7
HB15-1363,2015,RS,2015-04-16,Introduced In House - Assigned to Transportation & Energy + Appropriations,1
HB15-1363,2015,RS,2015-04-29,House Committee on Transportation & Energy Postpone Indefinitely,2
HB15-1364,2015,RS,2015-04-16,Introduced In House - Assigned to Transportation & Energy,1
HB15-1364,2015,RS,2015-04-23,House Committee on Transportation & Energy Refer Amended to House Committee of the Whole,2
HB15-1364,2015,RS,2015-04-28,House Second Reading Laid Over Daily - No Amendments,3
HB15-1364,2015,RS,2015-04-29,"House Second Reading Passed with Amendments - Committee, Floor",4
HB15-1364,2015,RS,2015-04-30,House Third Reading Passed - No Amendments,5
HB15-1364,2015,RS,2015-04-30,"Introduced In Senate - Assigned to Agriculture, Natural Resources, & Energy",6
HB15-1364,2015,RS,2015-05-04,"Senate Committee on Agriculture, Natural Resources, & Energy Refer Unamended - Consent Calendar to Senate Committee of the Whole",7
HB15-1364,2015,RS,2015-05-05,Senate Second Reading Special Order - Passed - No Amendments,8
HB15-1364,2015,RS,2015-05-06,Senate Third Reading Passed - No Amendments,9
HB15-1364,2015,RS,2015-05-08,Signed by the Speaker of the House,10
HB15-1364,2015,RS,2015-05-08,Signed by the President of the Senate,11
HB15-1364,2015,RS,2015-05-11,Sent to the Governor,12
HB15-1364,2015,RS,2015-05-29,Governor Signed,13
HB15-1365,2015,RS,2015-04-16,"Introduced In House - Assigned to Agriculture, Livestock, & Natural Resources",1
HB15-1365,2015,RS,2015-04-20,"House Committee on Agriculture, Livestock, & Natural Resources Refer Unamended to Appropriations",2
HB15-1365,2015,RS,2015-04-29,House Committee on Appropriations Refer Amended to House Committee of the Whole,3
HB15-1365,2015,RS,2015-04-29,House Second Reading Special Order - Passed with Amendments - Committee,4
HB15-1365,2015,RS,2015-04-30,House Third Reading Passed - No Amendments,5
HB15-1365,2015,RS,2015-04-30,Introduced In Senate - Assigned to Local Government,6
HB15-1365,2015,RS,2015-05-01,Senate Committee on Local Government Refer Unamended to Appropriations,7
HB15-1365,2015,RS,2015-05-04,Senate Committee on Appropriations Refer Amended to Senate Committee of the Whole,8
HB15-1365,2015,RS,2015-05-05,Senate Second Reading Special Order - Passed with Amendments - Committee,9
HB15-1365,2015,RS,2015-05-06,Senate Third Reading Passed - No Amendments,10
HB15-1365,2015,RS,2015-05-06,House Considered Senate Amendments - Result was to Concur - Repass,11
HB15-1365,2015,RS,2015-05-14,Signed by the Speaker of the House,12
HB15-1365,2015,RS,2015-05-18,Signed by the President of the Senate,13
HB15-1365,2015,RS,2015-05-18,Sent to the Governor,14
HB15-1365,2015,RS,2015-05-29,Governor Signed,15
HB15-1366,2015,RS,2015-04-20,Introduced In House - Assigned to Finance,1
HB15-1366,2015,RS,2015-04-22,House Committee on Finance Refer Amended to House Committee of the Whole,2
HB15-1366,2015,RS,2015-04-23,House Second Reading Special Order - Passed with Amendments - Committee,3
HB15-1366,2015,RS,2015-04-27,House Third Reading Laid Over Daily - No Amendments,4
HB15-1366,2015,RS,2015-04-28,House Third Reading Passed - No Amendments,5
HB15-1366,2015,RS,2015-04-28,"Introduced In Senate - Assigned to Business, Labor, & Technology",6
HB15-1366,2015,RS,2015-04-30,"Senate Committee on Business, Labor, & Technology Refer Unamended to Finance",7
HB15-1366,2015,RS,2015-04-30,Senate Committee on Finance Refer Unamended to Appropriations,8
HB15-1366,2015,RS,2015-05-04,Senate Committee on Appropriations Refer Amended to Senate Committee of the Whole,9
HB15-1366,2015,RS,2015-05-05,"Senate Second Reading Special Order - Passed with Amendments - Committee, Floor",10
HB15-1366,2015,RS,2015-05-06,Senate Third Reading Passed - No Amendments,11
HB15-1366,2015,RS,2015-05-06,House Considered Senate Amendments - Result was to Concur - Repass,12
HB15-1366,2015,RS,2015-05-14,Signed by the Speaker of the House,13
HB15-1366,2015,RS,2015-05-18,Signed by the President of the Senate,14
HB15-1366,2015,RS,2015-05-18,Sent to the Governor,15
HB15-1366,2015,RS,2015-06-05,Governor Signed,16
HB15-1367,2015,RS,2015-04-20,Introduced In House - Assigned to Appropriations,1
HB15-1367,2015,RS,2015-04-22,House Committee on Appropriations Refer Amended to House Committee of the Whole,2
HB15-1367,2015,RS,2015-04-23,"House Second Reading Passed with Amendments - Committee, Floor",3
HB15-1367,2015,RS,2015-04-27,House Third Reading Passed - No Amendments,4
HB15-1367,2015,RS,2015-04-27,Introduced In Senate - Assigned to Appropriations,5
HB15-1367,2015,RS,2015-05-01,Senate Committee on Appropriations Refer Amended to Senate Committee of the Whole,6
HB15-1367,2015,RS,2015-05-05,"Senate Second Reading Special Order - Passed with Amendments - Committee, Floor",7
HB15-1367,2015,RS,2015-05-06,Senate Third Reading Passed with Amendments - Floor,8
HB15-1367,2015,RS,2015-05-06,House Considered Senate Amendments - Result was to Concur - Repass,9
HB15-1367,2015,RS,2015-05-14,Signed by the Speaker of the House,10
HB15-1367,2015,RS,2015-05-18,Signed by the President of the Senate,11
HB15-1367,2015,RS,2015-05-18,Sent to the Governor,12
HB15-1367,2015,RS,2015-06-04,Governor Signed,13
HB15-1368,2015,RS,2015-04-20,Introduced In House - Assigned to Appropriations,1
HB15-1368,2015,RS,2015-04-22,House Committee on Appropriations Refer Amended to House Committee of the Whole,2
HB15-1368,2015,RS,2015-04-23,House Second Reading Passed with Amendments - Committee,3
HB15-1368,2015,RS,2015-04-27,House Third Reading Passed - No Amendments,4
HB15-1368,2015,RS,2015-04-27,Introduced In Senate - Assigned to Appropriations,5
HB15-1368,2015,RS,2015-05-01,Senate Committee on Appropriations Refer Unamended - Consent Calendar to Senate Committee of the Whole,6
HB15-1368,2015,RS,2015-05-01,Senate Second Reading Special Order - Passed - No Amendments,7
HB15-1368,2015,RS,2015-05-04,Senate Third Reading Passed - No Amendments,8
HB15-1368,2015,RS,2015-05-12,Signed by the Speaker of the House,9
HB15-1368,2015,RS,2015-05-13,Signed by the President of the Senate,10
HB15-1368,2015,RS,2015-05-13,Sent to the Governor,11
HB15-1368,2015,RS,2015-06-05,Governor Signed,12
HB15-1369,2015,RS,2015-04-20,Introduced In House - Assigned to Education,1
HB15-1369,2015,RS,2015-04-29,House Committee on Education Refer Unamended to House Committee of the Whole,2
HB15-1369,2015,RS,2015-04-30,House Second Reading Special Order - Passed - No Amendments,3
HB15-1369,2015,RS,2015-05-01,House Third Reading Passed - No Amendments,4
HB15-1369,2015,RS,2015-05-04,Introduced In Senate - Assigned to Education,5
HB15-1369,2015,RS,2015-05-04,Senate Committee on Education Postpone Indefinitely,6
HB15-1370,2015,RS,2015-04-20,Introduced In House - Assigned to Public Health Care & Human Services,1
HB15-1370,2015,RS,2015-04-24,House Committee on Public Health Care & Human Services Refer Unamended to House Committee of the Whole,2
HB15-1370,2015,RS,2015-04-28,House Second Reading Special Order - Passed with Amendments - Floor,3
HB15-1370,2015,RS,2015-04-29,House Third Reading Passed - No Amendments,4
HB15-1370,2015,RS,2015-04-29,Introduced In Senate - Assigned to Finance,5
HB15-1370,2015,RS,2015-04-30,Senate Committee on Finance Refer Amended to Senate Committee of the Whole,6
HB15-1370,2015,RS,2015-05-04,Senate Second Reading Laid Over Daily - No Amendments,7
HB15-1370,2015,RS,2015-05-05,Senate Second Reading Special Order - Passed with Amendments - Committee,8
HB15-1370,2015,RS,2015-05-06,Senate Third Reading Passed - No Amendments,9
HB15-1370,2015,RS,2015-05-06,House Considered Senate Amendments - Result was to Concur - Repass,10
HB15-1370,2015,RS,2015-05-14,Signed by the Speaker of the House,11
HB15-1370,2015,RS,2015-05-18,Signed by the President of the Senate,12
HB15-1370,2015,RS,2015-05-18,Sent to the Governor,13
HB15-1370,2015,RS,2015-06-05,Governor Signed,14
HB15-1371,2015,RS,2015-04-21,Introduced In House - Assigned to Finance,1
HB15-1371,2015,RS,2015-04-23,House Committee on Finance Refer Unamended to House Committee of the Whole,2
HB15-1371,2015,RS,2015-04-23,House Second Reading Special Order - Passed - No Amendments,3
HB15-1371,2015,RS,2015-04-27,House Third Reading Passed - No Amendments,4
HB15-1371,2015,RS,2015-04-27,Introduced In Senate - Assigned to Finance,5
HB15-1371,2015,RS,2015-04-30,Senate Committee on Finance Refer Unamended to Senate Committee of the Whole,6
HB15-1371,2015,RS,2015-05-04,Senate Second Reading Laid Over Daily - No Amendments,7
HB15-1371,2015,RS,2015-05-05,Senate Second Reading Special Order - Passed - No Amendments,8
HB15-1371,2015,RS,2015-05-06,Senate Third Reading Passed - No Amendments,9
HB15-1371,2015,RS,2015-05-14,Signed by the Speaker of the House,10
HB15-1371,2015,RS,2015-05-18,Signed by the President of the Senate,11
HB15-1371,2015,RS,2015-05-18,Sent to the Governor,12
HB15-1371,2015,RS,2015-05-29,Governor Signed,13
HB15-1372,2015,RS,2015-04-21,Introduced In House - Assigned to Finance,1
HB15-1372,2015,RS,2015-04-29,House Committee on Finance Refer Amended to Appropriations,2
HB15-1372,2015,RS,2015-04-30,House Committee on Appropriations Refer Unamended to House Committee of the Whole,3
HB15-1372,2015,RS,2015-04-30,House Second Reading Special Order - Passed with Amendments - Committee,4
HB15-1372,2015,RS,2015-05-01,House Third Reading Passed - No Amendments,5
HB15-1372,2015,RS,2015-05-01,Introduced In Senate - Assigned to Finance + Appropriations,6
HB15-1372,2015,RS,2015-05-05,Senate Committee on Finance Refer Unamended to Appropriations,7
HB15-1372,2015,RS,2015-05-05,Senate Committee on Appropriations Refer Amended to Senate Committee of the Whole,8
HB15-1372,2015,RS,2015-05-05,Senate Second Reading Special Order - Passed with Amendments - Committee,9
HB15-1372,2015,RS,2015-05-06,Senate Third Reading Passed - No Amendments,10
HB15-1372,2015,RS,2015-05-06,House Considered Senate Amendments - Result was to Concur - Repass,11
HB15-1372,2015,RS,2015-05-14,Signed by the Speaker of the House,12
HB15-1372,2015,RS,2015-05-18,Signed by the President of the Senate,13
HB15-1372,2015,RS,2015-05-18,Sent to the Governor,14
HB15-1372,2015,RS,2015-05-29,Governor Signed,15
HB15-1373,2015,RS,2015-04-21,Introduced In House - Assigned to Public Health Care & Human Services,1
HB15-1373,2015,RS,2015-04-28,House Committee on Public Health Care & Human Services Refer Amended to House Committee of the Whole,2
HB15-1373,2015,RS,2015-04-29,House Second Reading Passed with Amendments - Committee,3
HB15-1373,2015,RS,2015-04-30,House Third Reading Passed - No Amendments,4
HB15-1373,2015,RS,2015-04-30,Introduced In Senate - Assigned to Health & Human Services,5
HB15-1373,2015,RS,2015-05-04,Senate Committee on Health & Human Services Refer Unamended - Consent Calendar to Senate Committee of the Whole,6
HB15-1373,2015,RS,2015-05-05,Senate Second Reading Special Order - Passed - No Amendments,7
HB15-1373,2015,RS,2015-05-06,Senate Third Reading Passed - No Amendments,8
HB15-1373,2015,RS,2015-05-14,Signed by the Speaker of the House,9
HB15-1373,2015,RS,2015-05-18,Signed by the President of the Senate,10
HB15-1373,2015,RS,2015-05-18,Sent to the Governor,11
HB15-1373,2015,RS,2015-05-29,Governor Signed,12
HB15-1374,2015,RS,2015-04-21,Introduced In House - Assigned to Finance,1
HB15-1374,2015,RS,2015-04-23,House Committee on Finance Refer Unamended to Appropriations,2
HB15-1374,2015,RS,2015-04-24,House Committee on Appropriations Refer Amended to House Committee of the Whole,3
HB15-1374,2015,RS,2015-04-24,House Second Reading Laid Over Daily - No Amendments,4
HB15-1374,2015,RS,2015-04-27,"House Second Reading Passed with Amendments - Committee, Floor",5
HB15-1374,2015,RS,2015-04-28,House Third Reading Passed - No Amendments,6
HB15-1374,2015,RS,2015-04-28,"Introduced In Senate - Assigned to State, Veterans, & Military Affairs",7
HB15-1374,2015,RS,2015-05-01,"Senate Committee on State, Veterans, & Military Affairs Postpone Indefinitely",8
HB15-1375,2015,RS,2015-04-22,Introduced In House - Assigned to Business Affairs and Labor,1
HB15-1375,2015,RS,2015-04-28,House Committee on Business Affairs and Labor Postpone Indefinitely,2
HB15-1376,2015,RS,2015-04-22,Introduced In House - Assigned to Business Affairs and Labor,1
HB15-1376,2015,RS,2015-04-28,"House Committee on Business Affairs and Labor Refer Unamended to State, Veterans, & Military Affairs",2
HB15-1376,2015,RS,2015-04-29,"House Committee on State, Veterans, & Military Affairs Refer Unamended to House Committee of the Whole",3
HB15-1376,2015,RS,2015-04-30,House Second Reading Special Order - Passed with Amendments - Committee,4
HB15-1376,2015,RS,2015-05-01,House Third Reading Passed - No Amendments,5
HB15-1376,2015,RS,2015-05-01,"Introduced In Senate - Assigned to State, Veterans, & Military Affairs",6
HB15-1376,2015,RS,2015-05-04,"Senate Committee on State, Veterans, & Military Affairs Postpone Indefinitely",7
HB15-1377,2015,RS,2015-04-22,Introduced In House - Assigned to Transportation & Energy,1
HB15-1377,2015,RS,2015-04-29,House Committee on Transportation & Energy Witness Testimony and/or Committee Discussion Only,2
HB15-1377,2015,RS,2015-04-30,House Committee on Transportation & Energy Refer Amended to House Committee of the Whole,3
HB15-1377,2015,RS,2015-04-30,House Second Reading Special Order - Passed with Amendments - Committee,4
HB15-1377,2015,RS,2015-05-01,House Third Reading Passed - No Amendments,5
HB15-1377,2015,RS,2015-05-01,Introduced In Senate - Assigned to Finance,6
HB15-1377,2015,RS,2015-05-05,Senate Committee on Finance Refer Unamended - Consent Calendar to Senate Committee of the Whole,7
HB15-1377,2015,RS,2015-05-05,Senate Second Reading Special Order - Passed - No Amendments,8
HB15-1377,2015,RS,2015-05-06,Senate Third Reading Passed - No Amendments,9
HB15-1377,2015,RS,2015-05-13,Signed by the President of the Senate,10
HB15-1377,2015,RS,2015-05-13,Signed by the Speaker of the House,11
HB15-1377,2015,RS,2015-05-14,Sent to the Governor,12
HB15-1377,2015,RS,2015-05-19,Governor Signed,13
HB15-1378,2015,RS,2015-04-24,Introduced In House - Assigned to Appropriations,1
HB15-1378,2015,RS,2015-04-29,House Committee on Appropriations Refer Amended to House Committee of the Whole,2
HB15-1378,2015,RS,2015-04-29,House Second Reading Laid Over Daily - No Amendments,3
HB15-1378,2015,RS,2015-04-30,House Second Reading Laid Over to 05/11/2015 - No Amendments,4
HB15-1379,2015,RS,2015-04-24,Introduced In House - Assigned to Business Affairs and Labor,1
HB15-1379,2015,RS,2015-04-28,House Committee on Business Affairs and Labor Refer Amended to Finance,2
HB15-1379,2015,RS,2015-04-29,House Committee on Finance Refer Unamended to Appropriations,3
HB15-1379,2015,RS,2015-05-01,House Committee on Appropriations Refer Amended to House Committee of the Whole,4
HB15-1379,2015,RS,2015-05-01,House Second Reading Special Order - Passed with Amendments - Committee,5
HB15-1379,2015,RS,2015-05-04,House Third Reading Passed with Amendments - Floor,6
HB15-1379,2015,RS,2015-05-04,Introduced In Senate - Assigned to Finance,7
HB15-1379,2015,RS,2015-05-05,Senate Committee on Finance Refer Unamended to Appropriations,8
HB15-1379,2015,RS,2015-05-05,Senate Committee on Appropriations Refer Amended to Senate Committee of the Whole,9
HB15-1379,2015,RS,2015-05-05,Senate Second Reading Special Order - Passed with Amendments - Committee,10
HB15-1379,2015,RS,2015-05-06,Senate Third Reading Passed - No Amendments,11
HB15-1379,2015,RS,2015-05-06,House Considered Senate Amendments - Result was to Concur - Repass,12
HB15-1379,2015,RS,2015-05-14,Signed by the Speaker of the House,13
HB15-1379,2015,RS,2015-05-18,Signed by the President of the Senate,14
HB15-1379,2015,RS,2015-05-18,Sent to the Governor,15
HB15-1379,2015,RS,2015-05-29,Governor Signed,16
HB15-1380,2015,RS,2015-04-24,"Introduced In House - Assigned to Agriculture, Livestock, & Natural Resources",1
HB15-1380,2015,RS,2015-04-29,"House Committee on Agriculture, Livestock, & Natural Resources Refer Unamended to Finance",2
HB15-1380,2015,RS,2015-04-29,House Committee on Finance Postpone Indefinitely,3
HB15-1381,2015,RS,2015-04-24,Introduced In House - Assigned to Transportation & Energy,1
HB15-1381,2015,RS,2015-04-29,House Committee on Transportation & Energy Refer Amended to House Committee of the Whole,2
HB15-1381,2015,RS,2015-04-30,House Second Reading Special Order - Passed with Amendments - Committee,3
HB15-1381,2015,RS,2015-05-01,House Third Reading Passed - No Amendments,4
HB15-1381,2015,RS,2015-05-01,"Introduced In Senate - Assigned to State, Veterans, & Military Affairs",5
HB15-1381,2015,RS,2015-05-04,"Senate Committee on State, Veterans, & Military Affairs Postpone Indefinitely",6
HB15-1382,2015,RS,2015-04-24,Introduced In House - Assigned to Business Affairs and Labor,1
HB15-1382,2015,RS,2015-04-28,House Committee on Business Affairs and Labor Refer Amended to House Committee of the Whole,2
HB15-1382,2015,RS,2015-04-29,House Second Reading Passed with Amendments - Committee,3
HB15-1382,2015,RS,2015-04-30,House Third Reading Passed - No Amendments,4
HB15-1382,2015,RS,2015-04-30,"Introduced In Senate - Assigned to Business, Labor, & Technology",5
HB15-1382,2015,RS,2015-05-04,"Senate Committee on Business, Labor, & Technology Postpone Indefinitely",6
HB15-1383,2015,RS,2015-04-24,"Introduced In House - Assigned to State, Veterans, & Military Affairs",1
HB15-1383,2015,RS,2015-04-29,"House Committee on State, Veterans, & Military Affairs Refer Unamended to Finance",2
HB15-1383,2015,RS,2015-04-29,House Committee on Finance Refer Unamended to Appropriations,3
HB15-1383,2015,RS,2015-05-01,House Committee on Appropriations Refer Amended to House Committee of the Whole,4
HB15-1383,2015,RS,2015-05-01,House Second Reading Special Order - Passed with Amendments - Committee,5
HB15-1383,2015,RS,2015-05-04,House Third Reading Passed - No Amendments,6
HB15-1383,2015,RS,2015-05-04,"Introduced In Senate - Assigned to State, Veterans, & Military Affairs",7
HB15-1383,2015,RS,2015-05-04,"Senate Committee on State, Veterans, & Military Affairs Postpone Indefinitely",8
HB15-1384,2015,RS,2015-04-24,"Introduced In House - Assigned to State, Veterans, & Military Affairs",1
HB15-1384,2015,RS,2015-04-29,"House Committee on State, Veterans, & Military Affairs Refer Unamended to House Committee of the Whole",2
HB15-1384,2015,RS,2015-04-30,House Second Reading Special Order - Passed with Amendments - Floor,3
HB15-1384,2015,RS,2015-05-01,House Third Reading Passed - No Amendments,4
HB15-1384,2015,RS,2015-05-01,"Introduced In Senate - Assigned to State, Veterans, & Military Affairs",5
HB15-1384,2015,RS,2015-05-04,"Senate Committee on State, Veterans, & Military Affairs Postpone Indefinitely",6
HB15-1385,2015,RS,2015-04-27,"Introduced In House - Assigned to State, Veterans, & Military Affairs",1
HB15-1385,2015,RS,2015-04-29,"House Committee on State, Veterans, & Military Affairs Refer Unamended to Finance",2
HB15-1385,2015,RS,2015-04-29,House Committee on Finance Refer Unamended to Appropriations,3
HB15-1385,2015,RS,2015-05-01,House Committee on Appropriations Refer Amended to House Committee of the Whole,4
HB15-1385,2015,RS,2015-05-01,House Second Reading Special Order - Passed with Amendments - Committee,5
HB15-1385,2015,RS,2015-05-04,House Third Reading Laid Over to 06/21/2015 - No Amendments,6
HB15-1386,2015,RS,2015-04-27,Introduced In House - Assigned to Finance,1
HB15-1386,2015,RS,2015-04-29,House Committee on Finance Refer Unamended to Appropriations,2
HB15-1386,2015,RS,2015-05-01,House Committee on Appropriations Refer Unamended to House Committee of the Whole,3
HB15-1386,2015,RS,2015-05-01,House Second Reading Special Order - Passed - No Amendments,4
HB15-1386,2015,RS,2015-05-04,House Third Reading Passed - No Amendments,5
HB15-1386,2015,RS,2015-05-04,Introduced In Senate - Assigned to,6
HB15-1386,2015,RS,2015-05-05,Senate Committee on Finance Refer Unamended to Appropriations,7
HB15-1386,2015,RS,2015-05-05,Senate Committee on Appropriations Postpone Indefinitely,8
HB15-1387,2015,RS,2015-04-27,Introduced In House - Assigned to Finance,1
HB15-1387,2015,RS,2015-04-30,House Committee on Finance Refer Amended to House Committee of the Whole,2
HB15-1387,2015,RS,2015-04-30,"House Second Reading Special Order - Passed with Amendments - Committee, Floor",3
HB15-1387,2015,RS,2015-05-01,House Third Reading Passed - No Amendments,4
HB15-1387,2015,RS,2015-05-01,Introduced In Senate - Assigned to Finance,5
HB15-1387,2015,RS,2015-05-05,Senate Committee on Finance Refer Unamended - Consent Calendar to Senate Committee of the Whole,6
HB15-1387,2015,RS,2015-05-05,Senate Second Reading Special Order - Passed with Amendments - Floor,7
HB15-1387,2015,RS,2015-05-06,Senate Third Reading Passed - No Amendments,8
HB15-1387,2015,RS,2015-05-06,House Considered Senate Amendments - Result was to Concur - Repass,9
HB15-1387,2015,RS,2015-05-14,Signed by the Speaker of the House,10
HB15-1387,2015,RS,2015-05-18,Signed by the President of the Senate,11
HB15-1387,2015,RS,2015-05-18,Sent to the Governor,12
HB15-1387,2015,RS,2015-06-05,Governor Signed,13
HB15-1388,2015,RS,2015-04-28,Introduced In House - Assigned to Finance,1
HB15-1388,2015,RS,2015-04-29,House Committee on Finance Refer Amended to House Committee of the Whole,2
HB15-1388,2015,RS,2015-04-30,"House Second Reading Special Order - Passed with Amendments - Committee, Floor",3
HB15-1388,2015,RS,2015-05-01,House Third Reading Passed - No Amendments,4
HB15-1388,2015,RS,2015-05-01,Introduced In Senate - Assigned to Finance,5
HB15-1388,2015,RS,2015-05-05,Senate Committee on Finance Postpone Indefinitely,6
HB15-1389,2015,RS,2015-04-29,"Introduced In House - Assigned to Health, Insurance, & Environment",1
HB15-1389,2015,RS,2015-04-30,"House Committee on Health, Insurance, & Environment Refer Unamended to Appropriations",2
HB15-1389,2015,RS,2015-05-01,House Committee on Appropriations Refer Unamended to House Committee of the Whole,3
HB15-1389,2015,RS,2015-05-01,House Second Reading Special Order - Passed - No Amendments,4
HB15-1389,2015,RS,2015-05-04,House Third Reading Passed - No Amendments,5
HB15-1389,2015,RS,2015-05-05,"Introduced In Senate - Assigned to State, Veterans, & Military Affairs",6
HB15-1389,2015,RS,2015-05-05,"Senate Committee on State, Veterans, & Military Affairs Postpone Indefinitely",7
HB15-1390,2015,RS,2015-04-29,Introduced In House - Assigned to Business Affairs and Labor,1
HB15-1390,2015,RS,2015-04-30,House Committee on Business Affairs and Labor Refer Unamended to House Committee of the Whole,2
HB15-1390,2015,RS,2015-04-30,House Second Reading Special Order - Passed - No Amendments,3
HB15-1390,2015,RS,2015-05-01,House Third Reading Passed - No Amendments,4
HB15-1390,2015,RS,2015-05-01,Introduced In Senate - Assigned to Finance,5
HB15-1390,2015,RS,2015-05-05,Senate Committee on Finance Refer Unamended to Senate Committee of the Whole,6
HB15-1390,2015,RS,2015-05-05,Senate Second Reading Special Order - Passed - No Amendments,7
HB15-1390,2015,RS,2015-05-06,Senate Third Reading Passed - No Amendments,8
HB15-1390,2015,RS,2015-05-14,Signed by the Speaker of the House,9
HB15-1390,2015,RS,2015-05-18,Signed by the President of the Senate,10
HB15-1390,2015,RS,2015-05-18,Sent to the Governor,11
HB15-1390,2015,RS,2015-06-04,Governor Vetoed,12
HB15-1391,2015,RS,2015-04-30,Introduced In House - Assigned to Appropriations,1
HB15-1391,2015,RS,2015-05-01,House Committee on Appropriations Refer Unamended to House Committee of the Whole,2
HB15-1391,2015,RS,2015-05-01,House Second Reading Special Order - Passed - No Amendments,3
HB15-1391,2015,RS,2015-05-04,House Third Reading Passed - No Amendments,4
HB15-1391,2015,RS,2015-05-04,"Introduced In Senate - Assigned to State, Veterans, & Military Affairs",5
HB15-1391,2015,RS,2015-05-05,"Senate Committee on State, Veterans, & Military Affairs Refer Unamended to Senate Committee of the Whole",6
HB15-1391,2015,RS,2015-05-05,Senate Second Reading Special Order - Passed - No Amendments,7
HB15-1391,2015,RS,2015-05-06,Senate Third Reading Passed - No Amendments,8
HB15-1391,2015,RS,2015-05-08,Signed by the Speaker of the House,9
HB15-1391,2015,RS,2015-05-11,Signed by the President of the Senate,10
HB15-1391,2015,RS,2015-05-11,Sent to the Governor,11
HB15-1391,2015,RS,2015-06-03,Governor Signed,12
HB15-1392,2015,RS,2015-04-30,Introduced In House - Assigned to Appropriations,1
HB15-1392,2015,RS,2015-05-01,House Committee on Appropriations Refer Unamended to House Committee of the Whole,2
HB15-1392,2015,RS,2015-05-01,House Second Reading Special Order - Passed - No Amendments,3
HB15-1392,2015,RS,2015-05-04,House Third Reading Passed - No Amendments,4
HB15-1392,2015,RS,2015-05-04,Introduced In Senate - Assigned to Appropriations,5
HB15-1392,2015,RS,2015-05-05,Senate Committee on Appropriations Refer Amended to Finance,6
HB15-1392,2015,RS,2015-05-05,Senate Committee on Finance Refer Unamended to Senate Committee of the Whole,7
HB15-1392,2015,RS,2015-05-05,Senate Second Reading Special Order - Passed with Amendments - Committee,8
HB15-1392,2015,RS,2015-05-06,Senate Third Reading Passed - No Amendments,9
HB15-1392,2015,RS,2015-05-06,House Considered Senate Amendments - Result was to Concur - Repass,10
HB15-1392,2015,RS,2015-05-14,Signed by the Speaker of the House,11
HB15-1392,2015,RS,2015-05-18,Signed by the President of the Senate,12
HB15-1392,2015,RS,2015-05-18,Sent to the Governor,13
HB15-1392,2015,RS,2015-06-05,Governor Signed,14
SB15-001,2015,RS,2015-01-07,Introduced In Senate - Assigned to Finance,1
SB15-001,2015,RS,2015-05-04,Senate Committee on Finance Refer Amended to Appropriations,2
SB15-001,2015,RS,2015-05-04,Senate Committee on Appropriations Refer Amended to Senate Committee of the Whole,3
SB15-001,2015,RS,2015-05-04,Senate Second Reading Special Order - Passed with Amendments - Committee,4
SB15-001,2015,RS,2015-05-05,Senate Third Reading Passed - No Amendments,5
SB15-001,2015,RS,2015-05-05,Introduced In House - Assigned to Finance,6
SB15-001,2015,RS,2015-05-05,House Committee on Finance Postpone Indefinitely,7
SB15-002,2015,RS,2015-01-07,Introduced In Senate - Assigned to Judiciary,1
SB15-002,2015,RS,2015-01-14,Senate Committee on Judiciary Refer Amended - Consent Calendar to Senate Committee of the Whole,2
SB15-002,2015,RS,2015-01-20,Senate Second Reading Passed with Amendments - Committee,3
SB15-002,2015,RS,2015-01-21,Senate Third Reading Passed - No Amendments,4
SB15-002,2015,RS,2015-01-22,Introduced In House - Assigned to Judiciary,5
SB15-002,2015,RS,2015-03-03,House Committee on Judiciary Refer Unamended to House Committee of the Whole,6
SB15-002,2015,RS,2015-03-06,House Second Reading Passed - No Amendments,7
SB15-002,2015,RS,2015-03-09,House Third Reading Passed - No Amendments,8
SB15-002,2015,RS,2005-03-19,Signed by the President of the Senate,9
SB15-002,2015,RS,2015-03-25,Sent to the Governor,10
SB15-002,2015,RS,2015-04-03,Governor Signed,11
SB15-003,2015,RS,2015-01-07,Introduced In Senate - Assigned to Education,1
SB15-003,2015,RS,2015-04-15,Senate Committee on Education Postpone Indefinitely,2
SB15-004,2015,RS,2015-01-07,Introduced In Senate - Assigned to Judiciary,1
SB15-004,2015,RS,2015-01-26,Senate Committee on Judiciary Refer Amended to Senate Committee of the Whole,2
SB15-004,2015,RS,2015-01-29,Senate Second Reading Special Order - Passed with Amendments - Committee,3
SB15-004,2015,RS,2015-01-30,Senate Third Reading Laid Over Daily - No Amendments,4
SB15-004,2015,RS,2015-02-02,Senate Third Reading Laid Over Daily - No Amendments,5
SB15-004,2015,RS,2015-02-03,Senate Third Reading Passed - No Amendments,6
SB15-004,2015,RS,2015-02-03,Senate Third Reading Reconsidered - No Amendments,7
SB15-004,2015,RS,2015-02-03,Senate Third Reading Passed - No Amendments,8
SB15-004,2015,RS,2015-02-04,Introduced In House - Assigned to Judiciary,9
SB15-004,2015,RS,2015-04-14,House Committee on Judiciary Refer Amended to House Committee of the Whole,10
SB15-004,2015,RS,2015-04-17,House Second Reading Passed with Amendments - Committee,11
SB15-004,2015,RS,2015-04-20,House Third Reading Passed - No Amendments,12
SB15-004,2015,RS,2015-04-21,Senate Considered House Amendments - Result was to Laid Over Daily,13
SB15-004,2015,RS,2015-04-22,Senate Considered House Amendments - Result was to Concur - Repass,14
SB15-004,2015,RS,2015-05-13,Signed by the President of the Senate,15
SB15-004,2015,RS,2015-05-14,Sent to the Governor,16
SB15-004,2015,RS,2015-05-14,Signed by the Speaker of the House,17
SB15-004,2015,RS,2015-05-29,Governor Signed,18
SB15-005,2015,RS,2015-01-07,Introduced In Senate - Assigned to Judiciary,1
SB15-005,2015,RS,2015-01-14,Senate Committee on Judiciary Refer Amended to Senate Committee of the Whole,2
SB15-005,2015,RS,2015-01-20,"Senate Second Reading Passed with Amendments - Committee, Floor",3
SB15-005,2015,RS,2015-01-21,Senate Third Reading Laid Over Daily - No Amendments,4
SB15-005,2015,RS,2015-01-22,Senate Third Reading Laid Over to 01/30/2015 - No Amendments,5
SB15-005,2015,RS,2015-02-03,Senate Third Reading Passed - No Amendments,6
SB15-005,2015,RS,2015-02-04,Introduced In House - Assigned to Judiciary,7
SB15-005,2015,RS,2015-03-17,House Committee on Judiciary Refer Unamended to House Committee of the Whole,8
SB15-005,2015,RS,2015-03-20,House Second Reading Passed - No Amendments,9
SB15-005,2015,RS,2015-03-23,House Third Reading Passed - No Amendments,10
SB15-005,2015,RS,2015-04-06,Signed by the President of the Senate,11
SB15-005,2015,RS,2015-04-09,Signed by the Speaker of the House,12
SB15-005,2015,RS,2015-04-09,Sent to the Governor,13
SB15-005,2015,RS,2015-04-16,Governor Signed,14
SB15-005,2015,RS,2015-01-30,Senate Third Reading Laid Over Daily - No Amendments,15
SB15-006,2015,RS,2015-01-07,Introduced In Senate - Assigned to Judiciary,1
SB15-006,2015,RS,2015-02-25,Senate Committee on Judiciary Postpone Indefinitely,2
SB15-007,2015,RS,2015-01-07,Introduced In Senate - Assigned to Judiciary,1
SB15-007,2015,RS,2015-01-26,Senate Committee on Judiciary Refer Unamended to Appropriations,2
SB15-007,2015,RS,2015-04-10,Senate Committee on Appropriations Postpone Indefinitely,3
SB15-008,2015,RS,2015-01-07,"Introduced In Senate - Assigned to Agriculture, Natural Resources, & Energy",1
SB15-008,2015,RS,2015-01-14,"Senate Committee on Agriculture, Natural Resources, & Energy Refer Amended to Appropriations",2
SB15-008,2015,RS,2015-02-13,Senate Committee on Appropriations Refer Amended to Senate Committee of the Whole,3
SB15-008,2015,RS,2015-02-18,Senate Second Reading Laid Over to 02/20/2015 - No Amendments,4
SB15-008,2015,RS,2015-02-20,"Senate Second Reading Passed with Amendments - Committee, Floor",5
SB15-008,2015,RS,2015-02-24,Senate Third Reading Passed - No Amendments,6
SB15-008,2015,RS,2015-02-27,"Introduced In House - Assigned to Agriculture, Livestock, & Natural Resources + Appropriations",7
SB15-008,2015,RS,2015-03-16,"House Committee on Agriculture, Livestock, & Natural Resources Refer Unamended to Appropriations",8
SB15-008,2015,RS,2015-03-27,House Committee on Appropriations Refer Unamended to House Committee of the Whole,9
SB15-008,2015,RS,2015-03-30,House Second Reading Passed - No Amendments,10
SB15-008,2015,RS,2015-03-31,House Third Reading Passed - No Amendments,11
SB15-008,2015,RS,2015-04-16,Signed by the President of the Senate,12
SB15-008,2015,RS,2015-04-17,Signed by the Speaker of the House,13
SB15-008,2015,RS,2015-04-23,Sent to the Governor,14
SB15-008,2015,RS,2015-05-01,Governor Signed,15
SB15-009,2015,RS,2015-01-07,"Introduced In Senate - Assigned to Agriculture, Natural Resources, & Energy",1
SB15-009,2015,RS,2015-01-15,"Senate Committee on Agriculture, Natural Resources, & Energy Postpone Indefinitely",2
SB15-010,2015,RS,2015-01-07,"Introduced In Senate - Assigned to Agriculture, Natural Resources, & Energy",1
SB15-010,2015,RS,2015-01-14,"Senate Committee on Agriculture, Natural Resources, & Energy Refer Unamended - Consent Calendar to Senate Committee of the Whole",2
SB15-010,2015,RS,2015-01-20,Senate Second Reading Passed - No Amendments,3
SB15-010,2015,RS,2015-01-21,Senate Third Reading Passed - No Amendments,4
SB15-010,2015,RS,2015-01-22,"Introduced In House - Assigned to Agriculture, Livestock, & Natural Resources",5
SB15-010,2015,RS,2015-02-04,"House Committee on Agriculture, Livestock, & Natural Resources Refer Unamended to House Committee of the Whole",6
SB15-010,2015,RS,2015-02-09,House Second Reading Passed - No Amendments,7
SB15-010,2015,RS,2015-02-10,House Third Reading Passed - No Amendments,8
SB15-010,2015,RS,2015-02-27,Signed by the President of the Senate,9
SB15-010,2015,RS,2015-03-04,Sent to the Governor,10
SB15-010,2015,RS,2015-03-13,Governor Signed,11
SB15-011,2015,RS,2015-01-07,Introduced In Senate - Assigned to Health & Human Services,1
SB15-011,2015,RS,2015-01-29,Senate Committee on Health & Human Services Refer Amended to Appropriations,2
SB15-011,2015,RS,2015-04-10,Senate Committee on Appropriations Refer Amended to Senate Committee of the Whole,3
SB15-011,2015,RS,2015-04-14,Senate Second Reading Laid Over Daily - No Amendments,4
SB15-011,2015,RS,2015-04-15,Senate Second Reading Passed with Amendments - Committee,5
SB15-011,2015,RS,2015-04-16,Senate Third Reading Passed - No Amendments,6
SB15-011,2015,RS,2015-04-20,Introduced In House - Assigned to Public Health Care & Human Services,7
SB15-011,2015,RS,2015-04-28,House Committee on Public Health Care & Human Services Refer Unamended to Appropriations,8
SB15-011,2015,RS,2015-05-01,House Committee on Appropriations Refer Unamended to House Committee of the Whole,9
SB15-011,2015,RS,2015-05-01,House Second Reading Special Order - Passed - No Amendments,10
SB15-011,2015,RS,2015-05-04,House Third Reading Passed - No Amendments,11
SB15-011,2015,RS,2015-05-13,Signed by the President of the Senate,12
SB15-011,2015,RS,2015-05-14,Sent to the Governor,13
SB15-011,2015,RS,2015-05-14,Signed by the Speaker of the House,14
SB15-011,2015,RS,2015-06-05,Governor Signed,15
SB15-012,2015,RS,2015-01-07,Introduced In Senate - Assigned to Health & Human Services,1
SB15-012,2015,RS,2015-01-22,Senate Committee on Health & Human Services Refer Amended to Finance,2
SB15-012,2015,RS,2015-02-10,Senate Committee on Finance Refer Amended to Appropriations,3
SB15-012,2015,RS,2015-04-10,Senate Committee on Appropriations Refer Amended to Senate Committee of the Whole,4
SB15-012,2015,RS,2015-04-14,"Senate Second Reading Passed with Amendments - Committee, Floor",5
SB15-012,2015,RS,2015-04-15,Senate Third Reading Passed - No Amendments,6
SB15-012,2015,RS,2015-04-15,Senate Third Reading Reconsidered - No Amendments,7
SB15-012,2015,RS,2015-04-15,Senate Third Reading Passed - No Amendments,8
SB15-012,2015,RS,2015-04-16,Introduced In House - Assigned to Public Health Care & Human Services,9
SB15-012,2015,RS,2015-04-24,House Committee on Public Health Care & Human Services Refer Unamended to Appropriations,10
SB15-012,2015,RS,2015-05-01,House Committee on Appropriations Refer Amended to House Committee of the Whole,11
SB15-012,2015,RS,2015-05-01,House Second Reading Special Order - Passed with Amendments - Committee,12
SB15-012,2015,RS,2015-05-04,House Third Reading Passed - No Amendments,13
SB15-012,2015,RS,2015-05-04,Senate Considered House Amendments - Result was to Concur - Repass,14
SB15-012,2015,RS,2015-05-08,Signed by the President of the Senate,15
SB15-012,2015,RS,2015-05-08,Signed by the Speaker of the House,16
SB15-012,2015,RS,2015-05-08,Sent to the Governor,17
SB15-012,2015,RS,2015-06-05,Governor Signed,18
SB15-013,2015,RS,2015-01-07,Introduced In Senate - Assigned to Judiciary,1
SB15-013,2015,RS,2015-01-26,Senate Committee on Judiciary Refer Unamended - Consent Calendar to Senate Committee of the Whole,2
SB15-013,2015,RS,2015-01-29,Senate Second Reading Passed - No Amendments,3
SB15-013,2015,RS,2015-01-30,Senate Third Reading Laid Over Daily - No Amendments,4
SB15-013,2015,RS,2015-02-02,Senate Third Reading Passed - No Amendments,5
SB15-013,2015,RS,2015-02-04,Introduced In House - Assigned to Judiciary,6
SB15-013,2015,RS,2015-03-05,House Committee on Judiciary Refer Amended to House Committee of the Whole,7
SB15-013,2015,RS,2015-03-09,House Second Reading Passed with Amendments - Committee,8
SB15-013,2015,RS,2015-03-10,House Third Reading Passed - No Amendments,9
SB15-013,2015,RS,2015-03-12,Senate Considered House Amendments - Result was to Concur - Repass,10
SB15-013,2015,RS,2015-03-23,Signed by the President of the Senate,11
SB15-013,2015,RS,2015-03-25,Sent to the Governor,12
SB15-013,2015,RS,2015-04-03,Governor Signed,13
SB15-014,2015,RS,2015-01-07,Introduced In Senate - Assigned to Health & Human Services,1
SB15-014,2015,RS,2015-02-26,Senate Committee on Health & Human Services Refer Amended to Appropriations,2
SB15-014,2015,RS,2015-04-10,Senate Committee on Appropriations Refer Amended to Senate Committee of the Whole,3
SB15-014,2015,RS,2015-04-14,"Senate Second Reading Passed with Amendments - Committee, Floor",4
SB15-014,2015,RS,2015-04-15,Senate Third Reading Passed - No Amendments,5
SB15-014,2015,RS,2015-04-16,"Introduced In House - Assigned to Agriculture, Livestock, & Natural Resources",6
SB15-014,2015,RS,2015-04-27,"House Committee on Agriculture, Livestock, & Natural Resources Refer Amended to Appropriations",7
SB15-014,2015,RS,2015-05-01,House Committee on Appropriations Refer Unamended to House Committee of the Whole,8
SB15-014,2015,RS,2015-05-01,"House Second Reading Special Order - Passed with Amendments - Committee, Floor",9
SB15-014,2015,RS,2015-05-04,House Third Reading Passed - No Amendments,10
SB15-014,2015,RS,2015-05-04,Senate Considered House Amendments - Result was to Concur - Repass,11
SB15-014,2015,RS,2015-05-13,Signed by the President of the Senate,12
SB15-014,2015,RS,2015-05-14,Sent to the Governor,13
SB15-014,2015,RS,2015-05-14,Signed by the Speaker of the House,14
SB15-014,2015,RS,2015-05-18,Governor Signed,15
SB15-015,2015,RS,2015-01-07,"Introduced In Senate - Assigned to Health & Human Services + Business, Labor, & Technology",1
SB15-015,2015,RS,2015-01-22,"Senate Committee on Health & Human Services Refer Amended to Business, Labor, & Technology",2
SB15-015,2015,RS,2015-02-11,"Senate Committee on Business, Labor, & Technology Refer Amended - Consent Calendar to Senate Committee of the Whole",3
SB15-015,2015,RS,2015-02-17,Senate Second Reading Passed with Amendments - Committee,4
SB15-015,2015,RS,2015-02-18,Senate Third Reading Passed - No Amendments,5
SB15-015,2015,RS,2015-02-24,"Introduced In House - Assigned to Health, Insurance, & Environment",6
SB15-015,2015,RS,2015-03-19,"House Committee on Health, Insurance, & Environment Refer Unamended to House Committee of the Whole",7
SB15-015,2015,RS,2015-03-23,House Second Reading Passed - No Amendments,8
SB15-015,2015,RS,2015-03-24,House Third Reading Passed - No Amendments,9
SB15-015,2015,RS,2015-04-06,Signed by the President of the Senate,10
SB15-015,2015,RS,2015-04-09,Signed by the Speaker of the House,11
SB15-015,2015,RS,2015-04-09,Sent to the Governor,12
SB15-015,2015,RS,2015-04-16,Governor Signed,13
SB15-016,2015,RS,2015-01-07,"Introduced In Senate - Assigned to State, Veterans, & Military Affairs",1
SB15-016,2015,RS,2015-01-21,"Senate Committee on State, Veterans, & Military Affairs Postpone Indefinitely",2
SB15-017,2015,RS,2015-01-07,Introduced In Senate - Assigned to Judiciary,1
SB15-017,2015,RS,2015-02-04,Senate Committee on Judiciary Postpone Indefinitely,2
SB15-018,2015,RS,2015-01-07,Introduced In Senate - Assigned to Transportation + Finance,1
SB15-018,2015,RS,2015-01-27,Senate Committee on Transportation Refer Unamended to Finance,2
SB15-018,2015,RS,2015-02-03,Senate Committee on Finance Refer Unamended to Appropriations,3
SB15-018,2015,RS,2015-02-13,Senate Committee on Appropriations Refer Unamended to Senate Committee of the Whole,4
SB15-018,2015,RS,2015-02-18,Senate Second Reading Passed - No Amendments,5
SB15-018,2015,RS,2015-02-19,Senate Third Reading Passed - No Amendments,6
SB15-018,2015,RS,2015-02-24,"Introduced In House - Assigned to State, Veterans, & Military Affairs + Finance",7
SB15-018,2015,RS,2015-03-18,"House Committee on State, Veterans, & Military Affairs Postpone Indefinitely",8
SB15-019,2015,RS,2015-01-07,Introduced In Senate - Assigned to Health & Human Services,1
SB15-019,2015,RS,2015-01-21,Senate Committee on Health & Human Services Refer Amended to Senate Committee of the Whole,2
SB15-019,2015,RS,2015-01-26,Senate Second Reading Passed with Amendments - Committee,3
SB15-019,2015,RS,2015-01-27,Senate Third Reading Passed - No Amendments,4
SB15-019,2015,RS,2015-01-27,Introduced In House - Assigned to Public Health Care & Human Services,5
SB15-019,2015,RS,2015-03-10,House Committee on Public Health Care & Human Services Refer Unamended to House Committee of the Whole,6
SB15-019,2015,RS,2015-03-13,House Second Reading Passed - No Amendments,7
SB15-019,2015,RS,2015-03-16,House Third Reading Passed - No Amendments,8
SB15-019,2015,RS,2015-03-23,Signed by the President of the Senate,9
SB15-019,2015,RS,2015-03-25,Sent to the Governor,10
SB15-019,2015,RS,2015-04-03,Governor Signed,11
SB15-020,2015,RS,2015-01-07,Introduced In Senate - Assigned to Education + Judiciary,1
SB15-020,2015,RS,2015-02-11,Senate Committee on Education Refer Amended to Judiciary,2
SB15-020,2015,RS,2015-02-18,Senate Committee on Judiciary Refer Amended to Appropriations,3
SB15-020,2015,RS,2015-04-10,Senate Committee on Appropriations Refer Amended to Senate Committee of the Whole,4
SB15-020,2015,RS,2015-04-14,Senate Second Reading Passed with Amendments - Committee,5
SB15-020,2015,RS,2015-04-15,Senate Third Reading Passed - No Amendments,6
SB15-020,2015,RS,2015-04-16,Introduced In House - Assigned to Public Health Care & Human Services,7
SB15-020,2015,RS,2015-04-24,House Committee on Public Health Care & Human Services Refer Unamended to Appropriations,8
SB15-020,2015,RS,2015-04-29,House Committee on Appropriations Refer Amended to House Committee of the Whole,9
SB15-020,2015,RS,2015-04-29,House Second Reading Special Order - Passed with Amendments - Committee,10
SB15-020,2015,RS,2015-04-30,House Third Reading Passed - No Amendments,11
SB15-020,2015,RS,2015-05-01,Senate Considered House Amendments - Result was to Concur - Repass,12
SB15-020,2015,RS,2015-05-08,Signed by the President of the Senate,13
SB15-020,2015,RS,2015-05-08,Signed by the Speaker of the House,14
SB15-020,2015,RS,2015-05-08,Sent to the Governor,15
SB15-020,2015,RS,2015-06-05,Governor Signed,16
SB15-021,2015,RS,2015-01-07,"Introduced In Senate - Assigned to Agriculture, Natural Resources, & Energy",1
SB15-021,2015,RS,2015-01-15,"Senate Committee on Agriculture, Natural Resources, & Energy Refer Unamended - Consent Calendar to Senate Committee of the Whole",2
SB15-021,2015,RS,2015-01-21,Senate Second Reading Passed - No Amendments,3
SB15-021,2015,RS,2015-01-22,Senate Third Reading Passed - No Amendments,4
SB15-021,2015,RS,2015-01-26,"Introduced In House - Assigned to Agriculture, Livestock, & Natural Resources",5
SB15-021,2015,RS,2015-02-09,"House Committee on Agriculture, Livestock, & Natural Resources Refer Unamended to House Committee of the Whole",6
SB15-021,2015,RS,2015-02-13,House Second Reading Passed - No Amendments,7
SB15-021,2015,RS,2015-02-17,House Third Reading Laid Over Daily - No Amendments,8
SB15-021,2015,RS,2015-02-19,House Third Reading Passed - No Amendments,9
SB15-021,2015,RS,2015-03-03,Signed by the President of the Senate,10
SB15-021,2015,RS,2015-03-04,Sent to the Governor,11
SB15-021,2015,RS,2015-03-13,Governor Signed,12
SB15-022,2015,RS,2015-01-07,"Introduced In Senate - Assigned to Agriculture, Natural Resources, & Energy",1
SB15-022,2015,RS,2015-01-15,"Senate Committee on Agriculture, Natural Resources, & Energy Refer Amended to Appropriations",2
SB15-022,2015,RS,2015-04-17,Senate Committee on Appropriations Refer Amended to Senate Committee of the Whole,3
SB15-022,2015,RS,2015-04-21,Senate Second Reading Laid Over Daily - No Amendments,4
SB15-022,2015,RS,2015-04-22,Senate Second Reading Passed with Amendments - Committee,5
SB15-022,2015,RS,2015-04-23,Senate Third Reading Passed - No Amendments,6
SB15-022,2015,RS,2015-04-24,"Introduced In House - Assigned to Agriculture, Livestock, & Natural Resources",7
SB15-022,2015,RS,2015-04-29,"House Committee on Agriculture, Livestock, & Natural Resources Refer Unamended to Appropriations",8
SB15-022,2015,RS,2015-05-01,House Committee on Appropriations Refer Unamended to House Committee of the Whole,9
SB15-022,2015,RS,2015-05-01,House Second Reading Special Order - Passed - No Amendments,10
SB15-022,2015,RS,2015-05-04,House Third Reading Passed - No Amendments,11
SB15-022,2015,RS,2015-05-08,Signed by the President of the Senate,12
SB15-022,2015,RS,2015-05-08,Signed by the Speaker of the House,13
SB15-022,2015,RS,2015-05-08,Sent to the Governor,14
SB15-022,2015,RS,2015-05-12,Governor Signed,15
SB15-023,2015,RS,2015-01-07,Introduced In Senate - Assigned to Transportation,1
SB15-023,2015,RS,2015-02-03,Senate Committee on Transportation Refer Amended - Consent Calendar to Senate Committee of the Whole,2
SB15-023,2015,RS,2015-02-06,Senate Second Reading Passed with Amendments - Committee,3
SB15-023,2015,RS,2015-02-09,Senate Third Reading Passed - No Amendments,4
SB15-023,2015,RS,2015-02-10,Introduced In House - Assigned to Transportation & Energy,5
SB15-023,2015,RS,2015-02-19,House Committee on Transportation & Energy Refer Unamended to House Committee of the Whole,6
SB15-023,2015,RS,2015-02-24,House Second Reading Passed - No Amendments,7
SB15-023,2015,RS,2015-02-25,House Third Reading Passed - No Amendments,8
SB15-023,2015,RS,2015-03-03,Signed by the President of the Senate,9
SB15-023,2015,RS,2015-03-04,Sent to the Governor,10
SB15-023,2015,RS,2015-03-13,Governor Signed,11
SB15-024,2015,RS,2015-01-07,Introduced In Senate - Assigned to Local Government,1
SB15-024,2015,RS,2015-01-20,Senate Committee on Local Government Refer Unamended to Senate Committee of the Whole,2
SB15-024,2015,RS,2015-01-23,Senate Second Reading Laid Over Daily - No Amendments,3
SB15-024,2015,RS,2015-01-26,Senate Second Reading Passed - No Amendments,4
SB15-024,2015,RS,2015-01-27,Senate Third Reading Passed - No Amendments,5
SB15-024,2015,RS,2015-01-27,Senate Third Reading Reconsidered - No Amendments,6
SB15-024,2015,RS,2015-01-27,Senate Third Reading Passed - No Amendments,7
SB15-024,2015,RS,2015-01-27,Introduced In House - Assigned to Local Government,8
SB15-024,2015,RS,2015-02-11,House Committee on Local Government Refer Unamended to House Committee of the Whole,9
SB15-024,2015,RS,2015-02-17,House Second Reading Laid Over Daily - No Amendments,10
SB15-024,2015,RS,2015-02-19,House Second Reading Passed - No Amendments,11
SB15-024,2015,RS,2015-02-20,House Third Reading Passed - No Amendments,12
SB15-024,2015,RS,2015-03-03,Signed by the President of the Senate,13
SB15-024,2015,RS,2015-03-04,Sent to the Governor,14
SB15-024,2015,RS,2015-03-13,Governor Signed,15
SB15-025,2015,RS,2015-01-07,Introduced In Senate - Assigned to Finance,1
SB15-025,2015,RS,2015-01-27,Senate Committee on Finance Refer Unamended - Consent Calendar to Senate Committee of the Whole,2
SB15-025,2015,RS,2015-01-30,Senate Second Reading Laid Over Daily - No Amendments,3
SB15-025,2015,RS,2015-02-02,Senate Second Reading Passed - No Amendments,4
SB15-025,2015,RS,2015-02-03,Senate Third Reading Passed - No Amendments,5
SB15-025,2015,RS,2015-02-04,Introduced In House - Assigned to Finance,6
SB15-025,2015,RS,2015-02-18,House Committee on Finance Refer Unamended to House Committee of the Whole,7
SB15-025,2015,RS,2015-02-23,House Second Reading Passed - No Amendments,8
SB15-025,2015,RS,2015-02-25,House Third Reading Passed - No Amendments,9
SB15-025,2015,RS,2015-03-03,Signed by the President of the Senate,10
SB15-025,2015,RS,2015-03-04,Sent to the Governor,11
SB15-025,2015,RS,2015-03-13,Governor Signed,12
SB15-026,2015,RS,2015-01-07,Introduced In Senate - Assigned to Finance,1
SB15-026,2015,RS,2015-01-27,Senate Committee on Finance Refer Unamended - Consent Calendar to Senate Committee of the Whole,2
SB15-026,2015,RS,2015-01-30,Senate Second Reading Laid Over Daily - No Amendments,3
SB15-026,2015,RS,2015-02-02,Senate Second Reading Passed - No Amendments,4
SB15-026,2015,RS,2015-02-03,Senate Third Reading Passed - No Amendments,5
SB15-026,2015,RS,2015-02-04,Introduced In House - Assigned to Finance,6
SB15-026,2015,RS,2015-02-18,House Committee on Finance Refer Unamended to House Committee of the Whole,7
SB15-026,2015,RS,2015-02-23,House Second Reading Passed - No Amendments,8
SB15-026,2015,RS,2015-02-25,House Third Reading Passed - No Amendments,9
SB15-026,2015,RS,2015-03-03,Signed by the President of the Senate,10
SB15-026,2015,RS,2015-03-04,Sent to the Governor,11
SB15-026,2015,RS,2015-03-13,Governor Signed,12
SB15-027,2015,RS,2015-01-07,Introduced In Senate - Assigned to Finance,1
SB15-027,2015,RS,2015-01-27,Senate Committee on Finance Refer Unamended - Consent Calendar to Senate Committee of the Whole,2
SB15-027,2015,RS,2015-01-30,Senate Second Reading Laid Over Daily - No Amendments,3
SB15-027,2015,RS,2015-02-02,Senate Second Reading Passed - No Amendments,4
SB15-027,2015,RS,2015-02-03,Senate Third Reading Passed - No Amendments,5
SB15-027,2015,RS,2015-02-04,Introduced In House - Assigned to Finance,6
SB15-027,2015,RS,2015-02-18,House Committee on Finance Refer Unamended to House Committee of the Whole,7
SB15-027,2015,RS,2015-02-23,House Second Reading Passed - No Amendments,8
SB15-027,2015,RS,2015-02-25,House Third Reading Passed - No Amendments,9
SB15-027,2015,RS,2015-03-03,Signed by the President of the Senate,10
SB15-027,2015,RS,2015-03-04,Sent to the Governor,11
SB15-027,2015,RS,2015-03-13,Governor Signed,12
SB15-028,2015,RS,2015-01-07,Introduced In Senate - Assigned to Finance,1
SB15-028,2015,RS,2015-01-27,Senate Committee on Finance Refer Unamended - Consent Calendar to Senate Committee of the Whole,2
SB15-028,2015,RS,2015-01-30,Senate Second Reading Laid Over Daily - No Amendments,3
SB15-028,2015,RS,2015-02-02,Senate Second Reading Passed - No Amendments,4
SB15-028,2015,RS,2015-02-03,Senate Third Reading Passed - No Amendments,5
SB15-028,2015,RS,2015-02-04,Introduced In House - Assigned to Finance,6
SB15-028,2015,RS,2015-02-18,House Committee on Finance Refer Unamended to House Committee of the Whole,7
SB15-028,2015,RS,2015-02-23,House Second Reading Passed - No Amendments,8
SB15-028,2015,RS,2015-02-25,House Third Reading Passed - No Amendments,9
SB15-028,2015,RS,2015-03-03,Signed by the President of the Senate,10
SB15-028,2015,RS,2015-03-04,Sent to the Governor,11
SB15-028,2015,RS,2015-03-13,Governor Signed,12
SB15-029,2015,RS,2015-01-07,Introduced In Senate - Assigned to Finance,1
SB15-029,2015,RS,2015-01-27,Senate Committee on Finance Refer Amended to Appropriations,2
SB15-029,2015,RS,2015-04-10,Senate Committee on Appropriations Refer Amended to Senate Committee of the Whole,3
SB15-029,2015,RS,2015-04-14,Senate Second Reading Passed with Amendments - Committee,4
SB15-029,2015,RS,2015-04-15,Senate Third Reading Passed - No Amendments,5
SB15-029,2015,RS,2015-04-16,Introduced In House - Assigned to Business Affairs and Labor,6
SB15-029,2015,RS,2015-04-21,House Committee on Business Affairs and Labor Refer Unamended to Appropriations,7
SB15-029,2015,RS,2015-05-04,House Committee on Appropriations Refer Amended to House Committee of the Whole,8
SB15-029,2015,RS,2015-05-04,House Second Reading Special Order - Passed with Amendments - Committee,9
SB15-029,2015,RS,2015-05-05,House Third Reading Passed - No Amendments,10
SB15-029,2015,RS,2015-05-05,Senate Considered House Amendments - Result was to Laid Over Daily,11
SB15-029,2015,RS,2015-05-06,Senate Considered House Amendments - Result was to Concur - Repass,12
SB15-029,2015,RS,2015-05-13,Signed by the President of the Senate,13
SB15-029,2015,RS,2015-05-14,Sent to the Governor,14
SB15-029,2015,RS,2015-05-14,Signed by the Speaker of the House,15
SB15-029,2015,RS,2015-06-05,Governor Signed,16
SB15-030,2015,RS,2015-01-07,Introduced In Senate - Assigned to Judiciary,1
SB15-030,2015,RS,2015-01-28,Senate Committee on Judiciary Refer Amended to Senate Committee of the Whole,2
SB15-030,2015,RS,2015-02-02,Senate Second Reading Passed with Amendments - Committee,3
SB15-030,2015,RS,2015-02-03,Senate Third Reading Passed - No Amendments,4
SB15-030,2015,RS,2015-02-04,Introduced In House - Assigned to Judiciary,5
SB15-030,2015,RS,2015-03-12,House Committee on Judiciary Refer Unamended to House Committee of the Whole,6
SB15-030,2015,RS,2015-03-16,House Second Reading Passed - No Amendments,7
SB15-030,2015,RS,2015-03-17,House Third Reading Passed - No Amendments,8
SB15-030,2015,RS,2015-04-06,Signed by the President of the Senate,9
SB15-030,2015,RS,2015-04-09,Signed by the Speaker of the House,10
SB15-030,2015,RS,2015-04-09,Sent to the Governor,11
SB15-030,2015,RS,2015-04-16,Governor Signed,12
SB15-031,2015,RS,2015-01-07,"Introduced In Senate - Assigned to Business, Labor, & Technology",1
SB15-031,2015,RS,2015-01-28,"Senate Committee on Business, Labor, & Technology Postpone Indefinitely",2
SB15-032,2015,RS,2015-01-07,Introduced In Senate - Assigned to Judiciary,1
SB15-032,2015,RS,2015-02-02,Senate Committee on Judiciary Refer Unamended to Appropriations,2
SB15-032,2015,RS,2015-02-13,Senate Committee on Appropriations Refer Amended to Senate Committee of the Whole,3
SB15-032,2015,RS,2015-02-18,"Senate Second Reading Passed with Amendments - Committee, Floor",4
SB15-032,2015,RS,2015-02-19,Senate Third Reading Passed - No Amendments,5
SB15-032,2015,RS,2015-02-24,"Introduced In House - Assigned to State, Veterans, & Military Affairs",6
SB15-032,2015,RS,2015-04-13,"House Committee on State, Veterans, & Military Affairs Postpone Indefinitely",7
SB15-033,2015,RS,2015-01-07,"Introduced In Senate - Assigned to State, Veterans, & Military Affairs",1
SB15-033,2015,RS,2015-02-02,"Senate Committee on State, Veterans, & Military Affairs Postpone Indefinitely",2
SB15-034,2015,RS,2015-01-07,"Introduced In Senate - Assigned to Business, Labor, & Technology",1
SB15-034,2015,RS,2015-01-26,"Senate Committee on Business, Labor, & Technology Postpone Indefinitely",2
SB15-035,2015,RS,2015-01-07,Introduced In Senate - Assigned to Judiciary,1
SB15-035,2015,RS,2015-01-14,Senate Committee on Judiciary Refer Unamended - Consent Calendar to Senate Committee of the Whole,2
SB15-035,2015,RS,2015-01-20,Senate Second Reading Passed - No Amendments,3
SB15-035,2015,RS,2015-01-21,Senate Third Reading Passed - No Amendments,4
SB15-035,2015,RS,2015-01-22,Introduced In House - Assigned to Judiciary,5
SB15-035,2015,RS,2015-01-29,House Committee on Judiciary Refer Unamended to House Committee of the Whole,6
SB15-035,2015,RS,2015-02-03,House Second Reading Passed - No Amendments,7
SB15-035,2015,RS,2015-02-04,House Third Reading Passed - No Amendments,8
SB15-035,2015,RS,2015-02-11,Signed by the President of the Senate,9
SB15-035,2015,RS,2015-02-13,Signed by the Speaker of the House,10
SB15-035,2015,RS,2015-02-17,Sent to the Governor,11
SB15-035,2015,RS,2015-02-25,Governor Signed,12
SB15-036,2015,RS,2015-01-07,"Introduced In Senate - Assigned to State, Veterans, & Military Affairs",1
SB15-036,2015,RS,2015-02-03,"Senate Committee on State, Veterans, & Military Affairs Postpone Indefinitely",2
SB15-037,2015,RS,2015-01-07,Introduced In Senate - Assigned to Judiciary,1
SB15-037,2015,RS,2015-01-28,Senate Committee on Judiciary Postpone Indefinitely,2
SB15-038,2015,RS,2015-01-07,"Introduced In Senate - Assigned to State, Veterans, & Military Affairs",1
SB15-038,2015,RS,2015-01-26,"Senate Committee on State, Veterans, & Military Affairs Postpone Indefinitely",2
SB15-039,2015,RS,2015-01-07,"Introduced In Senate - Assigned to State, Veterans, & Military Affairs",1
SB15-039,2015,RS,2015-04-06,"Senate Committee on State, Veterans, & Military Affairs Witness Testimony and/or Committee Discussion Only",2
SB15-039,2015,RS,2015-04-14,"Senate Committee on State, Veterans, & Military Affairs Refer Amended to Senate Committee of the Whole",3
SB15-039,2015,RS,2015-04-17,Senate Second Reading Laid Over Daily - No Amendments,4
SB15-039,2015,RS,2015-04-20,Senate Second Reading Passed with Amendments - Committee,5
SB15-039,2015,RS,2015-04-21,Senate Third Reading Passed with Amendments - Floor,6
SB15-039,2015,RS,2015-04-22,"Introduced In House - Assigned to Agriculture, Livestock, & Natural Resources",7
SB15-039,2015,RS,2015-05-04,"House Committee on Agriculture, Livestock, & Natural Resources Postpone Indefinitely",8
SB15-040,2015,RS,2015-01-07,Introduced In Senate - Assigned to Local Government + Finance,1
SB15-040,2015,RS,2015-01-27,Senate Committee on Local Government Refer Amended to Finance,2
SB15-040,2015,RS,2015-02-03,Senate Committee on Finance Postpone Indefinitely,3
SB15-041,2015,RS,2015-01-07,Introduced In Senate - Assigned to Local Government,1
SB15-041,2015,RS,2015-01-20,Senate Committee on Local Government Refer Unamended - Consent Calendar to Senate Committee of the Whole,2
SB15-041,2015,RS,2015-01-23,Senate Second Reading Passed - No Amendments,3
SB15-041,2015,RS,2015-01-26,Senate Third Reading Passed - No Amendments,4
SB15-041,2015,RS,2015-01-26,Introduced In House - Assigned to Local Government,5
SB15-041,2015,RS,2015-02-12,House Committee on Local Government Refer Unamended to House Committee of the Whole,6
SB15-041,2015,RS,2015-02-18,House Second Reading Laid Over Daily - No Amendments,7
SB15-041,2015,RS,2015-02-19,House Second Reading Passed - No Amendments,8
SB15-041,2015,RS,2015-02-20,House Third Reading Passed - No Amendments,9
SB15-041,2015,RS,2015-03-03,Signed by the President of the Senate,10
SB15-041,2015,RS,2015-03-04,Sent to the Governor,11
SB15-041,2015,RS,2015-03-13,Governor Signed,12
SB15-042,2015,RS,2015-01-07,Introduced In Senate - Assigned to Judiciary,1
SB15-042,2015,RS,2015-02-09,Senate Committee on Judiciary Postpone Indefinitely,2
SB15-043,2015,RS,2015-01-07,Introduced In Senate - Assigned to Judiciary,1
SB15-043,2015,RS,2015-01-26,Senate Committee on Judiciary Refer Amended - Consent Calendar to Senate Committee of the Whole,2
SB15-043,2015,RS,2015-01-29,Senate Second Reading Passed with Amendments - Committee,3
SB15-043,2015,RS,2015-01-30,Senate Third Reading Laid Over Daily - No Amendments,4
SB15-043,2015,RS,2015-02-02,Senate Third Reading Passed - No Amendments,5
SB15-043,2015,RS,2015-02-04,Introduced In House - Assigned to Judiciary,6
SB15-043,2015,RS,2015-03-03,House Committee on Judiciary Refer Unamended to House Committee of the Whole,7
SB15-043,2015,RS,2015-03-06,House Second Reading Passed - No Amendments,8
SB15-043,2015,RS,2015-03-09,House Third Reading Laid Over Daily - No Amendments,9
SB15-043,2015,RS,2015-03-10,House Third Reading Passed - No Amendments,10
SB15-043,2015,RS,2015-03-19,Signed by the President of the Senate,11
SB15-043,2015,RS,2015-03-25,Sent to the Governor,12
SB15-043,2015,RS,2015-04-03,Governor Signed,13
SB15-044,2015,RS,2015-01-07,"Introduced In Senate - Assigned to Agriculture, Natural Resources, & Energy",1
SB15-044,2015,RS,2015-01-29,"Senate Committee on Agriculture, Natural Resources, & Energy Refer Unamended to Senate Committee of the Whole",2
SB15-044,2015,RS,2015-02-03,Senate Second Reading Passed - No Amendments,3
SB15-044,2015,RS,2015-02-04,Senate Third Reading Laid Over Daily - No Amendments,4
SB15-044,2015,RS,2015-02-05,Senate Third Reading Passed - No Amendments,5
SB15-044,2015,RS,2015-02-10,"Introduced In House - Assigned to State, Veterans, & Military Affairs",6
SB15-044,2015,RS,2015-03-02,"House Committee on State, Veterans, & Military Affairs Postpone Indefinitely",7
SB15-045,2015,RS,2015-01-07,Introduced In Senate - Assigned to Education,1
SB15-045,2015,RS,2015-02-05,Senate Committee on Education Refer Unamended to Finance,2
SB15-045,2015,RS,2015-02-10,Senate Committee on Finance Refer Unamended to Appropriations,3
SB15-045,2015,RS,2015-03-13,Senate Committee on Appropriations Refer Unamended to Senate Committee of the Whole,4
SB15-045,2015,RS,2015-03-17,Senate Second Reading Laid Over to 03/19/2015 - No Amendments,5
SB15-045,2015,RS,2015-03-19,Senate Second Reading Laid Over Daily - No Amendments,6
SB15-045,2015,RS,2015-03-20,Senate Second Reading Laid Over Daily - No Amendments,7
SB15-045,2015,RS,2015-03-23,Senate Second Reading Laid Over Daily - No Amendments,8
SB15-045,2015,RS,2015-03-24,Senate Second Reading Passed with Amendments - Floor,9
SB15-045,2015,RS,2015-03-25,Senate Third Reading Passed - No Amendments,10
SB15-045,2015,RS,2015-03-30,Introduced In House - Assigned to Education + Finance,11
SB15-045,2015,RS,2015-04-27,House Committee on Education Postpone Indefinitely,12
SB15-046,2015,RS,2015-01-07,"Introduced In Senate - Assigned to Agriculture, Natural Resources, & Energy",1
SB15-046,2015,RS,2015-03-05,"Senate Committee on Agriculture, Natural Resources, & Energy Refer Amended - Consent Calendar to Senate Committee of the Whole",2
SB15-046,2015,RS,2015-03-10,Senate Second Reading Passed with Amendments - Committee,3
SB15-046,2015,RS,2015-03-11,Senate Third Reading Passed - No Amendments,4
SB15-046,2015,RS,2015-03-16,Introduced In House - Assigned to Transportation & Energy,5
SB15-046,2015,RS,2015-03-25,House Committee on Transportation & Energy Refer Unamended to House Committee of the Whole,6
SB15-046,2015,RS,2015-03-27,House Second Reading Passed - No Amendments,7
SB15-046,2015,RS,2015-03-30,House Third Reading Passed - No Amendments,8
SB15-046,2015,RS,2015-04-16,Signed by the President of the Senate,9
SB15-046,2015,RS,2015-04-17,Signed by the Speaker of the House,10
SB15-046,2015,RS,2015-04-23,Sent to the Governor,11
SB15-046,2015,RS,2015-05-01,Governor Signed,12
SB15-047,2015,RS,2015-01-07,"Introduced In Senate - Assigned to State, Veterans, & Military Affairs",1
SB15-047,2015,RS,2015-01-21,"Senate Committee on State, Veterans, & Military Affairs Refer Unamended - Consent Calendar to Senate Committee of the Whole",2
SB15-047,2015,RS,2015-01-27,Senate Second Reading Passed - No Amendments,3
SB15-047,2015,RS,2015-01-28,Senate Third Reading Passed - No Amendments,4
SB15-047,2015,RS,2015-01-28,"Introduced In House - Assigned to State, Veterans, & Military Affairs",5
SB15-047,2015,RS,2015-03-04,"House Committee on State, Veterans, & Military Affairs Refer Amended to House Committee of the Whole",6
SB15-047,2015,RS,2015-03-09,House Second Reading Passed with Amendments - Committee,7
SB15-047,2015,RS,2015-03-10,House Third Reading Passed - No Amendments,8
SB15-047,2015,RS,2015-03-12,Senate Considered House Amendments - Result was to Concur - Repass,9
SB15-047,2015,RS,2015-03-23,Signed by the President of the Senate,10
SB15-047,2015,RS,2015-03-25,Sent to the Governor,11
SB15-047,2015,RS,2015-04-03,Governor Signed,12
SB15-048,2015,RS,2015-01-08,Introduced In Senate - Assigned to Judiciary,1
SB15-048,2015,RS,2015-01-28,Senate Committee on Judiciary Postpone Indefinitely,2
SB15-049,2015,RS,2015-01-08,"Introduced In Senate - Assigned to Business, Labor, & Technology",1
SB15-049,2015,RS,2015-01-28,"Senate Committee on Business, Labor, & Technology Refer Unamended to Senate Committee of the Whole",2
SB15-049,2015,RS,2015-02-02,Senate Second Reading Passed - No Amendments,3
SB15-049,2015,RS,2015-02-03,Senate Third Reading Passed - No Amendments,4
SB15-049,2015,RS,2015-02-06,Introduced In House - Assigned to Business Affairs and Labor,5
SB15-049,2015,RS,2015-03-03,House Committee on Business Affairs and Labor Refer Unamended to House Committee of the Whole,6
SB15-049,2015,RS,2015-03-06,House Second Reading Passed - No Amendments,7
SB15-049,2015,RS,2015-03-09,House Third Reading Passed - No Amendments,8
SB15-049,2015,RS,2015-03-19,Signed by the President of the Senate,9
SB15-049,2015,RS,2015-03-25,Sent to the Governor,10
SB15-049,2015,RS,2015-04-03,Governor Signed,11
SB15-050,2015,RS,2015-01-08,Introduced In Senate - Assigned to Education + Finance,1
SB15-050,2015,RS,2015-03-19,Senate Committee on Education Postpone Indefinitely,2
SB15-051,2015,RS,2015-01-08,Introduced In Senate - Assigned to Education,1
SB15-051,2015,RS,2015-01-22,Senate Committee on Education Refer Unamended - Consent Calendar to Senate Committee of the Whole,2
SB15-051,2015,RS,2015-01-27,Senate Second Reading Passed - No Amendments,3
SB15-051,2015,RS,2015-01-28,Senate Third Reading Passed - No Amendments,4
SB15-051,2015,RS,2015-01-29,Introduced In House - Assigned to Education,5
SB15-051,2015,RS,2015-03-04,House Committee on Education Refer Unamended to House Committee of the Whole,6
SB15-051,2015,RS,2015-03-09,House Second Reading Passed - No Amendments,7
SB15-051,2015,RS,2015-03-10,House Third Reading Passed - No Amendments,8
SB15-051,2015,RS,2015-03-19,Signed by the President of the Senate,9
SB15-051,2015,RS,2015-03-25,Sent to the Governor,10
SB15-051,2015,RS,2015-04-03,Governor Signed,11
SB15-052,2015,RS,2015-01-08,Introduced In Senate - Assigned to Health & Human Services,1
SB15-052,2015,RS,2015-01-21,Senate Committee on Health & Human Services Refer Amended to Senate Committee of the Whole,2
SB15-052,2015,RS,2015-01-26,Senate Second Reading Passed with Amendments - Committee,3
SB15-052,2015,RS,2015-01-27,Senate Third Reading Passed - No Amendments,4
SB15-052,2015,RS,2015-01-27,"Introduced In House - Assigned to Health, Insurance, & Environment",5
SB15-052,2015,RS,2015-02-26,"House Committee on Health, Insurance, & Environment Postpone Indefinitely",6
SB15-053,2015,RS,2015-01-08,Introduced In Senate - Assigned to Health & Human Services,1
SB15-053,2015,RS,2015-01-21,Senate Committee on Health & Human Services Refer Amended - Consent Calendar to Senate Committee of the Whole,2
SB15-053,2015,RS,2015-01-26,Senate Second Reading Passed with Amendments - Committee,3
SB15-053,2015,RS,2015-01-27,Senate Third Reading Passed - No Amendments,4
SB15-053,2015,RS,2015-01-27,"Introduced In House - Assigned to Health, Insurance, & Environment",5
SB15-053,2015,RS,2015-03-03,"House Committee on Health, Insurance, & Environment Refer Unamended to House Committee of the Whole",6
SB15-053,2015,RS,2015-03-06,House Second Reading Passed - No Amendments,7
SB15-053,2015,RS,2015-03-09,House Third Reading Passed - No Amendments,8
SB15-053,2015,RS,2015-03-19,Signed by the President of the Senate,9
SB15-053,2015,RS,2015-03-25,Sent to the Governor,10
SB15-053,2015,RS,2015-04-06,Governor Signed,11
SB15-054,2015,RS,2015-01-12,"Introduced In Senate - Assigned to State, Veterans, & Military Affairs",1
SB15-054,2015,RS,2015-01-27,"Senate Committee on State, Veterans, & Military Affairs Postpone Indefinitely",2
SB15-055,2015,RS,2015-01-12,"Introduced In Senate - Assigned to Agriculture, Natural Resources, & Energy",1
SB15-055,2015,RS,2015-02-05,"Senate Committee on Agriculture, Natural Resources, & Energy Refer Amended to Senate Committee of the Whole",2
SB15-055,2015,RS,2015-02-10,Senate Second Reading Passed with Amendments - Committee,3
SB15-055,2015,RS,2015-02-11,Senate Third Reading Passed - No Amendments,4
SB15-055,2015,RS,2015-02-17,"Introduced In House - Assigned to Agriculture, Livestock, & Natural Resources",5
SB15-055,2015,RS,2015-03-02,"House Committee on Agriculture, Livestock, & Natural Resources Refer Unamended to House Committee of the Whole",6
SB15-055,2015,RS,2015-03-06,House Second Reading Passed - No Amendments,7
SB15-055,2015,RS,2015-03-09,House Third Reading Passed - No Amendments,8
SB15-055,2015,RS,2015-03-19,Signed by the President of the Senate,9
SB15-055,2015,RS,2015-03-25,Sent to the Governor,10
SB15-055,2015,RS,2015-03-26,Governor Signed,11
SB15-056,2015,RS,2015-01-12,Introduced In Senate - Assigned to Education,1
SB15-056,2015,RS,2015-04-09,Senate Committee on Education Refer Unamended to Appropriations,2
SB15-056,2015,RS,2015-04-30,Senate Committee on Appropriations Refer Unamended to Senate Committee of the Whole,3
SB15-056,2015,RS,2015-05-04,Senate Second Reading Special Order - Passed with Amendments - Floor,4
SB15-056,2015,RS,2015-05-05,Senate Third Reading Passed - No Amendments,5
SB15-056,2015,RS,2015-05-05,Introduced In House - Assigned to Judiciary,6
SB15-056,2015,RS,2015-05-05,House Committee on Judiciary Refer Unamended to Appropriations,7
SB15-056,2015,RS,2015-05-05,House Committee on Appropriations Refer Amended to House Committee of the Whole,8
SB15-056,2015,RS,2015-05-05,House Second Reading Passed with Amendments - Committee,9
SB15-056,2015,RS,2015-05-06,House Third Reading Passed - No Amendments,10
SB15-056,2015,RS,2015-05-06,Senate Considered House Amendments - Result was to Concur - Repass,11
SB15-056,2015,RS,2015-05-13,Signed by the President of the Senate,12
SB15-056,2015,RS,2015-05-14,Sent to the Governor,13
SB15-056,2015,RS,2015-05-14,Signed by the Speaker of the House,14
SB15-056,2015,RS,2015-05-20,Governor Signed,15
SB15-057,2015,RS,2015-01-12,"Introduced In Senate - Assigned to Business, Labor, & Technology",1
SB15-057,2015,RS,2015-01-26,"Senate Committee on Business, Labor, & Technology Refer Amended - Consent Calendar to Senate Committee of the Whole",2
SB15-057,2015,RS,2015-01-29,Senate Second Reading Passed with Amendments - Committee,3
SB15-057,2015,RS,2015-01-30,Senate Third Reading Laid Over Daily - No Amendments,4
SB15-057,2015,RS,2015-02-02,Senate Third Reading Passed - No Amendments,5
SB15-057,2015,RS,2015-02-04,Introduced In House - Assigned to Business Affairs and Labor,6
SB15-057,2015,RS,2015-02-24,House Committee on Business Affairs and Labor Refer Unamended to House Committee of the Whole,7
SB15-057,2015,RS,2015-02-27,House Second Reading Passed - No Amendments,8
SB15-057,2015,RS,2015-03-02,House Third Reading Passed - No Amendments,9
SB15-057,2015,RS,2015-03-10,Signed by the President of the Senate,10
SB15-057,2015,RS,2015-03-12,Sent to the Governor,11
SB15-057,2015,RS,2015-03-18,Governor Signed,12
SB15-058,2015,RS,2015-01-12,Introduced In Senate - Assigned to Judiciary,1
SB15-058,2015,RS,2015-02-09,Senate Committee on Judiciary Refer Amended to Senate Committee of the Whole,2
SB15-058,2015,RS,2015-02-12,Senate Second Reading Passed with Amendments - Committee,3
SB15-058,2015,RS,2015-02-13,Senate Third Reading Passed - No Amendments,4
SB15-058,2015,RS,2015-02-17,Introduced In House - Assigned to Judiciary,5
SB15-058,2015,RS,2015-03-19,House Committee on Judiciary Refer Unamended to House Committee of the Whole,6
SB15-058,2015,RS,2015-03-23,House Second Reading Laid Over Daily - No Amendments,7
SB15-058,2015,RS,2015-03-24,House Second Reading Passed with Amendments - Floor,8
SB15-058,2015,RS,2015-03-25,House Third Reading Passed - No Amendments,9
SB15-058,2015,RS,2015-03-26,Senate Considered House Amendments - Result was to Concur - Repass,10
SB15-058,2015,RS,2015-04-06,Signed by the President of the Senate,11
SB15-058,2015,RS,2015-04-09,Signed by the Speaker of the House,12
SB15-058,2015,RS,2015-04-09,Sent to the Governor,13
SB15-058,2015,RS,2015-04-16,Governor Signed,14
SB15-059,2015,RS,2015-01-12,Introduced In Senate - Assigned to Judiciary,1
SB15-059,2015,RS,2015-02-25,Senate Committee on Judiciary Postpone Indefinitely,2
SB15-060,2015,RS,2015-01-12,"Introduced In Senate - Assigned to State, Veterans, & Military Affairs",1
SB15-060,2015,RS,2015-02-02,"Senate Committee on State, Veterans, & Military Affairs Refer Amended - Consent Calendar to Senate Committee of the Whole",2
SB15-060,2015,RS,2015-02-04,Senate Second Reading Special Order - Passed with Amendments - Committee,3
SB15-060,2015,RS,2015-02-05,Senate Third Reading Passed - No Amendments,4
SB15-060,2015,RS,2015-02-10,"Introduced In House - Assigned to State, Veterans, & Military Affairs",5
SB15-060,2015,RS,2015-03-25,"House Committee on State, Veterans, & Military Affairs Refer Unamended to House Committee of the Whole",6
SB15-060,2015,RS,2015-03-27,House Second Reading Passed - No Amendments,7
SB15-060,2015,RS,2015-03-30,House Third Reading Passed - No Amendments,8
SB15-060,2015,RS,2015-04-16,Signed by the President of the Senate,9
SB15-060,2015,RS,2015-04-17,Signed by the Speaker of the House,10
SB15-060,2015,RS,2015-04-23,Sent to the Governor,11
SB15-060,2015,RS,2015-05-01,Governor Signed,12
SB15-061,2015,RS,2015-01-12,"Introduced In Senate - Assigned to State, Veterans, & Military Affairs",1
SB15-061,2015,RS,2015-01-28,"Senate Committee on State, Veterans, & Military Affairs Refer Unamended to Senate Committee of the Whole",2
SB15-061,2015,RS,2015-02-02,Senate Second Reading Laid Over Daily - No Amendments,3
SB15-061,2015,RS,2015-02-03,Senate Second Reading Passed - No Amendments,4
SB15-061,2015,RS,2015-02-04,Senate Third Reading Laid Over to 02/12/2015 - No Amendments,5
SB15-061,2015,RS,2015-02-12,Senate Third Reading Laid Over Daily - No Amendments,6
SB15-061,2015,RS,2015-02-13,Senate Third Reading Laid Over Daily - No Amendments,7
SB15-061,2015,RS,2015-02-17,Senate Third Reading Laid Over to 02/24/2015 - No Amendments,8
SB15-061,2015,RS,2015-02-24,Senate Third Reading Passed - No Amendments,9
SB15-061,2015,RS,2015-02-27,"Introduced In House - Assigned to State, Veterans, & Military Affairs",10
SB15-061,2015,RS,2015-03-25,"House Committee on State, Veterans, & Military Affairs Postpone Indefinitely",11
SB15-062,2015,RS,2015-01-12,Introduced In Senate - Assigned to Education,1
SB15-062,2015,RS,2015-01-22,Senate Committee on Education Postpone Indefinitely,2
SB15-063,2015,RS,2015-01-12,"Introduced In Senate - Assigned to Agriculture, Natural Resources, & Energy",1
SB15-063,2015,RS,2015-02-11,"Senate Committee on Agriculture, Natural Resources, & Energy Refer Amended to Appropriations",2
SB15-063,2015,RS,2015-04-10,Senate Committee on Appropriations Postpone Indefinitely,3
SB15-064,2015,RS,2015-01-14,"Introduced In Senate - Assigned to Agriculture, Natural Resources, & Energy",1
SB15-064,2015,RS,2015-02-12,"Senate Committee on Agriculture, Natural Resources, & Energy Refer Amended to Senate Committee of the Whole",2
SB15-064,2015,RS,2015-02-18,Senate Second Reading Passed with Amendments - Committee,3
SB15-064,2015,RS,2015-02-19,Senate Third Reading Passed - No Amendments,4
SB15-064,2015,RS,2015-03-02,"Introduced In House - Assigned to State, Veterans, & Military Affairs",5
SB15-064,2015,RS,2015-03-16,"House Committee on State, Veterans, & Military Affairs Postpone Indefinitely",6
SB15-065,2015,RS,2015-01-14,"Introduced In Senate - Assigned to State, Veterans, & Military Affairs",1
SB15-065,2015,RS,2015-02-03,"Senate Committee on State, Veterans, & Military Affairs Refer Amended to Senate Committee of the Whole",2
SB15-065,2015,RS,2015-02-06,Senate Second Reading Passed with Amendments - Committee,3
SB15-065,2015,RS,2015-02-09,Senate Third Reading Passed - No Amendments,4
SB15-065,2015,RS,2015-02-10,Introduced In House - Assigned to Public Health Care & Human Services,5
SB15-065,2015,RS,2015-03-24,House Committee on Public Health Care & Human Services Refer Amended to House Committee of the Whole,6
SB15-065,2015,RS,2015-03-27,House Second Reading Passed with Amendments - Committee,7
SB15-065,2015,RS,2015-03-30,House Third Reading Passed - No Amendments,8
SB15-065,2015,RS,2015-03-31,Senate Considered House Amendments - Result was to Concur - Repass,9
SB15-065,2015,RS,2015-04-16,Signed by the President of the Senate,10
SB15-065,2015,RS,2015-04-17,Signed by the Speaker of the House,11
SB15-065,2015,RS,2015-04-23,Sent to the Governor,12
SB15-065,2015,RS,2015-05-01,Governor Signed,13
SB15-066,2015,RS,2015-01-14,"Introduced In Senate - Assigned to State, Veterans, & Military Affairs",1
SB15-066,2015,RS,2015-01-28,"Senate Committee on State, Veterans, & Military Affairs Witness Testimony and/or Committee Discussion Only",2
SB15-066,2015,RS,2015-02-02,"Senate Committee on State, Veterans, & Military Affairs Postpone Indefinitely",3
SB15-067,2015,RS,2015-01-14,Introduced In Senate - Assigned to Judiciary,1
SB15-067,2015,RS,2015-01-28,Senate Committee on Judiciary Refer Unamended to Appropriations,2
SB15-067,2015,RS,2015-04-10,Senate Committee on Appropriations Refer Amended to Senate Committee of the Whole,3
SB15-067,2015,RS,2015-04-14,Senate Second Reading Passed with Amendments - Committee,4
SB15-067,2015,RS,2015-04-15,Senate Third Reading Passed - No Amendments,5
SB15-067,2015,RS,2015-04-16,Introduced In House - Assigned to Judiciary,6
SB15-067,2015,RS,2015-04-28,House Committee on Judiciary Refer Amended to Appropriations,7
SB15-067,2015,RS,2015-05-01,House Committee on Appropriations Refer Unamended to House Committee of the Whole,8
SB15-067,2015,RS,2015-05-01,House Second Reading Special Order - Laid Over Daily with Amendments - Committee,9
SB15-067,2015,RS,2015-05-04,"House Second Reading Special Order - Passed with Amendments - Committee, Floor",10
SB15-067,2015,RS,2015-05-06,House Third Reading Passed with Amendments - Floor,11
SB15-067,2015,RS,2015-05-06,Senate Considered House Amendments - Result was to Concur - Repass,12
SB15-067,2015,RS,2015-05-18,Signed by the President of the Senate,13
SB15-067,2015,RS,2015-05-18,Signed by the Speaker of the House,14
SB15-067,2015,RS,2015-05-18,Sent to the Governor,15
SB15-068,2015,RS,2015-01-14,"Introduced In Senate - Assigned to State, Veterans, & Military Affairs",1
SB15-068,2015,RS,2015-02-02,"Senate Committee on State, Veterans, & Military Affairs Postpone Indefinitely",2
SB15-069,2015,RS,2015-01-14,"Introduced In Senate - Assigned to Business, Labor, & Technology",1
SB15-069,2015,RS,2015-02-09,"Senate Committee on Business, Labor, & Technology Refer Unamended to Appropriations",2
SB15-069,2015,RS,2015-03-13,Senate Committee on Appropriations Refer Amended to Senate Committee of the Whole,3
SB15-069,2015,RS,2015-03-17,Senate Second Reading Laid Over to 03/20/2015 - No Amendments,4
SB15-069,2015,RS,2015-03-20,Senate Second Reading Passed with Amendments - Committee,5
SB15-069,2015,RS,2015-03-23,Senate Third Reading Laid Over Daily - No Amendments,6
SB15-069,2015,RS,2015-03-24,Senate Third Reading Passed - No Amendments,7
SB15-069,2015,RS,2015-03-27,"Introduced In House - Assigned to State, Veterans, & Military Affairs",8
SB15-069,2015,RS,2015-04-20,"House Committee on State, Veterans, & Military Affairs Postpone Indefinitely",9
SB15-070,2015,RS,2015-01-14,Introduced In Senate - Assigned to Health & Human Services,1
SB15-070,2015,RS,2015-02-11,Senate Committee on Health & Human Services Postpone Indefinitely,2
SB15-071,2015,RS,2015-01-14,Introduced In Senate - Assigned to Health & Human Services,1
SB15-071,2015,RS,2015-01-29,Senate Committee on Health & Human Services Refer Amended to Senate Committee of the Whole,2
SB15-071,2015,RS,2015-02-04,"Senate Second Reading Special Order - Passed with Amendments - Committee, Floor",3
SB15-071,2015,RS,2015-02-05,Senate Third Reading Passed - No Amendments,4
SB15-071,2015,RS,2015-02-10,"Introduced In House - Assigned to Health, Insurance, & Environment",5
SB15-071,2015,RS,2015-03-05,"House Committee on Health, Insurance, & Environment Refer Unamended to House Committee of the Whole",6
SB15-071,2015,RS,2015-03-09,House Second Reading Passed - No Amendments,7
SB15-071,2015,RS,2015-03-10,House Third Reading Passed - No Amendments,8
SB15-071,2015,RS,2015-03-19,Signed by the President of the Senate,9
SB15-071,2015,RS,2015-03-25,Sent to the Governor,10
SB15-071,2015,RS,2015-04-03,Governor Signed,11
SB15-072,2015,RS,2015-01-14,Introduced In Senate - Assigned to Education,1
SB15-072,2015,RS,2015-04-23,Senate Committee on Education Postpone Indefinitely,2
SB15-073,2015,RS,2015-01-14,Introduced In Senate - Assigned to Education + Finance,1
SB15-073,2015,RS,2015-04-09,Senate Committee on Education Postpone Indefinitely,2
SB15-074,2015,RS,2015-01-14,Introduced In Senate - Assigned to Health & Human Services,1
SB15-074,2015,RS,2015-02-05,Senate Committee on Health & Human Services Refer Amended to Senate Committee of the Whole,2
SB15-074,2015,RS,2015-02-10,"Senate Second Reading Passed with Amendments - Committee, Floor",3
SB15-074,2015,RS,2015-02-11,Senate Third Reading Passed - No Amendments,4
SB15-074,2015,RS,2015-02-17,"Introduced In House - Assigned to State, Veterans, & Military Affairs",5
SB15-074,2015,RS,2015-03-16,"House Committee on State, Veterans, & Military Affairs Postpone Indefinitely",6
SB15-075,2015,RS,2015-01-14,"Introduced In Senate - Assigned to Agriculture, Natural Resources, & Energy",1
SB15-075,2015,RS,2015-02-04,"Senate Committee on Agriculture, Natural Resources, & Energy Postpone Indefinitely",2
SB15-076,2015,RS,2015-01-14,"Introduced In Senate - Assigned to Agriculture, Natural Resources, & Energy",1
SB15-076,2015,RS,2015-04-30,"Senate Committee on Agriculture, Natural Resources, & Energy Postpone Indefinitely",2
SB15-077,2015,RS,2015-01-14,Introduced In Senate - Assigned to Education,1
SB15-077,2015,RS,2015-02-05,Senate Committee on Education Refer Amended to Senate Committee of the Whole,2
SB15-077,2015,RS,2015-02-11,"Senate Second Reading Passed with Amendments - Committee, Floor",3
SB15-077,2015,RS,2015-02-12,Senate Third Reading Passed - No Amendments,4
SB15-077,2015,RS,2015-02-17,Introduced In House - Assigned to Public Health Care & Human Services,5
SB15-077,2015,RS,2015-03-17,House Committee on Public Health Care & Human Services Postpone Indefinitely,6
SB15-078,2015,RS,2015-01-14,"Introduced In Senate - Assigned to State, Veterans, & Military Affairs",1
SB15-078,2015,RS,2015-02-04,"Senate Committee on State, Veterans, & Military Affairs Refer Amended to Appropriations",2
SB15-078,2015,RS,2015-03-13,Senate Committee on Appropriations Refer Amended to Senate Committee of the Whole,3
SB15-078,2015,RS,2015-03-17,Senate Second Reading Passed with Amendments - Committee,4
SB15-078,2015,RS,2015-03-18,Senate Third Reading Passed - No Amendments,5
SB15-078,2015,RS,2015-03-23,"Introduced In House - Assigned to State, Veterans, & Military Affairs",6
SB15-078,2015,RS,2015-04-01,"House Committee on State, Veterans, & Military Affairs Postpone Indefinitely",7
SB15-079,2015,RS,2015-01-14,"Introduced In Senate - Assigned to State, Veterans, & Military Affairs",1
SB15-079,2015,RS,2015-03-11,"Senate Committee on State, Veterans, & Military Affairs Postpone Indefinitely",2
SB15-080,2015,RS,2015-01-14,Introduced In Senate - Assigned to Finance,1
SB15-080,2015,RS,2015-02-10,Senate Committee on Finance Refer Amended to Senate Committee of the Whole,2
SB15-080,2015,RS,2015-02-13,Senate Second Reading Passed with Amendments - Committee,3
SB15-080,2015,RS,2015-02-17,Senate Third Reading Passed - No Amendments,4
SB15-080,2015,RS,2015-02-17,Senate Third Reading Reconsidered - No Amendments,5
SB15-080,2015,RS,2015-02-17,Senate Third Reading Passed - No Amendments,6
SB15-080,2015,RS,2015-02-20,"Introduced In House - Assigned to State, Veterans, & Military Affairs + Finance",7
SB15-080,2015,RS,2015-03-18,"House Committee on State, Veterans, & Military Affairs Postpone Indefinitely",8
SB15-081,2015,RS,2015-01-14,Introduced In Senate - Assigned to Finance,1
SB15-081,2015,RS,2015-01-29,Senate Committee on Finance Postpone Indefinitely,2
SB15-082,2015,RS,2015-01-14,Introduced In Senate - Assigned to Local Government,1
SB15-082,2015,RS,2015-02-03,Senate Committee on Local Government Refer Amended - Consent Calendar to Senate Committee of the Whole,2
SB15-082,2015,RS,2015-02-06,Senate Second Reading Passed with Amendments - Committee,3
SB15-082,2015,RS,2015-02-09,Senate Third Reading Passed - No Amendments,4
SB15-082,2015,RS,2015-02-10,Introduced In House - Assigned to Local Government,5
SB15-082,2015,RS,2015-02-18,House Committee on Local Government Refer Unamended to House Committee of the Whole,6
SB15-082,2015,RS,2015-02-23,House Second Reading Passed - No Amendments,7
SB15-082,2015,RS,2015-02-25,House Third Reading Passed - No Amendments,8
SB15-082,2015,RS,2015-03-03,Signed by the President of the Senate,9
SB15-082,2015,RS,2015-03-04,Sent to the Governor,10
SB15-082,2015,RS,2015-03-13,Governor Signed,11
SB15-083,2015,RS,2015-01-14,"Introduced In Senate - Assigned to Judiciary + State, Veterans, & Military Affairs",1
SB15-083,2015,RS,2015-02-04,Senate Committee on Judiciary Postpone Indefinitely,2
SB15-084,2015,RS,2015-01-14,"Introduced In Senate - Assigned to Agriculture, Natural Resources, & Energy",1
SB15-084,2015,RS,2015-02-05,"Senate Committee on Agriculture, Natural Resources, & Energy Witness Testimony and/or Committee Discussion Only",2
SB15-084,2015,RS,2015-02-11,"Senate Committee on Agriculture, Natural Resources, & Energy Postpone Indefinitely",3
SB15-085,2015,RS,2015-01-14,"Introduced In Senate - Assigned to Agriculture, Natural Resources, & Energy",1
SB15-085,2015,RS,2015-01-29,"Senate Committee on Agriculture, Natural Resources, & Energy Refer Amended - Consent Calendar to Senate Committee of the Whole",2
SB15-085,2015,RS,2015-02-03,Senate Second Reading Passed with Amendments - Committee,3
SB15-085,2015,RS,2015-02-04,Senate Third Reading Passed - No Amendments,4
SB15-085,2015,RS,2015-02-09,Introduced In House - Assigned to Business Affairs and Labor,5
SB15-085,2015,RS,2015-02-19,House Committee on Business Affairs and Labor Refer Amended to House Committee of the Whole,6
SB15-085,2015,RS,2015-02-24,House Second Reading Passed with Amendments - Committee,7
SB15-085,2015,RS,2015-02-25,House Third Reading Passed - No Amendments,8
SB15-085,2015,RS,2015-02-27,Senate Considered House Amendments - Result was to Laid Over Daily,9
SB15-085,2015,RS,2015-02-27,Senate Considered House Amendments - Result was to Laid Over Daily,10
SB15-085,2015,RS,2015-03-02,Senate Considered House Amendments - Result was to Not Concur - Request Conference Committee,11
SB15-085,2015,RS,2015-03-05,First Conference Committee Result was to Adopt Rerevised w/ Amendments,12
SB15-085,2015,RS,2015-03-09,House Consideration of First Conference Committee Report result was to Adopt Committee Report - Repass,13
SB15-085,2015,RS,2015-03-18,"Senate Consideration of First Conference Committee Report result was to Reject, Discharge and Appoint",14
SB15-085,2015,RS,2015-03-19,"House Consideration of First Conference Committee Report result was to Reject, Discharge and Appoint",15
SB15-085,2015,RS,2015-03-23,Second Conference Committee Result was to Adopt Rerevised w/ Amendments,16
SB15-085,2015,RS,2015-03-25,House Consideration of Second Conference Committee Report result was to Adopt Committee Report - Repass,17
SB15-085,2015,RS,2015-03-26,Senate Consideration of Second Conference Committee Report result was to Adopt Committee Report - Repass,18
SB15-085,2015,RS,2015-04-16,Signed by the President of the Senate,19
SB15-085,2015,RS,2015-04-17,Signed by the Speaker of the House,20
SB15-085,2015,RS,2015-04-23,Sent to the Governor,21
SB15-085,2015,RS,2015-05-01,Governor Signed,22
SB15-086,2015,RS,2015-01-14,Introduced In Senate - Assigned to Judiciary,1
SB15-086,2015,RS,2015-02-02,Senate Committee on Judiciary Refer Unamended to Finance,2
SB15-086,2015,RS,2015-02-04,Senate Committee on Judiciary Refer Unamended to Appropriations,3
SB15-086,2015,RS,2015-03-13,Senate Committee on Appropriations Refer Amended to Senate Committee of the Whole,4
SB15-086,2015,RS,2015-03-17,Senate Second Reading Laid Over to 03/20/2015 - No Amendments,5
SB15-086,2015,RS,2015-03-20,Senate Second Reading Laid Over Daily - No Amendments,6
SB15-086,2015,RS,2015-03-23,Senate Second Reading Laid Over Daily - No Amendments,7
SB15-086,2015,RS,2015-03-24,"Senate Second Reading Passed with Amendments - Committee, Floor",8
SB15-086,2015,RS,2015-03-25,Senate Third Reading Passed - No Amendments,9
SB15-086,2015,RS,2015-03-30,"Introduced In House - Assigned to State, Veterans, & Military Affairs",10
SB15-086,2015,RS,2015-04-13,"House Committee on State, Veterans, & Military Affairs Postpone Indefinitely",11
SB15-087,2015,RS,2015-01-14,Introduced In Senate - Assigned to Health & Human Services + Judiciary,1
SB15-087,2015,RS,2015-02-04,Senate Committee on Health & Human Services Refer Amended to Judiciary,2
SB15-087,2015,RS,2015-02-18,Senate Committee on Judiciary Refer Amended to Senate Committee of the Whole,3
SB15-087,2015,RS,2015-02-24,"Senate Second Reading Passed with Amendments - Committee, Floor",4
SB15-087,2015,RS,2015-02-25,Senate Third Reading Laid Over Daily - No Amendments,5
SB15-087,2015,RS,2015-02-26,Senate Third Reading Passed - No Amendments,6
SB15-087,2015,RS,2015-03-03,Introduced In House - Assigned to Public Health Care & Human Services,7
SB15-087,2015,RS,2015-03-20,House Committee on Public Health Care & Human Services Refer Amended to House Committee of the Whole,8
SB15-087,2015,RS,2015-04-10,House Second Reading Laid Over to 04/23/2015 - No Amendments,9
SB15-087,2015,RS,2015-04-23,"House Second Reading Passed with Amendments - Committee, Floor",10
SB15-087,2015,RS,2015-04-27,House Third Reading Passed - No Amendments,11
SB15-087,2015,RS,2015-04-28,Senate Considered House Amendments - Result was to Laid Over Daily,12
SB15-087,2015,RS,2015-04-29,Senate Considered House Amendments - Result was to Concur - Repass,13
SB15-087,2015,RS,2015-05-18,Signed by the President of the Senate,14
SB15-087,2015,RS,2015-05-18,Signed by the Speaker of the House,15
SB15-087,2015,RS,2015-05-18,Sent to the Governor,16
SB15-087,2015,RS,2015-06-02,Governor Signed,17
SB15-088,2015,RS,2015-01-14,"Introduced In Senate - Assigned to State, Veterans, & Military Affairs",1
SB15-088,2015,RS,2015-01-28,"Senate Committee on State, Veterans, & Military Affairs Postpone Indefinitely",2
SB15-089,2015,RS,2015-01-14,"Introduced In Senate - Assigned to State, Veterans, & Military Affairs",1
SB15-089,2015,RS,2015-02-09,"Senate Committee on State, Veterans, & Military Affairs Refer Unamended to Appropriations",2
SB15-089,2015,RS,2015-04-10,Senate Committee on Appropriations Postpone Indefinitely,3
SB15-090,2015,RS,2015-01-14,Introduced In Senate - Assigned to Transportation + Finance,1
SB15-090,2015,RS,2015-02-10,Senate Committee on Transportation Refer Amended to Finance,2
SB15-090,2015,RS,2015-02-12,Senate Committee on Finance Refer Amended to Appropriations,3
SB15-090,2015,RS,2015-03-13,Senate Committee on Appropriations Refer Amended - Consent Calendar to Senate Committee of the Whole,4
SB15-090,2015,RS,2015-03-17,Senate Second Reading Laid Over Daily - No Amendments,5
SB15-090,2015,RS,2015-03-18,"Senate Second Reading Passed with Amendments - Committee, Floor",6
SB15-090,2015,RS,2015-03-19,Senate Third Reading Passed - No Amendments,7
SB15-090,2015,RS,2015-03-23,Introduced In House - Assigned to Transportation & Energy + Appropriations,8
SB15-090,2015,RS,2015-04-02,House Committee on Transportation & Energy Refer Amended to Finance,9
SB15-090,2015,RS,2015-04-29,House Committee on Finance Refer Unamended to Appropriations,10
SB15-090,2015,RS,2015-05-04,House Committee on Appropriations Refer Amended to House Committee of the Whole,11
SB15-090,2015,RS,2015-05-04,House Second Reading Special Order - Passed with Amendments - Committee,12
SB15-090,2015,RS,2015-05-05,House Third Reading Passed with Amendments - Floor,13
SB15-090,2015,RS,2015-05-05,Senate Considered House Amendments - Result was to Laid Over Daily,14
SB15-090,2015,RS,2015-05-06,Senate Considered House Amendments - Result was to Concur - Repass,15
SB15-090,2015,RS,2015-05-13,Signed by the President of the Senate,16
SB15-090,2015,RS,2015-05-14,Sent to the Governor,17
SB15-090,2015,RS,2015-05-14,Signed by the Speaker of the House,18
SB15-090,2015,RS,2015-06-05,Governor Signed,19
SB15-091,2015,RS,2015-01-14,"Introduced In Senate - Assigned to State, Veterans, & Military Affairs",1
SB15-091,2015,RS,2015-03-16,"Senate Committee on State, Veterans, & Military Affairs Refer Amended to Senate Committee of the Whole",2
SB15-091,2015,RS,2015-03-19,Senate Second Reading Laid Over Daily - No Amendments,3
SB15-091,2015,RS,2015-03-20,Senate Second Reading Laid Over Daily - No Amendments,4
SB15-091,2015,RS,2015-03-23,Senate Second Reading Laid Over Daily - No Amendments,5
SB15-091,2015,RS,2015-03-24,Senate Second Reading Laid Over Daily - No Amendments,6
SB15-091,2015,RS,2015-03-25,Senate Second Reading Laid Over to 03/30/2015 - No Amendments,7
SB15-091,2015,RS,2015-03-30,Senate Second Reading Laid Over to 4/6/2015 - No Amendments,8
SB15-091,2015,RS,2015-04-06,Senate Second Reading Laid Over to 04/09/2015 - No Amendments,9
SB15-091,2015,RS,2015-04-09,Senate Second Reading Passed with Amendments - Committee,10
SB15-091,2015,RS,2015-04-10,Senate Third Reading Passed - No Amendments,11
SB15-091,2015,RS,2015-04-13,"Introduced In House - Assigned to State, Veterans, & Military Affairs",12
SB15-091,2015,RS,2015-04-22,"House Committee on State, Veterans, & Military Affairs Postpone Indefinitely",13
SB15-092,2015,RS,2015-01-14,"Introduced In Senate - Assigned to State, Veterans, & Military Affairs",1
SB15-092,2015,RS,2015-03-04,"Senate Committee on State, Veterans, & Military Affairs Postpone Indefinitely",2
SB15-093,2015,RS,2015-01-14,"Introduced In Senate - Assigned to Agriculture, Natural Resources, & Energy",1
SB15-093,2015,RS,2015-02-12,"Senate Committee on Agriculture, Natural Resources, & Energy Refer Unamended to Senate Committee of the Whole",2
SB15-093,2015,RS,2015-02-18,Senate Second Reading Laid Over to 02/20/2015 - No Amendments,3
SB15-093,2015,RS,2015-02-20,Senate Second Reading Passed with Amendments - Floor,4
SB15-093,2015,RS,2015-02-24,Senate Third Reading Passed - No Amendments,5
SB15-093,2015,RS,2015-02-24,Senate Third Reading Reconsidered - No Amendments,6
SB15-093,2015,RS,2015-02-24,Senate Third Reading Passed - No Amendments,7
SB15-093,2015,RS,2015-02-27,"Introduced In House - Assigned to State, Veterans, & Military Affairs",8
SB15-093,2015,RS,2015-03-16,"House Committee on State, Veterans, & Military Affairs Postpone Indefinitely",9
SB15-094,2015,RS,2015-01-14,"Introduced In Senate - Assigned to State, Veterans, & Military Affairs",1
SB15-094,2015,RS,2015-01-26,"Senate Committee on State, Veterans, & Military Affairs Postpone Indefinitely",2
SB15-095,2015,RS,2015-01-14,Introduced In Senate - Assigned to Finance,1
SB15-095,2015,RS,2015-02-03,Senate Committee on Finance Postpone Indefinitely,2
SB15-096,2015,RS,2015-01-14,Introduced In Senate - Assigned to Local Government,1
SB15-096,2015,RS,2015-02-03,Senate Committee on Local Government Postpone Indefinitely,2
SB15-097,2015,RS,2015-01-14,Introduced In Senate - Assigned to Finance,1
SB15-097,2015,RS,2015-02-10,Senate Committee on Finance Refer Unamended to Appropriations,2
SB15-097,2015,RS,2015-02-13,Senate Committee on Appropriations Refer Amended - Consent Calendar to Senate Committee of the Whole,3
SB15-097,2015,RS,2015-02-18,Senate Second Reading Laid Over Daily - No Amendments,4
SB15-097,2015,RS,2015-02-19,"Senate Second Reading Passed with Amendments - Committee, Floor",5
SB15-097,2015,RS,2015-02-20,Senate Third Reading Passed - No Amendments,6
SB15-097,2015,RS,2015-02-25,Introduced In House - Assigned to Finance,7
SB15-097,2015,RS,2015-03-12,House Committee on Finance Refer Unamended to House Committee of the Whole,8
SB15-097,2015,RS,2015-03-16,House Second Reading Passed - No Amendments,9
SB15-097,2015,RS,2015-03-17,House Third Reading Passed - No Amendments,10
SB15-097,2015,RS,2015-04-06,Signed by the President of the Senate,11
SB15-097,2015,RS,2015-04-09,Signed by the Speaker of the House,12
SB15-097,2015,RS,2015-04-10,Sent to the Governor,13
SB15-097,2015,RS,2015-04-16,Governor Signed,14
SB15-098,2015,RS,2015-01-16,Introduced In Senate - Assigned to Appropriations,1
SB15-098,2015,RS,2015-01-21,Senate Committee on Appropriations Refer Amended - Consent Calendar to Senate Committee of the Whole,2
SB15-098,2015,RS,2015-01-23,Senate Second Reading Passed with Amendments - Committee,3
SB15-098,2015,RS,2015-01-26,Senate Third Reading Passed - No Amendments,4
SB15-098,2015,RS,2015-01-26,Introduced In House - Assigned to Appropriations,5
SB15-098,2015,RS,2015-01-30,House Committee on Appropriations Refer Unamended to House Committee of the Whole,6
SB15-098,2015,RS,2015-02-03,House Second Reading Passed - No Amendments,7
SB15-098,2015,RS,2015-02-04,House Third Reading Passed - No Amendments,8
SB15-098,2015,RS,2015-02-11,Signed by the President of the Senate,9
SB15-098,2015,RS,2015-02-13,Signed by the Speaker of the House,10
SB15-098,2015,RS,2015-02-17,Sent to the Governor,11
SB15-098,2015,RS,2015-02-25,Governor Signed,12
SB15-099,2015,RS,2015-01-21,Introduced In Senate - Assigned to Judiciary,1
SB15-099,2015,RS,2015-02-09,Senate Committee on Judiciary Refer Unamended - Consent Calendar to Senate Committee of the Whole,2
SB15-099,2015,RS,2015-02-12,Senate Second Reading Passed - No Amendments,3
SB15-099,2015,RS,2015-02-13,Senate Third Reading Passed - No Amendments,4
SB15-099,2015,RS,2015-02-17,Introduced In House - Assigned to Judiciary,5
SB15-099,2015,RS,2015-03-17,House Committee on Judiciary Refer Unamended to House Committee of the Whole,6
SB15-099,2015,RS,2015-03-20,House Second Reading Passed - No Amendments,7
SB15-099,2015,RS,2015-03-23,House Third Reading Passed - No Amendments,8
SB15-099,2015,RS,2015-04-06,Signed by the President of the Senate,9
SB15-099,2015,RS,2015-04-09,Signed by the Speaker of the House,10
SB15-099,2015,RS,2015-04-09,Sent to the Governor,11
SB15-099,2015,RS,2015-04-16,Governor Signed,12
SB15-100,2015,RS,2015-01-22,Introduced In Senate - Assigned to Legal Services,1
SB15-100,2015,RS,2015-02-06,Senate Committee on Legal Services Refer Unamended to Senate Committee of the Whole,2
SB15-100,2015,RS,2015-02-12,Senate Second Reading Passed - No Amendments,3
SB15-100,2015,RS,2015-02-13,Senate Third Reading Laid Over Daily - No Amendments,4
SB15-100,2015,RS,2015-02-17,Senate Third Reading Laid Over to 02/20/2015 - No Amendments,5
SB15-100,2015,RS,2015-02-20,Senate Third Reading Laid Over to 02/27/2015 - No Amendments,6
SB15-100,2015,RS,2015-02-27,Senate Third Reading Laid Over Daily - No Amendments,7
SB15-100,2015,RS,2015-03-02,Senate Third Reading Laid Over to 03/06/2015 - No Amendments,8
SB15-100,2015,RS,2015-03-06,Senate Third Reading Laid Over Daily - No Amendments,9
SB15-100,2015,RS,2015-03-09,Senate Third Reading Re-referred to Legal Services - No Amendments,10
SB15-100,2015,RS,2015-03-27,Senate Committee on Refer Amended to Senate Committee of the Whole,11
SB15-100,2015,RS,2015-04-01,Senate Second Reading Laid Over to 04/06/2015 - No Amendments,12
SB15-100,2015,RS,2015-04-06,Senate Second Reading Passed with Amendments - Committee,13
SB15-100,2015,RS,2015-04-07,Senate Third Reading Passed - No Amendments,14
SB15-100,2015,RS,2015-04-08,Introduced In House - Assigned to Legal Services,15
SB15-100,2015,RS,2015-04-23,House Committee on Legal Services Refer Unamended to House Committee of the Whole,16
SB15-100,2015,RS,2015-04-23,House Second Reading Special Order - Passed - No Amendments,17
SB15-100,2015,RS,2015-04-27,House Third Reading Passed - No Amendments,18
SB15-100,2015,RS,2015-04-29,Signed by the President of the Senate,19
SB15-100,2015,RS,2015-04-30,Signed by the Speaker of the House,20
SB15-100,2015,RS,2015-05-01,Sent to the Governor,21
SB15-100,2015,RS,2015-05-11,Governor Signed,22
SB15-101,2015,RS,2015-01-22,"Introduced In Senate - Assigned to Business, Labor, & Technology",1
SB15-101,2015,RS,2015-02-09,"Senate Committee on Business, Labor, & Technology Refer Amended to Senate Committee of the Whole",2
SB15-101,2015,RS,2015-02-12,Senate Second Reading Laid Over to 02/20/2015 - No Amendments,3
SB15-101,2015,RS,2015-02-20,"Senate Second Reading Passed with Amendments - Committee, Floor",4
SB15-101,2015,RS,2015-02-24,Senate Third Reading Passed - No Amendments,5
SB15-101,2015,RS,2015-02-27,"Introduced In House - Assigned to State, Veterans, & Military Affairs",6
SB15-101,2015,RS,2015-03-18,"House Committee on State, Veterans, & Military Affairs Postpone Indefinitely",7
SB15-102,2015,RS,2015-01-23,Introduced In Senate - Assigned to Finance,1
SB15-102,2015,RS,2015-02-05,Senate Committee on Finance Refer Unamended to Appropriations,2
SB15-102,2015,RS,2015-02-20,Senate Committee on Appropriations Refer Unamended - Consent Calendar to Senate Committee of the Whole,3
SB15-102,2015,RS,2015-02-24,Senate Second Reading Passed - No Amendments,4
SB15-102,2015,RS,2015-02-25,Senate Third Reading Laid Over Daily - No Amendments,5
SB15-102,2015,RS,2015-02-26,Senate Third Reading Laid Over Daily - No Amendments,6
SB15-102,2015,RS,2015-02-27,Senate Third Reading Laid Over Daily - No Amendments,7
SB15-102,2015,RS,2015-03-02,Senate Third Reading Laid Over to 03/06/2015 - No Amendments,8
SB15-102,2015,RS,2015-03-06,Senate Third Reading Passed - No Amendments,9
SB15-102,2015,RS,2015-03-11,Introduced In House - Assigned to Finance,10
SB15-102,2015,RS,2015-04-15,House Committee on Finance Refer Unamended to House Committee of the Whole,11
SB15-102,2015,RS,2015-04-17,House Second Reading Passed - No Amendments,12
SB15-102,2015,RS,2015-04-20,House Third Reading Passed - No Amendments,13
SB15-102,2015,RS,2015-05-13,Signed by the President of the Senate,14
SB15-102,2015,RS,2015-05-14,Sent to the Governor,15
SB15-102,2015,RS,2015-05-14,Signed by the Speaker of the House,16
SB15-102,2015,RS,2015-05-29,Governor Signed,17
SB15-103,2015,RS,2015-01-23,Introduced In Senate - Assigned to Health & Human Services,1
SB15-103,2015,RS,2015-02-12,Senate Committee on Health & Human Services Refer Unamended - Consent Calendar to Senate Committee of the Whole,2
SB15-103,2015,RS,2015-02-18,Senate Second Reading Passed - No Amendments,3
SB15-103,2015,RS,2015-02-19,Senate Third Reading Passed - No Amendments,4
SB15-103,2015,RS,2015-02-24,"Introduced In House - Assigned to Health, Insurance, & Environment",5
SB15-103,2015,RS,2015-03-10,"House Committee on Health, Insurance, & Environment Refer Unamended to House Committee of the Whole",6
SB15-103,2015,RS,2015-03-13,House Second Reading Laid Over Daily - No Amendments,7
SB15-103,2015,RS,2015-03-16,House Second Reading Special Order - Passed - No Amendments,8
SB15-103,2015,RS,2015-03-17,House Third Reading Passed - No Amendments,9
SB15-103,2015,RS,2015-03-23,Signed by the President of the Senate,10
SB15-103,2015,RS,2015-03-25,Sent to the Governor,11
SB15-103,2015,RS,2015-04-03,Governor Signed,12
SB15-104,2015,RS,2015-01-23,Introduced In Senate - Assigned to Finance,1
SB15-104,2015,RS,2015-02-05,Senate Committee on Finance Refer Unamended to Appropriations,2
SB15-104,2015,RS,2015-02-20,Senate Committee on Appropriations Refer Unamended to Senate Committee of the Whole,3
SB15-104,2015,RS,2015-02-24,Senate Second Reading Passed - No Amendments,4
SB15-104,2015,RS,2015-02-25,Senate Third Reading Laid Over Daily - No Amendments,5
SB15-104,2015,RS,2015-02-26,Senate Third Reading Laid Over Daily - No Amendments,6
SB15-104,2015,RS,2015-02-27,Senate Third Reading Laid Over Daily - No Amendments,7
SB15-104,2015,RS,2015-03-02,Senate Third Reading Laid Over to 03/06/2015 - No Amendments,8
SB15-104,2015,RS,2015-03-06,Senate Third Reading Passed - No Amendments,9
SB15-104,2015,RS,2015-03-11,Introduced In House - Assigned to Finance,10
SB15-104,2015,RS,2015-04-15,House Committee on Finance Refer Unamended to House Committee of the Whole,11
SB15-104,2015,RS,2015-04-17,House Second Reading Passed - No Amendments,12
SB15-104,2015,RS,2015-04-20,House Third Reading Passed - No Amendments,13
SB15-104,2015,RS,2015-04-27,Signed by the President of the Senate,14
SB15-104,2015,RS,2015-04-28,Signed by the Speaker of the House,15
SB15-104,2015,RS,2015-04-29,Sent to the Governor,16
SB15-104,2015,RS,2015-05-11,Governor Signed,17
SB15-105,2015,RS,2015-01-23,Introduced In Senate - Assigned to Health & Human Services,1
SB15-105,2015,RS,2015-02-12,Senate Committee on Health & Human Services Refer Unamended to Senate Committee of the Whole,2
SB15-105,2015,RS,2015-02-18,Senate Second Reading Passed - No Amendments,3
SB15-105,2015,RS,2015-02-19,Senate Third Reading Passed - No Amendments,4
SB15-105,2015,RS,2015-02-24,"Introduced In House - Assigned to Health, Insurance, & Environment",5
SB15-105,2015,RS,2015-03-17,"House Committee on Health, Insurance, & Environment Refer Unamended to House Committee of the Whole",6
SB15-105,2015,RS,2015-03-20,House Second Reading Passed - No Amendments,7
SB15-105,2015,RS,2015-03-23,House Third Reading Passed - No Amendments,8
SB15-105,2015,RS,2015-04-06,Signed by the President of the Senate,9
SB15-105,2015,RS,2015-04-09,Signed by the Speaker of the House,10
SB15-105,2015,RS,2015-04-09,Sent to the Governor,11
SB15-105,2015,RS,2015-04-16,Governor Signed,12
SB15-106,2015,RS,2015-01-23,"Introduced In Senate - Assigned to Business, Labor, & Technology",1
SB15-106,2015,RS,2015-02-04,"Senate Committee on Business, Labor, & Technology Refer Unamended to Finance",2
SB15-106,2015,RS,2015-02-10,Senate Committee on Finance Refer Amended to Appropriations,3
SB15-106,2015,RS,2015-02-20,Senate Committee on Appropriations Refer Amended to Senate Committee of the Whole,4
SB15-106,2015,RS,2015-02-24,Senate Second Reading Passed with Amendments - Committee,5
SB15-106,2015,RS,2015-02-25,Senate Third Reading Laid Over Daily - No Amendments,6
SB15-106,2015,RS,2015-02-26,Senate Third Reading Passed - No Amendments,7
SB15-106,2015,RS,2015-03-03,Introduced In House - Assigned to Business Affairs and Labor,8
SB15-106,2015,RS,2015-03-10,House Committee on Business Affairs and Labor Refer Unamended to Appropriations,9
SB15-106,2015,RS,2015-03-20,House Committee on Appropriations Refer Unamended to House Committee of the Whole,10
SB15-106,2015,RS,2015-03-23,House Second Reading Laid Over Daily - No Amendments,11
SB15-106,2015,RS,2015-03-24,House Second Reading Passed with Amendments - Floor,12
SB15-106,2015,RS,2015-03-25,House Third Reading Passed - No Amendments,13
SB15-106,2015,RS,2015-03-26,Senate Considered House Amendments - Result was to Concur - Repass,14
SB15-106,2015,RS,2015-04-16,Signed by the President of the Senate,15
SB15-106,2015,RS,2015-04-17,Signed by the Speaker of the House,16
SB15-106,2015,RS,2015-04-23,Sent to the Governor,17
SB15-106,2015,RS,2015-05-01,Governor Signed,18
SB15-107,2015,RS,2015-01-23,"Introduced In Senate - Assigned to Business, Labor, & Technology",1
SB15-107,2015,RS,2015-05-04,"Senate Committee on Business, Labor, & Technology Postpone Indefinitely",2
SB15-108,2015,RS,2015-01-23,Introduced In Senate - Assigned to Education,1
SB15-108,2015,RS,2015-01-29,Senate Committee on Education Refer Unamended - Consent Calendar to Senate Committee of the Whole,2
SB15-108,2015,RS,2015-02-04,Senate Second Reading Special Order - Passed - No Amendments,3
SB15-108,2015,RS,2015-02-05,Senate Third Reading Passed - No Amendments,4
SB15-108,2015,RS,2015-02-09,Introduced In House - Assigned to Appropriations,5
SB15-108,2015,RS,2015-02-10,House Committee on Appropriations Refer Unamended to House Committee of the Whole,6
SB15-108,2015,RS,2015-02-11,House Second Reading Passed - No Amendments,7
SB15-108,2015,RS,2015-02-12,House Third Reading Passed - No Amendments,8
SB15-108,2015,RS,2015-02-27,Signed by the President of the Senate,9
SB15-108,2015,RS,2015-03-04,Sent to the Governor,10
SB15-108,2015,RS,2015-03-13,Governor Signed,11
SB15-109,2015,RS,2015-01-23,Introduced In Senate - Assigned to Health & Human Services,1
SB15-109,2015,RS,2015-02-11,Senate Committee on Health & Human Services Witness Testimony and/or Committee Discussion Only,2
SB15-109,2015,RS,2015-02-25,Senate Committee on Health & Human Services Refer Amended to Appropriations,3
SB15-109,2015,RS,2015-04-10,Senate Committee on Appropriations Refer Amended to Senate Committee of the Whole,4
SB15-109,2015,RS,2015-04-14,"Senate Second Reading Passed with Amendments - Committee, Floor",5
SB15-109,2015,RS,2015-04-15,Senate Third Reading Passed - No Amendments,6
SB15-109,2015,RS,2015-04-16,"Introduced In House - Assigned to Health, Insurance, & Environment",7
SB15-109,2015,RS,2015-04-23,"House Committee on Health, Insurance, & Environment Witness Testimony and/or Committee Discussion Only",8
SB15-109,2015,RS,2015-04-28,"House Committee on Health, Insurance, & Environment Refer Amended to Appropriations",9
SB15-109,2015,RS,2015-04-29,House Committee on Appropriations Refer Unamended to House Committee of the Whole,10
SB15-109,2015,RS,2015-04-29,House Second Reading Special Order - Passed with Amendments - Committee,11
SB15-109,2015,RS,2015-04-30,House Third Reading Passed - No Amendments,12
SB15-109,2015,RS,2015-05-01,Senate Considered House Amendments - Result was to Concur - Repass,13
SB15-109,2015,RS,2015-05-13,Signed by the President of the Senate,14
SB15-109,2015,RS,2015-05-14,Sent to the Governor,15
SB15-109,2015,RS,2015-05-14,Signed by the Speaker of the House,16
SB15-109,2015,RS,2015-06-05,Governor Signed,17
SB15-110,2015,RS,2015-01-23,"Introduced In Senate - Assigned to Business, Labor, & Technology",1
SB15-110,2015,RS,2015-02-18,"Senate Committee on Business, Labor, & Technology Refer Amended to Appropriations",2
SB15-110,2015,RS,2015-03-03,Senate Committee on Appropriations Refer Amended - Consent Calendar to Senate Committee of the Whole,3
SB15-110,2015,RS,2015-03-05,Senate Second Reading Passed with Amendments - Committee,4
SB15-110,2015,RS,2015-03-06,Senate Third Reading Passed - No Amendments,5
SB15-110,2015,RS,2015-03-11,Introduced In House - Assigned to Business Affairs and Labor,6
SB15-110,2015,RS,2015-03-24,House Committee on Business Affairs and Labor Refer Amended to Appropriations,7
SB15-110,2015,RS,2015-04-02,House Committee on Appropriations Refer Unamended to House Committee of the Whole,8
SB15-110,2015,RS,2015-04-06,House Second Reading Passed with Amendments - Committee,9
SB15-110,2015,RS,2015-04-07,House Third Reading Passed - No Amendments,10
SB15-110,2015,RS,2015-04-09,Senate Considered House Amendments - Result was to Laid Over Daily,11
SB15-110,2015,RS,2015-04-10,Senate Considered House Amendments - Result was to Concur - Repass,12
SB15-110,2015,RS,2015-04-27,Signed by the President of the Senate,13
SB15-110,2015,RS,2015-04-28,Signed by the Speaker of the House,14
SB15-110,2015,RS,2015-04-29,Sent to the Governor,15
SB15-110,2015,RS,2015-05-11,Governor Signed,16
SB15-111,2015,RS,2015-01-23,Introduced In Senate - Assigned to Finance,1
SB15-111,2015,RS,2015-02-05,Senate Committee on Finance Refer Unamended - Consent Calendar to Senate Committee of the Whole,2
SB15-111,2015,RS,2015-02-10,Senate Second Reading Referred to Appropriations - No Amendments,3
SB15-111,2015,RS,2015-02-13,Senate Committee on Appropriations Refer Unamended - Consent Calendar to Senate Committee of the Whole,4
SB15-111,2015,RS,2015-02-18,Senate Second Reading Passed - No Amendments,5
SB15-111,2015,RS,2015-02-19,Senate Third Reading Passed - No Amendments,6
SB15-111,2015,RS,2015-02-24,Introduced In House - Assigned to Finance,7
SB15-111,2015,RS,2015-03-05,House Committee on Finance Refer Unamended to House Committee of the Whole,8
SB15-111,2015,RS,2015-03-09,House Second Reading Passed - No Amendments,9
SB15-111,2015,RS,2015-03-10,House Third Reading Passed - No Amendments,10
SB15-111,2015,RS,2015-03-19,Signed by the President of the Senate,11
SB15-111,2015,RS,2015-03-25,Sent to the Governor,12
SB15-111,2015,RS,2015-04-03,Governor Signed,13
SB15-112,2015,RS,2015-01-23,Introduced In Senate - Assigned to Finance,1
SB15-112,2015,RS,2015-01-29,Senate Committee on Finance Refer Unamended to Appropriations,2
SB15-112,2015,RS,2015-02-03,Senate Committee on Appropriations Refer Unamended to Senate Committee of the Whole,3
SB15-112,2015,RS,2015-02-04,Senate Second Reading Special Order - Passed - No Amendments,4
SB15-112,2015,RS,2015-02-05,Senate Third Reading Passed - No Amendments,5
SB15-112,2015,RS,2015-02-09,Introduced In House - Assigned to Appropriations,6
SB15-112,2015,RS,2015-02-10,House Committee on Appropriations Refer Unamended to House Committee of the Whole,7
SB15-112,2015,RS,2015-02-11,House Second Reading Passed - No Amendments,8
SB15-112,2015,RS,2015-02-12,House Third Reading Passed - No Amendments,9
SB15-112,2015,RS,2015-02-27,Signed by the President of the Senate,10
SB15-112,2015,RS,2015-03-04,Sent to the Governor,11
SB15-112,2015,RS,2015-03-13,Governor Signed,12
SB15-113,2015,RS,2015-01-26,"Introduced In Senate - Assigned to Business, Labor, & Technology",1
SB15-113,2015,RS,2015-02-18,"Senate Committee on Business, Labor, & Technology Refer Amended to Appropriations",2
SB15-113,2015,RS,2015-04-10,Senate Committee on Appropriations Postpone Indefinitely,3
SB15-114,2015,RS,2015-01-26,Introduced In Senate - Assigned to Local Government,1
SB15-114,2015,RS,2015-02-10,Senate Committee on Local Government Witness Testimony and/or Committee Discussion Only,2
SB15-114,2015,RS,2015-02-17,Senate Committee on Local Government Postpone Indefinitely,3
SB15-115,2015,RS,2015-01-26,Introduced In Senate - Assigned to Finance,1
SB15-115,2015,RS,2015-02-03,Senate Committee on Finance Refer Amended to Appropriations,2
SB15-115,2015,RS,2015-02-13,Senate Committee on Appropriations Refer Unamended to Senate Committee of the Whole,3
SB15-115,2015,RS,2015-02-18,"Senate Second Reading Passed with Amendments - Committee, Floor",4
SB15-115,2015,RS,2015-02-19,Senate Third Reading Passed - No Amendments,5
SB15-115,2015,RS,2015-02-24,Introduced In House - Assigned to Finance + Appropriations,6
SB15-115,2015,RS,2015-04-16,House Committee on Finance Refer Amended to Appropriations,7
SB15-115,2015,RS,2015-04-22,House Committee on Appropriations Refer Unamended to House Committee of the Whole,8
SB15-115,2015,RS,2015-04-23,House Second Reading Passed with Amendments - Committee,9
SB15-115,2015,RS,2015-04-27,House Third Reading Passed - No Amendments,10
SB15-115,2015,RS,2015-04-28,Senate Considered House Amendments - Result was to Laid Over Daily,11
SB15-115,2015,RS,2015-04-29,Senate Considered House Amendments - Result was to Not Concur - Request Conference Committee,12
SB15-115,2015,RS,2015-05-05,First Conference Committee Result was to Adopt Reengrossed w/ Amendments,13
SB15-115,2015,RS,2015-05-05,House Consideration of First Conference Committee Report result was to Adopt Committee Report - Repass,14
SB15-115,2015,RS,2015-05-06,Senate Consideration of First Conference Committee Report result was to Adopt Committee Report - Repass,15
SB15-115,2015,RS,2015-05-18,Signed by the President of the Senate,16
SB15-115,2015,RS,2015-05-18,Signed by the Speaker of the House,17
SB15-115,2015,RS,2015-05-18,Sent to the Governor,18
SB15-115,2015,RS,2015-06-05,Governor Signed,19
SB15-116,2015,RS,2015-01-26,Introduced In Senate - Assigned to Judiciary,1
SB15-116,2015,RS,2015-02-11,Senate Committee on Judiciary Refer Amended to Senate Committee of the Whole,2
SB15-116,2015,RS,2015-02-17,"Senate Second Reading Passed with Amendments - Committee, Floor",3
SB15-116,2015,RS,2015-02-18,Senate Third Reading Passed - No Amendments,4
SB15-116,2015,RS,2015-02-24,Introduced In House - Assigned to Public Health Care & Human Services,5
SB15-116,2015,RS,2015-03-06,House Committee on Public Health Care & Human Services Refer Amended to House Committee of the Whole,6
SB15-116,2015,RS,2015-03-11,House Second Reading Passed with Amendments - Committee,7
SB15-116,2015,RS,2015-03-12,House Third Reading Passed - No Amendments,8
SB15-116,2015,RS,2015-03-13,Senate Considered House Amendments - Result was to Concur - Repass,9
SB15-116,2015,RS,2015-03-23,Signed by the President of the Senate,10
SB15-116,2015,RS,2015-03-25,Sent to the Governor,11
SB15-116,2015,RS,2015-04-03,Governor Signed,12
SB15-117,2015,RS,2015-01-26,Introduced In Senate - Assigned to Education,1
SB15-117,2015,RS,2015-01-29,Senate Committee on Education Refer Amended to Senate Committee of the Whole,2
SB15-117,2015,RS,2015-02-04,Senate Second Reading Special Order - Laid Over Daily - No Amendments,3
SB15-117,2015,RS,2015-02-05,Senate Second Reading Laid Over Daily - No Amendments,4
SB15-117,2015,RS,2015-02-06,"Senate Second Reading Passed with Amendments - Committee, Floor",5
SB15-117,2015,RS,2015-02-09,Senate Third Reading Passed - No Amendments,6
SB15-117,2015,RS,2015-02-19,Introduced In House - Assigned to Education,7
SB15-117,2015,RS,2015-05-04,House Committee on Education Postpone Indefinitely,8
SB15-118,2015,RS,2015-01-26,Introduced In Senate - Assigned to Finance,1
SB15-118,2015,RS,2015-03-05,Senate Committee on Finance Postpone Indefinitely,2
SB15-119,2015,RS,2015-01-26,"Introduced In Senate - Assigned to Agriculture, Natural Resources, & Energy",1
SB15-119,2015,RS,2015-02-05,"Senate Committee on Agriculture, Natural Resources, & Energy Refer Unamended to Finance",2
SB15-119,2015,RS,2015-02-12,Senate Committee on Finance Refer Unamended - Consent Calendar to Senate Committee of the Whole,3
SB15-119,2015,RS,2015-02-18,Senate Second Reading Passed - No Amendments,4
SB15-119,2015,RS,2015-02-19,Senate Third Reading Passed - No Amendments,5
SB15-119,2015,RS,2015-02-24,"Introduced In House - Assigned to Agriculture, Livestock, & Natural Resources",6
SB15-119,2015,RS,2015-04-22,"House Committee on Agriculture, Livestock, & Natural Resources Refer Amended to House Committee of the Whole",7
SB15-119,2015,RS,2015-04-23,House Second Reading Special Order - Passed with Amendments - Committee,8
SB15-119,2015,RS,2015-04-27,House Third Reading Passed - No Amendments,9
SB15-119,2015,RS,2015-04-28,Senate Considered House Amendments - Result was to Laid Over Daily,10
SB15-119,2015,RS,2015-04-29,Senate Considered House Amendments - Result was to Not Concur - Request Conference Committee,11
SB15-119,2015,RS,2015-05-04,First Conference Committee Result was to Committee Recessed,12
SB15-119,2015,RS,2015-05-06,First Conference Committee Result was to Adopt Rerevised w/ Amendments,13
SB15-119,2015,RS,2015-05-06,Senate Consideration of First Conference Committee Report result was to Adopt Committee Report - Repass,14
SB15-119,2015,RS,2015-05-06,House Consideration of First Conference Committee Report result was to Adopt Committee Report - Repass,15
SB15-119,2015,RS,2015-05-13,Signed by the President of the Senate,16
SB15-119,2015,RS,2015-05-14,Sent to the Governor,17
SB15-119,2015,RS,2015-05-14,Signed by the Speaker of the House,18
SB15-119,2015,RS,2015-05-19,Governor Signed,19
SB15-120,2015,RS,2015-01-26,"Introduced In Senate - Assigned to Agriculture, Natural Resources, & Energy",1
SB15-120,2015,RS,2015-02-12,"Senate Committee on Agriculture, Natural Resources, & Energy Postpone Indefinitely",2
SB15-121,2015,RS,2015-01-26,"Introduced In Senate - Assigned to Agriculture, Natural Resources, & Energy",1
SB15-121,2015,RS,2015-02-05,"Senate Committee on Agriculture, Natural Resources, & Energy Refer Unamended to Appropriations",2
SB15-121,2015,RS,2015-02-20,Senate Committee on Appropriations Refer Unamended to Senate Committee of the Whole,3
SB15-121,2015,RS,2015-02-24,Senate Second Reading Passed - No Amendments,4
SB15-121,2015,RS,2015-02-25,Senate Third Reading Laid Over Daily - No Amendments,5
SB15-121,2015,RS,2015-02-26,Senate Third Reading Passed - No Amendments,6
SB15-121,2015,RS,2015-03-03,"Introduced In House - Assigned to Agriculture, Livestock, & Natural Resources + Appropriations",7
SB15-121,2015,RS,2015-03-16,"House Committee on Agriculture, Livestock, & Natural Resources Witness Testimony and/or Committee Discussion Only",8
SB15-121,2015,RS,2015-03-18,"House Committee on Agriculture, Livestock, & Natural Resources Refer Unamended to Appropriations",9
SB15-121,2015,RS,2015-03-27,House Committee on Appropriations Refer Unamended to House Committee of the Whole,10
SB15-121,2015,RS,2015-03-30,House Second Reading Passed - No Amendments,11
SB15-121,2015,RS,2015-03-31,House Third Reading Passed - No Amendments,12
SB15-121,2015,RS,2015-05-08,Signed by the President of the Senate,13
SB15-121,2015,RS,2015-05-08,Signed by the Speaker of the House,14
SB15-121,2015,RS,2015-05-08,Sent to the Governor,15
SB15-121,2015,RS,2015-05-19,Governor Signed,16
SB15-122,2015,RS,2015-01-26,"Introduced In Senate - Assigned to Business, Labor, & Technology",1
SB15-122,2015,RS,2015-02-04,"Senate Committee on Business, Labor, & Technology Refer Unamended - Consent Calendar to Senate Committee of the Whole",2
SB15-122,2015,RS,2015-02-09,Senate Second Reading Laid Over Daily - No Amendments,3
SB15-122,2015,RS,2015-02-10,Senate Second Reading Laid Over Daily - No Amendments,4
SB15-122,2015,RS,2015-02-11,Senate Second Reading Laid Over Daily - No Amendments,5
SB15-122,2015,RS,2015-02-12,Senate Second Reading Laid Over Daily - No Amendments,6
SB15-122,2015,RS,2015-02-13,Senate Second Reading Laid Over Daily - No Amendments,7
SB15-122,2015,RS,2015-02-17,"Senate Second Reading Re-referred to Business, Labor & Technology - No Amendments",8
SB15-122,2015,RS,2015-03-04,"Senate Committee on Business, Labor, & Technology Refer Unamended - Consent Calendar to Senate Committee of the Whole",9
SB15-122,2015,RS,2015-03-09,Senate Second Reading Passed - No Amendments,10
SB15-122,2015,RS,2015-03-10,Senate Third Reading Passed - No Amendments,11
SB15-122,2015,RS,2015-03-16,Introduced In House - Assigned to Business Affairs and Labor,12
SB15-122,2015,RS,2015-03-24,House Committee on Business Affairs and Labor Refer Unamended to House Committee of the Whole,13
SB15-122,2015,RS,2015-03-27,House Second Reading Passed - No Amendments,14
SB15-122,2015,RS,2015-03-30,House Third Reading Passed - No Amendments,15
SB15-122,2015,RS,2015-04-16,Signed by the President of the Senate,16
SB15-122,2015,RS,2015-04-17,Signed by the Speaker of the House,17
SB15-122,2015,RS,2015-04-23,Sent to the Governor,18
SB15-122,2015,RS,2015-05-01,Governor Signed,19
SB15-123,2015,RS,2015-01-26,Introduced In Senate - Assigned to Health & Human Services,1
SB15-123,2015,RS,2015-02-12,Senate Committee on Health & Human Services Refer Amended to Senate Committee of the Whole,2
SB15-123,2015,RS,2015-02-18,Senate Second Reading Laid Over to 02/20/2015 - No Amendments,3
SB15-123,2015,RS,2015-02-20,"Senate Second Reading Lost with Amendments - Committee, Floor",4
SB15-124,2015,RS,2015-01-26,Introduced In Senate - Assigned to Judiciary,1
SB15-124,2015,RS,2015-02-11,Senate Committee on Judiciary Refer Amended to Appropriations,2
SB15-124,2015,RS,2015-04-17,Senate Committee on Appropriations Refer Amended to Senate Committee of the Whole,3
SB15-124,2015,RS,2015-04-21,Senate Second Reading Laid Over Daily - No Amendments,4
SB15-124,2015,RS,2015-04-22,"Senate Second Reading Passed with Amendments - Committee, Floor",5
SB15-124,2015,RS,2015-04-23,Senate Third Reading Passed with Amendments - Floor,6
SB15-124,2015,RS,2015-04-24,Introduced In House - Assigned to Judiciary,7
SB15-124,2015,RS,2015-04-30,House Committee on Judiciary Refer Amended to Appropriations,8
SB15-124,2015,RS,2015-05-04,House Committee on Appropriations Refer Unamended to House Committee of the Whole,9
SB15-124,2015,RS,2015-05-04,House Second Reading Special Order - Passed with Amendments - Committee,10
SB15-124,2015,RS,2015-05-05,House Third Reading Passed - No Amendments,11
SB15-124,2015,RS,2015-05-05,Senate Considered House Amendments - Result was to Laid Over Daily,12
SB15-124,2015,RS,2015-05-06,Senate Considered House Amendments - Result was to Concur - Repass,13
SB15-124,2015,RS,2015-05-13,Signed by the President of the Senate,14
SB15-124,2015,RS,2015-05-14,Sent to the Governor,15
SB15-124,2015,RS,2015-05-14,Signed by the Speaker of the House,16
SB15-124,2015,RS,2015-05-29,Governor Signed,17
SB15-125,2015,RS,2015-01-26,"Introduced In Senate - Assigned to State, Veterans, & Military Affairs",1
SB15-125,2015,RS,2015-02-09,"Senate Committee on State, Veterans, & Military Affairs Postpone Indefinitely",2
SB15-126,2015,RS,2015-01-26,Introduced In Senate - Assigned to Judiciary,1
SB15-126,2015,RS,2015-01-27,Senate Committee on Judiciary Refer Unamended to Senate Committee of the Whole,2
SB15-126,2015,RS,2015-01-29,Senate Second Reading Special Order - Passed with Amendments - Floor,3
SB15-126,2015,RS,2015-01-30,Senate Third Reading Laid Over Daily - No Amendments,4
SB15-126,2015,RS,2015-02-02,Senate Third Reading Passed - No Amendments,5
SB15-126,2015,RS,2015-02-04,Introduced In House - Assigned to Judiciary,6
SB15-126,2015,RS,2015-03-17,House Committee on Judiciary Refer Unamended to House Committee of the Whole,7
SB15-126,2015,RS,2015-03-20,House Second Reading Passed - No Amendments,8
SB15-126,2015,RS,2015-03-23,House Third Reading Passed - No Amendments,9
SB15-126,2015,RS,2015-04-06,Signed by the President of the Senate,10
SB15-126,2015,RS,2015-04-09,Signed by the Speaker of the House,11
SB15-126,2015,RS,2015-04-09,Sent to the Governor,12
SB15-126,2015,RS,2015-04-16,Governor Signed,13
SB15-127,2015,RS,2015-01-28,"Introduced In Senate - Assigned to Agriculture, Natural Resources, & Energy + Finance",1
SB15-127,2015,RS,2015-02-11,"Senate Committee on Agriculture, Natural Resources, & Energy Refer Unamended to Finance",2
SB15-127,2015,RS,2015-02-19,Senate Committee on Finance Refer Unamended to Appropriations,3
SB15-127,2015,RS,2015-04-10,Senate Committee on Appropriations Postpone Indefinitely,4
SB15-128,2015,RS,2015-01-28,Introduced In Senate - Assigned to Judiciary,1
SB15-128,2015,RS,2015-02-11,Senate Committee on Judiciary Refer Unamended to Senate Committee of the Whole,2
SB15-128,2015,RS,2015-02-17,Senate Second Reading Passed - No Amendments,3
SB15-128,2015,RS,2015-02-18,Senate Third Reading Passed - No Amendments,4
SB15-128,2015,RS,2015-02-24,Introduced In House - Assigned to Public Health Care & Human Services,5
SB15-128,2015,RS,2015-03-06,House Committee on Public Health Care & Human Services Refer Unamended to House Committee of the Whole,6
SB15-128,2015,RS,2015-03-11,House Second Reading Passed - No Amendments,7
SB15-128,2015,RS,2015-03-12,House Third Reading Passed - No Amendments,8
SB15-128,2015,RS,2015-03-23,Signed by the President of the Senate,9
SB15-128,2015,RS,2015-03-25,Sent to the Governor,10
SB15-128,2015,RS,2015-03-30,Governor Signed,11
SB15-129,2015,RS,2015-01-28,Introduced In Senate - Assigned to Judiciary,1
SB15-129,2015,RS,2015-02-11,Senate Committee on Judiciary Refer Amended to Appropriations,2
SB15-129,2015,RS,2015-03-13,Senate Committee on Appropriations Refer Amended to Senate Committee of the Whole,3
SB15-129,2015,RS,2015-03-17,Senate Second Reading Laid Over to 03/19/2015 - No Amendments,4
SB15-129,2015,RS,2015-03-19,Senate Second Reading Laid Over to 03/23/2015 - No Amendments,5
SB15-129,2015,RS,2015-03-23,Senate Second Reading Passed with Amendments - Floor,6
SB15-129,2015,RS,2015-03-24,Senate Third Reading Passed - No Amendments,7
SB15-129,2015,RS,2015-03-27,Introduced In House - Assigned to Judiciary,8
SB15-129,2015,RS,2015-04-16,House Committee on Judiciary Postpone Indefinitely,9
SB15-130,2015,RS,2015-01-28,Introduced In Senate - Assigned to Finance,1
SB15-130,2015,RS,2015-02-10,Senate Committee on Finance Postpone Indefinitely,2
SB15-131,2015,RS,2015-01-28,"Introduced In Senate - Assigned to State, Veterans, & Military Affairs + Finance",1
SB15-131,2015,RS,2015-02-11,"Senate Committee on State, Veterans, & Military Affairs Refer Unamended to Finance",2
SB15-131,2015,RS,2015-02-24,Senate Committee on Finance Postpone Indefinitely,3
SB15-132,2015,RS,2015-01-28,Introduced In Senate - Assigned to Education,1
SB15-132,2015,RS,2015-02-12,Senate Committee on Education Postpone Indefinitely,2
SB15-133,2015,RS,2015-01-28,Introduced In Senate - Assigned to Finance,1
SB15-133,2015,RS,2015-02-26,Senate Committee on Finance Refer Amended to Appropriations,2
SB15-133,2015,RS,2015-04-10,Senate Committee on Appropriations Refer Unamended to Senate Committee of the Whole,3
SB15-133,2015,RS,2015-04-14,Senate Second Reading Laid Over Daily - No Amendments,4
SB15-133,2015,RS,2015-04-15,Senate Second Reading Passed with Amendments - Committee,5
SB15-133,2015,RS,2015-04-16,Senate Third Reading Passed - No Amendments,6
SB15-133,2015,RS,2015-04-20,Introduced In House - Assigned to Business Affairs and Labor,7
SB15-133,2015,RS,2015-04-23,House Committee on Business Affairs and Labor Postpone Indefinitely,8
SB15-134,2015,RS,2015-01-28,"Introduced In Senate - Assigned to Agriculture, Natural Resources, & Energy",1
SB15-134,2015,RS,2015-02-12,"Senate Committee on Agriculture, Natural Resources, & Energy Postpone Indefinitely",2
SB15-135,2015,RS,2015-01-28,Introduced In Senate - Assigned to Local Government,1
SB15-135,2015,RS,2015-02-10,Senate Committee on Local Government Refer Unamended to Senate Committee of the Whole,2
SB15-135,2015,RS,2015-02-13,Senate Second Reading Laid Over Daily - No Amendments,3
SB15-135,2015,RS,2015-02-17,Senate Second Reading Laid Over to 02/20/2015 - No Amendments,4
SB15-135,2015,RS,2015-02-20,Senate Second Reading Laid Over to 02/27/2015 - No Amendments,5
SB15-135,2015,RS,2015-02-27,Senate Second Reading Laid Over Daily - No Amendments,6
SB15-135,2015,RS,2015-03-02,Senate Second Reading Laid Over to 03/06/2015 - No Amendments,7
SB15-135,2015,RS,2015-03-06,Senate Second Reading Laid Over Daily - No Amendments,8
SB15-135,2015,RS,2015-03-09,Senate Second Reading Laid Over Daily - No Amendments,9
SB15-135,2015,RS,2015-03-10,Senate Second Reading Laid Over to 03/13/2015 - No Amendments,10
SB15-135,2015,RS,2015-03-13,Senate Second Reading Laid Over Daily - No Amendments,11
SB15-135,2015,RS,2015-03-16,Senate Second Reading Laid Over to 03/20/2015 - No Amendments,12
SB15-135,2015,RS,2015-03-20,Senate Second Reading Laid Over Daily - No Amendments,13
SB15-135,2015,RS,2015-03-23,Senate Second Reading Laid Over Daily - No Amendments,14
SB15-135,2015,RS,2015-03-24,Senate Second Reading Laid Over Daily - No Amendments,15
SB15-135,2015,RS,2015-03-25,Senate Second Reading Laid Over to 03/30/2015 - No Amendments,16
SB15-135,2015,RS,2015-03-30,Senate Second Reading Laid Over to 04/06/2015 - No Amendments,17
SB15-135,2015,RS,2015-04-06,Senate Second Reading Laid Over to 04/10/2015 - No Amendments,18
SB15-135,2015,RS,2015-04-10,Senate Second Reading Laid Over to 04/14/2015 - No Amendments,19
SB15-135,2015,RS,2015-04-14,Senate Second Reading Laid Over Daily - No Amendments,20
SB15-135,2015,RS,2015-04-15,Senate Second Reading Laid Over Daily - No Amendments,21
SB15-135,2015,RS,2015-04-16,Senate Second Reading Laid Over to 04/20/2015 - No Amendments,22
SB15-135,2015,RS,2015-04-20,Senate Second Reading Passed with Amendments - Floor,23
SB15-135,2015,RS,2015-04-21,Senate Third Reading Laid Over Daily - No Amendments,24
SB15-135,2015,RS,2015-04-22,Senate Third Reading Laid Over to 04/24/2015 - No Amendments,25
SB15-135,2015,RS,2015-04-24,Senate Third Reading Laid Over Daily - No Amendments,26
SB15-135,2015,RS,2015-04-27,Senate Third Reading Laid Over Daily - No Amendments,27
SB15-135,2015,RS,2015-04-28,Senate Third Reading Laid Over Daily - No Amendments,28
SB15-135,2015,RS,2015-04-29,Senate Third Reading Laid Over Daily - No Amendments,29
SB15-135,2015,RS,2015-04-30,Senate Third Reading Laid Over Daily - No Amendments,30
SB15-135,2015,RS,2015-05-01,Senate Third Reading Laid Over Daily - No Amendments,31
SB15-135,2015,RS,2015-05-04,Senate Third Reading Passed - No Amendments,32
SB15-135,2015,RS,2015-05-05,Introduced In House - Assigned to Finance,33
SB15-135,2015,RS,2015-05-05,House Committee on Finance Postpone Indefinitely,34
SB15-136,2015,RS,2015-01-28,Introduced In Senate - Assigned to Health & Human Services,1
SB15-136,2015,RS,2015-03-25,Senate Committee on Health & Human Services Postpone Indefinitely,2
SB15-137,2015,RS,2015-01-28,"Introduced In Senate - Assigned to Business, Labor, & Technology",1
SB15-137,2015,RS,2015-03-02,"Senate Committee on Business, Labor, & Technology Refer Amended to Senate Committee of the Whole",2
SB15-137,2015,RS,2015-03-05,Senate Second Reading Laid Over to 03/10/2015 - No Amendments,3
SB15-137,2015,RS,2015-03-10,Senate Second Reading Passed with Amendments - Committee,4
SB15-137,2015,RS,2015-03-11,Senate Third Reading Passed - No Amendments,5
SB15-137,2015,RS,2015-03-16,Introduced In House - Assigned to Business Affairs and Labor,6
SB15-137,2015,RS,2015-04-02,House Committee on Business Affairs and Labor Refer Amended to House Committee of the Whole,7
SB15-137,2015,RS,2015-04-10,House Second Reading Laid Over Daily - No Amendments,8
SB15-137,2015,RS,2015-04-13,House Second Reading Passed with Amendments - Committee,9
SB15-137,2015,RS,2015-04-14,House Third Reading Passed - No Amendments,10
SB15-137,2015,RS,2015-04-15,Senate Considered House Amendments - Result was to Laid Over Daily,11
SB15-137,2015,RS,2015-04-16,Senate Considered House Amendments - Result was to Concur - Repass,12
SB15-137,2015,RS,2015-04-27,Signed by the President of the Senate,13
SB15-137,2015,RS,2015-04-28,Signed by the Speaker of the House,14
SB15-137,2015,RS,2015-04-29,Sent to the Governor,15
SB15-137,2015,RS,2015-05-08,Governor Signed,16
SB15-138,2015,RS,2015-01-28,Introduced In Senate - Assigned to Education + Finance,1
SB15-138,2015,RS,2015-02-19,Senate Committee on Education Refer Amended to Finance,2
SB15-138,2015,RS,2015-02-24,Senate Committee on Finance Refer Amended to Senate Committee of the Whole,3
SB15-138,2015,RS,2015-02-27,Senate Second Reading Passed with Amendments - Committee,4
SB15-138,2015,RS,2015-03-02,Senate Third Reading Passed - No Amendments,5
SB15-138,2015,RS,2015-03-05,Introduced In House - Assigned to Education + Finance,6
SB15-138,2015,RS,2015-03-30,House Committee on Education Refer Unamended to Finance,7
SB15-138,2015,RS,2015-04-02,House Committee on Finance Refer Unamended to House Committee of the Whole,8
SB15-138,2015,RS,2015-04-06,House Second Reading Passed - No Amendments,9
SB15-138,2015,RS,2015-04-07,House Third Reading Passed - No Amendments,10
SB15-138,2015,RS,2015-05-08,Signed by the President of the Senate,11
SB15-138,2015,RS,2015-05-08,Signed by the Speaker of the House,12
SB15-138,2015,RS,2015-05-08,Sent to the Governor,13
SB15-138,2015,RS,2015-05-13,Governor Signed,14
SB15-139,2015,RS,2015-01-28,Introduced In Senate - Assigned to Judiciary,1
SB15-139,2015,RS,2015-02-10,Senate Committee on Judiciary Refer Amended to Senate Committee of the Whole,2
SB15-139,2015,RS,2015-02-13,Senate Second Reading Laid Over Daily - No Amendments,3
SB15-139,2015,RS,2015-02-17,Senate Second Reading Laid Over to 02/19/2015 - No Amendments,4
SB15-139,2015,RS,2015-02-19,Senate Second Reading Laid Over Daily - No Amendments,5
SB15-139,2015,RS,2015-02-20,Senate Second Reading Laid Over to 02/27/2015 - No Amendments,6
SB15-139,2015,RS,2015-02-27,Senate Second Reading Lost with Amendments - Committee,7
SB15-140,2015,RS,2015-01-28,"Introduced In Senate - Assigned to Business, Labor, & Technology",1
SB15-140,2015,RS,2015-02-11,"Senate Committee on Business, Labor, & Technology Postpone Indefinitely",2
SB15-141,2015,RS,2015-01-28,Introduced In Senate - Assigned to Finance,1
SB15-141,2015,RS,2015-02-12,Senate Committee on Finance Refer Unamended to Appropriations,2
SB15-141,2015,RS,2015-04-17,Senate Committee on Appropriations Refer Amended to Senate Committee of the Whole,3
SB15-141,2015,RS,2015-04-21,Senate Second Reading Laid Over Daily - No Amendments,4
SB15-141,2015,RS,2015-04-22,Senate Second Reading Laid Over Daily - No Amendments,5
SB15-141,2015,RS,2015-04-23,Senate Second Reading Laid Over Daily - No Amendments,6
SB15-141,2015,RS,2015-04-24,Senate Second Reading Laid Over Daily - No Amendments,7
SB15-141,2015,RS,2015-04-27,Senate Second Reading Special Order - Laid Over Daily - No Amendments,8
SB15-141,2015,RS,2015-04-28,Senate Second Reading Special Order - Laid Over Daily with Amendments - Floor,9
SB15-141,2015,RS,2015-04-29,Senate Second Reading Special Order - Passed with Amendments - Floor,10
SB15-141,2015,RS,2015-04-30,Senate Third Reading Passed - No Amendments,11
SB15-141,2015,RS,2015-05-01,Introduced In House - Assigned to Finance + Appropriations,12
SB15-141,2015,RS,2015-05-01,House Committee on Finance Postpone Indefinitely,13
SB15-142,2015,RS,2015-01-28,Introduced In Senate - Assigned to Finance,1
SB15-142,2015,RS,2015-02-10,Senate Committee on Finance Refer Unamended - Consent Calendar to Senate Committee of the Whole,2
SB15-142,2015,RS,2015-02-13,Senate Second Reading Passed - No Amendments,3
SB15-142,2015,RS,2015-02-17,Senate Third Reading Passed - No Amendments,4
SB15-142,2015,RS,2015-02-20,Introduced In House - Assigned to Finance,5
SB15-142,2015,RS,2015-02-25,House Committee on Finance Refer Unamended to House Committee of the Whole,6
SB15-142,2015,RS,2015-03-02,House Second Reading Passed - No Amendments,7
SB15-142,2015,RS,2015-03-03,House Third Reading Passed - No Amendments,8
SB15-142,2015,RS,2015-03-10,Signed by the President of the Senate,9
SB15-142,2015,RS,2015-03-12,Sent to the Governor,10
SB15-142,2015,RS,2015-03-18,Governor Signed,11
SB15-143,2015,RS,2015-02-02,Introduced In Senate - Assigned to Appropriations,1
SB15-143,2015,RS,2015-02-03,Senate Committee on Appropriations Refer Unamended - Consent Calendar to Senate Committee of the Whole,2
SB15-143,2015,RS,2015-02-04,Senate Second Reading Special Order - Passed - No Amendments,3
SB15-143,2015,RS,2015-02-05,Senate Third Reading Passed - No Amendments,4
SB15-143,2015,RS,2015-02-09,Introduced In House - Assigned to,5
SB15-143,2015,RS,2015-02-10,House Committee on Appropriations Refer Unamended to House Committee of the Whole,6
SB15-143,2015,RS,2015-02-11,House Second Reading Passed - No Amendments,7
SB15-143,2015,RS,2015-02-12,House Third Reading Passed - No Amendments,8
SB15-143,2015,RS,2015-02-27,Signed by the President of the Senate,9
SB15-143,2015,RS,2015-03-04,Sent to the Governor,10
SB15-143,2015,RS,2015-03-11,Governor Signed,11
SB15-144,2015,RS,2015-02-02,Introduced In Senate - Assigned to Appropriations,1
SB15-144,2015,RS,2015-02-03,Senate Committee on Appropriations Refer Unamended - Consent Calendar to Senate Committee of the Whole,2
SB15-144,2015,RS,2015-02-04,Senate Second Reading Special Order - Passed - No Amendments,3
SB15-144,2015,RS,2015-02-05,Senate Third Reading Passed - No Amendments,4
SB15-144,2015,RS,2015-02-09,Introduced In House - Assigned to Appropriations,5
SB15-144,2015,RS,2015-02-10,House Committee on Appropriations Refer Unamended to House Committee of the Whole,6
SB15-144,2015,RS,2015-02-11,House Second Reading Passed - No Amendments,7
SB15-144,2015,RS,2015-02-12,House Third Reading Passed - No Amendments,8
SB15-144,2015,RS,2015-02-27,Signed by the President of the Senate,9
SB15-144,2015,RS,2015-03-04,Sent to the Governor,10
SB15-144,2015,RS,2015-03-11,Governor Signed,11
SB15-145,2015,RS,2015-02-02,Introduced In Senate - Assigned to Appropriations,1
SB15-145,2015,RS,2015-02-03,Senate Committee on Appropriations Refer Unamended - Consent Calendar to Senate Committee of the Whole,2
SB15-145,2015,RS,2015-02-04,Senate Second Reading Special Order - Passed - No Amendments,3
SB15-145,2015,RS,2015-02-05,Senate Third Reading Passed - No Amendments,4
SB15-145,2015,RS,2015-02-09,Introduced In House - Assigned to Appropriations,5
SB15-145,2015,RS,2015-02-10,House Committee on Appropriations Refer Unamended to House Committee of the Whole,6
SB15-145,2015,RS,2015-02-11,House Second Reading Passed - No Amendments,7
SB15-145,2015,RS,2015-02-12,House Third Reading Passed - No Amendments,8
SB15-145,2015,RS,2015-02-27,Signed by the President of the Senate,9
SB15-145,2015,RS,2015-03-04,Sent to the Governor,10
SB15-145,2015,RS,2015-03-11,Governor Signed,11
SB15-146,2015,RS,2015-02-02,Introduced In Senate - Assigned to Appropriations,1
SB15-146,2015,RS,2015-02-03,Senate Committee on Appropriations Refer Unamended - Consent Calendar to Senate Committee of the Whole,2
SB15-146,2015,RS,2015-02-04,Senate Second Reading Special Order - Passed - No Amendments,3
SB15-146,2015,RS,2015-02-05,Senate Third Reading Passed - No Amendments,4
SB15-146,2015,RS,2015-02-09,Introduced In House - Assigned to Appropriations,5
SB15-146,2015,RS,2015-02-10,House Committee on Appropriations Refer Unamended to House Committee of the Whole,6
SB15-146,2015,RS,2015-02-11,House Second Reading Passed - No Amendments,7
SB15-146,2015,RS,2015-02-12,House Third Reading Passed - No Amendments,8
SB15-146,2015,RS,2015-02-27,Signed by the President of the Senate,9
SB15-146,2015,RS,2015-03-04,Sent to the Governor,10
SB15-146,2015,RS,2015-03-11,Governor Signed,11
SB15-147,2015,RS,2015-02-02,Introduced In Senate - Assigned to Appropriations,1
SB15-147,2015,RS,2015-02-03,Senate Committee on Appropriations Refer Unamended to Senate Committee of the Whole,2
SB15-147,2015,RS,2015-02-04,Senate Second Reading Special Order - Passed - No Amendments,3
SB15-147,2015,RS,2015-02-05,Senate Third Reading Passed - No Amendments,4
SB15-147,2015,RS,2015-02-09,Introduced In House - Assigned to Appropriations,5
SB15-147,2015,RS,2015-02-10,House Committee on Appropriations Refer Unamended to House Committee of the Whole,6
SB15-147,2015,RS,2015-02-11,House Second Reading Passed - No Amendments,7
SB15-147,2015,RS,2015-02-12,House Third Reading Passed - No Amendments,8
SB15-147,2015,RS,2015-02-27,Signed by the President of the Senate,9
SB15-147,2015,RS,2015-03-04,Sent to the Governor,10
SB15-147,2015,RS,2015-03-11,Governor Signed,11
SB15-148,2015,RS,2015-02-02,Introduced In Senate - Assigned to Appropriations,1
SB15-148,2015,RS,2015-02-03,Senate Committee on Appropriations Refer Unamended - Consent Calendar to Senate Committee of the Whole,2
SB15-148,2015,RS,2015-02-04,Senate Second Reading Special Order - Passed - No Amendments,3
SB15-148,2015,RS,2015-02-05,Senate Third Reading Passed - No Amendments,4
SB15-148,2015,RS,2015-02-09,Introduced In House - Assigned to Appropriations,5
SB15-148,2015,RS,2015-02-10,House Committee on Appropriations Refer Unamended to House Committee of the Whole,6
SB15-148,2015,RS,2015-02-11,House Second Reading Passed - No Amendments,7
SB15-148,2015,RS,2015-02-12,House Third Reading Passed - No Amendments,8
SB15-148,2015,RS,2015-02-27,Signed by the President of the Senate,9
SB15-148,2015,RS,2015-03-04,Sent to the Governor,10
SB15-148,2015,RS,2015-03-11,Governor Signed,11
SB15-149,2015,RS,2015-02-02,Introduced In Senate - Assigned to Appropriations,1
SB15-149,2015,RS,2015-02-03,Senate Committee on Appropriations Refer Unamended to Senate Committee of the Whole,2
SB15-149,2015,RS,2015-02-04,Senate Second Reading Special Order - Passed - No Amendments,3
SB15-149,2015,RS,2015-02-05,Senate Third Reading Passed - No Amendments,4
SB15-149,2015,RS,2015-02-09,Introduced In House - Assigned to Appropriations,5
SB15-149,2015,RS,2015-02-10,House Committee on Appropriations Refer Unamended to House Committee of the Whole,6
SB15-149,2015,RS,2015-02-11,House Second Reading Passed - No Amendments,7
SB15-149,2015,RS,2015-02-12,House Third Reading Passed - No Amendments,8
SB15-149,2015,RS,2015-02-27,Signed by the President of the Senate,9
SB15-149,2015,RS,2015-03-04,Sent to the Governor,10
SB15-149,2015,RS,2015-03-11,Governor Signed,11
SB15-150,2015,RS,2015-02-02,Introduced In Senate - Assigned to Appropriations,1
SB15-150,2015,RS,2015-02-03,Senate Committee on Appropriations Refer Unamended to Senate Committee of the Whole,2
SB15-150,2015,RS,2015-02-04,Senate Second Reading Special Order - Passed - No Amendments,3
SB15-150,2015,RS,2015-02-05,Senate Third Reading Passed - No Amendments,4
SB15-150,2015,RS,2015-02-09,Introduced In House - Assigned to Appropriations,5
SB15-150,2015,RS,2015-02-10,House Committee on Appropriations Refer Unamended to House Committee of the Whole,6
SB15-150,2015,RS,2015-02-11,House Second Reading Passed - No Amendments,7
SB15-150,2015,RS,2015-02-12,House Third Reading Passed - No Amendments,8
SB15-150,2015,RS,2015-02-27,Signed by the President of the Senate,9
SB15-150,2015,RS,2015-03-04,Sent to the Governor,10
SB15-150,2015,RS,2015-03-11,Governor Signed,11
SB15-151,2015,RS,2015-02-02,Introduced In Senate - Assigned to Appropriations,1
SB15-151,2015,RS,2015-02-03,Senate Committee on Appropriations Refer Unamended - Consent Calendar to Senate Committee of the Whole,2
SB15-151,2015,RS,2015-02-04,Senate Second Reading Special Order - Passed - No Amendments,3
SB15-151,2015,RS,2015-02-05,Senate Third Reading Passed - No Amendments,4
SB15-151,2015,RS,2015-02-09,Introduced In House - Assigned to Appropriations,5
SB15-151,2015,RS,2015-02-10,House Committee on Appropriations Refer Unamended to House Committee of the Whole,6
SB15-151,2015,RS,2015-02-11,House Second Reading Passed - No Amendments,7
SB15-151,2015,RS,2015-02-12,House Third Reading Passed - No Amendments,8
SB15-151,2015,RS,2015-02-27,Signed by the President of the Senate,9
SB15-151,2015,RS,2015-03-04,Sent to the Governor,10
SB15-151,2015,RS,2015-03-11,Governor Signed,11
SB15-152,2015,RS,2015-02-02,Introduced In Senate - Assigned to Appropriations,1
SB15-152,2015,RS,2015-02-03,Senate Committee on Appropriations Refer Unamended to Senate Committee of the Whole,2
SB15-152,2015,RS,2015-02-04,Senate Second Reading Special Order - Passed - No Amendments,3
SB15-152,2015,RS,2015-02-05,Senate Third Reading Passed - No Amendments,4
SB15-152,2015,RS,2015-02-09,Introduced In House - Assigned to Appropriations,5
SB15-152,2015,RS,2015-02-10,House Committee on Appropriations Refer Unamended to House Committee of the Whole,6
SB15-152,2015,RS,2015-02-11,House Second Reading Passed - No Amendments,7
SB15-152,2015,RS,2015-02-12,House Third Reading Passed - No Amendments,8
SB15-152,2015,RS,2015-02-27,Signed by the President of the Senate,9
SB15-152,2015,RS,2015-03-04,Sent to the Governor,10
SB15-152,2015,RS,2015-03-11,Governor Signed,11
SB15-153,2015,RS,2015-02-02,Introduced In Senate - Assigned to Appropriations,1
SB15-153,2015,RS,2015-02-03,Senate Committee on Appropriations Refer Unamended - Consent Calendar to Senate Committee of the Whole,2
SB15-153,2015,RS,2015-02-04,Senate Second Reading Special Order - Passed - No Amendments,3
SB15-153,2015,RS,2015-02-05,Senate Third Reading Passed - No Amendments,4
SB15-153,2015,RS,2015-02-09,Introduced In House - Assigned to Appropriations,5
SB15-153,2015,RS,2015-02-10,House Committee on Appropriations Refer Unamended to House Committee of the Whole,6
SB15-153,2015,RS,2015-02-11,House Second Reading Passed - No Amendments,7
SB15-153,2015,RS,2015-02-12,House Third Reading Passed - No Amendments,8
SB15-153,2015,RS,2015-02-27,Signed by the President of the Senate,9
SB15-153,2015,RS,2015-03-04,Sent to the Governor,10
SB15-153,2015,RS,2015-03-11,Governor Signed,11
SB15-154,2015,RS,2015-02-02,Introduced In Senate - Assigned to Appropriations,1
SB15-154,2015,RS,2015-02-03,Senate Committee on Appropriations Refer Unamended - Consent Calendar to Senate Committee of the Whole,2
SB15-154,2015,RS,2015-02-04,Senate Second Reading Special Order - Passed - No Amendments,3
SB15-154,2015,RS,2015-02-05,Senate Third Reading Passed - No Amendments,4
SB15-154,2015,RS,2015-02-09,Introduced In House - Assigned to Appropriations,5
SB15-154,2015,RS,2015-02-10,House Committee on Appropriations Refer Unamended to House Committee of the Whole,6
SB15-154,2015,RS,2015-02-11,House Second Reading Passed - No Amendments,7
SB15-154,2015,RS,2015-02-12,House Third Reading Passed - No Amendments,8
SB15-154,2015,RS,2015-02-27,Signed by the President of the Senate,9
SB15-154,2015,RS,2015-03-04,Sent to the Governor,10
SB15-154,2015,RS,2015-03-11,Governor Signed,11
SB15-155,2015,RS,2015-02-02,Introduced In Senate - Assigned to Appropriations,1
SB15-155,2015,RS,2015-02-03,Senate Committee on Appropriations Refer Unamended - Consent Calendar to Senate Committee of the Whole,2
SB15-155,2015,RS,2015-02-04,Senate Second Reading Special Order - Passed - No Amendments,3
SB15-155,2015,RS,2015-02-05,Senate Third Reading Passed - No Amendments,4
SB15-155,2015,RS,2015-02-09,Introduced In House - Assigned to Appropriations,5
SB15-155,2015,RS,2015-02-10,House Committee on Appropriations Refer Unamended to House Committee of the Whole,6
SB15-155,2015,RS,2015-02-11,House Second Reading Passed - No Amendments,7
SB15-155,2015,RS,2015-02-12,House Third Reading Passed - No Amendments,8
SB15-155,2015,RS,2015-02-27,Signed by the President of the Senate,9
SB15-155,2015,RS,2015-03-04,Sent to the Governor,10
SB15-155,2015,RS,2015-03-11,Governor Signed,11
SB15-156,2015,RS,2015-02-02,Introduced In Senate - Assigned to Appropriations,1
SB15-156,2015,RS,2015-02-03,Senate Committee on Appropriations Refer Unamended - Consent Calendar to Senate Committee of the Whole,2
SB15-156,2015,RS,2015-02-04,Senate Second Reading Special Order - Passed - No Amendments,3
SB15-156,2015,RS,2015-02-05,Senate Third Reading Passed - No Amendments,4
SB15-156,2015,RS,2015-02-09,Introduced In House - Assigned to Appropriations,5
SB15-156,2015,RS,2015-02-10,House Committee on Appropriations Refer Unamended to House Committee of the Whole,6
SB15-156,2015,RS,2015-02-11,House Second Reading Passed - No Amendments,7
SB15-156,2015,RS,2015-02-12,House Third Reading Passed - No Amendments,8
SB15-156,2015,RS,2015-02-27,Signed by the President of the Senate,9
SB15-156,2015,RS,2015-03-04,Sent to the Governor,10
SB15-156,2015,RS,2015-03-11,Governor Signed,11
SB15-157,2015,RS,2015-02-02,Introduced In Senate - Assigned to Appropriations,1
SB15-157,2015,RS,2015-02-03,Senate Committee on Appropriations Refer Unamended - Consent Calendar to Senate Committee of the Whole,2
SB15-157,2015,RS,2015-02-04,Senate Second Reading Special Order - Passed - No Amendments,3
SB15-157,2015,RS,2015-02-05,Senate Third Reading Passed - No Amendments,4
SB15-157,2015,RS,2015-02-09,Introduced In House - Assigned to Appropriations,5
SB15-157,2015,RS,2015-02-10,House Committee on Appropriations Refer Unamended to House Committee of the Whole,6
SB15-157,2015,RS,2015-02-11,House Second Reading Passed - No Amendments,7
SB15-157,2015,RS,2015-02-12,House Third Reading Passed - No Amendments,8
SB15-157,2015,RS,2015-02-27,Signed by the President of the Senate,9
SB15-157,2015,RS,2015-03-04,Sent to the Governor,10
SB15-157,2015,RS,2015-03-11,Governor Signed,11
SB15-158,2015,RS,2015-02-02,Introduced In Senate - Assigned to Appropriations,1
SB15-158,2015,RS,2015-02-03,Senate Committee on Appropriations Refer Unamended to Senate Committee of the Whole,2
SB15-158,2015,RS,2015-02-04,Senate Second Reading Special Order - Passed - No Amendments,3
SB15-158,2015,RS,2015-02-05,Senate Third Reading Passed - No Amendments,4
SB15-158,2015,RS,2015-02-09,Introduced In House - Assigned to Appropriations,5
SB15-158,2015,RS,2015-02-10,House Committee on Appropriations Refer Unamended to House Committee of the Whole,6
SB15-158,2015,RS,2015-02-11,House Second Reading Passed - No Amendments,7
SB15-158,2015,RS,2015-02-12,House Third Reading Passed - No Amendments,8
SB15-158,2015,RS,2015-02-27,Signed by the President of the Senate,9
SB15-158,2015,RS,2015-03-04,Sent to the Governor,10
SB15-158,2015,RS,2015-03-11,Governor Signed,11
SB15-159,2015,RS,2015-02-02,Introduced In Senate - Assigned to Appropriations,1
SB15-159,2015,RS,2015-02-03,Senate Committee on Appropriations Refer Unamended to Senate Committee of the Whole,2
SB15-159,2015,RS,2015-02-05,Senate Second Reading Passed - No Amendments,3
SB15-159,2015,RS,2015-02-06,Senate Third Reading Passed - No Amendments,4
SB15-159,2015,RS,2015-02-09,Introduced In House - Assigned to Appropriations,5
SB15-159,2015,RS,2015-02-10,House Committee on Appropriations Refer Unamended to House Committee of the Whole,6
SB15-159,2015,RS,2015-02-11,House Second Reading Passed with Amendments - Floor,7
SB15-159,2015,RS,2015-02-12,House Third Reading Passed - No Amendments,8
SB15-159,2015,RS,2015-02-13,Senate Considered House Amendments - Result was to Laid Over Daily,9
SB15-159,2015,RS,2015-02-17,Senate Considered House Amendments - Result was to Laid Over Daily,10
SB15-159,2015,RS,2015-02-18,Senate Considered House Amendments - Result was to Adhere,11
SB15-159,2015,RS,2015-03-04,House Considered Senate Adherence - Result was to Recede,12
SB15-159,2015,RS,2015-03-10,Signed by the President of the Senate,13
SB15-159,2015,RS,2015-03-12,Sent to the Governor,14
SB15-159,2015,RS,2015-03-13,Governor Signed,15
SB15-160,2015,RS,2015-02-02,Introduced In Senate - Assigned to Appropriations,1
SB15-160,2015,RS,2015-02-03,Senate Committee on Appropriations Refer Unamended - Consent Calendar to Senate Committee of the Whole,2
SB15-160,2015,RS,2015-02-04,Senate Second Reading Special Order - Passed - No Amendments,3
SB15-160,2015,RS,2015-02-05,Senate Third Reading Passed - No Amendments,4
SB15-160,2015,RS,2015-02-09,Introduced In House - Assigned to Appropriations,5
SB15-160,2015,RS,2015-02-10,House Committee on Appropriations Refer Unamended to House Committee of the Whole,6
SB15-160,2015,RS,2015-02-11,House Second Reading Passed - No Amendments,7
SB15-160,2015,RS,2015-02-12,House Third Reading Passed - No Amendments,8
SB15-160,2015,RS,2015-02-27,Signed by the President of the Senate,9
SB15-160,2015,RS,2015-03-04,Sent to the Governor,10
SB15-160,2015,RS,2015-03-11,Governor Signed,11
SB15-161,2015,RS,2015-02-02,Introduced In Senate - Assigned to Appropriations,1
SB15-161,2015,RS,2015-02-03,Senate Committee on Appropriations Refer Unamended to Senate Committee of the Whole,2
SB15-161,2015,RS,2015-02-05,Senate Second Reading Laid Over to 02/12/2015 - No Amendments,3
SB15-161,2015,RS,2015-02-12,Senate Second Reading Passed - No Amendments,4
SB15-161,2015,RS,2015-02-13,Senate Third Reading Passed - No Amendments,5
SB15-161,2015,RS,2015-02-17,Introduced In House - Assigned to Appropriations,6
SB15-161,2015,RS,2015-02-20,House Committee on Appropriations Refer Unamended to House Committee of the Whole,7
SB15-161,2015,RS,2015-02-24,House Second Reading Passed with Amendments - Floor,8
SB15-161,2015,RS,2015-02-25,House Third Reading Passed - No Amendments,9
SB15-161,2015,RS,2015-02-27,Senate Considered House Amendments - Result was to Laid Over Daily,10
SB15-161,2015,RS,2015-02-27,Senate Considered House Amendments - Result was to Laid Over Daily,11
SB15-161,2015,RS,2015-03-02,Senate Considered House Amendments - Result was to Not Concur - Request Conference Committee,12
SB15-161,2015,RS,2015-03-18,First Conference Committee Result was to Adopt Rerevised w/ Amendments,13
SB15-161,2015,RS,2015-03-19,House Consideration of First Conference Committee Report result was to Adopt Committee Report - Repass,14
SB15-161,2015,RS,2015-03-23,Senate Consideration of First Conference Committee Report result was to Adopt Committee Report - Repass,15
SB15-161,2015,RS,2015-03-27,Signed by the President of the Senate,16
SB15-161,2015,RS,2015-03-30,Sent to the Governor,17
SB15-161,2015,RS,2015-04-03,Governor Signed,18
SB15-162,2015,RS,2015-02-02,Introduced In Senate - Assigned to Appropriations,1
SB15-162,2015,RS,2015-02-03,Senate Committee on Appropriations Refer Unamended - Consent Calendar to Senate Committee of the Whole,2
SB15-162,2015,RS,2015-02-04,Senate Second Reading Special Order - Passed - No Amendments,3
SB15-162,2015,RS,2015-02-05,Senate Third Reading Passed - No Amendments,4
SB15-162,2015,RS,2015-02-09,Introduced In House - Assigned to Appropriations,5
SB15-162,2015,RS,2015-02-10,House Committee on Appropriations Refer Unamended to House Committee of the Whole,6
SB15-162,2015,RS,2015-02-11,House Second Reading Passed - No Amendments,7
SB15-162,2015,RS,2015-02-12,House Third Reading Passed - No Amendments,8
SB15-162,2015,RS,2015-02-27,Signed by the President of the Senate,9
SB15-162,2015,RS,2015-03-04,Sent to the Governor,10
SB15-162,2015,RS,2015-03-11,Governor Signed,11
SB15-163,2015,RS,2015-02-02,Introduced In Senate - Assigned to Appropriations,1
SB15-163,2015,RS,2015-02-03,Senate Committee on Appropriations Refer Unamended - Consent Calendar to Senate Committee of the Whole,2
SB15-163,2015,RS,2015-02-04,Senate Second Reading Special Order - Passed - No Amendments,3
SB15-163,2015,RS,2015-02-05,Senate Third Reading Passed - No Amendments,4
SB15-163,2015,RS,2015-02-09,Introduced In House - Assigned to Appropriations,5
SB15-163,2015,RS,2015-02-10,House Committee on Appropriations Refer Unamended to House Committee of the Whole,6
SB15-163,2015,RS,2015-02-11,House Second Reading Passed - No Amendments,7
SB15-163,2015,RS,2015-02-12,House Third Reading Passed - No Amendments,8
SB15-163,2015,RS,2015-02-27,Signed by the President of the Senate,9
SB15-163,2015,RS,2015-03-04,Sent to the Governor,10
SB15-163,2015,RS,2015-03-11,Governor Signed,11
SB15-164,2015,RS,2015-02-02,Introduced In Senate - Assigned to Appropriations,1
SB15-164,2015,RS,2015-02-03,Senate Committee on Appropriations Refer Unamended - Consent Calendar to Senate Committee of the Whole,2
SB15-164,2015,RS,2015-02-04,Senate Second Reading Special Order - Passed - No Amendments,3
SB15-164,2015,RS,2015-02-05,Senate Third Reading Passed - No Amendments,4
SB15-164,2015,RS,2015-02-09,Introduced In House - Assigned to Appropriations,5
SB15-164,2015,RS,2015-02-10,House Committee on Appropriations Refer Unamended to House Committee of the Whole,6
SB15-164,2015,RS,2015-02-11,House Second Reading Passed - No Amendments,7
SB15-164,2015,RS,2015-02-12,House Third Reading Passed - No Amendments,8
SB15-164,2015,RS,2015-02-27,Signed by the President of the Senate,9
SB15-164,2015,RS,2015-03-04,Sent to the Governor,10
SB15-164,2015,RS,2015-03-13,Governor Signed,11
SB15-165,2015,RS,2015-02-02,Introduced In Senate - Assigned to Appropriations,1
SB15-165,2015,RS,2015-02-03,Senate Committee on Appropriations Refer Unamended - Consent Calendar to Senate Committee of the Whole,2
SB15-165,2015,RS,2015-02-04,Senate Second Reading Special Order - Passed - No Amendments,3
SB15-165,2015,RS,2015-02-05,Senate Third Reading Passed - No Amendments,4
SB15-165,2015,RS,2015-02-09,Introduced In House - Assigned to Appropriations,5
SB15-165,2015,RS,2015-02-10,House Committee on Appropriations Refer Unamended to House Committee of the Whole,6
SB15-165,2015,RS,2015-02-11,House Second Reading Passed with Amendments - Floor,7
SB15-165,2015,RS,2015-02-12,House Third Reading Passed - No Amendments,8
SB15-165,2015,RS,2015-02-13,Senate Considered House Amendments - Result was to Concur - Repass,9
SB15-165,2015,RS,2015-02-27,Signed by the President of the Senate,10
SB15-165,2015,RS,2015-03-04,Sent to the Governor,11
SB15-165,2015,RS,2015-03-13,Governor Signed,12
SB15-166,2015,RS,2015-02-02,Introduced In Senate - Assigned to Appropriations,1
SB15-166,2015,RS,2015-02-03,Senate Committee on Appropriations Refer Unamended to Senate Committee of the Whole,2
SB15-166,2015,RS,2015-02-04,Senate Second Reading Special Order - Passed - No Amendments,3
SB15-166,2015,RS,2015-02-05,Senate Third Reading Passed - No Amendments,4
SB15-166,2015,RS,2015-02-09,Introduced In House - Assigned to Appropriations,5
SB15-166,2015,RS,2015-02-10,House Committee on Appropriations Refer Amended to House Committee of the Whole,6
SB15-166,2015,RS,2015-02-11,House Second Reading Passed with Amendments - Committee,7
SB15-166,2015,RS,2015-02-12,House Third Reading Passed - No Amendments,8
SB15-166,2015,RS,2015-02-13,Senate Considered House Amendments - Result was to Concur - Repass,9
SB15-166,2015,RS,2015-02-27,Signed by the President of the Senate,10
SB15-166,2015,RS,2015-03-04,Sent to the Governor,11
SB15-166,2015,RS,2015-03-13,Governor Signed,12
SB15-167,2015,RS,2015-02-02,Introduced In Senate - Assigned to Appropriations,1
SB15-167,2015,RS,2015-02-03,Senate Committee on Appropriations Refer Unamended - Consent Calendar to Senate Committee of the Whole,2
SB15-167,2015,RS,2015-02-04,Senate Second Reading Special Order - Passed with Amendments - Floor,3
SB15-167,2015,RS,2015-02-05,Senate Third Reading Passed - No Amendments,4
SB15-167,2015,RS,2015-02-09,Introduced In House - Assigned to Appropriations,5
SB15-167,2015,RS,2015-02-10,House Committee on Appropriations Refer Unamended to House Committee of the Whole,6
SB15-167,2015,RS,2015-02-11,House Second Reading Passed - No Amendments,7
SB15-167,2015,RS,2015-02-12,House Third Reading Passed - No Amendments,8
SB15-167,2015,RS,2015-02-27,Signed by the President of the Senate,9
SB15-167,2015,RS,2015-03-04,Sent to the Governor,10
SB15-167,2015,RS,2015-03-13,Governor Signed,11
SB15-168,2015,RS,2015-02-02,Introduced In Senate - Assigned to Appropriations,1
SB15-168,2015,RS,2015-02-03,Senate Committee on Appropriations Refer Unamended - Consent Calendar to Senate Committee of the Whole,2
SB15-168,2015,RS,2015-02-04,Senate Second Reading Special Order - Passed - No Amendments,3
SB15-168,2015,RS,2015-02-05,Senate Third Reading Passed - No Amendments,4
SB15-168,2015,RS,2015-02-09,Introduced In House - Assigned to Appropriations,5
SB15-168,2015,RS,2015-02-10,House Committee on Appropriations Refer Unamended to House Committee of the Whole,6
SB15-168,2015,RS,2015-02-11,House Second Reading Passed - No Amendments,7
SB15-168,2015,RS,2015-02-12,House Third Reading Passed - No Amendments,8
SB15-168,2015,RS,2015-02-27,Signed by the President of the Senate,9
SB15-168,2015,RS,2015-03-04,Sent to the Governor,10
SB15-168,2015,RS,2015-03-13,Governor Signed,11
SB15-169,2015,RS,2015-02-02,Introduced In Senate - Assigned to Appropriations,1
SB15-169,2015,RS,2015-02-03,Senate Committee on Appropriations Refer Unamended - Consent Calendar to Senate Committee of the Whole,2
SB15-169,2015,RS,2015-02-04,Senate Second Reading Special Order - Passed - No Amendments,3
SB15-169,2015,RS,2015-02-05,Senate Third Reading Passed - No Amendments,4
SB15-169,2015,RS,2015-02-09,Introduced In House - Assigned to Appropriations,5
SB15-169,2015,RS,2015-02-10,House Committee on Appropriations Refer Unamended to House Committee of the Whole,6
SB15-169,2015,RS,2015-02-11,House Second Reading Passed - No Amendments,7
SB15-169,2015,RS,2015-02-12,House Third Reading Passed - No Amendments,8
SB15-169,2015,RS,2015-02-27,Signed by the President of the Senate,9
SB15-169,2015,RS,2015-03-04,Sent to the Governor,10
SB15-169,2015,RS,2015-03-13,Governor Signed,11
SB15-170,2015,RS,2015-02-02,Introduced In Senate - Assigned to Appropriations,1
SB15-170,2015,RS,2015-02-03,Senate Committee on Appropriations Refer Unamended - Consent Calendar to Senate Committee of the Whole,2
SB15-170,2015,RS,2015-02-04,Senate Second Reading Special Order - Passed - No Amendments,3
SB15-170,2015,RS,2015-02-05,Senate Third Reading Passed - No Amendments,4
SB15-170,2015,RS,2015-02-09,Introduced In House - Assigned to Appropriations,5
SB15-170,2015,RS,2015-02-10,House Committee on Appropriations Refer Unamended to House Committee of the Whole,6
SB15-170,2015,RS,2015-02-11,House Second Reading Passed - No Amendments,7
SB15-170,2015,RS,2015-02-12,House Third Reading Passed - No Amendments,8
SB15-170,2015,RS,2015-02-27,Signed by the President of the Senate,9
SB15-170,2015,RS,2015-03-04,Sent to the Governor,10
SB15-170,2015,RS,2015-03-13,Governor Signed,11
SB15-171,2015,RS,2015-02-06,Introduced In Senate - Assigned to Education,1
SB15-171,2015,RS,2015-02-25,Senate Committee on Education Refer Unamended - Consent Calendar to Senate Committee of the Whole,2
SB15-171,2015,RS,2015-03-02,Senate Second Reading Passed - No Amendments,3
SB15-171,2015,RS,2015-03-03,Senate Third Reading Passed - No Amendments,4
SB15-171,2015,RS,2015-03-06,Introduced In House - Assigned to Education,5
SB15-171,2015,RS,2015-03-16,House Committee on Education Refer Unamended to House Committee of the Whole,6
SB15-171,2015,RS,2015-03-19,House Second Reading Laid Over Daily - No Amendments,7
SB15-171,2015,RS,2015-03-20,House Second Reading Passed - No Amendments,8
SB15-171,2015,RS,2015-03-23,House Third Reading Passed - No Amendments,9
SB15-171,2015,RS,2015-04-06,Signed by the President of the Senate,10
SB15-171,2015,RS,2015-04-09,Signed by the Speaker of the House,11
SB15-171,2015,RS,2015-04-09,Sent to the Governor,12
SB15-171,2015,RS,2015-04-16,Governor Signed,13
SB15-172,2015,RS,2015-02-06,Introduced In Senate - Assigned to Transportation,1
SB15-172,2015,RS,2015-02-19,Senate Committee on Transportation Postpone Indefinitely,2
SB15-173,2015,RS,2015-02-06,Introduced In Senate - Assigned to Education,1
SB15-173,2015,RS,2015-03-05,Senate Committee on Education Refer Amended to Senate Committee of the Whole,2
SB15-173,2015,RS,2015-03-10,Senate Second Reading Laid Over to 03/16/2015 - No Amendments,3
SB15-173,2015,RS,2015-03-16,Senate Second Reading Laid Over Daily - No Amendments,4
SB15-173,2015,RS,2015-03-17,"Senate Second Reading Passed with Amendments - Committee, Floor",5
SB15-173,2015,RS,2015-03-18,Senate Third Reading Passed - No Amendments,6
SB15-173,2015,RS,2015-03-23,Introduced In House - Assigned to Education,7
SB15-173,2015,RS,2015-04-15,House Committee on Education Witness Testimony and/or Committee Discussion Only,8
SB15-173,2015,RS,2015-04-20,House Committee on Education Refer Amended to House Committee of the Whole,9
SB15-173,2015,RS,2015-04-23,"House Second Reading Passed with Amendments - Committee, Floor",10
SB15-173,2015,RS,2015-04-27,House Third Reading Passed - No Amendments,11
SB15-173,2015,RS,2015-04-28,Senate Considered House Amendments - Result was to Laid Over Daily,12
SB15-173,2015,RS,2015-04-29,Senate Considered House Amendments - Result was to Laid Over Daily,13
SB15-173,2015,RS,2015-04-30,Senate Considered House Amendments - Result was to Laid Over Daily,14
SB15-173,2015,RS,2015-05-01,Senate Considered House Amendments - Result was to Adhere,15
SB15-173,2015,RS,2015-05-07,House Considered Senate Adherence - Result was to Adhere,16
SB15-174,2015,RS,2015-02-06,Introduced In Senate - Assigned to Judiciary,1
SB15-174,2015,RS,2015-02-24,Senate Committee on Judiciary Postpone Indefinitely,2
SB15-175,2015,RS,2015-02-06,Introduced In Senate - Assigned to Judiciary,1
SB15-175,2015,RS,2015-03-09,Senate Committee on Judiciary Refer Unamended to Senate Committee of the Whole,2
SB15-175,2015,RS,2015-03-12,Senate Second Reading Laid Over to 03/16/2015 - No Amendments,3
SB15-175,2015,RS,2015-03-16,Senate Second Reading Passed - No Amendments,4
SB15-175,2015,RS,2015-03-17,Senate Third Reading Passed - No Amendments,5
SB15-175,2015,RS,2015-03-20,"Introduced In House - Assigned to State, Veterans, & Military Affairs",6
SB15-175,2015,RS,2015-04-13,"House Committee on State, Veterans, & Military Affairs Postpone Indefinitely",7
SB15-176,2015,RS,2015-02-06,Introduced In Senate - Assigned to Local Government + Appropriations,1
SB15-176,2015,RS,2015-02-24,Senate Committee on Local Government Refer Unamended to Appropriations,2
SB15-176,2015,RS,2015-04-17,Senate Committee on Appropriations Postpone Indefinitely,3
SB15-177,2015,RS,2015-02-10,"Introduced In Senate - Assigned to Business, Labor, & Technology",1
SB15-177,2015,RS,2015-03-18,"Senate Committee on Business, Labor, & Technology Refer Amended to Senate Committee of the Whole",2
SB15-177,2015,RS,2015-03-23,Senate Second Reading Laid Over Daily - No Amendments,3
SB15-177,2015,RS,2015-03-24,Senate Second Reading Laid Over Daily - No Amendments,4
SB15-177,2015,RS,2015-03-25,Senate Second Reading Laid Over to 03/30/2015 - No Amendments,5
SB15-177,2015,RS,2015-03-30,Senate Second Reading Laid Over to 4/6/15 - No Amendments,6
SB15-177,2015,RS,2015-04-06,Senate Second Reading Laid Over to 04/10/2015 - No Amendments,7
SB15-177,2015,RS,2015-04-10,"Senate Second Reading Passed with Amendments - Committee, Floor",8
SB15-177,2015,RS,2015-04-13,Senate Third Reading Laid Over Daily - No Amendments,9
SB15-177,2015,RS,2015-04-14,Senate Third Reading Passed - No Amendments,10
SB15-177,2015,RS,2015-04-22,"Introduced In House - Assigned to State, Veterans, & Military Affairs",11
SB15-177,2015,RS,2015-04-27,"House Committee on State, Veterans, & Military Affairs Postpone Indefinitely",12
SB15-178,2015,RS,2015-02-17,Introduced In Senate - Assigned to Health & Human Services,1
SB15-178,2015,RS,2015-03-05,Senate Committee on Health & Human Services Refer Unamended to Senate Committee of the Whole,2
SB15-178,2015,RS,2015-03-10,Senate Second Reading Passed - No Amendments,3
SB15-178,2015,RS,2015-03-11,Senate Third Reading Passed - No Amendments,4
SB15-178,2015,RS,2015-03-16,Introduced In House - Assigned to Public Health Care & Human Services,5
SB15-178,2015,RS,2015-03-31,House Committee on Public Health Care & Human Services Refer Unamended to House Committee of the Whole,6
SB15-178,2015,RS,2015-04-06,House Second Reading Passed - No Amendments,7
SB15-178,2015,RS,2015-04-07,House Third Reading Passed - No Amendments,8
SB15-178,2015,RS,2015-04-21,Signed by the President of the Senate,9
SB15-178,2015,RS,2015-04-22,Signed by the Speaker of the House,10
SB15-178,2015,RS,2015-04-23,Sent to the Governor,11
SB15-178,2015,RS,2015-05-01,Governor Signed,12
SB15-179,2015,RS,2015-02-17,Introduced In Senate - Assigned to Transportation,1
SB15-179,2015,RS,2015-03-12,Senate Committee on Transportation Postpone Indefinitely,2
SB15-180,2015,RS,2015-02-17,"Introduced In Senate - Assigned to Business, Labor, & Technology",1
SB15-180,2015,RS,2015-03-09,"Senate Committee on Business, Labor, & Technology Refer Unamended to Senate Committee of the Whole",2
SB15-180,2015,RS,2015-03-12,Senate Second Reading Laid Over to 03/16/2015 - No Amendments,3
SB15-180,2015,RS,2015-03-16,Senate Second Reading Passed - No Amendments,4
SB15-180,2015,RS,2015-03-17,Senate Third Reading Passed - No Amendments,5
SB15-180,2015,RS,2015-03-20,"Introduced In House - Assigned to State, Veterans, & Military Affairs",6
SB15-180,2015,RS,2015-03-30,"House Committee on State, Veterans, & Military Affairs Postpone Indefinitely",7
SB15-181,2015,RS,2015-02-17,Introduced In Senate - Assigned to Judiciary,1
SB15-181,2015,RS,2015-04-08,Senate Committee on Judiciary Refer Amended to Appropriations,2
SB15-181,2015,RS,2015-04-10,Senate Committee on Appropriations Refer Unamended to Senate Committee of the Whole,3
SB15-181,2015,RS,2015-04-14,Senate Second Reading Laid Over Daily - No Amendments,4
SB15-181,2015,RS,2015-04-15,"Senate Second Reading Passed with Amendments - Committee, Floor",5
SB15-181,2015,RS,2015-04-16,Senate Third Reading Passed - No Amendments,6
SB15-181,2015,RS,2015-04-20,"Introduced In House - Assigned to State, Veterans, & Military Affairs",7
SB15-181,2015,RS,2015-05-04,"House Committee on State, Veterans, & Military Affairs Postpone Indefinitely",8
SB15-182,2015,RS,2015-02-17,Introduced In Senate - Assigned to Judiciary,1
SB15-182,2015,RS,2015-03-02,Senate Committee on Judiciary Refer Unamended - Consent Calendar to Senate Committee of the Whole,2
SB15-182,2015,RS,2015-03-05,Senate Second Reading Passed - No Amendments,3
SB15-182,2015,RS,2015-03-06,Senate Third Reading Passed - No Amendments,4
SB15-182,2015,RS,2015-03-11,Introduced In House - Assigned to Judiciary,5
SB15-182,2015,RS,2015-03-24,House Committee on Judiciary Refer Amended to House Committee of the Whole,6
SB15-182,2015,RS,2015-03-27,House Second Reading Passed with Amendments - Committee,7
SB15-182,2015,RS,2015-03-30,House Third Reading Passed - No Amendments,8
SB15-182,2015,RS,2015-03-31,Senate Considered House Amendments - Result was to Concur - Repass,9
SB15-182,2015,RS,2015-04-16,Signed by the President of the Senate,10
SB15-182,2015,RS,2015-04-17,Signed by the Speaker of the House,11
SB15-182,2015,RS,2015-04-23,Sent to the Governor,12
SB15-182,2015,RS,2015-05-01,Governor Signed,13
SB15-183,2015,RS,2015-02-17,"Introduced In Senate - Assigned to Agriculture, Natural Resources, & Energy",1
SB15-183,2015,RS,2015-03-05,"Senate Committee on Agriculture, Natural Resources, & Energy Refer Amended to Senate Committee of the Whole",2
SB15-183,2015,RS,2015-03-10,Senate Second Reading Laid Over to 03/13/2015 - No Amendments,3
SB15-183,2015,RS,2015-03-13,Senate Second Reading Laid Over Daily - No Amendments,4
SB15-183,2015,RS,2015-03-16,"Senate Second Reading Passed with Amendments - Committee, Floor",5
SB15-183,2015,RS,2015-03-17,Senate Third Reading Passed - No Amendments,6
SB15-183,2015,RS,2015-03-20,"Introduced In House - Assigned to Agriculture, Livestock, & Natural Resources",7
SB15-183,2015,RS,2015-03-30,"House Committee on Agriculture, Livestock, & Natural Resources Witness Testimony and/or Committee Discussion Only",8
SB15-183,2015,RS,2015-04-06,"House Committee on Agriculture, Livestock, & Natural Resources Refer Unamended to House Committee of the Whole",9
SB15-183,2015,RS,2015-04-10,House Second Reading Passed - No Amendments,10
SB15-183,2015,RS,2015-04-13,House Third Reading Laid Over Daily - No Amendments,11
SB15-183,2015,RS,2015-04-14,House Third Reading Passed with Amendments - Floor,12
SB15-183,2015,RS,2015-04-15,Senate Considered House Amendments - Result was to Concur - Repass,13
SB15-183,2015,RS,2015-04-27,Signed by the President of the Senate,14
SB15-183,2015,RS,2015-04-28,Signed by the Speaker of the House,15
SB15-183,2015,RS,2015-04-29,Sent to the Governor,16
SB15-183,2015,RS,2015-05-04,Governor Signed,17
SB15-184,2015,RS,2015-02-18,Introduced In Senate - Assigned to Education,1
SB15-184,2015,RS,2015-03-12,Senate Committee on Education Refer Amended to Finance,2
SB15-184,2015,RS,2015-03-17,Senate Committee on Finance Refer Unamended to Appropriations,3
SB15-184,2015,RS,2015-04-10,Senate Committee on Appropriations Refer Amended to Senate Committee of the Whole,4
SB15-184,2015,RS,2015-04-14,"Senate Second Reading Passed with Amendments - Committee, Floor",5
SB15-184,2015,RS,2015-04-15,Senate Third Reading Passed - No Amendments,6
SB15-184,2015,RS,2015-04-16,Introduced In House - Assigned to Education,7
SB15-184,2015,RS,2015-05-01,House Committee on Education Refer Amended to House Committee of the Whole,8
SB15-184,2015,RS,2015-05-01,House Second Reading Special Order - Passed with Amendments - Committee,9
SB15-184,2015,RS,2015-05-04,House Third Reading Passed - No Amendments,10
SB15-184,2015,RS,2015-05-04,Senate Considered House Amendments - Result was to Concur - Repass,11
SB15-184,2015,RS,2015-05-13,Signed by the President of the Senate,12
SB15-184,2015,RS,2015-05-14,Sent to the Governor,13
SB15-184,2015,RS,2015-05-14,Signed by the Speaker of the House,14
SB15-184,2015,RS,2015-06-05,Governor Signed,15
SB15-185,2015,RS,2015-02-18,Introduced In Senate - Assigned to Judiciary + Finance,1
SB15-185,2015,RS,2015-04-08,Senate Committee on Judiciary Refer Amended to Appropriations,2
SB15-185,2015,RS,2015-04-10,Senate Committee on Appropriations Refer Amended to Senate Committee of the Whole,3
SB15-185,2015,RS,2015-04-14,Senate Second Reading Re-referred to Finance - No Amendments,4
SB15-185,2015,RS,2015-04-16,Senate Committee on Finance Refer Unamended to Senate Committee of the Whole,5
SB15-185,2015,RS,2015-04-21,Senate Second Reading Passed with Amendments - Committee,6
SB15-185,2015,RS,2015-04-22,Senate Third Reading Passed - No Amendments,7
SB15-185,2015,RS,2015-04-22,Introduced In House - Assigned to Judiciary,8
SB15-185,2015,RS,2015-04-28,House Committee on Judiciary Refer Amended to Appropriations,9
SB15-185,2015,RS,2015-05-01,House Committee on Appropriations Refer Unamended to House Committee of the Whole,10
SB15-185,2015,RS,2015-05-01,House Second Reading Special Order - Passed with Amendments - Committee,11
SB15-185,2015,RS,2015-05-04,House Third Reading Passed - No Amendments,12
SB15-185,2015,RS,2015-05-04,Senate Considered House Amendments - Result was to Concur - Repass,13
SB15-185,2015,RS,2015-05-11,Signed by the President of the Senate,14
SB15-185,2015,RS,2015-05-11,Signed by the Speaker of the House,15
SB15-185,2015,RS,2015-05-11,Sent to the Governor,16
SB15-185,2015,RS,2015-05-29,Governor Signed,17
SB15-186,2015,RS,2015-02-24,Introduced In Senate - Assigned to Education,1
SB15-186,2015,RS,2015-02-25,Senate Committee on Education Refer Unamended to Appropriations,2
SB15-186,2015,RS,2015-03-03,Senate Committee on Appropriations Refer Amended - Consent Calendar to Senate Committee of the Whole,3
SB15-186,2015,RS,2015-03-05,Senate Second Reading Passed with Amendments - Committee,4
SB15-186,2015,RS,2015-03-06,Senate Third Reading Passed - No Amendments,5
SB15-186,2015,RS,2015-03-11,Introduced In House - Assigned to Education + Appropriations,6
SB15-186,2015,RS,2015-03-18,House Committee on Education Refer Unamended to Appropriations,7
SB15-186,2015,RS,2015-03-20,House Committee on Appropriations Refer Amended to House Committee of the Whole,8
SB15-186,2015,RS,2015-03-23,House Second Reading Passed with Amendments - Committee,9
SB15-186,2015,RS,2015-03-24,House Third Reading Passed - No Amendments,10
SB15-186,2015,RS,2015-03-25,Senate Considered House Amendments - Result was to Concur - Repass,11
SB15-186,2015,RS,2015-04-06,Signed by the President of the Senate,12
SB15-186,2015,RS,2015-04-09,Signed by the Speaker of the House,13
SB15-186,2015,RS,2015-04-09,Sent to the Governor,14
SB15-186,2015,RS,2015-04-16,Governor Signed,15
SB15-187,2015,RS,2015-02-27,Introduced In Senate - Assigned to Appropriations,1
SB15-187,2015,RS,2015-03-03,Senate Committee on Appropriations Refer Unamended - Consent Calendar to Senate Committee of the Whole,2
SB15-187,2015,RS,2015-03-05,Senate Second Reading Passed - No Amendments,3
SB15-187,2015,RS,2015-03-06,Senate Third Reading Passed - No Amendments,4
SB15-187,2015,RS,2015-03-11,Introduced In House - Assigned to Appropriations,5
SB15-187,2015,RS,2015-03-20,House Committee on Appropriations Refer Unamended to House Committee of the Whole,6
SB15-187,2015,RS,2015-03-23,House Second Reading Passed - No Amendments,7
SB15-187,2015,RS,2015-03-24,House Third Reading Passed - No Amendments,8
SB15-187,2015,RS,2015-04-06,Signed by the President of the Senate,9
SB15-187,2015,RS,2015-04-09,Signed by the Speaker of the House,10
SB15-187,2015,RS,2015-04-09,Sent to the Governor,11
SB15-187,2015,RS,2015-04-16,Governor Signed,12
SB15-188,2015,RS,2015-02-27,Introduced In Senate - Assigned to Appropriations,1
SB15-188,2015,RS,2015-03-03,Senate Committee on Appropriations Refer Unamended to Senate Committee of the Whole,2
SB15-188,2015,RS,2015-03-05,Senate Second Reading Passed - No Amendments,3
SB15-188,2015,RS,2015-03-06,Senate Third Reading Passed - No Amendments,4
SB15-188,2015,RS,2015-03-11,Introduced In House - Assigned to Appropriations,5
SB15-188,2015,RS,2015-03-20,House Committee on Appropriations Refer Unamended to House Committee of the Whole,6
SB15-188,2015,RS,2015-03-23,House Second Reading Passed - No Amendments,7
SB15-188,2015,RS,2015-03-24,House Third Reading Passed - No Amendments,8
SB15-188,2015,RS,2015-04-06,Signed by the President of the Senate,9
SB15-188,2015,RS,2015-04-09,Signed by the Speaker of the House,10
SB15-188,2015,RS,2015-04-09,Sent to the Governor,11
SB15-188,2015,RS,2015-04-16,Governor Signed,12
SB15-189,2015,RS,2015-02-27,Introduced In Senate - Assigned to Appropriations,1
SB15-189,2015,RS,2015-03-03,Senate Committee on Appropriations Refer Amended - Consent Calendar to Senate Committee of the Whole,2
SB15-189,2015,RS,2015-03-05,Senate Second Reading Passed with Amendments - Committee,3
SB15-189,2015,RS,2015-03-06,Senate Third Reading Passed - No Amendments,4
SB15-189,2015,RS,2015-03-11,Introduced In House - Assigned to Appropriations,5
SB15-189,2015,RS,2015-03-20,House Committee on Appropriations Refer Amended to House Committee of the Whole,6
SB15-189,2015,RS,2015-03-23,House Second Reading Passed with Amendments - Committee,7
SB15-189,2015,RS,2015-03-24,House Third Reading Passed - No Amendments,8
SB15-189,2015,RS,2015-03-25,Senate Considered House Amendments - Result was to Concur - Repass,9
SB15-189,2015,RS,2015-04-06,Signed by the President of the Senate,10
SB15-189,2015,RS,2015-04-09,Signed by the Speaker of the House,11
SB15-189,2015,RS,2015-04-09,Sent to the Governor,12
SB15-189,2015,RS,2015-04-16,Governor Signed,13
SB15-190,2015,RS,2015-02-27,Introduced In Senate - Assigned to Appropriations,1
SB15-190,2015,RS,2015-03-03,Senate Committee on Appropriations Refer Unamended - Consent Calendar to Senate Committee of the Whole,2
SB15-190,2015,RS,2015-03-05,Senate Second Reading Passed - No Amendments,3
SB15-190,2015,RS,2015-03-06,Senate Third Reading Passed - No Amendments,4
SB15-190,2015,RS,2015-03-11,Introduced In House - Assigned to Appropriations,5
SB15-190,2015,RS,2015-03-20,House Committee on Appropriations Refer Unamended to House Committee of the Whole,6
SB15-190,2015,RS,2015-03-23,House Second Reading Passed - No Amendments,7
SB15-190,2015,RS,2015-03-24,House Third Reading Passed - No Amendments,8
SB15-190,2015,RS,2015-04-06,Signed by the President of the Senate,9
SB15-190,2015,RS,2015-04-09,Signed by the Speaker of the House,10
SB15-190,2015,RS,2015-04-09,Sent to the Governor,11
SB15-190,2015,RS,2015-04-16,Governor Signed,12
SB15-191,2015,RS,2015-02-27,Introduced In Senate - Assigned to Appropriations,1
SB15-191,2015,RS,2015-03-03,Senate Committee on Appropriations Refer Unamended to Senate Committee of the Whole,2
SB15-191,2015,RS,2015-03-05,Senate Second Reading Passed with Amendments - Floor,3
SB15-191,2015,RS,2015-03-06,Senate Third Reading Passed - No Amendments,4
SB15-191,2015,RS,2015-03-06,Introduced In House - Assigned to Appropriations,5
SB15-191,2015,RS,2015-03-13,House Committee on Appropriations Refer Unamended to House Committee of the Whole,6
SB15-191,2015,RS,2015-03-16,House Second Reading Passed - No Amendments,7
SB15-191,2015,RS,2015-03-17,House Third Reading Passed - No Amendments,8
SB15-191,2015,RS,2015-03-19,Signed by the President of the Senate,9
SB15-191,2015,RS,2015-03-19,Sent to the Governor,10
SB15-191,2015,RS,2015-03-30,Governor Signed,11
SB15-192,2015,RS,2015-03-03,Introduced In Senate - Assigned to Health & Human Services,1
SB15-192,2015,RS,2015-03-12,Senate Committee on Health & Human Services Refer Amended - Consent Calendar to Senate Committee of the Whole,2
SB15-192,2015,RS,2015-03-17,Senate Second Reading Passed with Amendments - Committee,3
SB15-192,2015,RS,2015-03-18,Senate Third Reading Passed - No Amendments,4
SB15-192,2015,RS,2015-03-23,"Introduced In House - Assigned to Health, Insurance, & Environment",5
SB15-192,2015,RS,2015-04-16,"House Committee on Health, Insurance, & Environment Refer Amended to House Committee of the Whole",6
SB15-192,2015,RS,2015-04-20,House Second Reading Passed with Amendments - Committee,7
SB15-192,2015,RS,2015-04-21,House Third Reading Passed - No Amendments,8
SB15-192,2015,RS,2015-04-22,Senate Considered House Amendments - Result was to Concur - Repass,9
SB15-192,2015,RS,2015-05-11,Signed by the President of the Senate,10
SB15-192,2015,RS,2015-05-11,Signed by the Speaker of the House,11
SB15-192,2015,RS,2015-05-11,Sent to the Governor,12
SB15-192,2015,RS,2015-06-05,Governor Signed,13
SB15-193,2015,RS,2015-03-03,"Introduced In Senate - Assigned to Business, Labor, & Technology",1
SB15-193,2015,RS,2015-03-11,"Senate Committee on Business, Labor, & Technology Refer Unamended - Consent Calendar to Senate Committee of the Whole",2
SB15-193,2015,RS,2015-03-16,Senate Second Reading Passed - No Amendments,3
SB15-193,2015,RS,2015-03-17,Senate Third Reading Passed - No Amendments,4
SB15-193,2015,RS,2015-03-20,Introduced In House - Assigned to Business Affairs and Labor,5
SB15-193,2015,RS,2015-03-31,House Committee on Business Affairs and Labor Refer Unamended to House Committee of the Whole,6
SB15-193,2015,RS,2015-04-06,House Second Reading Passed - No Amendments,7
SB15-193,2015,RS,2015-04-07,House Third Reading Passed - No Amendments,8
SB15-193,2015,RS,2015-04-21,Signed by the President of the Senate,9
SB15-193,2015,RS,2015-04-22,Signed by the Speaker of the House,10
SB15-193,2015,RS,2015-04-23,Sent to the Governor,11
SB15-193,2015,RS,2015-05-01,Governor Signed,12
SB15-194,2015,RS,2015-03-03,"Introduced In Senate - Assigned to Business, Labor, & Technology",1
SB15-194,2015,RS,2015-03-11,"Senate Committee on Business, Labor, & Technology Refer Amended to Senate Committee of the Whole",2
SB15-194,2015,RS,2015-03-16,Senate Second Reading Passed with Amendments - Committee,3
SB15-194,2015,RS,2015-03-17,Senate Third Reading Passed - No Amendments,4
SB15-194,2015,RS,2015-03-20,Introduced In House - Assigned to Business Affairs and Labor,5
SB15-194,2015,RS,2015-03-31,House Committee on Business Affairs and Labor Refer Amended to House Committee of the Whole,6
SB15-194,2015,RS,2015-04-06,House Second Reading Passed - No Amendments,7
SB15-194,2015,RS,2015-04-07,House Third Reading Passed - No Amendments,8
SB15-194,2015,RS,2015-04-21,Signed by the President of the Senate,9
SB15-194,2015,RS,2015-04-22,Signed by the Speaker of the House,10
SB15-194,2015,RS,2015-04-23,Sent to the Governor,11
SB15-194,2015,RS,2015-05-01,Governor Signed,12
SB15-195,2015,RS,2015-03-03,Introduced In Senate - Assigned to Judiciary,1
SB15-195,2015,RS,2015-04-07,Senate Committee on Judiciary Refer Amended to Appropriations,2
SB15-195,2015,RS,2015-04-10,Senate Committee on Appropriations Refer Amended to Senate Committee of the Whole,3
SB15-195,2015,RS,2015-04-14,Senate Second Reading Laid Over Daily - No Amendments,4
SB15-195,2015,RS,2015-04-15,Senate Second Reading Passed with Amendments - Committee,5
SB15-195,2015,RS,2015-04-16,Senate Third Reading Passed - No Amendments,6
SB15-195,2015,RS,2015-04-20,Introduced In House - Assigned to Judiciary,7
SB15-195,2015,RS,2015-04-23,House Committee on Judiciary Refer Unamended to Appropriations,8
SB15-195,2015,RS,2015-04-29,House Committee on Appropriations Refer Unamended to House Committee of the Whole,9
SB15-195,2015,RS,2015-04-29,House Second Reading Special Order - Passed - No Amendments,10
SB15-195,2015,RS,2015-04-30,House Third Reading Passed - No Amendments,11
SB15-195,2015,RS,2015-05-11,Signed by the President of the Senate,12
SB15-195,2015,RS,2015-05-11,Signed by the Speaker of the House,13
SB15-195,2015,RS,2015-05-11,Sent to the Governor,14
SB15-195,2015,RS,2015-06-05,Governor Signed,15
SB15-196,2015,RS,2015-03-03,"Introduced In Senate - Assigned to Agriculture, Natural Resources, & Energy",1
SB15-196,2015,RS,2015-03-26,"Senate Committee on Agriculture, Natural Resources, & Energy Refer Amended to Finance",2
SB15-196,2015,RS,2015-04-07,Senate Committee on Finance Refer Amended to Appropriations,3
SB15-196,2015,RS,2015-04-17,Senate Committee on Appropriations Refer Amended to Senate Committee of the Whole,4
SB15-196,2015,RS,2015-04-21,Senate Second Reading Laid Over Daily - No Amendments,5
SB15-196,2015,RS,2015-04-22,"Senate Second Reading Passed with Amendments - Committee, Floor",6
SB15-196,2015,RS,2015-04-23,Senate Third Reading Passed - No Amendments,7
SB15-196,2015,RS,2015-04-24,"Introduced In House - Assigned to Agriculture, Livestock, & Natural Resources",8
SB15-196,2015,RS,2015-04-27,"House Committee on Agriculture, Livestock, & Natural Resources Refer Unamended to Appropriations",9
SB15-196,2015,RS,2015-05-01,House Committee on Appropriations Refer Amended to House Committee of the Whole,10
SB15-196,2015,RS,2015-05-01,"House Second Reading Special Order - Passed with Amendments - Committee, Floor",11
SB15-196,2015,RS,2015-05-04,House Third Reading Passed - No Amendments,12
SB15-196,2015,RS,2015-05-04,Senate Considered House Amendments - Result was to Concur - Repass,13
SB15-196,2015,RS,2015-05-18,Signed by the President of the Senate,14
SB15-196,2015,RS,2015-05-18,Signed by the Speaker of the House,15
SB15-196,2015,RS,2015-05-18,Sent to the Governor,16
SB15-196,2015,RS,2015-06-05,Governor Signed,17
SB15-197,2015,RS,2015-03-03,Introduced In Senate - Assigned to Health & Human Services,1
SB15-197,2015,RS,2015-03-12,Senate Committee on Health & Human Services Refer Amended to Senate Committee of the Whole,2
SB15-197,2015,RS,2015-03-17,Senate Second Reading Laid Over Daily - No Amendments,3
SB15-197,2015,RS,2015-03-18,"Senate Second Reading Passed with Amendments - Committee, Floor",4
SB15-197,2015,RS,2015-03-19,Senate Third Reading Passed - No Amendments,5
SB15-197,2015,RS,2015-03-23,"Introduced In House - Assigned to Health, Insurance, & Environment",6
SB15-197,2015,RS,2015-04-02,"House Committee on Health, Insurance, & Environment Refer Unamended to House Committee of the Whole",7
SB15-197,2015,RS,2015-04-10,House Second Reading Passed - No Amendments,8
SB15-197,2015,RS,2015-04-13,House Third Reading Passed - No Amendments,9
SB15-197,2015,RS,2015-04-27,Signed by the President of the Senate,10
SB15-197,2015,RS,2015-04-28,Signed by the Speaker of the House,11
SB15-197,2015,RS,2015-04-29,Sent to the Governor,12
SB15-197,2015,RS,2015-05-18,Governor Signed,13
SB15-198,2015,RS,2015-03-03,"Introduced In Senate - Assigned to Agriculture, Natural Resources, & Energy",1
SB15-198,2015,RS,2015-03-12,"Senate Committee on Agriculture, Natural Resources, & Energy Refer Unamended - Consent Calendar to Senate Committee of the Whole",2
SB15-198,2015,RS,2015-03-17,Senate Second Reading Passed - No Amendments,3
SB15-198,2015,RS,2015-03-18,Senate Third Reading Passed - No Amendments,4
SB15-198,2015,RS,2015-03-23,"Introduced In House - Assigned to Agriculture, Livestock, & Natural Resources",5
SB15-198,2015,RS,2015-03-30,"House Committee on Agriculture, Livestock, & Natural Resources Refer Unamended to House Committee of the Whole",6
SB15-198,2015,RS,2015-04-01,House Second Reading Passed - No Amendments,7
SB15-198,2015,RS,2015-04-02,House Third Reading Passed - No Amendments,8
SB15-198,2015,RS,2015-04-16,Signed by the President of the Senate,9
SB15-198,2015,RS,2015-04-17,Signed by the Speaker of the House,10
SB15-198,2015,RS,2015-04-23,Sent to the Governor,11
SB15-198,2015,RS,2015-05-01,Governor Signed,12
SB15-199,2015,RS,2015-03-03,"Introduced In Senate - Assigned to Agriculture, Natural Resources, & Energy",1
SB15-199,2015,RS,2015-03-12,"Senate Committee on Agriculture, Natural Resources, & Energy Refer Unamended - Consent Calendar to Senate Committee of the Whole",2
SB15-199,2015,RS,2015-03-17,Senate Second Reading Passed - No Amendments,3
SB15-199,2015,RS,2015-03-18,Senate Third Reading Passed - No Amendments,4
SB15-199,2015,RS,2015-03-23,"Introduced In House - Assigned to Agriculture, Livestock, & Natural Resources + Finance",5
SB15-199,2015,RS,2015-04-01,"House Committee on Agriculture, Livestock, & Natural Resources Refer Unamended to Finance",6
SB15-199,2015,RS,2015-04-30,House Committee on Finance Refer Unamended to House Committee of the Whole,7
SB15-199,2015,RS,2015-04-30,House Second Reading Special Order - Passed - No Amendments,8
SB15-199,2015,RS,2015-05-01,House Third Reading Passed - No Amendments,9
SB15-199,2015,RS,2015-05-11,Signed by the President of the Senate,10
SB15-199,2015,RS,2015-05-11,Signed by the Speaker of the House,11
SB15-199,2015,RS,2015-05-11,Sent to the Governor,12
SB15-199,2015,RS,2015-05-22,Governor Signed,13
SB15-200,2015,RS,2015-03-03,Introduced In Senate - Assigned to Education,1
SB15-200,2015,RS,2015-03-25,Senate Committee on Education Postpone Indefinitely,2
SB15-201,2015,RS,2015-03-03,"Introduced In Senate - Assigned to State, Veterans, & Military Affairs",1
SB15-201,2015,RS,2015-03-16,"Senate Committee on State, Veterans, & Military Affairs Postpone Indefinitely",2
SB15-202,2015,RS,2015-03-04,"Introduced In Senate - Assigned to Business, Labor, & Technology",1
SB15-202,2015,RS,2015-03-11,"Senate Committee on Business, Labor, & Technology Refer Amended to Senate Committee of the Whole",2
SB15-202,2015,RS,2015-03-16,Senate Second Reading Laid Over Daily - No Amendments,3
SB15-202,2015,RS,2015-03-17,Senate Second Reading Passed with Amendments - Committee,4
SB15-202,2015,RS,2015-03-18,Senate Third Reading Passed - No Amendments,5
SB15-202,2015,RS,2015-03-23,Introduced In House - Assigned to Local Government,6
SB15-202,2015,RS,2015-04-29,House Committee on Local Government Refer Amended to House Committee of the Whole,7
SB15-202,2015,RS,2015-04-30,"House Second Reading Special Order - Passed with Amendments - Committee, Floor",8
SB15-202,2015,RS,2015-05-01,House Third Reading Passed - No Amendments,9
SB15-202,2015,RS,2015-05-04,Senate Considered House Amendments - Result was to Concur - Repass,10
SB15-202,2015,RS,2015-05-18,Signed by the President of the Senate,11
SB15-202,2015,RS,2015-05-18,Signed by the Speaker of the House,12
SB15-202,2015,RS,2015-05-18,Sent to the Governor,13
SB15-202,2015,RS,2015-06-05,Governor Signed,14
SB15-203,2015,RS,2015-03-06,Introduced In Senate - Assigned to Judiciary,1
SB15-203,2015,RS,2015-03-25,Senate Committee on Judiciary Refer Amended to Appropriations,2
SB15-203,2015,RS,2015-04-10,Senate Committee on Appropriations Refer Unamended - Consent Calendar to Senate Committee of the Whole,3
SB15-203,2015,RS,2015-04-13,Senate Second Reading Passed with Amendments - Committee,4
SB15-203,2015,RS,2015-04-14,Senate Third Reading Passed - No Amendments,5
SB15-203,2015,RS,2015-04-16,Introduced In House - Assigned to Business Affairs and Labor,6
SB15-203,2015,RS,2015-04-21,House Committee on Business Affairs and Labor Refer Unamended to House Committee of the Whole,7
SB15-203,2015,RS,2015-04-23,House Second Reading Passed - No Amendments,8
SB15-203,2015,RS,2015-04-27,House Third Reading Passed - No Amendments,9
SB15-203,2015,RS,2015-04-29,Signed by the President of the Senate,10
SB15-203,2015,RS,2015-04-30,Signed by the Speaker of the House,11
SB15-203,2015,RS,2015-05-01,Sent to the Governor,12
SB15-203,2015,RS,2015-06-05,Governor Signed,13
SB15-204,2015,RS,2015-03-06,Introduced In Senate - Assigned to Health & Human Services,1
SB15-204,2015,RS,2015-03-19,Senate Committee on Health & Human Services Refer Unamended to Appropriations,2
SB15-204,2015,RS,2015-03-30,Senate Committee on Appropriations Refer Amended - Consent Calendar to Senate Committee of the Whole,3
SB15-204,2015,RS,2015-04-01,Senate Second Reading Laid Over to 04/06/2015 - No Amendments,4
SB15-204,2015,RS,2015-04-06,Senate Second Reading Laid Over Daily - No Amendments,5
SB15-204,2015,RS,2015-04-07,"Senate Second Reading Passed with Amendments - Committee, Floor",6
SB15-204,2015,RS,2015-04-08,Senate Third Reading Passed with Amendments - Floor,7
SB15-204,2015,RS,2015-04-13,Introduced In House - Assigned to Public Health Care & Human Services,8
SB15-204,2015,RS,2015-04-28,House Committee on Public Health Care & Human Services Refer Amended to Appropriations,9
SB15-204,2015,RS,2015-05-01,House Committee on Appropriations Refer Amended to House Committee of the Whole,10
SB15-204,2015,RS,2015-05-01,"House Second Reading Special Order - Passed with Amendments - Committee, Floor",11
SB15-204,2015,RS,2015-05-04,House Third Reading Passed with Amendments - Floor,12
SB15-204,2015,RS,2015-05-04,Senate Considered House Amendments - Result was to Concur - Repass,13
SB15-204,2015,RS,2015-05-18,Signed by the President of the Senate,14
SB15-204,2015,RS,2015-05-18,Signed by the Speaker of the House,15
SB15-204,2015,RS,2015-05-18,Sent to the Governor,16
SB15-204,2015,RS,2015-06-02,Governor Signed,17
SB15-205,2015,RS,2015-03-11,Introduced In Senate - Assigned to Judiciary,1
SB15-205,2015,RS,2015-03-23,Senate Committee on Judiciary Refer Unamended to Appropriations,2
SB15-205,2015,RS,2015-04-10,Senate Committee on Appropriations Refer Unamended - Consent Calendar to Senate Committee of the Whole,3
SB15-205,2015,RS,2015-04-13,Senate Second Reading Special Order - Passed - No Amendments,4
SB15-205,2015,RS,2015-04-14,Senate Third Reading Passed - No Amendments,5
SB15-205,2015,RS,2015-04-15,Introduced In House - Assigned to Local Government,6
SB15-205,2015,RS,2015-04-22,House Committee on Local Government Refer Amended to Appropriations,7
SB15-205,2015,RS,2015-04-29,House Committee on Appropriations Refer Unamended to House Committee of the Whole,8
SB15-205,2015,RS,2015-04-29,House Second Reading Special Order - Passed with Amendments - Committee,9
SB15-205,2015,RS,2015-04-30,House Third Reading Passed - No Amendments,10
SB15-205,2015,RS,2015-05-01,Senate Considered House Amendments - Result was to Concur - Repass,11
SB15-205,2015,RS,2015-05-08,Signed by the President of the Senate,12
SB15-205,2015,RS,2015-05-08,Signed by the Speaker of the House,13
SB15-205,2015,RS,2015-05-08,Sent to the Governor,14
SB15-205,2015,RS,2015-05-12,Governor Signed,15
SB15-206,2015,RS,2015-03-11,"Introduced In Senate - Assigned to Agriculture, Natural Resources, & Energy",1
SB15-206,2015,RS,2015-04-09,"Senate Committee on Agriculture, Natural Resources, & Energy Refer Amended to Finance",2
SB15-206,2015,RS,2015-04-14,Senate Committee on Finance Refer Unamended to Appropriations,3
SB15-206,2015,RS,2015-04-17,Senate Committee on Appropriations Refer Amended - Consent Calendar to Senate Committee of the Whole,4
SB15-206,2015,RS,2015-04-20,Senate Second Reading Special Order - Passed with Amendments - Committee,5
SB15-206,2015,RS,2015-04-21,Senate Third Reading Passed - No Amendments,6
SB15-206,2015,RS,2015-04-22,"Introduced In House - Assigned to Agriculture, Livestock, & Natural Resources",7
SB15-206,2015,RS,2015-04-27,"House Committee on Agriculture, Livestock, & Natural Resources Refer Unamended to Finance",8
SB15-206,2015,RS,2015-04-30,House Committee on Finance Refer Amended to Appropriations,9
SB15-206,2015,RS,2015-05-05,House Committee on Appropriations Refer Unamended to House Committee of the Whole,10
SB15-206,2015,RS,2015-05-05,House Second Reading Passed - No Amendments,11
SB15-206,2015,RS,2015-05-06,House Third Reading Passed - No Amendments,12
SB15-206,2015,RS,2015-05-13,Signed by the President of the Senate,13
SB15-206,2015,RS,2015-05-14,Sent to the Governor,14
SB15-206,2015,RS,2015-05-14,Signed by the Speaker of the House,15
SB15-206,2015,RS,2015-06-04,Governor Signed,16
SB15-207,2015,RS,2015-03-11,Introduced In Senate - Assigned to Finance,1
SB15-207,2015,RS,2015-03-19,Senate Committee on Finance Refer Unamended to Appropriations,2
SB15-207,2015,RS,2015-04-10,Senate Committee on Appropriations Refer Unamended - Consent Calendar to Senate Committee of the Whole,3
SB15-207,2015,RS,2015-04-13,Senate Second Reading Special Order - Passed - No Amendments,4
SB15-207,2015,RS,2015-04-14,Senate Third Reading Passed - No Amendments,5
SB15-207,2015,RS,2015-04-15,Introduced In House - Assigned to Local Government,6
SB15-207,2015,RS,2015-04-22,House Committee on Local Government Refer Unamended to Appropriations,7
SB15-207,2015,RS,2015-04-29,House Committee on Appropriations Refer Unamended to House Committee of the Whole,8
SB15-207,2015,RS,2015-04-29,House Second Reading Special Order - Passed - No Amendments,9
SB15-207,2015,RS,2015-04-30,House Third Reading Passed - No Amendments,10
SB15-207,2015,RS,2015-05-11,Signed by the President of the Senate,11
SB15-207,2015,RS,2015-05-11,Signed by the Speaker of the House,12
SB15-207,2015,RS,2015-05-11,Sent to the Governor,13
SB15-207,2015,RS,2015-05-29,Governor Signed,14
SB15-208,2015,RS,2015-03-11,Introduced In Senate - Assigned to Finance,1
SB15-208,2015,RS,2015-03-17,Senate Committee on Finance Refer Amended - Consent Calendar to Senate Committee of the Whole,2
SB15-208,2015,RS,2015-03-20,Senate Second Reading Passed with Amendments - Committee,3
SB15-208,2015,RS,2015-03-23,Senate Third Reading Passed with Amendments - Floor,4
SB15-208,2015,RS,2015-03-26,Introduced In House - Assigned to Finance,5
SB15-208,2015,RS,2015-04-16,House Committee on Finance Refer Unamended to House Committee of the Whole,6
SB15-208,2015,RS,2015-04-20,House Second Reading Passed - No Amendments,7
SB15-208,2015,RS,2015-04-21,House Third Reading Passed - No Amendments,8
SB15-208,2015,RS,2015-05-13,Signed by the President of the Senate,9
SB15-208,2015,RS,2015-05-14,Sent to the Governor,10
SB15-208,2015,RS,2015-05-14,Signed by the Speaker of the House,11
SB15-208,2015,RS,2015-05-29,Governor Signed,12
SB15-209,2015,RS,2015-03-11,"Introduced In Senate - Assigned to Business, Labor, & Technology",1
SB15-209,2015,RS,2015-03-25,"Senate Committee on Business, Labor, & Technology Refer Amended to Senate Committee of the Whole",2
SB15-209,2015,RS,2015-03-30,Senate Second Reading Laid Over to 4/6/2015 - No Amendments,3
SB15-209,2015,RS,2015-04-06,Senate Second Reading Laid Over Daily - No Amendments,4
SB15-209,2015,RS,2015-04-07,Senate Second Reading Laid Over Daily - No Amendments,5
SB15-209,2015,RS,2015-04-08,Senate Second Reading Laid Over Daily - No Amendments,6
SB15-209,2015,RS,2015-04-09,Senate Second Reading Laid Over Daily - No Amendments,7
SB15-209,2015,RS,2015-04-10,Senate Second Reading Laid Over Daily - No Amendments,8
SB15-209,2015,RS,2015-04-13,Senate Second Reading Laid Over Daily - No Amendments,9
SB15-209,2015,RS,2015-04-14,"Senate Second Reading Passed with Amendments - Committee, Floor",10
SB15-209,2015,RS,2015-04-15,Senate Third Reading Passed - No Amendments,11
SB15-209,2015,RS,2015-04-16,"Introduced In House - Assigned to State, Veterans, & Military Affairs",12
SB15-209,2015,RS,2015-04-29,"House Committee on State, Veterans, & Military Affairs Refer Unamended to Business Affairs and Labor",13
SB15-209,2015,RS,2015-04-30,House Committee on Business Affairs and Labor Refer Unamended to House Committee of the Whole,14
SB15-209,2015,RS,2015-04-30,House Second Reading Special Order - Passed - No Amendments,15
SB15-209,2015,RS,2015-05-01,House Third Reading Passed - No Amendments,16
SB15-209,2015,RS,2015-05-13,Signed by the President of the Senate,17
SB15-209,2015,RS,2015-05-14,Sent to the Governor,18
SB15-209,2015,RS,2015-05-14,Signed by the Speaker of the House,19
SB15-209,2015,RS,2015-06-05,Governor Signed,20
SB15-210,2015,RS,2015-03-11,"Introduced In Senate - Assigned to Business, Labor, & Technology",1
SB15-210,2015,RS,2015-04-22,"Senate Committee on Business, Labor, & Technology Refer Amended to Finance",2
SB15-210,2015,RS,2015-04-28,Senate Committee on Finance Refer Amended to Appropriations,3
SB15-210,2015,RS,2015-04-30,Senate Committee on Appropriations Refer Amended to Senate Committee of the Whole,4
SB15-210,2015,RS,2015-05-04,Senate Second Reading Special Order - Passed with Amendments - Committee,5
SB15-210,2015,RS,2015-05-05,Senate Third Reading Passed - No Amendments,6
SB15-210,2015,RS,2015-05-05,Introduced In House - Assigned to Finance,7
SB15-210,2015,RS,2015-05-05,House Committee on Finance Refer Amended to Appropriations,8
SB15-210,2015,RS,2015-05-05,House Committee on Appropriations Refer Amended to House Committee of the Whole,9
SB15-210,2015,RS,2015-05-05,House Second Reading Passed with Amendments - Committee,10
SB15-210,2015,RS,2015-05-06,House Third Reading Passed - No Amendments,11
SB15-210,2015,RS,2015-05-06,Senate Considered House Amendments - Result was to Concur - Repass,12
SB15-210,2015,RS,2015-05-13,Signed by the President of the Senate,13
SB15-210,2015,RS,2015-05-14,Sent to the Governor,14
SB15-210,2015,RS,2015-05-14,Signed by the Speaker of the House,15
SB15-210,2015,RS,2015-06-05,Governor Signed,16
SB15-211,2015,RS,2015-03-11,Introduced In Senate - Assigned to Appropriations,1
SB15-211,2015,RS,2015-03-13,Senate Committee on Appropriations Refer Amended to Senate Committee of the Whole,2
SB15-211,2015,RS,2015-03-17,Senate Second Reading Laid Over Daily - No Amendments,3
SB15-211,2015,RS,2015-03-18,"Senate Second Reading Passed with Amendments - Committee, Floor",4
SB15-211,2015,RS,2015-03-19,Senate Third Reading Passed - No Amendments,5
SB15-211,2015,RS,2015-03-23,Introduced In House - Assigned to Appropriations,6
SB15-211,2015,RS,2015-04-02,House Committee on Appropriations Refer Unamended to House Committee of the Whole,7
SB15-211,2015,RS,2015-04-06,House Second Reading Passed with Amendments - Floor,8
SB15-211,2015,RS,2015-04-07,House Third Reading Passed - No Amendments,9
SB15-211,2015,RS,2015-04-09,Senate Considered House Amendments - Result was to Laid Over Daily,10
SB15-211,2015,RS,2015-04-10,Senate Considered House Amendments - Result was to Concur - Repass,11
SB15-211,2015,RS,2015-04-27,Signed by the President of the Senate,12
SB15-211,2015,RS,2015-04-28,Signed by the Speaker of the House,13
SB15-211,2015,RS,2015-04-29,Sent to the Governor,14
SB15-211,2015,RS,2015-05-11,Governor Signed,15
SB15-212,2015,RS,2015-03-12,"Introduced In Senate - Assigned to Agriculture, Natural Resources, & Energy",1
SB15-212,2015,RS,2015-04-16,"Senate Committee on Agriculture, Natural Resources, & Energy Witness Testimony and/or Committee Discussion Only",2
SB15-212,2015,RS,2015-04-22,"Senate Committee on Agriculture, Natural Resources, & Energy Refer Amended to Senate Committee of the Whole",3
SB15-212,2015,RS,2015-04-24,"Senate Second Reading Special Order - Passed with Amendments - Committee, Floor",4
SB15-212,2015,RS,2015-04-27,Senate Third Reading Passed - No Amendments,5
SB15-212,2015,RS,2015-04-27,Introduced In House - Assigned to Local Government,6
SB15-212,2015,RS,2015-04-29,House Committee on Local Government Refer Amended to House Committee of the Whole,7
SB15-212,2015,RS,2015-04-30,House Second Reading Special Order - Passed with Amendments - Committee,8
SB15-212,2015,RS,2015-05-01,House Third Reading Passed - No Amendments,9
SB15-212,2015,RS,2015-05-04,Senate Considered House Amendments - Result was to Not Concur - Request Conference Committee,10
SB15-212,2015,RS,2015-05-04,First Conference Committee Result was to Adopt Rerevised w/ Amendments,11
SB15-212,2015,RS,2015-05-05,House Consideration of First Conference Committee Report result was to Adopt Committee Report - Repass,12
SB15-212,2015,RS,2015-05-06,Senate Consideration of First Conference Committee Report result was to Adopt Committee Report - Repass,13
SB15-212,2015,RS,2015-05-18,Signed by the President of the Senate,14
SB15-212,2015,RS,2015-05-18,Signed by the Speaker of the House,15
SB15-212,2015,RS,2015-05-18,Sent to the Governor,16
SB15-212,2015,RS,2015-05-29,Governor Signed,17
SB15-213,2015,RS,2015-03-13,Introduced In Senate - Assigned to Judiciary,1
SB15-213,2015,RS,2015-04-13,Senate Committee on Judiciary Refer Amended to Senate Committee of the Whole,2
SB15-213,2015,RS,2015-04-16,Senate Second Reading Laid Over Daily - No Amendments,3
SB15-213,2015,RS,2015-04-17,Senate Second Reading Laid Over Daily - No Amendments,4
SB15-213,2015,RS,2015-04-20,Senate Second Reading Laid Over Daily - No Amendments,5
SB15-213,2015,RS,2015-04-21,"Senate Second Reading Passed with Amendments - Committee, Floor",6
SB15-213,2015,RS,2015-04-22,Senate Third Reading Passed with Amendments - Floor,7
SB15-213,2015,RS,2015-04-27,Introduced In House - Assigned to Judiciary,8
SB15-213,2015,RS,2015-04-30,House Committee on Judiciary Refer Amended to House Committee of the Whole,9
SB15-213,2015,RS,2015-04-30,House Second Reading Special Order - Passed with Amendments - Committee,10
SB15-213,2015,RS,2015-05-01,House Third Reading Passed - No Amendments,11
SB15-213,2015,RS,2015-05-04,Senate Considered House Amendments - Result was to Concur - Repass,12
SB15-213,2015,RS,2015-05-18,Signed by the President of the Senate,13
SB15-213,2015,RS,2015-05-18,Signed by the Speaker of the House,14
SB15-213,2015,RS,2015-05-18,Sent to the Governor,15
SB15-213,2015,RS,2015-06-03,Governor Signed,16
SB15-214,2015,RS,2015-03-13,Introduced In Senate - Assigned to Judiciary,1
SB15-214,2015,RS,2015-04-13,Senate Committee on Judiciary Refer Amended to Appropriations,2
SB15-214,2015,RS,2015-04-17,Senate Committee on Appropriations Refer Amended to Senate Committee of the Whole,3
SB15-214,2015,RS,2015-04-21,Senate Second Reading Laid Over Daily - No Amendments,4
SB15-214,2015,RS,2015-04-22,Senate Second Reading Passed with Amendments - Committee,5
SB15-214,2015,RS,2015-04-23,Senate Third Reading Passed - No Amendments,6
SB15-214,2015,RS,2015-04-23,Introduced In House - Assigned to Legislative Council + Education + Appropriations,7
SB15-214,2015,RS,2015-04-24,House Committee on Legislative Council Refer Unamended to Education,8
SB15-214,2015,RS,2015-05-04,House Committee on Education Refer Amended to Appropriations,9
SB15-214,2015,RS,2015-05-04,House Committee on Appropriations Refer Unamended to House Committee of the Whole,10
SB15-214,2015,RS,2015-05-04,House Second Reading Special Order - Passed with Amendments - Committee,11
SB15-214,2015,RS,2015-05-05,House Third Reading Passed - No Amendments,12
SB15-214,2015,RS,2015-05-05,Senate Considered House Amendments - Result was to Laid Over Daily,13
SB15-214,2015,RS,2015-05-06,Senate Considered House Amendments - Result was to Concur - Repass,14
SB15-214,2015,RS,2015-05-13,Signed by the President of the Senate,15
SB15-214,2015,RS,2015-05-14,Sent to the Governor,16
SB15-214,2015,RS,2015-05-14,Signed by the Speaker of the House,17
SB15-214,2015,RS,2015-06-03,Governor Signed,18
SB15-215,2015,RS,2015-03-13,Introduced In Senate - Assigned to Education,1
SB15-215,2015,RS,2015-05-04,Senate Committee on Education Postpone Indefinitely,2
SB15-216,2015,RS,2015-03-13,Introduced In Senate - Assigned to Education,1
SB15-216,2015,RS,2015-03-26,Senate Committee on Education Refer Amended to Senate Committee of the Whole,2
SB15-216,2015,RS,2015-03-31,Senate Second Reading Laid Over to 04/06/2015 - No Amendments,3
SB15-216,2015,RS,2015-04-06,Senate Second Reading Passed with Amendments - Committee,4
SB15-216,2015,RS,2015-04-07,Senate Third Reading Passed - No Amendments,5
SB15-216,2015,RS,2015-04-15,"Introduced In House - Assigned to State, Veterans, & Military Affairs",6
SB15-216,2015,RS,2015-05-04,"House Committee on State, Veterans, & Military Affairs Postpone Indefinitely",7
SB15-217,2015,RS,2015-03-17,Introduced In Senate - Assigned to Judiciary,1
SB15-217,2015,RS,2015-03-25,Senate Committee on Judiciary Refer Amended to Appropriations,2
SB15-217,2015,RS,2015-04-10,Senate Committee on Appropriations Refer Amended to Senate Committee of the Whole,3
SB15-217,2015,RS,2015-04-14,Senate Second Reading Passed with Amendments - Committee,4
SB15-217,2015,RS,2015-04-15,Senate Third Reading Passed - No Amendments,5
SB15-217,2015,RS,2015-04-16,Introduced In House - Assigned to Local Government,6
SB15-217,2015,RS,2015-04-22,House Committee on Local Government Refer Unamended to Appropriations,7
SB15-217,2015,RS,2015-04-29,House Committee on Appropriations Refer Unamended to House Committee of the Whole,8
SB15-217,2015,RS,2015-04-29,House Second Reading Special Order - Passed - No Amendments,9
SB15-217,2015,RS,2015-04-30,House Third Reading Passed - No Amendments,10
SB15-217,2015,RS,2015-05-13,Signed by the President of the Senate,11
SB15-217,2015,RS,2015-05-14,Sent to the Governor,12
SB15-217,2015,RS,2015-05-14,Signed by the Speaker of the House,13
SB15-217,2015,RS,2015-05-20,Governor Signed,14
SB15-218,2015,RS,2015-03-17,Introduced In Senate - Assigned to Judiciary,1
SB15-218,2015,RS,2015-03-25,Senate Committee on Judiciary Refer Amended to Senate Committee of the Whole,2
SB15-218,2015,RS,2015-03-30,Senate Second Reading Passed with Amendments - Committee,3
SB15-218,2015,RS,2015-03-31,Senate Third Reading Passed - No Amendments,4
SB15-218,2015,RS,2015-04-07,Introduced In House - Assigned to Judiciary,5
SB15-218,2015,RS,2015-04-21,House Committee on Judiciary Refer Unamended to House Committee of the Whole,6
SB15-218,2015,RS,2015-04-23,House Second Reading Passed with Amendments - Floor,7
SB15-218,2015,RS,2015-04-27,House Third Reading Passed - No Amendments,8
SB15-218,2015,RS,2015-04-28,Senate Considered House Amendments - Result was to Laid Over Daily,9
SB15-218,2015,RS,2015-04-29,Senate Considered House Amendments - Result was to Concur - Repass,10
SB15-218,2015,RS,2015-04-29,Senate Considered House Amendments - Result was to Reconsider,11
SB15-218,2015,RS,2015-04-29,Senate Considered House Amendments - Result was to Pass,12
SB15-218,2015,RS,2015-05-13,Signed by the President of the Senate,13
SB15-218,2015,RS,2015-05-14,Sent to the Governor,14
SB15-218,2015,RS,2015-05-14,Signed by the Speaker of the House,15
SB15-218,2015,RS,2015-05-20,Governor Signed,16
SB15-219,2015,RS,2015-03-17,Introduced In Senate - Assigned to Judiciary,1
SB15-219,2015,RS,2015-03-25,Senate Committee on Judiciary Refer Amended to Senate Committee of the Whole,2
SB15-219,2015,RS,2015-03-31,Senate Second Reading Passed with Amendments - Committee,3
SB15-219,2015,RS,2015-04-01,Senate Third Reading Passed - No Amendments,4
SB15-219,2015,RS,2015-04-07,Introduced In House - Assigned to Judiciary,5
SB15-219,2015,RS,2015-04-21,House Committee on Judiciary Refer Amended to House Committee of the Whole,6
SB15-219,2015,RS,2015-04-23,House Second Reading Passed with Amendments - Floor,7
SB15-219,2015,RS,2015-04-27,House Third Reading Passed - No Amendments,8
SB15-219,2015,RS,2015-04-28,Senate Considered House Amendments - Result was to Laid Over Daily,9
SB15-219,2015,RS,2015-04-29,Senate Considered House Amendments - Result was to Not Concur - Request Conference Committee,10
SB15-219,2015,RS,2015-05-04,First Conference Committee Result was to Adopt Rerevised w/ Amendments,11
SB15-219,2015,RS,2015-05-05,House Consideration of First Conference Committee Report result was to Adopt Committee Report - Repass,12
SB15-219,2015,RS,2015-05-06,Senate Consideration of First Conference Committee Report result was to Adopt Committee Report - Repass,13
SB15-219,2015,RS,2015-05-13,Signed by the President of the Senate,14
SB15-219,2015,RS,2015-05-14,Sent to the Governor,15
SB15-219,2015,RS,2015-05-14,Signed by the Speaker of the House,16
SB15-219,2015,RS,2015-05-20,Governor Signed,17
SB15-220,2015,RS,2015-03-17,"Introduced In Senate - Assigned to State, Veterans, & Military Affairs",1
SB15-220,2015,RS,2015-04-13,"Senate Committee on State, Veterans, & Military Affairs Refer Amended - Consent Calendar to Senate Committee of the Whole",2
SB15-220,2015,RS,2015-04-16,Senate Second Reading Laid Over Daily - No Amendments,3
SB15-220,2015,RS,2015-04-17,Senate Second Reading Passed with Amendments - Committee,4
SB15-220,2015,RS,2015-04-20,Senate Third Reading Passed - No Amendments,5
SB15-220,2015,RS,2015-04-20,Introduced In House - Assigned to Business Affairs and Labor,6
SB15-220,2015,RS,2015-04-28,House Committee on Business Affairs and Labor Refer Unamended to House Committee of the Whole,7
SB15-220,2015,RS,2015-04-29,House Second Reading Passed - No Amendments,8
SB15-220,2015,RS,2015-04-30,House Third Reading Passed - No Amendments,9
SB15-220,2015,RS,2015-05-18,Signed by the President of the Senate,10
SB15-220,2015,RS,2015-05-18,Signed by the Speaker of the House,11
SB15-220,2015,RS,2015-05-18,Sent to the Governor,12
SB15-220,2015,RS,2015-06-05,Governor Signed,13
SB15-221,2015,RS,2015-03-17,Introduced In Senate - Assigned to Judiciary,1
SB15-221,2015,RS,2015-03-25,Senate Committee on Judiciary Refer Unamended - Consent Calendar to Senate Committee of the Whole,2
SB15-221,2015,RS,2015-03-30,Senate Second Reading Passed - No Amendments,3
SB15-221,2015,RS,2015-03-31,Senate Third Reading Passed - No Amendments,4
SB15-221,2015,RS,2015-04-07,Introduced In House - Assigned to Judiciary,5
SB15-221,2015,RS,2015-04-23,House Committee on Judiciary Refer Unamended to House Committee of the Whole,6
SB15-221,2015,RS,2015-04-24,House Second Reading Laid Over Daily - No Amendments,7
SB15-221,2015,RS,2015-04-27,House Second Reading Passed with Amendments - Floor,8
SB15-221,2015,RS,2015-04-28,House Third Reading Passed - No Amendments,9
SB15-221,2015,RS,2015-04-29,Senate Considered House Amendments - Result was to Concur - Repass,10
SB15-221,2015,RS,2015-05-18,Signed by the President of the Senate,11
SB15-221,2015,RS,2015-05-18,Signed by the Speaker of the House,12
SB15-221,2015,RS,2015-05-18,Sent to the Governor,13
SB15-221,2015,RS,2015-06-03,Governor Signed,14
SB15-222,2015,RS,2015-03-17,Introduced In Senate - Assigned to Finance,1
SB15-222,2015,RS,2015-04-07,Senate Committee on Finance Refer Amended to Appropriations,2
SB15-222,2015,RS,2015-04-17,Senate Committee on Appropriations Refer Unamended to Senate Committee of the Whole,3
SB15-222,2015,RS,2015-04-21,Senate Second Reading Laid Over Daily - No Amendments,4
SB15-222,2015,RS,2015-04-22,Senate Second Reading Laid Over Daily - No Amendments,5
SB15-222,2015,RS,2015-04-23,"Senate Second Reading Passed with Amendments - Committee, Floor",6
SB15-222,2015,RS,2015-04-24,Senate Third Reading Passed - No Amendments,7
SB15-222,2015,RS,2015-04-27,Introduced In House - Assigned to Business Affairs and Labor + Finance + Appropriations,8
SB15-222,2015,RS,2015-04-30,House Committee on Business Affairs and Labor Refer Unamended to Finance,9
SB15-222,2015,RS,2015-05-01,House Committee on Finance Refer Amended to Appropriations,10
SB15-222,2015,RS,2015-05-05,House Committee on Appropriations Postpone Indefinitely,11
SB15-223,2015,RS,2015-03-17,Introduced In Senate - Assigned to Education,1
SB15-223,2015,RS,2015-03-26,Senate Committee on Education Refer Amended to Senate Committee of the Whole,2
SB15-223,2015,RS,2015-03-31,Senate Second Reading Laid Over to 04/06/2015 - No Amendments,3
SB15-223,2015,RS,2015-04-06,"Senate Second Reading Passed with Amendments - Committee, Floor",4
SB15-223,2015,RS,2015-04-07,Senate Third Reading Passed - No Amendments,5
SB15-223,2015,RS,2015-04-08,Introduced In House - Assigned to Education,6
SB15-223,2015,RS,2015-05-01,House Committee on Education Postpone Indefinitely,7
SB15-224,2015,RS,2015-03-20,"Introduced In Senate - Assigned to Agriculture, Natural Resources, & Energy",1
SB15-224,2015,RS,2015-03-26,"Senate Committee on Agriculture, Natural Resources, & Energy Witness Testimony and/or Committee Discussion Only",2
SB15-224,2015,RS,2015-04-15,"Senate Committee on Agriculture, Natural Resources, & Energy Postpone Indefinitely",3
SB15-225,2015,RS,2015-03-20,"Introduced In Senate - Assigned to State, Veterans, & Military Affairs",1
SB15-225,2015,RS,2015-04-13,"Senate Committee on State, Veterans, & Military Affairs Refer Amended to Senate Committee of the Whole",2
SB15-225,2015,RS,2015-04-16,"Senate Second Reading Passed with Amendments - Committee, Floor",3
SB15-225,2015,RS,2015-04-17,Senate Third Reading Passed - No Amendments,4
SB15-225,2015,RS,2015-04-20,"Introduced In House - Assigned to State, Veterans, & Military Affairs",5
SB15-225,2015,RS,2015-04-27,"House Committee on State, Veterans, & Military Affairs Refer Unamended to House Committee of the Whole",6
SB15-225,2015,RS,2015-04-29,House Second Reading Passed - No Amendments,7
SB15-225,2015,RS,2015-04-30,House Third Reading Passed - No Amendments,8
SB15-225,2015,RS,2015-05-05,Signed by the President of the Senate,9
SB15-225,2015,RS,2015-05-05,Signed by the Speaker of the House,10
SB15-225,2015,RS,2015-05-05,Sent to the Governor,11
SB15-225,2015,RS,2015-05-05,Governor Signed,12
SB15-226,2015,RS,2015-03-20,"Introduced In Senate - Assigned to Agriculture, Natural Resources, & Energy",1
SB15-226,2015,RS,2015-04-15,"Senate Committee on Agriculture, Natural Resources, & Energy Refer Amended to Senate Committee of the Whole",2
SB15-226,2015,RS,2015-04-20,Senate Second Reading Passed with Amendments - Committee,3
SB15-226,2015,RS,2015-04-21,Senate Third Reading Passed - No Amendments,4
SB15-226,2015,RS,2015-04-22,"Introduced In House - Assigned to Agriculture, Livestock, & Natural Resources",5
SB15-226,2015,RS,2015-04-27,"House Committee on Agriculture, Livestock, & Natural Resources Refer Unamended to House Committee of the Whole",6
SB15-226,2015,RS,2015-04-29,House Second Reading Passed - No Amendments,7
SB15-226,2015,RS,2015-04-30,House Third Reading Passed - No Amendments,8
SB15-226,2015,RS,2015-05-18,Signed by the President of the Senate,9
SB15-226,2015,RS,2015-05-18,Signed by the Speaker of the House,10
SB15-226,2015,RS,2015-05-18,Sent to the Governor,11
SB15-226,2015,RS,2015-05-22,Governor Signed,12
SB15-227,2015,RS,2015-03-20,Introduced In Senate - Assigned to Finance,1
SB15-227,2015,RS,2015-04-07,Senate Committee on Finance Refer Amended to Appropriations,2
SB15-227,2015,RS,2015-04-10,Senate Committee on Appropriations Refer Unamended to Senate Committee of the Whole,3
SB15-227,2015,RS,2015-04-14,Senate Second Reading Laid Over Daily - No Amendments,4
SB15-227,2015,RS,2015-04-15,Senate Second Reading Passed with Amendments - Committee,5
SB15-227,2015,RS,2015-04-16,Senate Third Reading Passed - No Amendments,6
SB15-227,2015,RS,2015-04-20,"Introduced In House - Assigned to State, Veterans, & Military Affairs",7
SB15-227,2015,RS,2015-04-22,"House Committee on State, Veterans, & Military Affairs Refer Unamended to Finance",8
SB15-227,2015,RS,2015-04-29,House Committee on Finance Postpone Indefinitely,9
SB15-228,2015,RS,2015-03-20,Introduced In Senate - Assigned to Health & Human Services,1
SB15-228,2015,RS,2015-03-26,Senate Committee on Health & Human Services Refer Amended to Appropriations,2
SB15-228,2015,RS,2015-04-10,Senate Committee on Appropriations Refer Amended to Senate Committee of the Whole,3
SB15-228,2015,RS,2015-04-14,Senate Second Reading Laid Over Daily - No Amendments,4
SB15-228,2015,RS,2015-04-15,"Senate Second Reading Passed with Amendments - Committee, Floor",5
SB15-228,2015,RS,2015-04-16,Senate Third Reading Passed - No Amendments,6
SB15-228,2015,RS,2015-04-20,"Introduced In House - Assigned to Health, Insurance, & Environment",7
SB15-228,2015,RS,2015-04-30,"House Committee on Health, Insurance, & Environment Refer Unamended to Appropriations",8
SB15-228,2015,RS,2015-05-01,House Committee on Appropriations Refer Unamended to House Committee of the Whole,9
SB15-228,2015,RS,2015-05-01,House Second Reading Special Order - Passed - No Amendments,10
SB15-228,2015,RS,2015-05-04,House Third Reading Passed - No Amendments,11
SB15-228,2015,RS,2015-05-13,Signed by the President of the Senate,12
SB15-228,2015,RS,2015-05-14,Sent to the Governor,13
SB15-228,2015,RS,2015-05-14,Signed by the Speaker of the House,14
SB15-228,2015,RS,2015-06-05,Governor Signed,15
SB15-229,2015,RS,2015-03-20,Introduced In Senate - Assigned to Finance,1
SB15-229,2015,RS,2015-04-07,Senate Committee on Finance Refer Unamended to Appropriations,2
SB15-229,2015,RS,2015-04-10,Senate Committee on Appropriations Refer Amended to Senate Committee of the Whole,3
SB15-229,2015,RS,2015-04-14,Senate Second Reading Laid Over Daily - No Amendments,4
SB15-229,2015,RS,2015-04-15,Senate Second Reading Passed with Amendments - Committee,5
SB15-229,2015,RS,2015-04-16,Senate Third Reading Passed - No Amendments,6
SB15-229,2015,RS,2015-04-20,Introduced In House - Assigned to Transportation & Energy,7
SB15-229,2015,RS,2015-04-29,House Committee on Transportation & Energy Refer Unamended to Finance,8
SB15-229,2015,RS,2015-04-30,House Committee on Finance Refer Unamended to Appropriations,9
SB15-229,2015,RS,2015-05-01,House Committee on Appropriations Refer Unamended to House Committee of the Whole,10
SB15-229,2015,RS,2015-05-01,House Second Reading Special Order - Passed - No Amendments,11
SB15-229,2015,RS,2015-05-04,House Third Reading Passed - No Amendments,12
SB15-229,2015,RS,2015-05-13,Signed by the President of the Senate,13
SB15-229,2015,RS,2015-05-14,Sent to the Governor,14
SB15-229,2015,RS,2015-05-14,Signed by the Speaker of the House,15
SB15-229,2015,RS,2015-06-05,Governor Signed,16
SB15-230,2015,RS,2015-03-20,Introduced In Senate - Assigned to Finance,1
SB15-230,2015,RS,2015-04-07,Senate Committee on Finance Refer Amended to Appropriations,2
SB15-230,2015,RS,2015-04-17,Senate Committee on Appropriations Postpone Indefinitely,3
SB15-231,2015,RS,2015-03-20,"Introduced In Senate - Assigned to State, Veterans, & Military Affairs",1
SB15-231,2015,RS,2015-04-06,"Senate Committee on State, Veterans, & Military Affairs Witness Testimony and/or Committee Discussion Only",2
SB15-231,2015,RS,2015-04-13,"Senate Committee on State, Veterans, & Military Affairs Refer Amended to Appropriations",3
SB15-231,2015,RS,2015-04-17,Senate Committee on Appropriations Postpone Indefinitely,4
SB15-232,2015,RS,2015-03-24,"Introduced In Senate - Assigned to Agriculture, Natural Resources, & Energy",1
SB15-232,2015,RS,2015-04-23,"Senate Committee on Agriculture, Natural Resources, & Energy Refer Unamended to Senate Committee of the Whole",2
SB15-232,2015,RS,2015-04-27,Senate Second Reading Special Order - Laid Over Daily - No Amendments,3
SB15-232,2015,RS,2015-04-28,Senate Second Reading Special Order - Lost with Amendments - Floor,4
SB15-233,2015,RS,2015-03-24,Introduced In Senate - Assigned to Education,1
SB15-233,2015,RS,2015-04-09,Senate Committee on Education Refer Amended to Appropriations,2
SB15-233,2015,RS,2015-04-17,Senate Committee on Appropriations Refer Amended to Senate Committee of the Whole,3
SB15-233,2015,RS,2015-04-21,Senate Second Reading Laid Over Daily - No Amendments,4
SB15-233,2015,RS,2015-04-22,Senate Second Reading Laid Over Daily - No Amendments,5
SB15-233,2015,RS,2015-04-23,Senate Second Reading Referred to Legislative Council - No Amendments,6
SB15-233,2015,RS,2015-04-24,Senate Committee on Legislative Council Postpone Indefinitely,7
SB15-234,2015,RS,2015-03-27,Introduced In Senate - Assigned to Appropriations,1
SB15-234,2015,RS,2015-03-30,Senate Committee on Appropriations Refer Amended - Consent Calendar to Senate Committee of the Whole,2
SB15-234,2015,RS,2015-04-01,"Senate Second Reading Passed with Amendments - Committee, Floor",3
SB15-234,2015,RS,2015-04-02,Senate Third Reading Passed - No Amendments,4
SB15-234,2015,RS,2015-04-06,Introduced In House - Assigned to Appropriations,5
SB15-234,2015,RS,2015-04-07,House Committee on Appropriations Refer Amended to House Committee of the Whole,6
SB15-234,2015,RS,2015-04-08,"House Second Reading Passed with Amendments - Committee, Floor",7
SB15-234,2015,RS,2015-04-09,House Third Reading Passed - No Amendments,8
SB15-234,2015,RS,2015-04-10,Senate Considered House Amendments - Result was to Not Concur - Request Conference Committee,9
SB15-234,2015,RS,2015-04-14,First Conference Committee Result was to Adopt Reengrossed w/ Amendments,10
SB15-234,2015,RS,2015-04-16,House Consideration of First Conference Committee Report result was to Adopt Committee Report - Repass,11
SB15-234,2015,RS,2015-04-17,Senate Consideration of First Conference Committee Report result was to Adopt Committee Report - Repass,12
SB15-234,2015,RS,2015-04-17,Signed by the President of the Senate,13
SB15-234,2015,RS,2015-04-17,Signed by the Speaker of the House,14
SB15-234,2015,RS,2015-04-17,Sent to the Governor,15
SB15-234,2015,RS,2015-04-24,Governor Signed,16
SB15-235,2015,RS,2015-03-27,Introduced In Senate - Assigned to Appropriations,1
SB15-235,2015,RS,2015-03-30,Senate Committee on Appropriations Refer Unamended to Senate Committee of the Whole,2
SB15-235,2015,RS,2015-04-01,Senate Second Reading Passed - No Amendments,3
SB15-235,2015,RS,2015-04-02,Senate Third Reading Passed - No Amendments,4
SB15-235,2015,RS,2015-04-06,Introduced In House - Assigned to Appropriations,5
SB15-235,2015,RS,2015-04-07,House Committee on Appropriations Refer Unamended to House Committee of the Whole,6
SB15-235,2015,RS,2015-04-08,House Second Reading Passed - No Amendments,7
SB15-235,2015,RS,2015-04-09,House Third Reading Passed - No Amendments,8
SB15-235,2015,RS,2015-04-21,Signed by the President of the Senate,9
SB15-235,2015,RS,2015-04-22,Signed by the Speaker of the House,10
SB15-235,2015,RS,2015-04-23,Sent to the Governor,11
SB15-235,2015,RS,2015-05-01,Governor Signed,12
SB15-236,2015,RS,2015-03-27,Introduced In Senate - Assigned to Appropriations,1
SB15-236,2015,RS,2015-03-30,Senate Committee on Appropriations Refer Unamended - Consent Calendar to Senate Committee of the Whole,2
SB15-236,2015,RS,2015-04-01,Senate Second Reading Passed - No Amendments,3
SB15-236,2015,RS,2015-04-02,Senate Third Reading Passed - No Amendments,4
SB15-236,2015,RS,2015-04-06,Introduced In House - Assigned to Appropriations,5
SB15-236,2015,RS,2015-04-07,House Committee on Appropriations Refer Unamended to House Committee of the Whole,6
SB15-236,2015,RS,2015-04-08,House Second Reading Passed - No Amendments,7
SB15-236,2015,RS,2015-04-09,House Third Reading Passed - No Amendments,8
SB15-236,2015,RS,2015-04-21,Signed by the President of the Senate,9
SB15-236,2015,RS,2015-04-22,Signed by the Speaker of the House,10
SB15-236,2015,RS,2015-04-23,Sent to the Governor,11
SB15-236,2015,RS,2015-05-01,Governor Signed,12
SB15-237,2015,RS,2015-03-27,Introduced In Senate - Assigned to Appropriations,1
SB15-237,2015,RS,2015-03-30,Senate Committee on Appropriations Refer Unamended - Consent Calendar to Senate Committee of the Whole,2
SB15-237,2015,RS,2015-04-01,Senate Second Reading Passed - No Amendments,3
SB15-237,2015,RS,2015-04-02,Senate Third Reading Passed - No Amendments,4
SB15-237,2015,RS,2015-04-06,Introduced In House - Assigned to Appropriations,5
SB15-237,2015,RS,2015-04-07,House Committee on Appropriations Refer Unamended to House Committee of the Whole,6
SB15-237,2015,RS,2015-04-08,House Second Reading Passed - No Amendments,7
SB15-237,2015,RS,2015-04-09,House Third Reading Passed - No Amendments,8
SB15-237,2015,RS,2015-04-21,Signed by the President of the Senate,9
SB15-237,2015,RS,2015-04-22,Signed by the Speaker of the House,10
SB15-237,2015,RS,2015-04-23,Sent to the Governor,11
SB15-237,2015,RS,2015-05-01,Governor Signed,12
SB15-238,2015,RS,2015-03-27,Introduced In Senate - Assigned to Appropriations,1
SB15-238,2015,RS,2015-03-30,Senate Committee on Appropriations Refer Unamended - Consent Calendar to Senate Committee of the Whole,2
SB15-238,2015,RS,2015-04-01,Senate Second Reading Passed - No Amendments,3
SB15-238,2015,RS,2015-04-02,Senate Third Reading Passed - No Amendments,4
SB15-238,2015,RS,2015-04-06,Introduced In House - Assigned to Appropriations,5
SB15-238,2015,RS,2015-04-07,House Committee on Appropriations Refer Unamended to House Committee of the Whole,6
SB15-238,2015,RS,2015-04-08,House Second Reading Passed - No Amendments,7
SB15-238,2015,RS,2015-04-09,House Third Reading Passed - No Amendments,8
SB15-238,2015,RS,2015-04-21,Signed by the President of the Senate,9
SB15-238,2015,RS,2015-04-22,Signed by the Speaker of the House,10
SB15-238,2015,RS,2015-04-23,Sent to the Governor,11
SB15-238,2015,RS,2015-05-01,Governor Signed,12
SB15-239,2015,RS,2015-03-27,Introduced In Senate - Assigned to Appropriations,1
SB15-239,2015,RS,2015-03-30,Senate Committee on Appropriations Refer Amended to Senate Committee of the Whole,2
SB15-239,2015,RS,2015-04-01,Senate Second Reading Passed with Amendments - Committee,3
SB15-239,2015,RS,2015-04-02,Senate Third Reading Passed - No Amendments,4
SB15-239,2015,RS,2015-04-06,Introduced In House - Assigned to Appropriations,5
SB15-239,2015,RS,2015-04-07,House Committee on Appropriations Refer Unamended to House Committee of the Whole,6
SB15-239,2015,RS,2015-04-08,House Second Reading Passed - No Amendments,7
SB15-239,2015,RS,2015-04-09,House Third Reading Passed - No Amendments,8
SB15-239,2015,RS,2015-04-27,Signed by the President of the Senate,9
SB15-239,2015,RS,2015-04-28,Signed by the Speaker of the House,10
SB15-239,2015,RS,2015-04-29,Sent to the Governor,11
SB15-239,2015,RS,2015-05-08,Governor Signed,12
SB15-240,2015,RS,2015-03-27,Introduced In Senate - Assigned to Appropriations,1
SB15-240,2015,RS,2015-03-30,Senate Committee on Appropriations Refer Unamended to Senate Committee of the Whole,2
SB15-240,2015,RS,2015-04-01,Senate Second Reading Passed with Amendments - Floor,3
SB15-240,2015,RS,2015-04-02,Senate Third Reading Passed - No Amendments,4
SB15-240,2015,RS,2015-04-06,Introduced In House - Assigned to Appropriations,5
SB15-240,2015,RS,2015-04-07,House Committee on Appropriations Refer Unamended to House Committee of the Whole,6
SB15-240,2015,RS,2015-04-08,House Second Reading Passed - No Amendments,7
SB15-240,2015,RS,2015-04-09,House Third Reading Passed - No Amendments,8
SB15-240,2015,RS,2015-04-21,Signed by the President of the Senate,9
SB15-240,2015,RS,2015-04-22,Signed by the Speaker of the House,10
SB15-240,2015,RS,2015-04-23,Sent to the Governor,11
SB15-240,2015,RS,2015-05-01,Governor Signed,12
SB15-241,2015,RS,2015-03-27,Introduced In Senate - Assigned to Appropriations,1
SB15-241,2015,RS,2015-03-30,Senate Committee on Appropriations Refer Unamended to Senate Committee of the Whole,2
SB15-241,2015,RS,2015-04-01,Senate Second Reading Passed - No Amendments,3
SB15-241,2015,RS,2015-04-02,Senate Third Reading Passed - No Amendments,4
SB15-241,2015,RS,2015-04-06,Introduced In House - Assigned to Appropriations,5
SB15-241,2015,RS,2015-04-07,House Committee on Appropriations Refer Unamended to House Committee of the Whole,6
SB15-241,2015,RS,2015-04-08,House Second Reading Passed - No Amendments,7
SB15-241,2015,RS,2015-04-09,House Third Reading Passed - No Amendments,8
SB15-241,2015,RS,2015-04-21,Signed by the President of the Senate,9
SB15-241,2015,RS,2015-04-22,Signed by the Speaker of the House,10
SB15-241,2015,RS,2015-04-23,Sent to the Governor,11
SB15-241,2015,RS,2015-05-01,Governor Signed,12
SB15-242,2015,RS,2015-03-27,Introduced In Senate - Assigned to Appropriations,1
SB15-242,2015,RS,2015-03-30,Senate Committee on Appropriations Refer Unamended to Senate Committee of the Whole,2
SB15-242,2015,RS,2015-04-01,Senate Second Reading Passed with Amendments - Floor,3
SB15-242,2015,RS,2015-04-02,Senate Third Reading Passed - No Amendments,4
SB15-242,2015,RS,2015-04-06,Introduced In House - Assigned to Appropriations,5
SB15-242,2015,RS,2015-04-07,House Committee on Appropriations Refer Unamended to House Committee of the Whole,6
SB15-242,2015,RS,2015-04-08,House Second Reading Passed - No Amendments,7
SB15-242,2015,RS,2015-04-09,House Third Reading Passed - No Amendments,8
SB15-242,2015,RS,2015-04-21,Signed by the President of the Senate,9
SB15-242,2015,RS,2015-04-22,Signed by the Speaker of the House,10
SB15-242,2015,RS,2015-04-23,Sent to the Governor,11
SB15-242,2015,RS,2015-05-01,Governor Signed,12
SB15-243,2015,RS,2015-03-27,Introduced In Senate - Assigned to Appropriations,1
SB15-243,2015,RS,2015-03-30,Senate Committee on Appropriations Refer Unamended - Consent Calendar to Senate Committee of the Whole,2
SB15-243,2015,RS,2015-04-01,Senate Second Reading Passed - No Amendments,3
SB15-243,2015,RS,2015-04-02,Senate Third Reading Passed - No Amendments,4
SB15-243,2015,RS,2015-04-06,Introduced In House - Assigned to Appropriations,5
SB15-243,2015,RS,2015-04-07,House Committee on Appropriations Refer Unamended to House Committee of the Whole,6
SB15-243,2015,RS,2015-04-08,House Second Reading Passed - No Amendments,7
SB15-243,2015,RS,2015-04-09,House Third Reading Passed - No Amendments,8
SB15-243,2015,RS,2015-04-21,Signed by the President of the Senate,9
SB15-243,2015,RS,2015-04-22,Signed by the Speaker of the House,10
SB15-243,2015,RS,2015-04-23,Sent to the Governor,11
SB15-243,2015,RS,2015-05-01,Governor Signed,12
SB15-244,2015,RS,2015-03-27,Introduced In Senate - Assigned to Appropriations,1
SB15-244,2015,RS,2015-03-30,Senate Committee on Appropriations Refer Unamended - Consent Calendar to Senate Committee of the Whole,2
SB15-244,2015,RS,2015-04-01,Senate Second Reading Passed - No Amendments,3
SB15-244,2015,RS,2015-04-02,Senate Third Reading Passed - No Amendments,4
SB15-244,2015,RS,2015-04-06,Introduced In House - Assigned to Appropriations,5
SB15-244,2015,RS,2015-04-07,House Committee on Appropriations Refer Unamended to House Committee of the Whole,6
SB15-244,2015,RS,2015-04-08,House Second Reading Passed - No Amendments,7
SB15-244,2015,RS,2015-04-09,House Third Reading Passed - No Amendments,8
SB15-244,2015,RS,2015-04-21,Signed by the President of the Senate,9
SB15-244,2015,RS,2015-04-22,Signed by the Speaker of the House,10
SB15-244,2015,RS,2015-04-23,Sent to the Governor,11
SB15-244,2015,RS,2015-05-01,Governor Signed,12
SB15-245,2015,RS,2015-03-27,Introduced In Senate - Assigned to Appropriations,1
SB15-245,2015,RS,2015-03-30,Senate Committee on Appropriations Refer Unamended - Consent Calendar to Senate Committee of the Whole,2
SB15-245,2015,RS,2015-04-01,Senate Second Reading Passed - No Amendments,3
SB15-245,2015,RS,2015-04-02,Senate Third Reading Passed - No Amendments,4
SB15-245,2015,RS,2015-04-06,Introduced In House - Assigned to Appropriations,5
SB15-245,2015,RS,2015-04-07,House Committee on Appropriations Refer Unamended to House Committee of the Whole,6
SB15-245,2015,RS,2015-04-08,House Second Reading Passed - No Amendments,7
SB15-245,2015,RS,2015-04-09,House Third Reading Passed - No Amendments,8
SB15-245,2015,RS,2015-04-21,Signed by the President of the Senate,9
SB15-245,2015,RS,2015-04-22,Signed by the Speaker of the House,10
SB15-245,2015,RS,2015-04-23,Sent to the Governor,11
SB15-245,2015,RS,2015-05-01,Governor Signed,12
SB15-246,2015,RS,2015-03-27,Introduced In Senate - Assigned to Appropriations,1
SB15-246,2015,RS,2015-03-30,Senate Committee on Appropriations Refer Unamended - Consent Calendar to Senate Committee of the Whole,2
SB15-246,2015,RS,2015-04-01,Senate Second Reading Passed - No Amendments,3
SB15-246,2015,RS,2015-04-02,Senate Third Reading Passed - No Amendments,4
SB15-246,2015,RS,2015-04-06,Introduced In House - Assigned to Appropriations,5
SB15-246,2015,RS,2015-04-07,House Committee on Appropriations Refer Unamended to House Committee of the Whole,6
SB15-246,2015,RS,2015-04-08,House Second Reading Passed - No Amendments,7
SB15-246,2015,RS,2015-04-09,House Third Reading Passed - No Amendments,8
SB15-246,2015,RS,2015-04-21,Signed by the President of the Senate,9
SB15-246,2015,RS,2015-04-22,Signed by the Speaker of the House,10
SB15-246,2015,RS,2015-04-23,Sent to the Governor,11
SB15-246,2015,RS,2015-05-01,Governor Signed,12
SB15-247,2015,RS,2015-03-27,Introduced In Senate - Assigned to Appropriations,1
SB15-247,2015,RS,2015-03-30,Senate Committee on Appropriations Refer Amended to Senate Committee of the Whole,2
SB15-247,2015,RS,2015-04-01,"Senate Second Reading Passed with Amendments - Committee, Floor",3
SB15-247,2015,RS,2015-04-02,Senate Third Reading Passed - No Amendments,4
SB15-247,2015,RS,2015-04-06,Introduced In House - Assigned to Appropriations,5
SB15-247,2015,RS,2015-04-07,House Committee on Appropriations Refer Amended to House Committee of the Whole,6
SB15-247,2015,RS,2015-04-08,House Second Reading Passed - No Amendments,7
SB15-247,2015,RS,2015-04-09,House Third Reading Passed - No Amendments,8
SB15-247,2015,RS,2015-04-27,Signed by the President of the Senate,9
SB15-247,2015,RS,2015-04-28,Signed by the Speaker of the House,10
SB15-247,2015,RS,2015-04-29,Sent to the Governor,11
SB15-247,2015,RS,2015-05-08,Governor Signed,12
SB15-248,2015,RS,2015-03-27,Introduced In Senate - Assigned to Appropriations,1
SB15-248,2015,RS,2015-03-30,Senate Committee on Appropriations Refer Unamended - Consent Calendar to Senate Committee of the Whole,2
SB15-248,2015,RS,2015-04-01,Senate Second Reading Passed - No Amendments,3
SB15-248,2015,RS,2015-04-02,Senate Third Reading Passed - No Amendments,4
SB15-248,2015,RS,2015-04-06,Introduced In House - Assigned to Appropriations,5
SB15-248,2015,RS,2015-04-07,House Committee on Appropriations Refer Unamended to House Committee of the Whole,6
SB15-248,2015,RS,2015-04-08,House Second Reading Passed - No Amendments,7
SB15-248,2015,RS,2015-04-09,House Third Reading Passed - No Amendments,8
SB15-248,2015,RS,2015-04-21,Signed by the President of the Senate,9
SB15-248,2015,RS,2015-04-22,Signed by the Speaker of the House,10
SB15-248,2015,RS,2015-04-23,Sent to the Governor,11
SB15-248,2015,RS,2015-05-01,Governor Signed,12
SB15-249,2015,RS,2015-03-27,Introduced In Senate - Assigned to Appropriations,1
SB15-249,2015,RS,2015-03-30,Senate Committee on Appropriations Refer Unamended - Consent Calendar to Senate Committee of the Whole,2
SB15-249,2015,RS,2015-04-01,Senate Second Reading Passed - No Amendments,3
SB15-249,2015,RS,2015-04-02,Senate Third Reading Passed - No Amendments,4
SB15-249,2015,RS,2015-04-06,Introduced In House - Assigned to Appropriations,5
SB15-249,2015,RS,2015-04-07,House Committee on Appropriations Refer Unamended to House Committee of the Whole,6
SB15-249,2015,RS,2015-04-08,House Second Reading Passed - No Amendments,7
SB15-249,2015,RS,2015-04-09,House Third Reading Passed - No Amendments,8
SB15-249,2015,RS,2015-04-21,Signed by the President of the Senate,9
SB15-249,2015,RS,2015-04-22,Signed by the Speaker of the House,10
SB15-249,2015,RS,2015-04-23,Sent to the Governor,11
SB15-249,2015,RS,2015-05-01,Governor Signed,12
SB15-250,2015,RS,2015-03-27,Introduced In Senate - Assigned to Appropriations,1
SB15-250,2015,RS,2015-03-30,Senate Committee on Appropriations Refer Amended - Consent Calendar to Senate Committee of the Whole,2
SB15-250,2015,RS,2015-04-01,"Senate Second Reading Passed with Amendments - Committee, Floor",3
SB15-250,2015,RS,2015-04-02,Senate Third Reading Passed - No Amendments,4
SB15-250,2015,RS,2015-04-06,Introduced In House - Assigned to Appropriations,5
SB15-250,2015,RS,2015-04-07,House Committee on Appropriations Refer Unamended to House Committee of the Whole,6
SB15-250,2015,RS,2015-04-08,House Second Reading Passed - No Amendments,7
SB15-250,2015,RS,2015-04-09,House Third Reading Passed - No Amendments,8
SB15-250,2015,RS,2015-04-27,Signed by the President of the Senate,9
SB15-250,2015,RS,2015-04-28,Signed by the Speaker of the House,10
SB15-250,2015,RS,2015-04-29,Sent to the Governor,11
SB15-250,2015,RS,2015-05-11,Governor Signed,12
SB15-251,2015,RS,2015-03-27,Introduced In Senate - Assigned to Appropriations,1
SB15-251,2015,RS,2015-03-30,Senate Committee on Appropriations Refer Unamended - Consent Calendar to Senate Committee of the Whole,2
SB15-251,2015,RS,2015-04-01,Senate Second Reading Passed - No Amendments,3
SB15-251,2015,RS,2015-04-02,Senate Third Reading Passed - No Amendments,4
SB15-251,2015,RS,2015-04-06,Introduced In House - Assigned to Appropriations,5
SB15-251,2015,RS,2015-04-07,House Committee on Appropriations Refer Unamended to House Committee of the Whole,6
SB15-251,2015,RS,2015-04-08,House Second Reading Passed - No Amendments,7
SB15-251,2015,RS,2015-04-09,House Third Reading Passed - No Amendments,8
SB15-251,2015,RS,2015-04-21,Signed by the President of the Senate,9
SB15-251,2015,RS,2015-04-22,Signed by the Speaker of the House,10
SB15-251,2015,RS,2015-04-23,Sent to the Governor,11
SB15-251,2015,RS,2015-05-01,Governor Signed,12
SB15-252,2015,RS,2015-03-24,"Introduced In Senate - Assigned to Agriculture, Natural Resources, & Energy + Finance",1
SB15-252,2015,RS,2015-04-09,"Senate Committee on Agriculture, Natural Resources, & Energy Refer Unamended to Senate Committee of the Whole",2
SB15-252,2015,RS,2015-04-14,Senate Second Reading Re-referred to Finance - No Amendments,3
SB15-252,2015,RS,2015-04-16,Senate Committee on Finance Postpone Indefinitely,4
SB15-253,2015,RS,2015-03-27,"Introduced In Senate - Assigned to Agriculture, Natural Resources, & Energy",1
SB15-253,2015,RS,2015-04-16,"Senate Committee on Agriculture, Natural Resources, & Energy Refer Unamended to Appropriations",2
SB15-253,2015,RS,2015-04-24,Senate Committee on Appropriations Refer Unamended - Consent Calendar to Senate Committee of the Whole,3
SB15-253,2015,RS,2015-04-24,Senate Second Reading Special Order - Passed - No Amendments,4
SB15-253,2015,RS,2015-04-27,Senate Third Reading Passed - No Amendments,5
SB15-253,2015,RS,2015-04-27,"Introduced In House - Assigned to Agriculture, Livestock, & Natural Resources",6
SB15-253,2015,RS,2015-04-29,"House Committee on Agriculture, Livestock, & Natural Resources Refer Unamended to Appropriations",7
SB15-253,2015,RS,2015-05-01,House Committee on Appropriations Refer Unamended to House Committee of the Whole,8
SB15-253,2015,RS,2015-05-01,House Second Reading Special Order - Passed - No Amendments,9
SB15-253,2015,RS,2015-05-04,House Third Reading Passed - No Amendments,10
SB15-253,2015,RS,2015-05-11,Signed by the President of the Senate,11
SB15-253,2015,RS,2015-05-11,Signed by the Speaker of the House,12
SB15-253,2015,RS,2015-05-11,Sent to the Governor,13
SB15-253,2015,RS,2015-05-14,Governor Signed,14
SB15-254,2015,RS,2015-03-27,"Introduced In Senate - Assigned to Agriculture, Natural Resources, & Energy",1
SB15-254,2015,RS,2015-04-16,"Senate Committee on Agriculture, Natural Resources, & Energy Refer Unamended - Consent Calendar to Senate Committee of the Whole",2
SB15-254,2015,RS,2015-04-20,Senate Second Reading Special Order - Passed - No Amendments,3
SB15-254,2015,RS,2015-04-21,Senate Third Reading Passed - No Amendments,4
SB15-254,2015,RS,2015-04-22,Introduced In House - Assigned to Transportation & Energy,5
SB15-254,2015,RS,2015-04-30,House Committee on Transportation & Energy Refer Unamended to House Committee of the Whole,6
SB15-254,2015,RS,2015-04-30,House Second Reading Special Order - Passed - No Amendments,7
SB15-254,2015,RS,2015-05-01,House Third Reading Passed - No Amendments,8
SB15-254,2015,RS,2015-05-18,Signed by the President of the Senate,9
SB15-254,2015,RS,2015-05-18,Signed by the Speaker of the House,10
SB15-254,2015,RS,2015-05-18,Sent to the Governor,11
SB15-254,2015,RS,2015-05-29,Governor Signed,12
SB15-255,2015,RS,2015-03-27,Introduced In Senate - Assigned to Appropriations,1
SB15-255,2015,RS,2015-03-30,Senate Committee on Appropriations Refer Unamended to Senate Committee of the Whole,2
SB15-255,2015,RS,2015-04-01,Senate Second Reading Passed - No Amendments,3
SB15-255,2015,RS,2015-04-02,Senate Third Reading Passed - No Amendments,4
SB15-255,2015,RS,2015-04-06,Introduced In House - Assigned to Appropriations,5
SB15-255,2015,RS,2015-04-07,House Committee on Appropriations Refer Unamended to House Committee of the Whole,6
SB15-255,2015,RS,2015-04-08,House Second Reading Passed - No Amendments,7
SB15-255,2015,RS,2015-04-09,House Third Reading Passed - No Amendments,8
SB15-255,2015,RS,2015-04-21,Signed by the President of the Senate,9
SB15-255,2015,RS,2015-04-22,Signed by the Speaker of the House,10
SB15-255,2015,RS,2015-04-23,Sent to the Governor,11
SB15-255,2015,RS,2015-05-01,Governor Signed,12
SB15-256,2015,RS,2015-03-30,Introduced In Senate - Assigned to Health & Human Services,1
SB15-256,2015,RS,2015-04-08,Senate Committee on Health & Human Services Refer Unamended to Appropriations,2
SB15-256,2015,RS,2015-04-10,Senate Committee on Appropriations Refer Amended to Senate Committee of the Whole,3
SB15-256,2015,RS,2015-04-14,Senate Second Reading Passed with Amendments - Committee,4
SB15-256,2015,RS,2015-04-15,Senate Third Reading Passed - No Amendments,5
SB15-256,2015,RS,2015-04-16,"Introduced In House - Assigned to Health, Insurance, & Environment",6
SB15-256,2015,RS,2015-04-21,"House Committee on Health, Insurance, & Environment Refer Unamended to Legislative Council",7
SB15-256,2015,RS,2015-04-24,House Committee on Legislative Council Refer Amended to Appropriations,8
SB15-256,2015,RS,2015-04-29,House Committee on Appropriations Refer Amended to House Committee of the Whole,9
SB15-256,2015,RS,2015-04-29,House Second Reading Special Order - Passed with Amendments - Committee,10
SB15-256,2015,RS,2015-04-30,House Third Reading Passed - No Amendments,11
SB15-256,2015,RS,2015-05-01,Senate Considered House Amendments - Result was to Concur - Repass,12
SB15-256,2015,RS,2015-05-18,Signed by the President of the Senate,13
SB15-256,2015,RS,2015-05-18,Signed by the Speaker of the House,14
SB15-256,2015,RS,2015-05-18,Sent to the Governor,15
SB15-256,2015,RS,2015-06-05,Governor Signed,16
SB15-257,2015,RS,2015-03-30,Introduced In Senate - Assigned to Education,1
SB15-257,2015,RS,2015-04-09,Senate Committee on Education Refer Amended to Appropriations,2
SB15-257,2015,RS,2015-04-17,Senate Committee on Appropriations Refer Amended to Senate Committee of the Whole,3
SB15-257,2015,RS,2015-04-21,Senate Second Reading Laid Over Daily - No Amendments,4
SB15-257,2015,RS,2015-04-22,Senate Second Reading Laid Over Daily - No Amendments,5
SB15-257,2015,RS,2015-04-23,"Senate Second Reading Passed with Amendments - Committee, Floor",6
SB15-257,2015,RS,2015-04-24,Senate Third Reading Laid Over Daily - No Amendments,7
SB15-257,2015,RS,2015-04-27,Senate Third Reading Laid Over Daily - No Amendments,8
SB15-257,2015,RS,2015-04-28,Senate Third Reading Laid Over Daily - No Amendments,9
SB15-257,2015,RS,2015-04-29,Senate Third Reading Laid Over Daily - No Amendments,10
SB15-257,2015,RS,2015-04-30,Senate Third Reading Laid Over Daily - No Amendments,11
SB15-257,2015,RS,2015-05-01,Senate Third Reading Passed - No Amendments,12
SB15-257,2015,RS,2015-05-04,Introduced In House - Assigned to Education,13
SB15-257,2015,RS,2015-05-04,House Committee on Education Refer Amended to Appropriations,14
SB15-257,2015,RS,2015-05-04,House Committee on Appropriations Refer Unamended to House Committee of the Whole,15
SB15-257,2015,RS,2015-05-04,"House Second Reading Special Order - Passed with Amendments - Committee, Floor",16
SB15-257,2015,RS,2015-05-06,House Third Reading Lay on the Table-Deemed Lost - No Amendments,17
SB15-258,2015,RS,2015-04-02,"Introduced In Senate - Assigned to Agriculture, Natural Resources, & Energy",1
SB15-258,2015,RS,2015-04-09,"Senate Committee on Agriculture, Natural Resources, & Energy Refer Amended to Appropriations",2
SB15-258,2015,RS,2015-04-17,Senate Committee on Appropriations Refer Amended to Senate Committee of the Whole,3
SB15-258,2015,RS,2015-04-21,Senate Second Reading Laid Over Daily - No Amendments,4
SB15-258,2015,RS,2015-04-22,"Senate Second Reading Passed with Amendments - Committee, Floor",5
SB15-258,2015,RS,2015-04-23,Senate Third Reading Passed - No Amendments,6
SB15-258,2015,RS,2015-04-24,"Introduced In House - Assigned to State, Veterans, & Military Affairs",7
SB15-258,2015,RS,2015-05-04,"House Committee on State, Veterans, & Military Affairs Postpone Indefinitely",8
SB15-259,2015,RS,2015-04-02,"Introduced In Senate - Assigned to Business, Labor, & Technology",1
SB15-259,2015,RS,2015-04-20,"Senate Committee on Business, Labor, & Technology Postpone Indefinitely",2
SB15-260,2015,RS,2015-04-02,"Introduced In Senate - Assigned to State, Veterans, & Military Affairs",1
SB15-260,2015,RS,2015-04-15,"Senate Committee on State, Veterans, & Military Affairs Refer Amended to Finance",2
SB15-260,2015,RS,2015-04-23,Senate Committee on Finance Refer Unamended to Appropriations,3
SB15-260,2015,RS,2015-04-28,Senate Committee on Appropriations Refer Amended - Consent Calendar to Senate Committee of the Whole,4
SB15-260,2015,RS,2015-04-29,Senate Second Reading Special Order - Passed with Amendments - Committee,5
SB15-260,2015,RS,2015-04-30,Senate Third Reading Passed - No Amendments,6
SB15-260,2015,RS,2015-05-01,"Introduced In House - Assigned to Agriculture, Livestock, & Natural Resources",7
SB15-260,2015,RS,2015-05-04,"House Committee on Agriculture, Livestock, & Natural Resources Refer Unamended to Finance",8
SB15-260,2015,RS,2015-05-04,House Committee on Finance Refer Unamended to House Committee of the Whole,9
SB15-260,2015,RS,2015-05-04,House Second Reading Special Order - Passed - No Amendments,10
SB15-260,2015,RS,2015-05-05,House Third Reading Passed with Amendments - Floor,11
SB15-260,2015,RS,2015-05-05,Senate Considered House Amendments - Result was to Laid Over Daily,12
SB15-260,2015,RS,2015-05-06,Senate Considered House Amendments - Result was to Concur - Repass,13
SB15-260,2015,RS,2015-05-18,Signed by the President of the Senate,14
SB15-260,2015,RS,2015-05-18,Signed by the Speaker of the House,15
SB15-260,2015,RS,2015-05-18,Sent to the Governor,16
SB15-260,2015,RS,2015-05-29,Governor Signed,17
SB15-261,2015,RS,2015-04-02,Introduced In Senate - Assigned to Judiciary,1
SB15-261,2015,RS,2015-04-20,Senate Committee on Judiciary Refer Unamended - Consent Calendar to Senate Committee of the Whole,2
SB15-261,2015,RS,2015-04-23,Senate Second Reading Special Order - Passed - No Amendments,3
SB15-261,2015,RS,2015-04-24,Senate Third Reading Passed - No Amendments,4
SB15-261,2015,RS,2015-04-24,Introduced In House - Assigned to Transportation & Energy,5
SB15-261,2015,RS,2015-04-30,House Committee on Transportation & Energy Refer Unamended to House Committee of the Whole,6
SB15-261,2015,RS,2015-04-30,House Second Reading Special Order - Passed - No Amendments,7
SB15-261,2015,RS,2015-05-01,House Third Reading Passed - No Amendments,8
SB15-261,2015,RS,2015-05-18,Signed by the President of the Senate,9
SB15-261,2015,RS,2015-05-18,Signed by the Speaker of the House,10
SB15-261,2015,RS,2015-05-18,Sent to the Governor,11
SB15-261,2015,RS,2015-06-05,Governor Signed,12
SB15-262,2015,RS,2015-04-02,Introduced In Senate - Assigned to Finance,1
SB15-262,2015,RS,2015-04-14,Senate Committee on Finance Refer Amended - Consent Calendar to Senate Committee of the Whole,2
SB15-262,2015,RS,2015-04-17,Senate Second Reading Passed with Amendments - Committee,3
SB15-262,2015,RS,2015-04-20,Senate Third Reading Passed - No Amendments,4
SB15-262,2015,RS,2015-04-20,"Introduced In House - Assigned to Health, Insurance, & Environment",5
SB15-262,2015,RS,2015-04-28,"House Committee on Health, Insurance, & Environment Refer Unamended to House Committee of the Whole",6
SB15-262,2015,RS,2015-04-29,House Second Reading Passed - No Amendments,7
SB15-262,2015,RS,2015-04-30,House Third Reading Passed - No Amendments,8
SB15-262,2015,RS,2015-05-18,Signed by the President of the Senate,9
SB15-262,2015,RS,2015-05-18,Signed by the Speaker of the House,10
SB15-262,2015,RS,2015-05-18,Sent to the Governor,11
SB15-262,2015,RS,2015-06-05,Governor Signed,12
SB15-263,2015,RS,2015-04-02,"Introduced In Senate - Assigned to Business, Labor, & Technology",1
SB15-263,2015,RS,2015-05-04,"Senate Committee on Business, Labor, & Technology Postpone Indefinitely",2
SB15-264,2015,RS,2015-04-09,Introduced In Senate - Assigned to Judiciary,1
SB15-264,2015,RS,2015-04-22,Senate Committee on Judiciary Refer Amended - Consent Calendar to Senate Committee of the Whole,2
SB15-264,2015,RS,2015-04-24,Senate Second Reading Special Order - Passed with Amendments - Committee,3
SB15-264,2015,RS,2015-04-27,Senate Third Reading Passed - No Amendments,4
SB15-264,2015,RS,2015-04-27,Introduced In House - Assigned to Judiciary,5
SB15-264,2015,RS,2015-04-30,House Committee on Judiciary Refer Amended to House Committee of the Whole,6
SB15-264,2015,RS,2015-04-30,House Second Reading Laid Over Daily - No Amendments,7
SB15-264,2015,RS,2015-05-01,House Second Reading Passed with Amendments - Committee,8
SB15-264,2015,RS,2015-05-04,House Third Reading Passed - No Amendments,9
SB15-264,2015,RS,2015-05-04,Senate Considered House Amendments - Result was to Concur - Repass,10
SB15-264,2015,RS,2015-05-18,Signed by the President of the Senate,11
SB15-264,2015,RS,2015-05-18,Signed by the Speaker of the House,12
SB15-264,2015,RS,2015-05-18,Sent to the Governor,13
SB15-264,2015,RS,2015-05-29,Governor Signed,14
SB15-265,2015,RS,2015-04-09,Introduced In Senate - Assigned to Finance,1
SB15-265,2015,RS,2015-04-16,Senate Committee on Finance Refer Amended to Senate Committee of the Whole,2
SB15-265,2015,RS,2015-04-21,"Senate Second Reading Passed with Amendments - Committee, Floor",3
SB15-265,2015,RS,2015-04-22,Senate Third Reading Passed - No Amendments,4
SB15-265,2015,RS,2015-04-22,Introduced In House - Assigned to Judiciary,5
SB15-265,2015,RS,2015-04-28,House Committee on Judiciary Refer Amended to House Committee of the Whole,6
SB15-265,2015,RS,2015-04-30,House Second Reading Laid Over Daily - No Amendments,7
SB15-265,2015,RS,2015-05-01,"House Second Reading Special Order - Passed with Amendments - Committee, Floor",8
SB15-265,2015,RS,2015-05-04,House Third Reading Passed - No Amendments,9
SB15-265,2015,RS,2015-05-04,Senate Considered House Amendments - Result was to Concur - Repass,10
SB15-265,2015,RS,2015-05-13,Signed by the President of the Senate,11
SB15-265,2015,RS,2015-05-14,Sent to the Governor,12
SB15-265,2015,RS,2015-05-14,Signed by the Speaker of the House,13
SB15-265,2015,RS,2015-05-29,Governor Signed,14
SB15-266,2015,RS,2015-04-13,Introduced In Senate - Assigned to Transportation,1
SB15-266,2015,RS,2015-04-23,Senate Committee on Transportation Postpone Indefinitely,2
SB15-267,2015,RS,2015-04-13,Introduced In Senate - Assigned to Education,1
SB15-267,2015,RS,2015-04-16,Senate Committee on Education Refer Unamended to Appropriations,2
SB15-267,2015,RS,2015-04-17,Senate Committee on Appropriations Refer Amended to Senate Committee of the Whole,3
SB15-267,2015,RS,2015-04-21,Senate Second Reading Laid Over Daily - No Amendments,4
SB15-267,2015,RS,2015-04-22,Senate Second Reading Laid Over Daily - No Amendments,5
SB15-267,2015,RS,2015-04-23,"Senate Second Reading Passed with Amendments - Committee, Floor",6
SB15-267,2015,RS,2015-04-24,Senate Third Reading Passed - No Amendments,7
SB15-267,2015,RS,2015-04-24,Introduced In House - Assigned to Education,8
SB15-267,2015,RS,2015-04-27,House Committee on Education Refer Amended to Appropriations,9
SB15-267,2015,RS,2015-04-29,House Committee on Appropriations Refer Amended to House Committee of the Whole,10
SB15-267,2015,RS,2015-04-29,"House Second Reading Special Order - Passed with Amendments - Committee, Floor",11
SB15-267,2015,RS,2015-04-30,House Third Reading Passed with Amendments - Floor,12
SB15-267,2015,RS,2015-05-01,Senate Considered House Amendments - Result was to Concur - Repass,13
SB15-267,2015,RS,2015-05-18,Signed by the President of the Senate,14
SB15-267,2015,RS,2015-05-18,Signed by the Speaker of the House,15
SB15-267,2015,RS,2015-05-18,Sent to the Governor,16
SB15-267,2015,RS,2015-06-05,Governor Signed,17
SB15-268,2015,RS,2015-04-14,Introduced In Senate - Assigned to Judiciary,1
SB15-268,2015,RS,2015-04-22,Senate Committee on Judiciary Refer Unamended to Senate Committee of the Whole,2
SB15-268,2015,RS,2015-04-27,Senate Second Reading Special Order - Passed - No Amendments,3
SB15-268,2015,RS,2015-04-28,Senate Third Reading Passed - No Amendments,4
SB15-268,2015,RS,2015-04-28,"Introduced In House - Assigned to State, Veterans, & Military Affairs",5
SB15-268,2015,RS,2015-05-04,"House Committee on State, Veterans, & Military Affairs Postpone Indefinitely",6
SB15-269,2015,RS,2015-04-17,Introduced In Senate - Assigned to Judiciary,1
SB15-269,2015,RS,2015-04-29,Senate Committee on Judiciary Refer Amended to Senate Committee of the Whole,2
SB15-269,2015,RS,2015-05-01,Senate Second Reading Passed with Amendments - Committee,3
SB15-269,2015,RS,2015-05-04,Senate Third Reading Passed - No Amendments,4
SB15-269,2015,RS,2015-05-04,Introduced In House - Assigned to Local Government,5
SB15-269,2015,RS,2015-05-05,House Committee on Local Government Postpone Indefinitely,6
SB15-270,2015,RS,2015-04-20,Introduced In Senate - Assigned to Appropriations,1
SB15-270,2015,RS,2015-04-24,Senate Committee on Appropriations Refer Amended to Senate Committee of the Whole,2
SB15-270,2015,RS,2015-04-24,Senate Second Reading Special Order - Passed with Amendments - Committee,3
SB15-270,2015,RS,2015-04-27,Senate Third Reading Passed - No Amendments,4
SB15-270,2015,RS,2015-04-27,Introduced In House - Assigned to Appropriations,5
SB15-270,2015,RS,2015-04-29,House Committee on Appropriations Refer Amended to House Committee of the Whole,6
SB15-270,2015,RS,2015-04-29,House Second Reading Special Order - Passed with Amendments - Committee,7
SB15-270,2015,RS,2015-04-30,House Third Reading Passed - No Amendments,8
SB15-270,2015,RS,2015-05-01,Senate Considered House Amendments - Result was to Concur - Repass,9
SB15-270,2015,RS,2015-05-18,Signed by the President of the Senate,10
SB15-270,2015,RS,2015-05-18,Signed by the Speaker of the House,11
SB15-270,2015,RS,2015-05-18,Sent to the Governor,12
SB15-270,2015,RS,2015-06-05,Governor Signed,13
SB15-271,2015,RS,2015-04-20,"Introduced In Senate - Assigned to Business, Labor, & Technology",1
SB15-271,2015,RS,2015-04-29,"Senate Committee on Business, Labor, & Technology Refer Amended to Senate Committee of the Whole",2
SB15-271,2015,RS,2015-05-01,Senate Second Reading Passed with Amendments - Committee,3
SB15-271,2015,RS,2015-05-04,Introduced In House - Assigned to Transportation & Energy,4
SB15-271,2015,RS,2015-05-04,Senate Third Reading Passed - No Amendments,5
SB15-271,2015,RS,2015-05-05,House Committee on Transportation & Energy Refer Amended to House Committee of the Whole,6
SB15-271,2015,RS,2015-05-05,"House Second Reading Passed with Amendments - Committee, Floor",7
SB15-271,2015,RS,2015-05-06,House Third Reading Passed - No Amendments,8
SB15-271,2015,RS,2015-05-06,Senate Considered House Amendments - Result was to Adhere,9
SB15-271,2015,RS,2015-05-07,House Considered Senate Adherence - Result was to Recede,10
SB15-271,2015,RS,2015-05-18,Signed by the President of the Senate,11
SB15-271,2015,RS,2015-05-18,Signed by the Speaker of the House,12
SB15-271,2015,RS,2015-05-18,Sent to the Governor,13
SB15-271,2015,RS,2015-06-05,Governor Signed,14
SB15-272,2015,RS,2015-04-21,Introduced In Senate - Assigned to Transportation,1
SB15-272,2015,RS,2015-04-23,Senate Committee on Transportation Refer Unamended to Senate Committee of the Whole,2
SB15-272,2015,RS,2015-04-28,Senate Second Reading Passed with Amendments - Floor,3
SB15-272,2015,RS,2015-04-29,Senate Third Reading Lost - No Amendments,4
SB15-272,2015,RS,2015-04-30,Senate Third Reading Reconsidered - No Amendments,5
SB15-272,2015,RS,2015-04-30,Senate Third Reading Passed - No Amendments,6
SB15-272,2015,RS,2015-05-01,"Introduced In House - Assigned to State, Veterans, & Military Affairs",7
SB15-272,2015,RS,2015-05-04,"House Committee on State, Veterans, & Military Affairs Postpone Indefinitely",8
SB15-273,2015,RS,2015-04-22,"Introduced In Senate - Assigned to State, Veterans, & Military Affairs",1
SB15-273,2015,RS,2015-04-28,"Senate Committee on State, Veterans, & Military Affairs Refer Amended to Appropriations",2
SB15-273,2015,RS,2015-04-30,Senate Committee on Appropriations Refer Amended to Senate Committee of the Whole,3
SB15-273,2015,RS,2015-05-04,Senate Second Reading Special Order - Laid Over Daily - No Amendments,4
SB15-273,2015,RS,2015-05-05,Senate Second Reading Laid Over Daily - No Amendments,5
SB15-273,2015,RS,2015-05-06,Senate Second Reading Laid Over Daily - No Amendments,6
SB15-274,2015,RS,2015-04-22,Introduced In Senate - Assigned to Finance + Appropriations,1
SB15-274,2015,RS,2015-04-28,Senate Committee on Finance Refer Unamended to Appropriations,2
SB15-274,2015,RS,2015-04-30,Senate Committee on Appropriations Refer Unamended to Senate Committee of the Whole,3
SB15-274,2015,RS,2015-05-04,Senate Second Reading Special Order - Passed - No Amendments,4
SB15-274,2015,RS,2015-05-05,Senate Third Reading Passed - No Amendments,5
SB15-274,2015,RS,2015-05-05,Introduced In House - Assigned to Local Government,6
SB15-274,2015,RS,2015-05-05,House Committee on Local Government Postpone Indefinitely,7
SB15-275,2015,RS,2015-04-23,Introduced In Senate - Assigned to Local Government,1
SB15-275,2015,RS,2015-04-28,Senate Committee on Local Government Refer Amended to Senate Committee of the Whole,2
SB15-275,2015,RS,2015-04-30,Senate Second Reading Laid Over Daily - No Amendments,3
SB15-275,2015,RS,2015-05-01,Senate Second Reading Lost with Amendments - Floor,4
SB15-276,2015,RS,2015-04-24,"Introduced In Senate - Assigned to Business, Labor, & Technology",1
SB15-276,2015,RS,2015-04-28,"Senate Committee on Business, Labor, & Technology Refer Amended to Senate Committee of the Whole",2
SB15-276,2015,RS,2015-04-30,Senate Second Reading Passed with Amendments - Committee,3
SB15-276,2015,RS,2015-05-01,Senate Third Reading Passed - No Amendments,4
SB15-276,2015,RS,2015-05-04,Introduced In House - Assigned to Transportation & Energy,5
SB15-276,2015,RS,2015-05-05,House Committee on Transportation & Energy Refer Amended to House Committee of the Whole,6
SB15-276,2015,RS,2015-05-05,House Second Reading Passed with Amendments - Committee,7
SB15-276,2015,RS,2015-05-06,House Third Reading Passed - No Amendments,8
SB15-276,2015,RS,2015-05-06,Senate Considered House Amendments - Result was to Concur - Repass,9
SB15-276,2015,RS,2015-05-18,Signed by the President of the Senate,10
SB15-276,2015,RS,2015-05-18,Signed by the Speaker of the House,11
SB15-276,2015,RS,2015-05-18,Sent to the Governor,12
SB15-276,2015,RS,2015-06-03,Governor Vetoed,13
SB15-277,2015,RS,2015-04-24,"Introduced In Senate - Assigned to State, Veterans, & Military Affairs",1
SB15-277,2015,RS,2015-04-28,"Senate Committee on State, Veterans, & Military Affairs Refer Amended to Appropriations",2
SB15-277,2015,RS,2015-04-30,Senate Committee on Appropriations Refer Amended to Senate Committee of the Whole,3
SB15-277,2015,RS,2015-05-04,Senate Second Reading Special Order - Laid Over Daily - No Amendments,4
SB15-277,2015,RS,2015-05-05,Senate Second Reading Laid Over Daily - No Amendments,5
SB15-277,2015,RS,2015-05-06,Senate Second Reading Laid Over to 01/07/2016 - No Amendments,6
SB15-278,2015,RS,2015-04-24,Introduced In Senate - Assigned to Appropriations,1
SB15-278,2015,RS,2015-04-28,Senate Committee on Appropriations Refer Unamended - Consent Calendar to Senate Committee of the Whole,2
SB15-278,2015,RS,2015-04-28,Senate Second Reading Special Order - Passed - No Amendments,3
SB15-278,2015,RS,2015-04-29,Senate Third Reading Passed - No Amendments,4
SB15-278,2015,RS,2015-04-29,Introduced In House - Assigned to Appropriations,5
SB15-278,2015,RS,2015-05-01,House Committee on Appropriations Refer Unamended to House Committee of the Whole,6
SB15-278,2015,RS,2015-05-01,House Second Reading Special Order - Passed - No Amendments,7
SB15-278,2015,RS,2015-05-04,House Third Reading Passed - No Amendments,8
SB15-278,2015,RS,2015-05-13,Signed by the President of the Senate,9
SB15-278,2015,RS,2015-05-14,Sent to the Governor,10
SB15-278,2015,RS,2015-05-14,Signed by the Speaker of the House,11
SB15-278,2015,RS,2015-06-05,Governor Signed,12
SB15-279,2015,RS,2015-04-24,Introduced In Senate - Assigned to Local Government,1
SB15-279,2015,RS,2015-04-28,Senate Committee on Local Government Refer Unamended to Senate Committee of the Whole,2
SB15-279,2015,RS,2015-04-30,Senate Committee on Appropriations Postpone Indefinitely,3
SB15-280,2015,RS,2015-04-24,Introduced In Senate - Assigned to Education,1
SB15-280,2015,RS,2015-04-30,Senate Committee on Education Refer Unamended to Appropriations,2
SB15-280,2015,RS,2015-05-04,Senate Committee on Appropriations Postpone Indefinitely,3
SB15-281,2015,RS,2015-04-27,Introduced In Senate - Assigned to Education,1
SB15-281,2015,RS,2015-04-29,Senate Committee on Education Refer Unamended - Consent Calendar to Senate Committee of the Whole,2
SB15-281,2015,RS,2015-04-30,Senate Second Reading Special Order - Passed - No Amendments,3
SB15-281,2015,RS,2015-05-01,Senate Third Reading Passed - No Amendments,4
SB15-281,2015,RS,2015-05-04,Introduced In House - Assigned to Education,5
SB15-281,2015,RS,2015-05-04,House Committee on Education Refer Unamended to House Committee of the Whole,6
SB15-281,2015,RS,2015-05-04,House Second Reading Special Order - Passed - No Amendments,7
SB15-281,2015,RS,2015-05-05,House Third Reading Passed - No Amendments,8
SB15-281,2015,RS,2015-05-18,Signed by the President of the Senate,9
SB15-281,2015,RS,2015-05-18,Signed by the Speaker of the House,10
SB15-281,2015,RS,2015-05-18,Sent to the Governor,11
SB15-281,2015,RS,2015-06-05,Governor Signed,12
SB15-282,2015,RS,2015-04-27,"Introduced In Senate - Assigned to State, Veterans, & Military Affairs",1
SB15-282,2015,RS,2015-04-29,"Senate Committee on State, Veterans, & Military Affairs Refer Amended to Appropriations",2
SB15-282,2015,RS,2015-05-01,Senate Committee on Appropriations Refer Amended to Senate Committee of the Whole,3
SB15-282,2015,RS,2015-05-04,"Senate Second Reading Special Order - Passed with Amendments - Committee, Floor",4
SB15-282,2015,RS,2015-05-05,Senate Third Reading Passed with Amendments - Floor,5
SB15-282,2015,RS,2015-05-05,Introduced In House - Assigned to Local Government,6
SB15-282,2015,RS,2015-05-05,House Committee on Local Government Refer Unamended to Appropriations,7
SB15-282,2015,RS,2015-05-05,House Committee on Appropriations Refer Unamended to House Committee of the Whole,8
SB15-282,2015,RS,2015-05-05,House Second Reading Passed - No Amendments,9
SB15-282,2015,RS,2015-05-06,House Third Reading Passed - No Amendments,10
SB15-282,2015,RS,2015-05-08,Signed by the President of the Senate,11
SB15-282,2015,RS,2015-05-08,Signed by the Speaker of the House,12
SB15-282,2015,RS,2015-05-08,Sent to the Governor,13
SB15-282,2015,RS,2015-05-13,Governor Signed,14
SB15-283,2015,RS,2015-04-27,Introduced In Senate - Assigned to Judiciary,1
SB15-283,2015,RS,2015-04-29,Senate Committee on Judiciary Refer Unamended - Consent Calendar to Senate Committee of the Whole,2
SB15-283,2015,RS,2015-05-01,Senate Second Reading Special Order - Passed - No Amendments,3
SB15-283,2015,RS,2015-05-04,Senate Third Reading Passed - No Amendments,4
SB15-283,2015,RS,2015-05-04,Introduced In House - Assigned to Judiciary,5
SB15-283,2015,RS,2015-05-05,House Committee on Judiciary Refer Unamended to House Committee of the Whole,6
SB15-283,2015,RS,2015-05-05,House Second Reading Passed - No Amendments,7
SB15-283,2015,RS,2015-05-06,House Third Reading Passed - No Amendments,8
SB15-283,2015,RS,2015-05-13,Signed by the President of the Senate,9
SB15-283,2015,RS,2015-05-14,Sent to the Governor,10
SB15-283,2015,RS,2015-05-14,Signed by the Speaker of the House,11
SB15-283,2015,RS,2015-06-05,Governor Signed,12
SB15-284,2015,RS,2015-04-28,Introduced In Senate - Assigned to Judiciary,1
SB15-284,2015,RS,2015-04-29,Senate Committee on Judiciary Refer Unamended to Senate Committee of the Whole,2
SB15-284,2015,RS,2015-05-04,Senate Second Reading Laid Over Daily - No Amendments,3
SB15-284,2015,RS,2015-05-05,Senate Second Reading Laid Over Daily - No Amendments,4
SB15-284,2015,RS,2015-05-06,Senate Second Reading Laid Over to 08/07/2015 - No Amendments,5
SB15-285,2015,RS,2015-04-28,Introduced In Senate - Assigned to Health & Human Services,1
SB15-285,2015,RS,2015-04-30,Senate Committee on Health & Human Services Postpone Indefinitely,2
SB15-286,2015,RS,2015-04-28,Introduced In Senate - Assigned to Transportation,1
SB15-286,2015,RS,2015-04-30,Senate Committee on Transportation Refer Unamended to Finance,2
SB15-286,2015,RS,2015-05-01,Senate Committee on Finance Refer Amended to Appropriations,3
SB15-286,2015,RS,2015-05-04,Senate Committee on Appropriations Refer Unamended to Senate Committee of the Whole,4
SB15-286,2015,RS,2015-05-04,Senate Second Reading Special Order - Passed with Amendments - Committee,5
SB15-286,2015,RS,2015-05-05,Senate Third Reading Passed - No Amendments,6
SB15-286,2015,RS,2015-05-05,Introduced In House - Assigned to Finance,7
SB15-286,2015,RS,2015-05-05,House Committee on Finance Postpone Indefinitely,8
SB15-287,2015,RS,2015-04-29,Introduced In Senate - Assigned to,1
SB15-287,2015,RS,2015-05-01,"Senate Committee on State, Veterans, & Military Affairs Refer Amended to Appropriations",2
SB15-287,2015,RS,2015-05-04,Senate Committee on Appropriations Postpone Indefinitely,3
SB15-288,2015,RS,2015-04-30,Introduced In Senate - Assigned to Judiciary,1
SB15-288,2015,RS,2015-05-01,Senate Committee on Judiciary Refer Amended to Appropriations,2
SB15-288,2015,RS,2015-05-04,Senate Committee on Appropriations Refer Unamended to Senate Committee of the Whole,3
SB15-288,2015,RS,2015-05-04,"Senate Second Reading Passed with Amendments - Committee, Floor",4
SB15-288,2015,RS,2015-05-05,Senate Third Reading Passed - No Amendments,5
SB15-288,2015,RS,2015-05-05,Introduced In House - Assigned to Finance,6
SB15-288,2015,RS,2015-05-05,House Committee on Finance Refer Unamended to House Committee of the Whole,7
SB15-288,2015,RS,2015-05-05,House Committee on Finance Reconsider to Finance,8
SB15-288,2015,RS,2015-05-05,House Committee on Finance Refer Unamended to Appropriations,9
SB15-288,2015,RS,2015-05-05,House Committee on Appropriations Refer Unamended to House Committee of the Whole,10
SB15-288,2015,RS,2015-05-05,House Second Reading Passed - No Amendments,11
SB15-288,2015,RS,2015-05-06,House Third Reading Passed - No Amendments,12
SB15-288,2015,RS,2015-05-13,Signed by the President of the Senate,13
SB15-288,2015,RS,2015-05-14,Sent to the Governor,14
SB15-288,2015,RS,2015-05-14,Signed by the Speaker of the House,15
SB15-288,2015,RS,2015-06-03,Governor Signed,16
SB15-289,2015,RS,2015-04-30,Introduced In Senate - Assigned to Health & Human Services,1
SB15-289,2015,RS,2015-05-04,Senate Committee on Health & Human Services Refer Unamended to Finance,2
SB15-289,2015,RS,2015-05-04,Senate Committee on Finance Refer Unamended to Appropriations,3
SB15-289,2015,RS,2015-05-04,Senate Committee on Appropriations Refer Amended to Senate Committee of the Whole,4
SB15-289,2015,RS,2015-05-04,Senate Second Reading Special Order - Passed with Amendments - Committee,5
SB15-289,2015,RS,2015-05-05,Senate Third Reading Passed - No Amendments,6
SB15-289,2015,RS,2015-05-05,Senate Third Reading Reconsidered - No Amendments,7
SB15-289,2015,RS,2015-05-05,Senate Third Reading Passed - No Amendments,8
SB15-289,2015,RS,2015-05-05,Introduced In House - Assigned to Finance,9
SB15-289,2015,RS,2015-05-05,House Committee on Finance Postpone Indefinitely,10
SB15-290,2015,RS,2015-05-04,Introduced In Senate - Assigned to Education,1
SB15-290,2015,RS,2015-05-04,Senate Committee on Education Refer Unamended to Appropriations,2
SB15-290,2015,RS,2015-05-04,Senate Committee on Appropriations Refer Amended to Senate Committee of the Whole,3
SB15-290,2015,RS,2015-05-04,Senate Second Reading Special Order - Passed with Amendments - Committee,4
SB15-290,2015,RS,2015-05-05,Senate Third Reading Passed - No Amendments,5
SB15-290,2015,RS,2015-05-05,Introduced In House - Assigned to Judiciary,6
SB15-290,2015,RS,2015-05-05,House Committee on Judiciary Refer Unamended to Appropriations,7
SB15-290,2015,RS,2015-05-05,House Committee on Appropriations Refer Amended to House Committee of the Whole,8
SB15-290,2015,RS,2015-05-05,House Second Reading Passed with Amendments - Committee,9
SB15-290,2015,RS,2015-05-06,House Third Reading Passed - No Amendments,10
SB15-290,2015,RS,2015-05-06,Senate Considered House Amendments - Result was to Concur - Repass,11
SB15-290,2015,RS,2015-05-08,Signed by the President of the Senate,12
SB15-290,2015,RS,2015-05-08,Signed by the Speaker of the House,13
SB15-290,2015,RS,2015-05-08,Sent to the Governor,14
HCR15-1001,2015,RS,2015-03-19,"Introduced In House - Assigned to State, Veterans, & Military Affairs",1
HCR15-1001,2015,RS,2015-03-23,"House Committee on State, Veterans, & Military Affairs Refer Unamended to House Committee of the Whole",2
HCR15-1001,2015,RS,2015-03-30,House Second Reading Passed - No Amendments,3
HCR15-1001,2015,RS,2015-03-31,House Third Reading Lost - No Amendments,4
HCR15-1002,2015,RS,2015-04-22,Introduced In House - Assigned to Business Affairs and Labor + Finance + Appropriations,1
HCR15-1002,2015,RS,2015-04-28,House Committee on Business Affairs and Labor Postpone Indefinitely,2
HCR15-1003,2015,RS,2015-04-22,Introduced In House - Assigned to Business Affairs and Labor + Finance + Appropriations,1
HCR15-1003,2015,RS,2015-04-28,House Committee on Business Affairs and Labor Postpone Indefinitely,2
HCR15-1004,2015,RS,2015-04-28,Introduced In House - Assigned to Local Government,1
HCR15-1004,2015,RS,2015-04-30,House Committee on Local Government Postpone Indefinitely,2
HJR15-1001,2015,RS,2015-01-07,Introduced In House - Assigned to,1
HJR15-1001,2015,RS,2015-01-07,House Third Reading Passed - No Amendments,2
HJR15-1001,2015,RS,2015-01-07,Introduced In Senate - Assigned to,3
HJR15-1001,2015,RS,2015-01-07,Senate Third Reading Passed - No Amendments,4
HJR15-1002,2015,RS,2015-01-07,Introduced In House - Assigned to,1
HJR15-1002,2015,RS,2015-01-07,House Third Reading Passed - No Amendments,2
HJR15-1002,2015,RS,2015-01-07,Introduced In Senate - Assigned to,3
HJR15-1002,2015,RS,2015-01-07,Senate Third Reading Passed - No Amendments,4
HJR15-1003,2015,RS,2015-01-07,Introduced In House - Assigned to,1
HJR15-1003,2015,RS,2015-01-07,House Third Reading Laid Over Daily - No Amendments,2
HJR15-1003,2015,RS,2015-01-08,House Third Reading Passed - No Amendments,3
HJR15-1003,2015,RS,2015-01-08,Introduced In Senate - Assigned to,4
HJR15-1003,2015,RS,2015-01-08,Senate Third Reading Passed - No Amendments,5
HJR15-1004,2015,RS,2015-01-07,Introduced In House - Assigned to,1
HJR15-1004,2015,RS,2015-01-07,House Third Reading Laid Over Daily - No Amendments,2
HJR15-1004,2015,RS,2015-01-08,House Third Reading Passed - No Amendments,3
HJR15-1004,2015,RS,2015-01-08,Introduced In Senate - Assigned to,4
HJR15-1004,2015,RS,2015-01-08,Senate Third Reading Passed - No Amendments,5
HJR15-1005,2015,RS,2015-01-15,Introduced In House - Assigned to,1
HJR15-1005,2015,RS,2015-01-16,House Third Reading Passed - No Amendments,2
HJR15-1005,2015,RS,2015-01-16,Introduced In Senate - Assigned to,3
HJR15-1005,2015,RS,2015-01-16,Senate Third Reading Laid Over Daily - No Amendments,4
HJR15-1005,2015,RS,2015-01-20,Senate Third Reading Passed - No Amendments,5
HJR15-1006,2015,RS,2015-01-15,"Introduced In House - Assigned to Agriculture, Livestock, & Natural Resources",1
HJR15-1006,2015,RS,2015-01-26,"House Committee on Agriculture, Livestock, & Natural Resources Refer Unamended to House Committee of the Whole",2
HJR15-1006,2015,RS,2015-01-28,House Third Reading Passed - No Amendments,3
HJR15-1006,2015,RS,2015-01-29,"Introduced In Senate - Assigned to Agriculture, Natural Resources, & Energy",4
HJR15-1006,2015,RS,2015-02-04,"Senate Committee on Agriculture, Natural Resources, & Energy Refer Unamended to Senate Committee of the Whole",5
HJR15-1006,2015,RS,2015-02-09,Senate Third Reading Passed - No Amendments,6
HJR15-1007,2015,RS,2015-01-29,Introduced In House - Assigned to,1
HJR15-1007,2015,RS,2015-01-29,House Third Reading Laid Over Daily - No Amendments,2
HJR15-1007,2015,RS,2015-01-30,House Third Reading Passed with Amendments - Floor,3
HJR15-1007,2015,RS,2015-02-03,Introduced In Senate - Assigned to,4
HJR15-1007,2015,RS,2015-02-03,Senate Third Reading Laid Over to 02/06/2015 - No Amendments,5
HJR15-1007,2015,RS,2015-02-06,Senate Third Reading Passed - No Amendments,6
HJR15-1008,2015,RS,2015-01-29,Introduced In House - Assigned to,1
HJR15-1008,2015,RS,2015-01-29,House Third Reading Laid Over Daily - No Amendments,2
HJR15-1008,2015,RS,2015-01-30,House Third Reading Passed - No Amendments,3
HJR15-1008,2015,RS,2015-02-03,Introduced In Senate - Assigned to,4
HJR15-1008,2015,RS,2015-02-03,Senate Third Reading Laid Over to 02/06/2015 - No Amendments,5
HJR15-1008,2015,RS,2015-02-06,Senate Third Reading Passed - No Amendments,6
HJR15-1009,2015,RS,2015-01-29,Introduced In House - Assigned to,1
HJR15-1009,2015,RS,2015-01-29,House Third Reading Laid Over Daily - No Amendments,2
HJR15-1009,2015,RS,2015-01-30,House Third Reading Passed - No Amendments,3
HJR15-1009,2015,RS,2015-02-03,Introduced In Senate - Assigned to,4
HJR15-1009,2015,RS,2015-02-03,Senate Third Reading Laid Over to 02/06/2015 - No Amendments,5
HJR15-1009,2015,RS,2015-02-06,Senate Third Reading Passed with Amendments - Floor,6
HJR15-1009,2015,RS,2015-02-13,House Considered Senate Amendments - Result was to Concur - Repass,7
HJR15-1009,2015,RS,2015-02-13,House Considered Senate Amendments - Result was to Laid Over Daily,8
HJR15-1009,2015,RS,2015-02-13,House Considered Senate Amendments - Result was to Laid Over Daily,9
HJR15-1009,2015,RS,2015-02-13,House Considered Senate Amendments - Result was to Laid Over Daily02/13/2015,10
HJR15-1010,2015,RS,2015-01-29,Introduced In House - Assigned to,1
HJR15-1010,2015,RS,2015-01-29,House Third Reading Laid Over Daily - No Amendments,2
HJR15-1010,2015,RS,2015-01-30,House Third Reading Passed - No Amendments,3
HJR15-1010,2015,RS,2015-02-03,Introduced In Senate - Assigned to,4
HJR15-1010,2015,RS,2015-02-03,Senate Third Reading Laid Over to 02/06/2015 - No Amendments,5
HJR15-1010,2015,RS,2015-02-06,Senate Third Reading Passed - No Amendments,6
HJR15-1011,2015,RS,2015-01-29,Introduced In House - Assigned to,1
HJR15-1011,2015,RS,2015-01-29,House Third Reading Laid Over Daily - No Amendments,2
HJR15-1011,2015,RS,2015-01-30,House Third Reading Passed - No Amendments,3
HJR15-1011,2015,RS,2015-02-03,Introduced In Senate - Assigned to,4
HJR15-1011,2015,RS,2015-02-03,Senate Third Reading Laid Over to 02/06/2015 - No Amendments,5
HJR15-1011,2015,RS,2015-02-06,Senate Third Reading Passed - No Amendments,6
HJR15-1012,2015,RS,2015-02-17,Introduced In House - Assigned to,1
HJR15-1012,2015,RS,2015-02-17,House Third Reading Passed - No Amendments,2
HJR15-1012,2015,RS,2015-02-17,Introduced In Senate - Assigned to,3
HJR15-1012,2015,RS,2015-02-17,Senate Third Reading Passed - No Amendments,4
HJR15-1013,2015,RS,2015-02-17,Introduced In House - Assigned to,1
HJR15-1013,2015,RS,2015-02-17,House Third Reading Laid Over Daily - No Amendments,2
HJR15-1013,2015,RS,2015-02-19,House Third Reading Passed - No Amendments,3
HJR15-1013,2015,RS,2015-02-20,Introduced In Senate - Assigned to,4
HJR15-1013,2015,RS,2015-02-20,Senate Third Reading Passed with Amendments - Floor,5
HJR15-1013,2015,RS,2015-02-26,House Considered Senate Amendments - Result was to Concur - Repass,6
HJR15-1013,2015,RS,2015-02-26,House Considered Senate Amendments - Result was to Laid Over Daily,7
HJR15-1014,2015,RS,2015-02-17,Introduced In House - Assigned to,1
HJR15-1014,2015,RS,2015-02-17,House Third Reading Laid Over Daily - No Amendments,2
HJR15-1014,2015,RS,2015-02-18,Senate Third Reading Passed - No Amendments,3
HJR15-1014,2015,RS,2015-02-18,House Third Reading Passed - No Amendments,4
HJR15-1014,2015,RS,2015-02-19,Introduced In Senate - Assigned to,5
HJR15-1015,2015,RS,2015-03-09,Introduced In House - Assigned to,1
HJR15-1015,2015,RS,2015-03-09,House Third Reading Laid Over Daily - No Amendments,2
HJR15-1015,2015,RS,2015-03-10,House Third Reading Passed - No Amendments,3
HJR15-1015,2015,RS,2015-03-10,Introduced In Senate - Assigned to,4
HJR15-1015,2015,RS,2015-03-10,Senate Third Reading Passed - No Amendments,5
HJR15-1016,2015,RS,2015-03-19,Introduced In House - Assigned to,1
HJR15-1016,2015,RS,2015-03-19,House Third Reading Passed - No Amendments,2
HJR15-1016,2015,RS,2015-03-20,Introduced In Senate - Assigned to,3
HJR15-1016,2015,RS,2015-03-20,Senate Third Reading Laid Over Daily - No Amendments,4
HJR15-1016,2015,RS,2015-03-23,Senate Third Reading Passed - No Amendments,5
HJR15-1017,2015,RS,2015-03-26,Introduced In House - Assigned to,1
HJR15-1017,2015,RS,2015-03-26,House Third Reading Laid Over to 04/01/2015 - No Amendments,2
HJR15-1017,2015,RS,2015-03-30,House Second Reading Laid Over to 04/01/2015 - No Amendments,3
HJR15-1017,2015,RS,2015-04-01,House Third Reading Passed - No Amendments,4
HJR15-1017,2015,RS,2015-04-02,Introduced In Senate - Assigned to,5
HJR15-1017,2015,RS,2015-04-02,Senate Third Reading Laid Over to 04/14/2015 - No Amendments,6
HJR15-1017,2015,RS,2015-04-14,Senate Third Reading Passed - No Amendments,7
HJR15-1018,2015,RS,2015-03-27,Introduced In House - Assigned to,1
HJR15-1019,2015,RS,2015-04-10,Introduced In House - Assigned to,1
HJR15-1019,2015,RS,2015-04-10,House Third Reading Laid Over to 04/16/2015 - No Amendments,2
HJR15-1019,2015,RS,2015-04-16,House Third Reading Passed - No Amendments,3
HJR15-1019,2015,RS,2015-04-16,Introduced In Senate - Assigned to,4
HJR15-1019,2015,RS,2015-04-16,Senate Third Reading Passed - No Amendments,5
HJR15-1020,2015,RS,2015-04-13,Introduced In House - Assigned to,1
HJR15-1020,2015,RS,2015-04-13,House Third Reading Laid Over Daily - No Amendments,2
HJR15-1020,2015,RS,2015-04-21,House Third Reading Passed - No Amendments,3
HJR15-1020,2015,RS,2015-04-21,Senate Third Reading Laid Over Daily - No Amendments,4
HJR15-1020,2015,RS,2015-04-21,Introduced In Senate - Assigned to,5
HJR15-1020,2015,RS,2015-04-22,Senate Third Reading Laid Over to 04/24/2015 - No Amendments,6
HJR15-1020,2015,RS,2015-04-24,Senate Third Reading Laid Over Daily - No Amendments,7
HJR15-1020,2015,RS,2015-04-27,Senate Third Reading Laid Over Daily - No Amendments,8
HJR15-1020,2015,RS,2015-04-28,Senate Third Reading Passed - No Amendments,9
HJR15-1021,2015,RS,2015-04-14,Introduced In House - Assigned to,1
HJR15-1021,2015,RS,2015-04-14,House Third Reading Passed with Amendments - Floor,2
HJR15-1021,2015,RS,2015-04-14,Senate Third Reading Laid Over to 04/17/2015 - No Amendments,3
HJR15-1021,2015,RS,2015-04-14,Introduced In Senate - Assigned to,4
HJR15-1021,2015,RS,2015-04-17,Senate Third Reading Passed - No Amendments,5
HJR15-1022,2015,RS,2015-04-15,Introduced In House - Assigned to,1
HJR15-1022,2015,RS,2015-04-15,House Third Reading Laid Over Daily - No Amendments,2
HJR15-1022,2015,RS,2015-04-16,House Third Reading Passed - No Amendments,3
HJR15-1022,2015,RS,2015-04-17,Introduced In Senate - Assigned to,4
HJR15-1022,2015,RS,2015-04-17,Senate Third Reading Laid Over Daily - No Amendments,5
HJR15-1022,2015,RS,2015-04-20,Senate Third Reading Laid Over Daily - No Amendments,6
HJR15-1022,2015,RS,2015-04-21,Senate Third Reading Laid Over Daily - No Amendments,7
HJR15-1022,2015,RS,2015-04-22,Senate Third Reading Passed - No Amendments,8
HJR15-1023,2015,RS,2015-04-17,Introduced In House - Assigned to,1
HJR15-1023,2015,RS,2015-04-17,House Third Reading Passed - No Amendments,2
HJR15-1023,2015,RS,2015-04-17,"Introduced In Senate - Assigned to State, Veterans, & Military Affairs",3
HJR15-1023,2015,RS,2015-04-29,"Senate Committee on State, Veterans, & Military Affairs Postpone Indefinitely",4
HJR15-1024,2015,RS,2015-04-22,Introduced In House - Assigned to,1
HJR15-1024,2015,RS,2015-04-22,House Third Reading Laid Over Daily - No Amendments,2
HJR15-1024,2015,RS,2015-04-23,House Third Reading Passed - No Amendments,3
HJR15-1024,2015,RS,2015-04-23,Senate Third Reading Passed with Amendments - Floor,4
HJR15-1024,2015,RS,2015-04-27,House Considered Senate Amendments - Result was to Concur - Repass,5
HJR15-1024,2015,RS,2015-04-27,House Considered Senate Amendments - Result was to Laid Over Daily,6
HJR15-1025,2015,RS,2015-04-30,Introduced In House - Assigned to,1
HJR15-1025,2015,RS,2015-04-30,House Third Reading Laid Over Daily - No Amendments,2
HJR15-1025,2015,RS,2015-05-01,House Third Reading Passed - No Amendments,3
HJR15-1025,2015,RS,2015-05-01,Introduced In Senate - Assigned to,4
HJR15-1025,2015,RS,2015-05-01,Senate Third Reading Laid Over Daily - No Amendments,5
HJR15-1025,2015,RS,2015-05-04,Senate Third Reading Laid Over Daily - No Amendments,6
HJR15-1025,2015,RS,2015-05-05,Senate Third Reading Laid Over Daily - No Amendments,7
HJR15-1025,2015,RS,2015-05-06,Senate Third Reading Passed - No Amendments,8
HJR15-1026,2015,RS,2015-05-04,Introduced In House - Assigned to,1
HJR15-1026,2015,RS,2015-05-04,House Third Reading Laid Over Daily - No Amendments,2
HJR15-1026,2015,RS,2015-05-06,Senate Third Reading Passed - No Amendments,3
HJR15-1026,2015,RS,2015-05-06,Introduced In Senate - Assigned to,4
HJR15-1027,2015,RS,2015-05-06,Introduced In House - Assigned to,1
HJR15-1027,2015,RS,2015-05-07,House Third Reading Lay on the Table-Deemed Lost - No Amendments,2
HR15-1001,2015,RS,2015-01-07,Introduced In House - Assigned to,1
HR15-1001,2015,RS,2015-01-07,House Third Reading Passed - No Amendments,2
HR15-1002,2015,RS,2015-01-07,Introduced In House - Assigned to,1
HR15-1002,2015,RS,2015-01-07,House Third Reading Passed - No Amendments,2
HR15-1003,2015,RS,2015-01-07,Introduced In House - Assigned to,1
HR15-1003,2015,RS,2015-01-07,House Third Reading Laid Over Daily - No Amendments,2
HR15-1003,2015,RS,2015-01-08,House Third Reading Passed - No Amendments,3
HR15-1004,2015,RS,2015-01-07,Introduced In House - Assigned to,1
HR15-1004,2015,RS,2015-01-07,House Third Reading Laid Over Daily - No Amendments,2
HR15-1004,2015,RS,2015-01-08,House Third Reading Passed - No Amendments,3
HR15-1005,2015,RS,2015-01-30,Introduced In House - Assigned to,1
HR15-1005,2015,RS,2015-01-30,House Third Reading Laid Over Daily - No Amendments,2
HR15-1005,2015,RS,2015-05-10,House Third Reading Laid Over to 05/10/2015 - No Amendments,3
HM15-1001,2015,RS,2015-05-04,Introduced In House - Assigned to,1
HM15-1001,2015,RS,2015-05-04,House Third Reading Laid Over Daily - No Amendments,2
HM15-1001,2015,RS,2015-05-05,House Third Reading Passed - No Amendments,3
HJM15-1001,2015,RS,2015-03-30,House Third Reading Laid Over to 04/01/2015 - No Amendments,1
HJM15-1001,2015,RS,2015-03-30,Introduced In House - Assigned to,2
HJM15-1001,2015,RS,2015-04-01,House Third Reading Passed - No Amendments,3
HJM15-1001,2015,RS,2015-04-01,Introduced In Senate - Assigned to,4
HJM15-1001,2015,RS,2015-04-01,Senate Third Reading Passed - No Amendments,5
HJM15-1001,2015,RS,2015-04-09,Signed by the Speaker of the House,6
SCR15-001,2015,RS,2015-03-20,"Introduced In Senate - Assigned to State, Veterans, & Military Affairs",1
SCR15-001,2015,RS,2015-04-07,"Senate Committee on State, Veterans, & Military Affairs Refer Unamended to Senate Committee of the Whole",2
SCR15-001,2015,RS,2015-04-10,Senate Second Reading Laid Over to 04/14/2015 - No Amendments,3
SCR15-001,2015,RS,2015-04-14,Senate Second Reading Laid Over Daily - No Amendments,4
SCR15-001,2015,RS,2015-04-15,Senate Second Reading Laid Over Daily - No Amendments,5
SCR15-001,2015,RS,2015-04-16,Senate Second Reading Laid Over to 04/20/2015 - No Amendments,6
SCR15-001,2015,RS,2015-04-20,Senate Second Reading Passed with Amendments - Floor,7
SCR15-001,2015,RS,2015-04-21,Senate Third Reading Lost - No Amendments,8
SCR15-002,2015,RS,2015-04-08,"Introduced In Senate - Assigned to State, Veterans, & Military Affairs",1
SCR15-002,2015,RS,2015-04-27,"Senate Committee on State, Veterans, & Military Affairs Committee Vote - Final Action Failed",2
SCR15-002,2015,RS,2015-05-05,"Senate Committee on State, Veterans, & Military Affairs Postpone Indefinitely",3
SCR15-003,2015,RS,2015-04-14,"Introduced In Senate - Assigned to State, Veterans, & Military Affairs",1
SCR15-003,2015,RS,2015-04-27,"Senate Committee on State, Veterans, & Military Affairs Postpone Indefinitely",2
SJR15-001,2015,RS,2015-01-07,Senate Third Reading Passed - No Amendments,1
SJR15-001,2015,RS,2015-01-07,Introduced In Senate - Assigned to,2
SJR15-001,2015,RS,2015-01-07,Introduced In House - Assigned to,3
SJR15-001,2015,RS,2015-01-07,House Third Reading Passed - No Amendments,4
SJR15-002,2015,RS,2015-01-08,Introduced In Senate - Assigned to,1
SJR15-002,2015,RS,2015-01-08,Senate Third Reading Passed - No Amendments,2
SJR15-002,2015,RS,2015-01-08,Introduced In House - Assigned to,3
SJR15-002,2015,RS,2015-01-08,House Third Reading Passed - No Amendments,4
SJR15-003,2015,RS,2015-01-08,Introduced In Senate - Assigned to,1
SJR15-003,2015,RS,2015-01-08,Senate Third Reading Passed - No Amendments,2
SJR15-003,2015,RS,2015-01-08,Introduced In House - Assigned to,3
SJR15-003,2015,RS,2015-01-08,House Third Reading Passed - No Amendments,4
SJR15-004,2015,RS,2015-01-22,"Introduced In Senate - Assigned to Agriculture, Natural Resources, & Energy",1
SJR15-004,2015,RS,2015-02-11,"Senate Committee on Agriculture, Natural Resources, & Energy Refer Amended - Consent Calendar to Senate Committee of the Whole",2
SJR15-004,2015,RS,2015-02-17,Senate Third Reading Passed with Amendments - Committee,3
SJR15-004,2015,RS,2015-02-20,Introduced In House - Assigned to,4
SJR15-004,2015,RS,2015-03-16,"House Committee on Agriculture, Livestock, & Natural Resources Refer Amended to House Committee of the Whole",5
SJR15-004,2015,RS,2015-03-18,House Second Reading Passed with Amendments - Committee,6
SJR15-004,2015,RS,2015-03-18,House Third Reading Passed with Amendments - Committee,7
SJR15-004,2015,RS,2015-03-19,Senate Considered House Amendments - Result was to Laid Over Daily,8
SJR15-004,2015,RS,2015-03-23,Senate Considered House Amendments - Result was to Concur - Repass,9
SJR15-005,2015,RS,2015-01-22,Introduced In Senate - Assigned to,1
SJR15-005,2015,RS,2015-01-22,Senate Third Reading Laid Over Daily - No Amendments,2
SJR15-005,2015,RS,2015-01-23,Senate Third Reading Passed - No Amendments,3
SJR15-005,2015,RS,2015-01-23,Introduced In House - Assigned to,4
SJR15-005,2015,RS,2015-01-23,House Third Reading Passed - No Amendments,5
SJR15-006,2015,RS,2015-01-23,Introduced In Senate - Assigned to,1
SJR15-006,2015,RS,2015-01-23,Senate Third Reading Laid Over to 01/29/2015 - No Amendments,2
SJR15-006,2015,RS,2015-01-29,Senate Third Reading Laid Over to 05/15/2015 - No Amendments,3
SJR15-007,2015,RS,2015-01-29,Introduced In Senate - Assigned to,1
SJR15-007,2015,RS,2015-01-29,Senate Third Reading Laid Over to 02/06/2015 - No Amendments,2
SJR15-007,2015,RS,2015-02-06,Senate Third Reading Passed - No Amendments,3
SJR15-007,2015,RS,2015-02-06,Introduced In House - Assigned to,4
SJR15-007,2015,RS,2015-02-06,House Third Reading Passed - No Amendments,5
SJR15-008,2015,RS,2015-02-06,"Introduced In Senate - Assigned to State, Veterans, & Military Affairs",1
SJR15-008,2015,RS,2015-02-18,"Senate Committee on State, Veterans, & Military Affairs Refer Amended - Consent Calendar to Senate Committee of the Whole",2
SJR15-008,2015,RS,2015-02-24,Senate Third Reading Laid Over Daily - No Amendments,3
SJR15-008,2015,RS,2015-02-25,Senate Third Reading Laid Over Daily - Floor,4
SJR15-008,2015,RS,2015-02-26,Senate Third Reading Passed with Amendments - Committee,5
SJR15-008,2015,RS,2015-03-03,Introduced In House - Assigned to,6
SJR15-008,2015,RS,2015-03-23,"House Committee on State, Veterans, & Military Affairs Refer Unamended to House Committee of the Whole",7
SJR15-008,2015,RS,2015-03-27,House Third Reading Passed - No Amendments,8
SJR15-009,2015,RS,2015-02-13,Introduced In Senate - Assigned to,1
SJR15-009,2015,RS,2015-02-13,Senate Third Reading Laid Over to 02/17/2015 - No Amendments,2
SJR15-009,2015,RS,2015-02-17,Senate Third Reading Laid Over to 02/20/2015 - No Amendments,3
SJR15-009,2015,RS,2015-02-20,Senate Third Reading Passed - No Amendments,4
SJR15-009,2015,RS,2015-02-20,Introduced In House - Assigned to,5
SJR15-009,2015,RS,2015-02-20,House Third Reading Passed - No Amendments,6
SJR15-010,2015,RS,2015-02-25,Introduced In Senate - Assigned to,1
SJR15-010,2015,RS,2015-02-25,Senate Third Reading Laid Over to 02/27/2015 - No Amendments,2
SJR15-010,2015,RS,2015-02-27,Senate Third Reading Passed - No Amendments,3
SJR15-010,2015,RS,2015-04-15,Introduced In House - Assigned to,4
SJR15-010,2015,RS,2015-04-15,House Third Reading Laid Over Daily - No Amendments,5
SJR15-010,2015,RS,2015-04-17,House Third Reading Passed - No Amendments,6
SJR15-011,2015,RS,2015-03-06,Introduced In Senate - Assigned to,1
SJR15-011,2015,RS,2015-03-06,Senate Third Reading Laid Over to 03/12/2015 - No Amendments,2
SJR15-011,2015,RS,2015-03-12,Senate Third Reading Passed - No Amendments,3
SJR15-011,2015,RS,2015-03-12,Introduced In House - Assigned to,4
SJR15-011,2015,RS,2015-03-12,House Third Reading Passed - No Amendments,5
SJR15-012,2015,RS,2015-03-06,Introduced In Senate - Assigned to,1
SJR15-012,2015,RS,2015-03-06,Senate Third Reading Laid Over to 03/11/2015 - No Amendments,2
SJR15-012,2015,RS,2015-03-11,Senate Third Reading Passed - No Amendments,3
SJR15-012,2015,RS,2015-03-11,Introduced In House - Assigned to,4
SJR15-012,2015,RS,2015-03-11,House Third Reading Passed - No Amendments,5
SJR15-013,2015,RS,2015-03-11,Introduced In Senate - Assigned to,1
SJR15-013,2015,RS,2015-03-11,Senate Third Reading Laid Over to 03/13/2015 - No Amendments,2
SJR15-013,2015,RS,2015-03-13,Senate Third Reading Passed - No Amendments,3
SJR15-013,2015,RS,2015-03-13,Introduced In House - Assigned to,4
SJR15-013,2015,RS,2015-03-13,House Third Reading Passed - No Amendments,5
SJR15-014,2015,RS,2015-03-11,Introduced In Senate - Assigned to,1
SJR15-014,2015,RS,2015-03-11,Senate Third Reading Laid Over to 03/27/2015 - No Amendments,2
SJR15-014,2015,RS,2015-03-27,Senate Third Reading Passed - No Amendments,3
SJR15-014,2015,RS,2015-03-27,Introduced In House - Assigned to,4
SJR15-014,2015,RS,2015-03-27,House Third Reading Passed - No Amendments,5
SJR15-015,2015,RS,2015-03-12,Introduced In Senate - Assigned to,1
SJR15-015,2015,RS,2015-03-12,Senate Third Reading Laid Over to 03/18/2015 - No Amendments,2
SJR15-015,2015,RS,2015-03-18,Senate Third Reading Passed - No Amendments,3
SJR15-015,2015,RS,2015-03-18,Introduced In House - Assigned to,4
SJR15-015,2015,RS,2015-03-18,House Third Reading Passed - No Amendments,5
SJR15-016,2015,RS,2015-03-12,Introduced In Senate - Assigned to,1
SJR15-016,2015,RS,2015-03-12,Senate Third Reading Laid Over to 03/19/2015 - No Amendments,2
SJR15-016,2015,RS,2015-03-19,Senate Third Reading Passed - No Amendments,3
SJR15-016,2015,RS,2015-03-19,Introduced In House - Assigned to,4
SJR15-016,2015,RS,2015-03-19,House Third Reading Passed - No Amendments,5
SJR15-017,2015,RS,2015-03-17,Introduced In Senate - Assigned to,1
SJR15-017,2015,RS,2015-03-17,Senate Third Reading Laid Over to 03/19/2015 - No Amendments,2
SJR15-017,2015,RS,2015-03-19,Senate Third Reading Passed with Amendments - Floor,3
SJR15-017,2015,RS,2015-03-19,Introduced In House - Assigned to,4
SJR15-017,2015,RS,2015-03-19,House Third Reading Passed - No Amendments,5
SJR15-018,2015,RS,2015-03-17,"Introduced In Senate - Assigned to Business, Labor, & Technology",1
SJR15-018,2015,RS,2015-05-04,"Senate Committee on Business, Labor, & Technology Postpone Indefinitely",2
SJR15-019,2015,RS,2015-03-19,Introduced In Senate - Assigned to,1
SJR15-019,2015,RS,2015-03-19,Senate Third Reading Laid Over to 03/23/2015 - No Amendments,2
SJR15-019,2015,RS,2015-03-23,Senate Third Reading Passed - No Amendments,3
SJR15-019,2015,RS,2015-03-23,Introduced In House - Assigned to,4
SJR15-019,2015,RS,2015-03-23,House Third Reading Passed - No Amendments,5
SJR15-020,2015,RS,2015-03-19,Introduced In Senate - Assigned to,1
SJR15-020,2015,RS,2015-03-19,Senate Third Reading Laid Over to 03/25/2015 - No Amendments,2
SJR15-020,2015,RS,2015-03-25,Senate Third Reading Passed - No Amendments,3
SJR15-020,2015,RS,2015-03-25,Introduced In House - Assigned to,4
SJR15-020,2015,RS,2015-03-25,House Third Reading Laid Over Daily - No Amendments,5
SJR15-020,2015,RS,2015-03-26,House Third Reading Passed - No Amendments,6
SJR15-021,2015,RS,2015-03-27,"Introduced In Senate - Assigned to Agriculture, Natural Resources, & Energy",1
SJR15-021,2015,RS,2015-04-08,"Senate Committee on Agriculture, Natural Resources, & Energy Refer Amended to Senate Committee of the Whole",2
SJR15-021,2015,RS,2015-04-13,Senate Third Reading Laid Over to 04/23/2015 - No Amendments,3
SJR15-021,2015,RS,2015-04-23,Senate Third Reading Laid Over to 04/27/2015 - No Amendments,4
SJR15-021,2015,RS,2015-04-27,Senate Third Reading Laid Over Daily - No Amendments,5
SJR15-021,2015,RS,2015-04-28,Senate Third Reading Laid Over Daily - No Amendments,6
SJR15-021,2015,RS,2015-04-29,Senate Third Reading Passed - No Amendments,7
SJR15-021,2015,RS,2015-04-29,"Introduced In House - Assigned to State, Veterans, & Military Affairs",8
SJR15-021,2015,RS,2015-05-04,"House Committee on State, Veterans, & Military Affairs Postpone Indefinitely",9
SJR15-022,2015,RS,2015-04-02,Introduced In Senate - Assigned to,1
SJR15-022,2015,RS,2015-04-02,Senate Third Reading Laid Over to 04/08/2015 - No Amendments,2
SJR15-022,2015,RS,2015-04-08,Senate Third Reading Passed - No Amendments,3
SJR15-022,2015,RS,2015-04-10,Introduced In House - Assigned to,4
SJR15-022,2015,RS,2015-04-10,House Third Reading Passed - No Amendments,5
SJR15-023,2015,RS,2015-04-10,Introduced In Senate - Assigned to,1
SJR15-023,2015,RS,2015-04-10,Senate Third Reading Laid Over to 04/27/2015 - No Amendments,2
SJR15-023,2015,RS,2015-04-27,Senate Third Reading Passed with Amendments - Floor,3
SJR15-023,2015,RS,2015-04-27,Introduced In House - Assigned to,4
SJR15-023,2015,RS,2015-04-27,House Third Reading Laid Over Daily - No Amendments,5
SJR15-023,2015,RS,2015-05-01,House Third Reading Passed - No Amendments,6
SJR15-024,2015,RS,2015-04-10,Introduced In Senate - Assigned to,1
SJR15-024,2015,RS,2015-04-10,Senate Third Reading Laid Over to 04/15/2015 - No Amendments,2
SJR15-024,2015,RS,2015-04-15,Senate Third Reading Passed - No Amendments,3
SJR15-024,2015,RS,2015-04-15,Introduced In House - Assigned to,4
SJR15-024,2015,RS,2015-05-04,House Third Reading Laid Over Daily - No Amendments,5
SJR15-024,2015,RS,2015-05-07,House Third Reading Passed - No Amendments,6
SJR15-025,2015,RS,2015-04-13,Introduced In Senate - Assigned to,1
SJR15-025,2015,RS,2015-04-13,Senate Second Reading Laid Over Daily - No Amendments,2
SJR15-025,2015,RS,2015-04-14,Senate Third Reading Passed - No Amendments,3
SJR15-025,2015,RS,2015-04-14,Introduced In House - Assigned to,4
SJR15-025,2015,RS,2015-04-14,House Third Reading Passed - No Amendments,5
SJR15-026,2015,RS,2015-04-14,Senate Third Reading Laid Over to 04/20/2015 - No Amendments,1
SJR15-026,2015,RS,2015-04-14,Introduced In Senate - Assigned to,2
SJR15-026,2015,RS,2015-04-20,Senate Third Reading Passed - No Amendments,3
SJR15-026,2015,RS,2015-04-20,Introduced In House - Assigned to,4
SJR15-026,2015,RS,2015-04-20,House Third Reading Passed - No Amendments,5
SJR15-027,2015,RS,2015-04-15,Senate Third Reading Laid Over to 04/24/2015 - No Amendments,1
SJR15-027,2015,RS,2015-04-15,Introduced In Senate - Assigned to,2
SJR15-027,2015,RS,2015-04-24,Senate Third Reading Passed - No Amendments,3
SJR15-027,2015,RS,2015-04-24,Introduced In House - Assigned to,4
SJR15-027,2015,RS,2015-04-24,House Third Reading Passed - No Amendments,5
SJR15-028,2015,RS,2015-04-24,Senate Third Reading Laid Over Daily - No Amendments,1
SJR15-028,2015,RS,2015-04-24,Introduced In Senate - Assigned to,2
SJR15-028,2015,RS,2015-04-27,Senate Third Reading Laid Over Daily - No Amendments,3
SJR15-028,2015,RS,2015-04-28,Senate Third Reading Laid Over Daily - No Amendments,4
SJR15-028,2015,RS,2015-04-29,Senate Third Reading Laid Over Daily - No Amendments,5
SJR15-028,2015,RS,2015-04-30,Senate Third Reading Laid Over Daily - No Amendments,6
SJR15-028,2015,RS,2015-05-01,Senate Third Reading Laid Over Daily - No Amendments,7
SJR15-028,2015,RS,2015-05-04,Senate Third Reading Laid Over Daily - No Amendments,8
SJR15-028,2015,RS,2015-05-05,Senate Third Reading Laid Over Daily - No Amendments,9
SJR15-028,2015,RS,2015-05-06,Introduced In House - Assigned to,10
SJR15-028,2015,RS,2015-05-06,House Third Reading Passed - No Amendments,11
SJR15-028,2015,RS,2015-05-06,Senate Third Reading Passed - No Amendments,12
SJR15-029,2015,RS,2015-04-27,Introduced In Senate - Assigned to,1
SJR15-029,2015,RS,2015-04-27,Senate Third Reading Laid Over Daily - No Amendments,2
SJR15-029,2015,RS,2015-04-28,Senate Third Reading Laid Over Daily - No Amendments,3
SJR15-029,2015,RS,2015-04-29,Senate Third Reading Passed - No Amendments,4
SJR15-029,2015,RS,2015-05-06,Introduced In House - Assigned to,5
SJR15-029,2015,RS,2015-05-07,House Third Reading Passed - No Amendments,6
SJR15-030,2015,RS,2015-04-27,Introduced In Senate - Assigned to,1
SJR15-030,2015,RS,2015-04-27,Senate Third Reading Laid Over Daily - No Amendments,2
SJR15-030,2015,RS,2015-04-28,Senate Third Reading Laid Over Daily - No Amendments,3
SJR15-030,2015,RS,2015-04-29,Senate Third Reading Laid Over Daily - No Amendments,4
SJR15-030,2015,RS,2015-04-30,Senate Third Reading Laid Over Daily - No Amendments,5
SJR15-030,2015,RS,2015-05-01,Senate Third Reading Laid Over Daily - No Amendments,6
SJR15-030,2015,RS,2015-05-04,Senate Third Reading Laid Over Daily - No Amendments,7
SJR15-030,2015,RS,2015-05-05,Senate Third Reading Laid Over Daily - No Amendments,8
SJR15-030,2015,RS,2015-05-06,Introduced In House - Assigned to,9
SJR15-030,2015,RS,2015-05-06,Senate Third Reading Passed - No Amendments,10
SJR15-030,2015,RS,2015-05-07,House Third Reading Passed - No Amendments,11
SJR15-031,2015,RS,2015-04-29,Introduced In Senate - Assigned to,1
SJR15-031,2015,RS,2015-04-29,Senate Third Reading Laid Over Daily - No Amendments,2
SJR15-031,2015,RS,2015-04-30,Senate Third Reading Laid Over Daily - No Amendments,3
SJR15-031,2015,RS,2015-05-01,Senate Third Reading Laid Over Daily - No Amendments,4
SJR15-031,2015,RS,2015-05-04,Senate Third Reading Laid Over Daily - No Amendments,5
SJR15-031,2015,RS,2015-05-05,Senate Third Reading Laid Over Daily - No Amendments,6
SJR15-031,2015,RS,2015-05-06,Introduced In House - Assigned to,7
SJR15-031,2015,RS,2015-05-06,Senate Third Reading Passed - No Amendments,8
SJR15-031,2015,RS,2015-05-07,House Third Reading Lay on the Table-Deemed Lost - No Amendments,9
SJR15-032,2015,RS,2015-05-01,Introduced In Senate - Assigned to,1
SJR15-032,2015,RS,2015-05-01,Senate Third Reading Laid Over Daily - No Amendments,2
SJR15-032,2015,RS,2015-05-04,Senate Third Reading Laid Over Daily - No Amendments,3
SJR15-032,2015,RS,2015-05-05,Senate Third Reading Laid Over Daily - No Amendments,4
SJR15-032,2015,RS,2015-05-06,Introduced In House - Assigned to,5
SJR15-032,2015,RS,2015-05-06,Senate Third Reading Passed - No Amendments,6
SJR15-032,2015,RS,2015-05-07,House Third Reading Passed - No Amendments,7
SR15-001,2015,RS,2015-01-07,Introduced In Senate - Assigned to,1
SR15-001,2015,RS,2015-01-07,Senate Third Reading Passed - No Amendments,2
SR15-002,2015,RS,2015-01-08,Introduced In Senate - Assigned to,1
SR15-002,2015,RS,2015-01-08,Senate Third Reading Passed - No Amendments,2
SR15-003,2015,RS,2015-04-13,Senate Third Reading Laid Over to 04/21/2015 - No Amendments,1
SR15-003,2015,RS,2015-04-13,Introduced In Senate - Assigned to,2
SR15-003,2015,RS,2015-04-21,Senate Third Reading Passed - No Amendments,3
SR15-004,2015,RS,2015-05-01,Introduced In Senate - Assigned to,1
SR15-004,2015,RS,2015-05-01,Senate Third Reading Passed - No Amendments,2
SM15-001,2015,RS,2015-02-19,Introduced In Senate - Assigned to,1
SM15-001,2015,RS,2015-02-19,Senate Third Reading Laid Over to 2/23/2015 - No Amendments,2
SM15-001,2015,RS,2015-02-24,Senate Third Reading Laid Over Daily - No Amendments,3
SM15-001,2015,RS,2015-02-25,Senate Third Reading Passed - No Amendments,4
SJM15-001,2015,RS,2015-04-16,Introduced In Senate - Assigned to Education,1
SJM15-001,2015,RS,2015-04-23,Senate Committee on Education Refer Unamended - Consent Calendar to Senate Committee of the Whole,2
SJM15-001,2015,RS,2015-04-28,Senate Third Reading Laid Over Daily - No Amendments,3
SJM15-001,2015,RS,2015-04-29,Senate Third Reading Passed - No Amendments,4
SJM15-001,2015,RS,2015-05-04,Introduced In House - Assigned to Education,5
SJM15-001,2015,RS,2015-05-04,House Committee on Education Refer Unamended to House Committee of the Whole,6
SJM15-001,2015,RS,2015-05-04,House Third Reading Laid Over Daily - No Amendments,7
SJM15-001,2015,RS,2015-05-05,House Third Reading Passed - No Amendments,8
SJM15-002,2015,RS,2015-04-17,Introduced In Senate - Assigned to,1
SJM15-002,2015,RS,2015-04-17,Senate Third Reading Laid Over Daily - No Amendments,2
SJM15-002,2015,RS,2015-04-20,Senate Third Reading Laid Over Daily - No Amendments,3
SJM15-002,2015,RS,2015-04-21,Senate Third Reading Laid Over Daily - No Amendments,4
SJM15-002,2015,RS,2015-04-22,Senate Third Reading Laid Over to 04/24/2015 - No Amendments,5
SJM15-002,2015,RS,2015-04-24,Senate Third Reading Laid Over Daily - No Amendments,6
SJM15-002,2015,RS,2015-04-27,Senate Third Reading Laid Over Daily - No Amendments,7
SJM15-002,2015,RS,2015-04-28,Senate Third Reading Laid Over Daily - No Amendments,8
SJM15-002,2015,RS,2015-04-29,Senate Third Reading Laid Over Daily - No Amendments,9
SJM15-002,2015,RS,2015-04-30,Senate Third Reading Laid Over Daily - No Amendments,10
SJM15-002,2015,RS,2015-05-01,Senate Third Reading Laid Over Daily - No Amendments,11
SJM15-002,2015,RS,2015-05-04,Senate Third Reading Laid Over Daily - No Amendments,12
SJM15-002,2015,RS,2015-05-05,Senate Third Reading Laid Over Daily - No Amendments,13
SJM15-002,2015,RS,2015-05-06,Introduced In House - Assigned to,14
SJM15-002,2015,RS,2015-05-06,Senate Third Reading Passed with Amendments - Floor,15
SJM15-002,2015,RS,2015-05-07,House Third Reading Lay on the Table-Deemed Lost - No Amendments,16
