bill_id,term,session,data_name,title,introduced,action_in_comm,action_beyond_comm,passed_chamber,law,chamber_code,SS,commem
HB21-1001,2021_2022,2021-RS,d. esgar,Remote Participation In Party Committee Meetings,1,1,1,1,1,H,0,0
HB21-1002,2021_2022,2021-RS,m. weissman,Reductions Certain Taxpayers' Income Tax Liability,1,1,1,1,1,H,1,0
HB21-1003,2021_2022,2021-RS,a. benavidez,Legislative Proceedings During Disaster Emergency,1,1,1,1,1,H,1,0
HB21-1004,2021_2022,2021-RS,m. snyder,Colorado Uniform Electronic Wills Act,1,1,1,1,1,H,0,0
HB21-1005,2021_2022,2021-RS,k. mullica,Health Care Services Reserve Corps Task Force,1,1,1,1,1,H,0,0
HB21-1006,2021_2022,2021-RS,d. esgar,Fifth-day School Enrichment Programs Funding,1,1,1,1,1,H,0,0
HB21-1007,2021_2022,2021-RS,t. sullivan,State Apprenticeship Agency,1,1,1,1,1,H,0,0
HB21-1008,2021_2022,2021-RS,j. arndt,Forest Health Project Financing,1,1,1,1,1,H,0,0
HB21-1009,2021_2022,2021-RS,t. bernett,Update Division Housing Function & Local Development,1,1,1,1,1,H,0,0
HB21-1010,2021_2022,2021-RS,n. ricks,Diverse K-12 Educator Workforce Report,1,1,1,1,1,H,0,0
HB21-1011,2021_2022,2021-RS,y. caraveo,Multilingual Ballot Access For Voters,1,1,1,1,1,H,1,0
HB21-1012,2021_2022,2021-RS,j. rich,Expand Prescription Drug Monitoring Program,1,1,1,1,1,H,0,0
HB21-1013,2021_2022,2021-RS,m. snyder,Division Of Domestic Stock Insurer,1,1,1,1,1,H,0,0
HB21-1014,2021_2022,2021-RS,d. michaelson jenet,Disability Symbol Identification Document,1,1,1,1,1,H,0,0
HB21-1015,2021_2022,2021-RS,t. carver,Security Protections Criminal Justice Personnel,1,1,1,1,1,H,0,0
HB21-1016,2021_2022,2021-RS,d. ortiz,Transfer Jurisdiction To Veteran's Speciality Court,1,1,1,1,1,H,0,0
HB21-1017,2021_2022,2021-RS,p. neville,Protect Human Life At Conception,1,1,0,0,0,H,0,0
HB21-1018,2021_2022,2021-RS,t. bernett,Adoptive Parents Payments To Outside Providers,1,1,1,1,1,H,0,0
HB21-1019,2021_2022,2021-RS,e. hooton,Modification To Regulations Of Factory-built Structures,1,1,1,1,1,H,0,0
HB21-1020,2021_2022,2021-RS,k. mccormick,Proton Beam Therapy For Cancer Treatment,1,1,0,0,0,H,0,0
HB21-1021,2021_2022,2021-RS,r. pelton,Peer Support Professionals Behavioral Health,1,1,1,1,1,H,0,0
HB21-1022,2021_2022,2021-RS,m. froelich,Surrogacy Agreements,1,1,1,1,1,H,0,0
HB21-1023,2021_2022,2021-RS,p. will,Energy Facility Real Property Classification,1,1,0,0,0,H,0,0
HB21-1024,2021_2022,2021-RS,m. snyder,Title Certificates Off-highway Vehicle Transfers,1,1,1,1,0,H,0,0
HB21-1025,2021_2022,2021-RS,j. arndt,Nonsubstantive Emails And Open Meetings Law,1,1,1,1,1,H,0,0
HB21-1026,2021_2022,2021-RS,m. baisley,Allow Foreign Protected Series Do Business In Colorado,1,1,0,0,0,H,0,0
HB21-1027,2021_2022,2021-RS,c. larson,Continue Alcohol Beverage Takeout And Delivery,1,1,1,1,1,H,0,0
HB21-1028,2021_2022,2021-RS,s. bird,Annual Public Report Affordable Housing,1,1,1,1,1,H,0,0
HB21-1029,2021_2022,2021-RS,t. geitner,Use Of READ Act Per-pupil Intervention Money,1,1,0,0,0,H,0,0
HB21-1030,2021_2022,2021-RS,j. mccluskie,Expanding Peace Officers Mental Health Grant Program,1,1,1,1,1,H,0,0
HB21-1031,2021_2022,2021-RS,l. daugherty,Jurisdiction To Modify Family Law Orders On Appeal,1,1,1,1,1,H,0,0
HB21-1032,2021_2022,2021-RS,s. luck,Local Government Authority Statewide Disaster Declarations,1,1,0,0,0,H,0,0
HB21-1033,2021_2022,2021-RS,n. ricks,Add Health Maintenance Organizations Life And Health Insurance Protection Association,1,1,0,0,0,H,0,0
HB21-1034,2021_2022,2021-RS,d. woog,Consumer Right To Use Natural Gas Or Propane,1,1,0,0,0,H,0,0
HB21-1035,2021_2022,2021-RS,m. lynch,Pregnancy-based Parking Placard,1,1,0,0,0,H,0,0
HB21-1036,2021_2022,2021-RS,a. pico,Local Control Of Health Orders,1,1,0,0,0,H,0,0
HB21-1037,2021_2022,2021-RS,m. soper,Limit Designated Lands Gray Wolf Reintroduction,1,1,0,0,0,H,0,0
HB21-1038,2021_2022,2021-RS,p. neville,Concealed Handguns On School Grounds,1,1,0,0,0,H,0,0
HB21-1039,2021_2022,2021-RS,c. larson,Careless Driving Serious Bodily Injury,1,1,0,0,0,H,0,0
HB21-1040,2021_2022,2021-RS,p. will,General Fund Money For Reintroduction Of Wolves,1,1,0,0,0,H,0,0
HB21-1041,2021_2022,2021-RS,d. woog,Private Sector Enterprise Protections,1,1,0,0,0,H,0,0
HB21-1042,2021_2022,2021-RS,r. hanks,Water Storage Tanks Grant Program,1,1,0,0,0,H,0,0
HB21-1043,2021_2022,2021-RS,r. holtorf,Study Underground Water Storage Maximum Beneficial Use,1,1,0,0,0,H,0,0
HB21-1044,2021_2022,2021-RS,e. hooton,Winery License Include Noncontiguous Areas,1,1,1,1,1,H,0,0
HB21-1045,2021_2022,2021-RS,m. young,Invasive Pest Control Administration,1,1,1,1,1,H,0,0
HB21-1046,2021_2022,2021-RS,j. arndt,Water Share Right Mutual Ditch Corporation,1,1,1,1,1,H,0,0
HB21-1047,2021_2022,2021-RS,c. kennedy,County Commissioner Districts Gerrymandering,1,1,1,1,1,H,0,0
HB21-1048,2021_2022,2021-RS,a. valdez,Retail Business Must Accept Cash,1,1,1,1,1,H,0,0
HB21-1049,2021_2022,2021-RS,t. van beber,Prohibit Discrimination Labor Union Participation,1,1,0,0,0,H,0,0
HB21-1050,2021_2022,2021-RS,m. gray,Workers' Compensation,1,1,1,1,1,H,0,0
HB21-1051,2021_2022,2021-RS,t. geitner,Public Information Applicants For Public Employment,1,1,1,1,1,H,0,1
HB21-1052,2021_2022,2021-RS,h. mckean,Define Pumped Hydroelectricity As Renewable Energy,1,1,1,1,1,H,0,0
HB21-1053,2021_2022,2021-RS,d. williams,Election Recount Requests,1,1,0,0,0,H,0,0
HB21-1054,2021_2022,2021-RS,d. jackson,Housing Public Benefit Verification Requirement,1,1,1,1,1,H,0,0
HB21-1055,2021_2022,2021-RS,s. woodrow,Compensation For School District Board Members,1,1,1,1,1,H,0,0
HB21-1056,2021_2022,2021-RS,r. pelton,Cost Thresholds For Public Project Bidding Requirements,1,1,1,1,1,H,0,0
HB21-1057,2021_2022,2021-RS,d. roberts,Extortion Of Immigrants Engaging In Lawful Acts,1,1,1,1,1,H,0,0
HB21-1058,2021_2022,2021-RS,m. gray,Promoting Social Distancing In Marijuana Industry,1,1,0,0,0,H,0,0
HB21-1059,2021_2022,2021-RS,t. geitner,Online Student Protections,1,1,1,1,1,H,0,0
HB21-1060,2021_2022,2021-RS,s. gonzales-gutierrez,U Visa Certification Requirements,1,1,1,1,1,H,0,0
HB21-1061,2021_2022,2021-RS,m. gray,Residential Land Property Tax Classification,1,1,1,1,1,H,0,0
HB21-1062,2021_2022,2021-RS,d. valdez,Deregulation Direct Sale Of Animal Shares,1,1,0,0,0,H,0,0
HB21-1063,2021_2022,2021-RS,s. lontine,Model Law Credit Extraterritorial Reinsurance,1,1,1,1,1,H,0,0
HB21-1064,2021_2022,2021-RS,a. benavidez,Update Processes Juvenile Sex Offender Registry,1,1,1,1,1,H,0,0
HB21-1065,2021_2022,2021-RS,d. ortiz,Veterans' Hiring Preference,1,1,1,1,1,H,0,0
HB21-1066,2021_2022,2021-RS,r. bockenfeld,CDOT Colorado Department of Transportation Financial Reporting Requirements,1,1,1,1,1,H,0,0
HB21-1067,2021_2022,2021-RS,c. kipp,College Admission Use Of National Test Score,1,1,1,1,1,H,0,0
HB21-1068,2021_2022,2021-RS,d. michaelson jenet,Insurance Coverage Mental Health Wellness Exam,1,1,1,1,1,H,0,0
HB21-1069,2021_2022,2021-RS,t. carver,Enforcement Of Sexual Exploitation Of A Child,1,1,1,1,1,H,0,0
HB21-1070,2021_2022,2021-RS,r. hanks,Repeal Ammunition Magazine Prohibition,1,1,0,0,0,H,0,0
HB21-1071,2021_2022,2021-RS,c. kennedy,Ranked Choice Voting In Nonpartisan Elections,1,1,1,1,1,H,1,0
HB21-1072,2021_2022,2021-RS,m. froelich,Equal Access Services For Out-of-home Placements,1,1,1,1,1,H,0,0
HB21-1073,2021_2022,2021-RS,t. van beber,Support Foster Families License Plate,1,1,1,1,1,H,0,0
HB21-1074,2021_2022,2021-RS,m. bradfield,Immunity For Entities During COVID-19,1,1,0,0,0,H,0,0
HB21-1075,2021_2022,2021-RS,s. lontine,Replace The Term Illegal Alien,1,1,1,1,1,H,0,0
HB21-1076,2021_2022,2021-RS,j. mccluskie,Carpooling Service Internet Application Register Colorado Department Of Transportation,1,1,1,1,1,H,0,0
HB21-1077,2021_2022,2021-RS,a. benavidez,Legislative Oversight Committee Concerning Tax Policy,1,1,1,1,1,H,0,0
HB21-1078,2021_2022,2021-RS,s. sandridge,Release On Bail Violation Of A Protection Order,1,1,0,0,0,H,0,0
HB21-1079,2021_2022,2021-RS,s. sandridge,Modify Property Tax Exemption For Veterans With Disabilities,1,1,0,0,0,H,0,0
HB21-1080,2021_2022,2021-RS,m. baisley,Nonpublic Education And COVID-19 Relief Act,1,1,0,0,0,H,0,0
HB21-1081,2021_2022,2021-RS,a. pico,Disaster Emergency Duration Limits,1,1,0,0,0,H,0,0
HB21-1082,2021_2022,2021-RS,h. mckean,Gun Transfer Background Check Permit Exemption,1,1,0,0,0,H,0,0
HB21-1083,2021_2022,2021-RS,a. benavidez,State Board Assessment Appeals Valuation Adjustment,1,1,1,1,1,H,0,0
HB21-1084,2021_2022,2021-RS,t. exum,Drivers' Licenses For Foster Children,1,1,1,1,1,H,0,0
HB21-1085,2021_2022,2021-RS,j. mccluskie,Secure Transportation Behavioral Health Crisis,1,1,1,1,1,H,0,0
HB21-1086,2021_2022,2021-RS,s. luck,Voter Proof Of Citizenship Requirement,1,1,0,0,0,H,0,0
HB21-1087,2021_2022,2021-RS,l. daugherty,Teaching And Learning Conditions Survey,1,1,1,1,1,H,0,0
HB21-1088,2021_2022,2021-RS,a. pico,Annual Audit Statewide Voter Registration System,1,1,0,0,0,H,0,0
HB21-1089,2021_2022,2021-RS,m. soper,Assumption Of Risk Liability At Wakeboard Parks,1,1,0,0,0,H,0,0
HB21-1090,2021_2022,2021-RS,a. valdez,Criminal Marijuana Offenses,1,1,1,1,1,H,1,0
HB21-1091,2021_2022,2021-RS,l. daugherty,Sentencing Juveniles Transferred To Adult Court,1,1,1,1,1,H,0,0
HB21-1092,2021_2022,2021-RS,d. williams,Candidate Lieutenant Governor Eligible For Other Office,1,1,1,1,0,H,0,0
HB21-1093,2021_2022,2021-RS,s. woodrow,Remedies In Class Actions Consumer Protection Act,1,1,0,0,0,H,0,0
HB21-1094,2021_2022,2021-RS,l. daugherty,Foster Youth In Transition Program,1,1,1,1,1,H,0,0
HB21-1095,2021_2022,2021-RS,m. baisley,811 Locate Exemption For County Road Maintenance,1,1,1,1,1,H,0,0
HB21-1096,2021_2022,2021-RS,t. van beber,Foster Parents' Bill Of Rights,1,1,0,0,0,H,0,0
HB21-1097,2021_2022,2021-RS,m. young,Establish Behavioral Health Administration,1,1,1,1,1,H,1,0
HB21-1098,2021_2022,2021-RS,d. woog,Civil Liability For Extreme Risk Protection Orders,1,1,0,0,0,H,0,0
HB21-1099,2021_2022,2021-RS,k. ransom,Policies And Procedures To Identify Domestic Abuse,1,1,1,1,1,H,0,0
HB21-1100,2021_2022,2021-RS,m. soper,Electronic Filing Of Documents With Governmental Entities,1,1,1,1,1,H,0,0
HB21-1101,2021_2022,2021-RS,k. ransom,Preserving Family Relationships In Child Placement,1,1,1,1,1,H,0,0
HB21-1102,2021_2022,2021-RS,m. duran,Consumer Protection For Dog And Cat Purchasers,1,1,1,1,1,H,0,0
HB21-1103,2021_2022,2021-RS,l. cutter,Media Literacy Implementation,1,1,1,1,1,H,0,0
HB21-1104,2021_2022,2021-RS,c. larson,Professional Educator Licensure Renewal Period,1,1,1,1,1,H,0,0
HB21-1105,2021_2022,2021-RS,c. kennedy,Low-income Utility Payment Assistance Contributions,1,1,1,1,1,H,0,0
HB21-1106,2021_2022,2021-RS,m. duran,Safe Storage Of Firearms,1,1,1,1,1,H,1,0
HB21-1107,2021_2022,2021-RS,y. caraveo,Protections For Public Health Department Workers,1,1,1,1,1,H,0,0
HB21-1108,2021_2022,2021-RS,d. esgar,Gender Identity Expression Anti-discrimination,1,1,1,1,1,H,0,0
HB21-1109,2021_2022,2021-RS,b. titone,Broadband Board Changes To Expand Broadband Service,1,1,1,1,1,H,1,0
HB21-1110,2021_2022,2021-RS,d. ortiz,Colorado Laws For Persons With Disabilities,1,1,1,1,1,H,0,0
HB21-1111,2021_2022,2021-RS,h. mckean,Consent Collection Personal Information,1,1,1,1,1,H,0,0
HB21-1112,2021_2022,2021-RS,m. snyder,School District Scholarship Programs,1,1,1,1,1,H,0,0
HB21-1113,2021_2022,2021-RS,m. bradfield,Income Tax Deduction For Mil Retirement Benefits,1,1,0,0,0,H,0,0
HB21-1114,2021_2022,2021-RS,k. mccormick,School District Provision Of Internet Service,1,1,1,1,1,H,1,0
HB21-1115,2021_2022,2021-RS,c. kipp,Board Of Health Member Requirements,1,1,1,1,1,H,0,0
HB21-1116,2021_2022,2021-RS,r. holtorf,Purple Heart Recipient Free State Park Access,1,1,1,1,1,H,0,1
HB21-1117,2021_2022,2021-RS,s. lontine,Local Government Authority Promote Affordable Housing Units,1,1,1,1,1,H,0,0
HB21-1118,2021_2022,2021-RS,d. valdez,Backcountry Search And Rescue In Colorado,1,1,0,0,0,H,0,0
HB21-1119,2021_2022,2021-RS,j. rich,"Suicide Prevention, Intervention, & Postvention",1,1,1,1,1,H,0,0
HB21-1120,2021_2022,2021-RS,y. caraveo,License Private Security Guards,1,1,0,0,0,H,0,0
HB21-1121,2021_2022,2021-RS,d. jackson,Residential Tenancy Procedures,1,1,1,1,1,H,0,0
HB21-1122,2021_2022,2021-RS,m. froelich,First Responder Interactions Persons With Disabilities,1,1,1,1,1,H,0,0
HB21-1123,2021_2022,2021-RS,d. michaelson jenet,CAPS Checks For Substantiated Mistreatment Of Adult,1,1,1,1,1,H,0,0
HB21-1124,2021_2022,2021-RS,s. bird,Expand Ability Conduct Business Electronically,1,1,1,1,1,H,0,0
HB21-1125,2021_2022,2021-RS,e. sirota,Suspend State Assessments In 2020-21 School Year,1,1,0,0,0,H,0,0
HB21-1126,2021_2022,2021-RS,e. hooton,State Architect Authority Execute Certain Leases,1,1,1,1,1,H,0,0
HB21-1127,2021_2022,2021-RS,a. pico,County General Fund Money For Roads And Bridges,1,1,0,0,0,H,0,0
HB21-1128,2021_2022,2021-RS,d. michaelson jenet,Hospice And Palliative Care License Plate,1,1,1,1,1,H,0,0
HB21-1129,2021_2022,2021-RS,b. mclachlan,Extend Deadline For Training To Teach Reading,1,1,1,1,1,H,0,0
HB21-1130,2021_2022,2021-RS,d. michaelson jenet,Expand Transition Specialist Program,1,1,1,1,1,H,0,0
HB21-1131,2021_2022,2021-RS,j. amabile,Cooperative Electric Associations Governance Requirements,1,1,1,1,1,H,0,0
HB21-1132,2021_2022,2021-RS,j. amabile,Local Government Limited Gaming Impact Fund,1,1,1,1,1,H,0,0
HB21-1133,2021_2022,2021-RS,k. mullica,K-12 Seizure Training & Individual Action Plans,1,1,1,1,1,H,0,0
HB21-1134,2021_2022,2021-RS,n. ricks,Report Tenant Rent Payment Information To Credit Agencies,1,1,1,1,1,H,0,0
HB21-1135,2021_2022,2021-RS,s. lontine,Health-care Cost-sharing Consumer Protections,1,1,0,0,0,H,0,0
HB21-1136,2021_2022,2021-RS,k. tipper,Judicial Division Retirees Temporary Judicial Duties Compensation,1,1,1,1,1,H,0,0
HB21-1137,2021_2022,2021-RS,m. weissman,Limit Notification General Assembly Regarding Adoption Of Rules,1,1,1,1,1,H,0,0
HB21-1138,2021_2022,2021-RS,b. mclachlan,Restrict Off-highway Vehicles On Public Roads,1,1,1,1,1,H,0,0
HB21-1139,2021_2022,2021-RS,j. mccluskie,Driver's License Electronic Renewal By Seniors,1,1,1,1,1,H,0,0
HB21-1140,2021_2022,2021-RS,b. titone,Eliminate Donor Costs For Living Organ Donations,1,1,1,1,1,H,0,0
HB21-1141,2021_2022,2021-RS,e. hooton,Electric Vehicle License Plate,1,1,1,1,1,H,0,0
HB21-1142,2021_2022,2021-RS,j. bacon,Eyewitness Identification Showup Regulations,1,1,1,1,1,H,0,0
HB21-1143,2021_2022,2021-RS,m. froelich,Protect Survivors' Rights To Rape Kit Evidence,1,1,1,1,1,H,0,0
HB21-1144,2021_2022,2021-RS,k. mccormick,Bingo-Raffle Licenses And New Equipment,1,1,0,0,0,H,0,0
HB21-1145,2021_2022,2021-RS,c. kipp,Support Pollinator Special License Plate,1,1,1,1,1,H,0,0
HB21-1146,2021_2022,2021-RS,a. pico,Auricular Acudetox Professional Practice,1,1,1,1,1,H,0,0
HB21-1147,2021_2022,2021-RS,d. valdez,Simplify Architects Continuing Education Requirement,1,1,1,1,1,H,0,0
HB21-1148,2021_2022,2021-RS,r. bockenfeld,Colorado State Fair Annual Report Submission Date Change,1,1,1,1,1,H,0,0
HB21-1149,2021_2022,2021-RS,d. jackson,Energy Sector Career Pathway In Higher Education,1,1,1,1,1,H,0,0
HB21-1150,2021_2022,2021-RS,i. jodeh,Create The Colorado Office Of New Americans,1,1,1,1,1,H,0,0
HB21-1151,2021_2022,2021-RS,b. mclachlan,Indian Tribes To Certify Own Foster Homes,1,1,1,1,1,H,0,0
HB21-1152,2021_2022,2021-RS,d. valdez,Repeal Obsolete Capitol Dome Restoration Fund,1,1,1,1,1,H,0,0
HB21-1153,2021_2022,2021-RS,j. arndt,Enter Zone Child Care Income Tax Credit,1,1,1,1,1,H,0,0
HB21-1154,2021_2022,2021-RS,m. lynch,Modification To Child Care Tax Credit To Address Defects,1,1,1,1,1,H,0,0
HB21-1155,2021_2022,2021-RS,j. arndt,Sales Tax Statute Modifications To Address Defects,1,1,1,1,1,H,0,0
HB21-1156,2021_2022,2021-RS,m. lynch,Fix Defects Related To Severance Withholdings,1,1,1,1,1,H,0,0
HB21-1157,2021_2022,2021-RS,j. arndt,Accurate References For Department of Revenue Tax Administration,1,1,1,1,1,H,0,0
HB21-1158,2021_2022,2021-RS,m. lynch,Special Fuel Farm Equipment Sales Use Tax,1,1,1,1,1,H,0,0
HB21-1159,2021_2022,2021-RS,m. snyder,Limitations On Regulated Marijuana Delivery,1,1,0,0,0,H,0,0
HB21-1160,2021_2022,2021-RS,m. duran,Care Of Dogs And Cats In Pet Animal Facilities,1,1,1,1,1,H,0,0
HB21-1161,2021_2022,2021-RS,e. sirota,Suspend Statewide Assessments For Select Grades,1,1,1,1,1,H,0,0
HB21-1162,2021_2022,2021-RS,a. valdez,Management Of Plastic Products,1,1,1,1,1,H,0,0
HB21-1163,2021_2022,2021-RS,p. neville,Allow Retailers To Absorb Sales Or Use Tax,1,1,0,0,0,H,0,0
HB21-1164,2021_2022,2021-RS,d. esgar,Total Program Mill Levy Tax Credit,1,1,1,1,1,H,1,0
HB21-1165,2021_2022,2021-RS,t. carver,Assistance For Victims Of Strangulation,1,1,1,1,1,H,0,0
HB21-1166,2021_2022,2021-RS,m. young,Behavioral Health Crisis Response Training,1,1,1,1,1,H,0,0
HB21-1167,2021_2022,2021-RS,m. duran,Private Construction Contract Payments,1,1,1,1,1,H,0,0
HB21-1168,2021_2022,2021-RS,j. bacon,Historically Underutilized Businesses Local Government Procurement,1,1,1,1,1,H,0,0
HB21-1169,2021_2022,2021-RS,t. van beber,Prohibit Discrimination Organ Transplant Recipient,1,1,1,1,1,H,0,0
HB21-1170,2021_2022,2021-RS,t. geitner,Advisement Committee On Elections And Information Technology,1,1,0,0,0,H,0,0
HB21-1171,2021_2022,2021-RS,m. bradfield,Kidney Disease Task Force,1,1,1,1,1,H,0,0
HB21-1172,2021_2022,2021-RS,t. geitner,Hospital Patient Long-term Care Resident Visit Rights,1,1,0,0,0,H,0,0
HB21-1173,2021_2022,2021-RS,k. mullica,Prohibiting Legacy Preferences In Higher Ed Insts,1,1,1,1,1,H,0,0
HB21-1174,2021_2022,2021-RS,e. hooton,Transfer Senate Bill 20-219 Certificates Of Participation Issuance Premium To Capital Construction Fund,1,1,1,1,1,H,0,0
HB21-1175,2021_2022,2021-RS,d. williams,Donation To Nonprofit For Traffic Violations,1,1,0,0,0,H,0,0
HB21-1176,2021_2022,2021-RS,r. holtorf,Election Integrity And Voter Accuracy,1,1,0,0,0,H,0,0
HB21-1177,2021_2022,2021-RS,d. valdez,Add Use Tax Exemption To Some Sales Tax Exemption,1,1,1,1,1,H,0,0
HB21-1178,2021_2022,2021-RS,a. pico,Correcting Errors in the Colorado Marijuana Code,1,1,1,1,1,H,0,0
HB21-1179,2021_2022,2021-RS,m. duran,Canadian Domestic Violence Protection Orders,1,1,1,0,0,H,0,0
HB21-1180,2021_2022,2021-RS,d. valdez,Measures To Increase Biomass Utilization,1,1,1,1,1,H,0,0
HB21-1181,2021_2022,2021-RS,k. mccormick,Agricultural Soil Health Program,1,1,1,1,1,H,0,0
HB21-1182,2021_2022,2021-RS,m. lynch,Missing Child Emergency Electronic Location Info,1,1,0,0,0,H,0,0
HB21-1183,2021_2022,2021-RS,s. luck,Induced Termination Of Pregnancy State Registrar,1,1,0,0,0,H,0,0
HB21-1184,2021_2022,2021-RS,s. lontine,Physician Assistant Collaboration And Reimbursement,1,1,0,0,0,H,0,0
HB21-1185,2021_2022,2021-RS,p. neville,Repeal Government Firearms Regulations And Training Class Regulation,1,1,0,0,0,H,0,0
HB21-1186,2021_2022,2021-RS,m. gray,Regional Transportation District Operation,1,1,1,1,1,H,0,0
HB21-1187,2021_2022,2021-RS,m. young,Long-term Services And Support Case Management Redesign,1,1,1,1,1,H,0,0
HB21-1188,2021_2022,2021-RS,c. kennedy,Additional Liability Under Respondeat Superior,1,1,1,1,1,H,0,0
HB21-1189,2021_2022,2021-RS,a. benavidez,Regulate Air Toxics,1,1,1,1,1,H,0,0
HB21-1190,2021_2022,2021-RS,j. rich,Defining Telemedicine For Medical Practitioners,1,1,1,1,1,H,0,0
HB21-1191,2021_2022,2021-RS,k. ransom,Prohibit Discrimination COVID-19 Vaccine Status,1,1,0,0,0,H,0,0
HB21-1192,2021_2022,2021-RS,j. arndt,529 Plan Education Loan Payment Eligible Distribution,1,1,0,0,0,H,0,0
HB21-1193,2021_2022,2021-RS,m. gray,Consumer Protection Supplemental Restraint Systems,1,1,1,1,1,H,0,0
HB21-1194,2021_2022,2021-RS,k. tipper,Immigration Legal Defense Fund,1,1,1,1,1,H,0,0
HB21-1195,2021_2022,2021-RS,k. van winkle,Regulation Of Radon Professionals,1,1,1,1,1,H,0,0
HB21-1196,2021_2022,2021-RS,a. pico,Update Senate Bill 19-263 Effective Date Clause,1,1,1,1,0,H,0,0
HB21-1197,2021_2022,2021-RS,d. woog,Income Tax Credit For Income Taxes Paid,1,1,0,0,0,H,0,0
HB21-1198,2021_2022,2021-RS,i. jodeh,Health-care Billing Requirements For Indigent Patients,1,1,1,1,1,H,0,0
HB21-1199,2021_2022,2021-RS,b. titone,Consumer Digital Repair Bill Of Rights,1,1,0,0,0,H,0,0
HB21-1200,2021_2022,2021-RS,c. kipp,Revise Student Financial Literacy Standards,1,1,1,1,1,H,0,0
HB21-1201,2021_2022,2021-RS,s. gonzales-gutierrez,Transparency Telecommunications Correctional Facilities,1,1,1,1,1,H,0,0
HB21-1202,2021_2022,2021-RS,s. luck,Off-label Use Of Approved Drugs To Treat COVID-19,1,1,0,0,0,H,0,0
HB21-1203,2021_2022,2021-RS,d. ortiz,Detention Facilities Identification Processing Unit,1,1,0,0,0,H,0,0
HB21-1204,2021_2022,2021-RS,m. snyder,Unemployment Insurance Marijuana-licensed Business,1,1,1,1,1,H,0,0
HB21-1205,2021_2022,2021-RS,a. pico,Electric Vehicle Road Usage Equalization Fee,1,1,0,0,0,H,0,0
HB21-1206,2021_2022,2021-RS,c. larson,Medicaid Transportation Services,1,1,1,1,1,H,0,0
HB21-1207,2021_2022,2021-RS,l. daugherty,Overpayment Of Workers' Compensation Benefits,1,1,1,1,1,H,0,0
HB21-1208,2021_2022,2021-RS,l. cutter,Natural Disaster Mitigation Enterprise,1,1,1,1,1,H,0,0
HB21-1209,2021_2022,2021-RS,s. gonzales-gutierrez,Parole Eligibility For Youthful Offenders,1,1,1,1,1,H,0,0
HB21-1210,2021_2022,2021-RS,c. larson,Modifications To Qualified State Tuition Programs,1,1,0,0,0,H,0,0
HB21-1211,2021_2022,2021-RS,j. amabile,Regulation Of Restrictive Housing In Jails,1,1,1,1,1,H,0,0
HB21-1212,2021_2022,2021-RS,m. soper,Diversity Of Governor's Appointments To Boards,1,1,1,1,1,H,0,0
HB21-1213,2021_2022,2021-RS,m. soper,Conversion Of Pinnacol Assurance,1,1,0,0,0,H,0,0
HB21-1214,2021_2022,2021-RS,m. weissman,Record Sealing Collateral Consequences Reduction,1,1,1,1,1,H,0,0
HB21-1215,2021_2022,2021-RS,r. holtorf,Expansion Of Justice Crime Prevention Initiative,1,1,1,1,1,H,0,0
HB21-1216,2021_2022,2021-RS,a. valdez,Marijuana Licensees Ability To Change Designation,1,1,1,1,1,H,0,0
HB21-1217,2021_2022,2021-RS,r. bockenfeld,Military Family Open Enrollment In Public Schools,1,1,1,1,1,H,0,0
HB21-1218,2021_2022,2021-RS,m. duran,Professional Fire Fighters License Plate Standards,1,1,1,1,1,H,0,0
HB21-1219,2021_2022,2021-RS,d. esgar,Nurses Special License Plate,1,1,1,1,1,H,0,0
HB21-1220,2021_2022,2021-RS,m. froelich,Colorado Child Support Commission Recommendations,1,1,1,1,1,H,0,0
HB21-1221,2021_2022,2021-RS,l. cutter,Bullying Prevention And Education In Schools,1,1,1,1,1,H,0,0
HB21-1222,2021_2022,2021-RS,a. valdez,Regulation Of Family Child Care Homes,1,1,1,1,1,H,0,0
HB21-1223,2021_2022,2021-RS,b. mclachlan,Create Outdoor Recreation Industry Office,1,1,1,1,1,H,0,0
HB21-1224,2021_2022,2021-RS,s. bird,Modification To Statutes Governing Foreclosure Of Real Property,1,1,1,1,1,H,0,0
HB21-1225,2021_2022,2021-RS,s. bird,Electronic Recording Technology Board,1,1,1,1,1,H,0,0
HB21-1226,2021_2022,2021-RS,d. esgar,More Robust Check Station Aquatic Nuisance Species,1,1,1,1,1,H,0,0
HB21-1227,2021_2022,2021-RS,s. lontine,Medicaid Nursing Facilities Demonstration Of Need,1,1,1,1,1,H,0,0
HB21-1228,2021_2022,2021-RS,m. froelich,Domestic Violence Training Court Personnel,1,1,1,1,1,H,0,0
HB21-1229,2021_2022,2021-RS,b. titone,Home Owners' Associations Governance Funding Record Keeping,1,1,1,1,1,H,0,0
HB21-1230,2021_2022,2021-RS,m. baisley,Create User-friendly State Internet Rules Portal,1,1,1,1,1,H,0,0
HB21-1231,2021_2022,2021-RS,d. ortiz,United States Space Force,1,1,1,1,1,H,0,0
HB21-1232,2021_2022,2021-RS,d. roberts,Standardized Health Benefit Plan Colorado Option,1,1,1,1,1,H,0,0
HB21-1233,2021_2022,2021-RS,d. roberts,Conservation Easement Tax Credit Modifications,1,1,1,1,1,H,0,0
HB21-1234,2021_2022,2021-RS,k. tipper,Supplemental Education High-impact Tutoring Programs,1,1,1,1,1,H,0,0
HB21-1235,2021_2022,2021-RS,s. bird,Regulation Of Fireworks,1,1,1,1,1,H,0,0
HB21-1236,2021_2022,2021-RS,b. titone,State Information Technology,1,1,1,1,1,H,0,0
HB21-1237,2021_2022,2021-RS,s. lontine,Competitive Pharmacy Benefits Manager Marketplace,1,1,1,1,1,H,0,0
HB21-1238,2021_2022,2021-RS,t. bernett,Public Utilities Commission Modernize Gas Utility Demand-side Management Standards,1,1,1,1,1,H,0,0
HB21-1239,2021_2022,2021-RS,c. kipp,Protections In Consumer Sales Transactions,1,1,1,1,1,H,0,0
HB21-1240,2021_2022,2021-RS,m. baisley,Disclaimers In Communications Independent Expenditures,1,1,0,0,0,H,0,0
HB21-1241,2021_2022,2021-RS,l. daugherty,Employee-owned Business Loan Program Modifications,1,1,1,1,1,H,0,0
HB21-1242,2021_2022,2021-RS,b. mclachlan,Create Agricultural Drought And Climate Resilience Office,1,1,1,1,1,H,0,0
HB21-1243,2021_2022,2021-RS,p. will,Wolf Reintroduction Funding With No License Fees,1,1,1,1,1,H,0,0
HB21-1244,2021_2022,2021-RS,a. valdez,Restrictions On Collection And Use Of Biometric Info,1,1,0,0,0,H,0,0
HB21-1245,2021_2022,2021-RS,t. sullivan,On-track Equipment Railroad Crossings,1,1,1,1,1,H,0,0
HB21-1246,2021_2022,2021-RS,e. sirota,PERA Public Employees' Retirement Association Divestment From Fossil Fuel Companies,1,1,0,0,0,H,0,0
HB21-1247,2021_2022,2021-RS,d. jackson,Colorado Department Of Public Health And Environment Contract Pay To Grantees Up Front,1,1,1,1,1,H,0,0
HB21-1248,2021_2022,2021-RS,j. amabile,Colorado Children's Trust Fund Act,1,1,1,1,1,H,0,0
HB21-1249,2021_2022,2021-RS,d. roberts,Repeal Gaming City Audit Requirement,1,1,1,1,1,H,0,0
HB21-1250,2021_2022,2021-RS,l. herod,Measures to Address Law Enforcement Accountability,1,1,1,1,1,H,0,0
HB21-1251,2021_2022,2021-RS,y. caraveo,Appropriate Use Of Chemical Restraints On A Person,1,1,1,1,1,H,0,0
HB21-1252,2021_2022,2021-RS,k. ransom,Parker Election Inclusion Or Exclusion From RTD Regional Transportation District,1,1,0,0,0,H,0,0
HB21-1253,2021_2022,2021-RS,m. froelich,Renewable And Clean Energy Project Grants,1,1,1,1,1,H,0,0
HB21-1254,2021_2022,2021-RS,a. valdez,Title And Registration Motor Vehicle Regulation,1,1,1,1,0,H,0,0
HB21-1255,2021_2022,2021-RS,m. duran,Protection Order Issued Against Domestic Abuser,1,1,1,1,1,H,0,0
HB21-1256,2021_2022,2021-RS,s. lontine,Delivering Health-care Services Through Telemedicine,1,1,1,1,1,H,0,0
HB21-1257,2021_2022,2021-RS,a. garnett,Recognition Of Veterans In Capitol Complex Parks,1,1,1,1,1,H,0,0
HB21-1258,2021_2022,2021-RS,d. michaelson jenet,Rapid Mental Health Response For Colorado Youth,1,1,1,1,1,H,0,0
HB21-1259,2021_2022,2021-RS,j. bacon,Extended Learning Opportunities,1,1,1,1,1,H,0,0
HB21-1260,2021_2022,2021-RS,a. garnett,General Fund Transfer Implement State Water Plan,1,1,1,1,1,H,0,0
HB21-1261,2021_2022,2021-RS,m. catlin,Extend Beetle Kill Wood Products Sales Tax Exemption,1,1,1,1,1,H,0,0
HB21-1262,2021_2022,2021-RS,s. lontine,Money Support Agricultural Events Organization,1,1,1,1,1,H,0,0
HB21-1263,2021_2022,2021-RS,d. roberts,Meeting And Events Incentive Program,1,1,1,1,1,H,0,0
HB21-1264,2021_2022,2021-RS,t. sullivan,Funds Workforce Development Increase Worker Skills,1,1,1,1,1,H,0,0
HB21-1265,2021_2022,2021-RS,k. mullica,Qualified Retailer Retain Sales Tax For Assistance,1,1,1,1,1,H,0,0
HB21-1266,2021_2022,2021-RS,d. jackson,Environmental Justice Disproportionate Impacted Community,1,1,1,1,1,H,0,0
HB21-1267,2021_2022,2021-RS,s. lontine,County Authority To Delegate Mill Levy Certification,1,1,1,1,1,H,0,0
HB21-1268,2021_2022,2021-RS,b. titone,Study Emerging Technologies For Water Management,1,1,1,1,1,H,0,0
HB21-1269,2021_2022,2021-RS,e. hooton,Public Utilities Commission Study Of Community Choice Energy,1,1,1,1,1,H,0,0
HB21-1270,2021_2022,2021-RS,t. exum,Appropriation To Department Of Human Services For Supplemental Assistance Nutrition Program,1,1,1,1,1,H,0,0
HB21-1271,2021_2022,2021-RS,j. mccluskie,Department Of Local Affairs Innovative Affordable Housing Strategies,1,1,1,1,1,H,0,0
HB21-1272,2021_2022,2021-RS,l. cutter,Supporting The Child Protection Ombudsman,1,1,1,1,1,H,0,0
HB21-1273,2021_2022,2021-RS,l. cutter,Colorado Department Of Education Report Concerning School Psychologists,1,1,1,1,1,H,0,0
HB21-1274,2021_2022,2021-RS,b. titone,Unused State-owned Real Property Beneficial Use,1,1,1,1,1,H,0,0
HB21-1275,2021_2022,2021-RS,s. lontine,Medicaid Reimbursement For Services By Pharmacists,1,1,1,1,1,H,0,0
HB21-1276,2021_2022,2021-RS,c. kennedy,Prevention Of Substance Use Disorders,1,1,1,1,1,H,0,0
HB21-1277,2021_2022,2021-RS,d. valdez,Eligible Recipients For Final Disposition Expenses,1,1,1,1,1,H,0,0
HB21-1278,2021_2022,2021-RS,t. exum,Special District Meeting Requirements,1,1,1,1,1,H,0,0
HB21-1279,2021_2022,2021-RS,m. young,Occupational Therapy Interstate Compact,1,1,1,1,1,H,0,0
HB21-1280,2021_2022,2021-RS,s. woodrow,Pre-trial Detention Reform,1,1,1,1,1,H,0,0
HB21-1281,2021_2022,2021-RS,l. cutter,Community Behavioral Health Disaster Program,1,1,1,1,1,H,0,0
HB21-1282,2021_2022,2021-RS,m. weissman,Add Consumer Protections Regulation Mortgage Servicers,1,1,1,1,1,H,0,0
HB21-1283,2021_2022,2021-RS,n. ricks,Vehicle Towing Consumer Protection,1,1,1,1,1,H,0,0
HB21-1284,2021_2022,2021-RS,a. valdez,Limit Fee Install Active Solar Energy System,1,1,1,1,1,H,0,0
HB21-1285,2021_2022,2021-RS,a. benavidez,Funding To Support Creative Arts Industries,1,1,1,1,1,H,0,0
HB21-1286,2021_2022,2021-RS,c. kipp,Energy Performance For Buildings,1,1,1,1,1,H,0,0
HB21-1287,2021_2022,2021-RS,s. gonzales-gutierrez,Marriage Or Civil Union License Procedures,1,1,1,1,1,H,0,0
HB21-1288,2021_2022,2021-RS,j. bacon,Colorado Startup Loan Program,1,1,1,1,1,H,0,0
HB21-1289,2021_2022,2021-RS,c. kennedy,Funding For Broadband Deployment,1,1,1,1,1,H,1,0
HB21-1290,2021_2022,2021-RS,d. esgar,Additional Funding For Just Transition,1,1,1,1,1,H,0,0
HB21-1291,2021_2022,2021-RS,k. van winkle,Insurer Agent Branded Vehicle Title,1,1,1,1,1,H,0,0
HB21-1292,2021_2022,2021-RS,m. baisley,Report Revenues From Sports Betting Activity,1,1,1,1,1,H,0,0
HB21-1293,2021_2022,2021-RS,m. snyder,Banks Modify Threshold Credentialed Appraiser,1,1,1,1,1,H,0,0
HB21-1294,2021_2022,2021-RS,s. bird,K-12 Education Accountability Systems Performance Audit,1,1,1,1,1,H,0,0
HB21-1295,2021_2022,2021-RS,j. bacon,Rebuttable Presumption In Charter School Appeals,1,1,0,0,0,H,0,0
HB21-1296,2021_2022,2021-RS,s. bird,Limited Gaming Codify Executive Orders,1,1,1,1,1,H,0,0
HB21-1297,2021_2022,2021-RS,e. hooton,Pharmacy Benefit Manager And Insurer Requirements,1,1,1,1,1,H,0,0
HB21-1298,2021_2022,2021-RS,j. amabile,Expand Firearm Transfer Background Check Requirements,1,1,1,1,1,H,0,0
HB21-1299,2021_2022,2021-RS,t. sullivan,Office Of Gun Violence Prevention,1,1,1,1,1,H,0,0
HB21-1300,2021_2022,2021-RS,m. weissman,Health-care Provider Liens For Injured Persons,1,1,1,1,1,H,0,0
HB21-1301,2021_2022,2021-RS,d. esgar,Cannabis Outdoor Cultivation Measures,1,1,1,1,1,H,0,0
HB21-1302,2021_2022,2021-RS,l. herod,Continue COVID-19 Small Business Grant Program,1,1,1,1,1,H,0,0
HB21-1303,2021_2022,2021-RS,t. bernett,Global Warming Potential For Public Project Materials,1,1,1,1,1,H,0,0
HB21-1304,2021_2022,2021-RS,e. sirota,Early Childhood System,1,1,1,1,1,H,0,0
HB21-1305,2021_2022,2021-RS,d. michaelson jenet,Mental Health Practice Act,1,1,1,1,1,H,0,0
HB21-1306,2021_2022,2021-RS,a. garnett,Accreditation Of Postsecondary Institutions,1,1,1,1,1,H,0,0
HB21-1307,2021_2022,2021-RS,d. roberts,Prescription Insulin Pricing And Access,1,1,1,1,1,H,0,0
HB21-1308,2021_2022,2021-RS,m. gray,Property Tax Administrative Procedures,1,1,0,0,0,H,0,0
HB21-1309,2021_2022,2021-RS,d. roberts,Criminal Trial Continuances COVID-19 Pandemic,1,1,1,1,1,H,0,0
HB21-1310,2021_2022,2021-RS,l. cutter,Homeowners' Association Regulation Of Flags And Signs,1,1,1,1,1,H,0,0
HB21-1311,2021_2022,2021-RS,e. sirota,Income Tax,1,1,1,1,1,H,1,0
HB21-1312,2021_2022,2021-RS,m. weissman,Insurance Premium Property Sales Severance Tax,1,1,1,1,1,H,0,0
HB21-1313,2021_2022,2021-RS,a. benavidez,Child Protection Ombudsman and Immigrant Children,1,1,1,1,1,H,0,0
HB21-1314,2021_2022,2021-RS,l. herod,Department Of Revenue Action Against Certain Documents,1,1,1,1,1,H,0,0
HB21-1315,2021_2022,2021-RS,l. herod,Costs Assessed To Juveniles In The Criminal Justice System,1,1,1,1,1,H,0,0
HB21-1316,2021_2022,2021-RS,a. pico,Conform The Term Lease Purchase To Accounting Standards,1,1,1,1,1,H,0,0
HB21-1317,2021_2022,2021-RS,a. garnett,Regulating Marijuana Concentrates,1,1,1,1,1,H,0,0
HB21-1318,2021_2022,2021-RS,l. herod,Create Outdoor Equity Grant Program,1,1,1,1,1,H,0,0
HB21-1319,2021_2022,2021-RS,m. duran,Temporary Modifications To Prevailing Wage Requirements,1,1,1,1,1,H,0,0
HB21-1320,2021_2022,2021-RS,k. tipper,Sunset Sex Offender Management Board,1,1,1,1,1,H,0,0
HB21-1321,2021_2022,2021-RS,c. kennedy,Voter Transparency In Ballot Measures,1,1,1,1,1,H,0,0
HB21-1322,2021_2022,2021-RS,m. snyder,Gasoline And Special Fuel Tax Restructuring,1,1,1,1,1,H,0,0
HB21-1323,2021_2022,2021-RS,l. cutter,Special Olympics License Plate,1,1,1,1,1,H,0,0
HB21-1324,2021_2022,2021-RS,r. pelton,Promote Innovative And Clean Energy Technologies,1,1,1,1,1,H,0,0
HB21-1325,2021_2022,2021-RS,j. mccluskie,Funding Public Schools Formula,1,1,1,1,1,H,0,0
HB21-1326,2021_2022,2021-RS,b. mclachlan,2020-21 General Fund Transfer Support Department Of Natural Resources Programs,1,1,1,1,1,H,0,0
HB21-1327,2021_2022,2021-RS,d. ortiz,State And Local Tax Parity Act For Businesses,1,1,1,1,1,H,0,0
HB21-1328,2021_2022,2021-RS,l. herod,Effective Date Of Senate Bill 20-123,1,1,1,1,1,H,0,0
HB21-1329,2021_2022,2021-RS,s. gonzales-gutierrez,American Rescue Plan Act Money To Invest Affordable Housing,1,1,1,1,1,H,0,0
HB21-1330,2021_2022,2021-RS,j. mccluskie,Higher Education Student Success,1,1,1,1,1,H,0,0
SB21-0001,2021_2022,2021-RS,f. winter,Modify COVID-19 Relief Programs For Small Business,1,1,1,1,1,S,1,0
SB21-0002,2021_2022,2021-RS,f. winter,Extending Limitations On Debt Collection Actions,1,1,1,1,1,S,1,0
SB21-0003,2021_2022,2021-RS,r. fields,Recreate Occupational Therapy Practice Act,1,1,1,1,1,S,0,0
SB21-0004,2021_2022,2021-RS,l. garcia,Jurisdiction Over Pueblo Chemical Depot,1,1,1,1,1,S,0,0
SB21-0005,2021_2022,2021-RS,r. woodward,Business Exempt From Public Health Order To Close,1,1,0,0,0,S,0,0
SB21-0006,2021_2022,2021-RS,r. rodriguez,Human Remains Natural Reduction Soil,1,1,1,1,1,S,1,0
SB21-0007,2021_2022,2021-RS,p. lundeen,Improve Public Confidence Election Validity,1,1,0,0,0,S,0,0
SB21-0008,2021_2022,2021-RS,c. simpson,Remove Junior From Certain College Names,1,1,1,1,1,S,0,0
SB21-0009,2021_2022,2021-RS,s. jaquez lewis,Reproductive Health Care Program,1,1,1,1,1,S,0,0
SB21-0010,2021_2022,2021-RS,r. woodward,Colorado Ballot Signature Verification Act,1,1,0,0,0,S,0,0
SB21-0011,2021_2022,2021-RS,r. fields,Pharmacist Prescribe Dispense Opiate Antagonist,1,1,1,1,1,S,0,0
SB21-0012,2021_2022,2021-RS,k. donovan,Former Inmates With Fire Service Experience,1,1,1,1,1,S,0,0
SB21-0013,2021_2022,2021-RS,r. fields,Reversing COVID-related Learning Loss,1,1,1,1,1,S,0,0
SB21-0014,2021_2022,2021-RS,b. kirkmeyer,Allocation Formula Colorado Child Care Program,1,1,0,0,0,S,0,0
SB21-0015,2021_2022,2021-RS,j. cooke,Veterans Service Organization Stipend For Funeral Services,1,1,1,1,1,S,0,0
SB21-0016,2021_2022,2021-RS,b. pettersen,Protecting Preventive Health Care Coverage,1,1,1,1,1,S,0,0
SB21-0017,2021_2022,2021-RS,d. hisey,Sexual Contact By An Educator,1,1,1,1,1,S,0,0
SB21-0018,2021_2022,2021-RS,d. moreno,Continuation Of Necessary Document Program,1,1,1,1,1,S,0,0
SB21-0019,2021_2022,2021-RS,c. kolker,Authorize Notices Of Valuation On Postcard,1,1,1,1,1,S,0,0
SB21-0020,2021_2022,2021-RS,c. hansen,Energy Equipment And Facility Property Tax Valuation,1,1,1,1,1,S,0,0
SB21-0021,2021_2022,2021-RS,j. buckner,Audiology And Speech-language Interstate Compact,1,1,1,1,1,S,0,0
SB21-0022,2021_2022,2021-RS,j. bridges,Notification Requirements For Health Care Policy And Financing Audit,1,1,1,1,1,S,0,0
SB21-0023,2021_2022,2021-RS,b. kirkmeyer,Restrict Nondisclosure Agreements State Government,1,1,0,0,0,S,0,0
SB21-0024,2021_2022,2021-RS,s. jaquez lewis,Welcome Home Vietnam Veterans Day,1,1,1,1,1,S,0,1
SB21-0025,2021_2022,2021-RS,b. pettersen,Family Planning Service For Eligible Individuals,1,1,1,1,1,S,0,0
SB21-0026,2021_2022,2021-RS,d. moreno,Restoration Of Honor Act,1,1,1,1,1,S,0,0
SB21-0027,2021_2022,2021-RS,b. pettersen,Emergency Supplies For Colorado Babies And Families,1,1,1,1,1,S,0,0
SB21-0028,2021_2022,2021-RS,b. kirkmeyer,Promulgation Of Public Health Rules And Orders,1,1,0,0,0,S,0,0
SB21-0029,2021_2022,2021-RS,s. fenberg,Colorado American Indian Tribes In-stateTuition,1,1,1,1,1,S,1,0
SB21-0030,2021_2022,2021-RS,c. holbert,Criminal Theft Of Rental Property,1,1,1,1,1,S,0,0
SB21-0031,2021_2022,2021-RS,j. bridges,Limits On Governmental Responses To Protests,1,1,0,0,0,S,0,0
SB21-0032,2021_2022,2021-RS,k. donovan,Mobile Veterans-support Unit Grant Program,1,1,1,1,1,S,0,0
SB21-0033,2021_2022,2021-RS,j. sonnenberg,Conservation Easement Working Group Proposals,1,1,1,1,0,S,0,0
SB21-0034,2021_2022,2021-RS,d. coram,Water Resource Financing Enterprise,1,1,0,0,0,S,0,0
SB21-0035,2021_2022,2021-RS,r. rodriguez,Restrictions On Third-party Food Delivery Services,1,1,1,1,1,S,0,0
SB21-0036,2021_2022,2021-RS,b. gardner,Additional Requirements Issue Emergency Public Health Order,1,1,0,0,0,S,0,0
SB21-0037,2021_2022,2021-RS,p. lundeen,Student Equity Education Funding Programs,1,1,0,0,0,S,0,0
SB21-0038,2021_2022,2021-RS,r. zenzinger,Expansion of Complementary And Alternative Medicine,1,1,1,1,1,S,0,0
SB21-0039,2021_2022,2021-RS,r. zenzinger,Elimination Of Subminimum Wage Employment,1,1,1,1,1,S,0,0
SB21-0040,2021_2022,2021-RS,r. scott,Driver's History Profession Or Occupation Decision,1,1,1,1,1,S,0,0
SB21-0041,2021_2022,2021-RS,d. moreno,Department of Corrections Supplemental,1,1,1,1,1,S,0,0
SB21-0042,2021_2022,2021-RS,d. moreno,"Department of Governor, Lt Governor, & OSPB Supplemental",1,1,1,1,1,S,0,0
SB21-0043,2021_2022,2021-RS,d. moreno,Department of Health Care Policy & Financing Supplemental,1,1,1,1,1,S,0,0
SB21-0044,2021_2022,2021-RS,d. moreno,Department of Human Services Supplemental,1,1,1,1,1,S,0,0
SB21-0045,2021_2022,2021-RS,d. moreno,Judicial Department Supplemental,1,1,1,1,1,S,0,0
SB21-0046,2021_2022,2021-RS,d. moreno,Department of Law Supplemental,1,1,1,1,1,S,0,0
SB21-0047,2021_2022,2021-RS,d. moreno,Department of Natural Resources Supplemental,1,1,1,1,1,S,0,0
SB21-0048,2021_2022,2021-RS,d. moreno,Department of Personnel Supplemental,1,1,1,1,1,S,0,0
SB21-0049,2021_2022,2021-RS,d. moreno,Department of Public Safety Supplemental,1,1,1,1,1,S,0,0
SB21-0050,2021_2022,2021-RS,d. moreno,Department of State Supplemental,1,1,1,1,1,S,0,0
SB21-0051,2021_2022,2021-RS,d. moreno,Department of Treasury Supplemental,1,1,1,1,1,S,0,0
SB21-0052,2021_2022,2021-RS,d. moreno,Capital Construction Supplemental,1,1,1,1,1,S,0,0
SB21-0053,2021_2022,2021-RS,d. moreno,Adjustments To School Funding Fiscal Year 2020-21,1,1,1,1,1,S,0,0
SB21-0054,2021_2022,2021-RS,c. hansen,Transfers For Wildfire Mitigation And Response,1,1,1,1,1,S,0,0
SB21-0055,2021_2022,2021-RS,d. moreno,Collection Of State Debts,1,1,1,1,1,S,0,0
SB21-0056,2021_2022,2021-RS,c. holbert,Expand Cannabis-based Medicine At Schools,1,1,1,1,1,S,0,0
SB21-0057,2021_2022,2021-RS,f. winter,Private Lenders Of Student Loans Acts And Practices,1,1,1,1,1,S,0,0
SB21-0058,2021_2022,2021-RS,t. story,Approval Of Alternative Principal Programs,1,1,1,1,1,S,0,0
SB21-0059,2021_2022,2021-RS,p. lee,Juvenile Justice Code Reorganization,1,1,1,1,1,S,0,0
SB21-0060,2021_2022,2021-RS,k. donovan,Expand Broadband Service,1,1,1,1,1,S,1,0
SB21-0061,2021_2022,2021-RS,t. story,Claims For Economic Damages Incurred By Minors,1,1,1,0,0,S,0,0
SB21-0062,2021_2022,2021-RS,p. lee,Jail Population Management Tools,1,1,0,0,0,S,0,0
SB21-0063,2021_2022,2021-RS,j. sonnenberg,Multiple Employer Welfare Arrangements Offer Insurance,1,1,1,1,1,S,0,0
SB21-0064,2021_2022,2021-RS,l. garcia,Retaliation Against An Elected Official,1,1,1,1,1,S,0,0
SB21-0065,2021_2022,2021-RS,l. liston,Gasoline And Special Fuels Tax Info Disclosure,1,1,1,1,1,S,0,0
SB21-0066,2021_2022,2021-RS,p. lee,Juvenile Diversion Programs,1,1,1,1,1,S,0,0
SB21-0067,2021_2022,2021-RS,d. coram,Strengthening Civics Education,1,1,1,1,1,S,0,0
SB21-0068,2021_2022,2021-RS,b. gardner,Concerning the enactment of the Colorado Revised Statutes 2020 as the positive and statutory law of the state of Colorado.,1,1,1,1,1,S,0,0
SB21-0069,2021_2022,2021-RS,k. priola,License Plate Expiration On Change Of Ownership,1,1,1,1,1,S,0,0
SB21-0070,2021_2022,2021-RS,d. moreno,County Authority To Register Businesses,1,1,1,1,1,S,0,0
SB21-0071,2021_2022,2021-RS,j. buckner,Limit The Detention Of Juveniles,1,1,1,1,1,S,0,0
SB21-0072,2021_2022,2021-RS,c. hansen,Public Utilities Commission Modernize Electric Transmission Infrastructure,1,1,1,1,1,S,1,0
SB21-0073,2021_2022,2021-RS,j. danielson,Civil Action Statute Of Limitations Sexual Assault,1,1,1,1,1,S,0,0
SB21-0074,2021_2022,2021-RS,j. coleman,Expunge Nonviolent Convictions After Three Years,1,1,0,0,0,S,0,0
SB21-0075,2021_2022,2021-RS,b. gardner,Supported Decision-making Agreement,1,1,1,1,1,S,0,0
SB21-0076,2021_2022,2021-RS,r. scott,Fund Electronic Third-party Vehicle Transactions,1,1,1,1,1,S,0,0
SB21-0077,2021_2022,2021-RS,j. gonzales,Remove Lawful Presence Verification Credentialing,1,1,1,1,1,S,1,0
SB21-0078,2021_2022,2021-RS,s. jaquez lewis,Lost Or Stolen Firearms,1,1,1,1,1,S,1,0
SB21-0079,2021_2022,2021-RS,j. sonnenberg,Deregulate Meat Sales Direct To Consumers,1,1,1,1,1,S,0,0
SB21-0080,2021_2022,2021-RS,r. woodward,Protections For Entities During COVID-19,1,1,0,0,0,S,0,0
SB21-0081,2021_2022,2021-RS,c. kolker,Measures To Prevent The Misuse Of Safe2Tell,1,1,1,1,1,S,0,0
SB21-0082,2021_2022,2021-RS,k. priola,Alcohol Beverage Festival For Tastings And Sales,1,1,1,1,1,S,0,0
SB21-0083,2021_2022,2021-RS,c. hansen,Higher Education Student Financial Assistance Funding,1,1,1,1,1,S,0,0
SB21-0084,2021_2022,2021-RS,j. smallwood,Local Government Authority Roughed-in Roads,1,1,1,1,1,S,0,0
SB21-0085,2021_2022,2021-RS,j. ginal,Actuarial Review Health Insurance Mandate Legislation,1,1,0,0,0,S,0,0
SB21-0086,2021_2022,2021-RS,l. liston,Beer Delivery By Third-party Services,1,1,0,0,0,S,0,0
SB21-0087,2021_2022,2021-RS,j. danielson,Agricultural Workers' Rights,1,1,1,1,1,S,0,0
SB21-0088,2021_2022,2021-RS,j. danielson,Child Sexual Abuse Accountability Act,1,1,1,1,1,S,0,0
SB21-0089,2021_2022,2021-RS,j. buckner,Cancer Screening Services Through Colorado Department Of Public Health And Environment,1,1,0,0,0,S,0,0
SB21-0090,2021_2022,2021-RS,j. smallwood,Small Group Health Insurance Plan Renewal,1,1,1,1,1,S,0,0
SB21-0091,2021_2022,2021-RS,l. liston,Credit Transaction Charge Limitations,1,1,1,1,1,S,0,0
SB21-0092,2021_2022,2021-RS,c. kolker,Sunset Surgical Assistants And Surgical Technologists,1,1,1,1,1,S,0,0
SB21-0093,2021_2022,2021-RS,j. bridges,Sunset Continue Healthcare Infections Advisory Committee,1,1,1,1,1,S,0,0
SB21-0094,2021_2022,2021-RS,j. ginal,Sunset Continue State Board Of Pharmacy,1,1,1,1,1,S,0,0
SB21-0095,2021_2022,2021-RS,j. danielson,Sunset Employment First Advisory Partnership,1,1,1,1,1,S,0,0
SB21-0096,2021_2022,2021-RS,c. kolker,Sunset Workers' Compensation Classification Appeals Board,1,1,1,1,1,S,0,0
SB21-0097,2021_2022,2021-RS,l. garcia,Sunset Continue Medical Transparency Act,1,1,1,1,1,S,0,0
SB21-0098,2021_2022,2021-RS,s. jaquez lewis,Sunset Prescription Drug Monitoring Program,1,1,1,1,1,S,0,0
SB21-0099,2021_2022,2021-RS,j. danielson,Sunset License Plate Disability Support Act,1,1,1,1,1,S,0,0
SB21-0100,2021_2022,2021-RS,j. buckner,Sunset Continue Council Higher Education Representatives,1,1,1,1,1,S,0,0
SB21-0101,2021_2022,2021-RS,r. fields,Sunset Direct-entry Midwives,1,1,1,1,1,S,0,0
SB21-0102,2021_2022,2021-RS,j. buckner,Sunset Dental Hygienists Specialized Functions,1,1,1,1,1,S,0,0
SB21-0103,2021_2022,2021-RS,s. fenberg,Sunset Office Of Consumer Counsel,1,1,1,1,1,S,0,0
SB21-0104,2021_2022,2021-RS,r. zenzinger,Sunset Special Education Fiscal Advisory Committee,1,1,1,1,1,S,0,0
SB21-0105,2021_2022,2021-RS,d. coram,Implement And Finance Gray Wolf Reintroduction,1,1,0,0,0,S,0,0
SB21-0106,2021_2022,2021-RS,j. coleman,Concerning Successful High School Transitions,1,1,1,1,1,S,0,0
SB21-0107,2021_2022,2021-RS,j. danielson,Honoring Carrie Ann Lucas,1,1,1,1,1,S,0,1
SB21-0108,2021_2022,2021-RS,t. story,Public Utilities Commission Gas Utility Safety Inspection Authority,1,1,1,1,1,S,0,0
SB21-0109,2021_2022,2021-RS,c. hansen,Bond Payments For Auraria Higher Education Center,1,1,1,1,1,S,0,0
SB21-0110,2021_2022,2021-RS,r. zenzinger,Fund Safe Revitalization Of Main Streets,1,1,1,1,1,S,0,0
SB21-0111,2021_2022,2021-RS,d. moreno,Program To Support Marijuana Entrepreneurs,1,1,1,1,1,S,1,0
SB21-0112,2021_2022,2021-RS,l. garcia,General Fund Transfer To Capital Construction Fund State Parks,1,1,1,1,1,S,0,0
SB21-0113,2021_2022,2021-RS,s. fenberg,Firefighting Aircraft Wildfire Mgmt And Response,1,1,1,1,1,S,0,0
SB21-0114,2021_2022,2021-RS,b. kirkmeyer,Minimum Setback New Schools From Existing Oil And Gas,1,1,1,0,0,S,0,0
SB21-0115,2021_2022,2021-RS,r. zenzinger,Annual Funding For Talking Book Library Services,1,1,1,1,1,S,0,0
SB21-0116,2021_2022,2021-RS,j. danielson,Prohibit American Indian Mascots,1,1,1,1,1,S,0,0
SB21-0117,2021_2022,2021-RS,d. moreno,Foster Care Student Services Coordination,1,1,1,1,1,S,0,0
SB21-0118,2021_2022,2021-RS,j. ginal,Alternative Response Mistreatment At-risk Adults,1,1,1,1,1,S,0,0
SB21-0119,2021_2022,2021-RS,j. bridges,Increasing Access To High-Quality Credentials,1,1,1,1,1,S,0,0
SB21-0120,2021_2022,2021-RS,j. ginal,Open Caption Requirement For Movie Theaters,1,1,0,0,0,S,0,0
SB21-0121,2021_2022,2021-RS,c. hansen,Revised Uniform Unclaimed Property Act,1,1,1,1,1,S,0,0
SB21-0122,2021_2022,2021-RS,j. ginal,Opiate Antagonist Bulk Purchase And Standing Orders,1,1,1,1,1,S,0,0
SB21-0123,2021_2022,2021-RS,j. ginal,Expand Canadian Rx Import Program,1,1,1,1,1,S,1,0
SB21-0124,2021_2022,2021-RS,p. lee,Changes To Felony Murder,1,1,1,1,1,S,0,0
SB21-0125,2021_2022,2021-RS,j. cooke,Alternate Proposals Air Quality Control Rulemaking,1,1,0,0,0,S,0,0
SB21-0126,2021_2022,2021-RS,r. fields,Timely Credentialing Of Physicians By Insurers,1,1,1,1,1,S,0,0
SB21-0127,2021_2022,2021-RS,j. ginal,Department Of Regulatory Agencies Regulator Authority During Declared Emergency,1,1,0,0,0,S,0,0
SB21-0128,2021_2022,2021-RS,c. kolker,Modification To Administration Of The Nursing Home Penalty Cash Fund,1,1,1,1,1,S,0,0
SB21-0129,2021_2022,2021-RS,l. garcia,Veteran Suicide Prevention Pilot Program,1,1,1,1,1,S,0,0
SB21-0130,2021_2022,2021-RS,c. holbert,Local Authority for Business Personal Property Tax Exemption,1,1,1,1,1,S,0,0
SB21-0131,2021_2022,2021-RS,j. gonzales,Protect Personal Identifying Information Kept By State,1,1,1,1,1,S,0,0
SB21-0132,2021_2022,2021-RS,k. donovan,Digital Communications Regulation,1,1,1,1,0,S,0,0
SB21-0133,2021_2022,2021-RS,d. coram,Donated Alcohol Beverages For Special Events,1,1,1,1,1,S,0,0
SB21-0134,2021_2022,2021-RS,j. bridges,Retail Liquor Stores Additional Licenses,1,1,0,0,0,S,0,0
SB21-0135,2021_2022,2021-RS,j. ginal,Prohibit Certain Animals In Traveling Animal Act,1,1,1,1,1,S,1,0
SB21-0136,2021_2022,2021-RS,j. ginal,Sunset Forest Health Advisory Council,1,1,1,1,1,S,0,0
SB21-0137,2021_2022,2021-RS,b. pettersen,Behavioral Health Recovery Act,1,1,1,1,1,S,0,0
SB21-0138,2021_2022,2021-RS,j. coleman,Improve Brain Injury Support In Criminal Justice System,1,1,1,1,1,S,0,0
SB21-0139,2021_2022,2021-RS,r. fields,Coverage For Telehealth Dental Services,1,1,1,1,1,S,0,0
SB21-0140,2021_2022,2021-RS,j. sonnenberg,Child Abuse Reporting Information Concerning Child,1,1,0,0,0,S,0,0
SB21-0141,2021_2022,2021-RS,k. priola,Statewide Internet Portal Authority Competitive Solicitation Method,1,1,1,1,1,S,0,0
SB21-0142,2021_2022,2021-RS,b. pettersen,Health Care Access In Cases Of Rape Or Incest,1,1,1,1,1,S,0,0
SB21-0143,2021_2022,2021-RS,b. gardner,Uniform Collaborative Law Act,1,1,1,1,1,S,0,0
SB21-0144,2021_2022,2021-RS,l. garcia,Sunset Homeland Security And All-hazards Advisory Committee,1,1,1,1,1,S,0,0
SB21-0145,2021_2022,2021-RS,c. simpson,Extending Expiring Tax Check-offs,1,1,1,1,1,S,0,0
SB21-0146,2021_2022,2021-RS,p. lee,Improve Prison Release Outcomes,1,1,1,1,1,S,0,0
SB21-0147,2021_2022,2021-RS,r. fields,Sunset Continue Licensing Of Athletic Trainers,1,1,1,1,1,S,0,0
SB21-0148,2021_2022,2021-RS,j. gonzales,Creation Of Financial Empowerment Office,1,1,1,1,1,S,0,0
SB21-0149,2021_2022,2021-RS,b. gardner,Wind Energy Facilities Sited Near Military Operations,1,1,0,0,0,S,0,0
SB21-0150,2021_2022,2021-RS,r. woodward,Reserve Big Game Hunting Licenses For Residents,1,1,0,0,0,S,0,0
SB21-0151,2021_2022,2021-RS,j. buckner,Literacy Curriculum Transparency,1,1,1,1,1,S,0,0
SB21-0152,2021_2022,2021-RS,p. lee,Rule Review Bill,1,1,1,1,1,S,0,0
SB21-0153,2021_2022,2021-RS,j. coleman,Department of Corrections Offender Identification Assistance Program,1,1,1,1,1,S,0,0
SB21-0154,2021_2022,2021-RS,c. kolker,988 Suicide Prevention Lifeline Network,1,1,1,1,1,S,0,0
SB21-0155,2021_2022,2021-RS,d. hisey,Limited Gaming Commission Member From Gaming Area,1,1,1,1,1,S,0,0
SB21-0156,2021_2022,2021-RS,l. garcia,Nurse Intake Of 911 Calls Grant Program,1,1,1,1,1,S,0,0
SB21-0157,2021_2022,2021-RS,k. priola,Increase Cap Charter School Moral Obligation Bonds,1,1,1,1,1,S,0,0
SB21-0158,2021_2022,2021-RS,j. danielson,Increase Medical Providers For Senior Citizens,1,1,1,1,1,S,0,0
SB21-0159,2021_2022,2021-RS,j. sonnenberg,Prohibit Electronic Transfer Of Records,1,1,0,0,0,S,0,0
SB21-0160,2021_2022,2021-RS,b. gardner,ModificationTo Local Government Election Codes,1,1,1,1,1,S,0,0
SB21-0161,2021_2022,2021-RS,c. hansen,Voluntary Reduce Greenhouse Gas Natural Gas Utility,1,1,0,0,0,S,0,0
SB21-0162,2021_2022,2021-RS,b. gardner,Colorado Uniform Trust Code Part 5,1,1,1,1,1,S,0,0
SB21-0163,2021_2022,2021-RS,b. rankin,Cost-benefit Analysis For Rules Additional Requirements,1,1,0,0,0,S,0,0
SB21-0164,2021_2022,2021-RS,b. gardner,Uniform Easement Relocation Act,1,1,0,0,0,S,0,0
SB21-0165,2021_2022,2021-RS,r. scott,Colorado Department Of Transportation Project Procurement Methods,1,1,0,0,0,S,0,0
SB21-0166,2021_2022,2021-RS,b. rankin,Colorado Fire Commission Recommendations,1,1,1,1,1,S,0,0
SB21-0167,2021_2022,2021-RS,c. holbert,Regulation Of Child Care Centers,1,1,1,1,1,S,0,0
SB21-0168,2021_2022,2021-RS,r. woodward,Hunting Or Fishing License State Wildlife Area,1,1,0,0,0,S,0,0
SB21-0169,2021_2022,2021-RS,j. buckner,Restrict Insurers' Use Of External Consumer Data,1,1,1,1,1,S,0,0
SB21-0170,2021_2022,2021-RS,d. hisey,Wildland Fire Mitigation Cooperative Electric Association,1,1,0,0,0,S,0,0
SB21-0171,2021_2022,2021-RS,b. gardner,Uniform Fiduciary Income And Principal Act,1,1,1,1,1,S,0,0
SB21-0172,2021_2022,2021-RS,j. danielson,Educator Pay Raise Fund,1,1,1,1,1,S,0,0
SB21-0173,2021_2022,2021-RS,j. gonzales,Rights In Residential Lease Agreements,1,1,1,1,1,S,0,0
SB21-0174,2021_2022,2021-RS,j. cooke,Policies For Peace Officer Credibility Disclosures,1,1,1,1,1,S,0,0
SB21-0175,2021_2022,2021-RS,s. jaquez lewis,Prescription Drug Affordability Review Board,1,1,1,1,1,S,0,0
SB21-0176,2021_2022,2021-RS,f. winter,Protecting Opportunities And Workers' Rights Act,1,1,1,1,0,S,0,0
SB21-0177,2021_2022,2021-RS,j. bridges,Restrict Foreign-influenced Money In Politics,1,1,1,0,0,S,0,0
SB21-0178,2021_2022,2021-RS,d. moreno,Extend Care Subfund Deadline For COVID-19 Programs,1,1,1,1,1,S,0,0
SB21-0179,2021_2022,2021-RS,r. zenzinger,Colorado Opportunity Scholarship Initiative Advisory Board,1,1,1,1,1,S,0,0
SB21-0180,2021_2022,2021-RS,k. priola,Recycling And Composting Enterprise Grant Program,1,1,1,1,0,S,0,0
SB21-0181,2021_2022,2021-RS,r. fields,Equity Strategic Plan Address Health Disparities,1,1,1,1,1,S,0,0
SB21-0182,2021_2022,2021-RS,j. buckner,School Discipline,1,1,0,0,0,S,0,0
SB21-0183,2021_2022,2021-RS,p. lundeen,Law Enforcement Support And Accountability,1,1,0,0,0,S,0,0
SB21-0184,2021_2022,2021-RS,t. story,Ski Area Safety Plans And Accident Reporting,1,1,0,0,0,S,0,0
SB21-0185,2021_2022,2021-RS,r. zenzinger,Supporting Educator Workforce In Colorado,1,1,1,1,1,S,0,0
SB21-0186,2021_2022,2021-RS,k. donovan,Event Ticket Sales And Resales Regulation,1,1,0,0,0,S,0,0
SB21-0187,2021_2022,2021-RS,j. danielson,Dialysis Treatment Transportation Funding,1,1,0,0,0,S,0,0
SB21-0188,2021_2022,2021-RS,j. danielson,Ballot Access For Voters With Disabilities,1,1,1,1,1,S,1,0
SB21-0189,2021_2022,2021-RS,k. donovan,Colorado Water Conservation Board Construction Fund Project,1,1,1,1,1,S,0,0
SB21-0190,2021_2022,2021-RS,r. rodriguez,Protect Personal Data Privacy,1,1,1,1,1,S,1,0
SB21-0191,2021_2022,2021-RS,k. donovan,Residency Requirement Western Colorado University Board,1,1,1,1,1,S,0,0
SB21-0192,2021_2022,2021-RS,j. gonzales,Housing Mentors In Youthful Offender Facility,1,1,1,1,1,S,0,0
SB21-0193,2021_2022,2021-RS,j. buckner,Protection Of Pregnant People In Perinatal Period,1,1,1,1,1,S,0,0
SB21-0194,2021_2022,2021-RS,j. buckner,Maternal Health Providers,1,1,1,1,1,S,0,0
SB21-0195,2021_2022,2021-RS,t. story,Notarization Of Certain Probate Documents,1,1,1,1,1,S,0,0
SB21-0196,2021_2022,2021-RS,s. fenberg,Fiscal Year 2021-22 Legislative Appropriation Bill,1,1,1,1,1,S,0,0
SB21-0197,2021_2022,2021-RS,r. rodriguez,Workers' Compensation Physician,1,1,1,1,0,S,0,0
SB21-0198,2021_2022,2021-RS,j. smallwood,Repeal Capital Construction Education Fund Report Requirement,1,1,1,1,1,S,0,0
SB21-0199,2021_2022,2021-RS,s. jaquez lewis,Remove Barriers To Certain Public Opportunities,1,1,1,1,1,S,0,0
SB21-0200,2021_2022,2021-RS,f. winter,Reduce Greenhouse Gases Increase Environmental Justice,1,1,1,0,0,S,0,0
SB21-0201,2021_2022,2021-RS,j. danielson,Stricter Transparency & Enforcement In Child Care,1,1,1,1,1,S,0,0
SB21-0202,2021_2022,2021-RS,d. moreno,Public School Air Quality Improvement Grants,1,1,1,1,1,S,0,0
SB21-0203,2021_2022,2021-RS,j. bridges,Funding For Colorado Proud,1,1,1,1,1,S,0,0
SB21-0204,2021_2022,2021-RS,k. donovan,Rural Economic Development Initiative Grant Program Funding,1,1,1,1,1,S,0,0
SB21-0205,2021_2022,2021-RS,d. moreno,2021-22 Long Appropriations Bill,1,1,1,1,1,S,1,0
SB21-0206,2021_2022,2021-RS,d. moreno,Educator Licensure Cash Fund,1,1,1,1,1,S,0,0
SB21-0207,2021_2022,2021-RS,d. moreno,Public School Capital Construction Assistance Fund Transfer,1,1,1,1,1,S,0,0
SB21-0208,2021_2022,2021-RS,d. moreno,General Fund Transfer To State Education Fund,1,1,1,1,1,S,0,0
SB21-0209,2021_2022,2021-RS,b. rankin,Transfer To General Fund From Repealed Cash Funds,1,1,1,1,1,S,0,0
SB21-0210,2021_2022,2021-RS,c. hansen,"Remote Supports For Elderly, Blind, And Disabled Waiver",1,1,1,1,1,S,0,0
SB21-0211,2021_2022,2021-RS,d. moreno,Adult Dental Benefit,1,1,1,1,1,S,0,0
SB21-0212,2021_2022,2021-RS,d. moreno,Primary Care Payments Align Federal Funding,1,1,1,1,1,S,0,0
SB21-0213,2021_2022,2021-RS,d. moreno,Use Of Increased Medicaid Match,1,1,1,1,1,S,0,0
SB21-0214,2021_2022,2021-RS,c. hansen,State Payment Hospice Providers Residential Care,1,1,1,1,1,S,0,0
SB21-0215,2021_2022,2021-RS,c. hansen,Use Of Open Educational Resources In Higher Education,1,1,1,1,1,S,0,0
SB21-0216,2021_2022,2021-RS,b. rankin,Auxiliary Services Rural Areas,1,1,1,1,1,S,0,0
SB21-0217,2021_2022,2021-RS,c. hansen,Market Rate Study For Child Care Assistance Program,1,1,1,1,1,S,0,0
SB21-0218,2021_2022,2021-RS,c. hansen,Colorado Department Of Labor And Employment Employment And Training Technology Fund,1,1,1,1,1,S,0,0
SB21-0219,2021_2022,2021-RS,b. rankin,Colorado Avalanche Information Center Fund Appropriations,1,1,1,1,1,S,0,0
SB21-0220,2021_2022,2021-RS,c. hansen,Reverse Transfers From Severance Tax Operational Fund,1,1,1,1,1,S,0,0
SB21-0221,2021_2022,2021-RS,c. hansen,Projects Under Wildfire Risk Mitigation Grant Program,1,1,1,1,1,S,0,0
SB21-0222,2021_2022,2021-RS,b. rankin,Repeal Recovery Audit Program,1,1,1,1,1,S,0,0
SB21-0223,2021_2022,2021-RS,c. hansen,Location of Department of Revenue Administrative Hearing,1,1,1,1,1,S,0,0
SB21-0224,2021_2022,2021-RS,c. hansen,Capital-related Transfers Of Money,1,1,1,1,1,S,0,0
SB21-0225,2021_2022,2021-RS,b. rankin,Repay Cash Funds For 2020 Transfers,1,1,1,1,1,S,0,0
SB21-0226,2021_2022,2021-RS,d. moreno,Increase The General Fund Reserve,1,1,1,1,1,S,0,0
SB21-0227,2021_2022,2021-RS,d. moreno,State Emergency Reserve,1,1,1,1,1,S,0,0
SB21-0228,2021_2022,2021-RS,c. hansen,PERA Public Employees Retirement Association Payment Cash Fund,1,1,1,1,1,S,0,0
SB21-0229,2021_2022,2021-RS,j. danielson,Rural Jump-start Zone Grant Program,1,1,1,1,1,S,0,0
SB21-0230,2021_2022,2021-RS,c. hansen,Transfer To Colorado Energy Office Energy Fund,1,1,1,1,1,S,0,0
SB21-0231,2021_2022,2021-RS,t. story,Energy Office Weatherization Assistance Grants,1,1,1,1,1,S,0,0
SB21-0232,2021_2022,2021-RS,r. zenzinger,Displaced Workers Grant,1,1,1,1,1,S,0,0
SB21-0233,2021_2022,2021-RS,r. rodriguez,Colorado Department Of Labor And Employment Unemployment Insurance Division Enterprise,1,1,1,1,1,S,0,0
SB21-0234,2021_2022,2021-RS,s. jaquez lewis,General Fund Transfer Agriculture And Drought Resiliency,1,1,1,1,1,S,0,0
SB21-0235,2021_2022,2021-RS,s. jaquez lewis,Stimulus Funding Department Of Agriculture Efficiency Programs,1,1,1,1,1,S,0,0
SB21-0236,2021_2022,2021-RS,t. story,Increase Capacity Early Childhood Care & Education,1,1,1,1,1,S,0,0
SB21-0237,2021_2022,2021-RS,k. donovan,Create Forest Health Council In Department Of Natural Resources,1,1,1,1,1,S,0,0
SB21-0238,2021_2022,2021-RS,l. garcia,Create Front Range Passenger Rail District,1,1,1,1,1,S,0,0
SB21-0239,2021_2022,2021-RS,c. kolker,2-1-1 Statewide Human Services Referral System,1,1,1,1,1,S,0,0
SB21-0240,2021_2022,2021-RS,j. danielson,Watershed Restoration Grant Program Stimulus,1,1,1,1,1,S,0,0
SB21-0241,2021_2022,2021-RS,r. fields,Small Business Accelerated Growth Program,1,1,1,1,1,S,0,0
SB21-0242,2021_2022,2021-RS,j. gonzales,Housing Development Grants Hotels Tenancy Support Program,1,1,1,1,1,S,0,0
SB21-0243,2021_2022,2021-RS,d. moreno,Colorado Department Of Public Health And Environment Appropriation Public Health Infrastructure,1,1,1,1,1,S,0,0
SB21-0244,2021_2022,2021-RS,l. garcia,Funding Health Benefits For Legislative Aides,1,1,1,1,1,S,0,0
SB21-0245,2021_2022,2021-RS,k. donovan,Backcountry Search And Rescue In Colorado,1,1,1,1,1,S,0,0
SB21-0246,2021_2022,2021-RS,s. fenberg,Electric Utility Promote Beneficial Electrification,1,1,1,1,1,S,1,0
SB21-0247,2021_2022,2021-RS,s. fenberg,Adjust Redistricting Commission Procedures,1,1,1,1,0,S,1,0
SB21-0248,2021_2022,2021-RS,k. donovan,Loan Program For Colorado Agriculture,1,1,1,1,1,S,0,0
SB21-0249,2021_2022,2021-RS,s. fenberg,Keep Colorado Wild Annual Pass,1,1,1,1,1,S,0,0
SB21-0250,2021_2022,2021-RS,s. fenberg,Elections And Voting,1,1,1,1,1,S,1,0
SB21-0251,2021_2022,2021-RS,f. winter,General Fund Loan Family Medical Leave Program,1,1,1,1,1,S,0,0
SB21-0252,2021_2022,2021-RS,s. fenberg,Community Revitalization Grant Program,1,1,1,1,1,S,0,0
SB21-0253,2021_2022,2021-RS,r. zenzinger,Women Veterans With Disabilities License Plate,1,1,1,1,1,S,0,0
SB21-0254,2021_2022,2021-RS,b. kirkmeyer,Eliminate Obsolete Committee Child Care Licensing,1,1,1,1,1,S,0,0
SB21-0255,2021_2022,2021-RS,f. winter,Free Menstrual Hygiene Products To Students,1,1,1,1,1,S,0,0
SB21-0256,2021_2022,2021-RS,s. fenberg,Local Regulation Of Firearms,1,1,1,1,1,S,0,0
SB21-0257,2021_2022,2021-RS,r. zenzinger,Special Mobile Machinery Registration Exemption,1,1,1,1,1,S,0,0
SB21-0258,2021_2022,2021-RS,j. ginal,Wildfire Risk Mitigation,1,1,1,1,1,S,0,0
SB21-0259,2021_2022,2021-RS,r. rodriguez,Modify Nonforfeiture Percent Surrender Annuity,1,1,1,1,1,S,0,0
SB21-0260,2021_2022,2021-RS,s. fenberg,Sustainability Of The Transportation System,1,1,1,1,1,S,0,0
SB21-0261,2021_2022,2021-RS,s. fenberg,Public Utilities Commission Encourage Renewable Energy Generation,1,1,1,1,1,S,0,0
SB21-0262,2021_2022,2021-RS,r. zenzinger,Special District Transparency,1,1,1,1,1,S,0,0
SB21-0263,2021_2022,2021-RS,r. zenzinger,Outdoor Advertising Act,1,1,1,1,1,S,0,0
SB21-0264,2021_2022,2021-RS,c. hansen,Adopt Programs Reduce Greenhouse Gas Emissions Utilities,1,1,1,1,1,S,0,0
SB21-0265,2021_2022,2021-RS,r. zenzinger,Transfer From General Fund To State Highway Fund,1,1,1,1,1,S,0,0
SB21-0266,2021_2022,2021-RS,b. gardner,Revisor's Bill,1,1,1,1,1,S,0,0
SB21-0267,2021_2022,2021-RS,c. hansen,Office Of Public Guardianship Extension,1,1,1,1,1,S,0,0
SB21-0268,2021_2022,2021-RS,r. zenzinger,Public School Finance,1,1,1,1,1,S,0,0
SB21-0269,2021_2022,2021-RS,f. winter,Licensing Of Respite Child Care Centers,1,1,1,1,1,S,0,0
SB21-0270,2021_2022,2021-RS,j. bridges,Increase Alcohol Beverages On-premises Production,1,1,1,1,1,S,0,0
SB21-0271,2021_2022,2021-RS,j. gonzales,Misdemeanor Reform,1,1,1,1,1,S,0,0
SB21-0272,2021_2022,2021-RS,c. hansen,Measures To Modernize The Public Utilities Commission,1,1,1,1,1,S,0,0
SB21-0273,2021_2022,2021-RS,p. lee,Pre-trial Reform,1,1,1,1,0,S,0,0
SB21-0274,2021_2022,2021-RS,d. moreno,Sustainable Model To Serve Facility Students,1,1,1,1,1,S,0,0
SB21-0275,2021_2022,2021-RS,d. moreno,Child Find Responsibilities,1,1,1,1,1,S,0,0
SB21-0276,2021_2022,2021-RS,d. moreno,Childrens Habilitation Residential Program Enrollment,1,1,1,1,1,S,0,0
SB21-0277,2021_2022,2021-RS,d. moreno,Child Welfare Services Allocation Formula,1,1,1,1,1,S,0,0
SB21-0278,2021_2022,2021-RS,d. moreno,Reimbursement For Out-of-home Placement Services,1,1,1,1,1,S,0,0
SB21-0279,2021_2022,2021-RS,t. story,Delinquent Interest Payments Property Tax,1,1,1,1,1,S,0,0
SB21-0280,2021_2022,2021-RS,r. fields,Bias-motivated Crimes,1,1,1,1,1,S,0,0
SB21-0281,2021_2022,2021-RS,c. hansen,State Severance Tax Trust Fund Allocation,1,1,1,1,1,S,0,0
SB21-0282,2021_2022,2021-RS,j. bridges,Continue Small Business Destination Sourcing Exception,1,1,1,1,1,S,0,0
SB21-0283,2021_2022,2021-RS,d. moreno,Cash Fund Solvency,1,1,1,1,1,S,0,0
SB21-0284,2021_2022,2021-RS,c. hansen,Evidence-based Evaluations For Budget,1,1,1,1,1,S,0,0
SB21-0285,2021_2022,2021-RS,r. rodriguez,Coverage Levels For Occupational Accident Insurance,1,1,0,0,0,S,0,0
SB21-0286,2021_2022,2021-RS,d. moreno,Distribution Federal Funds Home- and Community-based Services,1,1,1,1,1,S,0,0
SB21-0287,2021_2022,2021-RS,d. moreno,Technology Risk Prevention & Response Fund,1,1,1,1,1,S,0,0
SB21-0288,2021_2022,2021-RS,d. moreno,American Rescue Plan Act of 2021 Cash Fund,1,1,1,1,1,S,0,0
SB21-0289,2021_2022,2021-RS,d. moreno,Revenue Loss Restoration Cash Fund,1,1,1,1,1,S,0,0
SB21-0290,2021_2022,2021-RS,j. danielson,Security For Colorado Seniors,1,1,1,1,1,S,0,0
SB21-0291,2021_2022,2021-RS,s. fenberg,Economic Recovery And Relief Cash Fund,1,1,1,1,1,S,0,0
SB21-0292,2021_2022,2021-RS,f. winter,Federal COVID Funding For Victim's Services,1,1,1,1,1,S,0,0
SB21-0293,2021_2022,2021-RS,c. hansen,Property Tax Classification And Assessment Rates,1,1,1,1,1,S,1,0
HB22-1001,2021_2022,2022-RS,l. cutter,Reduce Fees For Bus Filings,1,1,1,1,1,H,0,0
HB22-1002,2021_2022,2022-RS,m. weissman,Fifth Year High School Concurrent Enrollment,1,1,0,0,0,H,0,0
HB22-1003,2021_2022,2022-RS,l. daugherty,Youth Delinquency Prevention And Intervention Grants,1,1,1,1,1,H,0,0
HB22-1004,2021_2022,2022-RS,d. ortiz,Driver License Fee Reduction,1,1,1,1,1,H,0,0
HB22-1005,2021_2022,2022-RS,j. mccluskie,Health-care Preceptors Tax Credit,1,1,1,1,1,H,0,0
HB22-1006,2021_2022,2022-RS,d. roberts,Child Care Center Property Tax Exemption,1,1,1,1,1,H,0,0
HB22-1007,2021_2022,2022-RS,d. valdez,Assistance Landowner Wildfire Mitigation,1,1,1,1,1,H,0,0
HB22-1008,2021_2022,2022-RS,k. tipper,Implementation Of Fertility Coverage,1,1,1,1,1,H,0,0
HB22-1009,2021_2022,2022-RS,m. gray,Continue Workforce Diploma Pilot Program,1,1,0,0,0,H,0,0
HB22-1010,2021_2022,2022-RS,e. sirota,Early Childhood Educator Income Tax Credit,1,1,1,1,1,H,0,0
HB22-1011,2021_2022,2022-RS,l. cutter,Wildfire Mitigation Incentives For Local Governments,1,1,1,1,1,H,0,0
HB22-1012,2021_2022,2022-RS,l. cutter,Wildfire Mitigation And Recovery,1,1,1,1,1,H,0,0
HB22-1013,2021_2022,2022-RS,r. pelton,Microgrids For Community Resilience Grant Program,1,1,1,1,1,H,0,0
HB22-1014,2021_2022,2022-RS,i. jodeh,Epilepsy Awareness Special License Plate,1,1,1,1,1,H,0,0
HB22-1015,2021_2022,2022-RS,s. luck,Off-label Use Of Approved Drugs To Treat COVID-19,1,1,0,0,0,H,0,0
HB22-1016,2021_2022,2022-RS,t. carver,Voluntary Contribution Check-off Feeding Colorado,1,1,1,1,1,H,0,0
HB22-1017,2021_2022,2022-RS,s. bird,Increase Alcohol Beverage Excise Tax Exemption,1,1,1,1,1,H,0,0
HB22-1018,2021_2022,2022-RS,c. kennedy,Electric And Gas Utility Customer Protections,1,1,1,1,1,H,0,0
HB22-1019,2021_2022,2022-RS,c. larson,Modifications To Qualified State Tuition Programs,1,1,0,0,0,H,0,0
HB22-1020,2021_2022,2022-RS,d. woog,Customer Right To Use Energy,1,1,0,0,0,H,0,0
HB22-1021,2021_2022,2022-RS,k. ransom,Reduce State Income Tax Rate,1,1,0,0,0,H,0,0
HB22-1022,2021_2022,2022-RS,d. roberts,Modify Administration Of Colorado State Fair,1,1,1,1,1,H,0,0
HB22-1023,2021_2022,2022-RS,a. benavidez,Farm Close-out Exemption Exclude Motor Vehicles,1,1,0,0,0,H,0,0
HB22-1024,2021_2022,2022-RS,s. bird,Sales And Use Tax Exemption Municipal Public School Construction,1,1,1,1,1,H,0,0
HB22-1025,2021_2022,2022-RS,a. benavidez,Repeal Of Infrequently Used Tax Expenditures,1,1,1,1,1,H,0,0
HB22-1026,2021_2022,2022-RS,s. bird,Alternative Transportation Options Tax Credit,1,1,1,1,1,H,1,0
HB22-1027,2021_2022,2022-RS,k. van winkle,Sales Tax Destination Sourcing Rules Exception,1,1,1,1,1,H,0,0
HB22-1028,2021_2022,2022-RS,m. gray,Statewide Regulation Of Controlled Intersections,1,1,1,1,1,H,1,0
HB22-1029,2021_2022,2022-RS,s. bird,Compensatory Direct Distribution To Public Employees' Retirement Association,1,1,1,1,1,H,0,0
HB22-1030,2021_2022,2022-RS,a. valdez,Income Tax Credit For Package Anti-theft Devices,1,1,0,0,0,H,0,0
HB22-1031,2021_2022,2022-RS,b. titone,Consumer Right To Repair Powered Wheelchairs,1,1,1,1,1,H,0,0
HB22-1032,2021_2022,2022-RS,r. bockenfeld,Jury Postponement For Out-of-state Students,1,1,1,1,1,H,0,0
HB22-1033,2021_2022,2022-RS,r. hanks,Constitutional Carry Of A Handgun,1,1,0,0,0,H,0,0
HB22-1034,2021_2022,2022-RS,s. bird,Fire and Police Pension Association Statewide Retirement Plan,1,1,1,1,1,H,0,0
HB22-1035,2021_2022,2022-RS,m. young,Modernization Of The Older Coloradans' Act,1,1,1,1,1,H,0,0
HB22-1036,2021_2022,2022-RS,m. snyder,Improvement Location Certificate Real Estate Forms,1,1,1,1,0,H,0,0
HB22-1037,2021_2022,2022-RS,e. hooton,Retail And Medical Marijuana Same Location,1,1,1,1,1,H,1,0
HB22-1038,2021_2022,2022-RS,l. daugherty,Right To Counsel For Youth,1,1,1,1,1,H,0,0
HB22-1039,2021_2022,2022-RS,c. kipp,Sales & Use Tax Exemption Form Simplification,1,1,1,1,1,H,0,0
HB22-1040,2021_2022,2022-RS,j. rich,Home Owners' Reasonable Access To Common Areas,1,1,1,1,1,H,0,0
HB22-1041,2021_2022,2022-RS,a. boesenecker,Privacy Protections For Protected Persons,1,1,1,1,1,H,1,0
HB22-1042,2021_2022,2022-RS,t. exum,Teen Parent Driving Instruction Course,1,1,1,1,1,H,0,0
HB22-1043,2021_2022,2022-RS,a. pico,Motorcycle And Autocycle Definitions,1,1,1,1,1,H,0,0
HB22-1044,2021_2022,2022-RS,d. williams,Vacancy Committee Selection,1,1,1,1,1,H,0,0
HB22-1045,2021_2022,2022-RS,r. holtorf,Statutory Initiative Petition Signature Requirements,1,1,0,0,0,H,0,0
HB22-1046,2021_2022,2022-RS,b. mclachlan,Local Designation Of Over-snow Use Only Highways,1,1,1,1,1,H,0,0
HB22-1047,2021_2022,2022-RS,p. neville,Protecting Human Life At Conception,1,1,0,0,0,H,0,0
HB22-1048,2021_2022,2022-RS,m. baisley,In God We Trust Special License Plate,1,1,1,1,0,H,0,0
HB22-1049,2021_2022,2022-RS,j. bacon,Prohibiting Transcript And Diploma Withholding,1,1,1,1,1,H,0,0
HB22-1050,2021_2022,2022-RS,n. ricks,International Medical Graduate Integrate Health-care Workforce,1,1,1,1,1,H,0,0
HB22-1051,2021_2022,2022-RS,s. bird,Mod Affordable Housing Tax Credit,1,1,1,1,1,H,0,0
HB22-1052,2021_2022,2022-RS,b. mclachlan,Promoting Crisis Services To Students,1,1,1,1,1,H,0,0
HB22-1053,2021_2022,2022-RS,d. valdez,Blockchain Agriculture And Uniform Commercial Code,1,1,1,1,1,H,0,0
HB22-1054,2021_2022,2022-RS,a. benavidez,Fund Indian Economic Condition Improvement,1,1,1,1,0,H,0,0
HB22-1055,2021_2022,2022-RS,s. lontine,Sales Tax Exemption Essential Hygiene Products,1,1,1,1,1,H,0,0
HB22-1056,2021_2022,2022-RS,d. michaelson jenet,Emergency Temporary Care For Children,1,1,1,1,1,H,0,0
HB22-1057,2021_2022,2022-RS,m. bradfield,Public Employees' Retirement Association Employment After Teacher Retirement,1,1,1,1,1,H,0,0
HB22-1058,2021_2022,2022-RS,k. mullica,Professional Sporting Events Contract Disputes,1,1,0,0,0,H,0,0
HB22-1059,2021_2022,2022-RS,m. soper,Two-thirds Voting Requirement For Bills With Fees,1,1,0,0,0,H,0,0
HB22-1060,2021_2022,2022-RS,e. sirota,Contribution Limits School Dist Dir Candidate,1,1,1,1,1,H,1,0
HB22-1061,2021_2022,2022-RS,j. amabile,Modifications To Not Guilty By Reason Of Insanity,1,1,1,1,1,H,0,0
HB22-1062,2021_2022,2022-RS,h. mckean,Expand Sales And Use Tax Exemption For Food,1,1,0,0,0,H,0,0
HB22-1063,2021_2022,2022-RS,j. amabile,Jail Standards Commission,1,1,1,1,1,H,0,0
HB22-1064,2021_2022,2022-RS,k. mullica,Prohibit Flavored Tobacco Regulate Synthetic Nicotine,1,1,1,1,0,H,1,0
HB22-1065,2021_2022,2022-RS,a. benavidez,Emergency Mental Health Treatment And Evaluation Standard,1,1,0,0,0,H,0,0
HB22-1066,2021_2022,2022-RS,t. geitner,Public Education Curriculum And Professional Development Information,1,1,0,0,0,H,0,0
HB22-1067,2021_2022,2022-RS,s. woodrow,Clarifiying Changes To Ensure Prompt Bond Hearings,1,1,1,1,1,H,0,0
HB22-1068,2021_2022,2022-RS,k. mccormick,Medicaid Reimbursement For Therapy Using Equines,1,1,1,1,1,H,0,0
HB22-1069,2021_2022,2022-RS,r. bockenfeld,Parent Authority To Request Public School Reforms,1,1,0,0,0,H,0,0
HB22-1070,2021_2022,2022-RS,j. mccluskie,Special Districts Early Childhood Development,1,1,1,1,1,H,0,0
HB22-1071,2021_2022,2022-RS,s. woodrow,Damages In Class Actions Consumer Protection Act,1,1,1,1,1,H,0,0
HB22-1072,2021_2022,2022-RS,p. will,Habitat Partnership Program,1,1,1,1,1,H,0,0
HB22-1073,2021_2022,2022-RS,d. roberts,Funeral Establishment And Crematory Inspection,1,1,1,1,1,H,0,0
HB22-1074,2021_2022,2022-RS,j. amabile,Traffic Violations On Interstate 70 Shoulder Lanes,1,1,1,1,1,H,0,0
HB22-1075,2021_2022,2022-RS,s. luck,Induced Termination Of Pregnancy State Registrar,1,1,0,0,0,H,0,0
HB22-1076,2021_2022,2022-RS,s. lontine,Telehealth For Hearing Aid Providers,1,1,1,1,1,H,0,0
HB22-1077,2021_2022,2022-RS,d. michaelson jenet,Colorado Nonprofit Security Grant Program,1,1,1,1,1,H,1,0
HB22-1078,2021_2022,2022-RS,m. baisley,Voting Systems Standards Adoption,1,1,0,0,0,H,0,0
HB22-1079,2021_2022,2022-RS,d. williams,Abolishing Abortion In Colorado,1,1,0,0,0,H,0,0
HB22-1080,2021_2022,2022-RS,d. williams,Automated Vehicle Identification Systems Ballot Question,1,1,0,0,0,H,0,0
HB22-1081,2021_2022,2022-RS,r. holtorf,Reestablish Sunrise Sunset Review Committee,1,1,0,0,0,H,0,0
HB22-1082,2021_2022,2022-RS,e. hooton,Establish Fair Housing Unit Department Of Law,1,1,1,1,1,H,0,0
HB22-1083,2021_2022,2022-RS,k. tipper,Colorado Homeless Contribution Income Tax Credit,1,1,1,1,1,H,0,0
HB22-1084,2021_2022,2022-RS,a. pico,Ineligible Jurors Voter Registration,1,1,0,0,0,H,0,0
HB22-1085,2021_2022,2022-RS,r. hanks,Paper Ballot Fraud Countermeasures,1,1,0,0,0,H,0,0
HB22-1086,2021_2022,2022-RS,t. sullivan,The Vote Without Fear Act,1,1,1,1,1,H,0,0
HB22-1087,2021_2022,2022-RS,e. hooton,Special District Director Retirement Benefits,1,1,1,1,1,H,0,0
HB22-1088,2021_2022,2022-RS,d. valdez,Peace Officer Status For Certain Department Of Revenue Employees,1,1,1,1,1,H,0,0
HB22-1089,2021_2022,2022-RS,s. woodrow,Rideshares And Uninsured Motorist Insurance Coverage,1,1,1,1,1,H,0,0
HB22-1090,2021_2022,2022-RS,k. ransom,Reasonable Independence For Children,1,1,1,1,1,H,0,0
HB22-1091,2021_2022,2022-RS,m. soper,Online Availability Of Judicial Opinions,1,1,1,1,1,H,0,0
HB22-1092,2021_2022,2022-RS,m. soper,Loans From Irrigation Districts To Landowners,1,1,1,1,1,H,0,0
HB22-1093,2021_2022,2022-RS,k. mccormick,Updates To Bingo And Raffles Law,1,1,1,1,1,H,0,0
HB22-1094,2021_2022,2022-RS,b. titone,Medicaid Assistance For Survivors Of Torture,1,1,0,0,0,H,0,0
HB22-1095,2021_2022,2022-RS,s. lontine,Physician Assistant Collaboration Requirements,1,1,1,0,0,H,0,0
HB22-1096,2021_2022,2022-RS,s. luck,Bill Drafting Transparency,1,1,0,0,0,H,0,0
HB22-1097,2021_2022,2022-RS,d. valdez,Dissolution Of Special Districts,1,1,1,1,1,H,0,0
HB22-1098,2021_2022,2022-RS,s. bird,Department Of Regulatory Agencies  Barriers To Practice Regulated Professions,1,1,1,1,1,H,0,0
HB22-1099,2021_2022,2022-RS,t. carver,Online Marketplaces And Third-party Sellers,1,1,1,1,1,H,0,0
HB22-1100,2021_2022,2022-RS,k. ransom,Prohibit Discrimination COVID-19 Vaccine Status,1,1,0,0,0,H,0,0
HB22-1101,2021_2022,2022-RS,b. mclachlan,Public Employees' Retirement Association Service Retiree Employment In Rural Schools,1,1,1,1,1,H,0,0
HB22-1102,2021_2022,2022-RS,d. ortiz,Veterans And Military Status In Fair Housing,1,1,1,1,1,H,0,0
HB22-1103,2021_2022,2022-RS,t. exum,Delta Sigma Theta Special License Plate,1,1,1,1,1,H,0,0
HB22-1104,2021_2022,2022-RS,a. boesenecker,Powerline Trails,1,1,1,1,1,H,1,0
HB22-1105,2021_2022,2022-RS,s. sandridge,Deadly Force Against Intruder At A Business,1,1,0,0,0,H,0,0
HB22-1106,2021_2022,2022-RS,p. neville,Concealed Handguns On School Grounds,1,1,0,0,0,H,0,0
HB22-1107,2021_2022,2022-RS,m. young,Inclusive Higher Education Opportunities,1,1,1,1,1,H,0,0
HB22-1108,2021_2022,2022-RS,j. rich,Include Vendor Name In Web-based Info System,1,1,1,1,1,H,0,0
HB22-1109,2021_2022,2022-RS,d. woog,On-demand Air Carrier Aircraft Sales Tax Exemption,1,1,0,0,0,H,0,0
HB22-1110,2021_2022,2022-RS,a. boesenecker,Board Of Education Executive Session,1,1,1,1,1,H,0,0
HB22-1111,2021_2022,2022-RS,j. amabile,Insurance Coverage For Loss Declared Fire Disaster,1,1,1,1,1,H,1,0
HB22-1112,2021_2022,2022-RS,l. daugherty,Workers' Compensation Injury Notices,1,1,1,1,1,H,0,0
HB22-1113,2021_2022,2022-RS,t. van beber,Appeal Procedures Dependency And Neglect Cases,1,1,1,1,1,H,0,0
HB22-1114,2021_2022,2022-RS,c. larson,Transportation Services For Medicaid Waiver Recipients,1,1,1,1,1,H,0,0
HB22-1115,2021_2022,2022-RS,c. kipp,Prescription Drug Monitoring Program,1,1,1,1,1,H,0,0
HB22-1116,2021_2022,2022-RS,a. valdez,Plant-based Medicines,1,1,0,0,0,H,0,0
HB22-1117,2021_2022,2022-RS,d. roberts,Use Of Local Lodging Tax Revenue,1,1,1,1,1,H,0,0
HB22-1118,2021_2022,2022-RS,l. daugherty,Sales And Use Tax Refunds,1,1,1,1,1,H,0,0
HB22-1119,2021_2022,2022-RS,m. gray,Colorado False Claims Act,1,1,1,1,1,H,0,0
HB22-1120,2021_2022,2022-RS,k. van winkle,School Security Disbursement Program Recreation,1,1,1,1,1,H,0,0
HB22-1121,2021_2022,2022-RS,l. cutter,Supporting Local Media,1,1,0,0,0,H,0,0
HB22-1122,2021_2022,2022-RS,p. will,Pharmacy Benefit Manager Prohibited Practices,1,1,1,1,1,H,1,0
HB22-1123,2021_2022,2022-RS,t. geitner,Standard Deduction Adjustment,1,1,0,0,0,H,0,0
HB22-1124,2021_2022,2022-RS,r. pelton,Tax Credit For Recycling An Old Vehicle,1,1,0,0,0,H,0,0
HB22-1125,2021_2022,2022-RS,j. rich,Income Tax Rate Reduction,1,1,0,0,0,H,0,0
HB22-1126,2021_2022,2022-RS,j. rich,Eligible Educator Classroom Expenses Tax Credit,1,1,0,0,0,H,0,0
HB22-1127,2021_2022,2022-RS,d. woog,Income Tax Deduction For Rent,1,1,0,0,0,H,0,0
HB22-1128,2021_2022,2022-RS,a. pico,Prior Review Of Agency Rules That Burden Industry,1,1,0,0,0,H,0,0
HB22-1129,2021_2022,2022-RS,r. pelton,General Fund Surplus Rebates To Taxpayers,1,1,0,0,0,H,0,0
HB22-1130,2021_2022,2022-RS,r. bockenfeld,Exception To Employer Sick Leave Requirement,1,1,0,0,0,H,0,0
HB22-1131,2021_2022,2022-RS,s. gonzales-gutierrez,Reduce Justice-involvement For Young Children,1,1,1,1,1,H,0,0
HB22-1132,2021_2022,2022-RS,r. holtorf,Regulation And Services For Wildfire Mitigation,1,1,1,1,1,H,0,0
HB22-1133,2021_2022,2022-RS,m. gray,Family And Medical Leave Insurance Fund,1,1,1,1,1,H,0,0
HB22-1134,2021_2022,2022-RS,b. titone,Measures To Reduce Use Single-use Meal Accessories,1,1,0,0,0,H,0,0
HB22-1135,2021_2022,2022-RS,m. snyder,Marijuana Transporter License Transfers,1,1,1,1,1,H,0,0
HB22-1136,2021_2022,2022-RS,a. pico,Ultrasound Video Demonstration In Sex Education,1,1,0,0,0,H,0,0
HB22-1137,2021_2022,2022-RS,n. ricks,Homeowners' Association Board Accountability And Transparency,1,1,1,1,1,H,1,0
HB22-1138,2021_2022,2022-RS,m. gray,Reduce Employee Single-occupancy Vehicle Trips,1,1,0,0,0,H,0,0
HB22-1139,2021_2022,2022-RS,t. geitner,Home Owners' Associations Cannot Regulate Use Of Public Rights-of-way,1,1,1,1,1,H,0,0
HB22-1140,2021_2022,2022-RS,d. valdez,Green Hydrogen To Meet Pollution Reduction Goals,1,1,0,0,0,H,0,0
HB22-1141,2021_2022,2022-RS,r. holtorf,Nuisance Suits Agricultural Operations,1,1,0,0,0,H,0,0
HB22-1142,2021_2022,2022-RS,m. snyder,Alcohol Beverages Extended Service Hours Permit,1,1,0,0,0,H,0,0
HB22-1143,2021_2022,2022-RS,m. bradfield,State Auxiliary Services Program,1,1,0,0,0,H,0,0
HB22-1144,2021_2022,2022-RS,m. baisley,Naturally Acquired Immunity COVID-19,1,1,0,0,0,H,0,0
HB22-1145,2021_2022,2022-RS,p. will,Possess Large Ammunition Magazine For Competitions,1,1,0,0,0,H,0,0
HB22-1146,2021_2022,2022-RS,c. larson,Investment of Public School Fund Study And Report,1,1,1,1,1,H,0,0
HB22-1147,2021_2022,2022-RS,s. luck,Sheriffs' Authority In Relation To Federal Gov,1,1,0,0,0,H,0,0
HB22-1148,2021_2022,2022-RS,m. catlin,Wildfire Camera Pilot Program,1,1,0,0,0,H,0,0
HB22-1149,2021_2022,2022-RS,m. lynch,Advanced Industry Investment Tax Credit,1,1,1,1,1,H,0,0
HB22-1150,2021_2022,2022-RS,r. bockenfeld,Eliminate Signature Requirement Certain Citations,1,1,1,1,1,H,0,0
HB22-1151,2021_2022,2022-RS,m. catlin,Turf Replacement Program,1,1,1,1,1,H,0,0
HB22-1152,2021_2022,2022-RS,e. hooton,Prohibit Employer Adverse Action Marijuana Use,1,1,0,0,0,H,0,0
HB22-1153,2021_2022,2022-RS,k. tipper,Affirm Parentage Adoption In Assisted Reproduction,1,1,1,1,1,H,0,0
HB22-1154,2021_2022,2022-RS,b. mclachlan,Colorado Rotary License Plates,1,1,1,1,1,H,0,0
HB22-1155,2021_2022,2022-RS,p. will,In-state Tuition For Colorado High School Graduates,1,1,1,1,1,H,0,0
HB22-1156,2021_2022,2022-RS,c. kennedy,Public Official Reporting Requirements Modification,1,1,1,1,1,H,0,0
HB22-1157,2021_2022,2022-RS,k. mccormick,Utilization Of Demographic Data By Colorado Department Public Health And Environment,1,1,1,1,1,H,0,0
HB22-1158,2021_2022,2022-RS,s. sandridge,Establish Substance Use Counseling Center Colorado Springs,1,1,0,0,0,H,0,0
HB22-1159,2021_2022,2022-RS,l. cutter,Waste Diversion And Circular Economy Development Center,1,1,1,1,1,H,0,0
HB22-1160,2021_2022,2022-RS,k. tipper,Establishing Family Justice Centers,1,1,0,0,0,H,0,0
HB22-1161,2021_2022,2022-RS,a. pico,Requiring The Election Of Certain Commissioners,1,1,0,0,0,H,0,0
HB22-1162,2021_2022,2022-RS,t. exum,Motor Vehicle Digital Number Plates,1,1,1,1,1,H,0,0
HB22-1163,2021_2022,2022-RS,m. soper,State Income Tax Deduction For Medical Expenses,1,1,0,0,0,H,0,0
HB22-1164,2021_2022,2022-RS,d. williams,Limit Applications And Consideration For Clemency,1,1,0,0,0,H,0,0
HB22-1165,2021_2022,2022-RS,m. snyder,Rule Review Bill,1,1,1,1,1,H,0,0
HB22-1166,2021_2022,2022-RS,m. lynch,Incentives Promote Colorado Timber Industry,1,1,0,0,0,H,0,0
HB22-1167,2021_2022,2022-RS,m. bradfield,Temporary Proxy Medical Decision-makers,1,1,0,0,0,H,0,0
HB22-1168,2021_2022,2022-RS,h. mckean,Public School Hunter Education Seventh Grade Course,1,1,1,1,1,H,0,0
HB22-1169,2021_2022,2022-RS,d. michaelson jenet,Prohibit Sexual Act Without Consent,1,1,1,1,1,H,0,0
HB22-1170,2021_2022,2022-RS,j. mccluskie,Department of Corrections Supplemental,1,1,1,1,1,H,0,0
HB22-1171,2021_2022,2022-RS,j. mccluskie,Department of Education Supplemental,1,1,1,1,1,H,0,0
HB22-1172,2021_2022,2022-RS,j. mccluskie,"Department of Governor, Lt Governor, & OSPB Supplemental",1,1,1,1,1,H,0,0
HB22-1173,2021_2022,2022-RS,j. mccluskie,Department of Health Care Policy & Financing Supplemental,1,1,1,1,1,H,0,0
HB22-1174,2021_2022,2022-RS,j. mccluskie,Department of Higher Education Supplemental,1,1,1,1,1,H,0,0
HB22-1175,2021_2022,2022-RS,j. mccluskie,Department of Human Services Supplemental,1,1,1,1,1,H,0,0
HB22-1176,2021_2022,2022-RS,j. mccluskie,Judicial Department Supplemental,1,1,1,1,1,H,0,0
HB22-1177,2021_2022,2022-RS,j. mccluskie,Department of Natural Resources Supplemental,1,1,1,1,1,H,0,0
HB22-1178,2021_2022,2022-RS,j. mccluskie,Department Of Personnel Supplemental,1,1,1,1,1,H,0,0
HB22-1179,2021_2022,2022-RS,j. mccluskie,Department of Public Health & Environment Supplemental,1,1,1,1,1,H,0,0
HB22-1180,2021_2022,2022-RS,j. mccluskie,Department of Public Safety Supplemental,1,1,1,1,1,H,0,0
HB22-1181,2021_2022,2022-RS,j. mccluskie,Department of Revenue Supplemental,1,1,1,1,1,H,0,0
HB22-1182,2021_2022,2022-RS,j. mccluskie,Department of State Supplemental,1,1,1,1,1,H,0,0
HB22-1183,2021_2022,2022-RS,j. mccluskie,Department of Treasury Supplemental,1,1,1,1,1,H,0,0
HB22-1184,2021_2022,2022-RS,j. mccluskie,Capital Construction Supplemental,1,1,1,1,1,H,0,0
HB22-1185,2021_2022,2022-RS,j. mccluskie,Capital Construction Information Technology Supplemental,1,1,1,1,1,H,0,0
HB22-1186,2021_2022,2022-RS,l. herod,Adjustments To School Funding Fiscal Year 2021-22,1,1,1,1,1,H,0,0
HB22-1187,2021_2022,2022-RS,l. herod,Office Of Economic Development COVID Relief Program Extension,1,1,1,1,1,H,0,0
HB22-1188,2021_2022,2022-RS,l. herod,ARPA American Rescue Plan Act Money For Home- And Community-based Services,1,1,1,1,1,H,0,0
HB22-1189,2021_2022,2022-RS,l. herod,Behavioral Health Crisis Response Training Deadlines,1,1,1,1,1,H,0,0
HB22-1190,2021_2022,2022-RS,l. herod,Supplemental State Payment To Urban Indian Organizations,1,1,1,1,1,H,0,0
HB22-1191,2021_2022,2022-RS,l. herod,Extending Reproductive Health-care Program Implementation,1,1,1,1,1,H,0,0
HB22-1192,2021_2022,2022-RS,l. herod,Displaced Workers Grant Appropriation,1,1,1,1,1,H,0,0
HB22-1193,2021_2022,2022-RS,l. herod,Fund Just Transition Coal Workforce Programs,1,1,1,1,1,H,0,0
HB22-1194,2021_2022,2022-RS,j. mccluskie,Local Firefighter Safety Resources,1,1,1,1,1,H,0,0
HB22-1195,2021_2022,2022-RS,l. herod,Transfers From General Fund To Capital Construction Fund,1,1,1,1,1,H,0,0
HB22-1196,2021_2022,2022-RS,l. herod,Pay Equity Study,1,1,1,1,1,H,0,0
HB22-1197,2021_2022,2022-RS,j. mccluskie,Effective Date Of Department Of Early Childhood,1,1,1,1,1,H,0,0
HB22-1198,2021_2022,2022-RS,m. baisley,Medical Expense Sharing Program Requirements,1,1,0,0,0,H,0,0
HB22-1199,2021_2022,2022-RS,t. geitner,Visitation Requirements Health-care Facilities,1,1,0,0,0,H,0,0
HB22-1200,2021_2022,2022-RS,k. van winkle,Employee Exemption COVID-19 Vaccine Requirement,1,1,0,0,0,H,0,0
HB22-1201,2021_2022,2022-RS,t. van beber,Standards For Immunization Requirements,1,1,0,0,0,H,0,0
HB22-1202,2021_2022,2022-RS,l. herod,At-risk Student Measure For School Finance,1,1,1,1,1,H,1,0
HB22-1203,2021_2022,2022-RS,r. hanks,Income Tax Credits For Nonpublic Education,1,1,0,0,0,H,0,0
HB22-1204,2021_2022,2022-RS,r. hanks,Election Systems,1,1,0,0,0,H,0,0
HB22-1205,2021_2022,2022-RS,c. kennedy,Senior Housing Income Tax Credit,1,1,1,1,1,H,0,0
HB22-1206,2021_2022,2022-RS,d. williams,Prohibit Discriminatory Practices In Schools,1,1,0,0,0,H,0,0
HB22-1207,2021_2022,2022-RS,d. woog,Choice In Low-performing School Districts,1,1,0,0,0,H,0,0
HB22-1208,2021_2022,2022-RS,m. weissman,Jail Data Collection Clean-up,1,1,1,1,1,H,0,0
HB22-1209,2021_2022,2022-RS,m. bradfield,Sunset Strategic Action Planning Group On Aging,1,1,1,1,1,H,0,0
HB22-1210,2021_2022,2022-RS,a. benavidez,Sunset Domestic Violence Management Board,1,1,1,1,1,H,0,0
HB22-1211,2021_2022,2022-RS,m. soper,Sunset Juvenile Justice Reform Committee,1,1,1,1,1,H,0,0
HB22-1212,2021_2022,2022-RS,d. ortiz,Sunset Process Conveyance Regulation,1,1,1,1,1,H,0,0
HB22-1213,2021_2022,2022-RS,m. young,Sunset Continue Regulation Speech-language Pathologists,1,1,1,1,1,H,0,0
HB22-1214,2021_2022,2022-RS,m. young,Behavioral Health Crisis Response System,1,1,1,1,1,H,0,0
HB22-1215,2021_2022,2022-RS,j. mccluskie,Study Of Expanding Extended High School Programs,1,1,1,1,1,H,0,0
HB22-1216,2021_2022,2022-RS,k. tipper,Uniform Restrictive Employment Agreement Act,1,1,0,0,0,H,0,0
HB22-1217,2021_2022,2022-RS,a. benavidez,Catalytic Converter Records And Grant Program,1,1,1,1,1,H,0,0
HB22-1218,2021_2022,2022-RS,a. valdez,Resource Efficiency Buildings Electric Vehicles,1,1,1,1,0,H,1,0
HB22-1219,2021_2022,2022-RS,m. duran,Veterans Resource Information Clearinghouse Online Portal,1,1,0,0,0,H,0,0
HB22-1220,2021_2022,2022-RS,c. kipp,Removing Barriers To Educator Preparation,1,1,1,1,1,H,0,0
HB22-1221,2021_2022,2022-RS,d. michaelson jenet,County Coroner And Mortuary Mental Health Program,1,1,1,1,0,H,0,0
HB22-1222,2021_2022,2022-RS,k. tipper,Marijuana Responsible Vendor Designations,1,1,1,1,1,H,0,0
HB22-1223,2021_2022,2022-RS,c. kipp,Mobile Home Property Tax Sale Notice And Exemption,1,1,1,1,1,H,0,0
HB22-1224,2021_2022,2022-RS,k. tipper,Public Benefits Theft,1,1,1,1,1,H,0,0
HB22-1225,2021_2022,2022-RS,e. hooton,Sunset Continue Colorado Resiliency Office,1,1,1,1,1,H,0,0
HB22-1226,2021_2022,2022-RS,k. tipper,Sunset Massage Therapists,1,1,1,1,1,H,0,0
HB22-1227,2021_2022,2022-RS,k. mullica,Sunset Health-care Work Force Data Advisory Group,1,1,1,1,1,H,0,0
HB22-1228,2021_2022,2022-RS,d. roberts,Sunset Continue Regulate Preneed Funeral Contracts,1,1,1,1,1,H,0,0
HB22-1229,2021_2022,2022-RS,m. weissman,Senate Bill 21-271 Clean-up,1,1,1,1,1,H,0,0
HB22-1230,2021_2022,2022-RS,m. duran,Employment Support And Job Retention Services,1,1,1,1,1,H,0,0
HB22-1231,2021_2022,2022-RS,t. van beber,Foster Parent Bill Of Rights,1,1,1,1,1,H,0,0
HB22-1232,2021_2022,2022-RS,a. valdez,Sunset Continue Regulation Of Asbestos,1,1,1,1,1,H,0,0
HB22-1233,2021_2022,2022-RS,s. lontine,Sunset Continue Regulation Of Optometry,1,1,1,1,1,H,0,0
HB22-1234,2021_2022,2022-RS,j. bacon,Preventing Identity-based Violence Grant Program,1,1,1,1,1,H,0,0
HB22-1235,2021_2022,2022-RS,k. mccormick,Sunset Continue Regulation Of Veterinary Practice,1,1,1,1,1,H,0,0
HB22-1236,2021_2022,2022-RS,t. van beber,Parent's Bill Of Rights,1,1,0,0,0,H,0,0
HB22-1237,2021_2022,2022-RS,d. roberts,Changes To County Court Judges In Western Colorado,1,1,1,1,1,H,0,0
HB22-1238,2021_2022,2022-RS,m. lynch,Elected Officials Approve Epidemic Duties,1,1,0,0,0,H,0,1
HB22-1239,2021_2022,2022-RS,b. titone,Regulate Community Association Managers,1,1,0,0,0,H,0,0
HB22-1240,2021_2022,2022-RS,m. froelich,Mandatory Reporters,1,1,1,1,1,H,0,0
HB22-1241,2021_2022,2022-RS,s. bird,Court Appointed Special Advocates Special License Plate,1,1,1,1,1,H,0,0
HB22-1242,2021_2022,2022-RS,c. kipp,Regulate Tiny Homes Manufacture Sale And Install,1,1,1,1,1,H,0,0
HB22-1243,2021_2022,2022-RS,t. exum,School Security and School Behavioral Health Services Funding,1,1,1,1,1,H,0,0
HB22-1244,2021_2022,2022-RS,c. kennedy,Public Protections From Toxic Air Contaminants,1,1,1,1,1,H,0,0
HB22-1245,2021_2022,2022-RS,l. daugherty,Foster Youth In Transition Program Clarifications,1,1,1,1,1,H,0,0
HB22-1246,2021_2022,2022-RS,s. lontine,Hospice Inpatient Unit Specialized Prescription Drug Outlet,1,1,1,1,1,H,0,0
HB22-1247,2021_2022,2022-RS,l. herod,Additional Requirements Nursing Facility Funding,1,1,1,1,1,H,0,0
HB22-1248,2021_2022,2022-RS,b. mclachlan,Extend School Leadership Pilot Program,1,1,1,1,1,H,0,0
HB22-1249,2021_2022,2022-RS,t. bernett,Electric Grid Resilience And Reliability Roadmap,1,1,1,1,1,H,0,0
HB22-1250,2021_2022,2022-RS,s. woodrow,Nonsubstantive Changes To Title 7 Of Colorado Revised Statutes,1,1,1,1,1,H,0,0
HB22-1251,2021_2022,2022-RS,d. roberts,Cardiac Arrest Management,1,1,1,1,1,H,0,0
HB22-1252,2021_2022,2022-RS,t. bernett,Public School Contract Terms And Conditions,1,1,1,1,1,H,0,0
HB22-1253,2021_2022,2022-RS,d. ortiz,Adaptive Equipment In Rental Motor Vehicles,1,1,1,1,1,H,0,0
HB22-1254,2021_2022,2022-RS,a. valdez,Vehicle Taxes And Fees Late Registration,1,1,1,1,1,H,0,0
HB22-1255,2021_2022,2022-RS,d. ortiz,Improve Higher Education For Students With A Disability,1,1,1,1,1,H,0,0
HB22-1256,2021_2022,2022-RS,j. amabile,Modifications To Civil Involuntary Commitment,1,1,1,1,1,H,0,0
HB22-1257,2021_2022,2022-RS,m. weissman,2022 Criminal And Juvenile Justice Commission Recommendations,1,1,1,1,1,H,0,0
HB22-1258,2021_2022,2022-RS,s. bird,Essential Services For Youth Special Districts,1,1,1,0,0,H,0,0
HB22-1259,2021_2022,2022-RS,m. duran,Modifications To Colorado Works Program,1,1,1,1,1,H,0,0
HB22-1260,2021_2022,2022-RS,m. froelich,Access To Medically Necessary Services For Students,1,1,1,1,1,H,0,0
HB22-1261,2021_2022,2022-RS,d. roberts,Sunset Board Of Real Estate Appraisers,1,1,1,1,1,H,0,0
HB22-1262,2021_2022,2022-RS,t. sullivan,Sunset Continue Workers' Compensation Regulations,1,1,1,1,1,H,0,0
HB22-1263,2021_2022,2022-RS,c. kennedy,Sunset Continue Licensure Of Acupuncturists,1,1,1,1,1,H,0,0
HB22-1264,2021_2022,2022-RS,d. valdez,Change Food And Drug Administration To FDA,1,1,1,1,1,H,0,0
HB22-1265,2021_2022,2022-RS,t. exum,Sunset Education Data Advisory Committee,1,1,1,1,1,H,0,0
HB22-1266,2021_2022,2022-RS,k. tipper,State Employee Total Compensation Philosophy,1,1,1,1,1,H,0,0
HB22-1267,2021_2022,2022-RS,a. valdez,Culturally Relevant Training Health Professionals,1,1,1,1,1,H,1,0
HB22-1268,2021_2022,2022-RS,r. holtorf,Medicaid Mental Health Reimbursement Rates Report,1,1,1,1,1,H,0,0
HB22-1269,2021_2022,2022-RS,s. lontine,Health-care Sharing Plan Reporting Requirements,1,1,1,1,1,H,0,0
HB22-1270,2021_2022,2022-RS,s. woodrow,Change Term Name-based Criminal History Record Check,1,1,1,1,1,H,0,0
HB22-1271,2021_2022,2022-RS,k. ransom,Rights Of Persons Protected By Legal Guardian,1,1,0,0,0,H,0,0
HB22-1272,2021_2022,2022-RS,s. gonzales-gutierrez,Repeal Of Attorney Fees On Motions To Dismiss,1,1,1,1,1,H,0,0
HB22-1273,2021_2022,2022-RS,m. duran,Protections For Elections Officials,1,1,1,1,1,H,0,0
HB22-1274,2021_2022,2022-RS,d. michaelson jenet,Sunset Colorado Interagency Working Group On School Safety,1,1,1,1,1,H,0,0
HB22-1275,2021_2022,2022-RS,b. mclachlan,Sunset School Safety Resource Center Advisory Board,1,1,1,1,1,H,0,0
HB22-1276,2021_2022,2022-RS,c. kipp,Sunset Second Chance Scholarship Program,1,1,1,1,1,H,0,0
HB22-1277,2021_2022,2022-RS,k. mullica,Authorize Credit Unions To Hold Public Money,1,1,0,0,0,H,0,0
HB22-1278,2021_2022,2022-RS,m. young,Behavioral Health Administration,1,1,1,1,1,H,0,0
HB22-1279,2021_2022,2022-RS,m. froelich,Reproductive Health Equity Act,1,1,1,1,1,H,1,0
HB22-1280,2021_2022,2022-RS,m. snyder,Pikes Peak Community College Name Change,1,1,1,1,1,H,0,0
HB22-1281,2021_2022,2022-RS,s. gonzales-gutierrez,Behavioral Health-care Continuum Gap Grant Program,1,1,1,1,1,H,0,0
HB22-1282,2021_2022,2022-RS,k. mullica,The Innovative Housing Incentive Program,1,1,1,1,1,H,0,0
HB22-1283,2021_2022,2022-RS,d. michaelson jenet,Youth And Family Behavioral Health Care,1,1,1,1,1,H,0,0
HB22-1284,2021_2022,2022-RS,d. esgar,Health Insurance Surprise Billing Protections,1,1,1,1,1,H,0,0
HB22-1285,2021_2022,2022-RS,p. neville,Prohibit Collection Hospital Not Disclosing Prices,1,1,1,1,1,H,0,0
HB22-1286,2021_2022,2022-RS,d. esgar,Fiscal Year 2022-23 Legislative Appropriation Bill,1,1,1,1,1,H,0,0
HB22-1287,2021_2022,2022-RS,a. boesenecker,Protections For Mobile Home Park Residents,1,1,1,1,1,H,1,0
HB22-1288,2021_2022,2022-RS,b. titone,Safe Reporting Assaults Suffered By Sex Workers,1,1,1,1,1,H,0,0
HB22-1289,2021_2022,2022-RS,s. gonzales-gutierrez,Health Benefits For Colorado Children And Pregnant Persons,1,1,1,1,1,H,0,0
HB22-1290,2021_2022,2022-RS,b. titone,Changes To Medicaid For Wheelchair Repairs,1,1,1,1,1,H,0,0
HB22-1291,2021_2022,2022-RS,m. weissman,Sunrise Review Professions Occupations,1,1,1,1,1,H,0,0
HB22-1292,2021_2022,2022-RS,m. lindsay,Flexibility In Oral Health Program Funding,1,1,1,1,1,H,0,0
HB22-1293,2021_2022,2022-RS,l. daugherty,Medical Record Requests By Attorneys,1,1,1,0,0,H,0,0
HB22-1294,2021_2022,2022-RS,d. michaelson jenet,Special Education Services In Charter Schools,1,1,1,1,1,H,0,0
HB22-1295,2021_2022,2022-RS,e. sirota,Department Early Childhood And Universal Preschool Program,1,1,1,1,1,H,1,0
HB22-1296,2021_2022,2022-RS,k. mullica,Residential Real Property Classification,1,1,1,1,1,H,0,0
HB22-1297,2021_2022,2022-RS,c. kipp,Daylight Saving Time Year Round,1,1,1,1,1,H,1,0
HB22-1298,2021_2022,2022-RS,k. mullica,Fee Relief Nurses Nurse Aides AndTechnicians,1,1,1,1,1,H,0,0
HB22-1299,2021_2022,2022-RS,m. young,License Registration Fee Relief For Mental Health Professionals,1,1,1,1,1,H,0,0
HB22-1300,2021_2022,2022-RS,t. carver,Local Enforcement To Prevent Human Trafficking,1,1,1,1,1,H,1,0
HB22-1301,2021_2022,2022-RS,m. soper,Controlled Environmental Agricultural Facility As Agricultural Property,1,1,1,1,1,H,0,0
HB22-1302,2021_2022,2022-RS,c. kennedy,Health-care Practice Transformation,1,1,1,1,1,H,0,0
HB22-1303,2021_2022,2022-RS,j. amabile,Increase Residential Behavioral Health Beds,1,1,1,1,1,H,0,0
HB22-1304,2021_2022,2022-RS,d. roberts,State Grants Investments Local Affordable Housing,1,1,1,1,1,H,0,0
HB22-1305,2021_2022,2022-RS,y. caraveo,Paid Family Medical Leave Premium Reduction,1,1,1,1,0,H,0,0
HB22-1306,2021_2022,2022-RS,b. titone,Broadband Deployment Board Grant Processes,1,1,1,1,1,H,0,0
HB22-1307,2021_2022,2022-RS,d. valdez,Mental Health Professionals Technical Changes,1,1,1,1,1,H,0,0
HB22-1308,2021_2022,2022-RS,k. mccormick,Agricultural Workforce Services Program,1,1,1,1,1,H,0,0
HB22-1309,2021_2022,2022-RS,m. froelich,Hospital Dispense Drugs To Sexual Assault Victims,1,1,1,1,1,H,0,0
HB22-1310,2021_2022,2022-RS,c. larson,529 Account Apprenticeship Expenses,1,1,1,1,1,H,0,0
HB22-1311,2021_2022,2022-RS,a. pico,Correct Defects With Gas And Special Fuel Tax,1,1,1,1,1,H,0,0
HB22-1312,2021_2022,2022-RS,m. lynch,Modifications To Sales Tax Statutes To Address Defects,1,1,1,1,1,H,0,0
HB22-1313,2021_2022,2022-RS,k. mccormick,Agricultural Housing Public Health COVID-19 Emergency,1,1,1,1,1,H,0,0
HB22-1314,2021_2022,2022-RS,n. ricks,Towing Carrier Nonconsensual Tows,1,1,1,1,1,H,1,0
HB22-1315,2021_2022,2022-RS,m. snyder,Colorado 2-1-1 Collaborative Funding,1,1,1,1,1,H,0,0
HB22-1316,2021_2022,2022-RS,k. mccormick,Colorado Water Conservation Board Construction Fund Project,1,1,1,1,1,H,0,0
HB22-1317,2021_2022,2022-RS,k. tipper,Restrictive Employment Agreements,1,1,1,1,1,H,1,0
HB22-1318,2021_2022,2022-RS,a. benavidez,Extending Colorado Information Sharing Consortium Deadline,1,1,1,1,1,H,0,0
HB22-1319,2021_2022,2022-RS,s. gonzales-gutierrez,Dependency Proceedings Unaccompanied Child,1,1,1,1,1,H,0,0
HB22-1320,2021_2022,2022-RS,c. kipp,Achieving A Better Life Experience Savings Accounts,1,1,1,1,1,H,0,0
HB22-1321,2021_2022,2022-RS,h. mckean,Study Of Devices Assessing Motorist Impairment,1,1,1,1,1,H,0,0
HB22-1322,2021_2022,2022-RS,a. benavidez,Water Quality Regulation,1,1,1,1,1,H,0,0
HB22-1323,2021_2022,2022-RS,m. snyder,Updates To State Forest Service Tree Nursery,1,1,1,1,1,H,0,0
HB22-1324,2021_2022,2022-RS,t. bernett,Definition Of Pawnbroker,1,1,1,1,1,H,0,0
HB22-1325,2021_2022,2022-RS,c. kennedy,Primary Care Alternative Payment Models,1,1,1,1,1,H,0,0
HB22-1326,2021_2022,2022-RS,a. garnett,Fentanyl Accountability And Prevention,1,1,1,1,1,H,1,0
HB22-1327,2021_2022,2022-RS,l. herod,Native American Boarding Schools,1,1,1,1,1,H,0,0
HB22-1328,2021_2022,2022-RS,b. titone,Modify Main Street Business Recovery Loan Program,1,1,1,1,1,H,0,0
HB22-1329,2021_2022,2022-RS,j. mccluskie,2022-23 Long Bill,1,1,1,1,1,H,0,0
HB22-1330,2021_2022,2022-RS,j. mccluskie,Suspend 5-year Corrections Appropriations,1,1,1,1,1,H,0,0
HB22-1331,2021_2022,2022-RS,l. herod,Supplemental Funding For Facility Schools,1,1,1,1,1,H,0,0
HB22-1332,2021_2022,2022-RS,j. mccluskie,Office of Economic Development and International Trade American Rescue Plan Act Funds For Rural Colorado,1,1,1,1,1,H,0,0
HB22-1333,2021_2022,2022-RS,l. herod,Increase Minimum Wage For Nursing Home Workers,1,1,1,1,1,H,1,0
HB22-1334,2021_2022,2022-RS,l. herod,Food Distribution Program Administrative Fee,1,1,1,1,1,H,0,0
HB22-1335,2021_2022,2022-RS,j. mccluskie,Transfer To The Judicial Department Information Technology Cash Fund,1,1,1,1,1,H,0,0
HB22-1336,2021_2022,2022-RS,j. mccluskie,Streamline Processing Of Judicial Department Collections,1,1,1,1,1,H,0,0
HB22-1337,2021_2022,2022-RS,l. herod,State Personnel Director's Compensation Report,1,1,1,1,1,H,0,0
HB22-1338,2021_2022,2022-RS,l. herod,Modification Department Of Revenue Motor Vehicle-related Functions Funding,1,1,1,1,1,H,0,0
HB22-1339,2021_2022,2022-RS,l. herod,Merge Department Of Revenue Division Of Motor Vehicles Cash Funds,1,1,1,1,1,H,0,0
HB22-1340,2021_2022,2022-RS,l. herod,Capital-related Transfers Of Money,1,1,1,1,1,H,0,0
HB22-1341,2021_2022,2022-RS,l. herod,Marijuana Tax Cash Fund,1,1,1,1,1,H,0,0
HB22-1342,2021_2022,2022-RS,l. herod,State Emergency Reserve Cash Fund,1,1,1,1,1,H,0,0
HB22-1343,2021_2022,2022-RS,j. mccluskie,General Fund Exempt Account And Excess State Revenues,1,1,1,1,1,H,0,0
HB22-1344,2021_2022,2022-RS,p. neville,"FDA-approved Prescription 3,4-Methylenedioxymethamphetamine Drug Use",1,1,1,1,1,H,0,0
HB22-1345,2021_2022,2022-RS,l. cutter,Perfluoroalkyl And Polyfluoroalkyl Chemicals,1,1,1,1,1,H,0,0
HB22-1346,2021_2022,2022-RS,m. duran,Electrician Plumber Licensing Apprentice Ratio,1,1,1,1,1,H,0,0
HB22-1347,2021_2022,2022-RS,l. daugherty,Workers' Compensation Updates,1,1,1,1,1,H,0,0
HB22-1348,2021_2022,2022-RS,m. froelich,Oversight Of Chemicals Used In Oil & Gas,1,1,1,1,1,H,1,0
HB22-1349,2021_2022,2022-RS,m. duran,Postsecondary Student Success Data System,1,1,1,1,1,H,0,0
HB22-1350,2021_2022,2022-RS,j. mccluskie,Regional Talent Development Initiative Grant Program,1,1,1,1,1,H,0,0
HB22-1351,2021_2022,2022-RS,d. roberts,Temporarily Reduce Road User Charges,1,1,1,1,1,H,0,0
HB22-1352,2021_2022,2022-RS,k. mullica,Stockpile For Declared Disaster Emergencies,1,1,1,1,1,H,0,0
HB22-1353,2021_2022,2022-RS,t. bernett,Public Safety Communications Transfer,1,1,1,1,1,H,0,0
HB22-1354,2021_2022,2022-RS,m. lindsay,Protecting Injured Workers' Mental Health Records,1,1,1,1,1,H,0,0
HB22-1355,2021_2022,2022-RS,l. cutter,Producer Responsibility Program For Recycling,1,1,1,1,1,H,0,0
HB22-1356,2021_2022,2022-RS,l. herod,Small Community-based Nonprofit Grant Program,1,1,1,1,1,H,0,0
HB22-1357,2021_2022,2022-RS,m. weissman,Rate Increases homeowner's And Auto Insurance,1,1,0,0,0,H,0,0
HB22-1358,2021_2022,2022-RS,e. sirota,Clean Water In Schools And Child Care Centers,1,1,1,1,1,H,0,0
HB22-1359,2021_2022,2022-RS,j. bacon,Colorado Household Financial Recovery Program,1,1,1,1,1,H,0,0
HB22-1360,2021_2022,2022-RS,b. titone,Retaining Percentage Of Federal Child Support Payments,1,1,1,1,1,H,0,0
HB22-1361,2021_2022,2022-RS,a. boesenecker,Oil And Gas Reporting,1,1,1,1,1,H,0,0
HB22-1362,2021_2022,2022-RS,t. bernett,Building Greenhouse Gas Emissions,1,1,1,1,1,H,1,0
HB22-1363,2021_2022,2022-RS,m. weissman,Accountability To Taxpayers Special Districts,1,1,1,1,0,H,1,0
HB22-1364,2021_2022,2022-RS,l. cutter,Food Pantry Assistance Grant Program,1,1,1,1,1,H,0,0
HB22-1365,2021_2022,2022-RS,d. esgar,Southern Colorado Institute Of Transportation Technology At Colorado State University - Pueblo,1,1,1,1,1,H,0,0
HB22-1366,2021_2022,2022-RS,c. kipp,Improving Students' Postsecondary Options,1,1,1,1,1,H,0,0
HB22-1367,2021_2022,2022-RS,s. lontine,Updates To Employment Discrimination Laws,1,1,1,1,1,H,1,0
HB22-1368,2021_2022,2022-RS,l. herod,Community Corrections Programs Access,1,1,1,1,1,H,0,0
HB22-1369,2021_2022,2022-RS,e. sirota,Children's Mental Health Programs,1,1,1,1,1,H,0,0
HB22-1370,2021_2022,2022-RS,i. jodeh,Coverage Requirements For Health-care Products,1,1,1,1,1,H,1,0
HB22-1371,2021_2022,2022-RS,b. mclachlan,Remove Peace Officer Residency Requirement,1,1,1,1,1,H,0,0
HB22-1372,2021_2022,2022-RS,t. carver,Emergency Engine Exemption Emission Regulation,1,1,1,1,1,H,0,0
HB22-1373,2021_2022,2022-RS,s. gonzales-gutierrez,Court-ordered Restitution Paid By Juveniles,1,1,1,1,1,H,0,0
HB22-1374,2021_2022,2022-RS,d. michaelson jenet,Foster Care Success Act,1,1,1,1,1,H,0,0
HB22-1375,2021_2022,2022-RS,d. michaelson jenet,Child Residential Treatment And Runaway Youth,1,1,1,1,1,H,0,0
HB22-1376,2021_2022,2022-RS,l. herod,Supportive Learning Environments For K-12 Students,1,1,1,1,1,H,0,0
HB22-1377,2021_2022,2022-RS,s. woodrow,Grant Program Providing Responses To Homelessness,1,1,1,1,1,H,0,0
HB22-1378,2021_2022,2022-RS,i. jodeh,Denver-metro Regional Navigation Campus Grant,1,1,1,1,1,H,0,0
HB22-1379,2021_2022,2022-RS,k. mccormick,Wildfire Prevention Watershed Restoration Funding,1,1,1,1,1,H,0,0
HB22-1380,2021_2022,2022-RS,s. gonzales-gutierrez,Critical Services For Low-income Households,1,1,1,1,1,H,0,0
HB22-1381,2021_2022,2022-RS,b. titone,Colorado Energy Office Geothermal Energy Grant Program,1,1,1,1,1,H,0,0
HB22-1382,2021_2022,2022-RS,j. mccluskie,Support Dark Sky Designation And Promotion In Colorado,1,1,1,1,1,H,0,0
HB22-1383,2021_2022,2022-RS,c. kipp,Employment Opportunities For Juveniles,1,1,1,1,1,H,0,0
HB22-1384,2021_2022,2022-RS,b. mclachlan,Naturopathic Doctor Formulary,1,1,0,0,0,H,0,0
HB22-1385,2021_2022,2022-RS,b. titone,Colorado Operations Resource Engine Upgrade Project,1,1,1,1,1,H,0,0
HB22-1386,2021_2022,2022-RS,j. amabile,Competency To Proceed And Restoration To Competency,1,1,1,1,1,H,0,0
HB22-1387,2021_2022,2022-RS,b. titone,Common Interest Communities Reserve Funds,1,1,1,1,0,H,0,0
HB22-1388,2021_2022,2022-RS,a. valdez,Vehicle Registration And Certificate Of Title,1,1,1,1,1,H,0,0
HB22-1389,2021_2022,2022-RS,l. herod,Financial Literacy Exchange Program,1,1,1,1,1,H,0,0
HB22-1390,2021_2022,2022-RS,j. mccluskie,Public School Finance,1,1,1,1,1,H,1,0
HB22-1391,2021_2022,2022-RS,j. mccluskie,Modifications To Severance Tax,1,1,1,1,1,H,0,0
HB22-1392,2021_2022,2022-RS,s. bird,Contaminated Land Income Tax & Property Tax Credit,1,1,1,1,1,H,0,0
HB22-1393,2021_2022,2022-RS,k. tipper,Displaced Aurarian Scholarship,1,1,1,1,1,H,0,0
HB22-1394,2021_2022,2022-RS,d. esgar,Fund Just Transition Community And Worker Supports,1,1,1,1,1,H,0,0
HB22-1395,2021_2022,2022-RS,c. larson,Transportation Innovation Grant Program,1,1,0,0,0,H,0,0
HB22-1396,2021_2022,2022-RS,c. larson,Math Achievement Accelerator Grant Program,1,1,0,0,0,H,0,0
HB22-1397,2021_2022,2022-RS,l. herod,Statewide Equity Office,1,1,1,1,1,H,0,0
HB22-1398,2021_2022,2022-RS,s. bird,Insurance Companies' Registered Agents,1,1,1,1,1,H,0,0
HB22-1399,2021_2022,2022-RS,d. ortiz,Music Therapist Title Protection,1,1,1,1,0,H,0,0
HB22-1400,2021_2022,2022-RS,j. mccluskie,Procedural Requirements For State Enterprises,1,1,1,1,1,H,0,0
HB22-1401,2021_2022,2022-RS,k. mullica,Hospital Nurse Staffing Standards,1,1,1,1,1,H,0,0
HB22-1402,2021_2022,2022-RS,a. garnett,Responsible Gaming Grant Program,1,1,1,1,1,H,0,0
HB22-1403,2021_2022,2022-RS,i. jodeh,Extend HB21-1198 Implementation Date 3 Months,1,1,1,1,1,H,0,0
HB22-1404,2021_2022,2022-RS,t. van beber,Colorado Critical Infrastructure Resiliency Initiative,1,1,0,0,0,H,0,0
HB22-1405,2021_2022,2022-RS,m. lindsay,Add Faculty To Key Participant Definition For Hemp,1,1,1,1,1,H,0,0
HB22-1406,2021_2022,2022-RS,l. herod,Qualified Retailer Retain Sales Tax,1,1,1,1,1,H,0,0
HB22-1407,2021_2022,2022-RS,d. valdez,Veterans Audit Higher Education Courses,1,1,1,1,1,H,0,0
HB22-1408,2021_2022,2022-RS,l. herod,Modify Performance-based Incentive For Film Production,1,1,1,1,1,H,0,0
HB22-1409,2021_2022,2022-RS,l. herod,Community Revitalization Grant Program Funding,1,1,1,1,1,H,0,0
HB22-1410,2021_2022,2022-RS,s. bird,Remote Work Employees Of Supervised Lenders,1,1,1,1,1,H,0,0
HB22-1411,2021_2022,2022-RS,j. mccluskie,Money From Coronavirus State Fiscal Recovery Fund,1,1,1,1,1,H,0,0
HB22-1412,2021_2022,2022-RS,a. garnett,Sunset Division Of Gaming,1,1,1,1,1,H,0,0
HB22-1413,2021_2022,2022-RS,d. esgar,Remote Testimony Before Legislative Committees,1,1,1,1,1,H,0,0
HB22-1414,2021_2022,2022-RS,s. gonzales-gutierrez,Healthy Meals For All Public School Students,1,1,1,1,0,H,1,0
HB22-1415,2021_2022,2022-RS,s. bird,Repeal Registered Manager Requirement Liquor Licensees,1,1,1,1,1,H,0,0
HB22-1416,2021_2022,2022-RS,d. esgar,Property Tax Administrative Procedures,1,1,1,1,1,H,0,0
HB22-1417,2021_2022,2022-RS,d. roberts,Alcohol Beverages Task Force And Retailer Licenses,1,1,1,1,0,H,0,0
HB22-1418,2021_2022,2022-RS,l. herod,Extension Of Certain Unused Tax Credits,1,1,1,1,1,H,0,0
SB22-0001,2021_2022,2022-RS,j. buckner,Crime Prevention Through Safer Streets,1,1,1,1,1,S,0,0
SB22-0002,2021_2022,2022-RS,j. ginal,Resources For Volunteer Firefighters,1,1,1,1,1,S,0,0
SB22-0003,2021_2022,2022-RS,j. buckner,Community College Nursing Bachelor Degree Eligibility,1,1,1,1,1,S,1,0
SB22-0004,2021_2022,2022-RS,b. rankin,Evidence-based Training In Science Of Reading,1,1,1,1,1,S,0,0
SB22-0005,2021_2022,2022-RS,j. bridges,Law Enforcement Agency Peace Officer Services,1,1,1,1,1,S,0,0
SB22-0006,2021_2022,2022-RS,c. kolker,Sales Tax Assistance For Small Bus,1,1,1,1,1,S,0,0
SB22-0007,2021_2022,2022-RS,t. story,Increase Wildfire Risk Mitigation Outreach Efforts,1,1,1,1,1,S,0,0
SB22-0008,2021_2022,2022-RS,r. zenzinger,Higher Education Support For Foster Youth,1,1,1,1,1,S,0,0
SB22-0009,2021_2022,2022-RS,j. ginal,Recertification And Theft Of Catalytic Converters,1,1,1,1,1,S,0,0
SB22-0010,2021_2022,2022-RS,c. simpson,Pretrial Diversion For Person With Behavioral Health,1,1,1,1,1,S,0,0
SB22-0011,2021_2022,2022-RS,r. zenzinger,America 250 - Colorado 150 Commission,1,1,1,1,1,S,0,0
SB22-0012,2021_2022,2022-RS,k. donovan,Versions Of The Colorado Constitution,1,1,1,1,1,S,0,0
SB22-0013,2021_2022,2022-RS,s. fenberg,Boards And Commissions,1,1,1,1,1,S,0,0
SB22-0014,2021_2022,2022-RS,d. moreno,Colorado Youth Advisory Council Updates,1,1,1,1,1,S,0,0
SB22-0015,2021_2022,2022-RS,c. holbert,Douglas County On Urban Drainage Flood Control District,1,1,1,1,1,S,0,0
SB22-0016,2021_2022,2022-RS,r. scott,Modifying Department Of Transportation Governance,1,1,0,0,0,S,0,0
SB22-0017,2021_2022,2022-RS,r. scott,Fluid Milk Products Not Divisible Load,1,1,1,1,1,S,0,0
SB22-0018,2021_2022,2022-RS,p. lee,Expand Court Reminder Program,1,1,1,1,1,S,0,0
SB22-0019,2021_2022,2022-RS,f. winter,Access To Suppressed Court Eviction Records,1,1,1,1,1,S,1,0
SB22-0020,2021_2022,2022-RS,b. gardner,Court Reporter Administering Oaths Or Affirmations,1,1,1,1,1,S,0,0
SB22-0021,2021_2022,2022-RS,r. rodriguez,Treatment Behavioral Health Disorders Justice System,1,1,1,1,1,S,0,0
SB22-0022,2021_2022,2022-RS,p. lee,Enactment Of CRS 2021,1,1,1,1,1,S,0,0
SB22-0023,2021_2022,2022-RS,j. gonzales,Deceptive Tactics Juvenile Custodian Interrogation,1,1,1,1,0,S,0,0
SB22-0024,2021_2022,2022-RS,r. fields,Intimidating A Witness Changes,1,1,1,1,1,S,0,0
SB22-0025,2021_2022,2022-RS,c. hansen,Security Token Offerings State Capital Financing,1,1,1,1,1,S,0,0
SB22-0026,2021_2022,2022-RS,j. ginal,Oil And Gas Operator Property Tax Procedures,1,1,1,1,1,S,0,0
SB22-0027,2021_2022,2022-RS,j. smallwood,Prescription Drug Monitoring Program,1,1,1,1,1,S,0,0
SB22-0028,2021_2022,2022-RS,c. simpson,Groundwater Compact Compliance Fund,1,1,1,1,1,S,0,0
SB22-0029,2021_2022,2022-RS,d. coram,Investment Water Speculation,1,1,0,0,0,S,0,0
SB22-0030,2021_2022,2022-RS,k. donovan,Expand Water Resources Review Committe To Include Agriculture,1,1,1,1,1,S,0,0
SB22-0031,2021_2022,2022-RS,s. jaquez lewis,Prohibit Hunting Bobcat Lynx And Mountain Lion,1,1,0,0,0,S,0,0
SB22-0032,2021_2022,2022-RS,j. bridges,Simplify Local Sales & Use Tax Administration,1,1,1,1,1,S,0,0
SB22-0033,2021_2022,2022-RS,k. priola,Retail Liquor Store Minimally Processed Food,1,1,0,0,0,S,0,0
SB22-0034,2021_2022,2022-RS,c. kolker,Business Filing Address And Name Fraud,1,1,1,1,1,S,0,0
SB22-0035,2021_2022,2022-RS,r. rodriguez,Coverage Levels For Occupational Accident Insurance,1,1,1,1,1,S,0,0
SB22-0036,2021_2022,2022-RS,c. hansen,State Payment Old Hire Death And Disability Benefits,1,1,1,1,1,S,0,0
SB22-0037,2021_2022,2022-RS,d. moreno,Tony Grampsas Youth Services Program,1,1,1,1,1,S,0,0
SB22-0038,2021_2022,2022-RS,j. sonnenberg,Healthcare Affordability And Sustainability Fee,1,1,0,0,0,S,0,0
SB22-0039,2021_2022,2022-RS,p. lundeen,Funding For Educational Opportunities,1,1,0,0,0,S,0,0
SB22-0040,2021_2022,2022-RS,j. smallwood,Actuarial Reviews Health Insurance Mandate Legislation,1,1,1,1,1,S,0,0
SB22-0041,2021_2022,2022-RS,r. woodward,Pretrial Release For Repeat And Violent Offenders,1,1,0,0,0,S,0,0
SB22-0042,2021_2022,2022-RS,d. coram,Colorado State Fair Authority Board Membership,1,1,1,1,1,S,0,0
SB22-0043,2021_2022,2022-RS,j. cooke,Restitution Services For Victims,1,1,1,1,1,S,0,0
SB22-0044,2021_2022,2022-RS,t. story,Use Of Student Growth In Educator Evaluations,1,1,0,0,0,S,0,0
SB22-0045,2021_2022,2022-RS,p. lee,Modifications To Colorado Public Benefit Corporation Act,1,1,1,1,1,S,0,0
SB22-0046,2021_2022,2022-RS,j. smallwood,Parker Election Inclusion Or Exclusion From RTD Regional Transportation District,1,1,0,0,0,S,0,0
SB22-0047,2021_2022,2022-RS,c. kolker,Update Option For Voter Registration,1,1,0,0,0,S,0,0
SB22-0048,2021_2022,2022-RS,r. scott,CDOT Colorado Department Of Transportation Dispute Review Board Process,1,1,0,0,0,S,0,0
SB22-0049,2021_2022,2022-RS,r. fields,Victim Rights Act,1,1,1,1,1,S,0,0
SB22-0050,2021_2022,2022-RS,j. coleman,Work Opportunities For Offenders In Department Of Corrections,1,1,1,1,1,S,0,0
SB22-0051,2021_2022,2022-RS,c. hansen,Policies To Reduce Emissions From Built Environment,1,1,1,1,1,S,0,0
SB22-0052,2021_2022,2022-RS,s. jaquez lewis,Medical Assistance Income Eligibility Requirements,1,1,1,1,1,S,0,0
SB22-0053,2021_2022,2022-RS,j. sonnenberg,Health Facility Visitation During Pandemic,1,1,1,1,1,S,0,0
SB22-0054,2021_2022,2022-RS,r. zenzinger,Recommend Community School For Turnaround Plan,1,1,1,1,1,S,0,0
SB22-0055,2021_2022,2022-RS,j. cooke,Alcohol Monitoring For Impaired Driving Offenders,1,1,1,1,1,S,1,0
SB22-0056,2021_2022,2022-RS,j. sonnenberg,UNC Osteopathic Medicine Degrees,1,1,1,1,1,S,0,0
SB22-0057,2021_2022,2022-RS,j. cooke,Violent Crime Victim Brain Injury Screening Program,1,1,1,1,1,S,0,0
SB22-0058,2021_2022,2022-RS,c. simpson,Dental Hygienists Peer Health Assistance Program,1,1,1,1,1,S,0,0
SB22-0059,2021_2022,2022-RS,c. holbert,Home Owners' Association Voting Proxy Limitations,1,1,1,1,1,S,0,0
SB22-0060,2021_2022,2022-RS,j. bridges,Limit Home Owners' Association Fee Increases For Common Elements,1,1,0,0,0,S,0,0
SB22-0061,2021_2022,2022-RS,d. hisey,"Office Of Saving People Money On Health Care In SMART State Measurement for Accountable, Responsive, and Transparent Government Act",1,1,0,0,0,S,0,0
SB22-0062,2021_2022,2022-RS,p. lee,Committee On Legal Services Procedures,1,1,1,1,1,S,0,0
SB22-0063,2021_2022,2022-RS,l. liston,Property Ownership Fairness Act,1,1,0,0,0,S,0,0
SB22-0064,2021_2022,2022-RS,r. zenzinger,Neighborhood Youth Organizations,1,1,1,1,1,S,0,0
SB22-0065,2021_2022,2022-RS,d. hisey,Modification To County Coroners' Salaries,1,1,1,1,1,S,0,0
SB22-0066,2021_2022,2022-RS,r. woodward,Restore Unemployment Insurance Fund Balance,1,1,0,0,0,S,0,0
SB22-0067,2021_2022,2022-RS,p. lundeen,Safe Neighborhoods Grant Program,1,1,0,0,0,S,0,0
SB22-0068,2021_2022,2022-RS,r. rodriguez,Provider Tool To View All-payer Claims Database,1,1,1,1,1,S,0,0
SB22-0069,2021_2022,2022-RS,t. story,Learning Disruption Effect On Teacher Evaluation,1,1,1,1,1,S,0,0
SB22-0070,2021_2022,2022-RS,j. bridges,Kindergarten Through Twelfth Grade Licensed Personnel Performance Evaluations,1,1,1,1,1,S,0,0
SB22-0071,2021_2022,2022-RS,r. woodward,Learning Pods For Home-school Programs,1,1,0,0,0,S,0,0
SB22-0072,2021_2022,2022-RS,p. lundeen,Grants To Incentivize Home Use For Renters,1,1,0,0,0,S,0,0
SB22-0073,2021_2022,2022-RS,b. rankin,Alternative Energy Sources,1,1,0,0,0,S,0,0
SB22-0074,2021_2022,2022-RS,r. scott,Transportation Project Procurement Monitoring,1,1,0,0,0,S,0,0
SB22-0075,2021_2022,2022-RS,c. simpson,Removal Of Cemetery District Directors,1,1,1,1,1,S,0,0
SB22-0076,2021_2022,2022-RS,c. holbert,Complaint Occupational License Official Acts,1,1,1,1,1,S,0,0
SB22-0077,2021_2022,2022-RS,j. ginal,Interstate Licensed Professional Counselor Compact,1,1,1,1,1,S,0,0
SB22-0078,2021_2022,2022-RS,b. kirkmeyer,Prior Authorization Exemption Health-care Provider,1,1,1,1,0,S,0,0
SB22-0079,2021_2022,2022-RS,c. kolker,Dementia Training Requirements Colorado Department of Public Health and Environment Department of Health Care Policy and Financing Rules,1,1,1,1,1,S,0,0
SB22-0080,2021_2022,2022-RS,k. donovan,Wildland Fire Investigations,1,1,1,1,0,S,0,0
SB22-0081,2021_2022,2022-RS,j. smallwood,Health Exchange Education Campaign Health-care Services,1,1,1,1,1,S,0,0
SB22-0082,2021_2022,2022-RS,k. donovan,Geographical Area Hazardous Air Pollution Rule,1,1,0,0,0,S,0,0
SB22-0083,2021_2022,2022-RS,d. coram,Broadband Provider's Use Of Public Rights-of-way,1,1,1,1,1,S,0,0
SB22-0084,2021_2022,2022-RS,b. gardner,529 Plan Education Loan Payment Eligible Distribution,1,1,0,0,0,S,0,0
SB22-0085,2021_2022,2022-RS,d. coram,Colorado Safe Student Protection Program,1,1,1,1,0,S,0,0
SB22-0086,2021_2022,2022-RS,f. winter,Homestead Exemption And Consumer Debt Protection,1,1,1,1,1,S,0,0
SB22-0087,2021_2022,2022-RS,b. pettersen,Healthy Meals For All Public School Students,1,1,0,0,0,S,0,0
SB22-0088,2021_2022,2022-RS,l. liston,Tuition Assistance For Building Trade Certificates,1,1,0,0,0,S,0,0
SB22-0089,2021_2022,2022-RS,b. gardner,Sex Offender Management Board,1,1,0,0,0,S,0,0
SB22-0090,2021_2022,2022-RS,t. story,Severe Weather Notifications To Utility Customers,1,1,0,0,0,S,0,0
SB22-0091,2021_2022,2022-RS,j. buckner,Nonsubstantive Changes To Rule Review Statutes,1,1,1,1,1,S,0,0
SB22-0092,2021_2022,2022-RS,b. gardner,Update Colorado Probate Code,1,1,1,1,1,S,0,0
SB22-0093,2021_2022,2022-RS,l. liston,Expand Senior And Veteran Property Tax Exemptions,1,1,0,0,0,S,0,0
SB22-0094,2021_2022,2022-RS,d. coram,Insurer Liability For Property And Casualty Claims,1,1,0,0,0,S,0,0
SB22-0095,2021_2022,2022-RS,r. fields,Improving Missing Person Investigations,1,1,1,1,1,S,0,0
SB22-0096,2021_2022,2022-RS,r. scott,Transportation Budget Requirements,1,1,0,0,0,S,0,0
SB22-0097,2021_2022,2022-RS,b. pettersen,Whistleblower Protection Health & Safety,1,1,1,1,1,S,0,0
SB22-0098,2021_2022,2022-RS,r. rodriguez,Program Allowing Redispensing Of Unused Drugs,1,1,1,1,1,S,1,0
SB22-0099,2021_2022,2022-RS,d. hisey,Sealing Criminal Records,1,1,1,1,1,S,1,0
SB22-0100,2021_2022,2022-RS,f. winter,Continue Domestic Violence Fatality Review Board,1,1,1,1,1,S,0,0
SB22-0101,2021_2022,2022-RS,j. smallwood,Colorado School Resource Officer Grant Program,1,1,0,0,0,S,0,0
SB22-0102,2021_2022,2022-RS,b. kirkmeyer,Transparency Out-of-home Placements Developmental Disabilities,1,1,1,1,1,S,0,0
SB22-0103,2021_2022,2022-RS,j. gonzales,Remedy For Improper Guilty Pleas,1,1,1,1,1,S,1,0
SB22-0104,2021_2022,2022-RS,k. donovan,Tribal Governments Included In State Programs,1,1,1,1,1,S,0,0
SB22-0105,2021_2022,2022-RS,k. donovan,Tribal Governments Annual Address To Joint Session,1,1,1,1,1,S,0,0
SB22-0106,2021_2022,2022-RS,c. kolker,Conflict Of Interest In Public Behavioral Health,1,1,1,1,1,S,0,0
SB22-0107,2021_2022,2022-RS,b. gardner,Pikes Peak International Hill Climb License Plate,1,1,1,1,1,S,0,0
SB22-0108,2021_2022,2022-RS,l. liston,Altered Truck Weight Documents,1,1,1,1,1,S,0,0
SB22-0109,2021_2022,2022-RS,b. gardner,Prohibit Labor Actions Against Public Employers,1,1,0,0,0,S,0,0
SB22-0110,2021_2022,2022-RS,j. sonnenberg,Equip Wind Turbine Aircraft Detection Lighting System,1,1,1,1,1,S,0,0
SB22-0111,2021_2022,2022-RS,j. smallwood,Infection Prevention Grants To Nursing Facilities,1,1,0,0,0,S,0,0
SB22-0112,2021_2022,2022-RS,b. kirkmeyer,State Agency Emergency Procurement Modifications,1,1,0,0,0,S,0,0
SB22-0113,2021_2022,2022-RS,c. hansen,Artificial Intelligence Facial Recognition,1,1,1,1,1,S,1,0
SB22-0114,2021_2022,2022-RS,d. hisey,Fire Suppression Ponds Water Rights,1,1,1,1,1,S,0,0
SB22-0115,2021_2022,2022-RS,s. jaquez lewis,Clarifying Terms Related To Landowner Liability,1,1,1,1,1,S,0,0
SB22-0116,2021_2022,2022-RS,c. holbert,Increase Occupational Credential Portability,1,1,1,1,1,S,0,0
SB22-0117,2021_2022,2022-RS,d. coram,Gross Receipts Of Out-of-state Pari-mutuel Bets,1,1,0,0,0,S,0,0
SB22-0118,2021_2022,2022-RS,r. woodward,Encourage Geothermal Energy Use,1,1,1,1,1,S,0,0
SB22-0119,2021_2022,2022-RS,c. simpson,Conservation Easement Tax Credit,1,1,0,0,0,S,0,0
SB22-0120,2021_2022,2022-RS,j. ginal,Regulation Of Kratom Processors,1,1,1,1,1,S,0,0
SB22-0121,2021_2022,2022-RS,r. zenzinger,Tuition Revenue Pledged By Institution Higher Education,1,1,1,1,1,S,0,0
SB22-0122,2021_2022,2022-RS,b. gardner,Uniform Voidable Transactions Act,1,1,0,0,0,S,0,0
SB22-0123,2021_2022,2022-RS,p. lundeen,Late Vehicle Titling And Registration Penalties,1,1,0,0,0,S,0,0
SB22-0124,2021_2022,2022-RS,r. woodward,SALT Parity Act,1,1,1,1,1,S,0,0
SB22-0125,2021_2022,2022-RS,j. sonnenberg,Allow Rural Public Health-care Entity Cooperation,1,1,0,0,0,S,0,0
SB22-0126,2021_2022,2022-RS,j. sonnenberg,Prioritize Water Storage Projects South Platte Basin,1,1,1,1,0,S,0,0
SB22-0127,2021_2022,2022-RS,b. kirkmeyer,Special Education Funding,1,1,1,1,1,S,0,0
SB22-0128,2021_2022,2022-RS,j. gonzales,Implicit Bias In Jury Selection,1,1,0,0,0,S,0,0
SB22-0129,2021_2022,2022-RS,j. cooke,Process For Proposed Air Quality Rules,1,1,0,0,0,S,0,0
SB22-0130,2021_2022,2022-RS,b. rankin,State Entity Authority For Public-private Partnerships,1,1,1,1,1,S,0,0
SB22-0131,2021_2022,2022-RS,s. jaquez lewis,Protect Health Of Pollinators And People,1,1,0,0,0,S,0,0
SB22-0132,2021_2022,2022-RS,r. fields,Allow Vintner's Restaurants To Deliver To Consumer,1,1,0,0,0,S,0,0
SB22-0133,2021_2022,2022-RS,f. winter,Provide Security For Certain Elected Officials,1,1,1,1,1,S,0,0
SB22-0134,2021_2022,2022-RS,n. hinrichsen,State Fair Master Plan Funding,1,1,1,1,1,S,0,0
SB22-0135,2021_2022,2022-RS,j. bridges,Standard Time In Colorado,1,1,0,0,0,S,0,0
SB22-0136,2021_2022,2022-RS,t. story,Special District Governance,1,1,0,0,0,S,0,0
SB22-0137,2021_2022,2022-RS,r. zenzinger,Transition Back To Standard K-12 Accountability,1,1,1,1,1,S,0,0
SB22-0138,2021_2022,2022-RS,c. hansen,Reduce Greenhouse Gas Emissions In Colorado,1,1,1,1,0,S,0,0
SB22-0139,2021_2022,2022-RS,j. buckner,Juneteenth New State Holiday,1,1,1,1,1,S,0,1
SB22-0140,2021_2022,2022-RS,j. coleman,Expansion Of Experiential Learning Opportunities,1,1,1,1,1,S,0,0
SB22-0141,2021_2022,2022-RS,d. moreno,Nonsubstantive Changes To Title 43,1,1,1,1,1,S,0,0
SB22-0142,2021_2022,2022-RS,r. woodward,Repeal Municipal Bond Supervision Advisory Board,1,1,1,1,1,S,0,0
SB22-0143,2021_2022,2022-RS,b. kirkmeyer,Update Common Provision Term Regulator Title 12,1,1,1,1,1,S,0,0
SB22-0144,2021_2022,2022-RS,r. zenzinger,Public And Nonprofit Entities Rideshare Contracts,1,1,1,1,1,S,0,0
SB22-0145,2021_2022,2022-RS,j. buckner,Resources To Increase Community Safety,1,1,1,1,1,S,0,0
SB22-0146,2021_2022,2022-RS,r. zenzinger,Middle Income Access Program Expansion,1,1,1,1,1,S,0,0
SB22-0147,2021_2022,2022-RS,c. kolker,Behavioral Health-care Services For Children,1,1,1,1,1,S,0,0
SB22-0148,2021_2022,2022-RS,k. donovan,Colorado Land-based Tribe Behavioral Health Services Grant Program,1,1,1,1,1,S,1,0
SB22-0149,2021_2022,2022-RS,k. priola,Improve Marijuana Industry Regulation,1,1,0,0,0,S,0,0
SB22-0150,2021_2022,2022-RS,j. danielson,Missing And Murdered Indigenous Relatives,1,1,1,1,1,S,1,0
SB22-0151,2021_2022,2022-RS,j. danielson,Safe Crossings For Colorado Wildlife And Motorists,1,1,1,1,1,S,0,0
SB22-0152,2021_2022,2022-RS,s. fenberg,Residence Of Voter Whose Home Is Destroyed,1,1,1,1,1,S,0,0
SB22-0153,2021_2022,2022-RS,s. fenberg,Internal Election Security Measures,1,1,1,1,1,S,0,0
SB22-0154,2021_2022,2022-RS,j. danielson,Increasing Safety In Assisted Living Residences,1,1,1,1,1,S,1,0
SB22-0155,2021_2022,2022-RS,d. coram,Expand Medical Marijuana Research Grant Programs,1,1,1,1,1,S,1,0
SB22-0156,2021_2022,2022-RS,c. kolker,Medicaid Prior Authorization And Recovery Of Payment,1,1,1,1,1,S,0,0
SB22-0157,2021_2022,2022-RS,c. holbert,Information Sharing For Consumer Protection Investigation,1,1,1,1,1,S,0,0
SB22-0158,2021_2022,2022-RS,k. donovan,Species Conservation Trust Fund Projects,1,1,1,1,1,S,0,0
SB22-0159,2021_2022,2022-RS,j. bridges,Revolving Loan Fund Invest Affordable Housing,1,1,1,1,1,S,0,0
SB22-0160,2021_2022,2022-RS,j. gonzales,Loan Program Resident-owned Communities,1,1,1,1,1,S,0,0
SB22-0161,2021_2022,2022-RS,j. danielson,Wage Theft Employee Misclassification Enforcement,1,1,1,1,1,S,0,0
SB22-0162,2021_2022,2022-RS,r. zenzinger,Administration Organization Act Modernization,1,1,1,1,1,S,0,0
SB22-0163,2021_2022,2022-RS,j. coleman,Establish State Procurement Equity Program,1,1,1,1,1,S,0,0
SB22-0164,2021_2022,2022-RS,r. zenzinger,Correction Property Tax Disclosure Information Metropolitan District,1,1,1,1,1,S,0,0
SB22-0165,2021_2022,2022-RS,j. bridges,Colorado Career Advisor Training Program,1,1,1,1,1,S,0,0
SB22-0166,2021_2022,2022-RS,k. donovan,Nongame Conservation Check-off Extension,1,1,1,1,1,S,0,0
SB22-0167,2021_2022,2022-RS,j. ginal,Affirm Greyhounds As Companion Pets,1,1,1,1,1,S,0,0
SB22-0168,2021_2022,2022-RS,k. donovan,Backcountry Search And Rescue,1,1,1,1,1,S,0,0
SB22-0169,2021_2022,2022-RS,k. donovan,Sensitive Species Data And Public Records,1,1,1,1,1,S,0,0
SB22-0170,2021_2022,2022-RS,f. winter,Permissible Uses Of Waste Tire Fund,1,1,1,1,1,S,0,0
SB22-0171,2021_2022,2022-RS,j. bridges,Privacy Protections For Educators,1,1,1,1,1,S,0,0
SB22-0172,2021_2022,2022-RS,f. winter,Colorado Rural Health-care Workforce Initiative,1,1,1,1,1,S,0,0
SB22-0173,2021_2022,2022-RS,r. rodriguez,Telepharmacy Criteria Remove Location Restriction,1,1,1,1,1,S,0,0
SB22-0174,2021_2022,2022-RS,j. buckner,Sunset Review Hearing Criteria,1,1,1,1,1,S,0,0
SB22-0175,2021_2022,2022-RS,c. hansen,Mobile Electronic Devices And Motor Vehicle Driving,1,1,1,1,0,S,0,0
SB22-0176,2021_2022,2022-RS,c. hansen,Early Stage Front Range Passenger Rail Funding,1,1,1,1,1,S,0,0
SB22-0177,2021_2022,2022-RS,b. pettersen,Investments In Care Coordination Infrastructure,1,1,1,1,1,S,0,0
SB22-0178,2021_2022,2022-RS,j. gonzales,Licensees Ability To Change Marijuana Designation,1,1,1,1,1,S,0,0
SB22-0179,2021_2022,2022-RS,j. ginal,Deter Tampering Motor Vehicle Emission Control System,1,1,1,1,1,S,1,0
SB22-0180,2021_2022,2022-RS,f. winter,Programs To Reduce Ozone Through Increased Transit,1,1,1,1,1,S,0,0
SB22-0181,2021_2022,2022-RS,j. bridges,Behavioral Health-care Workforce,1,1,1,1,1,S,0,0
SB22-0182,2021_2022,2022-RS,c. hansen,Economic Mobility Program,1,1,1,1,1,S,0,0
SB22-0183,2021_2022,2022-RS,f. winter,Crime Victims Services,1,1,1,1,1,S,0,0
SB22-0184,2021_2022,2022-RS,s. fenberg,Compensation Requirements For Members Of The General Assembly,1,1,1,1,1,S,0,0
SB22-0185,2021_2022,2022-RS,j. danielson,Security For Colorado Seniors,1,1,1,1,1,S,0,0
SB22-0186,2021_2022,2022-RS,j. ginal,Create Colorado Rare Disease Advisory Council,1,1,1,1,1,S,0,0
SB22-0187,2021_2022,2022-RS,j. danielson,Supporting Recovery Programs Persons Who Wander,1,1,1,1,1,S,0,0
SB22-0188,2021_2022,2022-RS,r. fields,Behavioral Health Support For Criminal Justice Advocates,1,1,1,1,1,S,0,0
SB22-0189,2021_2022,2022-RS,j. danielson,Colorado Geriatric Provider Pipeline Program,1,1,0,0,0,S,0,0
SB22-0190,2021_2022,2022-RS,j. danielson,United States Space Force Special License Plate,1,1,1,1,1,S,0,0
SB22-0191,2021_2022,2022-RS,j. bridges,Procurement Of Information Technology Resources,1,1,1,1,1,S,0,0
SB22-0192,2021_2022,2022-RS,r. zenzinger,Opportunities For Credential Attainment,1,1,1,1,1,S,0,0
SB22-0193,2021_2022,2022-RS,s. fenberg,Air Quality Improvement Investments,1,1,1,1,1,S,1,0
SB22-0194,2021_2022,2022-RS,t. story,Money In Creative Industries Cash Fund,1,1,1,1,1,S,0,0
SB22-0195,2021_2022,2022-RS,k. donovan,Modifications To Conservation District Grant Fund,1,1,1,1,1,S,0,0
SB22-0196,2021_2022,2022-RS,j. gonzales,Health Needs Of Persons In Criminal Justice System,1,1,1,1,1,S,0,0
SB22-0197,2021_2022,2022-RS,j. coleman,Innovation School Zones With Alternative Governance,1,1,1,1,1,S,0,0
SB22-0198,2021_2022,2022-RS,s. fenberg,Orphaned Oil And Gas Wells Enterprise,1,1,1,1,1,S,0,0
SB22-0199,2021_2022,2022-RS,s. jaquez lewis,Native Pollinating Insects Protection Study,1,1,1,1,1,S,0,0
SB22-0200,2021_2022,2022-RS,j. ginal,Rural Provider Stimulus Grant Program,1,1,1,1,1,S,0,0
SB22-0201,2021_2022,2022-RS,p. lee,Commission On Judicial Discipline,1,1,1,1,1,S,0,0
SB22-0202,2021_2022,2022-RS,r. zenzinger,State Match For Mill Levy Override Revenue,1,1,1,1,1,S,0,0
SB22-0203,2021_2022,2022-RS,r. fields,Program Of All-inclusive Care For The Elderly,1,1,1,1,1,S,1,0
SB22-0204,2021_2022,2022-RS,j. gonzales,Repeal Federal Government Confirm Status For Identification Documents,1,1,1,1,1,S,0,0
SB22-0205,2021_2022,2022-RS,s. fenberg,Intoxicating Hemp And Tetrahydrocannabinol Products,1,1,1,1,1,S,0,0
SB22-0206,2021_2022,2022-RS,s. fenberg,Disaster Preparedness And Recovery Resources,1,1,1,1,1,S,0,0
SB22-0207,2021_2022,2022-RS,f. winter,Prevention Of Title IX Misconduct In Public Schools,1,1,1,1,1,S,0,0
SB22-0208,2021_2022,2022-RS,f. winter,Condemned Conservation Easement Property Compensation,1,1,1,1,1,S,0,0
SB22-0209,2021_2022,2022-RS,k. donovan,Meat Processing Grant And Loan Assistance,1,1,1,1,1,S,0,0
SB22-0210,2021_2022,2022-RS,r. zenzinger,License Supplemental Health-care Staffing Agencies,1,1,1,1,1,S,0,0
SB22-0211,2021_2022,2022-RS,r. fields,Repurpose The Ridge View Campus,1,1,1,1,1,S,0,0
SB22-0212,2021_2022,2022-RS,p. lee,Revisor's Bill,1,1,1,1,1,S,0,0
SB22-0213,2021_2022,2022-RS,r. fields,Child Care Support Programs,1,1,1,1,1,S,0,0
SB22-0214,2021_2022,2022-RS,c. hansen,General Fund Transfer To Public Employees' Retirement Association Payment Cash Fund,1,1,1,1,1,S,0,0
SB22-0215,2021_2022,2022-RS,c. hansen,Infrastructure Investment And Jobs Act Cash Fund,1,1,1,1,1,S,0,0
SB22-0216,2021_2022,2022-RS,c. hansen,Reallocation Of Limited Gaming Revenues,1,1,1,1,1,S,0,0
SB22-0217,2021_2022,2022-RS,c. hansen,Programs That Benefit Persons With Disabilities,1,1,1,1,1,S,0,0
SB22-0218,2021_2022,2022-RS,c. holbert,Sunset bill sponsorship,1,1,1,1,1,S,0,0
SB22-0219,2021_2022,2022-RS,d. moreno,Regulate Dental Therapists,1,1,1,1,1,S,0,0
SB22-0220,2021_2022,2022-RS,c. hansen,Property Tax Deferral Program,1,1,1,1,1,S,0,0
SB22-0221,2021_2022,2022-RS,n. hinrichsen,Minimum Age Of Motorboat Operators,1,1,1,0,0,S,0,0
SB22-0222,2021_2022,2022-RS,b. pettersen,Amount Of Tax Owed Table For Initiatives,1,1,1,1,0,S,0,0
SB22-0223,2021_2022,2022-RS,n. hinrichsen,Motor Vehicle Dealer Principal Place Of Business,1,1,1,1,1,S,0,0
SB22-0224,2021_2022,2022-RS,s. fenberg,Protections For Donor-conceived Persons And Families,1,1,1,1,1,S,0,0
SB22-0225,2021_2022,2022-RS,r. zenzinger,Ambulance Service Sustainability And State Licensing,1,1,1,1,1,S,0,0
SB22-0226,2021_2022,2022-RS,s. jaquez lewis,Programs To Support Health-care Workforce,1,1,1,1,1,S,0,0
SB22-0227,2021_2022,2022-RS,n. hinrichsen,Continue Department Of Agriculture Spending Authority Agriculture Programs,1,1,1,1,1,S,0,0
SB22-0228,2021_2022,2022-RS,r. rodriguez,Retail Establishments Accept Cash Enforcement,1,1,1,1,1,S,0,0
SB22-0229,2021_2022,2022-RS,t. story,Release Deed Of Trust Without Evidence Of Debt,1,1,1,1,1,S,0,0
SB22-0230,2021_2022,2022-RS,s. fenberg,Collective Bargaining For Counties,1,1,1,1,1,S,1,0
SB22-0231,2021_2022,2022-RS,p. lee,Programs To Develop Housing Support Services,1,1,0,0,0,S,0,0
SB22-0232,2021_2022,2022-RS,j. bridges,Creation Of Colorado Workforce Housing Trust Authority,1,1,1,1,1,S,0,0
SB22-0233,2021_2022,2022-RS,n. hinrichsen,TABOR Refund Mechanism For FY 2021-22 Only,1,1,1,1,1,S,1,0
SB22-0234,2021_2022,2022-RS,c. hansen,Unemployment Compensation,1,1,1,1,1,S,0,0
SB22-0235,2021_2022,2022-RS,b. rankin,County Administration Of Public Assistance Programs,1,1,1,1,1,S,0,0
SB22-0236,2021_2022,2022-RS,c. hansen,Review Of Medicaid Provider Rates,1,1,1,1,1,S,0,0
SB22-0237,2021_2022,2022-RS,s. fenberg,Ballot Measure Campaign Finance,1,1,1,1,1,S,1,0
SB22-0238,2021_2022,2022-RS,c. hansen,2023 And 2024 Property Tax,1,1,1,1,1,S,0,0
SB22-0239,2021_2022,2022-RS,d. moreno,Buildings In The Capitol Complex,1,1,1,1,1,S,0,0
